inventory_part_number,conversion_code,quantity
0001-015,ELEO1,1
0001-016,LINER,1
0001-017,LINER,1
0001-018,LINER,1
0001-019,LINER,1
0001-020,LINER,1
0001-021,LINER,1
0001-022,LINER,1
0001-023,LINER,1
0001-4,VALCON,1
0001-500,PLUG,1
0001-501,ANEM1,1
0001-614,COLOR,1
0001-701,ARTE,1
0001-801,ARTE,1
0002-10,SWING,1
0002-20,SWING,1
0002-41,FITTING,1
0002-41,IRRBID,1
0002-42,FITTING,1
0002-42,IRRBID,1
0002-43,FITTING,1
0002-43,IRRBID,1
0002-44,FITTING,1
0002-44,IRRBID,1
0002-45,FITTING,1
0002-45,IRRBID,1
0002-46,FITTING,1
0003-415,ARAU15,1
0004-1,SUPERIOR,1
0004-105,ARAL5,1
0004-115,ARAL15,1
0007-1,PP80,1
0007-1,SLV,1
0008-1,PP80,1
0009-1,PP80,1
001-013,LINER,1
001-015,LINER,1
0015-115,CERC15,1
0015-15,SAMB15,1
0015-20,SAMB15,1
0042-1,GFIT,1
0043-1,GFIT,1
0044-1,GFIT,1
0049-1,LAVA1,1
0049-2,LAVA5,1
0049-21,LAVA5,1
0049-25,LAVA5,1
0049-3,LAVA5,1
0049-5,LAVA5,1
0054-505,ANEM5,1
0054-515,AMPE15,1
0100-502,ARCT2,1
0101-501,CV,1
0101-501,CYRT1,1
0101-504,GC,1
0101-505,CYRT5,1
0101-605,CYRT5,1
0102-001,CUPH1,1
0102-005,CUPH5,1
0102-101,CUPH1,1
0102-105,CUPH5,1
0102-201,CUPH1,1
0102-205,CUPH5,1
0102-301,CUPH1,1
0102-305,CUPH5,1
0102-401,CUPH1,1
0102-501,CUPH1,1
0102-503,CUPH1,1
0102-504,CUPH,1
0102-504,CUPH5,1
0102-505,CUPH5,1
0102-601,CUPH1,1
0102-605,CUPH5,1
0102-701,CUPH1,1
0102-705,CUPH5,1
0102-801,CUPH1,1
0103-501,ANTH1,1
0103-516,D-40,1
0103-516,LINER,1
0104-101,ANTH1,1
0104-105,ANTH5,1
0104-201,ANTH1,1
0104-301,ANTI1,1
0104-301,LSBID,1
0104-305,ANTI5,1
0104-401,HELI1,1
0104-404,LINER,1
0104-405,HELI1,1
0104-501,HELI1,1
0104-504,LINER,1
0104-505,HELI5,1
0104-601,HELI1,1
0104-605,HELI5,1
0104-701,HELI1,1
0104-705,HELI5,1
0104-801,HELI1,1
0104-805,HELI5,1
0104-905,HELI5,1
0105-501,STIP1,1
0106-101,TULB1,1
0106-401,TULB1,1
0106-501,TULB1,1
0106-505,TULB5,1
0106-515,TULB,1
0106-515,TULB15,1
0106-601,TULB1,1
0106-605,TULB5,1
0106-705,TULB5,1
0106-805,TULB5,1
0107-501,ROSM1,1
0107-505,TULB5,1
0107-605,TULB5,1
0112-005,ABEL5,1
0112-105,ABEL5,1
0112-215,ABEL15,1
0112-315,ABEL15,1
0112-405,ABEL5,1
0112-501,ABEL,1
0112-501,ABEL1,1
0112-505,ABEL5,1
0112-515,ABEL,1
0112-515,ABEL15,1
0112-601,ABEL1,1
0112-605,ABEL5,1
0112-615,ABEL15,1
0112-705,ABEL5,1
0112-805,ABEL5,1
0113-105,ABEL5,1
0113-205,ABEL5,1
0113-501,ABEL,1
0113-501,ABEL1,1
0113-502,ABEL,1
0113-502,ABEL5,1
0113-601,ABEL1,1
0200-501,ACAC1,1
0200-505,ACAC5,1
0200-601,ACAC1,1
0200-905,ACAC5,1
0201-001,GC,1
0201-105,ACAC5,1
0201-124,ACAC24,1
0201-148,ACAC48,1
0201-205,ACAC5,1
0201-215,ACAC15,1
0201-224,ACAC24,1
0201-236,ACAC36,1
0201-248,ACAC48,1
0201-305,ACAC5,1
0201-324,ACAC24,1
0201-336,ACAC36,1
0201-401,ACAC1,1
0201-405,ACAC5,1
0201-415,ACAC15,1
0201-424,ACAC24,1
0201-436,ACAC36,1
0201-501,ACAC1,1
0201-505,ACAC5,1
0201-515,ACAC15,1
0201-516,ACAC15,1
0201-517,ACAC5,1
0201-524,ACAC24,1
0201-536,ACAC36,1
0201-605,ACAC5,1
0201-615,ACAC15,1
0201-624,ACAC24,1
0201-636,ACAC36,1
0201-701,ACAC1,1
0201-705,ACAC5,1
0201-715,ACAC15,1
0201-724,ACAC24,1
0201-736,ACAC36,1
0201-801,ACAC1,1
0201-805,ACAC5,1
0201-815,ACAC15,1
0201-824,ACAC24,1
0201-836,ACAC36,1
0201-905,ACAC5,1
0201-915,ACAC15,1
0201-924,ACAC24,1
0201-936,ACAC36,1
0202-005,ACAC5,1
0202-036,ACAC36,1
0202-101,ACAC1,1
0202-124,ACAC24,1
0202-136,ACAC36,1
0202-224,ACAC24,1
0202-236,ACAC36,1
0202-324,ACAC24,1
0202-336,ACAC36,1
0202-424,ACAC24,1
0202-501,LINER,1
0202-601,ACAC1,1
0203-201,ADIA1,1
0203-501,ACAC1,1
0203-505,ACAC5,1
0203-515,ACAC15,1
0203-555,ADEN5,1
0204-001,BULB1,1
0204-005,BULB5,1
0204-101,BULB1,1
0204-105,BULB5,1
0204-201,BULB1,1
0204-205,BULB5,1
0204-301,BULB1,1
0204-305,BULB5,1
0204-401,BULB1,1
0205-015,ACAN15,1
0205-501,ACAN1,1
0205-505,ACAN5,1
0205-515,ACAN15,1
0207-001,ACHI1,1
0210-115,ACER15,1
0210-124,ACER24,1
0210-125,ACER24,1
0210-136,ACER36,1
0210-148,ACER48,1
0210-215,ACER15,1
0210-224,ACER24,1
0210-236,ACER36,1
0210-315,ACER15,1
0210-324,ACER24,1
0210-415,ACER15,1
0210-424,ACER24,1
0210-515,ACER15,1
0210-524,ACER24,1
0220-105,ADEN5,1
0220-136,ACOE36,1
0221-101,ACOR1,1
0240-101,AGAP1,1
0240-201,AGAP1,1
0240-205,AGAP5,1
0240-301,AGAP1,1
0240-305,AGAP5,1
0240-401,AGAP1,1
0240-405,AGAP5,1
0240-501,AGAP1,1
0240-505,AGAP5,1
0240-515,AGAP15,1
0240-525,AGAP15,1
0240-601,AGAP1,1
0240-605,AGAP5,1
0240-705,AGAP5,1
0240-801,AGAP1,1
0241-005,AGAP5,1
0241-105,AGAP5,1
0241-205,AGAP5,1
0241-501,AGAP1,1
0241-505,AGAP5,1
0241-515,AGAP5,1
0241-601,AGAP1,1
0242-501,AGAP1,1
0242-505,AGAP5,1
0242-601,AGAP1,1
0243-501,AGAP1,1
0243-505,AGAP5,1
0244-199,LOBE1,1
0244-201,LOBE1,1
0244-301,LOBE1,1
0244-401,AGAP1,1
0244-501,AGAP1,1
0244-505,AGAP5,1
0244-601,AGAP1,1
0244-701,AGAP1,1
0244-705,AGAP5,1
0244-801,AGAP1,1
0244-805,AGAP5,1
0245-501,AGAP1,1
0245-505,AGAP5,1
0246-101,AGAS1,1
0270-115,AGON15,1
0270-124,AGON24,1
0270-136,AGON36,1
0270-160,AGON60,1
0270-215,AGON15,1
0270-224,AGON24,1
0270-236,AGON36,1
0270-248,AGON48,1
0270-260,AGON60,1
0270-315,AGON15,1
0270-324,AGON24,1
0270-336,AGON36,1
0270-348,AGON48,1
0270-424,AGON24,1
0271-748,ACAC48,1
0300-101,ALBI15,1
0300-115,ALBI15,1
0300-124,ALBI24,1
0300-136,ALBI36,1
0300-148,ALBI48,1
0300-160,ALBI60,1
0300-215,ALBI15,1
0300-224,ALBI24,1
0300-230,ALBI30,1
0300-236,ALBI36,1
0300-248,ALBI48,1
0301-124,PYRT24,1
0316-101,ALNU1,1
0318-105,ALNU5,1
0318-115,ALNU15,1
0318-124,ALNU24,1
0318-125,ALNU24,1
0318-130,ALNU30,1
0318-136,ALNU36,1
0318-148,ALNU48,1
0318-160,ALNU60,1
0318-215,ALNU15,1
0318-224,ALNU24,1
0318-236,ALNU36,1
0318-248,ALNU48,1
0318-315,ALNU15,1
0319-001,ALOE1,1
0319-005,ALOE5,1
0319-015,ALOE15,1
0319-101,ALOE1,1
0319-105,ALOE5,1
0319-115,ALOE15,1
0319-124,ALOE24,1
0319-136,ALOE1,1
0319-148,ALOE1,1
0319-201,ALOE1,1
0319-202,ALOE1,1
0319-203,ALOY1,1
0319-205,ALOE5,1
0319-215,ALOE15,1
0319-224,ALOE24,1
0319-301,ALOE1,1
0319-305,ALOE5,1
0319-315,ALOE15,1
0319-324,ALOE24,1
0319-401,ALOE1,1
0319-405,ALOE5,1
0319-415,ALOE15,1
0319-424,ALOE24,1
0319-501,ALOE1,1
0319-505,ALOE5,1
0319-506,ALOE5,1
0319-507,ALOE5,1
0319-508,ALOE1,1
0319-515,ALOE15,1
0319-524,ALOE24,1
0319-555,ALOE5,1
0319-601,ALOE1,1
0319-605,ALOE5,1
0319-612,GC,1
0319-615,ALOE15,1
0319-624,ALOE24,1
0319-661,ALOE1,1
0319-701,ALOE1,1
0319-703,ALOE5,1
0319-704,LINER,1
0319-705,ALOE5,1
0319-715,ALOE15,1
0319-724,ALOE24,1
0319-801,ALOE1,1
0319-805,ALOE5,1
0319-815,ALOE15,1
0319-824,ALOE24,1
0319-901,ALOE1,1
0319-905,ALOE5,1
0319-915,ALOE15,1
0320-130,ALOE36,1
0320-136,ALOE36,1
0320-148,ALOE48,1
0320-172,ALOE72,1
0320-236,ALOE36,1
0320-605,ALPI5,1
0320-715,ALPI15,1
0322-005,DASY5,1
0322-115,DASY15,1
0322-215,DASY15,1
0322-315,DASY15,1
0325-224,LAGE24,1
0326-024,LAGE24,1
0326-105,LAGE5,1
0326-115,LAGE15,1
0326-124,LAGE24,1
0326-215,LAGE15,1
0326-224,LAGE24,1
0326-315,LAGE15,1
0326-324,LAGE24,1
0326-415,LAGE15,1
0326-424,LAGE24,1
0326-515,LAGE15,1
0326-524,LAGE24,1
0326-615,LAGE15,1
0326-624,LAGE24,1
0326-724,LAGE24,1
0326-824,LAGE24,1
0326-836,LAGE36,1
0326-924,LAGE24,1
0328-024,LAGE24,1
0328-124,CORD36,1
0328-224,LAGE24,1
0329-724,LAGE24,1
0329-824,LAGE24,1
0329-924,LAGE24,1
0340-101,ALST5,1
0340-105,ALST5,1
0340-205,ALST5,1
0340-415,ALYO15,1
0340-501,ALYO1,1
0340-505,ALYO5,1
0340-515,ALYO15,1
0340-524,ALYO24,1
0340-605,ALYO5,1
0340-615,ALYO15,1
0341-005,AZAL5,1
0341-105,AZAL5,1
0341-205,AZAL5,1
0341-505,ALYO5,1
0341-615,AZAL5,1
0342-105,CEAS5,1
0350-505,CYAT,1
0350-515,ALSO15,1
0350-515,CYAT,1
0350-515,CYAT15,1
0350-515,SPHA15,1
0350-624,CYAT,1
0351-505,ALSO15,1
0351-505,CYAT,1
0351-505,CYAT15,1
0351-505,SPHA15,1
0370-101,ARBU1,1
0370-105,ARBU5,1
0370-115,ARBU15,1
0370-124,ARBU24,1
0370-136,ARBU36,1
0370-160,ARBU60,1
0370-215,ARBU15,1
0370-224,ARBU24,1
0370-236,ARBU36,1
0370-248,ARBU48,1
0370-260,ARBU60,1
0370-315,ARBU15,1
0370-324,ARBU24,1
0370-336,ARBU36,1
0370-348,ARBU48,1
0370-360,ARBU60,1
0370-415,ARBU15,1
0370-424,ARBU24,1
0370-436,ARBU36,1
0370-448,ARBU48,1
0370-501,ARBU1,1
0370-505,ARBU5,1
0370-515,ARBU15,1
0370-524,ARBU24,1
0370-536,ARBU36,1
0370-615,ARBU15,1
0370-624,ARBU24,1
0370-636,ARBU36,1
0370-705,ARBU5,1
0370-715,ARBU15,1
0370-724,ARBU24,1
0370-736,ARBU36,1
0370-805,ARBU5,1
0370-815,ARBU15,1
0370-824,ARBU24,1
0370-915,ARBU15,1
0370-924,ARBU24,1
0371-336,ARBU1,1
0371-501,ARBU1,1
0371-705,DIPL1,1
0378-148,ARBU48,1
0380-105,ARCH5,1
0380-105,KING,1
0380-105,SEAF5,1
0380-115,ARCH15,1
0380-115,KING,1
0380-124,ARCH24,1
0380-124,KING,1
0380-124,SEAF24,1
0380-136,ARCH36,1
0380-136,KING,1
0380-136,SEAF36,1
0380-148,ARCH48,1
0380-148,KING,1
0380-148,SEAF48,1
0380-205,ARCH5,1
0380-205,KING,1
0380-205,SEAF5,1
0380-215,ARCH15,1
0380-215,KING,1
0380-224,ARCH24,1
0380-224,KING,1
0380-224,SEAF24,1
0380-230,KING,1
0380-236,ARCH36,1
0380-236,KING,1
0380-236,SEAF36,1
0380-248,ARCH48,1
0380-248,KING,1
0380-248,SEAF48,1
0380-314,ARCH,1
0380-314,KING,1
0380-336,ARCH36,1
0384-001,ARCT1,1
0384-101,ARCT1,1
0384-201,ARCT1,1
0384-301,ARCT1,1
0384-405,ARCT5,1
0384-501,ARCH1,1
0384-505,ARCT5,1
0384-605,ARCT5,1
0385-501,ARCT1,1
0385-505,ARCT5,1
0386-101,ARCT1,1
0386-315,ARCT15,1
0386-415,ARCT15,1
0386-501,ARCT1,1
0386-505,ARCT5,1
0386-515,ARCT15,1
0386-605,ARCT5,1
0386-615,ARCT15,1
0386-705,ARCT5,1
0387-000,LINER,1
0387-501,ARCT1,1
0387-502,ARCT1,1
0387-505,ARCT5,1
0387-555,ARCT5,1
0387-565,ARCT5,1
0388-501,ARCT1,1
0388-505,ARCT5,1
0389-105,AGAV5,1
0389-205,AGAV5,1
0389-305,AGAV5,1
0389-405,AGAV5,1
0389-501,ARCT1,1
0389-505,AGAV5,1
0389-605,AGAV5,1
0390-105,AREC5,1
0390-105,COCO5,1
0390-105,COCOS,1
0390-105,QUEEN,1
0390-115,AREC15,1
0390-115,COCOS,1
0390-115,QUEEN,1
0390-118,COCOS,1
0390-124,AREC24,1
0390-124,COCO24,1
0390-124,COCOS,1
0390-124,QUEEN,1
0390-130,COCOS,1
0390-130,QUEEN,1
0390-136,AREC36,1
0390-136,COCO36,1
0390-136,COCOS,1
0390-136,QUEEN,1
0390-142,AREC48,1
0390-142,COCOS,1
0390-142,QUEEN,1
0390-146,COCO60,1
0390-146,COCOS,1
0390-146,QUEEN,1
0390-148,AREC48,1
0390-148,COCO48,1
0390-148,COCOS,1
0390-148,QUEEN,1
0390-160,COCO60,1
0390-160,COCOS,1
0390-160,QUEEN,1
0390-205,AREC5,1
0390-205,COCO5,1
0390-205,COCOS,1
0390-205,QUEEN,1
0390-215,AREC15,1
0390-215,COCOS,1
0390-215,QUEEN,1
0390-224,AREC24,1
0390-224,COCO24,1
0390-224,COCOS,1
0390-224,QUEEN,1
0390-236,AREC36,1
0390-236,COCO36,1
0390-236,COCOS,1
0390-236,QUEEN,1
0390-248,AREC48,1
0390-248,COCO48,1
0390-248,COCOS,1
0390-248,QUEEN,1
0390-300,AREC36,1
0390-300,COCO36,1
0390-300,COCOS,1
0390-300,QUEEN,1
0390-305,AREC36,1
0390-305,COCOS,1
0390-305,QUEEN,1
0390-310,AREC48,1
0390-310,COCOS,1
0390-310,QUEEN,1
0390-320,AREC36,1
0390-320,COCOS,1
0390-320,QUEEN,1
0390-325,AREC48,1
0390-325,COCOS,1
0390-325,QUEEN,1
0390-330,AREC48,1
0390-330,COCOS,1
0390-330,QUEEN,1
0390-331,AREC48,1
0390-331,COCOS,1
0390-331,QUEEN,1
0390-332,AREC48,1
0390-332,COCOS,1
0390-332,QUEEN,1
0390-333,COCOS,1
0390-333,QUEEN,1
0390-334,AREC48,1
0390-334,COCOS,1
0390-334,QUEEN,1
0390-335,AREC48,1
0390-335,COCOS,1
0390-335,QUEEN,1
0390-336,AREC36,1
0390-336,COCO36,1
0390-336,QUEEN,1
0390-501,ARCT1,1
0391-001,AGAV1,1
0391-005,AGAV5,1
0391-024,ALOE24,1
0391-025,AGAV5,1
0391-101,AGAV1,1
0391-105,AGAV5,1
0391-115,AGAV15,1
0391-201,AGAV1,1
0391-205,AGAV5,1
0391-215,AGAV15,1
0391-224,ALOE24,1
0391-225,ALOE24,1
0391-301,AGAV1,1
0391-305,AGAV5,1
0391-315,AGAV15,1
0391-320,ALOE24,1
0391-401,AGAV1,1
0391-405,AGAV5,1
0391-415,AGAV15,1
0391-420,ALOE24,1
0391-424,AGAV24,1
0391-501,AGAV1,1
0391-505,AGAV5,1
0391-515,AGAV15,1
0391-524,AGAV24,1
0391-601,AGAV1,1
0391-605,AGAV5,1
0391-607,AGAV5,1
0391-615,AGAV15,1
0391-624,AGAV24,1
0391-701,AGAV1,1
0391-705,AGAV5,1
0391-715,AGAV15,1
0391-724,AGAV24,1
0391-801,AGAV1,1
0391-805,AGAV5,1
0391-815,AGAV15,1
0391-824,AGAV24,1
0391-901,AGAV1,1
0391-905,AGAV5,1
0391-915,AGAV15,1
0391-924,ALOE24,1
0392-001,AGAV1,1
0392-005,AGAV5,1
0392-015,AGAV15,1
0392-024,AGAV24,1
0392-101,AGAV1,1
0392-105,AGAV5,1
0392-115,AGAV15,1
0392-124,AGAV24,1
0392-201,AGAV1,1
0392-205,AGAV5,1
0392-215,AGAV15,1
0392-224,AGAV24,1
0392-225,AGAV5,1
0392-285,AGAV5,1
0392-301,AGAV1,1
0392-305,AGAV5,1
0392-315,AGAV15,1
0392-324,AGAV24,1
0392-405,AGAV5,1
0392-415,AGAV15,1
0392-424,AGAV24,1
0392-501,ARCT1,1
0392-505,AGAV5,1
0392-515,AGAV15,1
0392-524,AGAV24,1
0392-605,ARCT5,1
0392-615,AGAV15,1
0392-624,AGAV24,1
0392-705,AGAV5,1
0392-715,AGAV15,1
0392-724,AGAV24,1
0392-805,AGAV5,1
0392-815,AGAV15,1
0392-905,AGAV5,1
0392-910,AGAV15,1
0392-915,AGAV15,1
0392-995,AGAV15,1
0393-001,AEON1,1
0393-002,AGAV5,1
0393-004,LINER,1
0393-005,AGAV5,1
0393-015,AGAV15,1
0393-105,AGAV5,1
0393-115,AGAV15,1
0393-205,AGAV5,1
0393-215,AGAV15,1
0393-225,AGAV15,1
0393-235,AGAV5,1
0393-245,AGAV5,1
0393-255,AGAV5,1
0393-265,AGAV5,1
0393-275,AGAV5,1
0393-285,AGAV5,1
0393-305,AGAV5,1
0393-315,AGAV15,1
0393-405,AGAV5,1
0393-415,AGAV15,1
0393-505,AEON5,1
0393-515,AEON5,1
0393-605,AEON5,1
0393-615,AGAV15,1
0393-655,AGAV5,1
0393-705,AEON5,1
0393-715,AGAV15,1
0393-755,AGAV5,1
0393-805,AEON5,1
0393-815,AGAV15,1
0393-855,AGAV5,1
0393-905,AEON5,1
0393-915,AGAV15,1
0393-955,AGAV5,1
0394-005,AGAV5,1
0394-015,AGAV15,1
0394-101,AEON1,1
0394-105,AEON5,1
0394-115,AGAV15,1
0394-205,AEON5,1
0394-215,AGAV15,1
0394-305,AEON5,1
0394-315,AGAV15,1
0394-405,AEON5,1
0394-505,AEON5,1
0394-601,AEON1,1
0394-605,AEON5,1
0394-705,AEON5,1
0394-805,AEON5,1
0394-905,AEON5,1
0395-001,ANIG1,1
0395-005,ANIG5,1
0395-101,ANIG1,1
0395-104,LINER,1
0395-105,ANIG5,1
0395-106,LINER,1
0395-111,ANIG1,1
0395-201,ANIG1,1
0395-205,ANIG5,1
0395-215,ANIG15,1
0395-301,ANIG1,1
0395-305,ANIG5,1
0395-311,ANIG5,1
0395-315,ANIG15,1
0395-401,ANIG1,1
0395-405,ANIG5,1
0395-415,ANIG15,1
0395-501,ANIG1,1
0395-505,ANIG5,1
0395-515,ANIG15,1
0395-555,ANIG5,1
0395-601,ANIG1,1
0395-605,ANIG5,1
0395-615,ANIG15,1
0395-701,ANIG1,1
0395-705,ANIG5,1
0395-715,ANIG15,1
0395-801,ANIG1,1
0395-805,ANIG5,1
0395-815,ANIG15,1
0395-901,ANIG1,1
0395-905,ANIG5,1
0396-001,ANIG1,1
0396-005,ANIG5,1
0396-101,ANIG1,1
0396-105,ANIG5,1
0396-201,ANIG1,1
0396-205,ANIG5,1
0396-301,ANIG1,1
0396-305,ANIG5,1
0396-401,ANIG1,1
0396-405,ANIG5,1
0396-501,ANIG1,1
0396-505,ANIG5,1
0396-601,ANIG1,1
0396-605,ANIG5,1
0396-705,ANIG5,1
0396-805,ANIG5,1
0396-905,ANIG5,1
0397-001,ANIG1,1
0397-005,ANIG5,1
0397-101,ANIG1,1
0397-105,ANIG5,1
0397-201,ANIG1,1
0397-205,ANIG5,1
0397-305,ANIG5,1
0397-405,ANIG5,1
0397-505,ANIG5,1
0397-601,ANIG1,1
0397-605,ANIG5,1
0397-701,ANIG1,1
0397-705,ANIG5,1
0397-801,ANIG1,1
0397-805,ANIG5,1
0398-505,ANIG5,1
0398-705,ANIG5,1
0398-801,ANIG1,1
0398-805,ANIG5,1
0398-905,ANIG5,1
0399-105,ANIG5,1
0399-205,ANIG5,1
0400-501,ARME1,1
0401-005,AEON5,1
0401-105,AEON5,1
0402-005,AGAV5,1
0402-105,AGAV5,1
0410-501,ASPI1,1
0410-505,ASPI5,1
0410-515,ASPI15,1
0410-601,ASPI1,1
0420-505,AUCU1,1
0420-515,AUCU5,1
0421-405,AUCU5,1
0421-501,AUCU1,1
0421-505,AUCU5,1
0421-515,AUCU15,1
0421-605,AUCU5,1
0422-505,AUCU5,1
0422-515,AUCU15,1
0425-501,AZAL1,1
0425-505,AZAL5,1
0425-507,AZAL7,1
0425-515,AZAL15,1
0425-601,AZAL1,1
0425-605,AZAL5,1
0425-615,AZAL15,1
0425-705,AZAL5,1
0425-715,AZAL15,1
0426-315,AZAL15,1
0426-415,AZAL15,1
0426-501,AZAL1,1
0426-505,AZAL5,1
0426-507,AZAL7,1
0426-515,AZAL15,1
0426-516,AZAL15,1
0426-605,AZAL5,1
0426-615,AZAL15,1
0426-715,AZAL15,1
0426-801,AZAL1,1
0426-815,AZAL15,1
0427-501,AZAL1,1
0427-505,AZAL5,1
0427-507,AZAL7,1
0427-515,AZAL15,1
0427-555,AZAL1,1
0427-560,AZAL5,1
0427-605,AZAL5,1
0427-615,AZAL15,1
0427-705,AZAL5,1
0427-724,AZAL24,1
0428-501,AZAL1,1
0428-505,AZAL5,1
0428-507,AZAL7,1
0428-515,AZAL15,1
0429-501,AZAL1,1
0429-505,AZAL5,1
0429-507,AZAL7,1
0429-515,AZAL15,1
0429-615,AZAL5,1
0429-815,AZAL15,1
0429-915,AZAL5,1
0430-501,AZAL1,1
0430-505,AZAL5,1
0430-507,AZAL7,1
0430-515,AZAL15,1
0431-015,AZAL15,1
0431-105,AZAL5,1
0431-215,AZAL15,1
0431-305,AZAL5,1
0431-405,AZAL5,1
0431-501,AZAL1,1
0431-505,AZAL5,1
0431-507,AZAL7,1
0431-515,AZAL15,1
0431-605,AZAL5,1
0431-705,AZAL5,1
0431-707,AZAL7,1
0431-715,AZAL15,1
0431-805,AZAL5,1
0431-815,AZAL5,1
0431-905,AZAL5,1
0431-915,AZAL15,1
0432-505,AZAL5,1
0432-507,AZAL7,1
0432-515,AZAL15,1
0432-605,AZAL5,1
0432-915,AZAL15,1
0434-104,LINER,1
0435-105,AZAL5,1
0435-205,AZAL5,1
0436-501,AZAL1,1
0436-505,AZAL5,1
0437-505,AZAL5,1
0437-515,AZAL15,1
0438-505,AZAL5,1
0438-507,AZAL7,1
0438-605,AZAL5,1
0438-607,AZAL7,1
0438-815,AZAL15,1
0439-001,BACO1,1
0440-000,GC,1
0440-000,LINER,1
0440-000,PLUG,1
0440-001,LINER,1
0440-001,PLUG,1
0440-002,KOEL1,1
0440-003,LINER,1
0440-004,LINER,1
0440-005,PLUG,1
0440-006,PLUG,1
0440-104,COLOR,1
0440-201,LINER,1
0440-201,PLUG,1
0440-204,LINER,1
0440-205,GC,1
0440-214,LINER,1
0440-301,BACC1,1
0440-401,BACC1,1
0440-405,BACC5,1
0440-501,BACC1,1
0440-505,BACC5,1
0440-601,BACC1,1
0440-605,BACC5,1
0440-701,BACC1,1
0440-705,BACC5,1
0440-801,GC,1
0440-801,LINER,1
0440-822,GC,1
0440-823,AC,1
0440-823,GC,1
0440-824,GC,1
0440-901,BACC1,1
0440-905,BACC5,1
0441-001,SALI1,1
0441-005,BACC5,1
0441-101,BACC1,1
0441-105,BACC5,1
0441-111,LINER,1
0441-201,BACC1,1
0441-301,BACC1,1
0441-501,BACC1,1
0441-502,LINER,1
0441-503,SALI1,1
0441-504,BACC1,1
0441-505,BACC1,1
0441-506,BACC1,1
0441-601,BACC1,1
0441-705,BACC5,1
0445-001,BALL1,1
0445-002,BALL1,1
0445-024,BAMB24,1
0445-101,1812,1
0445-101,DAPH1,1
0445-105,BAMB5,1
0445-120,BAMB24,1
0445-124,BAMB24,1
0445-136,BAMB,1
0445-136,BAMB36,1
0445-201,1812,1
0445-201,SAXI1,1
0445-205,BAMB5,1
0445-220,BAMB24,1
0445-224,BAMB24,1
0445-236,BAMB,1
0445-239,PHYL15,1
0445-505,BAMB,1
0445-505,BAMB5,1
0445-515,BAMB15,1
0445-524,BAMB24,1
0445-615,BAMB15,1
0445-616,BAMB15,1
0445-624,BAMB24,1
0445-715,BAMB,1
0445-724,BAMB24,1
0445-824,BAMB24,1
0445-915,BAMB15,1
0500-501,BEGO1,1
0500-505,BEGO5,1
050-120BL,IRRBID,1
0501-501,BEGO1,1
0501-505,BEGO5,1
050-160BL,NIPPLE,1
0501-701,BEGO1,1
0501-801,BEGO1,1
0510-105,BERB5,1
0510-205,BERB5,1
0510-401,BERB1,1
0510-415,berb15,1
0510-501,BERB1,1
0510-505,BERB5,1
0510-515,BERB15,1
0510-601,BERB1,1
0510-615,BERB15,1
0510-701,BERB1,1
0511-505,BERB5,1
0511-605,BERB5,1
0511-705,BERB5,1
0511-715,BERB15,1
0511-805,BERB5,1
0519-100,LSBID,1
0519-100,LSSTOCK,1
0520-001,BERG1,1
0520-501,BERG1,1
0520-502,BERG1,1
0520-505,BERG1,1
0521-505,AZAL5,1
054-601,AMPE1,1
054-605,AMPE5,1
0630-115,BAUH15,1
0630-124,BAUH24,1
0630-136,BAUH36,1
0630-148,BAUH48,1
0630-224,BAUH24,1
0630-236,BAUH36,1
0630-248,BAUH48,1
0630-324,BAUH24,1
0631-115,BAUH15,1
0633-136,BAUH36,1
0633-236,BAUH36,1
0634-115,BAUH15,1
0634-124,BAUH24,1
0634-136,BAUH36,1
0634-148,BAUH48,1
0634-236,BAUH36,1
0634-248,BAUH48,1
0636-120,BEAU,1
0636-515,BEAU,1
0636-524,BEAU,1
0636-536,BEAU,1
0636-545,BEAU,1
0647-801,LINER,1
0704-815,BOUG15,1
0728-205,LSBID,1
0728-215,LSBID,1
0730-024,BETU24,1
0730-115,BETU15,1
0730-124,BETU24,1
0730-130,BETU30,1
0730-215,BETU15,1
0730-224,BETU24,1
0730-230,BETU30,1
0730-236,BETU36,1
0730-237,BETU36,1
0730-248,BETU48,1
0730-315,BETU15,1
0730-324,BETU24,1
0730-336,BETU36,1
0730-424,BETU24,1
0730-436,BETU36,1
0735-101,BOUG1,1
0740-015,BOUG15,1
0740-101,BOUG1,1
0740-201,BOUG1,1
0740-215,BOUG15,1
0740-301,BOUG1,1
0740-315,BOUG15,1
0740-415,BOUG15,1
0740-501,BOUG1,1
0740-505,BOUG5,1
0740-515,BOUG15,1
0740-605,BOUG5,1
0740-615,BOUG15,1
0740-705,BOUG5,1
0740-715,BOUG15,1
0740-805,BOUG5,1
0740-915,BOUG15,1
0741-115,BOUG15,1
0741-215,BOUG15,1
0741-315,BOUG15,1
0741-501,BOUG1,1
0741-505,BOUG5,1
0741-515,BOUG15,1
0741-605,BOUG5,1
0741-615,BOUG15,1
0741-715,BOUG15,1
0742-005,BOUG5,1
0742-105,BOUG5,1
0742-111,BOUG15,1
0742-305,BOUG5,1
0742-401,BOUG1,1
0742-405,BOUG5,1
0742-501,BOUG1,1
0742-505,BOUG5,1
0742-515,BOUG15,1
0742-555,BOUG5,1
0742-604,BOUG5,1
0742-605,BOUG5,1
0742-615,BOUG15,1
0742-705,BOUG5,1
0742-715,BOUG15,1
0742-805,BOUG5,1
0742-815,BOUG15,1
0742-905,BOUG5,1
0743-005,BOUG5,1
0743-105,BOUG5,1
0743-115,BOUG15,1
0743-205,BOUG5,1
0743-305,BOUG5,1
0743-405,BOUG5,1
0743-415,BOUG15,1
0743-501,BOUG1,1
0743-505,BOUG5,1
0743-515,BOUG15,1
0743-601,BOUG1,1
0743-605,BOUG5,1
0743-705,BOUG5,1
0743-805,BOUG5,1
0743-915,BOUG15,1
0744-115,PASS15,1
0744-215,PASS15,1
0744-405,BOUG5,1
0744-501,BOUG1,1
0744-505,BOUG5,1
0744-515,BOUG15,1
0744-605,BOUG5,1
0744-615,BOUG15,1
0745-415,CLYT15,1
0745-501,BOUG1,1
0745-505,BOUG5,1
0745-601,BOUG1,1
0745-701,BOUG1,1
0745-715,BOUG15,1
0745-815,BOUG15,1
0745-915,BOUG15,1
0746-015,BOUG15,1
0746-115,BOUG15,1
0746-501,BOUG1,1
0746-505,BOUG5,1
0746-515,BOUG15,1
0746-601,BOUG1,1
0746-615,BOUG15,1
0746-705,BOUG5,1
0747-115,PODR15,1
0747-215,PAND15,1
0747-405,PAND5,1
0747-415,PAND15,1
0747-501,BOUG1,1
0747-505,BOUG5,1
0747-515,BOUG15,1
0747-545,PAND5,1
0747-601,BOUG1,1
0747-715,BOUG15,1
0748-302,BOUG5,1
0748-355,BOUG5,1
0748-501,BOUG1,1
0748-505,BOUG5,1
0748-515,DIST15,1
0748-555,BOUG5,1
0748-605,BOUG5,1
0748-705,BOUG5,1
0748-805,BOUG5,1
0748-901,BOUG1,1
0748-902,BOUG5,1
0748-903,BOUG15,1
0748-905,BOUG5,1
0748-995,BOUG5,1
0749-001,BEGO1,1
0749-050,BOUG5,1
0749-105,BOUG5,1
0749-201,BOUT1,1
0749-301,BOUT1,1
0749-401,BOUT1,1
0749-505,BOUG5,1
0749-515,BOUG15,1
0749-605,BOUG5,1
0749-615,BOUG15,1
0749-705,BOUG5,1
0749-715,BOUG15,1
0749-805,BOUG5,1
0749-815,CARI15,1
0749-905,BOUT5,1
0749-915,BOUT5,1
0750-015,BOUG15,1
075-040BS,BRASS2,1
075-120BS,BRASS2,1
0751-501,BOUG1,1
0751-505,BOUG5,1
075-180BS,BRASS2,1
0752-205,BOUG5,1
075-2300,FITTING,1
0752-305,BOUG5,1
075-240BS,BRASS2,1
0752-505,BOUG5,1
0752-515,BOUG15,1
0752-615,BOUG15,1
075-360BS,BRASS2,1
0755-105,BOUG5,1
0755-115,BOUG15,1
0755-205,BOUG5,1
0755-215,BOUG15,1
0755-305,BOUG5,1
0755-315,BOUG15,1
0755-415,BOUG15,1
0755-505,BOUG5,1
0755-605,BOUG5,1
0850-115,BRAC15,1
0850-124,BRAC24,1
0850-130,BRAC36,1
0850-136,BRAC36,1
0850-148,BRAC48,1
0850-224,BRAC24,1
0850-225,BRAC15,1
0850-236,BRAC36,1
0850-248,BRAC48,1
0850-324,BRAC24,1
0850-336,BRAC36,1
0850-348,BRAC48,1
0851-115,BRAC15,1
0851-124,BRAC24,1
0851-136,BRAC36,1
0851-224,BRAC24,1
0851-324,BRAC24,1
0860-101,BROM5,1
0860-105,BROM5,1
0860-108,BRAH36,1
0860-110,BRAH36,1
0860-115,BROM15,1
0860-124,BRAH36,1
0860-136,BRAH36,1
0862-111,BRAH36,1
0862-112,BRAH36,1
0862-113,BRAH36,1
0862-114,BRAH36,1
0863-205,LSBID,1
0880-015,BRUG15,1
0881-005,BUDD5,1
0881-105,BUDD5,1
0881-205,BUDD5,1
0881-305,BUDD5,1
0881-405,BUDD5,1
0881-501,1812,1
0881-501,BUDD1,1
0881-505,BUDD5,1
0881-605,BUDD5,1
0881-705,BUDD5,1
0881-805,BUDD5,1
0889-100,DRAIN,1
0889-100,IRRBID,1
0890-036,BUTI60,1
0890-160,BUTI60,1
0896-105,BUXU5,1
0896-124,BUXU24,1
0896-205,BUXU5,1
0896-224,BUXU24,1
0896-305,BUXU5,1
0896-315,BUXU15,1
0896-324,BUXU24,1
0896-405,BUXU5,1
0896-415,BUXU15,1
0896-501,BUXU1,1
0896-505,BUXU5,1
0896-515,BUXU15,1
0896-601,BUXU1,1
0896-605,BUXU5,1
0896-615,BUXU15,1
0896-701,BUXU1,1
0896-705,BUXU5,1
0896-715,BUXU15,1
0896-720,BUXU15,1
0896-801,BUXU1,1
0896-805,BUXU5,1
0896-815,BUXU15,1
0896-901,BUXU1,1
0896-905,BUXU5,1
0896-924,BUXU24,1
0897-005,BUXU5,1
0897-015,BUXU15,1
0897-115,BUXU15,1
0897-215,BUXU15,1
0897-315,BUXU15,1
0897-415,BUXU15,1
0897-501,BUXU1,1
0897-505,BUXU5,1
0897-515,BUXU15,1
0897-601,BUXU1,1
0897-605,BUXU5,1
0897-615,BUXU15,1
0897-715,BUXU15,1
0898-505,BUXU5,1
0898-605,BUXU5,1
0899-505,BUXU5,1
0919-005,CALA1,1
0919-015,CALA15,1
0919-101,CALA1,1
0919-104,LINER,1
0919-105,CALA5,1
0919-201,CALA1,1
0919-205,CALA5,1
0919-215,CALA15,1
0919-301,CALA1,1
0919-305,CALA5,1
0919-401,CALA1,1
0919-505,CALA5,1
0920-001,CALL1,1
0920-015,CALL15,1
0920-115,CALL15,1
0920-215,CALL15,1
0920-315,CALL15,1
0920-415,CALL15,1
0920-501,CALL1,1
0920-505,CALL5,1
0920-515,CALL15,1
0920-605,CALL5,1
0920-905,CALL5,1
0921-501,CALL1,1
0921-505,CALL5,1
0921-515,CALL15,1
0921-915,CALL15,1
0922-050,CALL1,1
0922-501,CALL5,1
0922-515,CALL15,1
0922-615,CALL15,1
0922-915,CALL5,1
0923-001,CALL1,1
0923-050,CALL1,1
0925-505,CALL5,1
0925-515,CALL15,1
0925-605,CALL5,1
0926-105,CALL5,1
0926-115,CALL15,1
0926-124,CALL24,1
0926-205,CALL5,1
0927-124,CALL24,1
0927-415,CALL15,1
0927-505,CALL5,1
0927-515,CALL15,1
0927-524,CALL24,1
0927-605,CALL5,1
0927-615,CALL15,1
0927-705,CALL5,1
0927-715,CALL15,1
0927-815,CALL15,1
0927-915,CALL15,1
0928-101,CALL1,1
0928-105,CALL5,1
0928-136,CALL36,1
0928-236,CALL36,1
0928-336,CALL36,1
0940-005,CAME5,1
0940-015,CAME15,1
0940-105,CAME5,1
0940-115,CAME15,1
0940-205,CAME5,1
0940-215,CAME15,1
0940-305,CAME5,1
0940-315,CAME15,1
0940-324,CAME15,1
0940-405,CAME5,1
0940-415,CAME15,1
0940-501,CAME1,1
0940-505,CAME,1
0940-505,CAME5,1
0940-515,CAME,1
0940-515,CAME15,1
0940-605,CAME5,1
0940-615,CAME15,1
0940-705,CAME5,1
0940-715,CAME,1
0940-801,CAME5,1
0940-805,CAME5,1
0940-905,CAME5,1
0940-915,CAME15,1
0941-105,CAME,1
0941-105,CAME5,1
0941-115,CAME15,1
0941-205,CAME5,1
0941-215,CAME15,1
0941-501,CAME,1
0941-501,CAME1,1
0941-505,CAME,1
0941-505,CAME5,1
0941-515,CAME,1
0941-515,CAME15,1
0941-555,CAME15,1
0941-605,CAME5,1
0941-615,CAME15,1
0941-705,CAME5,1
0942-215,CAME15,1
0942-315,CAME15,1
0942-505,CAME,1
0942-505,CAME5,1
0942-515,CAME,1
0942-515,CAME15,1
0942-605,CAME5,1
0942-615,CAME15,1
0943-505,CAME,1
0943-505,CAME5,1
0943-515,CAME,1
0943-515,CAME15,1
0943-615,CAME15,1
0943-815,CAME15,1
0943-915,CAME15,1
0944-015,CAME15,1
0944-515,CAME,1
0944-515,CAME15,1
0944-615,CAME15,1
0944-619,CAME15,1
0945-505,CAME,1
0945-505,CAME5,1
0945-515,CAME15,1
0945-524,CAME,1
0946-505,CAME,1
0946-505,CAME5,1
0946-515,CAME,1
0946-515,CAME15,1
0946-615,CAME15,1
0947-001,CARE1,1
0947-101,CARE1,1
0947-105,CARE5,1
0947-111,CARE1,1
0947-115,1804,1
0947-115,CARE15,1
0947-201,CARE1,1
0947-205,CARE5,1
0947-215,CARE15,1
0947-301,CARE1,1
0947-305,CARE5,1
0947-401,CARE1,1
0947-403,CARE5,1
0947-405,CARE5,1
0947-501,CARE1,1
0947-505,CARE5,1
0947-601,CARE1,1
0947-605,CARE5,1
0947-701,CARE1,1
0947-705,CARE5,1
0947-801,CARE1,1
0947-805,CARE5,1
0947-901,CARE1,1
0948-001,CARE1,1
0948-002,LINER,1
0948-101,CARE1,1
0948-201,CARE1,1
0948-301,CARE1,1
0948-401,CARE1,1
0948-501,CARE1,1
0948-515,CAME,1
0948-515,CAME15,1
0948-601,CARE1,1
0948-615,CAME15,1
0949-505,CAME,1
0949-505,CAME5,1
0949-515,CAME,1
0949-515,CAME15,1
0949-615,CAME15,1
0949-705,CAME5,1
0949-715,CAME15,1
0950-415,CAME15,1
0950-501,CAMP1,1
0950-505,CAME,1
0950-505,CAME5,1
0950-511,CAMP1,1
0950-515,CAME,1
0950-515,CAME15,1
0950-520,CAMP5,1
0950-530,CAMP5,1
0950-605,CAME5,1
0950-615,CAME15,1
0950-705,CAMP5,1
0950-805,CAME5,1
0950-815,CAME15,1
0950-915,CAME15,1
1000000,MISC,1
1000-099,IRRBID,1
1000-100,JOB,1
1000-101,ARIA1,1
1000-101,ARIS1,1
1000-102,LINER,1
1000-115,CANN15,1
1000-200,LSBID,1
1000-200,LSSTOCK,1
1000-200,POT,1
1000-201,ARIS1,1
1000-215,CANN15,1
1000-300,MISC,1
1000-302,DRAIN,1
1000-315,CANN15,1
100-040BS,BRASS2,1
1000-501,CANN1,1
1000-505,CANN5,1
1000-605,CANN5,1
100-060BS,BRASS2,1
1001-101,CANN1,1
1001-105,CANN5,1
1001-106,CANN5,1
1001-205,CANN5,1
100-120BS,BRASS2,1
1001-301,ARTE,1
1001-305,CANN5,1
1001-405,CANN5,1
1001-501,ARTE,1
1001-504,LINER,1
1001-505,ARTE5,1
1001-507,MENT1,1
1001-508,ARTE5,1
1001-605,ARTE5,1
1001-701,MENT1,1
1001-705,ARTE5,1
1002-004,GC,1
100-201,BLOCK,1
100-201,IRRBID,1
1002-101,ERIO1,1
1002-105,CANN5,1
1002-205,PETR5,1
100-240BS,BRASS2,1
1002-505,ARTE,1
1002-505,ARTE5,1
100-300,NIPPLE,1
1003-001,ERIO1,1
100-300BS,BRASS2,1
1003-101,ERIO1,1
1003-201,ERIO1,1
1003-301,ERIO1,1
1003-401,ERIO1,1
1003-501,ERIO1,1
100-360BS,BRASS2,1
10049-3,ISOC1,1
10-1020,R1800,1
10-1020,RAINBIRD,1
10-1021,RAINBIRD,1
10-1021,RQCV,1
10-1022,R1800,1
10-1022,RAINBIRD,1
10-1040,1806,1
10-1040,R1800,1
10-1040,RAINBIRD,1
1010-505,ANIS5,1
10-1060,1812,1
10-1060,R1800,1
10-1060,RAINBIRD,1
1010-605,ANIS5,1
10-1079,R1800,1
10-1080,1804,1
10-1080,R1800,1
10-1080,RAINBIRD,1
10-1100,1806,1
10-1100,R1800,1
10-1100,RAINBIRD,1
101-1000,DPIPE,1
101-1001,DPIPE,1
101-1002,DPIPE,1
101-1003,DPIPE,1
101-1004,DPIPE,1
101-1004,DRAIN,1
101-1005,DPIPE,1
10-1101,R1800,1
10-1101,RAINBIRD,1
10-1102,R1800,1
10-1102,RAINBIRD,1
10-1103,R1800,1
10-1107,TORO,1
10-1108,TORO,1
10-1109,TORO,1
10-1110,3M,1
10-1110,TORO,1
10-1111,TORO,1
10-1112,TORO,1
10-1113,TORO,1
10-1114,TORO,1
10-1115,TORO,1
10-1116,TORO,1
10-1117,TORO,1
10-1118,TORO,1
10-1119,TORO,1
10-1120,1812,1
10-1120,R1800,1
10-1120,RAINBIRD,1
10-1122,TORO,1
10-1123,TORO,1
10-1124,TORO,1
10-1125,TORO,1
10-1126,TORO,1
10-1127,TORO,1
10-1128,TORO,1
10-1129,PA8S,1
10-1129,R1800,1
10-1130,PA8S,1
10-1130,R1800,1
10-1130,RAINBIRD,1
1011-301,LSBID,1
10-1131,TORO,1
10-1132,PA8S,1
10-1132,R1800,1
10-1133,1812,1
10-1133,R1800,1
10-1135,R1800,1
10-1135,RW,1
10-1136,RVALVE,1
10-1136,RW,1
10-1137,RW,1
10-1138,HUNTER,1
10-1138,RW,1
10-1139,TORO,1
10-1140,PA8S,1
10-1140,R1800,1
1011-401,LSBID,1
1011-404,LINER,1
10-1141,RAINBIRD,1
10-1141,RW,1
10-1142,CHRISTY,1
10-1143,TORO,1
10-1144,TORO,1
10-1145,CHRISTY,1
10-1145,IRRBID,1
10-1145,IRRIGATION,1
10-1146,RAINBIRD,1
10-1147,HUNTER,1
10-1148,CHRISTY,1
10-1148,RW,1
10-1148,WIRE,1
10-1149,TORO,1
1011-501,ASPA1,1
10-1158,RW,1
10-1159,PA8S,1
10-1159,R1800,1
10-1159,RAINBIRD,1
10-1160,R1800,1
10-1161,R1800,1
10-1161,RAINBIRD,1
10-1173,R1800,1
10-1173,RAINBIRD,1
10-1180,R1400,1
10-1180,RAINBIRD,1
10-1181,PA8S,1
10-1181,R1800,1
10-1181,RAINBIRD,1
10-1182,HUNTER,1
10-1183,RAINBIRD,1
10-1183,RDRIP,1
10-1184,RAINBIRD,1
10-1185,HUNTER,1
10-1186,RAINBIRD,1
10-1187,HUNTER,1
10-1188,RAINBIRD,1
10-1189,RAINBIRD,1
10-1189,RDRIP,1
10-1200,R1400,1
10-1200,RAINBIRD,1
10-1206,TORO,1
10-1207,TORO,1
10-1208,TORO,1
10-1209,TORO,1
10-1210,TORO,1
10-1211,TORO,1
10-1213,TORO,1
10-1214,TORO,1
10-1215,TORO,1
10-1216,TORO,1
10-1217,TORO,1
10-1218,TORO,1
10-1219,R1400,1
10-1220,R1400,1
10-1220,RAINBIRD,1
10-1222,RAINBIRD,1
10-1225,R1500,1
10-1225,RAINBIRD,1
10-1227,1806,1
10-1227,1812,1
10-1227,RAINBIRD,1
10-1228,1806,1
10-1228,1812,1
10-1228,RAINBIRD,1
10-1229,R1800,1
10-1229,RAINBIRD,1
10-12290,ROOT,1
10-12291,R1800,1
10-12291,RAINBIRD,1
10-1230,1806,1
10-1230,1812,1
10-1230,RAINBIRD,1
10-1231,1806,1
10-1231,1812,1
10-1231,RAINBIRD,1
10-1234,RAINBIRD,1
10-1235,RAINBIRD,1
10-1236,R1400,1
10-1236,RAINBIRD,1
10-1237,1812,1
10-1237,R5000,1
10-1237,RAINBIRD,1
10-1238,R5000,1
10-1238,RAINBIRD,1
10-1239,R5000,1
10-1239,RAINBIRD,1
10-1240,RAINBIRD,1
10-1240,RMAX,1
10-1241,RAINBIRD,1
10-1241,TBIRD,1
10-1242,RAINBIRD,1
10-1242,TBIRD,1
10-1243,RAINBIRD,1
10-1243,TBIRD,1
10-1244,RAINBIRD,1
10-1244,TBIRD,1
10-1245,RAINBIRD,1
10-1245,TBIRD,1
10-1246,RAINBIRD,1
10-1246,TBIRD,1
10-1247,RAINBIRD,1
10-1247,TBIRD,1
10-1249,RAINBIRD,1
10-1249,RW,1
10-1249,TBIRD,1
10-1250,R5000,1
10-1250,RAINBIRD,1
10-1251,R5000,1
10-1251,RAINBIRD,1
10-1252,R5000,1
10-1252,RAINBIRD,1
10-1253,R5000,1
10-1253,RAINBIRD,1
10-1254,R5000,1
10-1254,RAINBIRD,1
10-1255,R5000,1
10-1255,RAINBIRD,1
10-1256,R5000,1
10-1256,RAINBIRD,1
10-1257,R5000,1
10-1257,RAINBIRD,1
10-1258,R5000,1
10-1258,RAINBIRD,1
10-1259,RAINBIRD,1
10-1260,R5000,1
10-1260,RAINBIRD,1
10-1261,RAINBIRD,1
10-1262,R5000,1
10-1262,RAINBIRD,1
10-1263,R5000,1
10-1263,RAINBIRD,1
10-1264,R5000,1
10-1265,R5000,1
10-1266,R5000,1
10-1267,R5000,1
10-1267,RAINBIRD,1
10-1268,R5000,1
10-1268,RAINBIRD,1
10-1269,R5000,1
10-1269,RAINBIRD,1
10-1270,R5000,1
10-1270,RAINBIRD,1
10-1271,RAINBIRD,1
10-1272,R5000,1
10-1272,RAINBIRD,1
10-1273,R5000,1
10-1273,RAINBIRD,1
10-1274,R5000,1
10-1275,R5000,1
10-1275,RAINBIRD,1
10-1276,RAINBIRD,1
10-1277,R5000,1
10-1278,R5000,1
10-1280,RAINBIRD,1
10-1281,RAINBIRD,1
10-1282,RAINBIRD,1
10-1283,RAINBIRD,1
10-1284,RAINBIRD,1
10-1290,R5000,1
10-1290,RAINBIRD,1
10-1318,TORO,1
10-1319,TORO,1
10-1320,RAINBIRD,1
10-1322,TORO,1
10-1323,TORO,1
10-1324,TORO,1
10-1325,TORO,1
10-1326,TORO,1
10-1327,TORO,1
10-1328,TORO,1
10-1329,TORO,1
10-1330,TORO,1
10-1332,TORO,1
10-1333,TORO,1
10-1334,TORO,1
10-1335,TORO,1
10-1340,RAINBIRD,1
10-1349,RW,1
10-1350,RW,1
10-1380,RAINBIRD,1
10-1400,RAINBIRD,1
10-1420,RAINBIRD,1
10-1420,RMAX,1
10-1440,RAINBIRD,1
10-1449,RW,1
10-1451,DRAIN,1
10-1500,R5000,1
10-1500,RAINBIRD,1
10-1600,RAINBIRD,1
10-1610,RAINBIRD,1
10-2000,R8,1
10-2000,RAINBIRD,1
10-20101,MAINT,1
10-20104,MAINT,1
10-20105,MAINT,1
10-20106,MAINT,1
10-20107,MAINT,1
10-20108,MAINT,1
10-20109,MAINT,1
10-20117,MAINT,1
10-20125,MAINT,1
10-20130,DPIPE,1
10-2020,R8,1
10-2020,RAINBIRD,1
10-2040,R8,1
10-2040,RAINBIRD,1
10-2041,RAINBIRD,1
10-2042,RAINBIRD,1
1020-501,CARI1,1
1020-505,CARI5,1
1020-515,CARI15,1
10-2060,R8,1
10-2060,RAINBIRD,1
1020-601,CARI1,1
1020-701,CARI1,1
10-2080,RAINBIRD,1
10-2100,RAINBIRD,1
10-2116,TORO,1
10-2118,TORO,1
10-2119,TORO,1
10-2120,RAINBIRD,1
10-2130,TORO,1
10-2131,TORO,1
10-2133,TORO,1
10-2140,RAINBIRD,1
1021-501,CARI1,1
1021-505,CARI5,1
1021-515,CARI15,1
10-2160,RAINBIRD,1
1021-605,CARI1,1
1021-705,CARI5,1
10-2180,RAINBIRD,1
1021-805,CARI5,1
1021-905,CARI5,1
10-2200,RAINBIRD,1
10-2220,RAINBIRD,1
10-2240,RAINBIRD,1
1022-505,CARI5,1
10-2260,R1800,1
10-2260,RAINBIRD,1
10-2261,RAINBIRD,1
10-2262,IRRBID,1
10-2262,ML,1
10-2263,RAINBIRD,1
10-2264,LAT,1
10-2280,RAINBIRD,1
10-2300,RAINBIRD,1
10-2320,RAINBIRD,1
10-2340,RAINBIRD,1
10-2360,RAINBIRD,1
10-2380,RAINBIRD,1
10-2402,RAINBIRD,1
10-2440,RAINBIRD,1
10-2460,RAINBIRD,1
10-2480,RAINBIRD,1
10-2500,R1800,1
10-2500,RAINBIRD,1
10-2520,RAINBIRD,1
10-2540,RAINBIRD,1
1025-501,CARI1,1
10-2560,RAINBIRD,1
1025-601,CARI1,1
1025-605,CARI5,1
1025-701,CARI1,1
10-2580,RAINBIRD,1
10-2595V,R1800,1
10-2600,RAINBIRD,1
10-2620,RAINBIRD,1
10-2640,RAINBIRD,1
10-2660,RAINBIRD,1
10-2680,RAINBIRD,1
10-2680,RBRASS,1
10-2700,RAINBIRD,1
10-2700,RBRASS,1
10-2720,RAINBIRD,1
10-2720,RBRASS,1
10-2740,RAINBIRD,1
10-2740,RBRASS,1
1027-501,CARI1,1
1027-505,CARI5,1
1027-515,CARI15,1
10-2760,RAINBIRD,1
10-2760,RBRASS,1
10-2780,RAINBIRD,1
10-2780,RBRASS,1
10-2800,RAINBIRD,1
10-2800,RBRASS,1
10-2820,RAINBIRD,1
10-2820,RBRASS,1
10-2840,RAINBIRD,1
10-2840,RBRASS,1
10-2860,RAINBIRD,1
10-2860,RBRASS,1
10-2880,RAINBIRD,1
10-2880,RBRASS,1
10-2900,RAINBIRD,1
10-2900,RBRASS,1
10-2920,RAINBIRD,1
10-2920,RBRASS,1
10-2940,RAINBIRD,1
10-2940,RBRASS,1
1029-401,CARI1,1
1029-501,CARI1,1
1029-505,CARI5,1
1029-515,CARI15,1
10-2960,RAINBIRD,1
10-2960,RBRASS,1
10-2980,RAINBIRD,1
10-3000,RAINBIRD,1
10-3000,RBRASS,1
1030-105,CARI5,1
1030-115,CARY15,1
10-3020,RAINBIRD,1
10-3020,RBRASS,1
10-3040,RAINBIRD,1
10-3040,RBRASS,1
1030-505,DRAC5,1
1030-515,DRAC,1
1030-515,DRAC15,1
1030-535,DRAC,1
1030-535,DRAC36,1
10-3060,RAINBIRD,1
10-3060,RBRASS,1
1030-605,DRAC5,1
1030-615,DRAC15,1
1030-624,DRAC,1
1030-624,DRAC24,1
1030-636,DRAC,1
1030-636,DRAC36,1
1030-715,DRAC15,1
10-3080,RAINBIRD,1
10-3080,RBRASS,1
1030-801,DRAC,1
10-3100,RAINBIRD,1
10-3100,RBRASS,1
1031-105,CARI5,1
10-3120,RAINBIRD,1
10-3120,RBRASS,1
1031-205,CARI5,1
10-3121,RAINBIRD,1
10-3121,RCONT,1
10-3121,TBOS,1
10-3122,RAINBIRD,1
10-3122,RCONT,1
10-3122,TBOS,1
10-3123,RAINBIRD,1
10-3123,RCONT,1
10-3123,TBOS,1
10-3124,RAINBIRD,1
10-3124,RCONT,1
10-3124,TBOS,1
10-3125,RAINBIRD,1
10-3125,RCONT,1
10-3125,TBOS,1
10-3127,RAINBIRD,1
10-3127,RCONT,1
10-3127,TBOS,1
10-3140,RAINBIRD,1
10-3140,RMAX,1
10-3141,RMAX,1
1031-515,CARI15,1
10-3160,RAINBIRD,1
10-3160,RMAX,1
10-3180,RAINBIRD,1
10-3180,RR70,1
10-3185,RAINBIRD,1
10-3185,RR70,1
10-3190,RAINBIRD,1
10-3190,RR70,1
10-3200,RAINBIRD,1
10-3200,RR70,1
10-3210,R5000,1
10-3211,R5000,1
10-3211,RAINBIRD,1
1032-115,CARI15,1
10-3220,R5000,1
1032-215,CARI15,1
10 3240,RBRASS,1
10-3240,R5000,1
10-3240,RAINBIRD,1
10-3260,R5000,1
10-3260,RAINBIRD,1
10-3270,RAINBIRD,1
10-3270,RB i90,1
10-3270,RBi90,1
10-3280,RAINBIRD,1
10-3280,RB i90,1
10-3280,RBi90,1
10-3282,RAINBIRD,1
10-3282,RQCV,1
10-3310,3500,1
10-3310,RAINBIRD,1
10331-5242,PTS,1
10-3320,3500,1
10-3320,RAINBIRD,1
10-3330,3500,1
10-3330,RAINBIRD,1
10-3340,3500,1
10-3340,RAINBIRD,1
10-3350,3500,1
10-3350,RAINBIRD,1
10-3360,3500,1
10-3360,RAINBIRD,1
10-3370,3500,1
10-3370,RAINBIRD,1
1040-115,CASS15,1
1040-124,CASS24,1
1040-125,CASS24,1
1040-160,CASS60,1
10-4019,RCONT,1
1040-215,CASS15,1
1040-224,CASS24,1
1040-260,CASS60,1
1040-324,CASS24,1
10-4050,RAINBIRD,1
1040-501,CASS1,1
1040-505,CASS5,1
1040-515,CASS15,1
10-4060,RAINBIRD,1
1040-605,CASS5,1
10-4070,RAINBIRD,1
1040-705,CASS5,1
10-4071,RCONT,1
10-4073,RCONT,1
1040-805,CASS5,1
1041-501,CASS1,1
10-4178,RAINBIRD,1
10-4178,RCONT,1
10-4179,RCONT,1
10-4180,RAINBIRD,1
10-4180,RCONT,1
10-4181,RCONT,1
10-4182,RCONT,1
10-4190,RAINBIRD,1
10-4190,RCONT,1
10-4192,RAINBIRD,1
10-4195,RAINBIRD,1
10-4195,RCONT,1
10-4196,RAINBIRD,1
10-4196,RCONT,1
10-4200,RAINBIRD,1
10-4200,RDRIP,1
10-4201,RAINBIRD,1
10-4201,RCONT,1
10-4202,RAINBIRD,1
10-4202,RCONT,1
10-4203,RAINBIRD,1
10-4203,RCONT,1
10-42031,RCONT,1
10-4204,RCONT,1
10-4205,RAINBIRD,1
10-4205,RCONT,1
10-4206,RCONT,1
10-4207,RAINBIRD,1
10-4207,RCONT,1
10-4208,RAINBIRD,1
10-4208,RCONT,1
10-4209,RCONT,1
10-4210,RAINBIRD,1
10-4210,RCONT,1
10-4211,RCONT,1
10-4212,RCONT,1
10-4213,RCONT,1
10-42131,PTS,1
10-4214,RCONT,1
10-4215,RCONT,1
10-4216,RCONT,1
10-4217,RCONT,1
10-4218,RAINBIRD,1
10-4218,RCONT,1
10-4219,RCONT,1
10-4224,RCONT,1
10-4225,RCONT,1
10-4226,RCONT,1
10-4227,RAINBIRD,1
10-4227,RCONT,1
10-4228,RAINBIRD,1
10-4228,RCONT,1
10-4229,RAINBIRD,1
10-4229,RCONT,1
10-4230,RCONT,1
10-4231,RCONT,1
10-4232,TCONT,1
10-4233,RAINBIRD,1
10-4233,RCONT,1
10-4234,RAINBIRD,1
10-4234,RCONT,1
10-4235,RAINBIRD,1
10-4235,RCONT,1
10-4236,RCONT,1
10-4237,RAINBIRD,1
10-4238,RCONT,1
10-4239,RAINBIRD,1
10-4239,RCONT,1
10-4240,RAINBIRD,1
10-4240,RCONT,1
10-4241,RAINBIRD,1
10-4241,RCONT,1
10-4242,RAINBIRD,1
10-4242,RCONT,1
10-4243,RAINBIRD,1
10-4243,RCONT,1
10-4244,RAINBIRD,1
10-4244,RCONT,1
10-4245,RAINBIRD,1
10-4245,RCONT,1
10-4246,RAINBIRD,1
10-4246,RCONT,1
10-4247,RCONT,1
10-4248,RCONT,1
10-4249,RAINBIRD,1
10-4250,RCONT,1
10-4251,RCONT,1
10-42511,IRRITROL,1
10-4252,RCONT,1
10-4253,RAINBIRD,1
10-4253,RCONT,1
10-4254,RAINBIRD,1
10-4254,RCONT,1
10-4255,RAINBIRD,1
10-4255,RCONT,1
10-4256,RAINBIRD,1
10-4256,RCONT,1
10-4257,RAINBIRD,1
10-4257,RCONT,1
10-4258,RAINBIRD,1
10-4259,RAINBIRD,1
10-4259,RCONT,1
10-4260,RAINBIRD,1
10-4260,RCONT,1
10-4261,RAINBIRD,1
10-4261,RCONT,1
10-4262,RAINBIRD,1
10-4262,RCONT,1
10-4263,RAINBIRD,1
10-4263,RCONT,1
10-4264,RAINBIRD,1
10-4264,RCONT,1
10-4265,RAINBIRD,1
10-4265,RCONT,1
10-4266,RAINBIRD,1
10-4266,RCONT,1
10-4267,RAINBIRD,1
10-4267,RCONT,1
10-4268,RAINBIRD,1
10-4268,RCONT,1
10-4269,RCONT,1
10-4270,RAINBIRD,1
10-4270,RCONT,1
10-4271,RCONT,1
10-4300,RAINBIRD,1
10-4301,RAINBIRD,1
10-4302,RAINBIRD,1
10-4304,RAINBIRD,1
10-4320,RAINBIRD,1
10-4321,RAINBIRD,1
10-4330,RAINBIRD,1
10-4330,RCONT,1
10-4334,BOX,1
10-4334,RAINBIRD,1
10-4334,VAULT,1
10-4335,BOX,1
10-4335,RAINBIRD,1
10-4336,BOX,1
10-4336,RAINBIRD,1
10-4337,BOX,1
10-4337,RAINBIRD,1
10-4338,BOX,1
10-4338,RAINBIRD,1
10-4339,PTS,1
10-4340,RCONT,1
10-4341,RCONT,1
10-4342,BOX,1
10-4342,RAINBIRD,1
10-4343,BOX,1
10-4343,RAINBIRD,1
10-4344,RAINBIRD,1
10-4345,BOX,1
10-4345,RAINBIRD,1
10-4346,BOX,1
10-4346,RAINBIRD,1
10-4347,BOX,1
10-4347,RAINBIRD,1
10-4348,BOX,1
10-4348,RAINBIRD,1
10-4349,BOX,1
10-4349,RAINBIRD,1
10-4350,RCONT,1
10-4351,RAINBIRD,1
10-4351,RCONT,1
10-4352,RAINBIRD,1
10-4352,RCONT,1
10-4353,RAINBIRD,1
10-4353,RCONT,1
10-4354,RAINBIRD,1
10-4354,RCONT,1
10-4355,RAINBIRD,1
10-4355,RCONT,1
10-4356,RCONT,1
10-4357,RAINBIRD,1
10-4357,RCONT,1
10-4358,RAINBIRD,1
10-4358,RCONT,1
10-4359,RCONT,1
10-4359,RVALVE,1
10-4360,RCONT,1
10-4361,RCONT,1
10-4364,RCONT,1
10-4365,RCONT,1
10-4366,RAINBIRD,1
10-4366,RCONT,1
10-4367,RAINBIRD,1
10-4367,RCONT,1
10-4368,RAINBIRD,1
10-4368,RCONT,1
10-4369,RAINBIRD,1
10-4369,RCONT,1
10-4370,RAINBIRD,1
10-4370,RCONT,1
10-4371,RAINBIRD,1
10-4371,RCONT,1
10-4372,RAINBIRD,1
10-4372,RCONT,1
10-4373,BOX,1
10-4373,RVALVE,1
10-4374,BOX,1
10-4374,RVALVE,1
10-4375,BOX,1
10-4375,RVALVE,1
10-4376,BOX,1
10-4376,RVALVE,1
10-4500,IRRSTOCK,1
10-459V,IRRBID,1
10-5020,PEB,1
10-5020,RAINBIRD,1
10-5020,RVALVE,1
10-5040,PEB,1
10-5040,RAINBIRD,1
10-5040,RVALVE,1
1050-501,VINC1,1
1050-501,VINCA,1
1050-505,VINCA,1
10-5060,PEB,1
10-5060,RAINBIRD,1
10-5060,RVALVE,1
10-5100,RAINBIRD,1
10-5100,RVALVE,1
10-5120,RAINBIRD,1
10-5120,RVALVE,1
10-5140,RAINBIRD,1
10-5140,RVALVE,1
10-5160,RAINBIRD,1
10-5160,RVALVE,1
10-5180,EFB,1
10-5180,RAINBIRD,1
10-5180,RVALVE,1
10-5200,EFB,1
10-5200,RAINBIRD,1
10-5200,RVALVE,1
1052-105,WEST,1
1052-105,WEST5,1
1052-106,WEST5,1
10-5220,EFB,1
10-5220,RAINBIRD,1
10-5220,RVALVE,1
1052-205,WEST5,1
10-5221,RVALVE,1
10-5223,RVALVE,1
10-5230,DIG,1
1052-305,WEST5,1
10-5240,EFB,1
10-5240,RAINBIRD,1
10-5240,RVALVE,1
1052-405,WEST5,1
10-5241,RAINBIRD,1
10-5241,RVALVE,1
1052-505,WEST5,1
10-5260,PRS,1
10-5260,RAINBIRD,1
10-5260,RVALVE,1
1052-605,WEST5,1
1052-705,WEST5,1
1052-805,WEST5,1
10-5281,RCONT,1
10-5282,RCONT,1
10-5284,RCONT,1
10-5290,RB i90,1
1052-905,WEST5,1
10-5294,RAINBIRD,1
10-5294,RCONT,1
10-5295,RAINBIRD,1
10-5295,RCONT,1
10-5296,RAINBIRD,1
10-5296,RCONT,1
10-5297,RAINBIRD,1
10-5297,RCONT,1
10-5298,RAINBIRD,1
10-5298,RCONT,1
10-5299,RAINBIRD,1
10-5299,RCONT,1
10-5300,RAINBIRD,1
10-5302,RAINBIRD,1
10-5302,RCONT,1
10-5309,RVALVE,1
10-5310,PES,1
10-5310,RVALVE,1
10-5315,PES,1
10-5315,RVALVE,1
10-5316,PES,1
10-5316,RVALVE,1
10-53161,PES,1
10-53161,RAINBIRD,1
10-53161,RVALVE,1
10-53162,PES,1
10-53162,RAINBIRD,1
10-53162,RVALVE,1
10-53163,PES,1
10-53163,RAINBIRD,1
10-53163,RVALVE,1
10-5317,RVALVE,1
10-5318,RVALVE,1
10-5319,RVALVE,1
10-5320,QC,1
10-5320,RAINBIRD,1
10-5320,RQCV,1
10-5321,RVALVE,1
10-5322,RVALVE,1
10-5323,PGA,1
10-5323,RVALVE,1
10-5324,RVALVE,1
10-5325,RVALVE,1
10-5326,RAINBIRD,1
10-5326,RVALVE,1
10-5327,RVALVE,1
10-5328,RAINBIRD,1
10-5328,RVALVE,1
10-5329,RVALVE,1
10-5330,RVALVE,1
10-5331,RAINBIRD,1
10-5331,RVALVE,1
10-5332,RAINBIRD,1
10-5333,RAINBIRD,1
10-5333,RVALVE,1
10-5335,RAINBIRD,1
10-5335,RVALVE,1
10-5336,RVALVE,1
10-5337,RVALVE,1
10-5340,QC,1
10-5340,RAINBIRD,1
10-5340,RQCV,1
10-5360,QC,1
10-5360,RAINBIRD,1
10-5360,RQCV,1
10-5361,RQCV,1
10-5362,RQCV,1
10-5363,RQCV,1
10-5380,QC,1
10-5380,RAINBIRD,1
10-5380,RQCV,1
10-5400,QC,1
10-5400,RAINBIRD,1
10-5400,RQCV,1
10-5417,RVALVE,1
10-5418,RAINBIRD,1
10-5418,RVALVE,1
10-5419,RAINBIRD,1
10-5420,QC,1
10-5420,RAINBIRD,1
10-5420,RQCV,1
10-5421,RQCV,1
10-5422,RAINBIRD,1
10-5422,RQCV,1
10-5423,PGA,1
10-5423,RAINBIRD,1
10-5423,RVALVE,1
10-5424,RAINBIRD,1
10-5424,RVALVE,1
10-5425,RAINBIRD,1
10-5425,RVALVE,1
10-5426,RAINBIRD,1
10-5426,RVALVE,1
10-5427,RAINBIRD,1
10-5427,RVALVE,1
10-5428,RAINBIRD,1
10-5428,RVALVE,1
10-5429,RAINBIRD,1
10-5429,RDRIP,1
10-5429,RVALVE,1
10-5430,RVALVE,1
10-5431,RAINBIRD,1
10-5431,RDRIP,1
10-5431,RVALVE,1
10-5432,RQCV,1
10-5433,RAINBIRD,1
10-5433,RDRIP,1
10-5433,RVALVE,1
10-5434,RVALVE,1
10-5435,RDRIP,1
10-5435,RVALVE,1
10-5436,RAINBIRD,1
10-5436,RQCV,1
10-5437,RAINBIRD,1
10-5437,RDRIP,1
10-5438,RAINBIRD,1
10-5438,RDRIP,1
10-5438,RVALVE,1
10-5439,RAINBIRD,1
10-5439,RVALVE,1
10-5440,R1800,1
10-5440,RAINBIRD,1
10-5441,R1800,1
10-5441,RAINBIRD,1
10-5442,R1800,1
10-5442,RAINBIRD,1
10-5443,RAINBIRD,1
10-5443,RQCV,1
10-5444,R1800,1
10-5444,RAINBIRD,1
10-5445,R1800,1
10-5445,RAINBIRD,1
10-5446,RAINBIRD,1
10-5446,RDRIP,1
10-5446,RVALVE,1
10-5447,RVALVE,1
10-5448,RAINBIRD,1
10-5448,RVALVE,1
10-5449,R1800,1
10-5449,RAINBIRD,1
10-5450,RAINBIRD,1
10-5450,RVALVE,1
10-5460,RAINBIRD,1
10-5480,RAINBIRD,1
10-5481,RAINBIRD,1
10-5482,RAINBIRD,1
10-5500,T570,1
10-5500,TORO,1
10-5509,T570,1
10-5509,TORO,1
10-5510,T570,1
10-5510,TORO,1
10-5511,TORO,1
10-5600,BUCKNER,1
10-5610,BUCKNER,1
10-5620,BUCKNER,1
10-5621,BUCKNER,1
10-5622,BUCKNER,1
10-5623,BUCKNER,1
10-5624,BUCKNER,1
10-5625,BUCKNER,1
10-5626,BUCKNER,1
10-5627,BUCKNER,1
10-5628,BUCKNER,1
10-5629,BUCKNER,1
10-5630,BUCKNER,1
10-5631,BUCKNER,1
10-5632,BUCKNER,1
10-5632,IRRBID,1
10-5632,IRRI,1
10-5632,IRRIGATION,1
10-5633,BUCKNER,1
10-5634,BUCKNER,1
10-5635,BUCKNER,1
10-5636,BUCKNER,1
10-5637,BUCKNER,1
10-5638,BUCKNER,1
10-5639,BUCKNER,1
1056-501,ENCE1,1
1056-601,ENCE1,1
1056-615,ENCE15,1
1067-7001,BRASS1,1
10-6808,OOVAL,1
10-6901,OLSON,1
10-6902,OLSON,1
10-6903,OLSON,1
10-6904,IRRBID,1
10-6904,IRRIGATION,1
10-6904,OOVAL,1
10-6905,IRRBID,1
10-6905,IRRIGATION,1
10-6905,OOVAL,1
10-6906,OOVAL,1
10-6907,OOVAL,1
10-6990,RAINBIRD,1
10-7000,WIRE,1
10-7001,RAINBIRD,1
10-7002,RAINBIRD,1
10-7002,RVALVE,1
10-7002,WIRE,1
10-7003,RAINBIRD,1
10-7004,WIRE,1
10-7005,WIRE,1
10-7006,WIRE,1
10-7007,WIRE,1
10-7008,WIRE,1
10-7009,WIRE,1
10-7010,WIRE,1
10-7011,WIRE,1
10-7012,WIRE,1
10-7013,WIRE,1
10-7100,WIRE,1
10-7101,WIRE,1
10-8000,1804,1
10-8000,R1800,1
10-8000,RAINBIRD,1
10-8001,1806,1
10-8001,R1800,1
10-8001,RAINBIRD,1
10-8002,1812,1
10-8002,R1800,1
10-8002,RAINBIRD,1
10-8003,1804,1
10-8003,R1800,1
10-8004,1806,1
10-8004,R1800,1
10-8005,1812,1
10-8005,R1800,1
10-8006,TBIRD,1
10-8007,R1800,1
10-8008,R1800,1
10-8009,R1800,1
10-8010,R1800,1
10-8010,RAINBIRD,1
10-8011,R1800,1
10-8011,RAINBIRD,1
10-8013,R1800,1
10-8013,RAINBIRD,1
10-8014,R1800,1
10-8014,RAINBIRD,1
10-8015,R1800,1
10-8015,RAINBIRD,1
10-8016,R1800,1
10-8016,RAINBIRD,1
10-8017,R1800,1
10-8017,RAINBIRD,1
10-8018,R1800,1
10-8018,RAINBIRD,1
10-8019,R1800,1
10-8019,RAINBIRD,1
10-8020,R1800,1
10-8020,RAINBIRD,1
10-8021,RAINBIRD,1
10-8022,R1800,1
10-8022,RAINBIRD,1
10-8023,R1800,1
10-8023,RAINBIRD,1
10-8024,R1800,1
10-8024,RAINBIRD,1
10-8024,RDRIP,1
10-8025,R1800,1
10-8025,RAINBIRD,1
10-8026,R1800,1
10-8026,RAINBIRD,1
10-8027,R1800,1
10-8027,RAINBIRD,1
10-8028,R1800,1
10-8028,RAINBIRD,1
10-8029,R1800,1
10-8029,RAINBIRD,1
10-8030,R1800,1
10-8030,RAINBIRD,1
10-8031,RAINBIRD,1
10-8031,RCONT,1
10-8032,R1800,1
10-8032,RAINBIRD,1
10-8033,R1800,1
10-8034,R1800,1
10-8035,R1800,1
10-8036,R1800,1
10-8037,R1800,1
10-8038,R1800,1
10-8039,R1800,1
10-8040,R1800,1
10-8040,RAINBIRD,1
10-8041,RAINBIRD,1
10-8201,PEPCO,1
10-8202,PEPCO,1
10-8203,PEPCO,1
10-8204,PEPCO,1
10-8205,PEPCO,1
10-8206,PEPCO,1
10-8207,PEPCO,1
10-8208,PEPCO,1
10-8209,PEPCO,1
10-8210,PEPCO,1
10-8212,PEPCO,1
10-8213,PEPCO,1
10-8215,PEPCO,1
10-8216,PEPCO,1
10-8221,PEPCO,1
10-8222,PEPCO,1
10-8223,PEPCO,1
10-8224,PEPCO,1
10-8225,PEPCO,1
10-8226,AMIAD,1
10-8227,AMIAD,1
10-8228,AMIAD,1
10-8229,AMIAD,1
10-8230,IRRBID,1
10-8231,IRRBID,1
10-8300,AGRIFIM,1
10-8301,AGRIFIM,1
10-8302,AGRIFIM,1
10-8303,AGRIFIM,1
10-8304,AGRIFIM,1
10-8305,AGRIFIM,1
10-8308,AGRIFIM,1
10-8309,AGRIFIM,1
10-8310,AGRIFIM,1
10-8311,AGRIFIM,1
10-8312,AGRIFIM,1
10-8313,AGRIFIM,1
10-8314,AGRIFIM,1
10-8314M,AGRIFIM,1
10-8315,AGRIFIM,1
10-8316,AGRIFIM,1
10-8317,AGRIFIM,1
10-8318,AGRIFIM,1
10-8329,AGRIFIM,1
10-8330,AGRIFIM,1
10-8331,AGRIFIM,1
10-8336,AGRIFIM,1
10-8337,AGRIFIM,1
10-8338,AGRIFIM,1
10-8340,AGRIFIM,1
10-8341,AGRIFIM,1
10-8342,AGRIFIM,1
10-8343,AGRIFIM,1
1-1,ALHAMBRA,1
11-0000,PANI,1
11-0005,DFIT,1
11-0005,DRAIN,1
11-0008,DRAIN,1
1100-105,CEAN5,1
11-0012,DFIT,1
1100-305,CEAN5,1
1100-405,CEAN5,1
11-0041,PANI,1
1100-501,CEAN1,1
1100-505,CEAN5,1
1100-601,CEAN1,1
1100-605,CEAN5,1
1100-615,CEAN15,1
1100-705,CEAN5,1
1100-715,CEAN15,1
1100-815,CEAN15,1
1101-1001,GC,1
1101-1002,GC,1
1101-1003,GC,1
1101-401,CEAN1,1
1101-405,CEAN5,1
1101-501,CEAN1,1
1101-504,LINER,1
1101-505,CEAN5,1
1101-515,CEAN15,1
1101-601,CEAN1,1
1101-605,CEAN5,1
1101-701,CEAN1,1
1101-805,CEAN1,1
1102-000,LINER,1
1102-101,CEAN1,1
1102-305,CEAN5,1
1102-405,CEAN5,1
1102-501,CEAN1,1
1102-505,CEAN5,1
1102-601,CEAN1,1
1102-605,CEAN5,1
1102-705,CEAN5,1
1102-805,CEAN5,1
1102-905,CEAN1,1
1103-101,EPIL1,1
1103-501,CEAN1,1
1103-502,EPIL1,1
1103-505,EPID5,1
1103-602,EPIL1,1
1103-605,EPIL5,1
1103-701,CEAN1,1
1103-705,EPIL5,1
1103-715,CEAN15,1
1104-501,CEAN1,1
1104-505,CEAN5,1
1104-515,CEAN15,1
1104-601,CEAN1,1
1105-501,CEAN1,1
1105-505,CEAN5,1
1105-515,CEAN15,1
1105-555,CEAN5,1
1105-701,CEAN1,1
1105-705,CEAN5,1
1106-405,CEAN5,1
1106-501,CEAN1,1
1106-505,CEAN5,1
1106-515,CEAN15,1
1106-601,CEAN1,1
1106-602,CEAN1,1
1106-605,CEAN5,1
1106-615,CEAN5,1
1106-701,CEAN1,1
1106-705,CEAN5,1
1106-801,CEAN1,1
1106-805,CEAN5,1
1107-001,CEAN1,1
1107-501,CEAN1,1
1107-505,CEAN5,1
1108-111,CEAN1,1
1108-201,CEAN1,1
1108-501,CEAN1,1
1108-505,CEAN5,1
1108-601,CEAN1,1
1108-605,CEAN1,1
1109-505,CEAN5,1
1109-601,CEAN1,1
1109-605,CEAN5,1
1109-705,CEAN5,1
11-0999,IRRBID,1
11-0999,IRRSTOCK,1
11-1000,IRRBID,1
11-1000,IRRSTOCK,1
11-1001,BLUE-LOCK,1
11-1001,BLUELOCK,1
11-1002,BLUE-LOCK,1
11-1002,BLUELOCK,1
11-1003,BLUE-LOCK,1
11-1003,BLUELOCK,1
11-1004,BLUE-LOCK,1
11-1004,BLUELOCK,1
11-1005,BLUE-LOCK,1
11-1005,BLUELOCK,1
11-1006,TCONT,1
11-1007,TORO,1
11-1008,TORO,1
11-1009,TORO,1
11-1010,TORO,1
11-1011,TORO,1
11-1012,TORO,1
11-1013,TORO,1
11-1014,TORO,1
11-1015,TORO,1
11-1016,TORO,1
11-1017,TORO,1
11-1019,TORO,1
11-1020,T300,1
11-1020,TORO,1
11-1023,TORO,1
11-1028,TQCV,1
11-1029,TQCV,1
11-1030,TORO,1
11-1033,TORO,1
11-1035,TORO,1
11-1036,TORO,1
11-1040,T300,1
11-1040,TORO,1
11-1060,T300,1
11-1060,TORO,1
11-1070,TORO,1
11-1071,TORO,1
11-1080,T300,1
11-1090,BLUE-LOCK,1
11-1090,BLUELOCK,1
11-1091,BLUE-LOCK,1
11-1091,BLUELOCK,1
11-1092,BLUE-LOCK,1
11-1092,BLUELOCK,1
11-1093,BLUE-LOCK,1
11-1093,BLUELOCK,1
11-1094,BLUE-LOCK,1
11-1094,BLUELOCK,1
11-1096,BLUE-LOCK,1
11-1096,BLUELOCK,1
11-1097,BLUE-LOCK,1
11-1097,BLUELOCK,1
11-1098,BLUE-LOCK,1
11-1098,BLUELOCK,1
11-1107,TCONT,1
11-1107,TORO,1
11-1108,TCONT,1
11-1108,TORO,1
11-1109,TCONT,1
11-1109,TORO,1
11-1111,TORO,1
11-1112,TORO,1
11-1120,R1800,1
11-1120,RAINBIRD,1
11-1140,TORO,1
11-1260,T300,1
1113-111,LSBID,1
11-1380,TORO,1
11-1380,TXP300,1
11-1380,XP300,1
11-1381,TXP300,1
11-1381,XP300,1
11-1400,TORO,1
11-1400,TXP300,1
11-1400,XP300,1
11-1401,TORO,1
11-1420,TORO,1
11-1420,TXP300,1
11-1420,XP300,1
11-1440,TORO,1
11-1440,TXP300,1
11-1460,TORO,1
11-1460,TXP300,1
11-1480,TORO,1
11-1480,TXP300,1
11-1481,TORO,1
11-1482,TORO,1
11-1500,TORO,1
11-1500,TXP300,1
11-1520,TORO,1
11-1520,TXP300,1
11-1540,TORO,1
11-1540,TXP300,1
11-1560,TORO,1
11-1560,TXP300,1
11-1580,TORO,1
11-1580,TXP300,1
11-1600,TORO,1
11-1600,TXP300,1
11-1620,TORO,1
11-1620,TXP300,1
11-1640,TORO,1
11-1640,TXP300,1
11-1660,TORO,1
11-1660,TXP300,1
11-1680,TORO,1
11-1680,TXP300,1
11-1700,TORO,1
11-1700,TXP300,1
11-1720,T640,1
11-1720,TORO,1
11-1740,T640,1
11-1740,TORO,1
11-1760,T640,1
11-1760,TORO,1
11-1780,T640,1
11-1780,TORO,1
11-1800,T640,1
11-1800,TORO,1
11-1820,T640,1
11-1820,TORO,1
11-1840,T640,1
11-1840,TORO,1
11-1860,TORO,1
11-1860,TS700,1
11-1870,TORO,1
11-1871,TORO,1
11-1872,TORO,1
11-1873,TORO,1
11-1874,TORO,1
11-1875,TORO,1
11-1876,TORO,1
11-1877,TORO,1
11-1878,TORO,1
11-1879,TORO,1
11-1880,TORO,1
11-1880,TS700,1
11-1881,TORO,1
11-1882,TORO,1
11-1883,TORO,1
11-1900,TORO,1
11-1900,TS700,1
11-1920,TORO,1
11-1920,TS700,1
11-1940,TORO,1
11-1940,TS700,1
11-1960,TORO,1
11-1960,TS700,1
11-1980,TORO,1
11-1980,TS700,1
112,PTSOP,1
11-2000,TORO,1
11-2000,TS700,1
11-2011,TORO,1
11-2012,TORO,1
11-2013,TCONT,1
11-2013,TORO,1
11-2014,TCONT,1
11-2015,TORO,1
11-2016,TORO,1
11-2017,TCONT,1
11-2017,TORO,1
11-2018,TCONT,1
11-2018,TORO,1
11-2019,TCONT,1
11-2019,TORO,1
11-2020,TORO,1
11-2020,TS700,1
11-2021,TCONT,1
11-2021,TORO,1
11-2022,TORO,1
11-2023,TORO,1
11-2040,TORO,1
11-2040,TS700,1
11-2041,TORO,1
11-2060,TORO,1
11-2060,TS700,1
11-2080,TORO,1
11-2080,TS700,1
11-2100,TORO,1
11-2100,TS700,1
11-2120,TORO,1
11-2120,TS700,1
11-2140,TORO,1
11-2140,TS700,1
11-2160,TORO,1
11-2160,TS700,1
11-2180,TORO,1
11-2180,TS700,1
11-2181,TS700,1
1129-115,CELT15,1
1129-124,CELT24,1
1130-115,CEDR24,1
1130-124,CEDR24,1
11-3020,T570,1
11-3020,TORO,1
11-3021,T570,1
1130-224,CEDR24,1
1130-248,CEDR24,1
1130-248,CEDR60,1
1130-260,CEDR60,1
11-3040,T570,1
11-3040,TORO,1
11-3051,TORO,1
11-3052,TORO,1
11-3053,TORO,1
11-3060,T570,1
11-3060,TORO,1
11-3061,T570,1
11-3061,TORO,1
11-3063,TORO,1
1130-701,CEAN1,1
11-3080,T570,1
11-3080,TORO,1
11-3100,TORO,1
11-3110,T570,1
11-3111,TORO,1
11-3112,TORO,1
1131-124,CITR24,1
1131-136,AVOC36,1
1131-136,CITR36,1
11-3114,TORO,1
11-3115,T570,1
11-3116,TORO,1
11-3117,TORO,1
11-3118,T570,1
11-3119,T570,1
11-3120,TORO,1
11-3121,T570,1
11-3122,T570,1
11-3123,T570,1
11-3124,T570,1
11-31241,T570,1
11-3125,T570,1
11-3125,TORO,1
11-3126,T570,1
11-3126,TORO,1
11-3127,T570,1
11-3127,TORO,1
11-3128,T570,1
11-3129,T570,1
11-3130,T570,1
11-3131,T570,1
11-3131,TORO,1
11-3132,T570,1
11-3132,TORO,1
11-3133,T570,1
11-3133,TORO,1
11-3134,T570,1
11-3134,TORO,1
11-3135,T570,1
11-3135,TORO,1
11-3140,TORO,1
11-3141,TORO,1
11-3150,T570,1
11-3150,TORO,1
11-3151,T570,1
11-3151,TORO,1
11-3152,TORO,1
11-3160,TORO,1
11-3180,TORO,1
11-3200,TORO,1
11-3220,TORO,1
11-3240,TORO,1
11-3260,TORO,1
11-3280,TORO,1
11-3300,TORO,1
11-3320,TORO,1
11-3340,TORO,1
11-3360,TORO,1
11-3380,TORO,1
11-3400,TORO,1
11-3420,TORO,1
11-3440,TORO,1
11-3460,TORO,1
1134-636,CERC36,1
11-3480,TORO,1
11-3500,TORO,1
11-3520,TORO,1
11-3540,TORO,1
11-3550,TORO,1
1135-501,CENT1,1
1135-505,CENT5,1
11-3551,TORO,1
11-3552,TORO,1
11-3553,TORO,1
11-3555,TORO,1
11-3560,TORO,1
11-3580,TORO,1
11-3600,TORO,1
11-3620,TORO,1
11-3640,TORO,1
11-3660,TORO,1
11-3680,TORO,1
11-3700,TORO,1
11-3720,TORO,1
11-3740,TORO,1
11-3760,TORO,1
11-3780,TORO,1
11-3800,TORO,1
11-3820,TORO,1
11-3820,TSB,1
11-3860,TORO,1
11-3860,TSB,1
11-3880,TORO,1
11-3880,TSB,1
11-3900,TORO,1
11-3900,TSB,1
11-3920,T15PC,1
11-3920,TORO,1
11-3960,T15PC,1
11-3960,TORO,1
11-3980,T15PC,1
11-3980,TORO,1
11-4000,T15PC,1
11-4000,TORO,1
1140-115,CERA15,1
1140-124,CERA24,1
1140-130,CERA30,1
1140-136,CERA36,1
1140-148,CERA48,1
1140-172,CERA72,1
11-4020,T15PC,1
11-4020,TORO,1
1140-215,CERA15,1
1140-224,CERA24,1
1140-230,CERA30,1
1140-236,CERA36,1
1140-248,CERA48,1
11-4040,TORO,1
11-4060,TORO,1
11-4080,TORO,1
11-4100,TORO,1
11-4120,TORO,1
11-4140,TORO,1
11-4160,TORO,1
11-4180,TORO,1
11-4220,TORO,1
11-4240,TORO,1
11-4260,TORO,1
11-4280,TORO,1
11-4281,T570,1
11-4281,TORO,1
11-4282,TORO,1
11-4283,T570,1
11-4283,TORO,1
11-4300,TORO,1
11-4320,TORO,1
11-4340,TORO,1
11-4360,TORO,1
11-4380,TORO,1
11-4400,TORO,1
11-4420,TORO,1
11-4440,TORO,1
11-4460,TORO,1
11-4480,TORO,1
11-4500,TORO,1
11-4520,TORO,1
11-4540,TORO,1
11-4560,TORO,1
11-4580,TORO,1
11-4600,GC,1
11-4610,GC,1
11-4620,TORO,1
11-4640,TORO,1
11-4660,TORO,1
11-4661,TORO,1
11-4662,TORO,1
11-4663,TORO,1
11-4664,TORO,1
11-4665,TORO,1
11-4666,TORO,1
11-4667,TORO,1
11-4668,TORO,1
11-4669,TORO,1
11-4670,TORO,1
11-4671,TORO,1
11-4672,TORO,1
11-4673,TORO,1
11-4674,TORO,1
11-4675,TORO,1
11-4676,TORO,1
11-4677,TORO,1
1150-124,CERC24,1
1150-136,CERC36,1
1150-224,CERC24,1
1150-236,CERC36,1
1150-324,CERC24,1
1150-336,CERC36,1
1150-424,CERC24,1
1150-436,CERC36,1
1150-50,CERC1,1
1150-505,CERC1,1
1150-515,CERC15,1
1150-524,CERC24,1
1150-536,CERC36,1
1150-624,CERC24,1
1150-636,CERC36,1
1150-724,CERC24,1
1151-148,CERE48,1
1151-424,CERC24,1
1151-515,CERC15,1
1151-524,CERC24,1
1151-536,CERC36,1
1151-615,CERC15,1
1151-624,CERC24,1
1151-636,CERC36,1
1151-724,CERC24,1
1151-736,CERC36,1
1154-115,CERC15,1
1154-124,CERC24,1
1154-148,CERC48,1
1154-160,CRCC60,1
1154-215,CERC15,1
1154-224,CERC24,1
1154-248,CERC36,1
1154-324,CERC24,1
1154-348,CERC48,1
1154-448,CERC48,1
1154-536,CERC36,1
1154-548,CERC48,1
1154-560,CERC60,1
1154-636,CERC36,1
1154-648,CERC48,1
1154-736,CERC36,1
1154-748,CERC48,1
1154-760,CERC60,1
1154-836,CERC36,1
1154-848,CERC48,1
1154-936,CERC36,1
1155-501,CEST1,1
1155-505,CEST5,1
1155-515,CEST15,1
1155-615,CEST15,1
1157-001,CERC1,1
11-6000,SIGNET,1
11-6001,SIGNET,1
11-6002,SIGNET,1
11-8200,BOWSMITH,1
11-8202,PEPCO,1
11-8204,PEPCO,1
11-8208,PEPCO,1
11832-4006,PTS,1
11932-4007,PTS,1
1-2,ALHAMBRA,1
1200-024,CHIT24,1
1200-036,CHAM36,1
1200-105,CHAM5,1
1200-115,CHAM15,1
1200-124,CHAM24,1
1200-136,CHAM36,1
1200-146,CHAM48,1
1200-147,CHAM60,1
1200-148,CHAM48,1
1200-160,CHAM15,1
1200-215,CHIT15,1
1200-224,CHIT24,1
1200-236,CHAM36,1
1200-248,CHIT48,1
1200-260,CHAM60,1
1200-315,CHIT15,1
1200-324,CHIT24,1
1200-325,CHIT24,1
1200-336,chio36,1
1200-337,CHIT36,1
1200-348,CHIT48,1
1200-415,CHIT15,1
1200-424,CHIT24,1
1200-436,CHIT36,1
1200-448,CHIT48,1
12-0050,DCB,1
12-0050,DRAIN,1
1200-524,CHIT24,1
1200-536,CHIT36,1
1200-548,CHIT48,1
1200-624,CHAM24,1
1200-636,CHIT36,1
1201-105,CHAM5,1
1201-115,CHAM15,1
1201-124,CHAM24,1
1202-115,CHAM15,1
12-0250,CONDUIT,1
12-0250,ELECTRIC,1
12-0251,CONDUIT,1
12-0251,ELECTRIC,1
12-0252,CONDUIT,1
12-0252,ELECTRIC,1
12-0253,CONDUIT,1
12-0254,IRRBID,1
12-0254,IRRSTOCK,1
12-0255,IRRBID,1
12-0256,IRRBID,1
12-0256,RW,1
12-0266,IRRBID,1
12032-4008,PTS,1
1210-101,CHON1,1
1210-105,CHON5,1
1210-115,CHON15,1
1210-205,CHON5,1
1210-210,CHON1,1
1210-215,CHON15,1
1210-305,CHON5,1
1210-515,CHOR15,1
1210-524,CHOR24,1
1211-115,CHOR15,1
12-1221,RAINBIRD,1
12-1222,RAINBIRD,1
12-1237,R5000,1
12-1237,RAINBIRD,1
1212-515,CHOR15,1
1212-524,CHOR24,1
12-1296,HUNTER,1
12-1299,HUNTER,1
12131-4009,PTS,1
12-1320,ML,1
12-1340,ML,1
12-1341,ML,1
12-1360,GPIPE,1
12-1380,GPIPE,1
12-1385,GRISWOLD,1
12-1386,GRISWOLD,1
12-1400,GPIPE,1
12-1420,GPIPE,1
12-1440,GPIPE,1
12-1460,GPIPE,1
12-1461,GPIPE,1
12-1465,GPIPE,1
12-1466,GPIPE,1
12-1467,GPIPE,1
12-1468,GPIPE,1
12-1469,GPIPE,1
12-1470,GPIPE,1
12-1471,GPIPE,1
12-1472,GPIPE,1
12-1473,GPIPE,1
12-1474,GPIPE,1
12-1475,GPIPE,1
12-1476,GPIPE,1
12-1476,LSBID,1
12-1476,STAKES,1
12-1477,GPIPE,1
12-1477,LSBID,1
12-1477,STAKES,1
12-1477,TIES,1
12-1478,LSBID,1
12-1478,STAKES,1
12-1480,SLIP,1
12-1480,SLIPFIX,1
12-1500,SLIP,1
12-1500,SLIPFIX,1
12-1520,SLIP,1
12-1520,SLIPFIX,1
12-1540,SLIP,1
12-1540,SLIPFIX,1
12-1545,SLIP,1
12-1560,BL,1
12-1560,BLPIPE,1
12-1560,BROWNLINE,1
12-1580,BL,1
12-1580,BLPIPE,1
12-1580,BROWNLINE,1
12-1600,BL,1
12-1600,BLPIPE,1
12-1600,BROWNLINE,1
12-1620,BL,1
12-1620,BLPIPE,1
12-1620,BROWNLINE,1
12-1640,BL,1
12-1640,BLPIPE,1
12-1640,BROWNLINE,1
12-1660,BL,1
12-1660,BLPIPE,1
12-1660,BROWNLINE,1
12-1680,BL,1
12-1680,BLPIPE,1
12-1680,BROWNLINE,1
12-1700,BL,1
12-1700,BLPIPE,1
12-1700,BROWNLINE,1
12-1901,GAS,1
12-1902,GAS,1
12-1903,GAS,1
12-1904,GAS,1
12-1905,GAS,1
12-1906,GAS,1
12-2004,WEATHERMATIC,1
12-2005,WEATHERMATIC,1
12-2006,WEATHERMATIC,1
12-2007,WEATHERMATIC,1
12-2011,GAS,1
12-2012,GAS,1
12-2013,GAS,1
12-2014,GAS,1
12-2015,GAS,1
12-2015,MISC,1
12-2016,GAS,1
12-2016,MISC,1
12-2017,GAS,1
12-2018,GAS,1
12-2019,GAS,1
12-2020,LAT,1
12-2040,LAT,1
12-2060,LAT,1
12-2080,LAT,1
12-2100,LAT,1
12-2120,LAT,1
12-2140,LAT,1
12-2150,LAT,1
12-2160,LAT,1
12-2180,LAT,1
12-2200,LAT,1
12-2201,AEON1,1
12-2202,AEON1,1
12-2203,AEON1,1
12-2204,AEON1,1
12-2205,AEON5,1
12-2206,AEON15,1
12-2207,AEON1,1
12-2208,IRRBID,1
12-2211,AEON1,1
12-2214,LINER,1
12-2215,AEON15,1
12-2220,LAT,1
12-2221,AEON1,1
12-2228,IRRBID,1
12-2231,AEON1,1
12-2240,LAT,1
12-2241,AEON1,1
12-2247,SLV,1
12-2248,IRRBID,1
12-2251,AEON1,1
12-2260,LAT,1
12-2261,AEON1,1
12-2268,IRRBID,1
12-2270,LAT,1
12-2271,AEON1,1
12-2278,IRRBID,1
12-2280,LAT,1
12-2281,AEON1,1
12-2286,ALERT,1
12-2290,ALERT,1
12-2291,ALERT,1
12-2292,ALERT,1
12-2294,ALERT,1
12-2296,ALERT,1
12-2300,ML,1
12-2300,SLE,1
12-2300,SLV,1
12-2301,AEON1,1
12-2305,AEON1,1
12-2310,SLE,1
12-2310,SLV,1
12-2311,SLV,1
12-2312,ML,1
12-2313,DPIPE,1
12-2313,DRAIN,1
12-2321,AEON1,1
12-2325,AEON15,1
12-2346,SLV,1
12-2350,SLV,1
12-2351,ML,1
12-2351,SLV,1
12-2352,SLV,1
12-2353,SLV,1
12-2354,SLV,1
12-2400,ALERT,1
12-2401,ALERT,1
12-2402,ALERT,1
12-2403,ALERT,1
12-2404,ALERT,1
12-2405,ALERT,1
12-2406,ALERT,1
12-2407,ALERT,1
12-2408,ALERT,1
12-2410,ALERT,1
12-2411,ALERT,1
12-2412,ALERT,1
12-2413,ALERT,1
12-2414,DPIPE,1
12-2415,ALERT,1
12-2416,IRRBID,1
1225-005,CHRY5,1
12-2502,AEON1,1
12-2505,AEON5,1
1225-501,CHRY1,1
1225-505,CHRY5,1
1225-605,CHRY5,1
1226-501,CHRY1,1
1226-505,CHRY5,1
1227-405,chris,1
1227-501,CHRY1,1
1227-505,CHRY5,1
12-2760,SLV,1
12-2818,WEATHER,1
12-2818,WEATHERTRAK,1
12-2819,WEATHERTRAK,1
12-2820,WEATHER,1
12-2820,WEATHERTRAK,1
1228-501,CHRY1,1
1228-505,CHRY5,1
1229-124,CHRY24,1
1229-501,CHRY1,1
1229-505,CHRY5,1
1229-905,CHRY5,1
12-3002,CONDUIT,1
12-3002,ELECTRIC,1
12-3005,CONDUIT,1
12-30051,CONDUIT,1
12-3006,CONDUIT,1
12-30061,CONDUIT,1
12-3007,CONDUIT,1
12-3008,CONDUIT,1
12-30081,CONDUIT,1
12-3009,CONDUIT,1
12-30091,CONDUIT,1
12-3010,CONDUIT,1
12-30101,CONDUIT,1
12-3011,CONDUIT,1
12-30111,CONDUIT,1
12-3012,CONDUIT,1
12-30121,CONDUIT,1
1230-124,CIBO24,1
12-3013,CONDUIT,1
1234-001,ALOE1,1
1234-005,ALOE5,1
1234-015,ALOE15,1
1234-025,ALOE5,1
1234-101,ALOE1,1
1234-105,ALOE5,1
1234-115,ALOE15,1
1234-124,ALOE24,1
1234-125,ALOE5,1
1234-201,ALOE1,1
1234-203,ALOE5,1
1234-205,ALOE5,1
1234-215,ALOE15,1
1234-225,ALOE15,1
1234-301,ALOE1,1
1234-305,ALOE5,1
1234-314,ALOE5,1
1234-315,ALOE15,1
1234-325,ALOE24,1
1234-335,ALOE5,1
1234-401,ALOE1,1
1234-405,UMBE5,1
1234-415,ALOE15,1
1234-501,ALOE1,1
1234-515,ALOE15,1
1234-601,ALOE1,1
1234-605,ALOE5,1
1234-615,ALOE15,1
1234-701,ALOE1,1
1234-705,ALOE5,1
1234-715,ALOE15,1
1234-801,ALOE1,1
1234-805,ALOE5,1
1234-815,ALOE15,1
1234-901,ALOE1,1
1234-905,ALOE5,1
1234-915,ALOE15,1
1235-002,ALOE5,1
1235-005,ALOE5,1
1235-015,ALOE15,1
1235-105,ALOE5,1
1235-111,ARTO5,1
1235-205,ALOE5,1
1235-305,ALOE5,1
1235-405,ALOE5,1
1235-505,ALOE5,1
1235-605,ALOE5,1
1235-705,ALOE5,1
1235-805,ALOE5,1
1235-905,ALOE1,1
1236-005,ALOE5,1
1236-101,ALOE1,1
1236-105,ALOE5,1
1236-201,LSBID,1
1236-205,ALOE5,1
1236-305,ALOE5,1
1236-405,ALOE5,1
1236-505,ALOE5,1
1236-605,ALOE5,1
12432-4006,PTS,1
125-040BS,BRASS2,1
125-060BS,BRASS2,1
125-240BS,BRASS2,1
125-300BS,BRASS2,1
125-360BS,BRASS2,1
12-6000,CPIPE,1
12-6001,CPIPE,1
12-6002,CPIPE,1
12-6003,CPIPE,1
12-6003,IRRBID,1
12-6004,CPIPE,1
12-6005,CPIPE,1
12-6006,GAS,1
12-6006,MISC,1
12-6007,CPIPE,1
12-6008,GAS,1
12-6008,IRRBID,1
12-6008,MISC,1
12-6009,LSBID,1
12-6010,GAS,1
12-6010,MISC,1
12-6011,GAS,1
12-6011,IRRBID,1
12-6011,MISC,1
12-6012,GAS,1
12-6013,GAS,1
12-6013,IRRBID,1
12-6013,MISC,1
12-6014,GAS,1
12-6014,MISC,1
12-6015,GAS,1
12-6015,MISC,1
12-6016,GAS,1
12-6016,IRRBID,1
12-6017,IRRBID,1
12-6018,GAS,1
12-6018,IRRBID,1
12-6018,IRRSTOCK,1
12-6019,GAS,1
12-6020,GAS,1
12-6021,GAS,1
12-6022,GAS,1
12-6023,GAS,1
12-6024,GAS,1
1280-136,chio36,1
1290-048,LAUR48,1
1290-115,CINN15,1
1290-124,CINN24,1
1290-130,CINN30,1
1290-136,CINN36,1
1290-148,CINN48,1
1290-149,LAUR48,1
1290-160,CINN60,1
1290-215,CINN15,1
1290-224,CINN24,1
1290-230,CINN30,1
1290-236,CINN36,1
1290-248,CINN48,1
1290-260,CINN60,1
1291-148,LAUR48,1
1298-104,LINER,1
1-3,ALHAMBRA,1
1-3,DCB,1
1-3,DRAIN,1
1300-10,RBRASS,1
1300-115,CHIL15,1
1300-124,CHIL24,1
1300-136,CHIL36,1
1300-205,CHIL15,1
1300-205,CHIL5,1
1300-224,CHIL24,1
1300-236,CHIL36,1
13-0024,TORO,1
13-0026,TORO,1
13-0028,TORO,1
13-0029,TORO,1
1300-324,CHIL24,1
1300-336,CHIL36,1
13-0036,TORO,1
13-0037,TORO,1
13-0038,TORO,1
13-0039,TORO,1
13-0040,TORO,1
13-00401,TORO,1
13-0041,TORO,1
13-00411,TORO,1
13-0042,TORO,1
13-0043,TORO,1
1300-436,CHIL36,1
13-0045,TORO,1
13-0046,TORO,1
13-0047,TORO,1
13-0048,TORO,1
13-0049,TCONT,1
13-0049,TORO,1
13-0049,WEATHERTRAK,1
13-0050,TCONT,1
13-0050,TORO,1
13-0050,WEATHERTRAK,1
13-0051,TORO,1
1300-536,CHIL36,1
13-0060,DRIP LABOR,1
13-0060,IRRBID,1
13-0060,NETAFIM,1
13-0698,HUNTER,1
13-0699,HUNTER,1
13-0700,HUNTER,1
13-0701,HUNTER,1
13-0702,HUNTER,1
13-0703,HUNTER,1
13-0704,HUNTER,1
13-0705,HUNTER,1
13-0706,HUNTER,1
13-0707,HUNTER,1
13-0708,HUNTER,1
13-0709,HUNTER,1
13-0710,HUNTER,1
13-0711,HUNTER,1
13-0712,HUNTER,1
13-0713,HUNTER,1
13-0714,HUNTER,1
13-1009,EZFLO,1
13-1011,PAIGE,1
13-1011,RAINBIRD,1
13-1011,WIRE,1
13-1012,PAIGE,1
13-1012,RAINBIRD,1
13-1012,WIRE,1
13-1013,PAIGE,1
13-1013,RAINBIRD,1
13-1013,WIRE,1
13-1014,EZFLO,1
13-1014,IRRBID,1
13-1015,EZFLO,1
13-1016,EZFLO,1
13-1017,EZFLO,1
13-1018,EZFLO,1
13-1019,EZFLO,1
13-1020,IRRIGATION,1
13-1020,WIRE,1
13-1021,WIRE,1
13-1022,WIRE,1
13-1023,EZFLO,1
13-1024,EZFLO,1
13-1025,EZFLO,1
13-1026,WIRE,1
13-1027,EZFLO,1
13-1028,PAIGE,1
13-1028,WIRE,1
13-1029,RAINMASTER,1
13-1029,WIRE,1
13-1030,WIRE,1
13-1031,RAINMASTER,1
13-1031,WIRE,1
13-1032,WIRE,1
13-1033,PULL,1
13-1033,WIRE,1
13-1034,WIRE,1
13-1035,WIRE,1
13-1036,WIRE,1
13-1037,WIRE,1
13-1038,PAIGE,1
13-1038,WIRE,1
13-1039,PAIGE,1
13-1039,WIRE,1
13-1040,IRRIGATION,1
13-1040,WIRE,1
13-1041,PAIGE,1
13-1041,WIRE,1
13-1042,PAIGE,1
13-1042,WIRE,1
13-1043,PAIGE,1
13-1043,WIRE,1
13-1044,PAIGE,1
13-1044,WIRE,1
13-1045,PAIGE,1
13-1045,WIRE,1
13-1046,PAIGE,1
13-1046,WIRE,1
13-1047,WIRE,1
13-1048,PAIGE,1
13-1048,WIRE,1
13-1049,WIRE,1
13-1050,WIRE,1
13-1051,EZFLO,1
13-1052,PAIGE,1
13-1052,WIRE,1
13-1053,PAIGE,1
13-1053,WIRE,1
13-1054,PAIGE,1
13-1054,WIRE,1
13-1055,PAIGE,1
13-1055,WIRE,1
13-1056,PAIGE,1
13-1056,WIRE,1
13-1057,PAIGE,1
13-1057,WIRE,1
13-1058,EZFLO,1
13-1059,PAIGE,1
13-1059,WIRE,1
13-1060,IRRIGATION,1
13-1060,WIRE,1
13-1061,PAIGE,1
13-1061,WIRE,1
13-1062,PAIGE,1
13-1063,EZFLO,1
13-1065,EZFLO,1
13-1070,WIRE,1
13-1071,WIRE,1
13-1072,WIRE,1
13-1073,WIRE,1
13-1074,WIRE,1
13-1075,WIRE,1
13-1076,WIRE,1
13-1077,WIRE,1
13-1078,WIRE,1
13-1079,WIRE,1
13-1080,IRRIGATION,1
13-1080,WIRE,1
13-1081,WIRE,1
13-1082,WIRE,1
13-1083,MATCO,1
13-1084,EZFLO,1
13-1085,EZFLO,1
13-1086,EZFLO,1
13-1090,WIRE,1
13-1091,PAIGE,1
13-1092,PAIGE,1
13-1093,PAIGE,1
13-1093,WIRE,1
13-1094,PAIGE,1
13-1094,WIRE,1
13-1095,PAIGE,1
13-1100,IRRIGATION,1
13-1100,WIRE,1
13-1120,IRRIGATION,1
13-1120,WIRE,1
13-1129,WIRE,1
13-1140,IRRIGATION,1
13-1140,WIRE,1
13-1145,WIRE,1
13-1150,WIRE,1
13-1160,IRRIGATION,1
13-1160,WIRE,1
13-1161,WIRE,1
13-1162,WIRE,1
13-1163,WIRE,1
13-1164,WIRE,1
13-1165,WIRE,1
13-1166,WIRE,1
13-1167,WIRE,1
13-1168,WIRE,1
13-1169,WIRE,1
13-1170,WIRE,1
13-1171,WIRE,1
13-1172,WIRE,1
13-1174,WIRE,1
13-1175,TUCOR,1
13-1175,WIRE,1
13-1176,TUCOR,1
13-1176,WIRE,1
13-1177,WIRE,1
13-1178,WIRE,1
13-1179,WIRE,1
13-1180,BACKFLOW,1
13-1180,FEBCO,1
13-1180,IRRIGATION,1
13-1181,HUNTER,1
13-1181,WIRE,1
13-1182,HUNTER,1
13-1183,HUNTER,1
13-1184,HUNTER,1
13-1185,HUNTER,1
13-1186,HUNTER,1
13-1187,HUNTER,1
13-1188,HUNTER,1
13-1189,HUNTER,1
13-1190,HUNTER,1
13-1191,HUNTER,1
13-1192,HUNTER,1
13-1193,HUNTER,1
13-1194,HUNTER,1
13-1195,HUNTER,1
13-1196,HUNTER,1
13-1197,HUNTER,1
13-1198,HUNTER,1
13-1199,HUNTER,1
13-1200,BACKFLOW,1
13-1200,FEBCO,1
13-1200,IRRIGATION,1
13-1201,FEBCO,1
13-1202,FEBCO,1
13-1203,FEBCO,1
13-1204,FEBCO,1
13-1205,FEBCO,1
13-1206,FEBCO,1
13-1207,FEBCO,1
13-1208,FEBCO,1
13-1209,FEBCO,1
13-1210,BACKFLOW,1
13-1210,FEBCO,1
13-1211,HUNTER,1
13-1213,FEBCO,1
13-1220,BACKFLOW,1
13-1220,FEBCO,1
13-1220,IRRIGATION,1
13-1221,FEBCO,1
13-1240,BACKFLOW,1
13-1240,FEBCO,1
13-1240,IRRIGATION,1
13-1250,BACKFLOW,1
13-1250,FEBCO,1
13-1251,FEBCO,1
13-1260,BACKFLOW,1
13-1260,FEBCO,1
13-1260,IRRIGATION,1
13-1267,HEADER,1
13-1280,BACKFLOW,1
13-1280,FEBCO,1
13-1280,IRRIGATION,1
13-1300,BACKFLOW,1
13-1300,FEBCO,1
13-1304,FEBCO,1
13-1305,FEBCO,1
13-1306,FEBCO,1
13-1310,FEBCO,1
13-1311,FEBCO,1
13-1312,FEBCO,1
13-1313,FEBCO,1
13-1320,BACKFLOW,1
13-1320,FEBCO,1
13-1331,TORO,1
13-1334,HUNTER,1
13-1340,FEBCO,1
13-1360,BACKFLOW,1
13-1360,FEBCO,1
13-1360,IRRIGATION,1
13-1361,BACKFLOW,1
13-1361,FEBCO,1
13-1361,IRRIGATION,1
13-1362,FEBCO,1
13-1380,BACKFLOW,1
13-1380,FEBCO,1
13-1380,IRRIGATION,1
13-1397,FEBCO,1
13-1398,FEBCO,1
13-1399,FEBCO,1
13-1400,BACKFLOW,1
13-1400,FEBCO,1
13-1400,IRRIGATION,1
131-4009,PTS,1
13-1401,FEBCO,1
131-4010,PTS,1
13-1402,FEBCO,1
13-1403,FEBCO,1
13-1404,WILKINS,1
13-1405,IRRBID,1
13-1406,FEBCO,1
13-1407,FEBCO,1
13-1408,WATTS,1
13-1410,WATTS,1
13-1411,FEBCO,1
13-1412,FEBCO,1
13-1413,FEBCO,1
13-1414,IRRBID,1
13-1415,FEBCO,1
13-1416,FEBCO,1
13-1417,FEBCO,1
13-1418,FEBCO,1
13-1419,FEBCO,1
13-1420,IRRIGATION,1
13-1420,WILKINS,1
13-1421,WILKINS,1
13-1422,WILKINS,1
13-1423,WILKINS,1
13-1424,WILKINS,1
13-1425,WILKINS,1
13-1426,FEBCO,1
13-1427,FEBCO,1
13-1428,FEBCO,1
13-1429,IRRBID,1
13-1429,SPOOL,1
13-1430,WATTS,1
13-1431,WATTS,1
13-1432,WATTS,1
13-1433,WATTS,1
13-1434,WILKINS,1
13-1435,IRRBID,1
13-1435,SPOOL,1
13-1436,WATTS,1
13-1437,WILKINS,1
13-1438,WATTS,1
13-1439,IRRBID,1
13-1439,WILKINS,1
13-1440,IRRIGATION,1
13-1440,WILKINS,1
13-1441,WILKINS,1
13-1442,WILKINS,1
13-1443,FEBCO,1
13-1444,FEBCO,1
13-1445,SPOOL,1
13-1446,WILKINS,1
13-1447,WILKINS,1
13-1448,FITTING,1
13-1449,SPOOL,1
13-1450,SPOOL,1
13-1451,FEBCO,1
13-1460,IRRIGATION,1
13-1460,WILKINS,1
13-1461,WATTS,1
13-1462,WATTS,1
13-1463,WILKINS,1
13-1464,WILKINS,1
13-1465,WILKINS,1
13-1480,IRRIGATION,1
13-1480,WILKINS,1
13-1481,WILKINS,1
13-1482,WILKINS,1
13-1483,WILKINS,1
13-1487,WILKINS,1
13-1488,WILKINS,1
13-1500,IRRIGATION,1
13-1500,WILKINS,1
13-1501,WILKINS,1
13-1505,WILKINS,1
13-1506,WILKINS,1
13-1507,WILKINS,1
13-1508,WILKINS,1
13-1509,WILKINS,1
13-1510,WILKINS,1
13-1511,WILKINS,1
13-1517,WILKINS,1
13-1520,IRRIGATION,1
13-1520,WILKINS,1
13-1540,WILKINS,1
13-1560,IRRIGATION,1
13-1560,WILKINS,1
13-1570,WILKINS,1
13-1571,WILKINS,1
13-1575,WILKINS,1
13-1576,WILKINS,1
13-1577,WILKINS,1
13-1578,WILKINS,1
13-1580,IRRIGATION,1
13-1580,WILKINS,1
13-1581,WILKINS,1
13-1582,WILKINS,1
13-1583,WILKINS,1
13-1584,WILKINS,1
13-1585,WILKINS,1
13-1586,WILKINS,1
13-1587,WILKINS,1
13-1588,WILKINS,1
13-1591,WILKINS,1
13-1592,WILKINS,1
13-1593,WILKINS,1
13-1594,WILKINS,1
13-1595,WILKINS,1
13-1596,WILKINS,1
13-1597,WILKINS,1
13-1598,WILKINS,1
13-15981,WILKINS,1
13-1599,WILKINS,1
13-1600,IRRIGATION,1
13-1601,WILKINS,1
13-1602,WILKINS,1
13-1605,WILKINS,1
13-1606,WILKINS,1
13-1607,WILKINS,1
13-1609,WILKINS,1
13-1610,WILKINS,1
13-1612,WILKINS,1
13-1614,WILKINS,1
13-1615,WILKINS,1
13-1616,WILKINS,1
13-1617,WILKINS,1
13-1618,WILKINS,1
13-1619,WILKINS,1
13-1620,MATCO,1
13-1621,WILKINS,1
13-1622,WILKINS,1
13-1623,WILKINS,1
13-1624,WILKINS,1
13-1625,WILKINS,1
13-1626,WILKINS,1
13-1627,WILKINS,1
13-1628,IRRBID,1
13-1629,WILKINS,1
13-1630,WILKINS,1
13-1631,WILKINS,1
13-1632,WILKINS,1
13-1633,WILKINS,1
13-1634,WILKINS,1
13-1635,WILKINS,1
13-1636,WILKINS,1
13-1637,WILKINS,1
13-1694,WILKINS,1
13-1695,WILKINS,1
13-1696,WILKINS,1
13-1697,WILKINS,1
13-1698,WATTS,1
13-1699,WILKINS,1
13-1700,WATTS,1
13-1701,WATTS,1
13-1702,WATTS,1
13-1703,WATTS,1
13-1704,WATTS,1
13-1705,WATTS,1
13-1706,WATTS,1
13-1707,WATTS,1
13-1708,WATTS,1
13-1710,WATTS,1
13-1711,WATTS,1
13-1720,WILKINS,1
13-1721,WILKINS,1
13-17211,WILKINS,1
13-1722,WILKINS,1
13-1723,WILKINS,1
13-1724,WILKINS,1
13-1725,WILKINS,1
13-1726,WILKINS,1
13-1727,WILKINS,1
13-1728,WILKINS,1
13-1729,WILKINS,1
13-1730,WILKINS,1
13-1731,WILKINS,1
13-1732,WILKINS,1
13-1733,WILKINS,1
13-1740,WILKINS,1
13-1741,WILKINS,1
13-1742,WILKINS,1
13-1743,WILKINS,1
13-1744,WILKINS,1
13-1745,WILKINS,1
13-1746,WILKINS,1
13-1747,WILKINS,1
13-1748,WILKINS,1
13-1749,WILKINS,1
13-1750,WILKINS,1
13-1751,WILKINS,1
13-1752,WILKINS,1
13-1753,WILKINS,1
13-1754,WILKINS,1
13-1755,WILKINS,1
13-1756,WILKINS,1
13-1757,WILKINS,1
13-1758,WILKINS,1
13-1759,WILKINS,1
13-1760,WILKINS,1
13-1761,WILKINS,1
13-1762,WILKINS,1
13-1811,WILKINS,1
13-1812,WILKINS,1
13-1813,WILKINS,1
13-1814,WILKINS,1
13-1815,WILKINS,1
13-1816,WILKINS,1
13-1817,WILKINS,1
13-1818,WILKINS,1
13-1819,WILKINS,1
13-1820,WILKINS,1
13-1821,WILKINS,1
13-1822,WILKINS,1
13-2000,WEATHERMATIC,1
13-2001,WEATHERMATIC,1
13-2002,WEATHERMATIC,1
13-2003,WEATHERMATIC,1
13-2004,WEATHERMATIC,1
13-2005,WEATHERMATIC,1
13-2006,WEATHERMATIC,1
13-2008,WEATHERMATIC,1
13-2009,WEATHERMATIC,1
13-2010,ML,1
13-2020,ML,1
13-2030,ML,1
13-2040,ML,1
13-2050,ML,1
1320-501,CISS1,1
1320-505,CISS5,1
1320-515,CISS15,1
13-2060,ML,1
13-2070,ML,1
13-2080,ML,1
13-2090,ML,1
13-2100,ML,1
13-2110,ML,1
1321-105,DEND5,1
13-2120,ML,1
13-2130,ML,1
13-2135,ML,1
13-2136,ML,1
13-21361,ML,1
13-2137,ML,1
13-2140,ML,1
13-2145,ML,1
13-2150,ML,1
13-2155,ML,1
13-2160,ML,1
13-2165,ML,1
13-2166,ML,1
13-2167,HDPE,1
13-2168,HDPE,1
13-2170,ML,1
13-2180,ML,1
13-2190,ML,1
13-2200,ML,1
13-2220,ML,1
13-2230,ML,1
13-2240,ML,1
13-2250,ML,1
1322-501,CISS1,1
1322-505,CISS5,1
1322-515,CISS15,1
13-2260,ML,1
13-2270,ML,1
13-2280,ML,1
13-2290,ML,1
13-2300,ML,1
13-2301,ML,1
13-2302,ML,1
13-2303,ML,1
13-2304,ML,1
13-23041,ML,1
13-2305,ML,1
13-2306,ML,1
13-2307,ML,1
13-2310,LAT,1
13-2320,LAT,1
13-2330,LAT,1
13-2340,LAT,1
13-2350,LAT,1
1323-501,CISS1,1
1323-505,CISS5,1
1323-515,CISS15,1
13-2360,LAT,1
13-2370,LAT,1
13-2380,LAT,1
13-2390,LAT,1
13-2400,LAT,1
13240-199,RAINBIRD,1
13240-199,RDRIP,1
13240-200,RAINBIRD,1
13240-200,RDRIP,1
13240-201,RAINBIRD,1
13240-201,RDRIP,1
13240-202,RAINBIRD,1
13240-202,RDRIP,1
13240-203,RAINBIRD,1
13240-203,RDRIP,1
13240-204,RAINBIRD,1
13240-204,RDRIP,1
13240-205,RAINBIRD,1
13240-205,RDRIP,1
13240-206,RAINBIRD,1
13240-206,RDRIP,1
13240-207,RDRIP,1
13240-208,RAINBIRD,1
13240-208,RDRIP,1
13240-215,SALCO,1
13240-216,SALCO,1
13240-217,SALCO,1
13240-218,NDS,1
13240-218,SALCO,1
13240-239,RAINBIRD,1
13240-239,RDRIP,1
13240-240,RAINBIRD,1
13240-240,RDRIP,1
13240-241,RAINBIRD,1
13240-241,RDRIP,1
13240-242,RAINBIRD,1
13240-242,RDRIP,1
13240-243,RAINBIRD,1
13240-243,RDRIP,1
13-2410,LAT,1
1324-144,RDRIP,1
1324-145,RDRIP,1
1324-146,RDRIP,1
13-2420,LAT,1
13-2430,LAT,1
13-2440,LAT,1
13-2450,LAT,1
1324-501,CISS1,1
1324-505,CISS5,1
13-2460,LAT,1
13-2470,LAT,1
13-2480,LAT,1
13-2481,LAT,1
13-2482,LAT,1
13-2483,LAT,1
13-2500,LAT,1
13-2501,POLY,1
13-2502,POLY,1
13-2503,POLY,1
13-2504,POLY,1
13-2505,HAYWARD,1
13-2505,IRRBID,1
13-2510,LAT,1
1325-101,HESP1,1
13-2520,LAT,1
1325-201,HESP1,1
13-2530,LAT,1
13-2540,LAT,1
13-2550,LAT,1
13-2560,LAT,1
13-2570,LAT,1
13-2580,LAT,1
13-2590,IRRBID,1
13-2590,IRRIGATION,1
13-2590,LAT,1
13-2600,SLV,1
13-2610,SLV,1
13-2612,SLV,1
13-2616,SLV,1
13-2620,SLV,1
13-2630,SLV,1
13-2640,SLV,1
13-2650,SLV,1
1326-515,CISS15,1
13-2660,SLV,1
13-2670,SLV,1
13-2671,SLV,1
13-2680,SLV,1
13-2690,SLV,1
13-2700,SLV,1
13-2720,SLV,1
13-2730,SLV,1
13-2740,SLV,1
13-2750,SLV,1
13-2760,SLV,1
13-2761,SLV,1
13-2762,SLV,1
13-2800,WEATHERTRAK,1
13-2801,WEATHER,1
13-2801,WEATHERTRAK,1
13-2802,WEATHER,1
13-2802,WEATHERTRAK,1
13-2803,WEATHER,1
13-2803,WEATHERTRAC,1
13-2803,WEATHERTRAK,1
13-2804,WEATHER,1
13-2804,WEATHERTRAK,1
13-2805,WEATHER,1
13-2805,WEATHERTRAK,1
13-2806,WEATHER,1
13-2806,WEATHERTRAK,1
13-2807,WEATHER,1
13-2807,WEATHERTRAK,1
13-2808,WEATHER,1
13-2808,WEATHERTRAK,1
13-2809,WEATHER,1
13-2809,WEATHERTRAK,1
13-2810,WEATHER,1
13-2810,WEATHERTRAK,1
1328-101,DALE1,1
13-2811,WEATHERTRAK,1
13-2812,WEATHER,1
13-2812,WEATHERTRAK,1
13-2813,WEATHERTRAK,1
13-2814,WEATHER,1
13-2814,WEATHERTRAC,1
13-2814,WEATHERTRAK,1
13-2815,WEATHER,1
13-2815,WEATHERTRAC,1
13-2815,WEATHERTRAK,1
13-2816,PAIGE,1
13-2816,WIRE,1
13-2817,WEATHER,1
13-2817,WEATHERTRAK,1
13-2818,WEATHER,1
13-2818,WEATHERTRAK,1
13-2819,IMPERIAL,1
13-2819,IRRBID,1
13-2819,IRRSTOCK,1
13-2820,PAIGE,1
13-2820,WEATHERTRAK,1
13-2820,WIRE,1
13-2821,WEATHERTRAK,1
13-2822,WEATHERTRAK,1
13-2823,WEATHERTRAK,1
13-2824,WEATHER,1
13-2824,WEATHERTRAK,1
13-2825,WEATHER,1
13-2825,WEATHERTRAK,1
13-2826,IMPERIAL,1
13-2826,IRRBID,1
1328-501,DALE5,1
1328-505,DALE5,1
13-3001,WATTS,1
13-3002,WATTS,1
13-3003,WATTS,1
13-3004,WATTS,1
13-3005,WATTS,1
13-3006,WATTS,1
13-3007,WATTS,1
13-30071,CONDUIT,1
1330-105,CIST5,1
1330-401,CIST1,1
1330-405,CIST5,1
1330-501,CIST1,1
1330-505,CIST5,1
1330-601,CIST1,1
1330-605,CIST5,1
1330-701,CIST1,1
1330-705,CIST5,1
1330-801,CIST1,1
1330-805,CIST5,1
1330-905,CIST5,1
1331-115,AVOC15,1
1331-405,CIST5,1
1331-501,CIST1,1
1331-505,CIST5,1
1331-506,CIST5,1
1331-605,CIST5,1
1331-701,CIST1,1
1331-705,CIST5,1
1332-305,CIST5,1
1332-401,CIST1,1
1332-501,CIST1,1
1333-501,CIST1,1
13-3399,WATTS,1
1334-501,CIST1,1
1334-505,CIST5,1
1335-501,CIST1,1
1335-505,CIST5,1
1335-515,CIST15,1
1335-601,CIST1,1
1336-505,CIST5,1
1336-590,CIST1,1
1337-501,CIST1,1
13-4000,WATTS,1
13-4001,WATTS,1
13-4002,WATTS,1
13-4003,WATTS,1
1340-036,CITR36,1
13-4004,WATTS,1
13-4005,WATTS,1
13-4006,WATTS,1
13-4007,WATTS,1
13-4008,DCB,1
13-4009,WATTS,1
13-4010,WATTS,1
13-4011,WATTS,1
13-4013,WATTS,1
13-4014,WATTS,1
13-4015,WATTS,1
13-4016,WATTS,1
13-4017,WATTS,1
13-4018,WATTS,1
13-4019,WATTS,1
13-4020,WATTS,1
13-4021,WATTS,1
13-4022,WATTS,1
1340-224,CITR24,1
13-4023,WATTS,1
13-4024,WATTS,1
13-4025,WATTS,1
13-40251,WATTS,1
13-4026,WATTS,1
13-4027,WATTS,1
13-4028,WATTS,1
13-4029,WATTS,1
13-4030,WATTS,1
13-4031,WATTS,1
1340-315,CITR15,1
13-4032,WATTS,1
1340-324,CITR24,1
13-4033,WATTS,1
13-4034,WATTS,1
13-4035,WATTS,1
13-4036,WATTS,1
13-4037,WATTS,1
13-4038,WATTS,1
13-4039,WATTS,1
13-4040,WATTS,1
13-4041,WATTS,1
1340-415,CITR15,1
13-4042,WATTS,1
13-4043,WATTS,1
13-4044,WATTS,1
13-4045,WATTS,1
13-4046,WATTS,1
13-4047,WATTS,1
13-4049,WATTS,1
13-4050,WATTS,1
13-4051,WATTS,1
1340-515,CITR15,1
13-4052,WATTS,1
1340-524,CITR24,1
13-4053,WATTS,1
13-4054,WATTS,1
13-4055,WATTS,1
13-4056,WATTS,1
13-4057,WATTS,1
13-4058,WATTS,1
13-4059,WATTS,1
13-4060,WATTS,1
13-4061,WATTS,1
1340-615,CITR15,1
13-4062,WATTS,1
1340-624,CITR24,1
13-4063,WATTS,1
13-4063.1,WATTS,1
13-4064,WATTS,1
13-4065,WATTS,1
13-4066,WATTS,1
13-4067,WATTS,1
13-4068,WATTS,1
13-4069,WATTS,1
13-4070,WATTS,1
13-4071,WATTS,1
1340-715,CITR15,1
13-4072,WATTS,1
1340-724,CITR24,1
1340-725,CITR24,1
1340-726,CITR24,1
1340-727,CITR24,1
13-4073,WATTS,1
13-4076,WATTS,1
1340-815,CITR15,1
1340-824,CITR24,1
1340-915,CITR15,1
1340-924,CITR24,1
1341-015,CITR15,1
1341-024,CITR24,1
1341-036,CITR36,1
1341-115,CITR15,1
1341-124,CITR24,1
1341-136,CITR36,1
1341-148,CITR36,1
1341-215,CITR15,1
1341-224,CITR24,1
1341-236,CITR36,1
1341-315,CITR15,1
1341-324,CITR24,1
1341-336,CITR36,1
13-4140,WATTS,1
13-4141,WATTS,1
1341-415,CITR15,1
13-4142,WATTS,1
1341-424,CITR24,1
13-4143,WATTS,1
1341-436,CITR36,1
13-4144,WATTS,1
1341-515,CITR15,1
1341-524,CITR24,1
1341-536,CITR36,1
13-4155,WATTS,1
13-4156,WATTS,1
13-4157,WATTS,1
13-4158,WATTS,1
13-4159,WATTS,1
13-4160,WATTS,1
13-4161,WATTS,1
1341-615,CITR15,1
13-4162,WATTS,1
1341-624,CITR24,1
1341-636,CITR36,1
13-4164,WATTS,1
13-4165,WATTS,1
1341-715,CITR15,1
1341-724,CITR24,1
1341-736,CITR36,1
1341-815,CITR15,1
1341-824,CITR24,1
1341-836,CITR36,1
1341-915,CITR15,1
1341-924,CITR24,1
1341-936,CITR36,1
13420-001,RDRIP,1
13420-002,RAINBIRD,1
13420-003,RAINBIRD,1
13420-003,RDRIP,1
13420-004,RDRIP,1
13420-005,RDRIP,1
13420-006,RAINBIRD,1
13420-006,RDRIP,1
13420-007,RAINBIRD,1
13420-007,RDRIP,1
13420-008,RDRIP,1
13420-009,IRRBID,1
13420-009,RAINBIRD,1
13420-010,RAINBIRD,1
13420-010,RDRIP,1
13420-011,RAINBIRD,1
13420-011,RDRIP,1
13420-012,RAINBIRD,1
13420-012,RDRIP,1
13420-072,GPH,1
13420-073,RAINBIRD,1
13420-074,GPH,1
13420-075,GPH,1
13420-076,GPH,1
13420-077,GPH,1
13420-078,GPH,1
13420-079,GPH,1
13420-080,RDRIP,1
13420-081,RDRIP,1
13420-082,RAINBIRD,1
13420-082,RDRIP,1
13420-083,RDRIP,1
13420-084,RDRIP,1
13420-085,RDRIP,1
13420-086,RAINBIRD,1
13420-087,RAINBIRD,1
13420-088,RAINBIRD,1
13420-088,RDRIP,1
13420-089,GPH,1
13420-090,GPH,1
13420-0901,GPH,1
13420-0902,GPH,1
13420-0903,GPH,1
13420-0904,GPH,1
13420-091,GPH,1
13420-092,GPH,1
13420-092,IRRBID,1
13420-092,IRRIGATION,1
13420-093,GPH,1
13420-093,IRRIGATION,1
13420-094,GPH,1
13420-095,GPH,1
13420-097,GPH,1
13420-098,1812,1
13420-098,GPH,1
13420-099,GPH,1
13420-100,RAINBIRD,1
13420-100,RDRIP,1
13420-101,RDRIP,1
13420-102,RDRIP,1
13420-103,RDRIP,1
13420-104,RDRIP,1
13420-105,RAINBIRD,1
13420-105,RDRIP,1
13420-106,RDRIP,1
13420-1061,RAINBIRD,1
13420-107,RDRIP,1
13420-108,AGRIFIM,1
13420-109,RDRIP,1
13420-110,SALCO,1
134201-100,ECO,1
134201-100,SALCO,1
134201-101,ECO,1
134201-101,SALCO,1
134201-102,ECO,1
134201-102,SALCO,1
134201-103,GPH,1
13420-111,ROBERTS,1
13420-112,RAINBIRD,1
134201-129,GPH,1
13420-113,IRRBID,1
13420-114,ROBERTS,1
13420-115,SALCO,1
13420-116,BOWSMITH,1
13420-118,RAINBIRD,1
13420-118,RDRIP,1
13420-119,SALCO,1
13420-120,RAINBIRD,1
13420-120,RDRIP,1
13420-121,SALCO,1
13420-122,SALCO,1
13420-123,SALCO,1
13420-124,SALCO,1
13420-125,RAINBIRD,1
13420-125,RDRIP,1
13420-126,SALCO,1
13420-1261,BACKFLOW,1
13420-128,SALCO,1
13420-129,SALCO,1
13420-1291,VALCON,1
13420-130,RAINBIRD,1
13420-130,RDRIP,1
13420-1301,RAINBIRD,1
13420-131,SALCO,1
13420-132,SALCO,1
13420-133,SALCO,1
13420-134,SALCO,1
13420-135,RAINBIRD,1
13420-135,RDRIP,1
13420-136,SALCO,1
13420-137,RDRIP,1
13420-138,RDRIP,1
13420-139,RDRIP,1
13420-141,RDRIP,1
13420-142,RDRIP,1
13420-143,RDRIP,1
13420-144,RDRIP,1
13420-146,RDRIP,1
13420-147,RAINBIRD,1
13420-148,RAINBIRD,1
13420-148,RDRIP,1
13420-149,RDRIP,1
13420-150,IRRBID,1
13420-151,SALCO,1
13420-152,SALCO,1
13420-153,RAINBIRD,1
13420-154,RAINBIRD,1
13420-154,RDRIP,1
13420-155,RDRIP,1
13420-156,RDRIP,1
13420-157,RAINBIRD,1
13420-157,RDRIP,1
13420-158,RAINBIRD,1
13420-158,RDRIP,1
13420-159,RAINBIRD,1
13420-159,RDRIP,1
13420-160,RDRIP,1
13420-160,RVALVE,1
13420-161,RDRIP,1
13420-161,RVALVE,1
13420-162,RDRIP,1
13420-163,RDRIP,1
13420-164,RDRIP,1
13420-165,RDRIP,1
13420-166,RDRIP,1
13420-1661,RAINBIRD,1
13420-1661,RDRIP,1
13420-167,RDRIP,1
13420-168,RDRIP,1
13420-169,RDRIP,1
13420-1691,RAINBIRD,1
13420-1691,RDRIP,1
13420-1692,RDRIP,1
13420-170,RDRIP,1
13420-171,RAINBIRD,1
13420-171,RDRIP,1
13420-172,RDRIP,1
13420-173,RAINBIRD,1
13420-173,RDRIP,1
13420-174,RDRIP,1
13420-175,RAINBIRD,1
13420-175,RDRIP,1
13420-176,IRRBID,1
13420-177,RDRIP,1
13420-1771,RAINBIRD,1
13420-1771,RDRIP,1
13420-178,RDRIP,1
13420-179,RAINBIRD,1
13420-179,RDRIP,1
13420-180,RDRIP,1
13420-181,RAINBIRD,1
13420-181,RDRIP,1
13420-182,RAINBIRD,1
13420-182,RDRIP,1
13420-183,RAINBIRD,1
13420-183,RDRIP,1
13420-184,RAINBIRD,1
13420-184,RDRIP,1
13420-185,RAINBIRD,1
13420-185,RDRIP,1
13420-186,RDRIP,1
13420-187,RAINBIRD,1
13420-187,RDRIP,1
13420-188,RAINBIRD,1
13420-188,RDRIP,1
13420-188,RVALVE,1
13420-189,RAINBIRD,1
13420-189,RDRIP,1
13420-190,RAINBIRD,1
13420-190,RDRIP,1
13420-191,RAINBIRD,1
13420-191,RDRIP,1
13420-192,RDRIP,1
13420-192,RVALVE,1
13420-193,RDRIP,1
13420-194,RDRIP,1
13420-195,RAINBIRD,1
13420-195,RDRIP,1
13420-196,RAINBIRD,1
13420-196,RDRIP,1
13420-197,RAINBIRD,1
13420-197,RDRIP,1
13420-198,RAINBIRD,1
13420-198,RDRIP,1
13420-199,RDRIP,1
13420-200,SALCO,1
13420-201,SALCO,1
13420-202,SALCO,1
13420-203,SALCO,1
13420-204,SALCO,1
13420-205,SALCO,1
13420-206,SALCO,1
13420-207,SALCO,1
13420-208,RVALVE,1
13420-210,SALCO,1
13420-211,SALCO,1
13420-212,SALCO,1
13420-213,SALCO,1
13420-214,SALCO,1
13420-216,SALCO,1
13420-217,SALCO,1
13420-218,SALCO,1
13420-219,RAINBIRD,1
13420-219,RDRIP,1
13420-220,BOWSMITH,1
13420-221,SALCO,1
13420-222,RAINBIRD,1
13420-222,RDRIP,1
13420-223,RDRIP,1
13420-224,RDRIP,1
13420-224,RVALVE,1
13420-225,RAINBIRD,1
13420-225,RVALVE,1
13420-226,RAINBIRD,1
13420-226,RDRIP,1
13420-227,RAINBIRD,1
13420-228,RAINBIRD,1
13420-229,RAINBIRD,1
13420-229,RDRIP,1
13420-230,BOWSMITH,1
13420-231,BOWSMITH,1
13420-232,BOWSMITH,1
13420-233,BOWSMITH,1
13420-234,RAINBIRD,1
13420-234,RDRIP,1
13420-235,RAINBIRD,1
13420-235,RBRASS,1
13420-235,RDRIP,1
13420-236,RAINBIRD,1
13420-237,RAINBIRD,1
13420-238,RAINBIRD,1
13420-238,RDRIP,1
13420-239,RAINBIRD,1
13420-239,RDRIP,1
13420-240,RAINBIRD,1
13420-240,RDRIP,1
13420-241,RAINBIRD,1
13420-241,RDRIP,1
13420-242,RVALVE,1
13420-243,RAINBIRD,1
13420-243,RDRIP,1
13420-244,RAINBIRD,1
13420-244,RDRIP,1
13420-245,SALCO,1
13420-246,SALCO,1
13420-275,GPH,1
13420-276,GPH,1
13420-277,GPH,1
13420-278,GPH,1
13420-279,GPH,1
1342-030,CITR36,1
13420-301,RAINBIRD,1
13420-301,RDRIP,1
13420-302,RAINBIRD,1
13420-302,RDRIP,1
1342-036,CITR36,1
13420-391,RDRIP,1
13420-392,RDRIP,1
13420-393,RAINBIRD,1
13420-393,RDRIP,1
13420-394,RAINBIRD,1
13420-395,RAINBIRD,1
13420-395,RDRIP,1
13420-396,RDRIP,1
13420-397,RDRIP,1
13420-900,RDRIP,1
13420-901,RDRIP,1
13420-902,RDRIP,1
13420-903,RDRIP,1
13420-904,RDRIP,1
13420-905,RDRIP,1
13420-906,RAINBIRD,1
13420-906,RDRIP,1
13420-907,RAINBIRD,1
13420-907,RDRIP,1
13420-908,RAINBIRD,1
13420-908,RDRIP,1
13420-909,RAINBIRD,1
13420-909,RDRIP,1
1342-101,APOLLO,1
1342-103,APOLLO,1
1342-104,APOLLO,1
1342-104,FEBCO,1
1342-105,CITR5,1
1342-106,APOLLO,1
1342-107,APOLLO,1
1342-108,APOLLO,1
1342-109,APOLLO,1
1342-110,APOLLO,1
13421-108,GPH,1
13421-109,GPH,1
1342-111,APOLLO,1
13421-111,GPH,1
13421-112,GPH,1
13421-112,IRRBID,1
13421-113,GPH,1
13421-113,IRRBID,1
13421-114,GPH,1
13421-115,GPH,1
13421-116,GPH,1
13421-117,GPH,1
13421-118,GPH,1
1342-112,APOLLO,1
1342-113,APOLLO,1
1342-136,CITR36,1
13422-144,RDRIP,1
1342-236,CITR36,1
13423-144,RDRIP,1
13423-150,RDRIP,1
1342-336,CITR36,1
13424-144,RDRIP,1
1342-424,CITR24,1
1342-436,CITR36,1
13425-144,RDRIP,1
13426-144,RDRIP,1
1342-736,CITR36,1
13429-199,RDRIP,1
1343-036,CITR36,1
1343-115,CITR15,1
1343-136,CITR24,1
1343-324,CITR24,1
1343-424,CITR24,1
1343-524,CITR24,1
1343-624,CITR24,1
1343-714,CITRIPOT,1
1343-715,CITR15,1
1343-724,CITR24,1
1343-824,CITR24,1
1343-924,CITR24,1
1349-501,CHLO,1
1349-505,CHLO,1
1350-515,CLEM15,1
1350-555,CLEM15,1
1350-605,CLEM15,1
1350-615,CLEM15,1
1350-715,CLEM15,1
1351-015,CLEM15,1
1351-305,CLEM15,1
1351-315,CLEM15,1
1351-505,CLEM15,1
1355-405,CLIV5,1
1355-501,CLIV1,1
1355-505,CLIV5,1
1355-601,CLIV1,1
1355-605,CLIV5,1
1356-501,CLIV1,1
1356-505,CLIV5,1
1356-515,CLIV15,1
1360-505,CLYT5,1
1360-515,CLYT15,1
1-4,ALHAMBRA,1
14-0201,CREATIVE,1
14-0201,DATA,1
14-0202,CREATIVE,1
14-0202,DATA,1
14-0203,CREATIVE,1
14-0203,DATA,1
14-0204,CREATIVE,1
14-0205,CREATIVE,1
14-0206,CREATIVE,1
14-0300,IRRBID,1
14-0400,IRRBID,1
1410-005,COPR5,1
1410-101,COPR1,1
1410-105,PHYL5,1
1410-115,PHYL15,1
1410-215,PHYL15,1
1410-315,PHYL15,1
1410-501,COPR1,1
1410-504,LINER,1
1410-505,COPR5,1
1410-515,COPR15,1
1410-605,COPR5,1
1410-705,COPR5,1
1411-105,ASPI5,1
1411-115,PHYL15,1
1411-205,ASPI5,1
1411-501,COPR1,1
1411-505,COPR5,1
1411-515,COPR15,1
1411-605,COPR1,1
1411-805,COPR5,1
1412-111,COPR1,1
1412-305,COPR5,1
1412-401,COPR1,1
1412-405,COPR5,1
1412-415,COPR15,1
1412-505,COPR5,1
1412-515,COPR15,1
1412-605,COPR5,1
1412-615,COPR15,1
1412-705,COPR5,1
1414-005,ECHE5,1
1414-105,ECHE5,1
1414-205,ECHE5,1
1414-305,ECHE5,1
1414-405,ECHE5,1
1414-505,ECHE5,1
1414-605,ECHE5,1
1414-702,ECHE5,1
1414-705,ECHE5,1
1414-802,ECHE5,1
1414-805,ECHE5,1
1414-810,ECHE5,1
1414-902,ECHE5,1
14-1619,APOLLO,1
14-1620,APOLLO,1
14-1621,APOLLO,1
14-1622,APOLLO,1
14-1623,APOLLO,1
14-1624,APOLLO,1
1420-005,CORD5,1
14-2001,EZFLO,1
1420-015,CORD15,1
1420-101,CORE1,1
1420-105,CORD,1
1420-105,CORD1,1
1420-115,CORD15,1
1420-124,CORD,1
1420-136,CORD,1
1420-136,CORD36,1
1420-148,CORD,1
1420-201,CORE1,1
1420-205,CORD5,1
1420-215,CORD15,1
1420-224,CORD,1
1420-236,CORD36,1
1420-301,CORE1,1
1420-305,CORD5,1
1420-315,CORD15,1
1420-324,CORD24,1
1420-401,CORE1,1
1420-405,CORD5,1
1420-415,CORD15,1
1420-424,CORD24,1
1420-505,CORD5,1
1420-515,CORD15,1
1420-524,CORD24,1
1420-555,CORE1,1
1420-605,CORD5,1
1420-615,CORD15,1
1420-624,CORD24,1
1420-705,CORD5,1
1420-715,CORD15,1
1420-801,CORD1,1
1420-805,CORD5,1
1420-815,CORD15,1
1420-905,CORD5,1
1420-915,CORD15,1
1421-005,CORD5,1
1421-015,CORD15,1
1421-115,CORD15,1
1421-205,CORD,1
1421-215,CORD15,1
1421-224,CORD24,1
1421-305,CORD5,1
1421-315,CORD15,1
1421-405,CORD5,1
1421-415,CORD15,1
1421-505,CORD5,1
14-2608,SLV,1
14-2609,SLV,1
14-2610,SLV,1
14-2620,SLV,1
14-2630,SLV,1
14-2640,SLV,1
14-2650,SLV,1
14-2660,SLV,1
14-2670,SLV,1
14-2680,SLV,1
14-2690,SLV,1
14-2700,SLV,1
14-2710,SLV,1
14-2720,SLV,1
14-2730,SLV,1
14-2731,SLV,1
14-2740,SLV,1
14-2741,ALERT,1
14-2741,SLV,1
14-2750,SLV,1
1428-004,SALCO,1
1454-100,GC,1
1454-105,COTO5,1
1454-205,COTO1,1
1454-301,COTO1,1
1454-305,COTO5,1
1454-401,COTO1,1
1454-501,COTO1,1
1454-505,COTO5,1
1454-601,COTO1,1
1454-605,COTO5,1
1454-701,COTO1,1
1454-705,COTO5,1
1454-805,COTO5,1
1454-905,COTO5,1
1455-501,COTO1,1
1455-515,COTO5,1
1455-805,COTO5,1
1456-105,COTO5,1
1456-205,COTO5,1
1456-501,COTO1,1
1456-505,COTO5,1
1457-501,COTO1,1
1457-505,COTO5,1
1458-501,COTO1,1
1458-605,COTO5,1
1458-705,COTO5,1
1459-005,COTY5,1
1459-015,CRAS15,1
1459-101,CRAS1,1
1459-105,CRAS5,1
1459-115,CRAS5,1
1459-201,CRAS1,1
1459-205,COTY5,1
1459-215,COTY15,1
1459-301,COTY1,1
1459-305,CRAS5,1
1459-315,CRAS15,1
1459-401,COTY1,1
1459-405,COTY5,1
1459-415,CRAS15,1
1459-501,COTY1,1
1459-515,CRAS15,1
1459-601,COTY1,1
1459-605,CRAS5,1
1459-615,CRAS15,1
1459-701,COTY1,1
1459-705,COTY5,1
1459-715,CRAS15,1
1459-805,COTY5,1
1459-815,CRAS15,1
1459-901,CRAS1,1
1459-905,COTY5,1
1459-915,CRAS15,1
1460-605,CYRT5,1
1478-705,COTO5,1
1-5,ALHAMBRA,1
150-040BS,BRASS2,1
150-060BS,BRASS2,1
150-240BS,BRASS2,1
150-300BS,BRASS2,1
150-360BS,BRASS2,1
15-1020,NIPPLE,1
15-1040,NIPPLE,1
15-1060,NIPPLE,1
15-1080,NIPPLE,1
15-1081,NIPPLE,1
15-1100,NIPPLE,1
15-1120,NIPPLE,1
15-1140,NIPPLE,1
15-1160,NIPPLE,1
15-1180,NIPPLE,1
15-1200,NIPPLE,1
15-1220,NIPPLE,1
15-1240,NIPPLE,1
15-1260,NIPPLE,1
15-1280,NIPPLE,1
15-1300,NIPPLE,1
15-1305,NIPPLE,1
15-1310,NIPPLE,1
15-1320,NIPPLE,1
15-1340,NIPPLE,1
15-1360,NIPPLE,1
15-1380,NIPPLE,1
15-1400,NIPPLE,1
15-1421,NIPPLE,1
15-1440,NIPPLE,1
15-1460,NIPPLE,1
15-1470,NIPPLE,1
15-1480,NIPPLE,1
15-1500,NIPPLE,1
15-1520,NIPPLE,1
15-1530,FITTING,1
15-1530,NIPPLE,1
15-1540,NIPPLE,1
15-1560,NIPPLE,1
15-1561,NIPPLE,1
15-1562,NIPPLE,1
15-1563,NIPPLE,1
15-1580,BRASS,1
15-1580,BRASS1,1
15-1580,FITTING,1
15-1581,FITTING,1
15-1582,FITTING,1
15-1583,FITTING,1
15-1584,FITTING,1
15-1585,FITTING,1
15-1586,FITTING,1
15-1590,BRASS,1
15-1590,BRASS1,1
15-1600,BRASS,1
15-1600,BRASS1,1
15-1600,FITTING,1
15-1620,BRASS,1
15-1620,BRASS1,1
15-1620,FITTING,1
15-1640,BRASS,1
15-1640,BRASS1,1
15-1640,FITTING,1
15-1645,BRASS,1
15-1645,BRASS1,1
15-1650,BRASS,1
15-1651,BRASS,1
15-1651,FITTING,1
15-1652,BRASS,1
15-1660,BRASS,1
15-1660,BRASS1,1
15-1660,FITTING,1
15-1660,UNION,1
15-1661,BRASS1,1
15-1661,UNION,1
15-1680,BRASS,1
15-1680,BRASS1,1
15-1680,FITTING,1
15-1680,UNION,1
15-1700,BRASS,1
15-1700,BRASS1,1
15-1700,FITTING,1
15-1700,UNION,1
15-1720,BRASS,1
15-1720,BRASS1,1
15-1720,FITTING,1
15-1720,UNION,1
15-1721,BRASS,1
15-1721,UNION,1
15-1722,BRASS1,1
15-1722,UNION,1
15-1723,UNION,1
15-1725,BRASS,1
15-1725,BRASS1,1
15-1729,NIPPLE,1
15-1730,NIPPLE,1
15-1740,BRASS,1
15-1740,BRASS1,1
15-1740,NIPPLE,1
15-1750,BRASS,1
15-1750,BRASS1,1
15-1750,NIPPLE,1
15-1751,BRASS,1
15-1760,BRASS,1
15-1760,BRASS1,1
15-1760,NIPPLE,1
15-1761,BRASS,1
15-1780,BRASS,1
15-1780,BRASS1,1
15-1780,NIPPLE,1
15-1800,BRASS,1
15-1800,BRASS1,1
15-1800,NIPPLE,1
15-1820,BRASS,1
15-1820,BRASS1,1
15-1820,NIPPLE,1
15-1823,BRASS,1
15-1824,BRASS,1
15-1825,GALV,1
15-1825,NIPPLE,1
15-1826,NIPPLE,1
15-1880,BRASS,1
15-1880,BRASS1,1
15-1880,NIPPLE,1
15-1900,BRASS,1
15-1900,BRASS1,1
15-1900,NIPPLE,1
15-1920,BRASS,1
15-1920,BRASS1,1
15-1920,NIPPLE,1
15-1940,BRASS,1
15-1940,BRASS1,1
15-1940,NIPPLE,1
15-1960,BRASS,1
15-1960,BRASS1,1
15-1960,NIPPLE,1
15-1970,BRASS,1
15-1970,BRASS1,1
15-1970,NIPPLE,1
15-1980,BRASS,1
15-1980,BRASS1,1
15-1980,NIPPLE,1
15-2000,BRASS,1
15-2000,BRASS1,1
15-2000,NIPPLE,1
1520-105,CUPA5,1
1520-115,CUPA15,1
1520-124,CUPA24,1
1520-130,CUPA30,1
1520-136,CUPA36,1
1520-148,CUPA48,1
1520-160,CUPA60,1
1520-172,CUPA72,1
15-2020,BRASS,1
15-2020,BRASS1,1
15-2020,NIPPLE,1
1520-205,CUPA5,1
15-2021,BRASS1,1
1520-215,CUPA15,1
15-2022,BRASS1,1
1520-224,CUPA24,1
15-2023,BRASS1,1
1520-230,CUPA30,1
1520-236,CUPA36,1
15-2024,BRASS,1
1520-242,CUPA42,1
1520-243,CUPA42,1
1520-248,CUPA48,1
1520-260,CUPA60,1
1520-272,CUPA72,1
1520-348,CUPA48,1
15-2040,BRASS,1
15-2040,BRASS1,1
15-2040,NIPPLE,1
15-2041,BRASS,1
15-2042,BRASS,1
15-2042,NIPPLE,1
15-2050,NIPPLE,1
15-2060,BRASS,1
15-2060,BRASS1,1
15-2060,NIPPLE,1
15-2070,NIPPLE,1
15-2080,BRASS,1
15-2080,BRASS1,1
15-2080,NIPPLE,1
15-2100,BRASS,1
15-2100,BRASS1,1
15-2100,NIPPLE,1
15-2120,BRASS,1
15-2120,BRASS1,1
15-2120,NIPPLE,1
15-2121,BRASS,1
15-2121,NIPPLE,1
15-2123,BRASS,1
15-2125,BRASS,1
15-2125,BRASS1,1
15-2126,BRASS,1
15-2126,BRASS1,1
15-2127,BRASS,1
15-2127,BRASS1,1
15-2128,BRASS,1
15-2128,BRASS1,1
15-2128,UNION,1
15-2129,BRASS,1
15-2129,BRASS1,1
15-2129,UNION,1
15-2130,BRASS,1
15-2130,BRASS1,1
15-2131,BRASS,1
15-2131,NIPPLE,1
15-2132,BRASS,1
15-2132,NIPPLE,1
15-2133,BRASS,1
15-2133,NIPPLE,1
15-2140,BRASS,1
15-2140,BRASS1,1
15-2145,BRASS,1
15-2145,NIPPLE,1
15-2150,BRASS,1
15-2150,BRASS1,1
15-2150,NIPPLE,1
15-2160,BRASS,1
15-2160,BRASS1,1
15-2160,NIPPLE,1
15-2166,BRASS,1
15-2166,BRASS1,1
15-2167,BRASS,1
15-2167,BRASS1,1
15-2168,BRASS,1
15-2169,BRASS,1
15-2170,BRASS,1
15-2171,BRASS,1
15-2175,IRRBID,1
15-2600,SLV,1
15-2610,SLV,1
15-2615,SLV,1
15-2616,SLV,1
15-2617,SLV,1
15-2620,SLV,1
15-2630,SLV,1
15-2640,SLV,1
15-2650,SLV,1
15-2660,SLV,1
15-2670,SLV,1
15-2680,SLV,1
15-2690,SLV,1
15-2700,SLV,1
15-2710,SLV,1
15-2720,SLV,1
15-2730,SLV,1
15-2740,SLV,1
15-2750,SLV,1
15-2760,SLV,1
15-2770,SLV,1
15-2780,SLV,1
15-2790,SLV,1
15-2800,SLV,1
15-2810,SLV,1
15-2820,SLV,1
15-2830,SLV,1
15-2840,SLV,1
15-2850,SLV,1
15-2860,SLV,1
15-2870,SLV,1
15-2880,SLV,1
15-2890,SLV,1
1530-160,CUPA60,1
1540-115,CUPR15,1
1540-124,CUPR24,1
1540-136,CUPR36,1
1540-236,CUPR36,1
1540-505,CUPR5,1
15411-1018,TORO,1
1570-124,CUPR24,1
1572-015,CUPR15,1
1572-115,CUPR15,1
1572-124,CUPR24,1
1572-125,CUPR24,1
1572-136,CUPR36,1
1572-210,CUPR36,1
1572-212,CUPR36,1
1572-215,CUPR36,1
1572-224,CUPR24,1
1572-236,CUPR36,1
1572-315,CUPR15,1
1572-316,CUPR15,1
1572-317,CUPR15,1
1572-324,CUPR24,1
1572-336,CUPR36,1
1572-405,CUPR5,1
1572-415,CUPR15,1
1572-424,CUPR24,1
1572-436,CUPR36,1
1572-505,CUPR5,1
1572-515,CUPR15,1
1572-524,CUPR24,1
1572-536,CUPR36,1
1572-605,CUPR5,1
1572-615,CUPR15,1
1572-624,CUPR24,1
1572-705,CUPR5,1
1572-715,CUPR15,1
1572-805,CUPR5,1
1580-205,LSBID,1
1580-236,LSBID,1
1582-104,AC,1
1582-104,GC,1
1590-405,CYPE5,1
1590-505,CYPE5,1
1590-515,CYPE15,1
1590-615,CYPE15,1
1590-715,CYPE15,1
1591-501,DABO1,1
1591-505,CYPE5,1
1591-515,CYPE15,1
1591-516,CYPE15,1
1595-101,CORR1,1
1595-201,CORR1,1
1595-605,CYTI5,1
1596-501,CORT,1
1596-505,CORT,1
1596-505,CORT5,1
1597-505,CORT,1
1597-505,CORT5,1
1-6,ALHAMBRA,1
1624-205,EUGE5,1
1624-305,EUGE5,1
1624-405,EUGE5,1
1629-105,DEMD5,1
1630-001,DIAN1,1
1630-005,DIAN5,1
1630-101,DIAN1,1
1630-105,DIAN5,1
1630-201,DIAN1,1
1630-205,DIAN5,1
1630-301,DIAN1,1
1630-305,DIAN5,1
1630-401,DIAN1,1
1630-402,DIAN5,1
1630-405,DIAN5,1
1630-501,DIAN1,1
1630-505,DIAN5,1
1630-601,DICH1,1
1630-605,DIAN5,1
1630-701,DIAN1,1
1630-705,DIAN5,1
1630-801,DIAN1,1
1630-805,DIAN5,1
1630-901,DIAN1,1
1630-905,DIAN5,1
1631-001,DIAN1,1
1631-005,DIAN5,1
1631-101,DIAN1,1
1631-102,DIAN5,1
1631-105,DIAN5,1
1631-201,DIAN1,1
1631-205,DIAN5,1
1631-301,DIAN1,1
1631-305,DIAN5,1
1631-401,DIAN1,1
1631-405,DIAN5,1
1631-501,DIAN1,1
1631-505,DIAN5,1
1631-601,DIAN1,1
1631-605,DIAN5,1
1631-701,DIAN1,1
1631-705,DIAN5,1
1632-101,DICE1,1
1640-005,DIET5,1
1640-105,DIET5,1
1640-115,DIET15,1
1640-205,DIET5,1
1640-215,DIET15,1
1640-301,DIET1,1
1640-305,DIET5,1
1640-315,DIET15,1
1640-401,DIET1,1
1640-405,DIET5,1
1640-415,DIET15,1
1640-501,DIET1,1
1640-501,MORA1,1
1640-502,DIET1,1
1640-505,DIET5,1
1640-505,MORA5,1
1640-515,DIET15,1
1640-601,DIET1,1
1640-605,DIET5,1
1640-615,DIET15,1
1640-701,DIET1,1
1640-705,DIET5,1
1640-801,DIET1,1
1640-805,DIET5,1
1640-901,DIET1,1
1640-905,DIET5,1
1641-111,DIET15,1
1641-501,DIET1,1
1641-501,MORA1,1
1641-505,DIET5,1
1641-505,MORA5,1
1641-515,DIET15,1
1642-501,DIET1,1
1643-124,DRAC,1
1643-124,DRAC24,1
1643-130,DRAC24,1
1643-136,DRAC,1
1643-136,DRAC36,1
1643-224,DRAC,1
1643-224,DRAC24,1
1643-236,DRAC,1
1643-236,DRAC36,1
1643-248,DRAC,1
1643-248,DRAC48,1
1643-324,DRAC,1
1643-324,DRAC36,1
1643-336,DRAC36,1
1643-424,DRAC36,1
1643-436,DRAC36,1
1643-515,DRAC,1
1643-515,DRAC15,1
1643-524,DRAC,1
1643-524,DRAC24,1
1643-560,DRAC,1
1643-560,DRAC60,1
1643-615,DRAC,1
1643-615,DRAC15,1
1643-624,DRAC,1
1643-624,DRAC24,1
1643-670,DRAC,1
1643-670,DRAC72,1
1643-705,DRAC,1
1643-715,DRAC,1
1643-715,DRAC15,1
1643-724,DRAC24,1
1645-001,HEDE15,1
1645-101,DIST1,1
1645-105,BIGN5,1
1645-105,DIST5,1
1645-115,BIGN15,1
1645-201,BIGN5,1
1645-205,BIGN5,1
1645-301,DIST1,1
1645-305,BIGN5,1
1645-401,DIST1,1
1645-505,DIST5,1
1645-506,HEDE,1
1645-510,HEDE,1
1645-511,GC,1
1645-511,HEDE,1
1645-512,HEDE,1
1645-513,HEDE,1
1645-514,GC,1
1645-515,DIST15,1
1645-516,GC,1
1645-615,BIGN15,1
1645-715,BIGN15,1
1645-915,BIGN15,1
1646-201,PHAC1,1
1646-260,BISC60,1
1646-505,DIST5,1
1646-515,DIST15,1
1646-605,BLEC5,1
1646-615,PHAE15,1
1650-005,COLE5,1
1650-005,DIOS5,1
1650-015,COLE15,1
1650-015,DIOS15,1
1650-501,COLE1,1
1650-501,DIOS,1
1650-501,DIOS1,1
1650-505,COLE5,1
1650-505,DIOS,1
1650-505,DIOS5,1
1650-515,COLE15,1
1650-515,DIOS,1
1650-515,DIOS15,1
1650-601,COLE1,1
1650-601,DIOS1,1
1650-605,COLE5,1
1650-605,DIOS5,1
1650-705,COLE5,1
1650-705,DIOS,1
1650-715,COLE15,1
1650-715,DIOS15,1
1651-006,AC,1
1651-006,COLOR,1
1651-105,CODI5,1
1651-505,COLE5,1
1651-505,DIOS,1
1651-505,DIOS5,1
1652-006,AC,1
1652-006,COLOR,1
1652-101,HELI1,1
1652-104,GC,1
1652-108,GC,1
1653-006,AC,1
1653-006,COLOR,1
1660-415,DODO15,1
1660-424,DODO24,1
1660-501,DODO,1
1660-505,DODO,1
1660-505,DODO5,1
1660-515,DODO,1
1660-515,DODO1,1
1660-515,DODO15,1
1660-524,DODO24,1
1660-605,DODO5,1
1660-615,DODO15,1
1660-715,DODO15,1
1661-501,DODO1,1
1670-505,ARAL,1
1670-515,ARAL,1
1670-524,ARAL,1
1675-524,DYPS15,1
1676-104,GC,1
1679-105,ECHI5,1
1679-115,ECHI15,1
1679-305,ECHI5,1
1679-915,ECHI15,1
1680-007,IRRBID,1
1680-007,PUMP,1
1680-015,ECHI15,1
1680-105,ECHI15,1
1680-105,ECHI5,1
1680-201,ECHI15,1
1680-205,ECHI15,1
1680-505,ECHI5,1
1680-515,ECHI15,1
1680-605,ECHI5,1
1680-615,ECHI15,1
1680-705,ECHI5,1
1680-715,ECHI15,1
1682-100,LINER,1
1682-501,CONV1,1
1682-601,CONV1,1
1682-604,LINER,1
1682-901,CONV1,1
1690-105,HYDR5,1
1690-115,HYDR15,1
1690-205,HYDR5,1
1690-305,ELAE5,1
1690-305,ELEA5,1
1690-404,GC,1
1690-404,LINER,1
1690-405,HYDR5,1
1690-415,ELAE,1
1690-501,ELAE,1
1690-501,ELAE1,1
1690-505,ELAE5,1
1690-505,ELEA5,1
1690-515,ELAE15,1
1690-605,ELAE5,1
1690-605,ELEA5,1
1690-615,ELAE15,1
1690-624,ELEA24,1
1690-705,ELAE5,1
1690-705,ELEA5,1
1690-715,ELAE,1
1690-905,HYDR5,1
1691-005,HYDR5,1
1691-105,HYDR5,1
1691-205,HYDR5,1
1691-305,HYDR5,1
1691-405,HYDR5,1
1691-501,ELAE,1
1691-501,ELAE1,1
1691-505,HYDR5,1
1691-515,ELAE5,1
1692-501,ELAE,1
1692-501,ELAE1,1
1692-505,ELAE5,1
1692-505,ELEA5,1
1692-555,ELAE,1
1693-124,ELIO24,1
1693-224,ELIO24,1
1693-324,ELIO24,1
1695-101,LOMA1,1
1696-005,LOMA5,1
1696-101,LOMA1,1
1696-105,LOMA5,1
1696-201,LOMA1,1
1696-205,LOMA1,1
1696-301,LOMA1,1
1696-305,LOMA5,1
1696-401,LOMA1,1
1696-405,LOMA5,1
1696-415,LOMA15,1
1696-501,LOMA1,1
1696-505,LOMA5,1
1696-515,LOMA15,1
1696-601,LOMA1,1
1696-605,LOMA5,1
1696-615,LOMA15,1
1696-701,LOMA1,1
1696-705,LOMA5,1
1696-801,LOMA1,1
1696-805,LOMA5,1
1696-901,LOMA1,1
1696-905,LOMA5,1
1697-005,LOMA5,1
1697-105,LOMA5,1
1-7,ALHAMBRA,1
1700-505,ENSE5,1
1700-515,ENSE15,1
1701-505,ENSE5,1
1701-515,ENSE15,1
1702-115,EQUI15,1
1703-101,EREM1,1
1703-105,EREM5,1
1703-201,EREM1,1
1703-205,EREM5,1
1703-405,EREM5,1
1703-805,EREM5,1
1703-905,EREM5,1
1746-505,DIST5,1
1750-101,ERIO1,1
1750-105,ERIO5,1
1750-115,ERIO15,1
1750-124,ERIO24,1
1750-136,ERIO36,1
1750-201,ERIO1,1
1750-205,ERIO5,1
1750-215,ERIO15,1
1750-224,ERIO24,1
1750-236,ERIO36,1
1750-248,ERIO48,1
1750-305,ERIO5,1
1750-315,ERIO15,1
1750-324,ERIO24,1
1750-336,ERIO36,1
1750-348,ERIO48,1
1750-415,ERIO15,1
1750-505,CITR5,1
1750-515,CITR15,1
1751-215,ERIO15,1
1751-224,ERIO24,1
1751-505,ERIO5,1
1751-515,ERIO15,1
1751-524,ERIO24,1
1752-024,ERIO24,1
1752-124,ERIO24,1
1752-136,ERIO36,1
1752-148,ERIO48,1
1752-236,ERIO36,1
1752-248,ERIO48,1
1752-348,ERIO48,1
1753-305,ERIO5,1
1753-405,ERIO5,1
1753-505,ERIO5,1
1753-601,ERIO1,1
1753-605,ERIO5,1
1753-705,ERIO5,1
1754-105,ERIO5,1
1754-500,GC,1
1754-501,ERIG1,1
1754-505,ERIO5,1
1754-511,ERIG1,1
1754-601,ERIG1,1
1754-701,ERIG1,1
1755-103,GC,1
1790-136,ERYT,1
1790-136,ERYT36,1
1790-142,ERYT,1
1790-142,ERYT36,1
1790-148,ERYT48,1
1790-160,ERYT60,1
1790-205,ERYT,1
1790-215,ERYT,1
1790-215,ERYT15,1
1790-224,ERYT,1
1790-224,ERYT24,1
1790-236,ERYT,1
1790-236,ERYT36,1
1790-248,ERYT,1
1790-248,ERYT48,1
1790-260,ERYT,1
1790-260,ERYT60,1
1790-272,ERYT,1
1790-272,ERYT72,1
1790-348,ERYT,1
1790-348,ERYT48,1
1790-360,ERYT,1
1790-360,ERYT60,1
1790-372,ERYT72,1
1790-560,ERYT60,1
1790-648,ERYT,1
1791-236,ERYT,1
1791-236,ERYT36,1
1791-248,ERYT,1
1791-248,ERYT48,1
1791-336,ERYT36,1
1791-348,ERYT48,1
1791-360,ERYT60,1
1791-415,ERYT15,1
1791-472,ERYT,1
1791-515,ERYT,1
1791-515,ERYT15,1
1791-524,ERYT,1
1791-524,ERYT24,1
1791-536,ERYT36,1
1-8,ALHAMBRA,1
1815-105,ESCA5,1
1815-115,ESCA15,1
1815-124,ESCA24,1
1815-205,ESCA5,1
1815-215,ESCA15,1
1815-501,ESCA1,1
1815-502,ESCA1,1
1815-503,ESCA5,1
1815-505,ESCA5,1
1815-515,ESCA15,1
1815-605,ESCA5,1
1815-615,ESCA15,1
1815-715,ESCA15,1
1816-001,IMPE1,1
1816-005,IMPE5,1
1816-101,ESCA1,1
1816-501,ESCA1,1
1816-505,ESCA5,1
1817-501,ESCA1,1
1817-505,ESCA5,1
1817-515,ESCA15,1
1817-605,ESCA5,1
1818-501,ESCA1,1
1818-505,ESCA5,1
1818-515,ESCA15,1
1818-601,ESCA1,1
1819-505,ESCA5,1
1820-101,ESCH1,1
1820-505,ESCA5,1
1821-505,ESCA5,1
1830-501,ESCA1,1
1830-505,ESCA5,1
1830-601,ESCA1,1
1832-101,EUCA,1
1832-101,EUCA1,1
1832-105,EUCA,1
1832-105,EUCA5,1
1832-115,EUCA,1
1832-115,EUCA15,1
1832-124,EUCA,1
1832-124,EUCA24,1
1832-130,EUCA,1
1832-136,EUCA,1
1832-136,EUCA36,1
1832-215,EUCA,1
1832-215,EUCA15,1
1832-236,EUCA36,1
1832-248,EUCA,1
1833-101,EUCA,1
1833-101,EUCA1,1
1833-105,EUCA,1
1833-105,EUCA5,1
1833-115,EUCA,1
1833-115,EUCA15,1
1833-124,EUCA,1
1833-124,EUCA24,1
1833-136,EUCA36,1
1833-215,EUCA,1
1833-236,EUCA36,1
1833-336,EUCA36,1
1834-101,EUCA,1
1834-101,EUCA1,1
1834-105,EUCA,1
1834-105,EUCA5,1
1834-115,EUCA,1
1834-115,EUCA15,1
1834-124,EUCA,1
1834-124,EUCA24,1
1834-136,EUCA36,1
1834-160,EUCA60,1
1835-101,EUCA,1
1835-101,EUCA1,1
1835-105,EUCA,1
1835-105,EUCA5,1
1835-115,EUCA,1
1835-115,EUCA15,1
1836-101,EUCA,1
1836-101,EUCA1,1
1836-105,EUCA,1
1836-105,EUCA5,1
1836-115,EUCA,1
1836-115,EUCA15,1
1836-116,EUCA15,1
1836-124,EUCA,1
1836-124,EUCA24,1
1836-215,EUCA,1
1836-224,EUCA24,1
1836-815,EUCA15,1
1837-101,EUCA,1
1837-101,EUCA1,1
1837-105,EUCA,1
1837-105,EUCA5,1
1837-115,EUCA,1
1837-115,EUCA15,1
1837-124,EUCA,1
1837-124,EUCA24,1
1837-236,EUCA,1
1839-101,ASS,1
1839-101,IMPERIAL,1
1839-102,ASS,1
1839-102,IMPERIAL,1
1839-103,ASS,1
1839-103,IMPERIAL,1
1840-101,EUCA,1
1840-101,EUCA1,1
1840-105,EUCA,1
1840-105,EUCA5,1
1840-115,EUCA,1
1840-115,EUCA15,1
1840-124,EUCA,1
1840-124,EUCA24,1
1840-148,EUCA,1
1841-501,EUCA,1
1841-501,EUCA1,1
1841-505,EUCA,1
1841-505,EUCA5,1
1841-515,EUCA,1
1841-515,EUCA15,1
1842-101,EUCA,1
1842-101,EUCA1,1
1842-105,EUCA,1
1842-105,EUCA5,1
1842-115,EUCA,1
1842-115,EUCA15,1
1842-124,EUCA,1
1842-124,EUCA24,1
1849-110,IMPERIAL,1
1849-111,ASS,1
1849-111,CONTR,1
1850-205,EUCA5,1
1853-005,LYON15,1
1853-148,LYON36,1
1856-105,EUCA,1
1856-105,EUCA1,1
1856-106,EUCA,1
1856-106,EUCA5,1
1856-115,EUCA,1
1856-115,EUCA15,1
1856-124,EUCA,1
1856-124,EUCA24,1
1856-215,EUCA,1
1856-224,EUCA,1
1856-224,EUCA24,1
1856-315,EUCA,1
1858-101,EUCA,1
1858-101,EUCA1,1
1858-105,EUCA,1
1858-105,EUCA5,1
1858-115,EUCA,1
1858-115,EUCA15,1
1858-124,EUCA,1
1858-124,EUCA24,1
1858-130,EUCA30,1
1859-101,EUCA,1
1859-101,EUCA1,1
1859-105,EUCA,1
1859-105,EUCA5,1
1859-115,EUCA,1
1859-115,EUCA15,1
1859-124,EUCA,1
1859-124,EUCA24,1
1859-236,EUCA36,1
1860-105,EUCA,1
1860-105,EUCA5,1
1860-115,EUCA15,1
1861-115,EUCA15,1
1864-048,EUGE48,1
1864-105,EUGE5,1
1864-115,EUGE15,1
1864-205,EUGE5,1
1864-215,EUGE15,1
1864-315,EUGE15,1
1864-505,EUGE5,1
1864-515,EUGE15,1
1864-516,EUGE15,1
1864-518,EUGE15,1
1864-615,EUGE15,1
1864-617,EUGE15,1
1864-715,EUGE15,1
1865-515,EUGE15,1
1866-024,EUGE24,1
1866-036,EUGE24,1
1866-124,EUGE24,1
1868-036,EUGE36,1
1870-048,EUGE48,1
1872-048,EUGE48,1
1874-036,EUGE36,1
1876-048,EUGE48,1
1880-101,EUON1,1
1880-115,EUON15,1
1880-205,EUON5,1
1880-206,EUON15,1
1880-305,EUON5,1
1880-315,EUON15,1
1880-405,EUON5,1
1880-415,EUON5,1
1880-501,EUON1,1
1880-505,EUON5,1
1880-515,EUON15,1
1880-615,EUON15,1
1880-701,EUON1,1
1880-715,EUON15,1
1880-805,EUON5,1
1880-815,EUON15,1
1880-905,EUON5,1
1881-105,EUON5,1
1881-501,EUON1,1
1881-505,EUON5,1
1881-515,EUON15,1
1882-336,EUCA,1
1882-501,EUON1,1
1882-505,EUON5,1
1882-515,EUON15,1
1883-105,EURY5,1
1883-205,EURY5,1
1883-505,EURY5,1
1883-605,EURY5,1
1883-705,EURY5,1
1884-505,EUON5,1
1884-515,EUON15,1
1885-505,EURY5,1
1886-005,EUON5,1
1886-501,EUON1,1
1886-505,EUON5,1
1886-515,EUON15,1
1886-555,EUON5,1
1886-601,EUON1,1
1886-605,EUON5,1
1886-705,EUON5,1
1886-805,EUON5,1
1887-001,EUPH1,1
1887-005,EUPH5,1
1887-015,EUPH15,1
1887-101,EUPH1,1
1887-105,EUPH5,1
1887-115,EUPH15,1
1887-124,EUPH24,1
1887-125,EUPH24,1
1887-148,EUPH48,1
1887-149,EUPH48,1
1887-201,EUPH1,1
1887-205,EUPH5,1
1887-215,EUPH15,1
1887-224,EUPH24,1
1887-225,EUPH5,1
1887-301,EUPH1,1
1887-303,EUPH5,1
1887-304,GC,1
1887-305,EUPH5,1
1887-315,EUPH15,1
1887-324,EUPH24,1
1887-401,EUPH1,1
1887-405,EUPH5,1
1887-415,EUPH15,1
1887-501,EUPH1,1
1887-505,EUON5,1
1887-515,EUPH15,1
1887-601,EUPH1,1
1887-605,EUPH5,1
1887-615,EUPH15,1
1887-705,EUPH5,1
1887-715,EUPH15,1
1887-805,EUPH5,1
1887-815,EUPH15,1
1887-905,EUPH5,1
1888-005,EUPH5,1
1888-105,EUPH5,1
1888-205,EUPH5,1
1891-115,PRUN15,1
1891-124,PRUN24,1
1891-215,CITR15,1
1891-215,PRUN15,1
1-9,CALSENSE,1
1-900,GRINNEL,1
1-900,IRRBID,1
1-900,IRRSTOCK,1
1-901,GRINNEL,1
1-901,IRRBID,1
1-902,GRINNEL,1
1-903,IRRBID,1
1918-501,ESCA1,1
1941-515,CAME,1
1942-005,CAME5,1
1942-505,CAME,1
19-5049,HSP,1
19-5050,HSI,1
19-5050,HSP,1
19-5051,HSI,1
19-5051,HSP,1
19-5052,HSI,1
19-5052,HSP,1
19-5053,HSI,1
19-5053,HSP,1
19-5054,HSP,1
19-5055,HSP,1
19-5056,HSP,1
19-5060,HSP,1
19-5154,HSI,1
19-5155,HSI,1
1960-200,MISC,1
1960-200,TELEPHONE,1
200-040BS,BRASS2,1
200-060BS,BRASS2,1
2001-515,ACAC15,1
200-240BS,BRASS2,1
200-300BS,BRASS2,1
200-360BS,BRASS2,1
2006-501,FATS,1
2006-505,FATS,1
2006-515,FATS,1
2007-505,LANT5,1
20-1019,FITTING,1
20-1019,PVCFIT,1
20-1020,FITTING,1
20-1020,PVCFIT,1
20-1040,FITTING,1
20-1040,PVCFIT,1
20-1060,FITTING,1
20-1060,PVCFIT,1
20-1080,FITTING,1
20-1080,PVCFIT,1
20-1100,FITTING,1
20-1100,PVCFIT,1
201-101,ACAC1,1
20-1110,FITTING,1
20-1120,FITTING,1
20-1120,PVCFIT,1
20-1140,FITTING,1
20-1140,PVCFIT,1
20-1160,FITTING,1
20-1160,PVCFIT,1
20-1180,FITTING,1
20-1180,PVCFIT,1
20-1200,FITTING,1
20-1200,PVCFIT,1
201-224,ACAC24,1
20-1260,FITTING,1
20-1260,PVCFIT,1
20-1280,FITTING,1
20-1280,PVCFIT,1
20-1320,FITTING,1
20-1320,PVCFIT,1
20-1330,FITTING,1
20-1340,FITTING,1
20-1340,PVCFIT,1
20-1360,FITTING,1
20-1360,PVCFIT,1
20-1380,FITTING,1
20-1380,PVCFIT,1
20-1400,FITTING,1
20-1400,PVCFIT,1
20-1420,FITTING,1
20-1420,PVCFIT,1
20-1430,FITTING,1
20-1440,FITTING,1
20-1440,PVCFIT,1
20-1460,FITTING,1
20-1460,PVCFIT,1
20-1480,FITTING,1
20-1480,PVCFIT,1
20-1490,FITTING,1
20-1500,FITTING,1
20-1500,PVCFIT,1
20-1520,FITTING,1
20-1520,PVCFIT,1
20-1540,FITTING,1
20-1540,PVCFIT,1
20-1550,FITTING,1
20-1550,PVCFIT,1
20-1560,FITTING,1
20-1560,PVCFIT,1
20-1580,FITTING,1
20-1580,PVCFIT,1
20-1600,FITTING,1
20-1600,PVCFIT,1
20-1620,FITTING,1
20-1620,PVCFIT,1
20-1640,FITTING,1
20-1640,PVCFIT,1
20-1650,FITTING,1
20-1660,FITTING,1
20-1660,PVCFIT,1
20-1661,FITTING,1
20-1661,PVCFIT,1
20-1680,FITTING,1
20-1680,PVCFIT,1
20-1700,FITTING,1
20-1700,PVCFIT,1
20-1701,IRRBID,1
20-1720,FITTING,1
20-1720,PVCFIT,1
20-1740,FITTING,1
20-1740,PVCFIT,1
20-1760,FITTING,1
20-1760,PVCFIT,1
20-1780,FITTING,1
20-1780,PVCFIT,1
20-1800,FITTING,1
20-1800,PVCFIT,1
20-1820,FITTING,1
20-1820,PVCFIT,1
20-1840,FITTING,1
20-1840,PVCFIT,1
20-1860,FITTING,1
20-1860,PVCFIT,1
20-1880,FITTING,1
20-1880,PVCFIT,1
20-1900,FITTING,1
20-1900,PVCFIT,1
20-1920,FITTING,1
20-1920,PVCFIT,1
20-1940,FITTING,1
20-1940,PVCFIT,1
20-1960,FITTING,1
20-1960,PVCFIT,1
20-1980,FITTING,1
20-1980,PVCFIT,1
20-2000,FITTING,1
20-2000,PVCFIT,1
20-2020,FITTING,1
20-2020,PVCFIT,1
20-2021,FITTING,1
20-2022,FITTING,1
2020-236,FEIJ36,1
2020-336,FEIJ36,1
20-2040,FITTING,1
20-2040,PVCFIT,1
2020-424,FEIJ24,1
2020-501,FEIJ1,1
2020-505,FEIJ5,1
2020-515,FEIJ15,1
2020-524,FEIJ24,1
20-2060,FITTING,1
20-2060,PVCFIT,1
2020-615,FEIJ15,1
2020-715,FEIJ15,1
20-2080,FITTING,1
20-2080,PVCFIT,1
20-2095,FITTING,1
20-2100,FITTING,1
20-2100,PVCFIT,1
20-2110,PVCFIT,1
20-2120,FITTING,1
20-2120,PVCFIT,1
20-2121,FITTING,1
20-2121,PVC80FIT,1
20-2140,FITTING,1
20-2140,PVCFIT,1
20-2160,FITTING,1
20-2160,PVCFIT,1
20-2180,FITTING,1
20-2180,PVCFIT,1
20-2200,FITTING,1
20-2200,PVCFIT,1
2022-115,ZANT15,1
20-2220,FITTING,1
20-2220,PVCFIT,1
20-2240,FITTING,1
20-2240,PVCFIT,1
20-2260,FITTING,1
20-2260,PVCFIT,1
20-2280,FITTING,1
20-2280,PVCFIT,1
20-2290,FITTING,1
20-2291,FITTING,1
20-2300,FITTING,1
20-2300,PVCFIT,1
20-2301,FITTING,1
2023-115,CLIV15,1
20-2320,FITTING,1
20-2320,PVCFIT,1
20-2340,FITTING,1
20-2340,PVCFIT,1
20-2341,FITTING,1
20-2341,PVC80FIT,1
20-2360,FITTING,1
20-2360,PVCFIT,1
20-2380,FITTING,1
20-2380,PVCFIT,1
20-2400,FITTING,1
20-2400,PVCFIT,1
2024-115,ELAE15,1
2024-130,NEOD,1
20-2420,FITTING,1
20-2420,PVCFIT,1
2024-215,ELAE5,1
2024-315,ELAE15,1
20-2440,FITTING,1
20-2440,PVCFIT,1
2024-415,ELAE15,1
2024-515,ELAE15,1
20-2460,FITTING,1
20-2460,PVCFIT,1
20-2480,FITTING,1
20-2480,PVCFIT,1
20-2490,FITTING,1
20-2500,FITTING,1
20-2500,PVCFIT,1
20-2510,FITTING,1
2025-101,NEPE1,1
2025-105,NEPE5,1
20-2511,FITTING,1
20-2512,FITTING,1
20-2520,FITTING,1
20-2540,FITTING,1
20-2540,PVCFIT,1
20-2560,FITTING,1
20-2560,PVCFIT,1
20-2561,FITTING,1
20-2561,PVC80FIT,1
20-2562,FITTING,1
20-2562,PVC80FIT,1
20-2563,FITTING,1
20-2563,PVC80FIT,1
20-2564,FITTING,1
20-2564,PVC80FIT,1
20-2565,PVC80FIT,1
20-2566,PVC80FIT,1
20-2567,PVC80FIT,1
20-2568,PVC80FIT,1
20-2569,PVC80FIT,1
20-2570,PVC80FIT,1
20-2571,PVC80FIT,1
20-2572,PVC80FIT,1
20-2573,PVC80FIT,1
20-2574,PVC80FIT,1
20-2575,PVC80FIT,1
20-2576,PVC80FIT,1
20-2577,PVC80FIT,1
20-2578,PVC80FIT,1
20-2580,FITTING,1
20-2580,PVCFIT,1
20-2600,FITTING,1
20-2600,PVCFIT,1
20-2620,FITTING,1
20-2620,PVCFIT,1
20-2623,FITTING,1
20-2624,FITTING,1
20-2640,FITTING,1
20-2640,PVCFIT,1
20-2660,FITTING,1
20-2660,PVCFIT,1
20-2680,FITTING,1
20-2680,PVCFIT,1
20-2700,FITTING,1
20-2700,PVCFIT,1
2027-001,POTA1,1
2027-101,POTE1,1
20-2720,FITTING,1
20-2720,PVCFIT,1
20-2730,FITTING,1
20-2740,FITTING,1
20-2740,PVCFIT,1
20-2750,FITTING,1
20-2750,PVCFIT,1
20-2760,FITTING,1
20-2760,PVCFIT,1
20-2780,FITTING,1
20-2780,PVCFIT,1
20-2800,FITTING,1
20-2800,PVCFIT,1
2028-001,CRAS1,1
2028-005,CRAS5,1
2028-101,CRAS1,1
2028-104,GC,1
2028-105,CRAS5,1
2028-111,CRAS1,1
20-2820,FITTING,1
20-2820,PVCFIT,1
2028-201,CRAS1,1
2028-204,LINER,1
2028-205,CRAS5,1
20-2821,FITTING,1
20-2821,PVC80FIT,1
2028-301,CRAS1,1
2028-305,CRAS5,1
20-2840,FITTING,1
20-2840,PVCFIT,1
2028-401,CRAS1,1
2028-405,CRAS5,1
20-2841,FITTING,1
20-2842,FITTING,1
20-2843,FITTING,1
2028-501,CRAS1,1
2028-505,CRAS5,1
20-2860,FITTING,1
20-2860,PVCFIT,1
2028-601,CRAS1,1
2028-605,CRAS5,1
2028-608,CRAS1,1
2028-701,CRAS1,1
2028-705,CRAS5,1
20-2880,FITTING,1
20-2880,PVCFIT,1
2028-801,CRAS1,1
2028-805,CRAS5,1
2028-901,CRAS1,1
2028-905,CRAS5,1
20-2900,FITTING,1
20-2900,PVCFIT,1
2029-015,LYON15,1
20-2920,FITTING,1
20-2920,PVCFIT,1
20-2940,FITTING,1
20-2940,PVCFIT,1
20-2960,FITTING,1
20-2960,PVCFIT,1
20-2961,FITTING,1
20-2961,PVC80FIT,1
20-2962,FITTING,1
20-2962,PVC80FIT,1
20-2978,SPEARS,1
20-2978,UNION,1
20-2979,FITTING,1
20-2979,PVC80FIT,1
20-2980,FITTING,1
20-2980,PVCFIT,1
20-2981,UNION,1
20-2982,UNION,1
20-2984,NIPPLE,1
20-2985,FITTING,1
20-2986,FITTING,1
20-2987,FITTING,1
20-2988,FITTING,1
20-2988,PVC80FIT,1
20-2989,FITTING,1
20-2989,PVC80FIT,1
20-2990,FITTING,1
20-2990,PVC80FIT,1
20-2991,FITTING,1
20-2991,PVC80FIT,1
20-2992,FITTING,1
20-2992,PVC80FIT,1
20-2992,PVCFIT,1
20-2993,FITTING,1
20-2993,PVC80FIT,1
20-2993,PVCFIT,1
20-2994,FITTING,1
20-2994,PVC80FIT,1
20-2994,PVCFIT,1
20-2995,NIPPLE,1
20-2996,NIPPLE,1
20-2997,GALV,1
20-2997,GFIT,1
20-2997,NIPPLE,1
20-2998,NIPPLE,1
20-2999,GALV,1
20-3000,UNION,1
20-30001,GALV,1
20-300010,UNION,1
20-300011,UNION,1
20-30008,UNION,1
20-30009,UNION,1
20-3001,UNION,1
20-3002,UNION,1
20-3003,UNION,1
20-3004,UNION,1
20-3005,UNION,1
20-3006,UNION,1
20-3007,COMP,1
20-3008,SPEARS,1
20-3009,SPEARS,1
20-3010,UNION,1
2030-101,ASCL1,1
2030-105,ASCL5,1
20-3011,UNION,1
20-30111,GALV,1
20-30112,GALV,1
20-30113,GALV,1
20-30114,GALV,1
20-30115,GALV,1
2030-115,ASPA15,1
20-30116,GALV,1
20-30117,GALV,1
20-3012,UNION,1
20-3013,LASCO,1
20-3014,LASCO,1
20-3015,UNION,1
20-3016,NIPPLE,1
20-3018,LASCO,1
20-3019,SPEARS,1
20-3020,FITTING,1
20-3020,PVC80FIT,1
2030-201,ASCL1,1
2030-205,ASCL5,1
20-3021,SPEARS,1
20-3022,SPEARS,1
20-3023,SPEARS,1
20-3024,SPEARS,1
20-3025,SPEARS,1
20-3026,SPEARS,1
20-3027,SPEARS,1
20-3028,SPEARS,1
20-3029,SPEARS,1
20-3030,FITTING,1
20-3030,PVC80FIT,1
20-3030,PVCFIT,1
2030-301,ASCL1,1
20-3031,FITTING,1
20-3031,PVC80FIT,1
20-3031,PVCFIT,1
20-3032,FITTING,1
20-3032,PVC80FIT,1
20-3032,PVCFIT,1
20-3033,SPEARS,1
20-3034,SPEARS,1
20-3035,UNION,1
20-3036,UNION,1
20-3037,UNION,1
20-3038,UNION,1
20-3039,UNION,1
20-3040,FITTING,1
20-3040,PVC80FIT,1
2030-401,ASCL1,1
2030-405,CARP5,1
20-3041,FITTING,1
20-3041,PVC80FIT,1
20-3042,FITTING,1
20-3042,PVC80FIT,1
20-3042,PVCFIT,1
20-3043,FITTING,1
20-3043,PVC80FIT,1
20-3044,FITTING,1
20-3044,PVC80FIT,1
20-3045,FITTING,1
20-3045,PVC80FIT,1
20-3046,FITTING,1
20-3046,PVC80FIT,1
20-3047,PVC80FIT,1
20-3047,PVCFIT,1
20-3048,PVC80FIT,1
20-3048,PVCFIT,1
20-3049,PVC80FIT,1
20-3049,PVCFIT,1
2030-501,ASPA1,1
2030-505,ASPA5,1
20-3060,LASCO,1
2030-601,ASCL1,1
2030-605,ASPA5,1
20-3061,LASCO,1
20-3062,LASCO,1
20-3063,LASCO,1
20-3064,LASCO,1
20-3065,LASCO,1
2030-701,ASCL1,1
20-3101,SPEARS,1
20-3102,SPEARS,1
20-3103,SPEARS,1
20-3104,SPEARS,1
20-3105,SPEARS,1
20-3106,DIG,1
20-3108,DIG,1
20-3109,DIG,1
20-3110,LASCO,1
2031-501,ASPA1,1
2031-505,ASPA5,1
2031-515,ASPA15,1
2032-501,ASPA1,1
2032-505,ASPA5,1
2033-115,ASPL15,1
2033-501,ASPL,1
2033-501,ASPL1,1
2033-505,ASPL,1
2033-505,ASPL5,1
20-3401,FITTING,1
20-3402,FITTING,1
2034-606,GC,1
2035-015,NEPH15,1
2035-405,NEPH5,1
2035-505,NEPH5,1
2035-515,NEPH15,1
2035-605,NEPH5,1
2036-105,POLY5,1
2036-115,POLY15,1
2036-501,POLY,1
2036-501,POLY1,1
2036-505,POLY,1
2036-505,POLY5,1
2036-515,POLY15,1
2037-501,POLY,1
2037-501,POLY1,1
2037-505,POLY,1
2037-505,POLY5,1
2038-115,RHUM15,1
20-4001,COLONIAL,1
2041-505,AGAP5,1
204-515,ACAC15,1
20-5000,GFIT,1
20-5001,GFIT,1
2050-015,FICU15,1
20-5002,GALV,1
2050-024,FICU24,1
20-5003,GALV,1
20-5010,GFIT,1
2050-115,FICU,1
2050-115,FICU15,1
2050-124,FICU,1
2050-124,FICU24,1
2050-136,FICU,1
2050-136,FICU36,1
2050-148,FICU,1
2050-148,FICU48,1
2050-215,FICU,1
2050-215,FICU15,1
2050-224,FICU,1
2050-224,FICU24,1
2050-236,FICU,1
2050-236,FICU36,1
2050-248,FICU,1
2050-248,FICU48,1
2050-260,FICU,1
2050-260,FICU60,1
2050-315,FICU15,1
2050-324,FICU24,1
2050-415,FICU,1
2050-415,FICU15,1
2050-424,FICU,1
2050-424,FICU24,1
2050-436,FICU,1
2050-436,FICU36,1
2050-448,FICU,1
2050-448,FICU48,1
2050-515,FICU15,1
2050-801,FICU,1
2050-948,FICU48,1
2051-715,FICU,1
2051-715,FICU15,1
2051-815,FICU15,1
2051-905,FICU15,1
2051-915,FICU15,1
2052-105,FICU,1
2052-105,FICU5,1
2052-115,FICU,1
2052-115,FICU15,1
2052-124,FICU,1
2052-124,FICU24,1
2052-136,FICU,1
2052-136,FICU36,1
2052-148,FICU,1
2052-148,FICU48,1
2052-160,FICU,1
2052-160,FICU60,1
2052-205,FICU5,1
2052-215,FICU,1
2052-215,FICU15,1
2052-224,FICU,1
2052-224,FICU24,1
2052-236,FICU,1
2052-236,FICU36,1
2052-305,FICU5,1
2052-405,FICU5,1
2054-115,FICU,1
2054-115,FICU15,1
2054-124,FICU,1
2054-124,FICU24,1
2054-130,FICU,1
2054-130,FICU30,1
2054-136,FICU,1
2054-136,FICU36,1
2054-148,FICU,1
2054-148,FICU48,1
2054-160,FICU,1
2054-160,FICU60,1
2054-215,FICU,1
2054-215,FICU15,1
2054-224,FICU,1
2054-224,FICU24,1
2054-230,FICU,1
2054-230,FICU30,1
2054-236,FICU,1
2054-236,FICU36,1
2054-248,FICU,1
2054-248,FICU48,1
2054-260,FICU,1
2054-260,FICU60,1
2054-315,FICU,1
2054-315,FICU15,1
2054-324,FICU,1
2054-324,FICU24,1
2054-336,FICU,1
2054-336,FICU36,1
2054-415,FICU15,1
2056-101,FICU,1
2056-109,GC,1
2056-115,FICU,1
2056-115,FICU15,1
2056-124,FICU,1
2056-124,FICU24,1
2056-136,FICU,1
2056-136,FICU36,1
2056-148,FICU,1
2056-148,FICU48,1
2056-160,FICU60,1
2056-215,FICU,1
2056-215,FICU15,1
2056-224,FICU,1
2056-224,FICU24,1
2056-236,FICU,1
2056-236,FICU36,1
2056-248,FICU,1
2056-248,FICU48,1
2056-260,FICU60,1
2056-315,FICU15,1
2056-324,FICU,1
2056-324,FICU24,1
2056-336,FICU,1
2056-336,FICU36,1
2058-115,FICU,1
2058-115,FICU15,1
2058-124,FICU,1
2058-124,FICU24,1
2058-136,FICU,1
2058-136,FICU36,1
2058-148,FICU,1
2058-148,FICU48,1
2058-160,FICU,1
2058-160,FICU60,1
2058-215,FICU,1
2058-215,FICU15,1
2058-224,FICU,1
2058-224,FICU24,1
2058-236,FICU,1
2058-236,FICU36,1
2058-248,FICU,1
2058-248,FICU48,1
2058-260,FICU60,1
2059-501,FICU,1
2059-505,FICU,1
2059-505,FICU5,1
2059-515,FICU15,1
2059-601,FICU,1
2059-615,FICU15,1
2060-115,FICU,1
2060-115,FICU15,1
2060-124,FICU,1
2060-124,FICU24,1
2060-130,FICU,1
2060-130,FICU30,1
2060-136,FICU,1
2060-136,FICU36,1
2060-142,FICU,1
2060-148,FICU,1
2060-148,FICU48,1
2060-160,FICU,1
2060-160,FICU60,1
2060-172,FICU,1
2060-172,FICU72,1
2060-215,FICU,1
2060-215,FICU15,1
2060-224,FICU,1
2060-224,FICU24,1
2060-236,FICU,1
2060-236,FICU36,1
2060-248,FICU,1
2060-248,FICU48,1
2060-260,FICU,1
2062-115,FICU,1
2062-115,FICU15,1
2062-124,FICU,1
2062-124,FICU24,1
2062-130,FICU,1
2062-130,FICU30,1
2062-136,FICU,1
2062-136,FICU36,1
2062-148,FICU,1
2062-148,FICU48,1
2062-160,FICU,1
2062-160,FICU60,1
2062-215,FICU,1
2062-215,FICU15,1
2062-224,FICU,1
2062-224,FICU24,1
2062-236,FICU,1
2062-236,FICU36,1
2062-248,FICU,1
2062-248,FICU48,1
2062-260,FICU,1
2062-260,FICU60,1
2062-336,FICU36,1
2063-136,FICU,1
2063-136,FICU36,1
2063-172,FICU,1
2100-604,LINER,1
21-0067,DFIT,1
21-0067,DRAIN,1
2101-002,MISC,1
2101-003,MISC,1
2101-004,MISC,1
2101-005,MISC,1
2101-1000,BARK,1
2101-1001,BARK,1
2101-1002,BARK,1
2101-1003,BARK,1
2101-1004,BARK,1
2101-1005,BARK,1
2101-1006,BARK,1
2101-1007,BARK,1
2101-1008,BARK,1
2101-1009,BARK,1
2101-1010,BARK,1
2101-1011,BARK,1
2101-1012,BARK,1
2101-1013,BARK,1
2101-1014,BARK,1
2101-1020,BARK,1
2101-1030,BARK,1
2101-1100,BARK,1
2101-1110,BARK,1
2101-1111,BARK,1
2101-998,BARK,1
2101-999,BARK,1
21-1000,IRRI,1
21-1000,IRRIGATION,1
21-1000,IRRITROL,1
21-1020,IRRI,1
21-1020,IRRIGATION,1
21-1020,IRRITROL,1
21-1040,IRRI,1
21-1040,IRRIGATION,1
21-1040,IRRITROL,1
21-1041,IRRITROL,1
21-1057,SUPERIOR,1
21-1060,IRRI,1
21-1060,IRRIGATION,1
21-1060,IRRITROL,1
21-1080,IRRI,1
21-1080,IRRIGATION,1
21-1080,IRRITROL,1
21-1081,IRRITROL,1
21-1082,IRRITROL,1
21-1100,IRRI,1
21-1100,IRRIGATION,1
21-1100,IRRITROL,1
21-1120,IRRI,1
21-1120,IRRIGATION,1
21-1120,IRRITROL,1
21-1140,IRRI,1
21-1140,IRRIGATION,1
21-1140,IRRITROL,1
21-1160,IRRITROL,1
21-1170,IRRITROL,1
21-1180,IRRI,1
21-1180,IRRIGATION,1
21-1180,IRRITROL,1
21-1200,IRRI,1
21-1200,IRRIGATION,1
21-1200,IRRITROL,1
21-1220,IRRI,1
21-1220,IRRIGATION,1
21-1220,IRRITROL,1
21-1240,IRRI,1
21-1240,IRRIGATION,1
21-1240,IRRITROL,1
21-1260,IRRI,1
21-1260,IRRIGATION,1
21-1260,IRRITROL,1
21-1280,IRRI,1
21-1280,IRRIGATION,1
21-1280,IRRITROL,1
21-1300,IRRITROL,1
21-1320,IRRI,1
21-1320,IRRIGATION,1
21-1320,IRRITROL,1
21-1340,IRRI,1
21-1340,IRRIGATION,1
21-1340,IRRITROL,1
21-1347,SENNINGER,1
21-1360,IRRI,1
21-1360,IRRIGATION,1
21-1360,IRRITROL,1
21-1380,IRRI,1
21-1380,IRRIGATION,1
21-1380,IRRITROL,1
21-1382,IRRITROL,1
21-1389,IRRITROL,1
21-1390,IRRI,1
21-1391,IRRI,1
21-1392,IRRI,1
21-1393,IRRI,1
21-1394,IRRITROL,1
21-1395,IRRITROL,1
21-1396,IRRITROL,1
21-1397,IRRITROL,1
21-1398,IRRITROL,1
21-1399,IRRITROL,1
21-1400,SENNINGER,1
21-1402,IRRITROL,1
21-1406,IRRITROL,1
21-1408,HUNTER,1
21-1409,HUNTER,1
21-1410,SENNINGER,1
21-1411,HUNTER,1
21-1420,SENNINGER,1
21-1430,SENNINGER,1
21-1431,SENNINGER,1
21-1432,SENNINGER,1
21-1433,SENNINGER,1
21-1434,SENNINGER,1
21-1435,TORO,1
21-1436,SENNINGER,1
21-1440,SENNINGER,1
21-1441,SENNINGER,1
21-1442,SENNINGER,1
21-1443,SENNINGER,1
21-1444,SENNINGER,1
21-1445,SENNINGER,1
21-1446,SENNINGER,1
21-1447,SENNINGER,1
21-1448,SENNINGER,1
21-1450,IRRITROL,1
2128-005,CRAS5,1
2128-105,CRAS5,1
2128-205,CRAS5,1
2128-305,CRAS5,1
2128-405,CRAS5,1
2128-505,CRAS5,1
2128-605,CRAS5,1
2128-705,CRAS5,1
2130-115,FRAX15,1
2130-124,FRAX24,1
2130-137,FRAX24,1
2130-148,FRAX48,1
2130-224,FRAX24,1
2130-624,FRAX24,1
2132-115,FRAX15,1
2132-124,FRAX24,1
2132-215,FRAX15,1
2133-115,FRAX15,1
2134-115,FRAX15,1
2134-124,FRAX24,1
2134-136,FRAX36,1
2134-148,FRAX48,1
2134-236,FRAX36,1
2134-324,FRAX24,1
2134-436,FRAX36,1
2135-115,FRAX15,1
2135-124,FRAX24,1
2135-224,FRAX24,1
2135-248,FRAX48,1
2135-260,FRAX60,1
2140-000,GALV,1
2140-000,LINER,1
2140-105,GAMB5,1
2140-501,GALV1,1
2140-505,GALV5,1
2140-601,GALV1,1
2140-605,GALV5,1
2140-701,GALV1,1
2140-705,GALV5,1
2150-111,GARD5,1
2150-501,GARD1,1
2150-505,GARD5,1
2150-515,GARD15,1
2150-615,GARD15,1
2150-815,GARD15,1
2150-905,GARD5,1
2150-915,GARD15,1
2151-505,GARD5,1
2155-105,MICR1,1
2155-501,GARD1,1
2155-505,GARD5,1
2155-515,GARD15,1
2155-615,GARD15,1
2160-124,GARD24,1
2160-501,GARD1,1
2160-505,GARD5,1
2160-515,GARD15,1
2160-615,GARD15,1
2161-405,GARD5,1
2161-501,GARD1,1
2161-505,GARD5,1
2161-605,GARD5,1
2170-115,GEIJ15,1
2170-124,GEIJ24,1
2170-136,GEIJ36,1
2170-148,GEIJ48,1
2170-236,GEIJ36,1
2170-248,GEIJ48,1
2175-505,GELS5,1
2175-515,GELS15,1
2180-024,GINK24,1
2180-115,GINK15,1
2180-124,GINK24,1
2180-136,GINK36,1
2180-148,GINK48,1
2180-160,GINK60,1
2180-224,GINK24,1
2180-236,GINK36,1
2180-248,GINK48,1
2180-324,GINK24,1
2180-336,GINK36,1
2180-348,GINK48,1
2180-424,GINK24,1
2180-436,GINK36,1
2180-448,GINK48,1
2180-524,GINK24,1
2180-548,GINK48,1
2185-115,GLED,1
2185-124,GLED,1
2185-136,GLED36,1
2185-148,GLED48,1
2185-224,GLED,1
2185-236,GLED36,1
2185-336,GLED36,1
2185-436,GLED36,1
2186-115,GLED,1
2190-005,GREV5,1
2190-101,GREV1,1
2190-105,GREV5,1
2190-115,GREV15,1
2190-201,GREV1,1
2190-205,GREV5,1
2190-301,GREV1,1
2190-305,GREV5,1
2190-405,GREV5,1
2190-415,GREV15,1
2190-501,GREV1,1
2190-505,GREV5,1
2190-515,GREV15,1
2190-601,GREV1,1
2190-605,GREV5,1
2190-615,GREV15,1
2190-705,GREV5,1
2190-805,GREV5,1
2190-905,GREV5,1
2191-515,GREV15,1
2192-501,GREV1,1
2192-505,GREV5,1
2195-501,GREW1,1
2195-505,GREW5,1
2195-515,GREW15,1
2200-105,GAUR5,1
2200-205,GAUR5,1
2200-215,GAUR15,1
2200-501,GREW1,1
2200-505,GREW5,1
2200-515,GREW15,1
2200-524,GREW15,1
22-0066,FITTING,1
22-0088,FITTING,1
2201-105,GAUR1,1
2201-201,GAUR1,1
2201-205,GAUR1,1
2201-305,GAUT5,1
2201-401,GAUR1,1
2201-405,GAUR5,1
2203-115,CERA15,1
22-0602,DFIT,1
22-0998,HUNTER,1
22-0999,HUNTER,1
22-1000,HUNTER,1
22-1000,IRRIGATION,1
22-1001,HUNTER,1
22-1002,HUNTER,1
22-1003,HUNTER,1
22-1004,HUNTER,1
22-1005,HUNTER,1
22-1006,HUNTER,1
22-1007,HUNTER,1
22-1008,HUNTER,1
22-1009,HUNTER,1
22-1011,HUNTER,1
22-1012,HUNTER,1
22-1013,HUNTER,1
22-1020,HUNTER,1
22-1020,IRRIGATION,1
22-1025,HUNTER,1
22-1026,HUNTER,1
22-1040,HUNTER,1
22-1040,IRRIGATION,1
22-1041,HUNTER,1
22-1042,HUNTER,1
22-1043,HUNTER,1
22-1044,HUNTER,1
22-1045,HUNTER,1
22-1050,HUNTER,1
22-1080,HUNTER,1
22-1080,IRRIGATION,1
22-1081,HUNTER,1
22-1082,HUNTER,1
22-1083,HUNTER,1
22-1084,HUNTER,1
22-1085,HUNTER,1
22-1086,HUNTER,1
22-1087,HUNTER,1
22-1088,HUNTER,1
22-1089,HUNTER,1
22-1090,HUNTER,1
22-1091,HUNTER,1
22-1092,HUNTER,1
22-1093,HUNTER,1
22-1094,HUNTER,1
22-1095,HUNTER,1
22-1096,HUNTER,1
22-1097,HUNTER,1
22-1098,HUNTER,1
22-1099,HUNTER,1
22-1100,HUNTER,1
22-1100,IRRIGATION,1
22-1101,HUNTER,1
22-1102,HUNTER,1
22-1103,HUNTER,1
22-1104,HUNTER,1
22-1105,HUNTER,1
22-1106,HUNTER,1
22-1107,HUNTER,1
22-1108,HUNTER,1
22-1109,HUNTER,1
22-1110,HUNTER,1
22-1111,HUNTER,1
22-1112,HUNTER,1
22-1113,HUNTER,1
22-1114,HUNTER,1
22-1115,HUNTER,1
22-1116,HUNTER,1
22-1117,HUNTER,1
22-1118,HUNTER,1
22-1119,HUNTER,1
22-1121,HUNTER,1
22-1122,HUNTER,1
22-1123,HUNTER,1
22-1160,HUNTER,1
22-1160,IRRIGATION,1
22-1195,LASCO,1
22-1196,LASCO,1
22-1198,LASCO,1
22-1199,LASCO,1
22-1201,LASCO,1
22-1203,LASCO,1
22-1270,HUNTER,1
22-1271,HUNTER,1
22-1272,HUNTER,1
22-1273,HUNTER,1
22-1274,HUNTER,1
22-1275,HUNTER,1
22-1276,HUNTER,1
22-1277,HUNTER,1
22-1278,HUNTER,1
22-1279,HUNTER,1
22-1280,HUNTER,1
22-1280,IRRIGATION,1
22-1281,HUNTER,1
22-1282,HUNTER,1
22-1283,HUNTER,1
22-1284,HUNTER,1
22-1285,HUNTER,1
22-1286,HUNTER,1
22-1287,HUNTER,1
22-1288,HUNTER,1
22-1289,HUNTER,1
22-1290,HUNTER,1
22-1291,HUNTER,1
22-1292,HUNTER,1
22-1294,HUNTER,1
22-1295,HUNTER,1
22-1296,HUNTER,1
22-1297,HUNTER,1
22-1299,HUNTER,1
22-1300,HUNTER,1
22-1300,IRRIGATION,1
22-1301,HUNTER,1
22-1303,HUNTER,1
22-1304,HUNTER,1
22-1305,HUNTER,1
22-1306,HUNTER,1
22-1307,HUNTER,1
22-1308,HUNTER,1
22-1309,HUNTER,1
22-1311,HUNTER,1
22-1312,HUNTER,1
22-1313,HUNTER,1
22-1314,HUNTER,1
22-1315,HUNTER,1
22-1316,HUNTER,1
22-1317,HUNTER,1
22-1318,HUNTER,1
22-1319,HUNTER,1
22-1320,HUNTER,1
22-1321,HUNTER,1
22-1322,HUNTER,1
22-1323,HUNTER,1
22-1324,HUNTER,1
22-1325,HUNTER,1
22-1326,HUNTER,1
22-1327,HUNTER,1
22-1328,HUNTER,1
22-1329,HUNTER,1
22-1330,HUNTER,1
22-1331,HUNTER,1
22-1333,HUNTER,1
22-1393,HUNTER,1
22-1395,HUNTER,1
22-1396,HUNTER,1
22-1397,HUNTER,1
22-1398,HUNTER,1
22-1399,HUNTER,1
22-1399,RW,1
22-1400,HUNTER,1
22-1401,HUNTER,1
22-1402,HUNTER,1
22-1403,HUNTER,1
22-1404,HUNTER,1
22-1405,HUNTER,1
22-1406,HUNTER,1
22-1407,HUNTER,1
22-1408,HUNTER,1
22-1409,HUNTER,1
22-1410,HUNTER,1
22-1411,HUNTER,1
22-1412,HUNTER,1
22-1413,HUNTER,1
22-1414,HUNTER,1
22-1415,HUNTER,1
22-1416,HUNTER,1
22-1417,HUNTER,1
22-1418,HUNTER,1
22-1419,HUNTER,1
22-1420,HUNTER,1
22-1421,HUNTER,1
22-1422,HUNTER,1
22-1423,HUNTER,1
22-1424,HUNTER,1
22-1425,HUNTER,1
22-1426,HUNTER,1
22-1427,HUNTER,1
22-1428,HUNTER,1
22-1429,HUNTER,1
22-1430,HUNTER,1
22-1431,HUNTER,1
22-1432,HUNTER,1
22-1433,HUNTER,1
22-1434,HUNTER,1
22-1435,HUNTER,1
22-1436,HUNTER,1
22-1437,HUNTER,1
22-1438,HUNTER,1
22-1439,HUNTER,1
22-1440,HUNTER,1
22-1441,HUNTER,1
22-1442,HUNTER,1
22-1443,HUNTER,1
22-1444,HUNTER,1
22-1445,HUNTER,1
22-1446,HUNTER,1
22-1447,HUNTER,1
22-1448,HUNTER,1
22-1448,IRRBID,1
22-1449,HUNTER,1
22-1450,HUNTER,1
22-1451,HUNTER,1
22-1452,HUNTER,1
22-1453,HUNTER,1
22-1454,HUNTER,1
22-1455,HUNTER,1
22-1456,HUNTER,1
22-1457,HUNTER,1
22-1458,HUNTER,1
22-1459,HUNTER,1
22-1460,HUNTER,1
22-1463,HUNTER,1
22-1464,HUNTER,1
22-1498,HUNTER,1
22-1499,HUNTER,1
22-1500,HUNTER,1
22-1501,HUNTER,1
22-1502,HUNTER,1
22-1503,HUNTER,1
22-1504,HUNTER,1
22-1505,HUNTER,1
22-1506,HUNTER,1
22-1507,HUNTER,1
22-1508,HUNTER,1
22-1509,HUNTER,1
22-1510,HUNTER,1
22-1511,HUNTER,1
22-1512,HUNTER,1
22-1513,HUNTER,1
22-1514,HUNTER,1
22-1515,HUNTER,1
22-1516,HUNTER,1
22-15162,HUNTER,1
22-1517,HUNTER,1
22-1518,HUNTER,1
22-1519,HUNTER,1
22-1520,HUNTER,1
22-1521,HUNTER,1
22-1522,HUNTER,1
22-1523,HUNTER,1
22-1524,HUNTER,1
22-1525,HUNTER,1
22-1526,HUNTER,1
22-1527,HUNTER,1
22-1528,HUNTER,1
22-1529,HUNTER,1
22-1530,HUNTER,1
22-1531,HUNTER,1
22-1532,HUNTER,1
22-1533,HUNTER,1
22-1534,HUNTER,1
22-1535,HUNTER,1
22-1536,HUNTER,1
22-1537,HUNTER,1
22-1538,HUNTER,1
22-1539,HUNTER,1
22-1540,HUNTER,1
22-1541,HUNTER,1
22-1542,HUNTER,1
22-1543,HUNTER,1
22-1544,HUNTER,1
22-1545,HUNTER,1
22-1546,HUNTER,1
22-1547,HUNTER,1
22-1548,HUNTER,1
22-1549,HUNTER,1
22-1550,HUNTER,1
22-1551,HUNTER,1
22-1552,HUNTER,1
22-1553,HUNTER,1
22-1554,HUNTER,1
22-1555,HUNTER,1
22-1556,HUNTER,1
22-1557,HUNTER,1
22-1601,SPEARS,1
22-2296,HUNTER,1
22-2298,HUNTER,1
22-2407,HUNTER,1
22-2409,HUNTER,1
2240-415,GEIJ15,1
2240-424,GEIJ24,1
2240-436,GEIJ36,1
2240-460,GEIJ60,1
2240-472,GEIJ72,1
2240-524,GEIJ24,1
2240-560,GEIJ60,1
22-41059,HUNTER,1
22-41060,HUNTER,1
22-41060,IRRIGATION,1
22-41061,HUNTER,1
22-41062,HUNTER,1
22-41063,HUNTER,1
22-41065,HUNTER,1
22-41066,HUNTER,1
22-41067,HUNTER,1
22-4107,HUNTER,1
22-4107,RW,1
22-4108,HUNTER,1
22-4164,HUNTER,1
22-4165,HUNTER,1
22-4166,HUNTER,1
22-4167,HUNTER,1
22-4168,HUNTER,1
22-4169,HUNTER,1
22-4170,HUNTER,1
22-4171,HUNTER,1
22-4172,HUNTER,1
22-4173,HUNTER,1
22-4174,HUNTER,1
22-4175,HUNTER,1
22-4176,HUNTER,1
22-4177,HUNTER,1
22-4178,HUNTER,1
22-4183,NELSON,1
2270-124,PARK,1
2270-124,PARK24,1
2270-136,PARK,1
2270-136,PARK36,1
2270-148,PARK,1
2270-148,PARK48,1
2270-224,PARK24,1
2270-236,PARK36,1
2270-248,PARK48,1
2270-324,PARK24,1
2270-348,PARK48,1
2270-424,PARK24,1
2270-448,PARK48,1
2270-536,PARK36,1
2270-636,PARK36,1
2270-736,PARK36,1
2300-105,HARD5,1
2300-115,HARD15,1
2300-300,PAIGE,1
2300-300,WIRE,1
2300-301,PAIGE,1
2300-301,WIRE,1
2300-302,PAIGE,1
2300-302,WIRE,1
2300-303,PAIGE,1
2300-303,WIRE,1
2300-304,PAIGE,1
2300-310,IRRBID,1
2300-310,PTS,1
2300-505,HARD5,1
2300-515,HARD15,1
2300-601,HARD5,1
2300-605,HARD5,1
2300-615,HARD15,1
23-0064,DRAIN,1
23-0064,DRAINS,1
23-0067,DRAIN,1
23-0068,DRAIN,1
2305-115,HARP15,1
2305-124,HARP24,1
23-1000,IRRIGATION,1
23-1000,NELSON,1
23-1020,IRRIGATION,1
23-1020,NELSON,1
2310-215,HARP15,1
2310-224,HARP24,1
2310-300,SEDU,1
23-1040,IRRIGATION,1
23-1040,NELSON,1
23-1060,IRRIGATION,1
23-1060,NELSON,1
23-1080,IRRIGATION,1
23-1080,NELSON,1
23-1081,IRRBID,1
23-1081,IRRIGATION,1
23-1081,NELSON,1
2319-005,OPUN15,1
2319-105,OPUN5,1
2319-115,OPUN15,1
2319-205,OPUN5,1
2319-215,OPUN15,1
2319-301,OPUN1,1
2319-305,OPUN5,1
2319-315,OPUN15,1
2319-405,OPUN5,1
2319-505,OPUN5,1
2319-605,OPUN5,1
2319-705,OPUN5,1
2319-901,ORIG1,1
23-2000,NELSON,1
2320-004,GC,1
23-2001,NELSON,1
23-2002,NELSON,1
23-2003,NELSON,1
23-2004,NELSON,1
23-2005,NELSON,1
23-2006,NELSON,1
23-2007,NELSON,1
23-2008,NELSON,1
23-2009,NELSON,1
23-2010,NELSON,1
2320-101,ORIG1,1
2320-104,GC,1
23-2011,NELSON,1
23-2012,NELSON,1
23-2013,NELSON,1
23-2014,NELSON,1
23-2015,NELSON,1
23-2016,NELSON,1
23-2017,NELSON,1
23-2018,NELSON,1
23-2019,NELSON,1
23-2020,NELSON,1
2320-201,ORIG1,1
2320-204,GC,1
2320-204,LINER,1
23-2021,NELSON,1
23-2022,NELSON,1
23-2023,NELSON,1
23-2024,NELSON,1
23-2025,NELSON,1
23-2026,NELSON,1
23-2028,NELSON,1
23-2029,NELSON,1
23-2030,NELSON,1
2320-301,ORIG1,1
2320-305,ORIG1,1
2320-305,ORIG5,1
23-2031,NELSON,1
23-2032,NELSON,1
23-2033,NELSON,1
23-2034,NELSON,1
23-2035,NELSON,1
23-2036,NELSON,1
23-2037,NELSON,1
23-2038,NELSON,1
23-2039,NELSON,1
23-2040,NELSON,1
2320-401,HEME1,1
23-2041,NELSON,1
23-2042,NELSON,1
23-2043,NELSON,1
23-2044,NELSON,1
23-2045,NELSON,1
23-2046,NELSON,1
23-2048,NELSON,1
2320-501,HEME1,1
2320-502,HEME1,1
2320-503,HEME1,1
2320-505,HEME5,1
2320-601,HEME1,1
2320-605,BEAU5,1
2320-701,HEME1,1
2320-705,HEME5,1
2320-801,HEME1,1
2320-805,HEME5,1
2320-901,HEME1,1
2320-905,HEME5,1
2321-001,HEME1,1
2321-005,HEME5,1
2321-101,HEME1,1
2321-105,HEME1,1
2321-111,ECHE1,1
2321-201,HEME1,1
2321-205,HEME1,1
2321-207,HEME1,1
2321-208,HEME1,1
2321-209,HEME5,1
2321-301,HEME1,1
2321-305,HEME1,1
2321-405,HEME1,1
2321-501,HEME1,1
2321-505,HEME5,1
2321-601,HEME1,1
2321-605,HEME5,1
2321-701,HEME1,1
2321-705,HEME5,1
2321-805,HEME5,1
2321-905,HEME5,1
2322-501,HEME1,1
2322-505,HEME5,1
2322-605,HEME5,1
2322-705,HEME5,1
2323-405,HEME5,1
2323-501,HEME1,1
2323-505,HEME5,1
2323-601,HEME1,1
2324-001,HEME1,1
2324-101,HEME1,1
2324-105,HEME5,1
2324-201,HEME1,1
2324-205,HEME5,1
2324-401,HEME1,1
2324-402,HEME1,1
2324-501,HEME1,1
2324-505,HEME5,1
2324-601,HEME1,1
2324-605,HEME5,1
2325-001,HEME1,1
2325-005,HEME5,1
2325-101,HEME1,1
2325-105,HEME5,1
2325-201,HEME1,1
2325-205,HEME5,1
2325-221,HEME1,1
2325-303,HEME3,1
2325-303,HEME5,1
2325-305,HEME5,1
2325-401,HEME1,1
2325-405,HEME5,1
2325-501,HEME1,1
2325-505,HEME5,1
2325-555,HEME5,1
2325-601,HEME1,1
2325-605,HEME5,1
2325-701,HEME1,1
2325-705,HEME5,1
2325-801,HEME1,1
2325-805,HEME5,1
2325-901,HEME1,1
2325-905,HEME5,1
2325-911,HEME1,1
2325-921,HEME1,1
2325-931,HEME1,1
2325-935,HEME5,1
2325-941,HEME1,1
2326-001,ECHE1,1
2326-004,GC,1
2326-005,HEME5,1
2326-100,LINER,1
2326-101,ECHE1,1
2326-104,GC,1
2326-105,HEME1,1
2326-111,ECHE1,1
2326-115,HETE15,1
2326-201,ECHE1,1
2326-204,GC,1
2326-205,HEME1,1
2326-215,HETE15,1
2326-301,HEME1,1
2326-305,ECHE5,1
2326-311,ECHE1,1
2326-315,HETE15,1
2326-401,JUST1,1
2326-404,LINER,1
2326-405,HEME5,1
2326-501,HETE1,1
2326-505,HETE5,1
2326-601,HEME1,1
2326-604,ECHE1,1
2326-605,HEME5,1
2326-701,HEME1,1
2326-705,HEME5,1
2326-801,JUST1,1
2326-805,HEME5,1
2326-901,ECHE1,1
2326-905,JUST5,1
2327-001,HELI5,1
2327-005,HEME5,1
2327-101,ECHE1,1
2327-105,HEME5,1
2327-115,KENT,1
2327-201,KALA1,1
2327-202,KALA5,1
2327-204,COLOR,1
2327-204,KALA,1
2327-205,KALA5,1
2327-206,KALA,1
2327-206,KALA2,1
2327-210,KALA,1
2327-215,KALA15,1
2327-220,KALA,1
2327-301,KALA1,1
2327-304,LINER,1
2327-305,KALA5,1
2327-315,KALA5,1
2327-320,KALA,1
2327-401,KALA1,1
2327-404,KALA,1
2327-405,KALA5,1
2327-415,KALA15,1
2327-501,HEME1,1
2327-504,GC,1
2327-504,LINER,1
2327-505,HEME5,1
2327-511,KALA1,1
2327-515,KALA,1
2327-601,HEME1,1
2327-605,KALA5,1
2327-615,KALA15,1
2327-701,HEME1,1
2327-705,KALA5,1
2327-715,KALA15,1
2327-801,ECHE1,1
2327-805,KALA5,1
2327-901,ECHE1,1
2327-905,HEME5,1
2328-001,ECHE1,1
2328-002,ECHE1,1
2328-004,ECHE1,1
2328-005,HEME5,1
2328-101,ECHE1,1
2328-104,ECHE1,1
2328-105,HEME5,1
2328-205,HEME5,1
2328-301,KALA1,1
2328-401,ECHE1,1
2328-405,JUST5,1
2328-501,HEME1,1
2328-505,HEME5,1
2328-601,HEME1,1
2328-701,ECHE1,1
2328-801,ECHE1,1
2328-901,ECHE1,1
2329-001,HEME1,1
2329-005,HESP5,1
2329-015,HESP15,1
2329-101,HEME1,1
2329-105,HESP5,1
2329-115,HESP15,1
2329-201,HEME1,1
2329-205,HESP5,1
2329-301,HEME1,1
2329-305,HEME5,1
2329-401,HEME1,1
2329-405,HEME5,1
2329-501,HEME1,1
2329-505,HESP5,1
2329-601,HEME1,1
2329-605,HESP5,1
2329-701,HEME1,1
2329-705,HEME5,1
2329-801,HESP1,1
2329-805,HESP5,1
2329-901,HEME1,1
2329-905,HEME5,1
23-3000,HIT,1
2330-001,LAMP1,1
23-3001,HIT,1
23-3002,HIT,1
23-3003,HIT,1
23-3004,HIT,1
23-3005,HIT,1
2330-101,HEME1,1
2330-201,HEME1,1
2330-305,HEUC5,1
2330-401,HEUC1,1
2330-501,HEUC1,1
2330-505,HEUC5,1
2330-511,HEUC5,1
2330-555,HEUC5,1
2330-601,HEUC1,1
2330-602,HEUC1,1
2330-605,HEUC5,1
2330-701,HEUC1,1
2330-705,HEUC5,1
2330-801,HEUC1,1
2330-804,LINER,1
2330-805,HEUC5,1
2330-901,HEUC1,1
2330-905,HEUC5,1
2331-001,HEUC1,1
2331-101,HEUC1,1
2331-115,ALLA15,1
2331-201,HEUC1,1
2331-301,HEUC1,1
2331-401,HEUC1,1
2331-501,HEUC1,1
2331-505,HEUC5,1
2331-601,HEUC1,1
2331-604,LINER,1
2331-604,PLUG,1
2331-606,HEUC1,1
2331-704,LINER,1
2331-801,HEUC1,1
2331-804,LINER,1
2331-904,LINER,1
2332-001,HEUC1,1
2333-101,KALA1,1
2333-106,KALA1,1
2333-201,KALA1,1
2333-204,GC,1
2333-204,LINER,1
2333-301,KALA1,1
2333-401,KALA1,1
2333-501,KALA1,1
2333-601,KALA1,1
2334-101,ECHE1,1
2334-201,ECHE1,1
2334-301,ECHE1,1
2334-401,ECHE1,1
2334-501,ECHE1,1
2334-601,ECHE1,1
2334-701,ECHE1,1
2334-801,ECHE1,1
2334-901,ECHE1,1
2335-501,HIBB,1
2335-515,HIBB,1
2335-515,HIBB15,1
2335-615,HIBB15,1
2337-001,ECHE1,1
2340-501,HIBI1,1
2340-505,HIBI5,1
2340-515,HIBI15,1
2340-605,HIBI5,1
2340-615,HIBI15,1
2340-715,HIBI15,1
2341-501,HIBI1,1
2341-505,HIBI5,1
2342-505,HIBI5,1
2342-515,HIBI15,1
2343-515,HIBI15,1
2343-815,HIBI15,1
2344-105,CORR5,1
2344-205,CORR5,1
2344-305,CORR5,1
2344-405,CORR5,1
2344-505,CORR5,1
2345-015,HIBI15,1
2345-115,HIBI15,1
2345-501,HIBI1,1
2345-505,HIBI5,1
2345-515,HIBI15,1
23-5001,NELSON,1
23-5002,NELSON,1
23-5003,NELSON,1
2350-501,HIBI1,1
2350-505,HIBI5,1
2350-515,HIBI15,1
2351-505,HIBI5,1
2352-505,HIBI5,1
2355-501,HIBI1,1
2355-505,HIBI5,1
2355-515,HIBI15,1
23-6008,DFIT,1
23-6008,DRAIN,1
23-6009,DFIT,1
23-6009,DRAIN,1
23-6010,DRAIN,1
23-6011,DRAIN,1
23-60111,DRAIN,1
23-6012,DFIT,1
23-6012,DRAIN,1
23-6013,DFIT,1
23-6013,DRAIN,1
23-6014,DFIT,1
23-6014,DRAIN,1
23-6015,DFIT,1
23-6015,DRAIN,1
23-6016,DFIT,1
23-6016,DRAIN,1
23-6017,DFIT,1
23-6018,DFIT,1
23-6019,DFIT,1
23-6020,DFIT,1
2360-415,HIBI5,1
2360-501,HIBI1,1
2360-505,HIBI5,1
2360-515,HIBI15,1
2365-501,HIBI1,1
2365-505,HIBI5,1
2365-515,HIBI15,1
2370-501,HIBI1,1
2370-505,HIBI5,1
2370-515,HIBI15,1
2375-501,HIBI1,1
2375-505,HIBI5,1
2375-515,HIBI15,1
2380-124,HOWE,1
2380-136,HOWE,1
2380-148,HOWE,1
2380-160,HOWE,1
2380-236,HOWE,1
2380-248,HOWE,1
2380-324,HOWE,1
2380-424,HOWE,1
2380-505,HOWE,1
2380-515,HOWE,1
2380-615,HOWE,1
2385-024,HYME24,1
2385-124,HYME24,1
2390-501,HY,1
24-0000,DAYNI,1
24-0001,DAYNI,1
24-0002,DAYNI,1
24-0003,DAYNI,1
24-0004,DAYNI,1
24-0005,DAYNI,1
24-0006,DAYNI,1
24-0007,DAYNI,1
24-0008,DAYNI,1
24-0009,DAYNI,1
24-0010,DIG,1
2400-2,DIPL1,1
24-0020,DIG,1
2400-205,DIPL5,1
24-0030,DIG,1
24-0031,DIG,1
24-0032,DIG,1
24-0033,DIG,1
24-0034,DIG,1
24-0035,DIG,1
24-0036,DIG,1
24-0037,DIG,1
24-0038,DIG,1
24-0039,DIG,1
24-0040,DIG,1
24-0041,DIG,1
24-0042,DIG,1
24-0043,DIG,1
24-0044,DIG,1
24-0045,DIG,1
24-0046,DIG,1
24-0047,DIG,1
24-0048,DIG,1
24-0049,DIG,1
24-0050,DIG,1
24-0051,DIG,1
24-0052,DIG,1
24-009,DAYNI,1
24-0110,DAYNI,1
2404-515,ILEX15,1
2404-615,ILEX15,1
2404-715,ILEX15,1
2405-005,ILEX5,1
2405-501,ILEX,1
2405-501,ILEX1,1
2405-505,ILEX,1
2405-505,ILEX5,1
2405-515,ILEX,1
2405-515,ILEX15,1
2405-605,ILEX5,1
2406-505,ILEX,1
2406-505,ILEX5,1
24-1000,HARDIE,1
24-1000,IRRITROL,1
24-1000,RICHDEL,1
24-1001,HARDIE,1
24-1001,IRRITROL,1
24-1001,RICHDEL,1
24-1002,HARDIE,1
24-1003,HARDIE,1
24-1004,HARDIE,1
24-1005,HARDIE,1
24-1006,HARDIE,1
24-1008,HARDIE,1
24-1009,HARDIE,1
24-1010,HARDIE,1
24-1010,IRRITROL,1
24-1011,IRRITROL,1
2410-136,ILEX36,1
24-1020,HARDIE,1
24-1020,IRRITROL,1
24-1020,RICHDEL,1
24-1021,HARDIE,1
24-1022,HUNTER,1
24-1040,HARDIE,1
24-1042,HARDIE,1
24-1042,IRRITROL,1
24-1042,RICHDEL,1
2410-501,ILEX,1
2410-501,ILEX1,1
2410-505,ILEX,1
2410-505,ILEX5,1
2410-515,ILEX,1
2410-515,ILEX15,1
24-1060,HARDIE,1
2410-605,ILEX5,1
2410-615,ILEX15,1
2410-715,ILEX15,1
24-1081,HARDIE,1
24-1082,HARDIE,1
24-1083,HARDIE,1
24-1084,HARDIE,1
24-1084,IRRITROL,1
24-1084,RICHDEL,1
24-1085,HARDIE,1
24-1086,HARDIE,1
24-1087,HARDIE,1
24-1088,HARDIE,1
24-1090,HARDIE,1
24-1092,HARDIE,1
24-1093,HARDIE,1
24-1094,HARDIE,1
24-1095,HARDIE,1
24-1096,HARDIE,1
24-1097,HARDIE,1
24-1099,HARDIE,1
24-1100,HARDIE,1
2411-005,HEBE5,1
24-1101,HARDIE,1
24-1102,HARDIE,1
24-1103,HARDIE,1
24-1104,HARDIE,1
24-1105,HARDIE,1
24-1106,HARDIE,1
24-1107,HARDIE,1
24-1108,HARDIE,1
24-1109,HARDIE,1
24-1110,HARDIE,1
2411-101,HEBE1,1
2411-105,HEBE5,1
24-1120,HARDIE,1
24-1140,HARDIE,1
24-1141,HARDIE,1
24-1142,HARDIE,1
24-1145,HARDIE,1
24-1146,HARDIE,1
24-1146,IRRITROL,1
24-1147,HARDIE,1
24-1147,IRRITROL,1
24-1148,HARDIE,1
24-1148,IRRITROL,1
24-1149,IRRITROL,1
24-1150,HARDIE,1
2411-501,HEBE1,1
2411-505,HEBE5,1
24-1151,HARDIE,1
24-1151,IRRITROL,1
2411-515,HEBE15,1
2411-601,HEBE1,1
2411-605,HEBE5,1
2411-615,HEBE15,1
2411-705,HEBE5,1
2411-715,HEBE15,1
24-1180,HARDIE,1
24-1180,IRRITROL,1
24-1180,RICHDEL,1
2411-805,HEBE5,1
2411-815,HEBE15,1
24-1186,HARDIE,1
24-1187,HARDIE,1
2411-915,HEBE15,1
24-1200,HARDIE,1
24-1200,IRRITROL,1
24-1200,RICHDEL,1
2412-505,GENI5,1
2412-505,HEBE5,1
24-1300,HARDIE,1
24-1301,HARDIE,1
24-1302,HARDIE,1
24-1303,HARDIE,1
24-1305,HARDIE,1
2413-415,HEDE,1
2413-415,HEDE15,1
2413-505,HEDE,1
2413-515,HEDE15,1
2414-505,HEDY5,1
24-1497,IRRITROL,1
24-1498,IRRI,1
24-1499,IRRI,1
24-1500,HARDIE,1
24-1500,IRRITROL,1
24-1500,RICHDEL,1
24-1501,RICHDEL,1
24-1502,RICHDEL,1
24-1504,HARDIE,1
24-1504,IRRITROL,1
24-1504,RICHDEL,1
24-1507,HARDIE,1
24-1507,IRRITROL,1
24-1507,RICHDEL,1
24-1508,RICHDEL,1
24-1509,RICHDEL,1
24-1510,RICHDEL,1
24-1511,RICHDEL,1
24-1512,RICHDEL,1
24-1513,RICHDEL,1
24-1514,RICHDEL,1
24-1515,RICHDEL,1
24-1516,RICHDEL,1
24-1517,RICHDEL,1
24-1518,RICHDEL,1
24-1519,RICHDEL,1
24-1520,IRRITROL,1
2415-501,ILEX,1
2415-501,ILEX1,1
2415-505,ILEX,1
2415-505,ILEX5,1
2415-515,ILEX,1
2415-515,ILEX15,1
2415-605,ILEX5,1
2416-001,ILEX1,1
2416-101,ILEX1,1
2416-201,ILEX1,1
2416-205,ILEX5,1
2416-301,ILEX1,1
2416-305,ILEX5,1
2416-315,ILEX15,1
2416-405,ILEX5,1
2416-415,ILEX15,1
2416-501,ILEX,1
2416-501,ILEX1,1
2416-505,ILEX,1
2416-505,ILEX5,1
2416-515,ILEX,1
2416-515,ILEX15,1
2416-590,ILEX,1
2416-590,ILEX5,1
2416-600,ILEX5,1
2416-605,ILEX,1
2416-605,ILEX5,1
2416-615,ILEX,1
2416-615,ILEX15,1
2416-624,ILEX,1
2416-648,ILEX,1
2416-705,ILEX5,1
2416-715,ILEX15,1
2416-801,ILEX1,1
2416-805,ILEX5,1
2416-815,ILEX15,1
2416-905,ILEX5,1
2416-915,ILEX15,1
24-2000,HARDIE,1
2420-001,KALA1,1
24-2001,IRRITROL,1
24-2002,IRRITROL,1
24-2003,HARDIE,1
24-2003,IRRITROL,1
24-2003,RICHDEL,1
24-2004,HARDIE,1
24-2004,IRRITROL,1
24-2004,RICHDEL,1
24-2005,HARDIE,1
24-2005,IRRITROL,1
24-2005,RICHDEL,1
24-2006,HARDIE,1
24-2006,IRRITROL,1
24-2006,RICHDEL,1
24-2007,HARDIE,1
24-2007,IRRITROL,1
24-2007,RICHDEL,1
24-2008,HARDIE,1
24-2008,IRRITROL,1
24-2008,RICHDEL,1
24-2009,HARDIE,1
24-2010,HARDIE,1
24-2010,IRRITROL,1
24-2010,RICHDEL,1
24-2011,HARDIE,1
24-2012,IRRITROL,1
24-2015,HARDIE,1
24-2015,IRRITROL,1
24-2015,RICHDEL,1
24-2016,HARDIE,1
24-2017,HARDIE,1
24-2020,HARDIE,1
24-2020,IRRITROL,1
24-2020,RICHDEL,1
24-2030,HARDIE,1
2420-501,IMPA,1
2420-501,IMPA1,1
2420-505,IMPA,1
2420-505,IMPA5,1
24-2100,AQUA,1
24-2101,IRRITROL,1
24-2102,IRRITROL,1
24-2103,IRRITROL,1
24-2104,IRRITROL,1
24-2105,HARDIE,1
24-2105,IRRITROL,1
24-2105,RICHDEL,1
24-2106,HARDIE,1
24-2106,IRRITROL,1
24-2106,RICHDEL,1
24-2111,AQUA,1
24-2112,AQUA,1
24-2114,IRRITROL,1
24-2115,HARDIE,1
24-2115,IRRITROL,1
24-2115,RICHDEL,1
24-2116,HARDIE,1
24-2116,IRRITROL,1
24-2116,RICHDEL,1
24-2117,IRRITROL,1
24-2118,IRRITROL,1
24-2119,IRRITROL,1
24-2120,AQUA,1
24-2121,AQUA,1
24-2122,AQUA,1
24-2123,AQUA,1
24-2124,AQUA,1
24-2125,AQUA,1
24-2126,AQUA,1
24-2127,AQUA,1
24-2128,AQUA,1
24-2129,AQUA,1
24-2130,AQUA,1
24-2140,IRRITROL,1
24-2141,IRRITROL,1
24-2219,HARDIE,1
2424-105,IMPA5,1
2424-106,IMPA,1
2424-501,IMPA1,1
2424-505,IMPA,1
2424-505,IMPA5,1
2424-506,IMPA1,1
2424-601,IMPA1,1
2424-701,IMPA1,1
2426-115,DATU15,1
2426-124,BRUG24,1
2426-136,BRUG36,1
2426-215,BRUG15,1
2426-224,BRUG24,1
2450-103,IRIS3,1
2450-204,AC,1
2450-501,IRIS1,1
2450-505,IRIS3,1
2450-601,IRIS1,1
2450-605,IRIS3,1
2450-701,IRIS1,1
2455-005,JASM5,1
2455-015,JASM15,1
2455-205,JASM5,1
2455-405,JASM5,1
2455-501,JASM5,1
2455-505,JASM5,1
2455-515,JASM15,1
2455-605,JASM5,1
2455-615,JASM15,1
2455-705,JASM5,1
2455-715,JASM5,1
2455-815,JASM15,1
2455-915,JASM15,1
2456-505,JASM5,1
2460-005,KNIP5,1
2460-105,KNIP5,1
2460-205,KNIP5,1
2460-305,KNIP5,1
2460-401,KNIP,1
2460-401,KNIP1,1
2460-405,KNIP5,1
2460-501,KNIP,1
2460-501,KNIP1,1
2460-505,KNIP,1
2460-505,KNIP5,1
2460-515,KNIP,1
2460-515,KNIP15,1
2460-601,KNIP1,1
2460-605,KNIP,1
2460-605,KNIP5,1
2460-705,KNIP,1
2460-705,KNIP5,1
2460-805,KNIP5,1
2460-905,KNIP5,1
2461-005,KNIP5,1
2461-105,KNIP5,1
250-060BS,BRASS2,1
25-0100,ALHAMBRA,1
25-0100,AQUADUCK,1
25-0100,DRAIN,1
25-0101,ALHAMBRA,1
25-0101,AQUADUCK,1
25-0102,ALHAMBRA,1
25-0102,AQUADUCK,1
25-0103,ALHAMBRA,1
25-0103,AQUADUCK,1
25-0110,IRRBID,1
25-0110,IRRSTOCK,1
250-240BS,BRASS2,1
250-360BS,BRASS2,1
25-0900,EMC,1
25-0910,EMC,1
25-1000,GRISWOLD,1
25-1000,IRRIGATION,1
25-101,HYDROSCAPE,1
25-102,HYDROSCAPE,1
25-1020,GRISWOLD,1
25-1020,IRRIGATION,1
25-103,HYDROSCAPE,1
25-104,HYDROSCAPE,1
25-1040,GRISWOLD,1
25-1040,IRRIGATION,1
25-105,HYDROSCAPE,1
25-106,HYDROSCAPE,1
25-1060,GRISWOLD,1
25-1060,IRRIGATION,1
25-107,HYDROSCAPE,1
25-108,HYDROSCAPE,1
25-1080,GRISWOLD,1
25-1080,IRRIGATION,1
25-109,HYDROSCAPE,1
25-110,HYDROSCAPE,1
25-1100,GRISWOLD,1
25-1100,IRRIGATION,1
25-1104,HYDROSCAPE,1
25-1109,ASS,1
25-1109,HYDROSCAPE,1
25-1110,ASS,1
25-1110,HYDROSCAPE,1
25-1111,ASS,1
25-1111,HYDROSCAPE,1
25-1112,HYDROSCAPE,1
25-1113,HYDROSCAPE,1
25-1114,HYDROSCAPE,1
25-1115,HYDROSCAPE,1
25-1116,PTS,1
25-1117,HSP,1
25-112,HSP,1
25-1120,GRISWOLD,1
25-1120,IRRIGATION,1
25-113,HSP,1
25-1140,GRISWOLD,1
25-1140,IRRIGATION,1
25-1150,GRISWOLD,1
25-1159,GRISWOLD,1
25-1160,GRISWOLD,1
25-1160,IRRIGATION,1
25-1161,GRISWOLD,1
25-1162,GRISWOLD,1
25-1163,GRISWOLD,1
25-1164,GRISWOLD,1
25-1165,GRISWOLD,1
25-1166,GRISWOLD,1
25-1167,GRISWOLD,1
25-1168,GRISWOLD,1
25-1169,GRISWOLD,1
25-1180,GRISWOLD,1
25-1180,IRRIGATION,1
25-1200,GRISWOLD,1
25-1200,IRRIGATION,1
25-1201,GRISWOLD,1
25-1202,GRISWOLD,1
25-1203,GRISWOLD,1
25-1204,GRISWOLD,1
25-1205,GRISWOLD,1
25-1206,GRISWOLD,1
25-1207,GRISWOLD,1
25-1208,GRISWOLD,1
25-1209,GRISWOLD,1
25-1210,GRISWOLD,1
25-1211,GRISWOLD,1
25-1212,GRISWOLD,1
25-1213,GRISWOLD,1
25-1214,GRISWOLD,1
25-1215,GRISWOLD,1
25-1216,GRISWOLD,1
25-1220,GRISWOLD,1
25-1220,IRRIGATION,1
25-1231,GRISWOLD,1
25-1232,GRISWOLD,1
25-1240,GRISWOLD,1
25-1240,IRRIGATION,1
25-1242,GRISWOLD,1
25-1243,GRISWOLD,1
25-1244,GRISWOLD,1
25-1245,GRISWOLD,1
25-1246,GRISWOLD,1
25-1247,GRISWOLD,1
25-1248,GRISWOLD,1
25-1249,GRISWOLD,1
25-1251,GRISWOLD,1
25-1252,GRISWOLD,1
25-1253,GRISWOLD,1
25-1254,GRISWOLD,1
25-1255,GRISWOLD,1
25-1256,GRISWOLD,1
25-1257,GRISWOLD,1
25-1258,GRISWOLD,1
25-1259,GRISWOLD,1
25-1260,GRISWOLD,1
25-1260,IRRIGATION,1
25-1265,GRISWOLD,1
25-1266,GRISWOLD,1
25-1280,GRISWOLD,1
25-1280,IRRIGATION,1
25-1300,GRISWOLD,1
25-1300,IRRIGATION,1
25-1301,GRISWOLD,1
25-1302,GRISWOLD,1
25-1303,GRISWOLD,1
25-1304,GRISWOLD,1
25-1320,GRISWOLD,1
25-1320,IRRIGATION,1
25-1321,GRISWOLD,1
25-1322,GRISWOLD,1
25-1324,GRISWOLD,1
25-1325,GRISWOLD,1
25-1326,GRISWOLD,1
25-1327,GRISWOLD,1
25-1328,GRISWOLD,1
25-1339,GRISWOLD,1
25-1341,GRISWOLD,1
25-1342,GRISWOLD,1
25-1343,GRISWOLD,1
25-1344,GRISWOLD,1
25-1345,GRISWOLD,1
25-1346,GRISWOLD,1
25-1347,GRISWOLD,1
25-1348,GRISWOLD,1
25-1349,GRISWOLD,1
25-1351,GRISWOLD,1
25-1353,GRISWOLD,1
25-1355,GRISWOLD,1
25-1357,GRISWOLD,1
25-1359,GRISWOLD,1
25-1361,GRISWOLD,1
25-1362,GRISWOLD,1
25-1363,GRISWOLD,1
25-1365,GRISWOLD,1
25-1367,GRISWOLD,1
25-1369,GRISWOLD,1
25-1371,GRISWOLD,1
25-1372,GRISWOLD,1
25-1373,GRISWOLD,1
25-1374,GRISWOLD,1
25-1375,GRISWOLD,1
25-1377,GRISWOLD,1
25-1379,GRISWOLD,1
25-1380,KBI,1
25-1381,GRISWOLD,1
25-1383,GRISWOLD,1
25-1384,GRISWOLD,1
25-1385,GRISWOLD,1
25-1386,GRISWOLD,1
25-1389,NDS,1
25-1390,GRISWOLD,1
25-1391,KBI,1
25-1391,KING,1
25-1392,KBI,1
25-1392,KING,1
25-1393,KBI,1
25-1393,KING,1
25-1394,KBI,1
25-1394,KING,1
25-1395,KBI,1
25-1395,KING,1
25-1398,KBI,1
25-1399,KBI,1
25-1400,KBI,1
25-1400,KING,1
25-1401,KBI,1
25-1401,KING,1
25-1402,KBI,1
25-1402,KING,1
25-1403,KBI,1
25-1403,KING,1
25-1404,KBI,1
25-1404,KING,1
25-1405,KBI,1
25-1405,KING,1
25-1406,KBI,1
25-1406,KING,1
25-1407,KBI,1
25-1407,KING,1
25-1407,NDS,1
25-1408,KBI,1
25-1408,KING,1
25-1408,NDS,1
25-1409,KBI,1
25-1409,KING,1
25-1409,NDS,1
25-1410,KBI,1
25-1410,KING,1
25-1410,NDS,1
25-1411,KBI,1
25-1411,KING,1
25-1411,NDS,1
25-1412,KBI,1
25-1412,KING,1
25-1412,NDS,1
25-1413,KBI,1
25-1413,KING,1
25-1414,KBI,1
25-1414,KING,1
25-1415,KBI,1
25-1415,KING,1
25-1416,KING,1
25-1417,KBI,1
25-1417,KING,1
25-1418,KBI,1
25-1419,KBI,1
25-1420,KBI,1
25-1421,KBI,1
25-1422,KBI,1
25-1423,KBI,1
25-1424,KBI,1
25-1425,KBI,1
25-1426,KBI,1
25-1427,RVALVE,1
25-1428,KBI,1
25-1429,KING,1
25-1430,KECKLEY,1
25-1431,KECKLEY,1
25-1432,KECKLEY,1
25-1433,KBI,1
25-1434,KBI,1
25-1435,KBI,1
25-1436,KECKLEY,1
25-1437,KBI,1
25-1439,HUNTER,1
25-1440,KECKLEY,1
25-1441,KECKLEY,1
25-1450,KECKLEY,1
25-1451,KECKLEY,1
25-1452,KECKLEY,1
25-1453,KECKLEY,1
25-1454,KECK,1
25-1490,HUNTER,1
25-1500,SPEARS,1
25-1501,SPEARS,1
25-1502,SPEARS,1
25-1503,SPEARS,1
25-1504,SPEARS,1
25-1505,SPEARS,1
25-1506,SPEARS,1
25-1507,SPEARS,1
25-1508,SPEARS,1
25-1510,SPEARS,1
25-1511,SPEARS,1
25-1512,SPEARS,1
25-1513,DFIT,1
25-1513,DRAIN,1
25-1513,DRAINS,1
25-1513,SPEARS,1
25-1514,HUNTER,1
25-1515,HUNTER,1
25-1516,HUNTER,1
25-1517,HUNTER,1
25-1518,HUNTER,1
25-1519,HUNTER,1
25-1520,SPEARS,1
25-1521,HUNTER,1
25-1522,HUNTER,1
25-1523,HUNTER,1
25-1524,HUNTER,1
25-1525,HUNTER,1
25-1526,HUNTER,1
25-1527,HUNTER,1
25-1528,HUNTER,1
25-1529,HUNTER,1
25-1530,SPEARS,1
25-1540,SPEARS,1
25-1542,SPEARS,1
25-1543,SPEARS,1
25-1544,SPEARS,1
25-1545,SPEARS,1
25-1550,IRRBID,1
25-1560,SPEARS,1
25-1570,SPEARS,1
25-1580,SPEARS,1
25-1581,SPEARS,1
25-1582,SPEARS,1
25-1583,SPEARS,1
25-1584,SPEARS,1
25-1585,SPEARS,1
25-1589,SPEARS,1
25-1590,SPEARS,1
25-1591,SPEARS,1
25-1592,SPEARS,1
25-1593,SPEARS,1
25-1594,SPEARS,1
25-1595,SPEARS,1
25-1596,SPEARS,1
25-1600,GEOFLOW,1
25-1601,GEOFLOW,1
25-1602,GEOFLOW,1
25-1603,GEOFLOW,1
25-1604,GEOFLOW,1
25-1606,GEOFLOW,1
25-1610,GEOFLOW,1
25-1611,GEOFLOW,1
25-1711,GEOFLOW,1
25-1800,DURA,1
25-1800,KBI,1
25-1800,LASCO,1
25-1801,DURA,1
25-1801,KBI,1
25-1802,DURA,1
25-1802,IRRBID,1
25-1803,DURA,1
25-1803,IRRBID,1
25-1804,DURA,1
25-1805,DURA,1
25-1806,DURA,1
25-1807,DURA,1
25-1807,KBI,1
25-1807,LASCO,1
25-1808,DURA,1
25-1809,DURA,1
25-1810,LASCO,1
25-1811,DURA,1
25-1812,DURA,1
25-1824,SPEARS,1
25-1825,SPEARS,1
25-1826,SPEARS,1
25-1827,SPEARS,1
25-1828,SPEARS,1
25-1829,SPEARS,1
25-1830,SPEARS,1
25-1831,SPEARS,1
25-1832,SPEARS,1
25-1833,SPEARS,1
25-1887,SPEARS,1
25-1923,SPEARS,1
25-1924,SPEARS,1
25-1924,WIRE,1
25-1925,SPEARS,1
25-1925,WIRE,1
25-1926,SPEARS,1
25-1926,WIRE,1
25-1927,SPEARS,1
25-1994,HUNTER,1
25-1995,HUNTER,1
25-1996,HUNTER,1
25-1997,HUNTER,1
25-1998,HUNTER,1
25-1999,HUNTER,1
25-2000,HUNTER,1
25-2001,HUNTER,1
25-2002,HUNTER,1
25-2003,HUNTER,1
25-2005,HUNTER,1
25-2006,HUNTER,1
25-2007,HUNTER,1
25-2008,HUNTER,1
25-2009,HUNTER,1
25-2010,HUNTER,1
25-2011,HUNTER,1
25-2012,HUNTER,1
25-2012,QC,1
25-2013,HUNTER,1
25-2013,QC,1
25-2014,HUNTER,1
25-2014,QC,1
25-2015,HUNTER,1
25-2015,QC,1
25-2016,HUNTER,1
25-2017,HAMMOND,1
25-2018,HUNTER,1
25-2019,HUNTER,1
25-2020,HAMMOND,1
25-2021,HAMMOND,1
25-2022,HAMMOND,1
25-2023,HAMMOND,1
25-2026,HAMMOND,1
25-2027,HAMMOND,1
25-2028,HAMMOND,1
25-2029,HAMMOND,1
25-2030,HAMMOND,1
25-2031,HAMMOND,1
25-2032,HAMMOND,1
25-2033,HAMMOND,1
25-2034,HAMMOND,1
25-2035,HAMMOND,1
25-2036,HAMMOND,1
25-2037,HAMMOND,1
25-2038,HAMMOND,1
25-2039,HUNTER,1
25-2040,HUNTER,1
25-2041,HUNTER,1
25-2042,HUNTER,1
25-2043,HUNTER,1
25-2044,HUNTER,1
25-2045,HUNTER,1
25-2046,HUNTER,1
25-2053,HAMMOND,1
25-2054,HAMMOND,1
25-2055,HAMMOND,1
25-2056,HAMMOND,1
25-2057,HAMMOND,1
25-2058,HAMMOND,1
25-2059,HAMMOND,1
25-2060,HAMMOND,1
25-2061,HAMMOND,1
25-2062,HAMMOND,1
25-2063,HAMMOND,1
25-2064,HAMMOND,1
25-2065,HAMMOND,1
25-2066,HAMMOND,1
25-2067,HAMMOND,1
25-2068,HAMMOND,1
25-2069,HAMMOND,1
25-2070,HAMMOND,1
25-2071,HAMMOND,1
25-2100,HUNTER,1
25-2101,HUNTER,1
25-2102,HUNTER,1
25-2103,HUNTER,1
25-2105,HUNTER,1
25-2106,HUNTER,1
25-2107,HUNTER,1
25-2108,HUNTER,1
25-2109,HUNTER,1
25-2110,HUNTER,1
25-2111,HUNTER,1
26-1000,CHAMPION,1
26-1000,IRRIGATION,1
26-1001,CHAMPION,1
26-1002,CHAMPION,1
26-1003,CHAMPION,1
26-1004,CHAMPION,1
26-1005,CHAMPION,1
26-1011,CHAMPION,1
26-1012,CHAMPION,1
26-1015,CHAMPION,1
26-1020,CHAMPION,1
26-1020,IRRIGATION,1
26-1030,CHAMPION,1
26-1040,CHAMPION,1
26-1040,IRRIGATION,1
26-1060,CHAMPION,1
26-1060,IRRIGATION,1
26-1061,CHAMPION,1
26-1062,CHAMPION,1
26-1063,CHAMPION,1
26-1064,CHAMPION,1
26-1065,CHAMPION,1
26-1066,CHAMPION,1
26-1080,CHAMPION,1
26-1100,CHAMPION,1
26-1101,CHAMPION,1
26-1102,CHAMPION,1
26-1103,CHAMPION,1
26-1104,CHAMPION,1
26-1105,CHAMPION,1
26-1109,CHAMPION,1
2611-105,HOST1,1
26-1113,CHAMPION,1
26-1114,CHAMPION,1
26-1121,CHAMPION,1
2611-305,HOST5,1
26-1140,CHAMPION,1
26-1140,IRRIGATION,1
2611-405,HOST5,1
26-1145,CHAMPION,1
26-1150,CHAMPION,1
2611-505,HOST5,1
26-1155,CHAMPION,1
2611-605,HOST5,1
2611-705,HOST5,1
26-1201,CHAMPION,1
26-1300,CHAMPION,1
26-1302,CHAMPION,1
26-1303,CHAMPION,1
26-1304,CHAMPION,1
26-1305,CHAMPION,1
26-1401,CHAMPION,1
26-1402,CHAMPION,1
26-1408,NIBCO,1
2690-101,AC,1
2692-000,GC,1
2692-007,GC,1
2700-015,JACA15,1
2700-024,JACA24,1
2700-105,JACA,1
2700-115,JACA,1
2700-115,JACA15,1
2700-124,45800,1
2700-124,JACA,1
2700-124,JACA24,1
2700-130,JACA,1
2700-130,JACA30,1
2700-136,JACA,1
2700-136,JACA36,1
2700-137,JACA,1
2700-148,JACA,1
2700-148,JACA48,1
2700-160,JACA,1
2700-160,JACA60,1
2700-196,2700-196,1
2700-196,JACA96,1
2700-215,JACA,1
2700-215,JACA15,1
2700-224,JACA,1
2700-224,JACA24,1
2700-230,JACA,1
2700-230,JACA30,1
2700-236,JACA,1
2700-236,JACA36,1
2700-248,JACA,1
2700-248,JACA48,1
2700-254,JACA,1
2700-260,JACA,1
2700-260,JACA60,1
2700-272,JACA72,1
2700-296,JACA96,1
2700-324,JACA24,1
2700-336,JACA36,1
2700-336M,JACA36,1
2700-348,JACA48,1
2700-360,JACA60,1
2700-424,JACA24,1
2700-448,JACA48,1
2700-460,JACA60,1
2700-524,JACA24,1
2700-548,JACA48,1
2700-560,JACA60,1
2700-648,JACA48,1
27-0066,DFIT,1
2700-915,JACA15,1
27-1000,SUPERIOR,1
27-1001,SUPERIOR,1
27-1002,SUPERIOR,1
27-1003,SUPERIOR,1
27-1004,SUPERIOR,1
27-1005,SUPERIOR,1
27-1006,SUPERIOR,1
27-1007,SUPERIOR,1
27-1020,SUPERIOR,1
27-1022,SUPERIOR,1
27-1023,SUPERIOR,1
27-1024,SUPERIOR,1
27-1025,SUPERIOR,1
27-1030,SUPERIOR,1
27-1031,SUPERIOR,1
27-1032,SUPERIOR,1
27-1033,SUPERIOR,1
27-1034,SUPERIOR,1
27-1035,SUPERIOR,1
27-1036,SUPERIOR,1
27-1037,SUPERIOR,1
27-1038,SUPERIOR,1
27-1039,SUPERIOR,1
27-1040,SUPERIOR,1
27-1043,SUPERIOR,1
27-1044,SUPERIOR,1
27-1045,SUPERIOR,1
27-1046,SUPERIOR,1
27-1047,SUPERIOR,1
27-1048,SUPERIOR,1
27-1049,SUPERIOR,1
27-1050,SUPERIOR,1
27-1051,SUPERIOR,1
27-1052,SUPERIOR,1
27-1053,SUPERIOR,1
27-1054,SUPERIOR,1
27-1055,SUPERIOR,1
27-1056,SUPERIOR,1
27-1057,SUPERIOR,1
27-1058,SUPERIOR,1
27-1059,SUPERIOR,1
27-1060,SUPERIOR,1
27-1061,SUPERIOR,1
27-1062,SUPERIOR,1
27-1063,SUPERIOR,1
27-1064,SUPERIOR,1
27-1065,SUPERIOR,1
27-1066,SUPERIOR,1
27-1067,SUPERIOR,1
27-1068,SUPERIOR,1
27-1069,SUPERIOR,1
27-1138,SUPERIOR,1
27-1140,SUPERIOR,1
27-1141,SUPERIOR,1
27-1142,SUPERIOR,1
27-1156,SUPERIOR,1
27-1157,SUPERIOR,1
27-1158,SUPERIOR,1
27-1159,SUPERIOR,1
27-1261,NIBCO,1
27-2100,SUPERIOR,1
27-2101,SUPERIOR,1
27-2102,SUPERIOR,1
27-2104,SUPERIOR,1
27-2105,SUPERIOR,1
27-2106,SUPERIOR,1
2780-315,HIBI15,1
2780-501,HIBI1,1
2780-505,HIBI5,1
2780-515,HIBI15,1
2780-605,HIBI5,1
2781-105,HIBI5,1
2781-505,HIBI5,1
2781-605,HIBI5,1
2781-805,HIBI5,1
2781-905,HIBI5,1
2782-105,HIBI5,1
2782-115,HIBI15,1
2782-505,HIBI15,1
2782-605,HIBI15,1
27-9000,CLA VAL,1
27-9010,CLA VAL,1
2800-001,JUNI1,1
2800-005,JUNI5,1
2800-015,JUNI15,1
2800-024,JUNI24,1
2800-101,JUNI1,1
2800-105,JUNI5,1
2800-111,JUNI1,1
2800-115,JUNI15,1
2800-120,ELAE,1
2800-120,ELEA24,1
2800-124,ELAE,1
2800-125,JUNI24,1
2800-127,JUNI24,1
2800-136,JUNI36,1
2800-148,ELAE48,1
2800-205,JUNI5,1
2800-215,JUNI15,1
2800-224,JUNI24,1
2800-236,ELAE36,1
2800-248,JUNI48,1
2800-301,JUNI1,1
2800-303,JUNI1,1
2800-305,JUNI5,1
2800-315,JUNI15,1
2800-324,JUNI24,1
2800-336,JUNI36,1
2800-400,JUNI5,1
2800-405,JUNI15,1
2800-415,JUNI15,1
2800-424,JUNI24,1
2800-436,RDRIP,1
2800-437,RAINBIRD,1
2800-437,RDRIP,1
2800-501,JUNI1,1
2800-505,JUNI5,1
2800-515,JUNI15,1
2800-524,JUNI24,1
2800-525,JUNI15,1
2800-536,JUNI36,1
2800-555,JUNI5,1
2800-605,JUNI15,1
2800-615,JUNI15,1
2800-624,JUNI24,1
2800-636,JUNI36,1
2800-701,JUNI1,1
2800-705,JUNI5,1
2800-715,JUNI15,1
2800-724,JUNI24,1
2800-801,JUNI1,1
2800-805,JUNI5,1
2800-815,JUNI15,1
2800-824,JUNI24,1
2800-901,JUNI1,1
2800-905,JUNI5,1
2800-910,JUNI5,1
2800-915,JUNI15,1
2800-924,JUNI24,1
2800-925,JUNI5,1
2800-935,JUNI5,1
2801-005,JUNI5,1
2801-015,JUNI15,1
2801-105,JUNI5,1
2801-115,JUNI15,1
2801-124,JUNI24,1
2801-136,JUNI36,1
2801-205,JUNI5,1
2801-215,JUNI15,1
2801-305,JUNI5,1
2801-315,JUNI15,1
2801-415,JUNI15,1
2801-501,JUNI1,1
2801-505,JUNI5,1
2801-515,JUNI15,1
2801-536,JUNI36,1
2801-605,JUNI5,1
2801-615,JUNI15,1
2801-715,JUNI15,1
2801-805,JUNI5,1
2801-815,JUNI15,1
2802-115,JUNI15,1
2802-405,JUNI5,1
2802-501,JUNI1,1
2802-505,JUNI5,1
2803-505,JUNI5,1
2804-515,JUNI15,1
2805-105,JUNI5,1
2805-201,JUNI1,1
2805-205,JUNI5,1
2805-301,JUNI1,1
2805-501,JUNI1,1
2805-515,JUNI15,1
2805-615,JUNI15,1
2805-715,JUNI15,1
2806-205,JUNI5,1
2806-305,JUNI5,1
2806-401,JUNI1,1
2806-405,JUNI5,1
2806-505,JUNI5,1
2806-605,JUNI5,1
2806-705,JUNI5,1
28-1000,IRRIGATION,1
28-1000,NIBCO,1
2810-005,JUNI5,1
2810-124,JUNI24,1
28-1020,NIBCO,1
28-1040,IRRIGATION,1
28-1040,NIBCO,1
2810-505,JUNI5,1
2810-515,JUNI5,1
28-1060,IRRIGATION,1
28-1060,NIBCO,1
2810-615,JUNI15,1
28-1080,NIBCO,1
28-1100,IRRIGATION,1
28-1100,NIBCO,1
2811-024,JUNI24,1
2811-124,JUNI24,1
28-1116,NIBCO,1
28-1117,NIBCO,1
28-1118,NIBCO,1
28-1119,NIBCO,1
28-1120,IRRIGATION,1
28-1120,NIBCO,1
28-1121,NIBCO,1
28-1122,NIBCO,1
2811-224,JUNI24,1
28-1123,NIBCO,1
28-1124,NIBCO,1
28-1126,NIBCO,1
28-1129,NIBCO,1
28-1130,NIBCO,1
28-1131,NIBCO,1
28-1132,NIBCO,1
2811-324,JUNI24,1
28-1133,NIBCO,1
28-1134,NIBCO,1
28-1135,NIBCO,1
28-1136,NIBCO,1
28-1137,NIBCO,1
28-1138,NIBCO,1
28-1139,NIBCO,1
28-1140,NIBCO,1
28-1141,NIBCO,1
28-1142,NIBCO,1
28-1143,NIBCO,1
28-11431,NIBCO,1
28-1144,NIBCO,1
28-1145,NIBCO,1
28-1146,NIBCO,1
28-1147,NIBCO,1
28-1148,NIBCO,1
28-1149,NIBCO,1
28-1150,NIBCO,1
2811-505,JUNI5,1
28-1151,NIBCO,1
2811-515,JUNI15,1
28-1152,NIBCO,1
28-1153,NIBCO,1
28-1154,NIBCO,1
28-1155,NIBCO,1
28-1156,NIBCO,1
28-1157,NIBCO,1
28-1158,NIBCO,1
28-1159,NIBCO,1
28-1160,NIBCO,1
2811-605,JUNI5,1
28-1161,NIBCO,1
28-1162,NIBCO,1
28-1163,NIBCO,1
28-1164,NIBCO,1
28-1165,NIBCO,1
28-1166,IRRBID,1
28-1166,NIBCO,1
28-1167,NIBCO,1
28-1168,NIBCO,1
28-1169,NIBCO,1
28-1170,NIBCO,1
28-1171,NIBCO,1
28-1172,NIBCO,1
28-1173,NIBCO,1
28-1174,NIBCO,1
28-1175,NIBCO,1
28-1176,NIBCO,1
28-1177,NIBCO,1
28-1178,NIBCO,1
28-1179,NIBCO,1
28-1180,NIBCO,1
28-1181,NIBCO,1
28-1182,NIBCO,1
28-1183,NIBCO,1
28-1185,NIBCO,1
28-1186,NIBCO,1
28-11861,NIBCO,1
28-11862,NIBCO,1
28-11863,NIBCO,1
28-1187,NIBCO,1
28-1188,NIBCO,1
28-1189,NIBCO,1
28-1190,NIBCO,1
28-1191,NIBCO,1
28-1192,NIBCO,1
28-1193,NIBCO,1
28-1194,NIBCO,1
28-1195,NIBCO,1
28-1196,NIBCO,1
28-1197,NIBCO,1
28-1200,NIBCO,1
28-1201,NIBCO,1
28-1202,NIBCO,1
28-1203,NIBCO,1
28-1204,NIBCO,1
28-1205,NIBCO,1
28-1206,NIBCO,1
28-1207,NIBCO,1
28-1208,NIBCO,1
28-1210,NIBCO,1
28-1211,NIBCO,1
28-1212,NIBCO,1
28-1213,NIBCO,1
28-1214,NIBCO,1
28-1215,NIBCO,1
28-1216,NIBCO,1
28-1219,NIBCO,1
28-1235,NIBCO,1
28-1237,NIBCO,1
28-1237.1,NIBCO,1
28-1238,TUFSKIN,1
28-1239,TUFSKIN,1
28-1240,NIBCO,1
28-1245,CLAYTON,1
28-1246,CLAYTON,1
28-1247,CLAYTON,1
28-1248,CLAYTON,1
28-1249,CLAYTON,1
28-1250,CLOW,1
28-1262,NIBCO,1
28-1263,NIBCO,1
28-1264,NIBCO,1
28-1265,NIBCO,1
28-1266,NIBCO,1
28-1267,NIBCO,1
28-1268,NIBCO,1
28-1269,NIBCO,1
28-1270,NIBCO,1
28-1271,NIBCO,1
28-1272,NIBCO,1
28-1273,NIBCO,1
28-1274,NIBCO,1
28-1275,NIBCO,1
28-1276,NIBCO,1
28-1277,NIBCO,1
28-1348,NIBCO,1
28-1367,NIBCO,1
28-1368,NIBCO,1
28-1369,NIBCO,1
28-1370,NIBCO,1
28-1371,NIBCO,1
28-1372,NIBCO,1
28-1373,NIBCO,1
28-1374,NIBCO,1
28-1375,NIBCO,1
28-1376,NIBCO,1
28-1377,NIBCO,1
28-1378,CHAMPION,1
28-1378,IRRBID,1
28-1378,NIBCO,1
2820-015,JUNI15,1
2820-315,JUNI15,1
2820-415,JUNI15,1
2820-515,JUNI15,1
2820-615,JUNI15,1
2820-715,JUNI15,1
2820-815,JUNI15,1
2821-015,JUNI15,1
2821-115,JUNI15,1
2821-215,JUNI15,1
2821-315,JUNI15,1
2822-015,JUNI15,1
2822-024,JUNI24,1
2822-048,JUNI48,1
2822-115,JUNI15,1
2822-215,JUNI15,1
2822-224,JUNI24,1
2822-315,JUNI15,1
2822-324,JUNI24,1
2822-415,JUNI15,1
2822-424,JUNI24,1
2822-436,JUNI36,1
2822-524,JUNI24,1
2823-505,JUNI5,1
2823-605,JUNI5,1
2823-705,JUNI5,1
2823-901,JUNI1,1
2823-905,JUNI5,1
2824-115,JUNI15,1
2835-205,JUNI5,1
2879-015,PODO15,1
29-0002,YUCC1,1
29-0003,YUCC1,1
29-0004,LINER,1
29-0014,LINER,1
29-0046,DRAIN,1
29-0101,HESP1,1
29-0101,YUCC1,1
29-0201,YUCC1,1
29-0301,YUCC1,1
29-0401,YUCC1,1
29-0406,DRAIN,1
29-1081,RAINMASTER,1
29-1090,RAINMASTER,1
29-1094,RAINMASTER,1
29-1095,RAINMASTER,1
29-1096,RAINMASTER,1
29-1097,RAINMASTER,1
29-1098,RAINMASTER,1
29-1099,RAINMASTER,1
29-1100,RAINMASTER,1
29-1101,RAINMASTER,1
29-1102,RAINMASTER,1
29-1102,WIRE,1
29-1103,RAINMASTER,1
29-1103,WIRE,1
29-1104,RAINMASTER,1
29-1104,WIRE,1
29-1105,RAINMASTER,1
29-1105,WIRE,1
29-1106,RAINMASTER,1
29-1106,WIRE,1
29-1107,RAINMASTER,1
29-1107,WIRE,1
29-1108,RAINMASTER,1
29-1108,WIRE,1
29-1109,WIRE,1
29-1110,RAINMASTER,1
29-1111,RAINMASTER,1
29-1112,RAINMASTER,1
29-1113,RAINMASTER,1
29-1114,RAINMASTER,1
29-1115,RAINMASTER,1
29-1116,RAINMASTER,1
29-1117,RAINMASTER,1
29-1118,RAINMASTER,1
29-1120,RAINMASTER,1
29-1121,RAINMASTER,1
29-1122,RAINMASTER,1
29-1124,RAINMASTER,1
29-1125,RAINMASTER,1
29-1126,RAINMASTER,1
29-1127,RAINMASTER,1
29-1128,RAINMASTER,1
29-1129,RAINMASTER,1
29-1130,RAINMASTER,1
29-1131,RAINMASTER,1
29-1134,RAINMASTER,1
29-1135,RAINMASTER,1
29-1136,RAINMASTER,1
29-1137,RAINMASTER,1
29-1138,RAINMASTER,1
29-1139,RAINMASTER,1
29-1140,RAINMASTER,1
29-1141,RAINMASTER,1
29-1142,RAINMASTER,1
29-1143,RAINMASTER,1
29-1144,RAINMASTER,1
29-1145,RAINMASTER,1
29-1146,RAINMASTER,1
29-1147,RAINMASTER,1
29-1148,RAINMASTER,1
29-1149,RAINMASTER,1
29-1150,RAINMASTER,1
29-1151,RAINMASTER,1
29-1152,RAINMASTER,1
29-1153,RAINMASTER,1
29-1154,RAINMASTER,1
29-1155,RAINMASTER,1
29-1156,RAINMASTER,1
29-1157,RAINMASTER,1
29-1158,RAINMASTER,1
29-1159,RAINMASTER,1
29-1166,RAINMASTER,1
29-1202,RAINMASTER,1
29-1203,RAINMASTER,1
29-1204,RAINMASTER,1
29-1205,RAINMASTER,1
29-1206,RAINMASTER,1
29-1207,RAINMASTER,1
29-1208,RAINMASTER,1
29-1209,RAINMASTER,1
2920-005,JUNI15,1
29-2023,IRROMETER,1
29-2024,IRROMETER,1
29-2025,IRROMETER,1
29-2026,IRROMETER,1
29-2027,IRROMETER,1
29-2028,IRROMETER,1
29-2029,IRROMETER,1
29-2030,IRROMETER,1
29-2031,IRROMETER,1
29-2032,IRROMETER,1
29-2033,IRROMETER,1
2920-901,HEME1,1
2960-105,KOEL,1
2960-115,KOEL,1
2960-115,KOEL15,1
2960-124,KOEL,1
2960-124,KOEL24,1
2960-136,KOEL,1
2960-136,KOEL36,1
2960-148,KOEL,1
2960-148,KOEL48,1
2960-149,KOEL48,1
2960-215,KOEL,1
2960-215,KOEL15,1
2960-224,KOEL,1
2960-224,KOEL24,1
2960-236,KOEL,1
2960-236,KOEL36,1
2960-248,KOEL,1
2960-248,KOEL48,1
2962-115,KOEL,1
2962-115,KOEL15,1
2962-124,KOEL,1
2962-124,KOEL24,1
2962-136,KOEL,1
2962-136,KOEL36,1
2962-148,KOEL,1
2962-148,KOEL48,1
2962-215,KOEL,1
2962-215,KOEL15,1
2962-224,KOEL,1
2962-224,KOEL24,1
2962-225,KOEL,1
2962-225,KOEL60,1
2962-226,KOEL60,1
2962-248,KOEL,1
2962-248,KOEL60,1
2991-136,GREV36,1
2991-148,GREV48,1
2991-236,GREV36,1
2991-524,GREV24,1
300-040BS,BRASS2,1
300-200,CLA VAL,1
300-200,CLAVAL,1
300-201,CLA VAL,1
300-202,CLA VAL,1
300-202,CLAVAL,1
300-360BS,BRASS2,1
30-1000,STOCKHAM,1
30-1001,STOCKHAM,1
30-1002,STOCKHAM,1
30-1003,STOCKHAM,1
3010-036,LAGE36,1
30-1004,STOCKHAM,1
30-1005,STOCKHAM,1
30-1006,STOCKHAM,1
30-1010,SYSTEMATIC,1
30-1011,SYSTEMATIC,1
30-1012,ELECTRIC,1
30-1013,ELECTRIC,1
3010-136,LAGE36,1
30-1014,ELECTRIC,1
30-1020,BROWNLINE,1
30-1020,PVCFIT,1
3010-236,LAGE36,1
3010-336,LAGE36,1
30-1040,BROWNLINE,1
3010-436,LAGE36,1
3010-536,LAGE36,1
30-1060,BROWNLINE,1
3010-636,LAGE36,1
3010-736,LAGE36,1
30-1080,BROWNLINE,1
30-1080,PVCFIT,1
3010-836,LAGE36,1
3010-936,LAGE36,1
30-1100,BROWNLINE,1
30-1100,PVCFIT,1
3011-036,LAGE36,1
30-1110,SLV,1
30-1111,SLV,1
30-1112,SLV,1
30-1113,SLV,1
3011-136,LAGE36,1
30-1114,SLV,1
30-1115,SLV,1
30-1116,SLV,1
30-1117,SLV,1
30-1118,SLV,1
30-1120,BROWNLINE,1
30-1121,SLV,1
30-1140,BROWNLINE,1
30-1160,BROWNLINE,1
30-1180,BROWNLINE,1
30-1200,BROWNLINE,1
30-1220,BROWNLINE,1
3012-224,LAGE24,1
3012-324,LAGE24,1
30-1240,BROWNLINE,1
3012-424,LAGE24,1
30-1260,BROWNLINE,1
30-1280,BROWNLINE,1
30-1300,BROWNLINE,1
3013-115,LAGE15,1
30-1320,BROWNLINE,1
3013-215,LAGE15,1
3013-315,LAGE15,1
30-1340,BROWNLINE,1
3013-415,LAGE15,1
30-1360,BROWNLINE,1
30-1380,BROWNLINE,1
30-1400,BROWNLINE,1
3014-024,LAGE24,1
3014-036,LAGE36,1
3014-115,LAGE15,1
3014-124,LAGE24,1
3014-136,LAGE36,1
3014-148,LAGE48,1
30-1420,BROWNLINE,1
3014-224,LAGE24,1
3014-236,LAGE36,1
3014-324,LAGE24,1
3014-336,LAGE36,1
30-1440,BROWNLINE,1
3014-424,LAGE24,1
3014-436,LAGE36,1
3014-524,LAGE24,1
3014-536,LAGE36,1
30-1460,BROWNLINE,1
3014-624,LAGE24,1
3014-724,LAGE24,1
3014-736,LAGE36,1
30-1480,BROWNLINE,1
3014-815,LAGE15,1
3014-824,LAGE24,1
3014-836,LAGE36,1
3014-924,LAGE24,1
3014-936,LAGE36,1
30-1500,BROWNLINE,1
3015-124,LAGE24,1
30-1520,BROWNLINE,1
30-1540,BROWNLINE,1
30-1560,BROWNLINE,1
30-1580,BROWNLINE,1
30-1590,FITTING,1
30-1591,FITTING,1
30-1600,BROWNLINE,1
30-1620,BROWNLINE,1
30-1640,BROWNLINE,1
30-1660,BROWNLINE,1
30-1680,BROWNLINE,1
30-1700,BROWNLINE,1
30-1720,BROWNLINE,1
30-1740,BROWNLINE,1
30-1760,BROWNLINE,1
30-1780,BROWNLINE,1
30-1800,LSBID,1
30-1820,BROWNLINE,1
30-1821,FITTING,1
30-1822,FITTING,1
30-1840,BROWNLINE,1
30-1860,BROWNLINE,1
30-1880,BROWNLINE,1
30-1900,BROWNLINE,1
30-1920,BROWNLINE,1
30-1940,BROWNLINE,1
30-1960,BROWNLINE,1
30-1980,BROWNLINE,1
30-2000,BROWNLINE,1
3020-005,LAGE5,1
30-2001,PTSSAT,1
30-2002,PTSSAT,1
30-2003,ALERT,1
3020-030,LAGE30,1
30-2004,CRIS,1
30-2005,ALERT,1
30-2006,ALERT,1
30-2007,ALERT,1
30-2008,ALERT,1
30-2009,ALERT,1
30-2010,ALERT,1
3020-105,LAGE5,1
30-2011,SLV,1
3020-115,LAGE15,1
30-2012,SLV,1
3020-124,LAGE24,1
30-2013,SLV,1
3020-130,LAGE30,1
3020-136,LAGE36,1
30-2014,SLV,1
3020-148,LAGE48,1
30-2015,SLV,1
30-2016,RCONT,1
30-2017,DATA,1
30-2018,DATA,1
30-2019,DATA,1
30-2020,BROWNLINE,1
30-2021,IRROMETER,1
3020-215,LAGE15,1
30-2022,IRROMETER,1
3020-224,LAGE24,1
30-2023,PUMP,1
3020-230,LAGE30,1
30-20231,PUMP,1
30-20232,PUMP,1
3020-236,LAGE36,1
30-2024,KBI,1
30-2024,KING,1
3020-248,LAGE48,1
30-2025,KBI,1
30-2025,KING,1
30-2026,KBI,1
30-2026,KING,1
30-2027,KBI,1
30-2027,KING,1
30-2028,KBI,1
30-2028,KING,1
30-2029,KBI,1
30-2029,KING,1
30-2030,KBI,1
30-2031,KBI,1
3020-315,LAGE15,1
30-2032,PUMP,1
3020-324,LAGE24,1
30-2040,BROWNLINE,1
30-2041,PUMP,1
3020-415,LAGE15,1
30-2042,PUMP,1
30-2043,PUMP,1
3020-515,LAGE15,1
30-2060,BROWNLINE,1
3020-615,LAGE15,1
30-2080,BROWNLINE,1
30-2091,WATER,1
30-2095,PUMP,1
30-2096,IRRBID,1
30-2096,PUMP,1
30-2100,BROWNLINE,1
30-2103,ALERT,1
30-2104,ML,1
30-2120,BROWNLINE,1
30-2140,BROWNLINE,1
30-2160,BROWNLINE,1
30-217,DIG,1
30-217,LEIT,1
30-218,ALTEC,1
30-218,LEIT,1
30-218,RCONT,1
30-2180,BROWNLINE,1
30-219,ALTEC,1
30-219,LEIT,1
30-219,RCONT,1
30-220,ALTEC,1
30-220,LEIT,1
30-220,RCONT,1
30-2200,BROWNLINE,1
30-221,ALTEC,1
30-221,LEIT,1
30-221,RCONT,1
3022-115,LAGE15,1
3022-124,LAGE24,1
3022-130,LAGE30,1
3022-136,LAGE36,1
3022-148,LAGE48,1
30-222,ALTEC,1
30-222,DIG,1
30-222,LEIT,1
30-2220,BROWNLINE,1
3022-215,LAGE15,1
3022-224,LAGE24,1
3022-230,LAGE30,1
3022-236,LAGE36,1
3022-248,LAGE48,1
30-223,ALTEC,1
30-223,LEIT,1
30-2230,DIG,1
30-2230,LEIT,1
3022-315,LAGE15,1
3022-336,LAGE36,1
3022-348,LAGE48,1
30-224,ALTEC,1
30-224,LEIT,1
30-2240,BROWNLINE,1
3022-415,LAGE15,1
3022-436,LAGE36,1
3022-448,LAGE48,1
30-225,ALTEC,1
30-225,LEIT,1
3022-515,LAGE15,1
3022-536,LAGE36,1
3022-548,LAGE48,1
30-226,ALTEC,1
30-226,IRRBID,1
30-226,LEIT,1
30-2260,BROWNLINE,1
3022-624,LAGE24,1
3022-636,LAGE36,1
30-227,LEIT,1
3022-724,LAGE24,1
3022-736,LAGE36,1
30-228,LEIT,1
30-2280,BROWNLINE,1
30-229,DIG,1
30-229,LEIT,1
30-2291,DIG,1
30-2291,LEIT,1
30-2292,DIG,1
30-2292,LEIT,1
30-2293,LEIT,1
30-2300,BROWNLINE,1
30-231,LEIT,1
3023-124,LAGE24,1
3023-136,LAGE36,1
3023-148,LAGE48,1
30-232,DIG,1
30-232,LEIT,1
30-2320,BROWNLINE,1
3023-236,LAGE36,1
30-233,DIG,1
30-233,LEIT,1
30-2340,BROWNLINE,1
30-2360,BROWNLINE,1
30-2380,BROWNLINE,1
30-2400,BROWNLINE,1
30-2400,NIPPLE,1
3024-024,LAGE24,1
3024-048,LAGE48,1
3024-115,LAGE15,1
3024-124,LAGE24,1
3024-130,LAGE30,1
3024-136,LAGE36,1
3024-148,LAGE48,1
3024-160,LAGE60,1
30-2420,BROWNLINE,1
30-2420,NIPPLE,1
3024-215,LAGE15,1
3024-224,LAGE24,1
3024-230,LAGE30,1
3024-236,LAGE36,1
3024-248,LAGE48,1
3024-260,LAGE60,1
3024-315,LAGE15,1
3024-324,LAGE24,1
3024-336,LAGE36,1
3024-348,LAGE48,1
3024-360,LAGE60,1
30-2440,BROWNLINE,1
30-2440,NIPPLE,1
3024-415,LAGE15,1
3024-424,LAGE24,1
3024-436,LAGE36,1
3024-448,LAGE48,1
3024-460,LAGE60,1
3024-524,LAGE24,1
3024-536,LAGE36,1
3024-548,LAGE48,1
3024-560,LAGE60,1
30-2460,BROWNLINE,1
30-2460,NIPPLE,1
3024-624,LAGE24,1
3024-636,LAGE36,1
3024-648,LAGE48,1
3024-660,LAGE60,1
3024-724,LAGE24,1
3024-736,LAGE36,1
30-2480,BROWNLINE,1
30-2480,NIPPLE,1
3024-824,LAGE24,1
3024-836,LAGE36,1
3024-924,LAGE24,1
3024-936,LAGE36,1
30-2500,BROWNLINE,1
30-2500,NIPPLE,1
3025-036,LAGE36,1
3025-115,LAGE24,1
3025-124,LAGE24,1
3025-136,LAGE36,1
30-2520,BROWNLINE,1
30-2520,NIPPLE,1
30-2540,BROWNLINE,1
30-2540,NIPPLE,1
30-2560,BROWNLINE,1
30-2560,NIPPLE,1
30-2580,BROWNLINE,1
30-2600,BROWNLINE,1
3026-115,LAGE15,1
3026-215,LAGE15,1
3026-224,LAGE24,1
3026-230,LAGE30,1
3026-236,LAGE36,1
3026-248,LAGE48,1
3026-324,LAGE24,1
3026-348,LAGE48,1
30-2682,NETAFIM,1
30-2683,NETAFIM,1
30-2684,NETAFIM,1
30-2685,NETAFIM,1
30-2686,NETAFIM,1
30-2687,NETAFIM,1
30-2688,NETAFIM,1
30-2689,NETAFIM,1
30-2690,NETAFIM,1
30-2691,NETAFIM,1
30-2692,NETAFIM,1
30-2693,NETAFIM,1
30-2694,NETAFIM,1
30-2695,NETAFIM,1
30-2696,NETAFIM,1
30-2697,NETAFIM,1
30-2698,NETAFIM,1
30-2699,NETAFIM,1
30-2700,NETAFIM,1
30-2701,NETAFIM,1
30-2702,NETAFIM,1
30-2703,NETAFIM,1
30-2704,NETAFIM,1
30-2705,NETAFIM,1
30-2706,NETAFIM,1
30-2707,NETAFIM,1
30-2708,NETAFIM,1
30-2709,NETAFIM,1
30-2710,NETAFIM,1
30-2711,NETAFIM,1
3027-115,LAGE15,1
30-2712,NETAFIM,1
3027-124,LAGE24,1
30-2713,NETAFIM,1
30-2714,NETAFIM,1
30-2715,NETAFIM,1
30-2716,NETAFIM,1
30-2717,NETAFIM,1
30-2718,NETAFIM,1
30-2719,NETAFIM,1
30-27199,NETAFIM,1
30-2720,NETAFIM,1
30-2721,NETAFIM,1
30-2722,NETAFIM,1
3027-224,LAGE24,1
30-2723,NETAFIM,1
30-27235,NETAFIM,1
30-2724,NETAFIM,1
30-2725,NETAFIM,1
30-2726,NETAFIM,1
30-2727,NETAFIM,1
30-2728,NETAFIM,1
30-2729,NETAFIM,1
30-2730,AG PROD,1
30-2731,NETAFIM,1
30-2732,NETAFIM,1
3027-324,LAGE24,1
30-2733,NETAFIM,1
30-2734,NETAFIM,1
30-2735,AG PROD,1
30-2735,KING,1
30-2736,KING,1
30-2737,RAINBIRD,1
30-2737,RDRIP,1
30-2738,RAINBIRD,1
30-2739,NETAFIM,1
30-2740,NETAFIM,1
30-2741,NETAFIM,1
30-2742,NETAFIM,1
30-2743,NETAFIM,1
30-2744,NETAFIM,1
30-2745,TORO,1
30-2746,TORO,1
30-2747,TORO,1
30-2748,TORO,1
30-2749,TORO,1
30-2750,TORO,1
30-2751,TORO,1
30-2752,TORO,1
30-2753,TORO,1
30-2754,TORO,1
30-2755,TORO,1
30-2756,NETAFIM,1
30-2758,TORO,1
30-2759,TORO,1
30-2760,NETAFIM,1
30-2760,TORO,1
30-2761,TORO,1
30-2762,TORO,1
30-2763,TCONT,1
30-2763,TORO,1
30-2764,TORO,1
30-2765,NETAFIM,1
30-2765,TORO,1
30-2766,TORO,1
30-2767,TORO,1
30-2768,NETAFIM,1
30-2769,NETAFIM,1
30-2770,TORO,1
30-2771,TORO,1
30-2772,TORO,1
30-2773,TORO,1
30-2774,NETAFIM,1
30-2775,NETAFIM,1
30-2776,NETAFIM,1
30-2777,NETAFIM,1
30-2778,TORO,1
30-2779,TORO,1
30-2780,TORO,1
30-2781,DRIP LABOR,1
30-2781,IRRBID,1
30-2781,MISC,1
30-2781,NETAFIM,1
30-2781,RAINBIRD,1
30-2781,RDRIP,1
30-2781,TORO,1
30-2781,TUCOR,1
30-2782,TORO,1
30-2783,TORO,1
30-2784,NETAFIM,1
30-2785,TORO,1
30-2786,NETAFIM,1
30-2787,NETAFIM,1
30-2788,NETAFIM,1
30-2789,NETAFIM,1
30-2790,NETAFIM,1
30-2791,NETAFIM,1
30-2792,NETAFIM,1
30-2793,NETAFIM,1
30-2794,NETAFIM,1
30-2795,NETAFIM,1
30-2796,NETAFIM,1
30-2797,NETAFIM,1
30-2798,NETAFIM,1
30-2799,NETAFIM,1
30-2800,AQUA,1
30-2801,RAINBIRD,1
30-2801,RDRIP,1
30-2802,AQUA,1
30-2803,NETAFIM,1
30-2804,NETAFIM,1
30-2805,NETAFIM,1
30-2806,NETAFIM,1
30-2807,NETAFIM,1
30-2808,NETAFIM,1
30-2809,CHAMPION,1
30-2809,IRRBID,1
30-2810,NETAFIM,1
30-2811,NETAFIM,1
3028-115,LAGE15,1
30-2812,NETAFIM,1
30-2813,NETAFIM,1
30-2814,NETAFIM,1
30-2815,NETAFIM,1
30-2816,NETAFIM,1
30-2817,NETAFIM,1
30-2818,NETAFIM,1
30-2819,NETAFIM,1
30-2820,NETAFIM,1
30-2821,NETAFIM,1
30-2822,TORO,1
30-2823,TORO,1
30-2824,NETAFIM,1
30-2825,NETAFIM,1
30-2826,NETAFIM,1
30-2827,NETAFIM,1
30-2830,CHAMPION,1
30-2833,NETAFIM,1
30-2843,NETAFIM,1
30-2844,NETAFIM,1
30-2845,NETAFIM,1
30-2846,NETAFIM,1
30-2847,NETAFIM,1
30-2848,NETAFIM,1
30-2849,NETAFIM,1
30-2850,NETAFIM,1
30-2851,NETAFIM,1
30-2852,NETAFIM,1
30-2853,NETAFIM,1
30-2854,NETAFIM,1
30-2855,NETAFIM,1
30-2856,NETAFIM,1
30-2857,NETAFIM,1
30-2858,NETAFIM,1
30-2859,NETAFIM,1
30-2860,NETAFIM,1
30-2861,NETAFIM,1
30-2862,NETAFIM,1
30-2863,NETAFIM,1
30-2864,NETAFIM,1
30-2865,NETAFIM,1
30-2866,NETAFIM,1
30-2867,NETAFIM,1
30-2868,NETAFIM,1
30-2869,NETAFIM,1
30-2870,NETAFIM,1
30-2871,NETAFIM,1
3029-115,LAGE15,1
3030-115,ZELK15,1
3030-124,ZELK24,1
3030-125,ZELK24,1
3030-136,ZELK36,1
3030-148,ZELK48,1
30-3020,EROSION,1
30-3020,SAND,1
30-3021,EROSION,1
30-3021,GRAVEL,1
30-3021,SAND,1
3030-224,ZELK24,1
30-3025,GRAVEL,1
30-3025,SAND,1
30-3026,GRAVEL,1
30-3027,GRAVEL,1
30-3028,GRAVEL,1
30-3120,EROSION,1
30-3120,JUTE,1
3031-201,ZINN1,1
30-3121,EROSION,1
30-3122,JUTE,1
30-3122,LSSTOCK,1
30-3123,EROSION,1
30-3123,LSBID,1
30-3123,LSSTOCK,1
30-3124,LSBID,1
30-3124,LSSTOCK,1
30-3125,LSBID,1
30-3125,LSSTOCK,1
30-3126,LSBID,1
30-3126,LSSTOCK,1
30-3127,EROSION,1
30-3127,JUTE,1
3071-301,OPUN,1
3071-301,OPUN1,1
3100-001,LANT1,1
3100-101,LANT1,1
3100-201,LANT1,1
3100-301,LANT1,1
3100-302,LANT5,1
3100-305,LANT5,1
3100-401,LANT1,1
3100-404,GC,1
3100-404,LINER,1
3100-405,LANT5,1
3100-500,GC,1
3100-501,LANT1,1
3100-502,LANT5,1
3100-504,LINER,1
3100-505,LANT5,1
3100-555,LANT5,1
3100-560,LANT1,1
3100-565,LANT5,1
3100-575,LANT5,1
3100-590,LANT5,1
3100-601,LANT1,1
3100-605,LANT5,1
3100-606,LANT5,1
3100-701,LANT1,1
3100-705,LANT5,1
3100-801,LANT1,1
3100-805,LANT5,1
3100-901,LANT1,1
3100-905,LANT5,1
3101-001,LANT1,1
3101-005,LANT5,1
3101-101,LANT1,1
3101-105,LANT5,1
3101-205,LANT5,1
3101-305,LANT5,1
3101-315,LSBID,1
3101-405,LANT5,1
3101-501,LANT1,1
3101-505,LANT5,1
3101-605,LANT5,1
3101-705,LANT5,1
3101-805,LANT5,1
3102-501,LANT1,1
3103-501,LANT1,1
3103-505,LANT5,1
3103-605,LANT5,1
3103-615,LANT115,1
3103-615,LANT15,1
3103-715,LANT15,1
3104-001,LANT1,1
3104-011,LANT1,1
3104-201,LANT1,1
3104-301,LANT1,1
3104-401,LANT1,1
3104-501,LANT1,1
3104-505,LANT5,1
3104-601,LANT1,1
3104-605,LANT5,1
3104-701,LANT1,1
3104-702,LANT1,1
3104-705,LANT5,1
3104-711,LANT1,1
3104-801,LANT1,1
3104-901,LANT1,1
3105-001,LANT1,1
3105-005,LANT5,1
3105-101,LANT1,1
3105-115,LAUR,1
3105-115,LAUR5,1
3105-201,LANT1,1
3105-205,LAUR5,1
3105-401,LANT1,1
3105-501,LANT1,1
3105-505,LANT5,1
3105-601,LANT1,1
3105-701,LANT1,1
3105-801,LANT1,1
3105-901,LANT1,1
3105-905,LANT5,1
3106-505,LANT5,1
3106-605,LANT5,1
3107-501,LANT1,1
3108-501,LANT1,1
31-0999,TROPE,1
31-1000,TROPE,1
31-1001,CALSENSE,1
31-1002,CALSENSE,1
3110-024,LAUR24,1
31-1003,CALSENSE,1
3110-036,LAUR36,1
31-1004,CALSENSE,1
31-1005,WCS,1
31-1006,HONEYWELL,1
31-1007,HONEYWELL,1
31-1008,HONEYWELL,1
31-1009,CALSENSE,1
3110-105,LAUR15,1
31-1011,RAINMASTER,1
3110-115,LAUR,1
3110-115,LAUR15,1
3110-124,LAUR,1
3110-124,LAUR24,1
31-1013,RAINMASTER,1
3110-136,LAUR,1
3110-136,LAUR36,1
31-1014,HUNTER,1
31-1015,WCS,1
31-1016,WCS,1
31-1017,WCS,1
31-1018,WCS,1
31-1019,WCS,1
31-1020,WCS,1
31-1021,WCS,1
3110-215,LAUR15,1
31-1022,WCS,1
3110-224,LAUR24,1
31-1023,WCS,1
3110-236,LAUR36,1
31-1024,WCS,1
31-1025,WCS,1
31-1026,WCS,1
31-1027,WCS,1
31-1028,WCS,1
31-1029,WCS,1
31-1030,WCS,1
31-1031,WCS,1
3110-315,LAUR15,1
31-1032,WCS,1
3110-324,LAUR24,1
31-1033,WCS,1
3110-336,LAUR36,1
31-1034,WCS,1
31-1035,WCS,1
31-1036,WCS,1
31-1037,WCS,1
31-1038,WCS,1
31-1039,IRRBID,1
3110-415,LAUR15,1
3110-424,LAUR24,1
3110-436,LAUR36,1
3110-515,LAUR15,1
3110-524,LAUR24,1
31-1060,CALSENSE,1
31-1061,CALSENSE,1
3110-615,LAUR15,1
31-1062,IRROMETER,1
3110-624,LAUR24,1
31-1063,MATCO,1
31-1064,101010,1
31-1064,HARCO,1
31-1065,MATCO,1
31-1066,MATCO,1
31-1069,LEMEUR,1
31-1070,IRRBID,1
31-1070,LEMEUR,1
31-1071,IRRBID,1
31-1071,LEMEUR,1
3110-715,LAUR15,1
31-1072,IRRBID,1
31-1072,LEMEUR,1
3110-724,LAUR24,1
31-1073,LEMEUR,1
31-1074,MATCO,1
31-1075,MATCO,1
31-1076,MATCO,1
31-1077,MATCO,1
31-1078,MATCO,1
31-1079,MATCO,1
31-1080,CALSENSE,1
31-1081,CALSENSE,1
31-1082,CALSENSE,1
3110-824,LAUR24,1
31-1083,CALSENSE,1
31-1084,CALSENSE,1
31-1085,HSP,1
31-1086,CALSENSE,1
31-1087,CALSENSE,1
31-1088,CALSENSE,1
31-1089,CALSENSE,1
31-1090,CALSENSE,1
31-1091,CALSENSE,1
31-1092,CALSENSE,1
3110-924,LAUR24,1
31-1093,CALSENSE,1
31-1094,CALSENSE,1
31-1095,CALSENSE,1
31-1096,CALSENSE,1
31-1097,CALSENSE,1
31-1098,CALSENSE,1
31-1099,PTS,1
31-1100,CALSENSE,1
31-1101,CALSENSE,1
31-1102,CALSENSE,1
31-1103,CALSENSE,1
31-1104,CALSENSE,1
31-1105,CALSENSE,1
31-1106,CALSENSE,1
31-1107,CALSENSE,1
31-1108,HONEYWELL,1
31-1109,HONEYWELL,1
31-1110,CALSENSE,1
31-1111,IRRBID,1
31-1112,CALSENSE,1
3111-124,LAUR24,1
31-1118,CALSENSE,1
31-1118,IRRBID,1
31-1118,IRRIGATION,1
31-1119,CALSENSE,1
31-1120,CALSENSE,1
31-1121,CALSENSE,1
31-1130,CALSENSE,1
31-1140,CALSENSE,1
31-1140,IRRIGATION,1
31-1160,CALSENSE,1
31-1176,MATCO,1
31-1177,MATCO,1
31-1178,MATCO,1
31-1180,MATCO,1
31-1181,MATCO,1
31-1185,MATCO,1
31-1186,MATCO,1
31-1187,MATCO,1
31-1188,MATCO,1
31-1189,MATCO,1
31-1190,MATCO,1
31-1200,WCS,1
31-1201,RAINBIRD,1
31-1240,CALSENSE,1
31-1300,CALSENSE,1
31-1301,CALSENSE,1
31-1400,WEATHERTRAK,1
3115-005,LEPT5,1
3115-015,LEPT15,1
3115-105,LEPT5,1
3115-205,LEPT5,1
3115-415,LEPT15,1
3115-501,LEPT1,1
3115-505,LEPT5,1
3115-515,LEPT15,1
3115-615,LEPT15,1
3115-715,LEPT15,1
3115-801,CALY1,1
3115-901,CALY1,1
3115-905,CALL5,1
3116-105,LEPT5,1
3116-205,LEPT5,1
3116-305,LEPT5,1
3117-015,DASY15,1
3117-101,PACH1,1
3117-215,PACH15,1
3117-224,PACH1,1
3117-248,PACH15,1
3117-415,PACH15,1
3117-424,PACH15,1
3117-424,PACH24,1
3117-515,PACH15,1
3118-101,PAEO1,1
31-2000,HYDRORAIN,1
31-2001,HYDRORAIN,1
31-2002,HYDRORAIN,1
31-2003,HYDRORAIN,1
31-2004,HYDRORAIN,1
31-2005,HYDRORAIN,1
31-2006,HYDRORAIN,1
31-2007,HYDRORAIN,1
31-2008,HYDRORAIN,1
31-2009,HYDRORAIN,1
31-2010,HYDRORAIN,1
31-2011,HYDRORAIN,1
31-2012,HYDRORAIN,1
3120-121,LEPT1,1
3120-124,LEPT24,1
31-2013,HYDRORAIN,1
3120-131,LEPT1,1
3120-136,LEPT24,1
3120-136,LEPT36,1
31-2014,HYDRORAIN,1
31-2015,HYDRORAIN,1
31-2016,HYDRORAIN,1
31-2017,HYDRORAIN,1
31-2018,HYDRORAIN,1
31-2019,HYDRORAIN,1
31-2020,HYDRORAIN,1
31-2021,HYDRORAIN,1
31-2022,HYDRORAIN,1
3120-224,LEPT24,1
31-2023,HYDRORAIN,1
3120-236,LEPT36,1
31-2031,GPIPE,1
31-2031,IRRBID,1
3120-324,LEPT24,1
3120-501,LEPT1,1
3120-505,LEPT5,1
3120-515,LEPT15,1
3120-524,LEPT24,1
3120-615,LEPT15,1
3120-715,LEPT15,1
3120-901,LEPT1,1
3124-101,TERR2,1
3125-415,LEPT15,1
3125-501,LEPT1,1
3125-505,LEPT5,1
3125-515,LEPT15,1
3126-315,LEPT15,1
3127-305,LEPT5,1
3127-315,LEPT15,1
3129-115,LAGE15,1
3129-148,LAGE48,1
3129.148,LAGE48,1
3129-215,LAGE15,1
3129-248,LAGE48,1
3129-315,LAGE15,1
3129-415,LAGE15,1
3129-417,LAGE15,1
3129-424,LAGE24,1
3129-515,LAGE15,1
3129-524,LAGE24,1
3129-615,LAGE15,1
3129-624,LAGE24,1
3129-715,LAGE15,1
3129-815,LAGE15,1
3130-024,LIGU24,1
3130-124,LIGU24,1
3130-126,LIGU36,1
3130-136,LIGU36,1
3130-224,LIGU24,1
3130-324,LIGU24,1
3130-424,LIGU24,1
3130-501,LIGU1,1
3130-505,LIGU5,1
3130-515,LIGU15,1
3130-605,LIGU5,1
3130-624,LIGU24,1
3130-705,LIGU5,1
3131-105,LIGU5,1
3131-124,LIGU24,1
3131-125,LIGU24,1
3131-126,LIGU24,1
3131-201,LIGU1,1
3131-205,LIGU5,1
3131-224,LIGU24,1
3131-301,LIGU1,1
3131-305,LAVA5,1
3131-405,LIGU5,1
3131-505,LAVA5,1
3131-605,LAVA5,1
3131-705,LAVA5,1
3131-801,LAVA1,1
3131-805,LAVA5,1
3131-905,LIGU5,1
3132-024,LIGU24,1
3135-004,"4"" POT",1
3135-015,LIMO15,1
3135-115,PERO15,1
3135-501,LIMO1,1
3135-505,LIMO5,1
3135-601,LIGU1,1
3135-701,1812,1
3135-701,LIMO1,1
3135-705,PERO5,1
3135-805,PERO5,1
3135-901,PERO1,1
3135-905,PERO5,1
3135-915,PERO5,1
31-9999,IRRBID,1
32-0000,DEEP,1
32-0000,LSBID,1
32-0000,LSSTOCK,1
32-0001,CONDUIT,1
32-0001,IRRBID,1
32-0001,PULL,1
32-0003,DEEP,1
32-0003,LSBID,1
32-0003,LSSTOCK,1
32-0005,PTS,1
32-0005,RCONT,1
32-0006,ASS,1
32-0006,PTS,1
32-0007,ASS,1
32-0007,PTS,1
32-0008,ASS,1
32-0008,PTS,1
32-0009,DEEP,1
32-0009,LSBID,1
32-0009,LSSTOCK,1
32-0011,PTS,1
32-0011,RAINBIRD,1
32-0011,RCONT,1
32-0012,PTS,1
32-0012,RAINBIRD,1
32-0012,RCONT,1
32-0013,PTS,1
32-0013,RAINBIRD,1
32-0013,RCONT,1
32-0014,PTS,1
32-0014,RAINBIRD,1
32-0014,RCONT,1
32-0015,PTS,1
32-0015,RAINBIRD,1
32-0015,RCONT,1
32-0016,PTS,1
32-0016,RAINBIRD,1
32-0016,RCONT,1
32-0017,RAINBIRD,1
32-0018,IRRBID,1
32-0019,ASS,1
32-0019,CONTR,1
32-0020,ASS,1
32-0020,CONTR,1
32-0021,ASS,1
32-0021,CONTR,1
32-0022,ASS,1
32-0022,CONTR,1
32-0023,ASS,1
32-0023,CONTR,1
32-0024,ASS,1
32-0024,CONTR,1
32-0025,IRRBID,1
32-0025,PUMP,1
32-0026,IRRBID,1
32-0026,PUMP,1
32-0027,IRRBID,1
32-0027,PUMP,1
32-0028,IRRBID,1
32-0028,PUMP,1
32-0029,ASS,1
32-0030,ASS,1
32-0031,ASS,1
32-0032,ASS,1
32-0033,ASS,1
32-0034,PUMP,1
32-0035,ASS,1
32-0035,CONTR,1
32-0035,JDGT,1
32-0036,ASS,1
32-0036,CONTR,1
32-0036,JDGT,1
32-0037,ASS,1
32-0037,CONTR,1
32-0037,JDGT,1
32-0038,ASS,1
32-0038,CONTR,1
32-0038,JDGT,1
32-0039,ASS,1
32-0039,CONTR,1
32-0039,JDGT,1
32-0040,ASS,1
32-0040,CONTR,1
32-0040,JDGT,1
32-0041,IRRBID,1
32-0041,MISC,1
32-0042,JDGT,1
32-0043,JDGT,1
32-0044,ASS,1
32-0044,CONTR,1
32-0045,ASS,1
32-0045,CONTR,1
32-0046,ASS,1
32-0046,CONTR,1
32-0047,ASS,1
32-0047,CONTR,1
32-0048,ASS,1
32-0048,CONTR,1
32-0049,ASS,1
32-0049,CONTR,1
32-0050,JDGT,1
32-0050,RAINMASTER,1
32-0051,IMPERIAL,1
32-0051,IRRBID,1
32-0051,IRRIGATION,1
32-0051,IRRSTOCK,1
32-0051,RAINBIRD,1
32-0052,IMPERIAL,1
32-0052,IRRBID,1
32-0052,IRRIGATION,1
32-0052,IRRSTOCK,1
32-0052,RAINBIRD,1
32-0053,IMPERIAL,1
32-0053,RAINBIRD,1
32-0053,RCONT,1
32-0053,RVALVE,1
32-0054,RAINBIRD,1
32-0055,RAINBIRD,1
32-0055,RCONT,1
32-0056,RAINBIRD,1
32-0056,RCONT,1
32-0057,RAINBIRD,1
32-0057,RCONT,1
32-0058,RAINBIRD,1
32-0058,RCONT,1
32-0059,RAINBIRD,1
32-0059,RCONT,1
32-0060,RAINBIRD,1
32-0060,RCONT,1
32-0061,RAINBIRD,1
32-0061,RCONT,1
32-0062,RAINBIRD,1
32-0062,RCONT,1
32-0063,RAINBIRD,1
32-0063,RCONT,1
32-0064,RAINBIRD,1
32-0064,RCONT,1
32-0065,RAINBIRD,1
32-0065,RCONT,1
32-0066,RAINBIRD,1
32-0066,RCONT,1
32-0066,RVALVE,1
32-0067,RAINBIRD,1
32-0067,RCONT,1
32-0067,RVALVE,1
32-0068,RCONT,1
32-0068,RVALVE,1
32-0069,RCONT,1
32-0069,RVALVE,1
32-0070,RCONT,1
32-0070,RVALVE,1
32-0071,RCONT,1
32-0071,RVALVE,1
32-0072,IMPERIAL,1
32-0073,RAINBIRD,1
32-0073,RCONT,1
32-0073,RVALVE,1
32-0074,RCONT,1
32-0075,RCONT,1
32-0076,IMPERIAL,1
32-0077,RCONT,1
32-0078,RCONT,1
32-0079,RCONT,1
32-0080,ASS,1
32-0080,IRRBID,1
32-0507,IRRBID,1
32-0600,STRONGBOX,1
32-1000,BOX,1
32-1000,IRRIGATION,1
32-1000,NDS,1
32-1001,BOX,1
32-1001,IRRBID,1
32-1001,NDS,1
32-1002,BOX,1
32-1002,IRRBID,1
32-1002,NDS,1
32-1003,BOX,1
32-1003,NDS,1
32-1004,BOX,1
32-1004,NDS,1
32-1005,IRRBID,1
32-1005,POC,1
32-1007,IRRBID,1
32-1008,IRRBID,1
32-1008,POC,1
32-1009,IRRBID,1
32-1009,POC,1
32-1010,IRRBID,1
32-1011,IRRBID,1
32-1012,IRRBID,1
32-1020,BOX,1
32-1020,IRRBID,1
32-1020,IRRIGATION,1
32-1021,BOX,1
32-1021,IRRBID,1
32-1021,IRRIGATION,1
32-1027,STRONG,1
32-1028,STRONG,1
32-1028,STRONGBOX,1
32-1029,BOX,1
32-1029,IRRBID,1
32-1030,BOX,1
32-1030,IRRBID,1
32-1031,STRONG,1
32-1031,STRONGBOX,1
32-1032,STRONG,1
32-1032,STRONGBOX,1
32-1033,STRONGBOX,1
32-1034,STRONGBOX,1
32-1035,IRRBID,1
32-1036,IRRBID,1
32-1037,STRONG,1
32-1037,STRONGBOX,1
32-1038,POLAR,1
32-1038,STRONGBOX,1
32-1039,LEMEUR,1
32-1040,ALLSPEC,1
32-1040,STRONG,1
32-1040.1,ALLSPEC,1
32-1040.1,STRONG,1
32-1041,STRONGBOX,1
32-1042,STRONGBOX,1
32-1043,STRONGBOX,1
32-1044,STRONGBOX,1
32-1045,STRONGBOX,1
32-1046,BOX,1
32-1047,IRRBID,1
32-1048,IRRBID,1
32-1048,STRONG,1
32-1049,LEMEUR,1
32-1050,LAMAX,1
32-1051,LEMEUR,1
32-1052,LEMEUR,1
32-1053,LEMEUR,1
32-1054,BACKFLOW,1
32-1054,FEBCO,1
32-1054,LAMAX,1
32-1054,LEMEUR,1
32-1055,LEMEUR,1
32-1056,IRRSTOCK,1
32-1058,RW,1
32-1059,STRONG,1
32-1060,IRRBID,1
32-1060,IRRIGATION,1
32-1060,LAMAX,1
32-1061,IRRBID,1
32-1062,IRRBID,1
32-1063,HS1,1
32-1063,IRRBID,1
32-1064,IRRBID,1
32-1064,STRONG,1
32-1064,STRONGBOX,1
32-1064,VIT,1
32-1065,HS1,1
32-1066,STRONG,1
32-1066,STRONGBOX,1
32-1067,STRONG,1
32-1067,STRONGBOX,1
32-1068,STRONG,1
32-1068,STRONGBOX,1
32-1069,STRONG,1
32-1069,STRONGBOX,1
32-1070,STRONG,1
32-1070,STRONGBOX,1
32-1071,STRONG,1
32-1071,STRONGBOX,1
32-1072,STRONG,1
32-1072,STRONGBOX,1
32-1073,STRONG,1
32-1073,STRONGBOX,1
32-1074,STRONG,1
32-1074,STRONGBOX,1
32-1075,STRONG,1
32-1075,STRONGBOX,1
32-1076,STRONG,1
32-1076,STRONGBOX,1
32-1077,STRONG,1
32-1077,STRONGBOX,1
32-1078,STRONG,1
32-1078,STRONGBOX,1
32-1079,STRONG,1
32-1079,STRONGBOX,1
32-1080,IRRBID,1
32-1080,IRRIGATION,1
32-1080,RW,1
32-1081,RW,1
32-1081,WIRE,1
32-10815,RW,1
32-1082,IRRBID,1
32-1083,STRONG,1
32-1083,STRONGBOX,1
32-1085,STRONG,1
32-1085,STRONGBOX,1
32-1086,HSP,1
32-1087,HSPOP,1
32-1088,HSP,1
32-1089,HSP,1
32-1090,HSP,1
32-1091,HSP,1
32-1092,HSP,1
32-1093,HSPOP,1
32-1094,HSPOP,1
32-1095,HSPOP,1
32-1096,HSP,1
32-1097,HSP,1
32-1098,HSP,1
32-1099,HSP,1
32-1100,HSP,1
32-1101,HSPOP,1
32-1102,HSP,1
32-1103,HSP,1
32-1104,HSP,1
32-1105,STRONG,1
32-1105,STRONGBOX,1
32-1106,HSPOP,1
32-1107,HSP,1
32-1108,HSP,1
32-1109,HSP,1
32-1110,HSPOP,1
32-1111,HSP,1
32-1112,HSP,1
32-1113,HSP,1
32-1114,HSP,1
32-1115,HSPOP,1
32-1116,HSP,1
32-1117,HSP,1
32-1118,HSP,1
32-1119,HSP,1
32-1120,HSP,1
32-1121,HSP,1
32-1122,HSP,1
32-1123,HSPOP,1
32-1124,HSPOP,1
32-1125,HSP,1
32-1126,ELECTRIC,1
32-1126,MISC,1
32-1127,HSP,1
32-1128,HSPOP,1
32-1129,HSPOP,1
32-1130,HSP,1
32-1131,HSPOP,1
32-1132,HSP,1
32-1133,HSP,1
32-1134,HSP,1
32-1135,HSPOP,1
32-1136,HSPOP,1
32-1137,HSPOP,1
32-1138,HSP,1
32-1139,HSP,1
32-1140,HSP,1
32-1141,HSP,1
32-1142,HSPOP,1
32-1144,HSPOP,1
32-1146,HSP,1
32-1147,HSP,1
32-1148,HSPOP,1
32-1149,HSP,1
32-1150,HSP,1
32-1151,HSP,1
32-1152,HSP,1
32-1154,HSP,1
32-1155,HSP,1
32-1156,HSPOP,1
32-1157,HSP,1
32-1158,HSP,1
32-1159,HSP,1
32-1160,HSPOP,1
32-1161,HSP,1
32-1162,HSP,1
32-1163,HSP,1
32-1164,HSP,1
32-1165,HSPOP,1
32-1166,HSP,1
32-1167,HSP,1
32-1168,HSP,1
32-1169,HSP,1
32-1170,HSP,1
32-1171,HSP,1
32-1172,HSP,1
32-1173,HSP,1
32-1174,HSP,1
32-1175,HSP,1
32-1176,HSP,1
32-1177,HSP,1
32-1178,HSP,1
32-1179,HSP,1
32-1180,HSP,1
32-1181,WIRE,1
32-1182,HSP,1
32-1183,HSP,1
32-1184,LASCO,1
32-1185,LASCO,1
32-1186,IRRBID,1
32-1186,LASCO,1
32-1188,IRRBID,1
32-1188,LASCO,1
32-1189,LASCO,1
32-1190,LASCO,1
32-1191,LASCO,1
32-1192,LASCO,1
32-1194,LEMEUR,1
32-1195,HUNTER,1
32-1196,HUNTER,1
32-1197,HUNTER,1
32-1198,LASCO,1
32-1199,LASCO,1
32-1200,LASCO,1
32-1201,HUNTER,1
32-1202,LASCO,1
32-1203,GUARD,1
32-1203,STRONGBOX,1
32-1204,GUARD,1
32-1205,GUARD,1
32-1205,IRRBID,1
32-1205,STRONGBOX,1
32-1206,GUARD,1
32-1206,IRRBID,1
32-1206,STRONGBOX,1
32-1207,GUARD,1
32-1207,STRONGBOX,1
32-1208,GUARD,1
32-1209,GUARD,1
32-1209,STRONGBOX,1
32-1210,IRRBID,1
32-1210,WATER,1
32-1211,IRRBID,1
32-1212,IRRBID,1
32-1213,LASCO,1
32-1214,IRRBID,1
32-1214,IRRIGATION,1
32-1215,LASCO,1
32-1216,IRRBID,1
32-1216,IRRIGATION,1
32-1216,IRRSTOCK,1
32-1216,MISC,1
32-1217,LASCO,1
32-1218,LASCO,1
32-1219,LASCO,1
32-1220,LASCO,1
32-1221,GUARD,1
32-1222,GUARD,1
32-1222,STRONGBOX,1
32-1223,GUARD,1
32-1224,GUARD,1
32-1224,STRONGBOX,1
32-1225,LEMEUR,1
32-1226,LEMEUR,1
32-1227,LEMEUR,1
32-1228,LEMEUR,1
32-1229,LEMEUR,1
32-1230,HUNTER,1
32-1231,HUNTER,1
32-1232,HUNTER,1
32-1233,HUNTER,1
32-1234,HUNTER,1
32-1235,HUNTER,1
32-1236,HUNTER,1
32-1237,HUNTER,1
32-1238,HUNTER,1
32-1239,HUNTER,1
32-1240,HUNTER,1
32-1241,HUNTER,1
32-1242,HUNTER,1
32-1243,HUNTER,1
32-1244,HUNTER,1
32-1245,STRONG,1
32-1245,STRONGBOX,1
32-1246,HUNTER,1
32-1247,HUNTER,1
32-1248,HUNTER,1
32-1250,RW,1
32-1250,WIRE,1
32-1251,STRONG,1
32-1251,STRONGBOX,1
32-1252,STRONGBOX,1
32-1253,HUNTER,1
32-1256,HUNTER,1
32-1258,GUARD,1
32-1259,GUARD,1
3217-315,LEPT15,1
32-1820,PTS,1
32-1996,ALLSPEC,1
32-1997,ALLSPEC,1
32-1997,STRONG,1
32-1998,ALLSPEC,1
32-1998,STRONG,1
32-1999,ALLSPEC,1
32-1999,STRONG,1
32-2000,ALLSPEC,1
32-2000,IRRBID,1
32-2001,ALLSPEC,1
32-2001,STRONG,1
32-2002,ALLSPEC,1
32-2002,STRONG,1
32-2104,CRIS,1
32-2204,CRIS,1
32-2220,LSBID,1
32-2221,LSBID,1
32-2222,LSBID,1
32-2304,CRIS,1
32-2305,CRIS,1
32-3024,PTSOP,1
32-3025,PTSOP,1
32-3026,PTSSAT,1
32-3027,PTS,1
32-3033,PTSSAT,1
32-3034,PTSOP,1
32-3037,PTSOP,1
32-3038,PTSOP,1
32-3042,PTSOP,1
32-3043,PTS,1
32-3045,PTSOP,1
32-4000,STRONG,1
32-4000,STRONGBOX,1
32-4001,PTS,1
32-4002,PTS,1
32-4003,PTS,1
32-4004,PTS,1
32-4005,PTS,1
32-4006,PTS,1
32-4007,STRONG,1
32-4007,STRONGBOX,1
32-4025,DATA,1
32-4026,DATA,1
32-4027,DATA,1
32-4100,STRONG,1
32-4100,STRONGBOX,1
32-4101,STRONG,1
32-4101,STRONGBOX,1
32-4102,STRONG,1
32-4102,VIT,1
32-4103,STRONG,1
32-4103,STRONGBOX,1
32-4104,STRONG,1
32-4104,VIT,1
32-4105,STRONG,1
32-4105,VIT,1
32-4106,VIT,1
32-4107,STRONG,1
32-4108,STRONG,1
32-4108,VIT,1
32-4109,STRONG,1
32-4109,STRONGBOX,1
32-4110,STRONG,1
32-4110,STRONGBOX,1
32-5000,PTSSAT,1
32-50004,PTS,1
32-50005,PTS,1
32-50006,PTS,1
32-5001,PTS,1
32-5002,PTS,1
32-5003,PTS,1
32-5004,PTS,1
32-5005,PTS,1
32-5009,PTS,1
32-5010,PTS,1
32-5011,PTS,1
32-5012,PTS,1
32-5022,PTSOP,1
32-5023,PTS,1
32-5026,DATA,1
32-5027,PTS,1
32-5027,PTSSAT,1
32-5028,DATA,1
32-5029,DATA,1
32-5029,PTSOP,1
32-5030,DATA,1
32-5031,DATA,1
32-5033,PTSOP,1
32-5034,DATA,1
32-5038,PTSOP,1
32-5039,GREENTECH,1
32-5039,PTSOP,1
32-5040,GREENTECH,1
32-5041,PTS,1
32-5042,PTS,1
32-5045,PTSSAT,1
32-5046,GREENTECH,1
32-5046,IRRBID,1
32-5047,PTSOP,1
32-5048,PTSOP,1
32-5049,PTSSAT,1
32-5055,DATA,1
32-5055,PTSOP,1
32-5056,DATA,1
32-5061,PTS,1
32-5063,PTS,1
32-5064,PTSSAT,1
32-5065,PTS,1
32-5066,PTS,1
32-5067,PTS,1
32-5068,PTS,1
32-5069,PTS,1
32-5070,PTS,1
32-5071,PTS,1
32-5072,PTS,1
32-5073,GREENTECH,1
32-5073,PTS,1
32-5074,IRRBID,1
32-5074,PTS,1
32-5074,RCONT,1
32-5075,PTS,1
32-5075,RCONT,1
32-5076,GREENTECH,1
32-5076,IRRBID,1
32-5077,2700-196,1
32-5077,GREENTECH,1
32-5078,GREENTECH,1
32-5084,PTSOP,1
32-5085,DATA,1
32-5085,PTSOP,1
32-5086,RAINBIRD,1
32-5086,RCONT,1
32-5086,RVALVE,1
32-5090,RAINBIRD,1
32-5091,RAINBIRD,1
32-5092,RAINBIRD,1
32-5093,RAINBIRD,1
32-5094,PTS,1
32-5095,PTSSAT,1
32-5096,PTSSAT,1
32-5097,DATA,1
32-5097,PTSOP,1
32-5099,PTS,1
32-5100,RAINBIRD,1
32-5101,PTS,1
32-5102,PTS,1
32-5102,PTSSAT,1
32-5103,DATA,1
32-5103,PTSOP,1
32-5104,PTSSAT,1
32-5105,PTSSAT,1
32-5106,PTS,1
32-5107,PTSSAT,1
32-5108,PTSSAT,1
32-5109,PTSSAT,1
32-5111,PTSOP,1
32-5112,PTSSAT,1
32-5113,PTSSAT,1
32-5114,PTSSAT,1
32-5115,PTSSAT,1
32-5116,PTS,1
32-5117,PTS,1
32-5123,PTSOP,1
32-5127,PTSOP,1
32-5131,PTSSAT,1
32-5132,PTSSAT,1
32-5133,PTSSAT,1
32-5135,PTSSAT,1
32-5138,PTS,1
32-5140,PTS,1
32-5141,RAINBIRD,1
32-5141,RCONT,1
32-5155,DATA,1
32-5199,PTS,1
32-5240,PTS,1
32-5241,PTS,1
32-5242,PTS,1
32-5243,PTS,1
32-5244,PTS,1
32-5245,PTS,1
32-5246,PTS,1
32-5300,PTS,1
32-5900,DATA,1
32-5901,DATA,1
32-5902,DATA,1
32-5903,DATA,1
32-6000,PTS,1
32-6002,PTSOP,1
32-6010,PTSOP,1
32-6015,PTS,1
32-6060,IRRBID,1
32-6060,STRONG,1
32-6060,STRONGBOX,1
32-8000,HYDROVISOR,1
32-8001,HYDROVISOR,1
32-8002,HYDROVISOR,1
3280-136,LIGU36,1
3280-148,LIGU1,1
3280-215,LIGU15,1
32-8030,HYDROSAVER,1
32-8040,HYDROSAVER,1
3280-501,LIGU1,1
3280-505,LIGU5,1
3280-515,LIGU15,1
3280-555,LIGU5,1
3280-615,LIGU15,1
3281-015,LIGU15,1
3281-115,LIGU15,1
3281-124,LIGU24,1
3281-136,LIGU36,1
3281-215,LIGU15,1
3281-315,LIGU15,1
3281-336,LIGU36,1
3281-415,LIGU15,1
3281-505,LIGU5,1
3281-515,LIGU15,1
3281-615,LIGU15,1
3281-715,LIGU15,1
3281-815,LIGU15,1
3281-915,LIGU15,1
3282-501,LIGU1,1
3282-505,LIGU5,1
3282-515,LIGU15,1
3300-000,LINER,1
3300-105,LIQU5,1
3300-115,LIQU15,1
3300-124,LIQU24,1
3300-130,LIQU30,1
3300-136,LIQU36,1
3300-148,LIQU48,1
3300-160,LIQU15,1
3300-236,LIQU36,1
3300-248,LIQU48,1
3301-115,LIQU15,1
3301-124,LIQU24,1
330-136,UMBEL36,1
33-017,BARK,1
33-017,FERT,1
33-018,BARK,1
33-019,BARK,1
33-020,BARK,1
33-021,BARK,1
3302-105,LIQU5,1
3302-115,LIQU15,1
3302-124,LIQU24,1
3302-136,LIQU36,1
3302-148,LIQU48,1
33-022,BARK,1
33-023,BARK,1
33-024,BARK,1
3303-136,LIQU36,1
3304-115,LIQU15,1
3304-124,LIQU24,1
3304-136,LIQU36,1
3306-105,LIQU5,1
3306-115,LIQU15,1
3306-124,LIQU24,1
3306-130,LIQU30,1
3306-136,LIQU36,1
3306-148,LIQU48,1
3306-196,LIQU96,1
33-0717,HUNTER,1
3308-136,LIQU36,1
3308-236,LIQU36,1
33-1000,FERT,1
33-1000,LANDSCAPE,1
33-1000,LSSTOCK,1
33-1001,FERT,1
33-1001,LSSTOCK,1
33-1002,FERT,1
33-1002,LSSTOCK,1
33-1003,FERT,1
33-1003,LSSTOCK,1
33-1004,FERT,1
33-1004,LSSTOCK,1
33-1005,FERT,1
33-1005,LSSTOCK,1
33-1006,FERT,1
33-1006,LSSTOCK,1
33-1007,FERT,1
33-1007,LSSTOCK,1
33-1008,FERT,1
33-1010,FERT,1
33-1012,LSSTOCK,1
33-1012,TIES,1
33-1013,FERT,1
33-1013,LSSTOCK,1
33-1014,GRAVEL,1
33-1014,ROCK,1
33-10141,GRAVEL,1
33-1015,DG,1
33-1015,GRAVEL,1
33-1015,ROCK,1
33-1016,GRAVEL,1
33-1016,ROCK,1
33-10161,GRAVEL,1
33-10161,ROCK,1
33-1017,BOULDER,1
33-1017,ROCK,1
33-1018,GRAVEL,1
33-1018,ROCK,1
33-1019,GRAVEL,1
33-1020,FERT,1
33-1020,LANDSCAPE,1
33-1020,LSSTOCK,1
33-1021,GRAVEL,1
33-1021,SAND,1
33-1022,DG,1
33-1023,GRAVEL,1
33-1024,GRAVEL,1
33-1025,GRAVEL,1
33-1026,GRAVEL,1
33-1027,GRAVEL,1
33-1028,GRAVEL,1
33-1029,GRAVEL,1
33-1030,GRAVEL,1
33-1031,GRAVEL,1
33-1032,GRAVEL,1
33-1033,GRAVEL,1
33-1034,GRAVEL,1
33-1035,GRAVEL,1
33-1035,ROCK,1
33-1036,GRAVEL,1
33-1037,GRAVEL,1
33-1038,GRAVEL,1
33-1039,GRAVEL,1
33-1040,FERT,1
33-1040,LANDSCAPE,1
33-1040,LSSTOCK,1
33-1041,DG,1
33-1041,GRAVEL,1
33-1041,ROCK,1
33-1043,GRAVEL,1
33-1044,GRAVEL,1
33-1049,DG,1
33-1051,BOX,1
33-1051,IRRBID,1
33-1052,BOX,1
33-1052,IRRBID,1
33-1053,BOX,1
33-1054,BOX,1
33-1055,BOX,1
33-1056,BOX,1
33-1057,BOX,1
33-1057,VAULT,1
33-1058,BOX,1
33-1058,VAULT,1
33-1059,BOX,1
33-1059,VAULT,1
33-1060,LANDSCAPE,1
33-1060,LSSTOCK,1
33-1060,STEPPERS,1
33-1061,LSSTOCK,1
33-1061,STEPPERS,1
33-1062,STEPPERS,1
33-1063,LSSTOCK,1
33-1063,STEPPERS,1
33-1064,DG,1
33-1064,GRAVEL,1
33-1064,ROCK,1
33-1065,HS1,1
33-1066,HS1,1
33-1067,GRAVEL,1
33-1072,CINN72,1
33-1080,LANDSCAPE,1
33-1080,LSSTOCK,1
33-1080,STEPPERS,1
33-1081,LSSTOCK,1
33-1081,STEPPERS,1
33-1082,LSSTOCK,1
33-1082,STEPPERS,1
33-1083,STEPPERS,1
33-1084,STEPPERS,1
33-1085,STEP,1
33-1085,STEPPERS,1
33-1086,STEP,1
33-1086,STEPPERS,1
33-1087,STEPPERS,1
33-1088,STEPPERS,1
33-1090,LSBID,1
33-1090,STEPPERS,1
33-1096,CALSENSE,1
33-1100,CONCRETE,1
33-1100,IRRIGATION,1
33-1100,IRRSTOCK,1
33-1101,IRRBID,1
33-1101,LSBID,1
33-1101,MISC,1
33-1102,GRAVEL,1
33-1102,ROCK,1
33-1103,GRAVEL,1
33-1104,GRAVEL,1
33-1105,GRAVEL,1
33-1106,LSBID,1
33-1108,MISC,1
33-1109,MISC,1
33-1110,IRRBID,1
33-1110,IRRIGATION,1
33-1110,REBAR,1
33-1120,IRRIGATION,1
33-1120,REBAR,1
33-1130,IRRBID,1
33-1130,IRRIGATION,1
33-1130,REBAR,1
33-1135,GRAVEL,1
33-1136,GRAVEL,1
33-1137,GRAVEL,1
33-1138,GRAVEL,1
33-1140,IRRIGATION,1
33-1140,REBAR,1
33-1141,REBAR,1
33-1142,IRRBID,1
33-1150,FERT,1
33-1160,FERT,1
33-1160,LANDSCAPE,1
33-1160,LSSTOCK,1
33-1161,FERT,1
33-1161,LSSTOCK,1
33-1162,FERT,1
33-1162,LSSTOCK,1
33-1163,101010,1
33-1163,FERT,1
33-1164,FERT,1
33-1165,FERT,1
33-1167,FERT,1
33-1168,FERT,1
33-1169,FERT,1
33-1170,LSBID,1
33-1170,REDDY,1
33-1170,STAKES,1
33-1171,LSBID,1
33-1171,REDDY,1
33-1171,STAKES,1
33-1176,FERT,1
33-1177,CONCRETE,1
33-1177,IRRBID,1
33-1177,IRRSTOCK,1
33-1180,LANDSCAPE,1
33-1180,LSBID,1
33-1180,LSSTOCK,1
33-1180,STAKES,1
33-1180,TIES,1
33-1181,LSBID,1
33-1182,HEADER,1
33-1183,HEADER,1
33-1184,LSBID,1
33-1185,HEADER,1
33-1186,HEADER,1
33-1187,HEADER,1
33-1188,HEADER,1
33-1189,HEADER,1
33-1190,HEADER,1
33-1200,LANDSCAPE,1
33-1200,LSSTOCK,1
33-1200,STAKES,1
33-1200,TIES,1
33-1201,HEADER,1
33-1210,LSSTOCK,1
33-1210,STAKES,1
33-1211,STAKES,1
33-1212,LSBID,1
33-1212,LSSTOCK,1
33-1212,STAKES,1
33-1212,TIES,1
33-1218,STOCK,1
33-1219,HEADER,1
33-1220,HEADER,1
33-1220,LANDSCAPE,1
33-1220,LSSTOCK,1
33-1221,HEADER,1
33-1222,HEADER,1
33-1223,HEADER,1
33-1224,HEADER,1
33-1225,HEADER,1
33-1235,BARK,1
33-1236,HEADER,1
33-1237,HEADER,1
33-1240,HEADER,1
33-1240,LANDSCAPE,1
33-1240,LSSTOCK,1
33-1241,HEADER,1
33-1242,HEADER,1
33-1243,HEADER,1
33-1244,HEADER,1
33-1245,HEADER,1
33-1245,LSBID,1
33-1245,LSSTOCK,1
33-1260,HEADER,1
33-1260,LANDSCAPE,1
33-1260,LSSTOCK,1
33-1261,HEADER,1
33-1262,HEADER,1
33-1263,HEADER,1
33-1264,HEADER,1
33-1265,HEADER,1
33-1266,HEADER,1
33-1267,HEADER,1
33-1268,HEADER,1
33-1269,HEADER,1
33-1270,HEADER,1
33-1271,HEADER,1
33-1272,HEADER,1
33-1273,HEADER,1
33-1275,HEADER,1
33-1276,HEADER,1
33-1277,GRAVEL,1
33-1278,GRAVEL,1
33-1279,HEADER,1
33-1280,HEADER,1
33-1280,LANDSCAPE,1
33-1280,LSSTOCK,1
33-1281,HEADER,1
33-1282,HEADER,1
33-1283,HEADER,1
33-1284,HEADER,1
33-1285,HEADER,1
33-1286,HEADER,1
33-1287,HEADER,1
33-1287A,HEADER,1
33-1288,HEADER,1
33-1289,HEADER,1
33-1290,HEADER,1
33-1291,HEADER,1
33-1292,HEADER,1
33-1293,HEADER,1
33-1294,HEADER,1
33-1295,HEADER,1
33-1296,HEADER,1
33-1297,HEADER,1
33-1298,HEADER,1
33-1299,HEADER,1
33-1300,LANDSCAPE,1
33-1300,LSSTOCK,1
33-1300,SOIL,1
33-1301,GRAVEL,1
33-1302,GRAVEL,1
33-13025,GRAVEL,1
33-1303,GRAVEL,1
33-13035,GRAVEL,1
33-13036,GRAVEL,1
33-1304,FILTER,1
33-1305,FILTER,1
33-1305,JUTE,1
33-1305,LSBID,1
33-1306,HEADER,1
33-1307,FILTER,1
33-1308,HEADER,1
33-1309,DG,1
33-1309,ROCK,1
33-1310,ROCK,1
33-1311,SOIL,1
33-1312,GRAVEL,1
33-1312,ROCK,1
33-1313,DEEP,1
33-1314,GRAVEL,1
33-1315,BOULDER,1
33-1315,ROCK,1
33-1315,STEPPERS,1
33-1316,LSSTOCK,1
33-1317,BOULDER,1
33-1317,ROCK,1
33-1317,STEPPERS,1
33-1318,GRAVEL,1
33-1319,GRAVEL,1
33-1319,ROCK,1
33-1320,FERT,1
33-1320,LANDSCAPE,1
33-1320,LSSTOCK,1
33-1321,LSBID,1
33-1322,GRAVEL,1
33-1322,ROCK,1
33-1323,GRAVEL,1
33-1324,GRAVEL,1
33-1324,ROCK,1
33-1325,GRAVEL,1
33-1325,ROCK,1
33-1326,STEPPERS,1
33-1327,STEPPERS,1
33-1328,STEPPERS,1
33-1329,STEPPERS,1
33-1330,STEPPERS,1
33-1331,GRAVEL,1
33-1331,ROCK,1
33-1332,GRAVEL,1
33-1333,GRAVEL,1
33-1333,ROCK,1
33-1334,STEPPERS,1
33-1335,GRAVEL,1
33-1336,FILTER,1
33-1337,FILTER,1
33-1340,DPIPE,1
33-1340,LANDSCAPE,1
33-1340,LSSTOCK,1
33-1341,DPIPE,1
33-1342,DPIPE,1
33-1342,DRAIN,1
33-1342,FILTER,1
33-1343,DPIPE,1
33-1344,FILTER,1
33-1360,LANDSCAPE,1
33-1360,LSSTOCK,1
33-1371,DEEP,1
33-1371,LSSTOCK,1
33-1372,LSBID,1
33-1372,LSSTOCK,1
33-1373,IRRSTOCK,1
33-1373,LSSTOCK,1
33-1374,DEEP,1
33-1374,LSSTOCK,1
33-1375,FILTER,1
33-1375,LSBID,1
33-1375,LSSTOCK,1
33-1376,LSBID,1
33-1376,LSSTOCK,1
33-1377,DRAIN,1
33-1377,LSBID,1
33-1378,IRRBID,1
33-1380,LANDSCAPE,1
33-1380,LSSTOCK,1
33-1380,TIES,1
33-1400,IRRSTOCK,1
33-1404,LANDSCAPE,1
33-1420,LANDSCAPE,1
33-1420,LSSTOCK,1
33-1420,NAILS,1
33-1440,LANDSCAPE,1
33-1440,LSSTOCK,1
33-1440,NAILS,1
33-1445,LSSTOCK,1
33-1460,LANDSCAPE,1
33-1460,LSSTOCK,1
33-1460,NAILS,1
33-1480,LANDSCAPE,1
33-1480,LSSTOCK,1
33-1480,NAILS,1
33-1500,LANDSCAPE,1
33-1500,LSSTOCK,1
33-1500,NAILS,1
33-1520,LANDSCAPE,1
33-1520,LSSTOCK,1
33-1520,NAILS,1
33-1520,TIES,1
33-1525,LSSTOCK,1
33-1525,NAILS,1
33-1526,LSSTOCK,1
33-1526,NAILS,1
33-1526,STOCK,1
33-1527,LSSTOCK,1
33-1527,NAILS,1
33-1528,LSSTOCK,1
33-1529,LSBID,1
33-1529,LSSTOCK,1
33-1529,TURF,1
33-1539,LSBID,1
33-1539,LSSTOCK,1
33-1540,LANDSCAPE,1
33-1540,LSSTOCK,1
33-1540,TIES,1
33-1541,LSBID,1
33-1560,IRRSTOCK,1
33-1580,IRRSTOCK,1
33-1600,IRRSTOCK,1
33-1620,ARBOR,1
33-1620,LSSTOCK,1
33-1640,DEEP,1
33-1640,LANDSCAPE,1
33-1640,LSSTOCK,1
33-1641,LSBID,1
33-1641,LSSTOCK,1
33-1642,LSBID,1
33-1642,LSSTOCK,1
33-1643,PEDI15,1
33-1644,GC,1
33-1647,COLOR,1
33-1647,GC,1
33-1660,LANDSCAPE,1
33-1660,LSSTOCK,1
33-1660,TIES,1
33-1680,LANDSCAPE,1
33-1680,LSSTOCK,1
33-1680,TIES,1
33-1700,FERT,1
33-1700,LANDSCAPE,1
33-1700,LSSTOCK,1
33-1701,HEADER,1
33-1702,HEADER,1
33-1703,HEADER,1
33-1704,HEADER,1
33-1705,FERT,1
33-1706,FERT,1
33-1707,HEADER,1
33-1720,FERT,1
33-1720,GY,1
33-1720,GYPS,1
33-1720,LANDSCAPE,1
33-1720,LSSTOCK,1
33-1721,FERT,1
33-1725,FERT,1
33-1726,FERT,1
33-1726,LSBID,1
33-1726,LSSTOCK,1
33-1730,FERT,1
33-1739,FERT,1
33-1739,WEED,1
33-1740,FERT,1
33-1740,LANDSCAPE,1
33-1740,LSSTOCK,1
33-1741,FERT,1
33-1742,FERT,1
33-1742,LSSTOCK,1
33-1743,WEED,1
33-1744,WEED,1
33-1745,WEED,1
33-1746,WEED,1
33-1747,WEED,1
33-1748,WEED,1
33-1749,WEED,1
33-1750,FERT,1
33-1750,LSSTOCK,1
33-1751,FERT,1
33-1751,LSSTOCK,1
33-1752,WEED,1
33-1753,WEED,1
33-1759,HEADER,1
33-1760,GLUE,1
33-1760,IRRIGATION,1
33-1780,GLUE,1
33-1780,IRRIGATION,1
33-1800,GLUE,1
33-1800,IRRIGATION,1
33-1810,BL TREE,1
33-1820,LANDSCAPE,1
33-1820,LSSTOCK,1
33-1820,TIES,1
33-1830,FERT,1
33-1840,GLUE,1
33-1840,IRRIGATION,1
33-1860,GLUE,1
33-1860,IRRIGATION,1
33-1880,ELECTRIC,1
33-1880,IRRSTOCK,1
33-1881,IRRBID,1
33-1900,IRRSTOCK,1
33-1920,IRRIGATION,1
33-1940,IRRSTOCK,1
33-1942,TOOL,1
33-1944,FERT,1
33-1960,IRRIGATION,1
33-1961,IRRSTOCK,1
33-1962,IRRSTOCK,1
33-1963,IRRSTOCK,1
33-1964,IRRSTOCK,1
33-1965,IRRSTOCK,1
33-1966,IRRSTOCK,1
33-1967,IRRSTOCK,1
33-1968,IRRSTOCK,1
33-1969,IRRSTOCK,1
33-1980,IRRIGATION,1
33-2000,IRRIGATION,1
33-2000,IRRSTOCK,1
33-2020,IRRIGATION,1
33-2020,IRRSTOCK,1
33-2040,ADV,1
33-2040,CV,1
33-2040,IRRIGATION,1
33-2080,GLUE,1
33-2080,IRRIGATION,1
33-2100,IRRIGATION,1
33-2100,IRRSTOCK,1
33-2120,IRRIGATION,1
33-2120,IRRSTOCK,1
33-2140,TOOL,1
33-2160,TOOL,1
33-2180,TOOL,1
33-2200,TOOL,1
33-2205,CRIS,1
33-2207,CRIS,1
33-2220,TOOL,1
33-2240,TOOL,1
33-2245,STOCK,1
33-2247,STOCK,1
33-2260,TOOL,1
33-2280,TOOL,1
33-2300,TOOL,1
33-2320,TOOL,1
33-2340,IRRIGATION,1
33-2340,TOOL,1
33-2360,IRRIGATION,1
33-2360,TOOL,1
33-2380,CLAMP,1
33-2380,IRRIGATION,1
33-2381,IRRBID,1
33-2385,IRRBID,1
33-2400,CLAMP,1
33-2400,IRRIGATION,1
33-2420,CLAMP,1
33-2420,IRRIGATION,1
33-2440,TOOL,1
33-2460,TOOL,1
33-2480,TOOL,1
33-2481,LSSTOCK,1
33-2500,GLUE,1
33-2500,IRRIGATION,1
33-2501,GLUE,1
33-2510,GLUE,1
33-2520,IRRSTOCK,1
33-2540,GLUE,1
33-2550,IRRSTOCK,1
33-2560,IRRSTOCK,1
33-2570,IRRSTOCK,1
33-2580,IRRSTOCK,1
33-2581,IRRSTOCK,1
33-2582,IRRBID,1
33-2582,IRRSTOCK,1
33-2583,IRRBID,1
33-2583,IRRSTOCK,1
33-2584,IRRBID,1
33-2584,IRRSTOCK,1
33-2584,LSBID,1
33-2584,LSSTOCK,1
33-2601,ELECTRIC,1
33-2601,SWEEP,1
33-2602,ELECTRIC,1
33-2602,SWEEP,1
33-26021,CONDUIT,1
33-2603,ELECTRIC,1
33-2603,SWEEP,1
33-26031,CONDUIT,1
33-2604,ELECTRIC,1
33-2604,SWEEP,1
33-26041,CONDUIT,1
33-2605,ELECTRIC,1
33-2605,SWEEP,1
33-26051,CONDUIT,1
33-2606,ELECTRIC,1
33-2606,SWEEP,1
33-26061,CONDUIT,1
33-2607,ELECTRIC,1
33-2607,SWEEP,1
33-26071,CONDUIT,1
33-2608,ELECTRIC,1
33-2608,SWEEP,1
33-26081,CONDUIT,1
33-2609,ELECTRIC,1
33-2609,SWEEP,1
33-26091,CONDUIT,1
33-2610,IRRBID,1
33-2610,SWEEP,1
33-3000,FERT,1
33-3000,LSSTOCK,1
33-3001,FERT,1
33-3001,LSSTOCK,1
33-3002,62020,1
33-3002,FERT,1
33-3002,LSSTOCK,1
33-3003,LSSTOCK,1
33-3003,SOIL,1
33-3004,LSSTOCK,1
33-3004,SOIL,1
33-3005,LSSTOCK,1
33-3005,SOIL,1
33-3006,LSSTOCK,1
33-3006,SOIL,1
33-3007,FERT,1
33-3007,LSSTOCK,1
33-3008,NITRO,1
33-3009,FERT,1
33-3010,LSSTOCK,1
33-3010,SOIL,1
3330-105,LIRI5,1
33-3011,LSSTOCK,1
33-3011,SOIL,1
3330-115,1812,1
33-3012,GRAVEL,1
33-3012,LSBID,1
33-3012,SOIL,1
33-3013,FERT,1
33-3014,SOIL,1
3330-148,LIRI48,1
33-3015,BARK,1
33-3015,LSSTOCK,1
33-3015,SOIL,1
33-3016,BARK,1
3330-160,LIRI60,1
33-3017,BARK,1
33-3018,FERT,1
33-3018,LSSTOCK,1
33-3019,LSSTOCK,1
33-3019,SAND,1
33-3020,FERT,1
33-3020,LSSTOCK,1
33-3021,FERT,1
33-3022,FERT,1
33-3022,LSSTOCK,1
33-3023,FERT,1
33-3023,LSSTOCK,1
33-3024,FERT,1
33-3024,LSSTOCK,1
3330-248,LIRI48,1
33-3025,GRAVEL,1
33-3025,LSSTOCK,1
33-3025,ROCK,1
33-3026,FERT,1
33-3026,LSSTOCK,1
33-3027,FERT,1
33-3027,LSSTOCK,1
33-3028,SAND,1
33-3029,FERT,1
33-3031,FERT,1
33-3032,FERT,1
33-3033,GRAVEL,1
33-3034,BARK,1
33-3035,BARK,1
33-3036,BARK,1
33-3037,SAND,1
33-3038,BARK,1
33-3039,FERT,1
33-3040,FERT,1
33-3041,GRAVEL,1
33-3041,SOIL,1
33-3043,BARK,1
33-3051,LSSTOCK,1
33-3060,SAND,1
33-3060,TURF,1
33-3080,STOCK,1
33-3207,FERT,1
33-3208,SOIL,1
33-3209,FERT,1
33-378,LSBID,1
33-379,FILTER,1
33-380,FILTER,1
33-381,FILTER,1
3340-501,LIRI1,1
3340-505,LIRI5,1
3340-605,LIRI5,1
33-4500,VIT,1
3345-001,LIRI1,1
33-4501,VIT,1
33-4510,VIT,1
33-4511,VIT,1
33-45112,VIT,1
33-4512,VIT,1
33-4518,BROOKS,1
33-4520,VIT,1
33-4521,VIT,1
33-4522,VIT,1
33-4523,VIT,1
33-4524,VIT,1
33-4525,VIT,1
33-4526,VIT,1
33-4530,RAINMAN,1
33-4540,RAINMAN,1
3345-401,LIRI1,1
33-4541,RAINMAN,1
33-4542,RAINMAN,1
33-4550,BROOKS,1
3345-500,GC,1
3345-501,LIRI1,1
3345-504,LINER,1
3345-505,LIRI5,1
33-4551,BROOKS,1
3345-510,LIRI5,1
3345-515,LIRI5,1
33-4552,BROOKS,1
33-4553,BROOKS,1
33-4554,BOX,1
33-4554,CARSON,1
33-4555,BROOKS,1
33-4556,BROOKS,1
33-4556,DCB,1
33-4556,DRAIN,1
33-4557,BROOKS,1
33-4557,DCB,1
33-4558,BROOKS,1
3345-600,GC,1
3345-605,LIRI5,1
3346-515,FEIJ15,1
3349-124,OPUN24,1
33-5040,DPIPE,1
33-5050,DPIPE,1
3350-501,LIRI1,1
3350-505,LIRI5,1
33-5051,DCB,1
33-5051,DRAIN,1
33-5051,DRAINS,1
33-5052,DRAIN,1
33-5052,NDS,1
33-5053,DCB,1
33-5053,DRAIN,1
33-5053,NDS,1
33-5054,DCB,1
33-5054,DRAIN,1
33-5054,NDS,1
33-5055,DCB,1
33-5055,DRAIN,1
33-5055,NDS,1
33-5056,DCB,1
33-5056,DRAIN,1
33-5056,NDS,1
33-5057,DCB,1
33-5057,DRAIN,1
33-5057,NDS,1
33-5058,DCB,1
33-5058,DRAIN,1
33-5058,NDS,1
33-5059,DCB,1
33-5059,DRAIN,1
33-5059,NDS,1
33-5060,DPIPE,1
33-5070,3M,1
33-5070,IRRBID,1
33-5070,IRRIGATION,1
33-5070,IRRSTOCK,1
33-5070,RVALVE,1
33-5070,SCOTCH,1
33-5070,WIRE,1
33-5071,IRRBID,1
33-5071,IRRIGATION,1
33-5071,IRRSTOCK,1
33-5071,RAINBIRD,1
33-5071,RVALVE,1
33-5071,WIRE,1
33-5072,IRRBID,1
33-5072,WIRE,1
3355-005,LIRI5,1
3355-501,LIRI1,1
3356-002,LIRI2,1
3356-002,LIRI5,1
3356-501,LIRI1,1
3356-505,LIRI5,1
3356-601,LIRI1,1
3356-605,LIRI5,1
3357-501,LIRI1,1
3357-502,LIRI1,1
33-6000,NDS,1
33-6001,NDS,1
3364-101,LOTU1,1
3364-201,LUPI1,1
3364-205,LUPI5,1
3364-301,LOTU1,1
3364-401,LOTU1,1
3364-501,LUPI1,1
3364-505,LUPI5,1
3364-601,LOTU1,1
3365-004,LINER,1
3365-115,LONI15,1
3365-215,LONI15,1
3365-315,LONI15,1
3365-500,LINER,1
3365-501,LONI1,1
3365-502,GC,1
3365-503,GC,1
3365-505,LONI5,1
3365-515,LONI15,1
3365-600,GC,1
3365-601,GC,1
3365-605,LONI5,1
3365-705,LONI15,1
3365-801,LONI1,1
3366-515,LONI15,1
3370-015,LONI15,1
3370-101,SOLI1,1
3370-115,LIVI,1
3370-124,LIVI,1
3370-501,LONI1,1
3370-505,LONI5,1
3374-101,GAIL1,1
3374-201,GAIL1,1
3374-301,GAIL1,1
3374-401,GAIL1,1
3375-501,MACF1,1
3375-505,MACF5,1
3375-515,MACF15,1
34-0000,HS1,1
34-0000,HSI,1
34-0001,HS1,1
34-0001,HSI,1
34-0002,HS1,1
3420-024,MAGN24,1
3420-036,MAGN36,1
3420-105,MAGN5,1
3420-115,MAGN15,1
3420-124,MAGN24,1
3420-130,MAGN30,1
3420-136,MAGN36,1
3420-148,MAGN48,1
3420-149,MAGN48,1
3420-160,MAGN60,1
3420-172,MAGN72,1
3420-215,MAGN15,1
3420-224,MAGN24,1
3420-236,MAGN36,1
3420-248,MAGN48,1
3420-260,MAGN60,1
3420-272,MAGN72,1
3420-305,MAGN5,1
3420-315,MAGN15,1
3420-324,MAGN24,1
3420-336,MAGN36,1
3420-348,MAGN48,1
3420-360,MAGN60,1
3420-372,MAGN72,1
3420-424,MAGN24,1
3420-436,MAGN36,1
3420-460,MAGN60,1
3420-472,MAGN72,1
3420-515,MAGN15,1
3420-524,MAGN24,1
3420-536,MAGN36,1
3420-560,MAGN60,1
3420-615,MAGN15,1
3420-660,MAGN60,1
3420-760,MAGN60,1
3421-115,MAGN15,1
3421-130,MAGN30,1
3421-136,MAGN36,1
3422-024,MAGN24,1
3422-124,MAGN24,1
3422-315,MAGN15,1
3422-324,MAGN24,1
3422-405,MAGN5,1
3422-415,MAGN15,1
3422-424,MAGN24,1
3422-425,MAGN24,1
3422-430,MAGN30,1
3422-435,MAGN36,1
3422-436,MAGN36,1
3422-448,MAGN48,1
3422-524,MAGN24,1
3422-536,MAGN36,1
3422-548,MAGN48,1
3422-624,MAGN24,1
3422-724,MAGN24,1
3422-924,MAGN24,1
3423-115,WIST24,1
3424-105,MAGN5,1
3424-115,MAGN15,1
3424-124,MAGN24,1
3424-130,MAGN30,1
3424-136,MAGN36,1
3424-148,MAGN48,1
3424-160,MAGN60,1
3424-224,MAGN24,1
3424-236,MAGN36,1
3424-248,MAGN48,1
3425-115,MAGN15,1
3425-124,MAGN24,1
3425-215,MAGN15,1
3425-224,MAGN24,1
3425-315,MAGN15,1
3425-501,MAHO1,1
3425-505,MAHO5,1
3425-515,MAHO15,1
3425-605,MAHO5,1
3425-615,MAHO15,1
3425-705,MAHO5,1
3425-715,MAHO15,1
3425-836,MAGN36,1
3425-837,MAGN24,1
3425-848,MAGN48,1
3425-936,MAGN36,1
3426-105,MAGN5,1
3426-115,MAGN15,1
3426-124,MAGN24,1
3426-130,MAGN30,1
3426-136,MAGN36,1
3426-148,MAGN48,1
3426-336,MAGN36,1
3426-501,MAHO1,1
3426-505,MAHO5,1
3427-505,MAHO5,1
3427-506,MAHO5,1
3427-507,MAHO1,1
3427-508,MAHO1,1
3427-515,MAHO15,1
3427-615,MAHO15,1
3427-805,MAHO5,1
3428-036,MAGN36,1
3428-105,MAGN5,1
3428-115,MAGN15,1
3428-124,MAGN24,1
3428-130,MAGN30,1
3428-136,MAGN36,1
3428-501,MAHO1,1
3428-601,MAHO1,1
3428-605,MAHO5,1
3428-615,MAHO15,1
3430-101,FEST1,1
3430-104,GC,1
3430-104,LINER,1
3430-201,FEST1,1
3430-224,MAGN24,1
3430-236,MAGN36,1
3430-301,FEST1,1
3430-401,FEST1,1
3430-501,FEST1,1
3430-601,FEST1,1
3432-148,MAGN48,1
3432-215,MAGN15,1
3432-336,MAGN36,1
3434-215,MAGN15,1
3434-224,MAGN24,1
350-2501,SCAE5,1
35-1000,MYERS,1
35-1001,MYERS,1
35-1005,NASE,1
35-1006,MYERS,1
35-1007,MYERS,1
35-1008,MYERS,1
35-1009,MYERS,1
35-1113,LINER,1
35-1114,LINER,1
35-1115,LINER,1
35-1116,LINER,1
35-1117,NASE,1
35-1118,NASE,1
35-1118,NASE1,1
35-1119,LINER,1
35-1120,NASE,1
35-1120,NASE1,1
35-1121,NASE1,1
35-1122,LINER,1
35-1123,LINER,1
35-1124,LINER,1
35-1125,LINER,1
35-1126,NASE,1
35-1127,NASE1,1
35-1128,LINER,1
35-1129,NASE,1
3524-236,MAYT36,1
3530-001,FEST5,1
3530-101,FEST1,1
3530-105,FEST5,1
3530-111,FEST1,1
3530-201,FEST1,1
3530-204,GC,1
3530-204,LINER,1
3530-205,FEST5,1
3530-301,FEST1,1
3530-305,FEST5,1
3530-401,FEST1,1
3530-405,FEST5,1
3530-501,FEST1,1
3530-505,FEST5,1
3530-601,FEST1,1
3530-604,LINER,1
3530-605,FEST5,1
3530-701,FEST1,1
3530-801,LINER,1
3530-901,FEST1,1
3531-101,JUNI1,1
3531-105,JUNI5,1
3531-201,JUNI1,1
3531-205,JUNI5,1
3531-301,JUNI1,1
3531-305,JUNI5,1
3532-105,FREM5,1
3532-205,FREM5,1
3532-305,FREM5,1
3532-405,FREM5,1
3532-515,JUNI15,1
3535-101,FEST1,1
3535-201,FEST1,1
3535-301,FEST1,1
3535-501,MAND1,1
3535-505,MAND5,1
3535-515,MAND15,1
3535-605,MAND5,1
3535-615,MAND15,1
3535-705,MAND5,1
3535-715,MAND15,1
3535-805,MAND5,1
3535-815,MAND15,1
3535-905,MAND5,1
3536-000,GC,1
3536-101,MAND1,1
3536-505,MAND5,1
3536-515,MAND15,1
3542-101,MAYT1,1
3542-105,MAYT5,1
3542-115,MAYT15,1
3542-124,MAYT24,1
3542-136,MAYT36,1
3545-101,MAYT1,1
3545-105,MAYT5,1
3545-115,MAYT15,1
3545-124,MAYT24,1
3550-1112,MELA1,1
3550-115,MELA15,1
3550-124,MELA24,1
3550-136,MELA36,1
3550-148,MELA48,1
3550-215,MELA15,1
3550-224,MELA24,1
3550-230,MELA30,1
3550-236,MELA36,1
3550-247,MELA48,1
3550-248,MELA48,1
3550-260,MELA60,1
3550-315,MELA15,1
3550-324,MELA24,1
3550-336,MELA36,1
3550-348,MELA48,1
3550-360,MELA60,1
3550-424,MELA24,1
3550-436,MELA36,1
3550-448,MELA48,1
3550-460,MELA60,1
3550-524,MELA24,1
3550-536,MELA36,1
3550-548,MELA48,1
3550-560,MELA60,1
3550-636,MELA36,1
3550-648,MELA48,1
3550-736,MELA36,1
3551-036,MELA36,1
3551-101,MELA1,1
3551-105,MELA5,1
3551-115,MELA15,1
3551-124,MELA24,1
3551-136,MELA36,1
3551-148,MELA48,1
3551-154,MELA1,1
3551-224,MELA24,1
3551-236,MELA36,1
3551-260,MELA60,1
3551-336,MELA36,1
3551-348,MELA1,1
3551-501,MELA1,1
3552-101,MELA1,1
3552-105,MELA5,1
3552-115,MELA15,1
3552-124,MELA24,1
3552-126,MELA48,1
3552-215,MELA15,1
3552-224,MELA24,1
3552-230,MELA30,1
3552-236,MELA36,1
3552-248,MELA48,1
3552-336,MELA36,1
3553-105,MELA5,1
3553-115,MELA15,1
3553-124,MELA24,1
3553-136,MELA36,1
3553-215,MELA15,1
3553-236,MELA36,1
3553-248,MELA48,1
3553-260,MELA60,1
3553-315,MELA15,1
3570-101,METR1,1
3570-105,METR5,1
3570-115,METR15,1
3570-124,METR24,1
3570-201,METR1,1
3570-205,METR5,1
3570-215,METR15,1
3570-224,METR24,1
3571-000,LINER,1
3571-101,MIMU1,1
3571-105,MIMU5,1
3571-201,MIMU1,1
3571-205,MIMU5,1
3571-501,MIMU1,1
3571-505,MIMU5,1
3571-601,MIMU1,1
3571-605,MIMU5,1
3571-701,MIMU1,1
3571-705,MIMU5,1
3571-801,MILI1,1
3572-505,MURR5,1
3572-515,MURR15,1
3572-605,MURR5,1
3572-615,MURR15,1
3580-105,METR5,1
3580-205,METR5,1
3580-215,METR15,1
3580-224,METR24,1
3580-305,METR5,1
3580-315,METR1,1
3599-101,MUHL1,1
3599-105,MUHL5,1
3599-201,MUHL1,1
3599-205,MUHL5,1
3599-301,MUHL1,1
3599-305,MUHL5,1
3599-401,MUHL1,1
3599-405,MUHL5,1
3599-501,MUHL1,1
3599-505,MUHL5,1
3599-601,MUHL1,1
3599-605,MUHL5,1
3599-701,MUHL1,1
3599-703,MUHL5,1
3599-705,MUHL5,1
3599-801,MUHL1,1
3599-804,LINER,1
3599-805,MUHL5,1
3599-901,MUHL1,1
3599-905,MUHL5,1
3600-005,MUHL5,1
3600-024,MORU24,1
3600-036,MORU36,1
3600-048,MORU48,1
3600-103,LINER,1
3600-105,MUHL5,1
3600-124,MORU24,1
3600-205,MUHL5,1
3600-305,MUHL5,1
3600-500,LINER,1
3600-501,MYOP1,1
3600-5011,MYOP1,1
3600-505,MYOP5,1
3600-506,MYOP5,1
3600-605,MYOP5,1
3600-705,MYOP5,1
3600-805,MYOP5,1
3601-501,MYOP1,1
3601-601,MYOP1,1
3605-001,MYOP1,1
3605-500,GC,1
3605-501,MYOP1,1
3605-505,MYOP5,1
3605-600,GC,1
3605-601,MYOP1,1
3605-604,LINER,1
3605-700,GC,1
3605-700,JUNI1,1
3605-701,MYOP1,1
3605-702,GC,1
3606-101,MYOP1,1
3606-105,MYOP5,1
3606-501,MYOP1,1
3609-515,MYOP15,1
3611-105,MYRI5,1
3611-115,MYRI15,1
3611-501,ATRI1,1
3611-601,ATRI1,1
3620-405,MYRT5,1
3620-501,MYRT1,1
3620-505,MYRT5,1
3620-515,MYRT15,1
3620-605,MYRT5,1
3620-615,MYRT15,1
3620-715,MYRT15,1
3621-103,GC,1
3630-015,NAND15,1
3630-115,NAND15,1
3630-401,NAND1,1
3630-405,NAND,1
3630-501,NAND,1
3630-501,NAND1,1
3630-505,NAND,1
3630-505,NAND5,1
3630-515,NAND,1
3630-515,NAND15,1
3630-605,NAND5,1
3630-705,NAND5,1
3630-805,NAND5,1
3630-905,NAND5,1
3640-005,NAND5,1
3640-105,NAND5,1
3640-205,NAND5,1
3640-501,NAND,1
3640-501,NAND1,1
3640-505,NAND,1
3640-505,NAND5,1
3640-515,NAND,1
3640-515,NAND15,1
3640-605,NAND5,1
3640-705,NAND5,1
3650-501,NAND,1
3650-501,NAND1,1
3650-505,NAND,1
3650-505,NAND5,1
3650-515,NAND,1
3650-515,NAND15,1
3660-501,NAND,1
3660-501,NAND1,1
3660-505,NAND,1
3660-505,NAND5,1
3660-515,NAND,1
3660-515,NAND15,1
3670-501,NAND,1
3670-501,NAND1,1
3670-505,NAND,1
3670-505,NAND5,1
3670-515,NAND,1
3670-515,NAND15,1
3670-615,NAND15,1
3670-715,NAND15,1
3670-815,NAND15,1
3671-501,NAND1,1
3671-505,NAND,1
3671-505,NAND5,1
3671-506,NAND5,1
3671-515,NAND,1
3671-515,NAND15,1
3671-601,NAND1,1
3671-605,NAND5,1
3671-701,NAND1,1
3671-705,NAND5,1
3701-101,OPUN1,1
3701-102,OPUN1,1
3701-201,OPUN,1
3701-201,OPUN1,1
3701-301,OPUN,1
3790-515,NERI15,1
3790-615,NERI15,1
3810-130,NERI30,1
3812-130,NERI30,1
3814-130,NERI30,1
3814-136,NERI36,1
3814-236,NIRI36,1
3814-336,NERI36,1
3815-501,NERI1,1
3815-505,NERI5,1
3815-515,NERI15,1
3816-536,NERI36,1
38-2001,JDGT,1
38-2001,POC,1
3820-501,NERI1,1
3820-505,NERI5,1
3825-501,NERI1,1
3825-505,NERI5,1
3825-515,NERI15,1
3826-505,NERI5,1
3827-501,NERI1,1
3827-505,NERI5,1
3827-601,NERI1,1
3827-605,NERI5,1
3827-615,NERI15,1
3828-505,NERI5,1
3830-501,NERI1,1
3830-505,NERI5,1
3835-501,NERI1,1
3835-505,NERI5,1
3835-515,NERI15,1
3840-501,NERI1,1
3840-505,NERI5,1
3840-515,NERI15,1
3845-501,NERI1,1
3845-505,NERI5,1
3845-515,NERI15,1
3845-524,NERI24,1
3845-536,NERI36,1
3846-105,YUCC5,1
3846-205,YUCC5,1
3846-215,YUCC15,1
3846-305,YUCC5,1
3846-315,YUCC15,1
3846-405,YUCC5,1
3846-415,YUCC15,1
3846-505,YUCC5,1
3846-515,YUCC15,1
3846-601,YUCC1,1
3846-605,YUCC5,1
3846-615,YUCC15,1
3846-705,YUCC5,1
3846-715,YUCC15,1
3846-805,YUCC5,1
3846-815,YUCC15,1
3846-824,YUCC24,1
3846-905,YUCC5,1
3846-924,YUCC24,1
3846-936,YUCC36,1
3847-001,MISC1,1
3847-005,3847-411,1
3847-005,MISC5,1
3847-015,MISC1,1
3847-101,MISC1,1
3847-105,MISC5,1
3847-111,MISC1,1
3847-201,MISC1,1
3847-205,MISC5,1
3847-301,MISC1,1
3847-305,MISC5,1
3847-315,MISC15,1
3847-401,MISC1,1
3847-405,MISC5,1
3847-411,MISC1,1
3847-415,MISC15,1
3847-505,MISC5,1
3847-515,MISC15,1
3847-605,MISC5,1
3847-615,MISC15,1
3847-701,MISC1,1
3847-705,MISC5,1
3847-715,MISC15,1
3847-805,MISC5,1
3847-815,MISC15,1
3848-005,MISC5,1
3850-501,NERI1,1
3850-505,NERI5,1
3850-515,NERI15,1
38-5505,WIST24,1
3855-501,NERI1,1
3855-505,NERI5,1
3855-515,NERI15,1
3855-524,NERI24,1
3860-501,NERI1,1
3860-505,NERI5,1
3860-515,NERI15,1
3860-615,NERI15,1
3865-501,NERI1,1
3865-505,NERI5,1
3865-515,NERI15,1
3865-524,NERI24,1
3865-715,NERI15,1
3920-015,OLEA15,1
3920-024,OLEA24,1
3920-036,OLEA36,1
3920-048,OLEA48,1
3920-060,OLEA60,1
3920-100,OLEA,1
3920-100,OLEA48,1
3920-101,OLEA,1
3920-102,OLEA,1
3920-103,OLEA,1
3920-103,OLEA48,1
3920-115,OLEA15,1
3920-120,OLEA,1
3920-120,OLEA60,1
3920-124,OLEA24,1
3920-136,OLEA36,1
3920-142,OLEA42,1
3920-143,OLEA42,1
3920-148,OLEA48,1
3920-149,OLEA48,1
3920-151,OLEA48,1
3920-154,OLEA54,1
3920-160,OLEA60,1
3920-172,OLEA,1
3920-172,OLEA72,1
3920-184,OLEA,1
3920-215,OLEA15,1
3920-216,OLEA24,1
3920-224,OLEA24,1
3920-236,OLEA36,1
3920-248,OLEA48,1
3920-254,OLEA54,1
3920-260,OLEA60,1
3920-261,OLEA,1
3920-262,OLEA,1
3920-263,OLEA,1
3920-264,OLEA,1
3920-265,OLEA,1
3920-265,OLEA60,1
3920-272,OLEA,1
3920-272,OLEA72,1
3920-315,OLEA15,1
3920-324,OLEA24,1
3920-336,OLEA36,1
3920-348,OLEA48,1
3920-360,OLEA60,1
3920-372,OLEA72,1
3920-415,OLEA24,1
3920-424,OLEA24,1
3920-436,OLEA36,1
3920-448,OLEA48,1
3920-460,OLEA,1
3920-515,OLEA15,1
3920-524,OLEA24,1
3920-536,OLEA36,1
3920-548,OLEA48,1
3920-560,OLEA60,1
3920-605,OLEA5,1
3920-615,OLEA15,1
3920-624,OLEA24,1
3920-636,OLEA36,1
3920-648,OLEA48,1
3920-660,OLEA,1
3920-660,OLEA60,1
3920-701,OLEA1,1
3920-705,OLEA5,1
3920-715,OLEA15,1
3920-724,OLEA24,1
3920-736,OLEA36,1
3920-748,OLEA48,1
3920-760,OLEA60,1
3920-815,OLEA15,1
3920-836,OLEA36,1
3920-860,OLEA60,1
3920-915,OLEA15,1
3920-936,OLEA36,1
3920-960,OLEA60,1
3921-115,OLEA15,1
3921-215,OLEA15,1
3921-236,OLEA36,1
3921-237,OLEA36,1
3921-238,LAGE36,1
3921-239,ACER36,1
3921-240,BETU36,1
3921-241,LAGE24,1
3921-242,LAGE36,1
3921-315,OLEA15,1
3921-336,OLEA36,1
3921-436,OLEA36,1
3921-548,BETU48,1
3921-549,BETU48,1
3921-560,BETU60,1
3921-824,BETU24,1
3921-936,BETU15,1
3922-424,LAGE24,1
3922-524,LAGE24,1
3922-624,LAGE24,1
3922-724,LAGE24,1
3925-001,OPHI1,1
3925-101,OPHI1,1
3925-104,GC,1
3925-501,OPHI1,1
3925-505,OPHI5,1
3925-601,OPHI1,1
3925-605,OPHI5,1
3925-701,OPHI1,1
3925-705,OENO,1
3925-805,OPHI5,1
3925-905,OPHI5,1
3926-501,OPHI1,1
3950-101,WEST1,1
3950-115,WEST15,1
3950-124,OSMA24,1
3950-201,WEST1,1
3950-205,WEST15,1
3950-211,WEST1,1
3950-215,WEST15,1
3950-301,WEST1,1
3950-305,WEST15,1
3950-315,WEST15,1
3950-401,WEST1,1
3950-415,WEST15,1
3950-505,OSMA5,1
3950-515,OSMA15,1
3950-601,WEST1,1
3950-615,WEST15,1
3950-701,WEST1,1
3950-715,WEST15,1
3950-801,WEST1,1
3950-815,WEST15,1
3950-900,DG,1
3950-900,GRAVEL,1
3950-900,SAND,1
3950-901,DG,1
3950-902,DG,1
3950-903,DG,1
3950-904,GRAVEL,1
3950-905,DG,1
3950-915,WEST15,1
3951-501,WEST1,1
3951-505,WEST5,1
3951-515,OSMA15,1
3951-604,LSBID,1
3951-605,WEST5,1
3952-215,WEST15,1
3953-164,GC,1
3960-500,LINER,1
3970-100,MISC,1
40-0001,DCB,1
40-0001,DRAIN,1
40-0001,DRAINS,1
40-0002,DRAIN,1
40-0003,DRAIN,1
40-0004,DRAIN,1
40-0005,DRAIN,1
40-0006,DCB,1
40-0007,DRAIN,1
40-0008,DCB,1
40-0008,DRAIN,1
40-0008,NDS,1
40-0009,DRAIN,1
40-0011,DRAIN,1
4000-115,POLY,1
40-0012,DRAIN,1
40-0012,NDS,1
4000-405,PAND5,1
4000-415,PAND15,1
4000-505,PAND5,1
4000-515,PAND15,1
4000-605,PAND5,1
4000-615,PAND15,1
4000-715,PAND15,1
400-120,2700-196,1
400-120,3120-124,1
4001-515,PAND15,1
40-1000,DFIT,1
40-1000,DRAIN,1
40-1020,DFIT,1
40-1020,DRAIN,1
40-1036,CARSON,1
40-1037,CARSON,1
40-1038,CARSON,1
40-1039,CARSON,1
40-1040,DFIT,1
40-1040,DRAIN,1
40-1045,DRAIN,1
40-1045,IRRBID,1
40-1046,DEEP,1
40-1047,DFIT,1
40-1047,DRAINS,1
40-1048,CARSON,1
40-1048,VAULT,1
40-1050,CARSON,1
40-1050,IRRBID,1
401-050,DRAIN,1
40-1051,AMETEK,1
40-1052,BOX,1
40-1052,CARSON,1
40-1053,CARSON,1
40-1054,CARSON,1
40-1055,CARSON,1
40-1056,CARSON,1
40-1056,VAULT,1
40-1057,CARSON,1
40-1058,BOX,1
40-1058,CARSON,1
40-1059,BOX,1
40-1059,CARSON,1
40-1060,DFIT,1
40-1060,DRAIN,1
401-060,DFIT,1
40-1070,DEEP,1
40-1071,DEEP,1
401-071,DRAIN,1
40-1072,DEEP,1
40-1073,DEEP,1
40-1074,DEEP,1
40-1080,DFIT,1
40-1080,DRAIN,1
40-1100,DFIT,1
40-1100,DRAIN,1
40-1110,BOX,1
40-1110,IRRBID,1
40-1120,DFIT,1
40-1120,DRAIN,1
40-1140,DFIT,1
40-1140,DRAIN,1
40-1160,DFIT,1
40-1160,DRAIN,1
40-1180,DFIT,1
40-1180,DRAIN,1
40-1200,DFIT,1
40-1200,DRAIN,1
40-1220,DFIT,1
40-1220,DRAIN,1
40-1240,DFIT,1
40-1260,DFIT,1
40-1280,DFIT,1
40-1280,DRAIN,1
40-1300,DFIT,1
40-1300,DRAIN,1
40-1340,DFIT,1
40-1340,DRAIN,1
40-1341,DFIT,1
40-1341,DRAIN,1
40-1342,DFIT,1
40-1342,DRAIN,1
40-1350,DFIT,1
40-1351,DFIT,1
40-1351,DRAIN,1
40-1360,DCB,1
40-1360,DRAIN,1
40-1361,DRAIN,1
40-1362,DRAIN,1
40-1363,DRAIN,1
40-1370,DRAIN,1
40-1370,NDS,1
40-1380,DCB,1
40-1380,DRAIN,1
40-1381,DRAIN,1
40-1381,DRAINS,1
40-1381,NDS,1
40-1385,DCB,1
40-1385,DRAIN,1
40-1386,DCB,1
40-1386,DRAIN,1
40-1387,DCB,1
40-1387,DRAIN,1
40-1388,DRAIN,1
40-1388,NDS,1
40-1389,DCB,1
40-1389,DRAIN,1
40-1390,DRAIN,1
40-1391,DRAIN,1
40-1391,NDS,1
40-1392,DRAIN,1
40-1393,DRAIN,1
40-1393,NDS,1
40-1394,DCB,1
40-1394,DRAIN,1
40-1394,NDS,1
40-1395,DCB,1
40-1395,NDS,1
40-1396,DCB,1
40-1396,NDS,1
40-1397,DCB,1
40-1397,DRAIN,1
40-1400,DCB,1
40-1400,DFIT,1
40-1400,DRAIN,1
40-1400,DRAINS,1
40-1401,DCB,1
40-1401,DFIT,1
40-1401,DRAIN,1
40-1401,DRAINS,1
40-1410,DCB,1
40-1410,DRAIN,1
40-1412,DRAIN,1
40-1413,DRAIN,1
40-1416,DRAIN,1
40-1418,DRAIN,1
40-1418,NDS,1
40-1420,DCB,1
40-1420,DRAIN,1
40-1420,DRAINS,1
40-1421,BOX,1
40-1421,NDS,1
40-1422,BOX,1
40-1422,NDS,1
40-1423,DRAIN,1
40-1423,DRAINS,1
40-1423,NDS,1
40-1424,DRAIN,1
40-1424,DRAINS,1
40-1424,NDS,1
40-1425,DRAIN,1
40-1425,NDS,1
40-1426,NDS,1
40-1427,NDS,1
40-1428,BOX,1
40-1428,NDS,1
40-1429,DCB,1
40-1440,DCB,1
40-1440,DRAIN,1
40-1440,DRAINS,1
40-1441,DCB,1
40-1441,DRAIN,1
40-1442,DCB,1
40-1442,DRAIN,1
40-1443,DCB,1
40-1443,DRAIN,1
40-1444,DCB,1
40-1444,DRAIN,1
40-1444,NDS,1
40-1445,DCB,1
40-1445,DRAIN,1
40-1446,DCB,1
40-1446,DRAIN,1
40-1450,DRAIN,1
40-1460,DCB,1
40-1460,DRAIN,1
40-1460,DRAINS,1
40-1461,DCB,1
40-1461,DRAIN,1
40-1461,NDS,1
40-1462,DRAIN,1
40-1463,DCB,1
40-1463,DRAIN,1
40-1464,DCB,1
40-1465,DCB,1
40-1465,DRAIN,1
40-1480,DCB,1
40-1480,DRAIN,1
40-1482,DCB,1
40-1482,DRAIN,1
40-1482,DRAINS,1
40-1482,NDS,1
40-1500,DCB,1
40-1500,DRAIN,1
40-1501,DCB,1
40-1501,DRAIN,1
40-1502,DCB,1
40-1502,DRAIN,1
40-1502,NDS,1
40-1503,DRAIN,1
40-1503,NDS,1
40-1504,DCB,1
40-1504,NDS,1
40-1520,DCB,1
40-1520,DRAIN,1
40-1521,DCB,1
40-1521,DRAIN,1
40-1522,DRAIN,1
40-1523,DCB,1
40-1523,NDS,1
40-1527,DRAIN,1
40-1527,NDS,1
40-1530,DCB,1
40-1530,DFIT,1
40-1540,DCB,1
40-1540,DRAIN,1
40-1541,DCB,1
40-1541,DRAIN,1
40-1558,DCB,1
40-1558,DRAIN,1
40-1558,NDS,1
40-1559,DCB,1
40-1559,DRAIN,1
40-1559,NDS,1
40-1560,DCB,1
40-1560,DRAIN,1
40-1560,NDS,1
40-1561,DCB,1
40-1561,DRAIN,1
40-1561,NDS,1
40-1562,DCB,1
40-1562,DRAIN,1
40-1562,NDS,1
40-1563,BOX,1
40-1563,NDS,1
40-1564,BOX,1
40-1564,NDS,1
40-1580,DCB,1
40-1580,DRAIN,1
40-1581,DCB,1
40-1581,DRAIN,1
40-1599,DCB,1
40-1599,DRAIN,1
40-1599,DRAINS,1
40-1600,DCB,1
40-1600,DRAIN,1
40-1600,DRAINS,1
40-1601,DRAIN,1
40-1602,DRAIN,1
40-1602,NDS,1
40-1603,DRAIN,1
40-1603,NDS,1
40-1604,DRAIN,1
40-1604,NDS,1
40-1605,DCB,1
40-1605,DRAIN,1
40-1605,NDS,1
40-1606,DCB,1
40-1606,DRAIN,1
40-1606,DRAINS,1
40-1606,NDS,1
40-1607,DCB,1
40-1607,DRAIN,1
40-1607,DRAINS,1
40-1607,NDS,1
40-1608,DCB,1
40-1608,DRAIN,1
40-1608,DRAINS,1
40-1608,NDS,1
40-1609,DRAIN,1
40-1609,DRAINS,1
40-1610,DRAIN,1
40-1610,DRAINS,1
4016-101,TAGE1,1
40-1611,DRAIN,1
40-1611,NDS,1
40-1612,DRAIN,1
40-1612,NDS,1
40-1613,DCB,1
40-1613,DRAIN,1
40-1613,NDS,1
40-1620,DCB,1
40-1620,DRAIN,1
40-1622,DCB,1
40-1622,DRAIN,1
40-1622,NDS,1
40-1623,DCB,1
40-1623,DRAIN,1
40-1623,NDS,1
40-1631,DRAIN,1
40-1631,NDS,1
40-1640,DCB,1
40-1641,DCB,1
40-1641,DRAIN,1
40-1642,DCB,1
40-1642,DRAIN,1
40-1643,DCB,1
40-1643,DRAIN,1
40-1644,DRAIN,1
40-1646,DRAIN,1
40-1647,DRAIN,1
40-1648,BROOKS,1
40-1648,DCB,1
40-1648,DRAIN,1
40-1650,BROOKS,1
40-1650,DCB,1
40-1650,DRAIN,1
40-1651,BROOKS,1
40-1652,BROOKS,1
40-1653,BROOKS,1
40-1654,BROOKS,1
40-1656,BROOKS,1
40-1656,DCB,1
40-16561,BROOKS,1
40-16561,DCB,1
40-1657,BROOKS,1
40-1657,CARSON,1
40-1657,VAULT,1
40-1658,BROOKS,1
40-1660,DPIPE,1
40-1660,DRAIN,1
40-1660,DRAINS,1
40-1661,DPIPE,1
40-1661,DRAINS,1
40-1662,DPIPE,1
40-1662,DRAIN,1
40-1663,BROOKS,1
40-1664,DRAIN,1
40-1665,DPIPE,1
40-1666,DPIPE,1
40-1680,DPIPE,1
40-1680,DRAIN,1
40-1681,DPIPE,1
40-1681,DRAIN,1
40-1682,DPIPE,1
40-1700,DPIPE,1
40-1700,DRAIN,1
40-1720,DPIPE,1
40-1720,DRAIN,1
40-1730,DPIPE,1
40-1730,DRAIN,1
40-1734,CARSON,1
40-1735,BOX,1
40-1735,CARSON,1
40-1736,BOX,1
40-1736,CARSON,1
40-1737,BOX,1
40-1737,CARSON,1
40-1738,CARSON,1
40-1739,BOX,1
40-1739,CARSON,1
40-1739,IRRBID,1
40-1740,DCORE,1
40-1740,DRAIN,1
40-1740,DRAINS,1
40-1741,BOX,1
40-1741,CARSON,1
40-1741,IRRBID,1
40-1742,BOX,1
40-1742,CARSON,1
40-1743,BOX,1
40-1743,CARSON,1
40-1744,BOX,1
40-1744,CARSON,1
40-1745,BOX,1
40-1745,CARSON,1
40-1746,BOX,1
40-1746,CARSON,1
40-1747,BOX,1
40-1747,CARSON,1
40-1748,CARSON,1
40-1749,CARSON,1
40-1749,VAULT,1
40-1750,CARSON,1
40-1750,VAULT,1
40-1751,CARSON,1
40-1751,IRRBID,1
40-1751,VAULT,1
40-1752,DCORE,1
40-1753,CARSON,1
40-1754,CARSON,1
40-1754,VAULT,1
40-1755,CARSON,1
40-1756,CARSON,1
40-1757,CARSON,1
40-1758,BOX,1
40-1758,CARSON,1
40-1759,CARSON,1
40-1759,VAULT,1
40-1760,DCORE,1
40-1760,DRAIN,1
40-1760,DRAINS,1
40-1761,DCORE,1
40-1762,DCORE,1
40-1763,CARSON,1
40-1763,VAULT,1
40-1764,BOX,1
40-1764,CARSON,1
40-1765,BROOKS,1
40-1765,CARSON,1
40-1765,VAULT,1
40-1766,BROOKS,1
40-1766,CARSON,1
40-1766,VAULT,1
40-1767,CARSON,1
40-1767,VAULT,1
40-1780,DCORE,1
40-1780,DRAIN,1
40-1796,DCORE,1
40-1797,DCORE,1
40-1798,DCORE,1
40-1800,DCORE,1
40-1800,DRAIN,1
40-1820,DCORE,1
40-1820,DRAIN,1
40-1840,DCORE,1
40-1840,DRAIN,1
40-1860,DFIT,1
40-1880,DFIT,1
40-1880,DRAIN,1
40-1881,DFIT,1
40-1881,DRAIN,1
40-1890,DFIT,1
40-1890,DRAIN,1
40-1891,DFIT,1
40-1891,DRAIN,1
40-1898,BROOKS,1
40-1898,DRAIN,1
40-1898,NYO,1
40-1898,NYOPLAST,1
40-1899,DCORE,1
40-1899,DRAIN,1
40-1900,DCB,1
40-1900,DCORE,1
40-1900,DRAIN,1
40-1900,DRAINS,1
40-1901,NDS,1
40-1902,DCORE,1
40-1902,DRAIN,1
40-1903,BROOKS,1
40-1903,DCB,1
40-1903,DRAIN,1
40-1903,NYLOPLAST,1
40-1903,NYO,1
40-1903,NYOPLAST,1
40-1904,DRAIN,1
40-1904,DRAINS,1
40-1904,NDS,1
40-1905,DRAIN,1
40-1905,DRAINS,1
40-1905,NDS,1
40-1906,DRAIN,1
40-1906,DRAINS,1
40-1906,NDS,1
40-1907,DRAIN,1
40-1907,DRAINS,1
40-1907,NDS,1
40-1908,NDS,1
40-1909,DRAIN,1
40-1909,DRAINS,1
40-1909,NDS,1
40-1910,DCB,1
40-1910,DCORE,1
40-1910,DRAIN,1
40-1910,DRAINS,1
40-1911,DCORE,1
40-1911,DRAIN,1
40-1912,DCORE,1
40-1913,DCORE,1
40-1914,DCORE,1
40-1914,DRAIN,1
40-1915,DCORE,1
40-1915,DRAIN,1
40-1915,DRAINS,1
40-1916,DCORE,1
40-1916,DRAIN,1
40-1916,DRAINS,1
40-1917,DCB,1
40-1917,DCORE,1
40-1917,DRAIN,1
40-1917,DRAINS,1
40-1918,DCORE,1
40-1918,DRAIN,1
40-1918,DRAINS,1
40-1919,DCORE,1
40-1920,DRAIN,1
40-1920,DRAINS,1
40-1921,DCORE,1
40-1921,DRAIN,1
40-1921,DRAINS,1
40-1922,DRAIN,1
40-1922,DRAINS,1
40-1922,NDS,1
40-1923,DRAIN,1
40-1923,DRAINS,1
40-1923,NDS,1
40-1924,DCORE,1
40-1924,DRAIN,1
40-1924,DRAINS,1
40-1925,DCB,1
40-1925,DRAIN,1
40-1925,NDS,1
40-1930,DPIPE,1
40-1930,DRAIN,1
40-1932,DPIPE,1
40-1932,DRAIN,1
40-1940,DPIPE,1
40-1940,DRAIN,1
40-1950,DPIPE,1
40-1950,DRAIN,1
40-1960,DPIPE,1
40-1960,DRAIN,1
40-1969,DPIPE,1
40-1970,DPIPE,1
40-1970,DRAIN,1
40-1971,DPIPE,1
40-1971,DRAINS,1
40-1972,DPIPE,1
40-1972,DRAINS,1
40-1973,DPIPE,1
40-1973,DRAINS,1
40-1974,DPIPE,1
40-1974,DRAINS,1
40-1975,DPIPE,1
40-1975,DRAINS,1
40-1975.1,DPIPE,1
40-1975.1,DRAIN,1
40-1975.1,DRAINS,1
40-1976,DPIPE,1
40-1977,DPIPE,1
40-1977,DRAIN,1
40-1978,DPIPE,1
40-1979,DPIPE,1
40-1980,DFIT,1
40-1980,DRAIN,1
40-1981,DPIPE,1
40-1982,DPIPE,1
40-1982,DRAINS,1
40-1983,DPIPE,1
40-1984,DPIPE,1
40-1985,DFIT,1
40-1989,DPIPE,1
40-1990,DFIT,1
40-1990,DRAIN,1
40-1991,DPIPE,1
40-1992,DPIPE,1
40-1993,DPIPE,1
40-1994,DPIPE,1
40-1994,DRAINS,1
40-1995,DPIPE,1
40-1996,FITTING,1
40-1997,DPIPE,1
40-1998,DPIPE,1
40-2000,DFIT,1
40-2000,DRAIN,1
40-2010,DFIT,1
40-2010,DRAIN,1
402-010,FITTING,1
40-2020,DFIT,1
40-2020,DRAIN,1
40-2030,DFIT,1
40-2030,DRAIN,1
40-2040,DFIT,1
40-2040,DRAIN,1
40-2041,DRAIN,1
40-2041,NDS,1
40-2042,DRAIN,1
40-2042,NDS,1
40-2043,DRAINS,1
40-2043,NDS,1
40-2044,DRAIN,1
40-2044,NDS,1
40-2045,DRAIN,1
40-2045,NDS,1
40-2047,DPIPE,1
40-2047,NDS,1
40-2048,NDS,1
40-2049,NDS,1
40-2050,DFIT,1
40-2050,DRAIN,1
40-2051,NDS,1
40-2052,NDS,1
40-2060,DFIT,1
40-2060,DPIPE,1
40-2060,DRAIN,1
40-2070,DFIT,1
40-2070,DRAIN,1
40-2075,DRAIN,1
40-2075,NDS,1
40-2080,DCB,1
40-2080,DFIT,1
40-2085,DCB,1
40-2085,DRAIN,1
40-2090,DFIT,1
40-2090,DRAIN,1
40-2091,DFIT,1
40-2091,DRAIN,1
40-2095,DFIT,1
40-2096,DCB,1
40-2096,DRAIN,1
40-2096,DRAINS,1
40-2110,BOX,1
40-2110,IRRBID,1
40-2140,NDS,1
40-2143,NDS,1
40-2144,BOX,1
40-2144,NDS,1
40-2145,BOX,1
40-2145,NDS,1
40-2146,BOX,1
40-2146,NDS,1
40-2147,BOX,1
40-2147,NDS,1
40-2150,NDS,1
40-2160,NDS,1
40-2170,NDS,1
40-2171,NDS,1
40-2180,NDS,1
40-2181,NDS,1
40-2190,NDS,1
40-2191,NDS,1
402-213,FITTING,1
4025-501,PART,1
4025-501,PART1,1
4025-502,PART,1
4025-502,PART1,1
4025-505,PART,1
4025-505,PART5,1
4025-515,PART,1
4025-515,PART15,1
4025-605,PART5,1
4025-705,PART5,1
4025-715,PART15,1
4025-805,PART5,1
4025-905,PART5,1
4026-505,PART5,1
4026-515,PART15,1
40-3000,DFIT,1
40-3000,DRAIN,1
40-3010,DFIT,1
40-3011,DRAIN,1
40-3011,NDS,1
4039-115,PROT15,1
40-4000,DCB,1
40-4000,DRAIN,1
40-4001,DRAIN,1
40-4001,DRAINS,1
40-4002,DRAIN,1
40-4003,DCB,1
40-4003,DRAIN,1
40-4003,NDS,1
40-4004,DRAIN,1
40-4004,DRAINS,1
40-40041,DRAIN,1
40-40041,DRAINS,1
40-4005,DCB,1
40-4005,NDS,1
40-4006,DCB,1
40-4006,NDS,1
40-4007,DCB,1
40-4007,DRAIN,1
40-4007,NDS,1
40-4009,NDS,1
40-4010,DCB,1
40-4010,DRAIN,1
4040-101,PHLO1,1
4040-105,PHLO5,1
40-4011,DRAIN,1
40-4011,NDS,1
40-4012,DRAIN,1
40-4014,DCB,1
40-4014,NDS,1
40-4019,DCB,1
40-4019,DRAIN,1
40-4019,NDS,1
40-4020,DCB,1
40-4020,DRAIN,1
40-4020,NDS,1
4040-205,PHLO5,1
40-4021,DRAIN,1
40-4022,DCB,1
40-4022,NDS,1
40-4023,DCB,1
40-4023,DRAIN,1
40-4023,NDS,1
40-4024,DRAIN,1
40-4025,DCB,1
40-4025,DRAIN,1
40-4026,DCB,1
40-4026,DRAIN,1
40-4027,DRAIN,1
40-4027,NDS,1
40-40271,DCB,1
40-40271,NDS,1
40-40272,DRAIN,1
40-40272,NDS,1
40-4028,DRAIN,1
40-4028,NDS,1
40-4029,DRAIN,1
40-40291,DRAIN,1
40-40291,NDS,1
40-40292,DRAIN,1
40-40292,NDS,1
40-4030,DCB,1
40-4030,DRAIN,1
40-4030,NDS,1
40-40302,DCB,1
40-40302,DRAIN,1
40-40302,NDS,1
40-4031,DRAIN,1
40-4031,NDS,1
40-4032,DRAIN,1
40-4032,NDS,1
40-40321,DRAIN,1
40-40321,NDS,1
40-4034,DRAIN,1
40-4034,NDS,1
40-4035,DCB,1
40-4035,DRAIN,1
40-4035,NDS,1
40-4036,NDS,1
40-4040,DCB,1
40-4041,DCB,1
40-4041,DRAIN,1
40-4041,NDS,1
40-4042,DCB,1
40-4042,DRAIN,1
40-4042,NDS,1
40-4043,DCB,1
40-4043,DRAIN,1
40-4043,NDS,1
40-4044,DCB,1
40-4044,DRAIN,1
40-4044,NDS,1
4040-44,DCB,1
4040-44,DRAIN,1
4040-44,NDS,1
40-4045,DCB,1
40-4045,DRAIN,1
40-4045,NDS,1
4040-45,DCB,1
4040-45,DRAIN,1
4040-45,NDS,1
40-4046,DRAIN,1
40-4046,DRAINS,1
40-4046,NDS,1
4040-46,DRAIN,1
4040-46,NDS,1
40-4047,DRAIN,1
40-4047,NDS,1
4040-47,DRAIN,1
4040-47,NDS,1
40-4048,DCB,1
40-4048,DRAIN,1
40-4049,DRAIN,1
40-4049,NDS,1
40-4050,DRAIN,1
40-4050,NDS,1
40-40-51,DRAIN,1
40-40-51,DRAINS,1
40-40-51,NDS,1
40-4051,DCB,1
40-4051,DRAIN,1
40-4051,NDS,1
40-4052,DCB,1
40-4052,DRAIN,1
40-4052,NDS,1
40-4053,DCB,1
40-4053,DRAIN,1
40-4053,NDS,1
40-4054,DCB,1
40-4054,DRAIN,1
40-4054,NDS,1
40-4055,BROOKS,1
40-4055,DCB,1
40-40551,BROOKS,1
40-40551,DCB,1
40-40551,DRAIN,1
40-40552,BROOKS,1
40-40552,DCB,1
40-40552,DRAIN,1
40-4056,DRAIN,1
40-4056,NDS,1
40-4057,DRAIN,1
40-4057,NDS,1
40-4058,DRAIN,1
40-4058,NDS,1
40-4059,DCB,1
40-4059,DRAIN,1
40-4059,NDS,1
40-4060,BROOKS,1
40-4060,DCB,1
40-4061,BROOKS,1
40-4062,BROOKS,1
40-4062,DCB,1
40-4062,DRAIN,1
40-4063,BROOKS,1
40-4063,DRAIN,1
40-4064,BROOKS,1
40-4064,DCB,1
40-4064,DRAIN,1
40-4065,BROOKS,1
40-4065,DCB,1
40-4066,BOX,1
40-4066,BROOKS,1
40-4066,DCB,1
40-4066,DRAIN,1
40-4066,EISEL,1
40-4067,BROOKS,1
40-4068,BROOKS,1
40-4068,DCB,1
40-4068,DRAIN,1
40-40681,BROOKS,1
40-40682,BROOKS,1
40-40683,BROOKS,1
40-40683,DCB,1
40-40683,DRAIN,1
40-40684,BROOKS,1
40-40684,DCB,1
40-40684,DRAIN,1
40-40685,BROOKS,1
40-4069,DRAIN,1
40-4069,EISEL,1
40-4070,DCB,1
40-4071,BROOKS,1
40-4072,DCB,1
40-4072,DRAIN,1
40-4072,NDS,1
40-4073,DCB,1
40-4073,DRAIN,1
40-4073,NDS,1
40-4074,DRAIN,1
40-4074,EISEL,1
40-4075,DCB,1
40-4076,DRAIN,1
40-4077,DCB,1
40-4078,DCB,1
40-4078,NDS,1
40-4079,DCB,1
40-40791,DCB,1
40-40791,DRAIN,1
40-4080,DCB,1
40-4081,DCB,1
40-4082,DCB,1
40-4083,DCB,1
40-4084,DCB,1
40-4085,DCB,1
40-4086,DCB,1
40-4087,DCB,1
40-4087,HAWS,1
40-4088,DCB,1
40-4089,DRAIN,1
40-4089,ZURN,1
40-4090,DCB,1
40-4090,DRAIN,1
40-4091,DRAIN,1
40-4091,ZURN,1
40-4092,DCB,1
40-4092,DRAIN,1
40-4093,DCB,1
40-4093,DRAIN,1
40-4094,DCB,1
40-4094,DRAIN,1
40-4095,DRAIN,1
40-4095,DRAINS,1
40-4096,DCB,1
40-4096,DRAIN,1
40-4096,NYLOPLAST,1
40-4096,NYO,1
40-4096,NYOPLAST,1
40-4097,DCB,1
40-4097,DRAIN,1
40-4097,NYLOPLAST,1
40-4097,NYO,1
40-4097,NYOPLAST,1
40-4098,DCB,1
40-4098,DRAIN,1
40-4098,NYLOPLAST,1
40-4098,NYO,1
40-4099,NDS,1
40-4100,DCB,1
40-4100,DRAIN,1
40-4101,DCB,1
40-4102,ZURN,1
40-4103,DCB,1
40-4103,DRAIN,1
40-4103,DRAINS,1
40-4103,FILTER,1
40-4104,DCB,1
40-4104,DRAIN,1
40-4105,ALHAMBRA,1
40-4106,DCB,1
40-4106,DRAIN,1
40-4107,DRAIN,1
40-4107,DRAINS,1
40-4108,DCB,1
40-4108,DRAIN,1
40-4108,NYO,1
40-4108,NYOPLAST,1
40-4109,DRAIN,1
40-4110,DRAIN,1
40-4111,EISEL,1
40-4112,BROOKS,1
40-4113,ALHAMBRA,1
40-4113,BROOKS,1
40-4114,BROOKS,1
40-4115,BROOKS,1
40-4116,DCB,1
40-4116,DRAIN,1
40-4117,BROOKS,1
40-4117,DCB,1
40-4117,DRAIN,1
40-4118,BROOKS,1
40-4118,DCB,1
40-4118,DRAIN,1
40-4119,DCB,1
40-4119,DRAIN,1
40-4119,NDS,1
40-4120,DCB,1
40-4120,DRAIN,1
40-4120,NDS,1
40-4121,DCB,1
40-4121,DRAIN,1
40-4121,NDS,1
40-4122,DRAIN,1
40-4123,DRAIN,1
40-4124,DRAIN,1
40-4125,BROOKS,1
40-4125,DCB,1
40-4128,DRAIN,1
40-4129,DCB,1
40-4129,DRAIN,1
40-4129,DRAINS,1
40-4130,DCB,1
40-4130,DRAIN,1
40-4130,NDS,1
40-4131,ALHAMBRA,1
40-4132,NYOPLAST,1
40-4133,NYOPLAST,1
40-4134,ALHAMBRA,1
40-4134,DCB,1
40-4138,BOX,1
40-4138,EISEL,1
40-4139,BOX,1
40-4139,EISEL,1
40-4140,EISEL,1
40-4141,ZURN,1
40-4142,BOX,1
40-4142,EISEL,1
40-4143,BOX,1
40-4143,EISEL,1
40-4144,BOX,1
40-4144,EISEL,1
40-4145,BOX,1
40-4145,EISEL,1
40-4146,BOX,1
40-4146,EISEL,1
40-4147,BROOKS,1
40-4147,DCB,1
40-4148,BOX,1
40-4148,EISEL,1
40-4150,BROOKS,1
40-4150,DRAIN,1
40-4151,BROOKS,1
40-4151,DCB,1
40-4152,DCB,1
40-4158,DCB,1
40-4158,DRAIN,1
40-4158,NYO,1
40-4159,DCB,1
40-4159,DRAIN,1
40-4159,NYO,1
40-4160,ZURN,1
40-4162,ZURN,1
40-4170,BOX,1
40-4170,DRAIN,1
40-4170,J&R,1
40-4171,BOX,1
40-4171,DRAIN,1
40-4171,J&R,1
40-4172,BOX,1
40-4172,DRAIN,1
40-4172,J&R,1
40-4173,NDS,1
40-4174,NDS,1
40-4210,NDS,1
40-4211,NDS,1
40-5000,DPIPE,1
40-5000,DRAIN,1
4050-005,PASS5,1
40-5001,DPIPE,1
40-5001,DRAIN,1
40-5002,DPIPE,1
40-5003,DPIPE,1
40-5004,DPIPE,1
40-5005,DPIPE,1
40-5006,DPIPE,1
40-5006,DRAIN,1
40-5009,DPIPE,1
40-5010,DPIPE,1
40-5010,DRAIN,1
4050-105,PASS5,1
40-5011,DPIPE,1
40-5012,DPIPE,1
40-5013,DPIPE,1
40-5014,DPIPE,1
40-5015,DPIPE,1
40-5016,DPIPE,1
40-5017,DPIPE,1
40-5018,DPIPE,1
40-5019,DPIPE,1
40-5020,DPIPE,1
4050-205,PASS5,1
40-5021,DPIPE,1
40-5022,DPIPE,1
40-5022,DRAIN,1
40-5023,DPIPE,1
40-5023,DRAIN,1
40-5025,DFIT,1
4050-505,PASS5,1
4050-515,PASS15,1
40-5199,DRAIN,1
40-5199,JENSEN,1
40-5200,DRAIN,1
40-5200,JENSEN,1
40-5201,BROOKS,1
40-5201,DRAIN,1
40-5201,JENSEN,1
40-5202,DRAIN,1
40-5202,FLO-GARD,1
40-5203,DRAIN,1
40-5203,JENSEN,1
40-5204,DRAIN,1
40-5204,JENSEN,1
40-5205,JENSEN,1
40-5205,VAULT,1
40-5206,DCB,1
40-5206,DRAIN,1
40-5206,NDS,1
40-5207,DRAIN,1
40-5208,DCB,1
40-5208,NDS,1
40-5209,NDS,1
40-5210,NDS,1
40-5211,DRAIN,1
40-5212,DCB,1
40-5212,NDS,1
40-5213,DRAIN,1
40-5213,NDS,1
40-5214,DCB,1
40-5214,DRAIN,1
40-5214,NDS,1
40-5215,DRAIN,1
40-5215,NDS,1
40-5216,NDS,1
40-5217,NDS,1
40-5218,BOX,1
40-5218,NDS,1
40-5219,BOX,1
40-5219,NDS,1
40-5220,BOX,1
40-5220,NDS,1
40-5221,NDS,1
4055-004,GC,1
4055-101,GERA1,1
4055-104,GC,1
4055-107,PELA5,1
4055-201,GERA1,1
4055-201,PELA1,1
4055-204,GC,1
4055-301,GERA1,1
4055-301,PELA1,1
4055-304,GC,1
4055-401,GERA1,1
4055-401,PELA1,1
4055-404,AC,1
4055-404,GC,1
4055-406,GERA1,1
4055-414,AC,1
4055-501,PELA,1
4055-501,PELA1,1
4055-505,PELA,1
4055-505,PELA5,1
4055-601,PELA1,1
4055-605,PELA5,1
4055-701,PELA1,1
4055-702,PELA1,1
4055-705,PELA5,1
4055-801,PELA1,1
4055-805,GERA5,1
4055-810,GERA1,1
4055-901,GERA1,1
4055-901,PELA1,1
4055-905,GERA5,1
4055-906,GERA1,1
4055-910,GERA5,1
4055-911,GERA1,1
4056-001,GERA1,1
4056-001,PELA1,1
4056-101,GERA1,1
4056-101,PELA1,1
4056-201,GERA1,1
4056-201,PELA1,1
4056-301,GERA1,1
4056-301,PELA1,1
4056-401,PELA1,1
4056-501,GERA1,1
406-010,FITTING,1
406-010,PVCFIT,1
4060-101,PELA1,1
4060-102,PELA5,1
4060-201,PELA1,1
4060-301,PELA1,1
4060-401,PELA1,1
4060-501,PELA,1
4060-501,PELA1,1
4060-502,PELA1,1
4060-503,PELA1,1
4060-504,PELA1,1
4060-505,PELA,1
4060-505,PELA5,1
4060-506,PELA,1
4060-601,PELA1,1
4060-701,PELA1,1
4060-706,PELA,1
4060-801,PELA1,1
4064-001,PENS1,1
4064-012,PENS1,1
4064-101,PENS1,1
4064-105,PENS5,1
4064-201,PENS1,1
4064-205,PENS5,1
4064-301,PENS1,1
4064-305,PENS5,1
4064-401,PENS1,1
4064-405,PENS5,1
4064-501,PENS1,1
4064-505,PENS5,1
4064-601,PENS1,1
4064-701,PENS1,1
4064-801,PENS1,1
4064-805,PENS5,1
4065-001,PENN1,1
4065-005,PENN5,1
4065-101,PENN1,1
4065-105,PENN1,1
4065-121,PENN1,1
4065-201,PENN1,1
4065-205,PENN5,1
4065-301,PENN1,1
4065-305,PENN1,1
4065-345,PENN5,1
4065-401,PENN1,1
4065-405,PENN5,1
4065-415,PENN15,1
4065-445,PENN5,1
4065-501,PENN1,1
4065-505,PENN5,1
4065-515,PENN15,1
4065-601,PENN1,1
4065-605,PENN5,1
4065-615,PENN15,1
4065-625,PENN5,1
4065-701,PENN1,1
4065-705,PENN5,1
4065-706,PENN5,1
4065-715,PENN15,1
4065-801,PENN1,1
4065-803,PENN5,1
4065-805,PENN5,1
4065-815,PENN15,1
4065-901,PENN1,1
4065-905,PENN5,1
4065-915,PENN15,1
4066-001,PENN1,1
4066-005,PENN5,1
4066-101,PENN1,1
4066-105,PENN5,1
4066-201,PENS1,1
4066-205,PENS5,1
4066-305,PENN5,1
4066-401,PENN1,1
4066-501,PENN1,1
4067-101,PENS1,1
4067-501,PENN1,1
4067-505,PENN5,1
4067-601,PENN1,1
4067-701,PENN1,1
4067-705,PENN5,1
4067-801,PENN1,1
4067-805,PENS5,1
4067-901,PENS1,1
4067-903,LINER,1
4068-101,PERO1,1
4068-201,PERO1,1
4070-105,PHIL5,1
407-030,LSBID,1
4070-415,PHIL15,1
4070-501,PHIL1,1
4070-505,PHIL5,1
4070-515,PHIL15,1
4070-521,PHIL1,1
4070-524,PHIL24,1
4070-601,PHIL1,1
4070-605,PHIL5,1
4070-615,PHIL15,1
4070-701,PHIL1,1
4070-715,PHIL15,1
4075-005,PHOR5,1
4075-015,PHOR15,1
4075-105,PHOR5,1
4075-115,PHOR15,1
4075-205,PHOR5,1
4075-305,PHOR5,1
4075-403,PHOR5,1
4075-501,PHOR1,1
4075-505,PHOR5,1
4075-515,PHOR15,1
4075-516,PHOR15,1
4075-601,PHOR1,1
4075-605,PHOR5,1
4075-615,PHOR15,1
4075-705,PHOR5,1
4075-715,PHOR15,1
4075-801,PHOR1,1
4075-805,PHOR5,1
4075-815,PHOR15,1
4075-901,PHOR1,1
4075-905,PHOR5,1
4075-915,PHOR15,1
4076-001,PHOR15,1
4076-005,PHOR5,1
4076-015,PHOR15,1
4076-105,PHOR5,1
4076-115,PHOR15,1
4076-201,PHOR1,1
4076-205,PHOR5,1
4076-215,PHOR15,1
4076-301,PHOR1,1
4076-305,PHOR5,1
4076-315,PHOR15,1
4076-405,PHOR5,1
4076-415,PHOR15,1
4076-501,PHOR1,1
4076-505,PHOR5,1
4076-515,PHOR15,1
4076-605,PHOR5,1
4076-615,PHOR15,1
4076-705,PHOR5,1
4076-715,PHOR15,1
4076-805,PHOR5,1
4076-815,PHOR15,1
4076-901,PHOR1,1
4076-905,PHOR5,1
4077-005,PHOR5,1
4077-015,PHOR15,1
4077-105,PHOR5,1
4077-115,PHOR15,1
4077-205,PHOR5,1
4077-305,PHOR1,1
4077-405,PHOR5,1
4077-501,PHOR1,1
4077-505,PHOR5,1
4077-515,PHOR15,1
4077-905,PHOR5,1
4078-015,PHOR15,1
4078-105,PHOR5,1
4078-115,PHOR15,1
4078-205,PHOR5,1
4078-305,PHOR5,1
4078-415,PHOR15,1
4078-501,PHOR1,1
4078-505,PHOR5,1
4078-515,PHOR15,1
4078-615,PHOR15,1
4078-715,PHOR15,1
4078-815,PHOR15,1
4079-005,PHOR5,1
4079-105,PHOR5,1
4079-115,PHOR15,1
4079-305,PHOR5,1
4079-405,PHOR5,1
4079-406,PHOR5,1
4079-501,PHOR1,1
4079-505,PHOR5,1
4079-515,PHOR15,1
4079-615,PHOR15,1
4079-715,PHOR15,1
4079-805,PHOR15,1
4079-815,PHOR15,1
4079-905,PHOR5,1
408-007BS,BRASS2,1
408-010BS,BRASS2,1
408-011,PVCFIT,1
408-012BS,BRASS2,1
408-013,FITTING,1
408-014,FITTING,1
408-015BS,BRASS2,1
408-020BS,BRASS2,1
408-025BS,BRASS2,1
4080-305,PHOR5,1
408-030BS,BRASS2,1
4080-401,PHOR1,1
4080-405,PHOR5,1
4080-501,PHOR1,1
4080-505,PHOR5,1
4080-515,PHOR15,1
4080-516,PHOR15,1
4080-615,PHOR15,1
4080-715,PHOR15,1
4081-305,PHOR5,1
4081-415,PHOR15,1
4081-501,PHOR1,1
4081-505,PHOR5,1
4081-515,PHOR15,1
4081-601,PHOR1,1
4081-605,PHOR5,1
4081-701,PHOR1,1
4081-705,PHOR5,1
4081-706,PHOR5,1
4081-805,PHOR5,1
4081-815,PHOR15,1
4081-905,PHOR5,1
4082-001,PHOR1,1
4082-505,PHOR5,1
4084-515,PHOR15,1
4085-201,PHOR1,1
4085-301,PHOR1,1
4085-401,PHOR1,1
4085-501,PHOR1,1
4085-505,PHOR5,1
4085-506,PHOR5,1
4085-515,PHOR15,1
4085-516,PHOR15,1
4085-601,PHOR1,1
4085-605,PHOR5,1
4085-615,PHOR5,1
4086-001,PHOR1,1
4086-002,PHOR1,1
4086-505,PHOR5,1
4086-515,PHOR15,1
4086-615,PHOR15,1
4086-705,PHOR5,1
4086-715,PHOR15,1
4087-215,PHOR5,1
4087-505,PHOR1,1
4090-015,PHOR15,1
4090-501,PHOR1,1
4090-505,PHOR5,1
4090-515,PHOR15,1
4090-601,PHOR1,1
4091-515,PHOR15,1
4095-501,PHOT1,1
4095-505,PHOT5,1
4095-515,PHOT15,1
4095-605,PHOT5,1
4095-615,PHOT15,1
4095-705,PHOT5,1
4095-715,PHOT15,1
4095-815,PHOT15,1
4095-915,PHOT15,1
4096-501,PHOT1,1
4096-505,PHOT5,1
40-9985,DRAIN,1
40-9986,DRAIN,1
40-9987,DRAIN,1
40-9988,DRAIN,1
40-9989,DRAIN,1
40-9991,DPIPE,1
40-9992,DRAIN,1
40-9993,DRAIN,1
40-9994,DRAIN,1
40-9995,DRAIN,1
40-9996,DRAIN,1
40-9997,DRAIN,1
40-9998,DPIPE,1
40-9998,DRAIN,1
40-9999,DFIT,1
40-9999,DRAIN,1
4100-0003,QUER15,1
41-0001,GC,1
41-0002,GC,1
41-0011,COLOR,1
41-0011,GC,1
41-0105,ACHI5,1
41-0116,GC,1
41-0201,ACHI1,1
41-0204,LINER,1
41-0205,ACHI5,1
41-0304,COLOR,1
41-0304,GC,1
41-0305,ACHI5,1
41-0405,ACHI5,1
41-0505,ACHI5,1
41-0605,ACHI5,1
41-0999,LINER,1
41-1000,GC,1
41-1001,GC,1
41-1002,GC,1
41-1003,GC,1
41-1004,GC,1
41-1005,GC,1
41-1006,GC,1
41-1007,GC,1
41-1008,GC,1
41-1009,GC,1
41-1010,GC,1
41-1011,GC,1
41-1012,GC,1
41-1012,TRAC1,1
41-1013,GC,1
41-1014,GC,1
41-1015,GC,1
41-1016,GC,1
41-1017,GC,1
41-1020,GC,1
41-1021,GC,1
41-1022,GC,1
41-1023,GC,1
41-1024,GC,1
41-1024,HEDE,1
41-1025,GC,1
41-1026,GC,1
41-1040,GC,1
41-1041,GC,1
41-1042,GC,1
41-1059,GC,1
41-1060,GC,1
41-1080,GC,1
41-1090,GC,1
41-1093,GC,1
41-1094,GC,1
41-1095,GC,1
41-1096,GC,1
41-1097,GC,1
41-1098,GC,1
41-1100,GC,1
41-1101,GC,1
41-1102,GC,1
41-1103,GC,1
41-1104,GC,1
41-1105,GC,1
41-1106,GC,1
41-1107,GC,1
41-1108,GC,1
41-1109,GC,1
41-1110,GC,1
41-1111,GC,1
41-1112,GC,1
41-1113,GC,1
41-1114,GC,1
41-1115,GC,1
41-1116,GC,1
41-1117,GC,1
41-1118,GC,1
41-1119,SEDU1,1
41-1120,GC,1
41-1121,GC,1
41-1122,GC,1
41-1123,GC,1
411-123,CITR24,1
41-1124,GC,1
41-1125,GC,1
41-1126,GC,1
41-1127,GC,1
41-1128,PELA,1
41-1129,GC,1
41-1130,SEDU,1
41-1131,GC,1
41-1132,GC,1
41-1133,GC,1
41-1134,GC,1
41-1135,CEAN15,1
41-1136,LINER,1
41-1137,GC,1
41-1140,GC,1
41-1141,GC,1
41-1142,GC,1
41-1143,GC,1
41-1144,GC,1
41-1144,ROSM1,1
41-1151,GC,1
41-1160,GC,1
41-1200,GC,1
41-1201,GC,1
41-1202,ARME5,1
41-1203,GC,1
41-1204,GC,1
41-1205,GC,1
41-1206,GC,1
41-1207,GAZA1,1
41-1210,GC,1
41-1211,GC,1
41-1212,GC,1
41-1213,GC,1
41-1214,GC,1
41-1216,GC,1
41-1218,AC,1
41-1218,COLOR,1
41-1218,GC,1
41-1219,LSBID,1
41-1220,GC,1
41-1225,AMETEK,1
41-1234,GC,1
41-1240,GC,1
41-1241,GC,1
41-1242,GC,1
41-1243,GC,1
41-1244,GC,1
41-1245,GC,1
41-1246,GC,1
41-1247,SENE5,1
41-1248,GC,1
41-1249,GC,1
41-1250,ACHI1,1
41-1251,ACOR1,1
41-1252,GC,1
41-1253,GC,1
41-1254,GC,1
41-1255,GC,1
41-1257,GC,1
41-1258,GC,1
41-1260,GC,1
41-1264,GC,1
41-1265,GC,1
41-1266,ACHI1,1
41-1270,ACHI1,1
41-1271,ACHI1,1
41-1278,GC,1
41-1279,GC,1
41-1280,SOD,1
41-1281,SOD,1
41-1282,SOD,1
41-1283,SOD,1
41-1284,SOD,1
41-1285,SOD,1
41-1286,GC,1
41-1287,SOD,1
41-1288,SOD,1
41-1289,SOD,1
41-1290,SOD,1
41-1291,SOD,1
41-1292,LINER,1
41-1292,SOD,1
41-1293,SOD,1
41-1294,SOD,1
41-1295,SOD,1
41-1296,SOD,1
41-1297,SOD,1
41-1297,TURF,1
41-1298,TURF,1
41-1299,SOD,1
41-1300,SOD,1
41-1301,SOD,1
41-1302,SOD,1
41-1303,SOD,1
41-1304,SOD,1
41-1305,SOD,1
41-1320,SOD,1
41-1321,GC,1
41-1321,SOD,1
41-1322,LSBID,1
41-1322,TURF,1
41-1340,SOD,1
41-1341,SOD,1
41-1360,SOD,1
41-1370,SOD,1
41-1371,SOD,1
41-1380,SOD,1
41-1381,SOD,1
41-1390,SOD,1
41-1391,SOD,1
41-1392,SOD,1
41-1393,SOD,1
41-1394,SOD,1
41-1395,SOD,1
41-1420,CHEM,1
41-1420,LSSTOCK,1
41-1420,SPRAY,1
41-1440,CHEM,1
41-1440,LSSTOCK,1
41-1440,SPRAY,1
41-1460,CHEM,1
41-1460,LSSTOCK,1
41-1460,SPRAY,1
41-1480,CHEM,1
41-1480,LSSTOCK,1
41-1480,SPRAY,1
41-1500,CHEM,1
41-1500,LSSTOCK,1
41-1500,SPRAY,1
41-1501,IRRSTOCK,1
41-1520,CHEM,1
41-1520,LSSTOCK,1
41-1520,SPRAY,1
41-1601,GAZA1,1
41-1604,GC,1
41-1611,GAZA1,1
41-1701,ACHI1,1
41-1801,ACHI1,1
4119-001,SEDU,1
4119-001,SEDU1,1
4119-004,GC,1
4119-006,COLOR,1
4119-006,SEDU1,1
41-1901,ACHI1,1
4119-101,SEDU1,1
4119-104,AC,1
4119-104,COLOR,1
4119-104,GC,1
4119-105,SEDU,1
4119-106,SEDU,1
41-1911,ACHI1,1
4119-111,SEDU1,1
4119-201,SEDU1,1
4119-204,GC,1
4119-205,SEDU,1
41-1921,ACHI1,1
4119-301,SEDU1,1
4119-305,SEDU,1
41-1931,ACHI1,1
4119-401,SEDU1,1
4119-405,SEDU,1
4119-406,SEDU,1
41-1941,ACHI1,1
4119-501,SEDU1,1
41-1951,ACHI1,1
4119-601,SEDU1,1
4119-701,SEDU1,1
4119-705,SEDU5,1
4119-801,SEDU1,1
4119-901,SEDU1,1
41-2000,LSBID,1
4120-001,SEDU1,1
41-2001,DUCH1,1
41-2005,SEDU5,1
412-007BS,BRASS2,1
4120-101,SEDU1,1
412-010BS,BRASS2,1
4120-124,PHOE,1
4120-124,PHOE24,1
4120-136,PHOE,1
4120-201,SEDU1,1
4120-301,SEDU1,1
4120-401,SEDU1,1
4120-501,SEDU1,1
41-2101,GC,1
41-2105,LSBID,1
41-2109,GC,1
41-2110,GC,1
41-2111,SEDU,1
41-2112,GC,1
41-2113,SEDU1,1
41-2116,GC,1
41-2201,SEDU1,1
41-2206,SEDU1,1
41-2211,SEDU1,1
41-2212,GC,1
41-2220,GC,1
41-2221,GC,1
41-2222,GC,1
41-2223,GC,1
41-2224,GC,1
41-2231,SEDU1,1
41-2241,SEDU1,1
41-2251,SEDU1,1
41-2258,SEDU1,1
41-2261,SEDU1,1
41-2271,SEDU1,1
41-2345,GC,1
41-2346,GC,1
4125-205,PHOE,1
4125-205,PHOE5,1
4126-115,PHOE,1
4126-124,PHOE,1
4126-124,PHOE24,1
4126-136,PHOE,1
4126-136,PHOE36,1
4126-148,PHOE,1
4126-148,PHOE48,1
4126-260,PHOE,1
4126-272,PHOE,1
4126-336,PHOE36,1
4126-372,PHOE,1
4128-105,PHOE,1
4128-105,PHOE5,1
4128-115,PHOE,1
4128-124,PHOE,1
4128-124,PHOE24,1
4128-130,PHOE36,1
4128-136,PHOE,1
4128-136,PHOE36,1
4128-215,PHOE,1
4128-224,PHOE,1
4128-224,PHOE24,1
4128-236,PHOE,1
4128-236,PHOE36,1
4128-248,PHOE,1
4128-248,PHOE48,1
4128-324,PHOE24,1
4128-336,PHOE36,1
4128-424,PHOE24,1
4129-124,PHOE,1
4129-124,PHOE24,1
4170-115,PHOT15,1
4170-124,PHOT24,1
4170-215,PHOT15,1
4170-315,PHOT15,1
4170-324,PHOT24,1
4171-124,PHOT24,1
4176-315,PHOR15,1
4176-415,PHOR15,1
4176-515,PHOR15,1
4178-515,PHOR15,1
4178-615,PHOR15,1
4178-715,PHOR15,1
4178-815,PHOR15,1
4200-101,PINU1,1
4200-105,PINU5,1
4200-115,PINU15,1
4200-124,PINU24,1
4201-115,PLAT15,1
4201-336,PLAT1,1
4202-001,PLEC1,1
4202-201,PLEC1,1
4202-206,PLEC1,1
4203-001,CALI1,1
4203-555,CAES15,1
4204-101,WEST1,1
4204-505,WEST5,1
4206-130,PINU30,1
4206-136,PINU36,1
4206-148,PINU48,1
4206-172,PINU72,1
4206-224,PINU24,1
4206-236,PINU36,1
4208-105,PINU5,1
4208-115,PINU15,1
4208-124,PINU24,1
4208-130,PINU30,1
4208-136,PINU36,1
4208-148,PINU48,1
4208-160,PINU60,1
4208-172,PINU72,1
4208-224,PINU24,1
4208-248,PINU48,1
4208-501,PINU1,1
4208-515,PINU15,1
42-1000,COLOR,1
42-1001,COLOR,1
42-1001,GC,1
42-1002,GC,1
42-1003,COLOR,1
42-1004,COLOR,1
42-1005,COLOR,1
42-1006,COLOR,1
42-1007,GC,1
42-1008,GC,1
42-1009,AC,1
42-1009,COLOR,1
42-1010,GC,1
4210-101,PINU1,1
4210-105,PINU5,1
4210-115,PINU15,1
4210-124,PINU24,1
4210-130,PINU30,1
4210-136,PINU36,1
4210-148,PINU48,1
4210-160,PINU60,1
4210-172,PINU72,1
42-1018,COLOR,1
42-1018,GC,1
42-1019,COLOR,1
42-1019,GC,1
42-1020,COLOR,1
42-1021,LINER,1
42-1022,LINER,1
4210-224,PINU24,1
4210-236,PINU36,1
4210-260,PINU60,1
4210-336,PINU36,1
42-1040,COLOR,1
42-1060,COLOR,1
42-1080,COLOR,1
42-1100,COLOR,1
42-1110,GC,1
42-1120,COLOR,1
42-1140,COLOR,1
42-1160,COLOR,1
42-1180,COLOR,1
42-1200,COLOR,1
4212-105,PINU5,1
4212-106,PINU1,1
4212-115,PINU15,1
4212-124,PINU24,1
4212-130,PINU30,1
4212-136,PINU36,1
4212-148,PINU48,1
42-1215,GC,1
42-1216,GC,1
4212-160,PINU60,1
42-1220,COLOR,1
4212-36L,PINU36,1
42-1240,COLOR,1
42-1241,COLOR,1
42-1242,AC,1
42-1260,COLOR,1
42-1280,COLOR,1
42-1284,"4"" POT",1
42-1300,COLOR,1
42-1304,"4"" POT",1
42-1320,COLOR,1
42-1340,COLOR,1
42-1340,GC,1
42-1360,COLOR,1
42-1360,GC,1
42-1380,COLOR,1
42-1380,GC,1
42-1381,GC,1
42-1381,VINCA,1
42-1382,GC,1
42-1400,COLOR,1
4214-105,PINU5,1
4214-115,PINU15,1
4214-124,PINU24,1
4214-136,PINU36,1
4214-148,PINU48,1
4214-160,PINU60,1
4214-172,PINU72,1
42-1420,AC,1
42-1420,COLOR,1
4214-224,PINU24,1
4214-236,PINU36,1
4214-36L,PINU36,1
42-1440,COLOR,1
42-1450,COLOR,1
42-1460,AC,1
42-1460,COLOR,1
4215-101,PINU1,1
4215-105,PINU5,1
4215-115,PINU15,1
4215-124,PINU24,1
4215-136,PINU36,1
4218-105,PINU5,1
4218-115,PINU15,1
4218-124,PINU24,1
4218-136,PINU36,1
4220-101,PINU1,1
4220-105,PINU5,1
4220-115,PINU15,1
4220-124,PINU24,1
4220-136,PINU36,1
4220-148,PINU48,1
4220-160,PINU60,1
4220-236,PINU36,1
4220-324,PINU24,1
4220-424,PINU24,1
4222-105,PINU5,1
4222-115,PINU15,1
4222-124,PINU24,1
4222-136,PINU36,1
4222-224,PINU24,1
4228-115,RHAP36,1
4228-236,RHAP36,1
4229-105,RHAP5,1
4229-115,RHAP15,1
4229-215,RHAP15,1
4235-705,ABUT5,1
4239-505,ROSA5,1
4240-115,PIST15,1
4240-124,PIST24,1
4240-136,PIST36,1
4240-160,PIST60,1
4240-215,PIST15,1
4240-224,PIST24,1
4240-236,PIST36,1
4240-260,PIST60,1
4240-324,PIST24,1
4240-336,PIST36,1
4240-436,PIST36,1
4240-736,PIST36,1
4242-005,PITT5,1
4246-001,TYPH1,1
4246-101,TYPH1,1
4250-115,PITT15,1
4250-215,PITT15,1
4250-501,PITT1,1
4250-505,PITT5,1
4250-515,PITT15,1
4250-524,PITT24,1
4250-601,PITT5,1
4250-701,PITT1,1
4250-801,PITT5,1
4251-401,PITT1,1
4251-505,PITT5,1
4252-515,PITT15,1
4254-501,PITT1,1
4254-505,PITT5,1
4254-515,PITT15,1
4256-405,PITT5,1
4256-501,PITT1,1
4256-505,PITT5,1
4256-515,PITT15,1
4256-605,PITT5,1
4256-615,PITT15,1
4256-705,PITT5,1
4257-005,PITT5,1
4257-105,PITT5,1
4257-501,PITT1,1
4257-505,PITT5,1
4257-605,PITT15,1
4258-101,PITT1,1
4258-105,PITT5,1
4258-115,PITT15,1
4258-124,PITT24,1
4258-136,PITT36,1
4258-148,PITT48,1
4258-201,PITT1,1
4258-205,PITT5,1
4258-215,PITT15,1
4258-224,PITT24,1
4258-248,PITT48,1
4258-301,PENN1,1
4258-305,PENN5,1
4258-315,PITT15,1
4258-324,PITT24,1
4258-336,PITT36,1
4258-401,PITT1,1
4258-405,PENN1,1
4258-415,YUCC15,1
4258-500,PENS5,1
4258-505,PENS5,1
4258-515,YUCC15,1
4258-605,PITT5,1
4258-615,YUCC15,1
4258-715,YUCC15,1
4258-805,PENN5,1
4258-815,YUCC15,1
4259-005,PITT5,1
4259-015,YUCC15,1
4259-024,YUCC24,1
4259-025,YUCC15,1
4259-048,YUCC48,1
4259-105,YUCC5,1
4259-115,YUCC15,1
4259-124,YUCC24,1
4259-136,YUCC36,1
4259-148,YUCC48,1
4259-215,YUCC15,1
4259-224,YUCC24,1
4259-225,YUCC15,1
4259-236,YUCC36,1
4259-305,YUCC5,1
4259-315,YUCC15,1
4259-324,YUCC24,1
4259-405,YUCC5,1
4259-415,PITT15,1
4259-424,PITT24,1
4259-436,YUCC36,1
4259-505,PITT5,1
4259-506,PITT1,1
4259-508,YUCC5,1
4259-515,PITT15,1
4259-524,PITT24,1
4259-536,PITT36,1
4259-615,YUCC5,1
4259-624,YUCC24,1
4259-625,YUCC15,1
4259-715,PITT15,1
4259-716,PITT15,1
4259-724,PITT24,1
4259-725,PITT24,1
4259-736,PITT36,1
4259-815,YUCC15,1
4259-824,PITT24,1
4259-915,YUCC15,1
4259-924,PITT24,1
4260-015,PITT15,1
4260-115,PITT15,1
4260-505,PITT5,1
4261-001,PITT1,1
4261-505,PITT5,1
4261-605,PITT5,1
4261-615,PITT15,1
4261-705,PITT5,1
4261-715,PITT15,1
4261-805,PITT5,1
4261-905,PITT5,1
4262-015,YUCC15,1
4262-555,CORE1,1
4285-305,PITT5,1
4291-601,SALV1,1
4299-315,RHAP15,1
4300-048,PLAT48,1
4300-101,PLAT1,1
4300-105,PLAT5,1
4300-115,PLAT15,1
4300-124,PLAT24,1
4300-136,PLAT36,1
4300-148,PLAT48,1
4300-184,PLAT84,1
4300-196,PLAT96,1
4300-215,PLAT15,1
4300-224,PLAT24,1
4300-236,PLAT36,1
4300-324,PLAT24,1
4300-336,PLAT36,1
4300-348,PLAT48,1
4300-424,PLAT24,1
4300-436,PLAT36,1
4300-448,PLAT48,1
4300-460,PLAT60,1
4300-536,PLAT36,1
4300-548,PLAT48,1
4300-636,PLAT36,1
4301-124,AESC24,1
4301-136,AESC36,1
4301-224,AESC24,1
4302-101,JUGL,1
4302-115,JUGL,1
4302-115,JUGL1,1
4302-148,JUGL,1
4302-160,JUGL60,1
4304-000,GC,1
4304-000,LINER,1
4304-001,JUNC1,1
4304-005,JUNC5,1
4304-015,JUNC15,1
4304-101,JUNC1,1
4304-105,JUNC5,1
4304-115,JUGL,1
4304-136,JUGL36,1
4304-200,PLUG,1
4304-201,JUNC1,1
4304-204,COLOR,1
4304-301,JUNC1,1
4304-401,JUNC1,1
4304-501,JUNC1,1
4304-505,JUNC5,1
4304-601,JUNC1,1
4304-605,JUNC5,1
4304-615,JUNC15,1
4304-701,JUNC1,1
4304-705,JUNC5,1
4304-805,JUNC5,1
4304-905,JUNC5,1
4306-101,PLAT1,1
4306-105,PLAT5,1
4306-115,PLAT15,1
4306-124,PLAT24,1
4306-130,PLAT30,1
4306-136,PLAT36,1
4306-148,PLAT48,1
4306-160,PLAT60,1
4306-224,PLAT24,1
4306-236,PLAT36,1
4306-242,PLAT42,1
4306-248,PLAT48,1
4306-260,PLAT60,1
4306-324,PLAT24,1
4306-336,PLAT36,1
4306-348,PLAT48,1
4306-360,PLAT60,1
4306-424,PLAT24,1
4306-436,PLAT36,1
4306-448,PLAT48,1
4306-460,PLAT60,1
4306-536,PLAT36,1
4306-548,PLAT48,1
4306-560,PLAT60,1
4306-572,PLAT1,1
4306-648,PLAT48,1
4306-660,PLAT60,1
4308-101,PLAT1,1
4308-105,PLAT5,1
4308-115,PLAT15,1
4308-124,PLAT24,1
4308-136,PLAT36,1
4308-148,PLAT48,1
4308-160,PLAT60,1
4308-174,PLAT72,1
4308-201,PLAT1,1
4308-205,PLAT5,1
4308-206,PLAT36,1
4308-215,PLAT15,1
4308-224,PLAT24,1
4308-230,PLAT30,1
4308-236,PLAT36,1
4308-242,PLAT42,1
4308-248,PLAT48,1
4308-260,PLAT60,1
4308-272,PLAT72,1
4308-315,PLAT15,1
4308-324,PLAT24,1
4308-348,PLAT48,1
4308-372,PLAT72,1
4308-415,PLAT15,1
4308-424,PLAT24,1
4308-448,PLAT48,1
4308-524,PLAT24,1
4308-724,PLAT24,1
4308-736,PLAT36,1
4308-836,PLAT36,1
4309-160,PLAT60,1
4309-260,PLAT60,1
4310-115,PLAT15,1
4310-124,PLAT24,1
4310-324,PLAT24,1
4311-115,PSID15,1
4311-148,PSID48,1
4311-215,PSID15,1
4311-224,PSUD24,1
4315-148,QUER48,1
4315-160,QUER60,1
4315-248,QUER48,1
4315-260,QUER60,1
4315-336,QUER36,1
4315-348,QUER48,1
4315-438,QUER48,1
4321-517,ABUT5,1
4325-515,ABUT15,1
4325-516,ABUT5,1
4325-517,ABUT15,1
4328-115,BAMB15,1
4328-201,BAMB,1
4328-215,BAMB15,1
4328-315,BAMB15,1
4350-501,PLUM1,1
4350-505,PLUM5,1
4350-515,PLUM15,1
4350-601,PLUM1,1
4350-605,PLUM5,1
4350-615,PLUM15,1
4350-701,PLUM1,1
4350-705,PLUM5,1
4350-805,PLUM5,1
4350-905,PLUM5,1
4358-505,PUNI5,1
4358-515,PUNI15,1
4358-524,CITR24,1
4358-524,PUNI24,1
4358-624,CITR24,1
4358-624,PUNI24,1
4358-724,CITR24,1
4358-724,PUNI24,1
4358-824,CITR24,1
4358-824,PUNI24,1
4360-124,PLUM24,1
4360-505,PLUM5,1
4360-515,PLUM15,1
4365-005,POA5,1
4365-101,POA1,1
4370-005,RHAP5,1
4370-105,PODO5,1
4370-115,PODO15,1
4370-124,PODO24,1
4370-136,PODO36,1
4370-148,PODO48,1
4370-149,PODO36,1
4370-172,PODO72,1
4370-205,PODO5,1
4370-215,PODO15,1
4370-224,PODO24,1
4370-236,PODO36,1
4370-248,PODO48,1
4370-305,PODO5,1
4370-315,PODO15,1
4370-324,PODO24,1
4370-336,PODO36,1
4370-348,PODO48,1
4370-405,PODO5,1
4370-424,PODO24,1
4370-436,PODO36,1
4370-448,PODO48,1
4370-524,PODO24,1
4370-536,PODO36,1
4370-548,PODO48,1
4370-605,PODO5,1
4370-615,PODO15,1
4370-636,PODO36,1
4371-124,PODO24,1
4371-215,PODO15,1
4371-824,PODO24,1
4372-024,PODO24,1
4372-105,PODO5,1
4372-115,PODO15,1
4372-124,PODO24,1
4372-205,PODO5,1
4372-215,PODO15,1
4372-236,PODO36,1
4372-315,PODO15,1
4372-336,PODO36,1
4372-415,PODO15,1
4372-615,PODO15,1
4372-715,PODO15,1
4372-995,PODO5,1
4374-105,PODO5,1
4374-115,PODO15,1
4374-124,PODO24,1
4374-224,PODO24,1
4374-324,PODO24,1
4374-420,PODO24,1
4374-424,PODO24,1
4374-715,PODO15,1
4375-105,PODO5,1
4375-115,PODO15,1
4375-124,PODO24,1
4375-125,PODO24,1
4375-205,PODO5,1
4375-224,PODO24,1
4375-324,PODO24,1
4376-115,PODO15,1
4376-124,PODO24,1
4380-115,POPU15,1
4380-124,POPU24,1
4380-136,POPU48,1
4380-148,POPU48,1
4380-201,POPU1,1
4381-101,POPU1,1
4381-115,POPU15,1
4381-124,POPU24,1
4381-136,POPU24,1
4381-148,POPU48,1
4381-224,POPU24,1
4382-105,PORT5,1
4382-115,PORT15,1
4382-205,PORT5,1
4382-215,PORT15,1
4382-315,PORT15,1
4391-001,NYMP,1
4391-124,NYSA24,1
4391-601,SANT1,1
4400-105,PODO5,1
4400-115,PODO15,1
4405-215,ABUT15,1
44-5823,HAWS,1
44-5824,HAWS,1
44-5825,HAWS,1
44-5827,HAWS,1
44-5828,HAWS,1
44-5829,HAWS,1
4480-048,PRUN48,1
4480-115,PRUN15,1
4480-124,PRUN24,1
4480-136,PRUN36,1
4480-148,PRUN48,1
4480-224,PRUN24,1
4480-324,PRUN24,1
4480-424,PRUN24,1
4481-215,PRUN15,1
4481-705,PRUN5,1
4482-024,PRUN24,1
4482-101,PRUN1,1
4482-105,PRUN5,1
4482-115,PRUN15,1
4482-124,PRUN24,1
4482-136,PRUN36,1
4482-224,PRUN24,1
4482-236,PRUN36,1
4482-315,PRUN15,1
4482-324,PRUN24,1
4482-336,PRUN36,1
4482-436,PRUN36,1
4482-924,PRUN24,1
4483-124,PRUN24,1
4484-024,PRUN24,1
4484-115,PRUN15,1
4484-124,PRUN24,1
4484-136,PRUN36,1
4484-148,PRUN48,1
4484-224,PRUN24,1
4484-236,PRUN36,1
4484-324,PRUN24,1
4484-336,PRUN36,1
4484-424,PRUN24,1
4484-505,PRUN5,1
4484-515,PRUN15,1
4484-524,PRUN24,1
4484-615,PRUN15,1
4484-624,PRUN24,1
4484-724,PRUN24,1
4484-924,PRUN24,1
4485-036,PRUN36,1
4485-115,PRUN15,1
4485-136,MICH36,1
4485-236,MICH36,1
4485-315,MICH15,1
4485-401,PRUN1,1
4485-501,PRUN1,1
4485-505,PRUN5,1
4485-515,PRUN15,1
4485-516,PRUN15,1
4485-517,PRUN15,1
4485-524,PRUN24,1
4485-536,PRUN36,1
4485-624,PRUN24,1
4485-625,PRUN24,1
4485-626,PRUN24,1
4485-636,PRUN36,1
4485-648,PRUN48,1
4486-115,PRUN15,1
4486-124,PRUN24,1
4486-136,PRUN36,1
4486-148,PRUN48,1
4486-336,PRUN36,1
4486-505,PRUN5,1
4486-524,PRUN24,1
4486-536,PRUN36,1
4487-101,PRUN1,1
4487-505,PRUN5,1
4487-515,PRUN15,1
4487-524,PRUN24,1
4487-605,PRUN5,1
4487-615,PRUN15,1
4487-624,PRUN24,1
4487-724,PRUN24,1
4488-505,PRUN5,1
4489-115,PRUN15,1
4489-505,PRUN5,1
4490-105,PRUN5,1
4490-115,PRUN15,1
4490-124,PRUN24,1
4490-215,PRUN15,1
4490-505,PRUN5,1
4492-505,PRUN5,1
4502-005,PYRO15,1
4502-015,PYRO15,1
4504-348,PYRU48,1
45-1330,REWATER,1
45-1331,REWATER,1
45-1332,REWATER,1
45-1333,REWATER,1
4551-111,LOBU5,1
4560-124,PROS24,1
4560-136,PROS36,1
4560-148,PROS48,1
4560-224,PROS24,1
4560-236,PROS36,1
4560-324,PROS24,1
4560-336,PROS36,1
4560-424,PROS24,1
4560-436,PROS36,1
4560-501,PROS15,1
4560-515,PROS15,1
4560-524,PROS24,1
4560-536,PROS36,1
4560-615,PROS15,1
4560-624,PROS24,1
4560-715,PROS15,1
4560-724,PROS24,1
4590-115,PYRU15,1
4590-124,PYRU24,1
4590-130,PYRU30,1
4590-136,PYRU36,1
4590-148,PYRU48,1
4590-236,PYRU36,1
4591-124,PYRU24,1
4591-148,PYRU48,1
4591-224,PYRU24,1
4592-115,PYRU15,1
4592-124,PYRU24,1
4592-136,PYRU36,1
4592-215,PYRU15,1
4592-224,PYRU24,1
4592-315,PYRU15,1
4592-324,PYRU24,1
4592-424,PYRU24,1
4592-636,PYRU36,1
4593-124,PYRU24,1
4594-105,PYRU5,1
4594-115,PYRU15,1
4594-124,PYRU24,1
4594-130,PYRU30,1
4594-136,PYRU36,1
4594-148,PYRU48,1
4594-160,PYRU60,1
4594-205,PYRU5,1
4594-215,PYRU15,1
4594-224,PYRU24,1
4594-236,PYRU36,1
4594-248,PYRU48,1
4594-260,PYRU60,1
4594-315,PYRU15,1
4595-001,PYRA1,1
4595-015,PYRA15,1
4595-405,PYRA5,1
4595-415,PYRA15,1
4595-501,PYRA1,1
4595-505,PYRA5,1
4595-515,PYRA15,1
4595-555,PYRA5,1
4595-601,PYRA1,1
4595-605,PYRA5,1
4595-715,PYRA15,1
4595-801,PYRA1,1
4595-805,PYRA5,1
4595-815,PYRA15,1
4595-901,PYRA1,1
4595-915,PYRA15,1
4596-136,PYRU36,1
4596-236,PRUN36,1
4596-336,PRUN36,1
4596-436,PRUN36,1
4596-505,PYRA5,1
4597-505,PYRA5,1
4598-505,PYRA5,1
4605-405,PENN5,1
46-1000,WIRE,1
46-1010,IRRBID,1
46-1010,WIRE,1
4610-101,QUER1,1
4610-105,QUER5,1
4610-108,QUER120,1
46-1011,IRRBID,1
46-1011,WIRE,1
4610-115,QUER15,1
46-1012,IRRBID,1
46-1012,WIRE,1
4610-120,QUER120,1
4610-124,QUER24,1
4610-136,QUER36,1
4610-148,QUER48,1
4610-149,QUER48,1
4610-160,QUER60,1
4610-161,QUER60,1
4610-184,QUER84,1
4610-215,QUER5,1
4610-236,QUER36,1
4610-248,QUER48,1
4610-260,QUER60,1
4610-272,QUER72,1
4610-273,QUER72,1
4610-274,QUER72,1
4610-284,QUER84,1
4610-324,QUER24,1
4610-336,QUER36,1
4610-348,QUER48,1
4610-360,QUER60,1
4610-372,QUER72,1
4610-384,QUER84,1
4610-415,QUER15,1
4610-448,QUER48,1
4610-460,QUER60,1
4610-615,QUER15,1
4610-715,QUER15,1
4610-724,QUER24,1
4610-736,QUER36,1
4610-748,QUER48,1
4610-760,QUER60,1
4610-805,QUER5,1
4610-815,QUER15,1
4610-824,QUER24,1
4610-848,QUER48,1
4610-915,QUER36,1
4610-924,QUER24,1
4611-105,QUER5,1
4611-115,QUER15,1
4611-215,QUER5,1
4611-501,QUER1,1
4611-515,QUER15,1
4611-815,QUER15,1
4615-024,QUER24,1
4615-101,QUER1,1
4615-105,QUER5,1
4615-115,QUER15,1
4615-124,QUER24,1
4615-136,QUER36,1
4615-205,QUER5,1
4615-224,QUER24,1
4615-236,QUER36,1
4615-324,QUER24,1
4615-424,QUER24,1
4615-524,QUER24,1
4615-624,QUER24,1
4615-724,QUER24,1
4630-036,QUER36,1
4630-101,QUER1,1
4630-105,QUER5,1
4630-115,QUER15,1
4630-124,QUER24,1
4630-136,QUER36,1
4630-138,QUER36,1
4630-148,QUER48,1
4630-172,QUER72,1
4630-236,QUER36,1
4630-248,QUER48,1
4630-272,QUER72,1
4630-336,QUER36,1
4630-348,QUER48,1
4630-372,QUER72,1
4630-436,QUER36,1
4630-472,QUER72,1
4630-536,QUER36,1
4630-636,QUER36,1
4630-660,QUER60,1
4630-736,QUER36,1
4630-760,QUER60,1
4630-836,QUER36,1
4630-848,QUER48,1
4630-860,QUER60,1
4630-936,QUER36,1
4630-948,QUER48,1
4630-960,QUER60,1
4640-501,RHAM1,1
4640-901,RHAM1,1
4641-000,LINER,1
4641-501,RHAM1,1
4641-502,RHAM1,1
4642-000,LINER,1
4642-115,RHAM15,1
4642-215,RHAM15,1
4642-315,RHAM15,1
4642-501,RHAM1,1
4642-505,RHAM5,1
4642-515,RHAM15,1
4642-605,RHAM5,1
4642-615,RHAM15,1
4642-705,RHAM5,1
4643-000,LINER,1
4700-001,RHAP1,1
4700-101,RHAP1,1
4700-105,RHAP5,1
4700-115,RHAP15,1
4700-201,ROSM1,1
4700-301,RHAP1,1
4700-501,RAP1,1
4700-501,RHAP1,1
4700-505,RHAP5,1
4700-515,RHAP15,1
4700-615,RHAP15,1
4701-501,RAP1,1
4701-501,RHAP1,1
4701-505,RHAP5,1
4701-515,RHAP15,1
4701-516,RHAP15,1
4701-517,RHAP15,1
4702-501,RAP1,1
4702-501,RHAP1,1
4702-505,RHAP5,1
4702-515,RHAP15,1
4705-001,RHAP1,1
4705-105,PHOR5,1
4705-205,PHOR5,1
4705-305,PHOR5,1
4705-405,PHOR5,1
4705-501,RAP1,1
4705-501,RHAP1,1
4705-505,RHAP5,1
4705-515,RHAP15,1
4705-605,RHAP5,1
4710-115,QUER15,1
4710-501,RAP1,1
4710-501,RHAP1,1
4710-505,RHAP5,1
4710-515,RHAP15,1
4712-105,RHAP5,1
4712-115,RHAP15,1
4712-305,RHAP5,1
4712-405,RHAP5,1
4712-505,RHAP5,1
4713-505,RHAP5,1
4715-105,RHAP5,1
4715-501,RAP1,1
4715-501,RHAP1,1
4715-505,RHAP5,1
4715-515,RHAP15,1
4720-501,RAP1,1
4720-501,RHAP1,1
4720-505,RHAP5,1
4720-515,RHAP15,1
4721-501,RAP1,1
4721-501,RHAP1,1
4721-505,RHAP5,1
4721-506,RHAP5,1
4721-515,RHAP15,1
4721-615,RHAP15,1
4721-715,RHAP15,1
4730-001,RHAP1,1
4730-115,RHAP15,1
4730-215,RHAP15,1
4730-315,RHAP15,1
4730-501,RAP1,1
4730-501,RHAP1,1
4730-505,RHAP5,1
4730-515,RHAP15,1
4730-605,RHAP5,1
4730-705,RHAP5,1
4730-805,RHAP5,1
4732-501,RAP1,1
4732-501,RHAP1,1
4732-505,RHAP5,1
4732-515,RHAP15,1
4732-605,RHAP5,1
4732-705,RHAP5,1
4732-905,RHAP5,1
4733-505,RHAP5,1
4734-105,RHAP5,1
4734-115,RHAP15,1
4734-124,RHAP24,1
4734-136,RHAP36,1
4734-205,RHAP5,1
4734-215,RHAP15,1
4734-224,RHAP24,1
4734-336,RHAP36,1
4735-001,RHAP1,1
4735-415,RHAP15,1
4735-501,RAP1,1
4735-501,RHAP1,1
4735-505,RHAP5,1
4735-515,RHAP15,1
4747-515,COTY15,1
4777-505,RHAP5,1
4777-605,RHAP5,1
4790-115,RHAP5,1
4790-124,RHAP24,1
4790-136,RHAP36,1
4790-515,RHAP15,1
4791-105,AZAL5,1
4791-501,RHUS1,1
4791-505,RHUS5,1
4791-515,RHUS15,1
4792-005,RHAM5,1
4792-015,RHAM15,1
4792-505,RHAM5,1
4792-605,RHAM5,1
4792-705,RHAM5,1
4799-005,LEUC5,1
4799-105,LEUC5,1
4799-115,LEUC15,1
4799-205,LEUC5,1
4799-305,LEUC5,1
4799-405,LEUC5,1
4799-505,LEUC5,1
4800-001,LEYM1,1
4800-105,LEUC5,1
4800-115,LEUC15,1
4800-201,LEYM1,1
4800-205,LEUC1,1
4800-215,LEUC15,1
4800-301,LEYM1,1
4800-305,LEUC5,1
4800-315,LEUC15,1
4800-401,LEYM1,1
4800-405,COND5,1
4800-415,LEUC15,1
4800-505,COLO5,1
4800-600,CNEO1,1
4800-701,LEYM5,1
4800-705,LEYM5,1
4800-715,LEUC15,1
4801-005,LEUC5,1
4801-015,LEUC15,1
4801-105,LEUC5,1
4801-205,LEUC5,1
4801-215,LEUC15,1
4801-301,LEUC1,1
4801-305,LEUC5,1
4801-315,LEUC15,1
4801-405,LEUC5,1
4801-501,LEUC1,1
4801-502,LEUC1,1
4801-505,LEUC5,1
4801-515,LEUC15,1
4801-601,LEUC1,1
4801-605,LEUC5,1
4801-615,LEUC15,1
4801-701,LEUC1,1
4801-705,LEUC5,1
4801-801,LEUC1,1
4801-805,LEUC5,1
4801-815,LEUC15,1
4801-905,LEUC5,1
4801-915,LEUC15,1
4802-005,LEUC5,1
4802-015,RHUS15,1
4802-101,LEUC1,1
4802-105,LEUC5,1
4802-115,RHUS15,1
4802-124,RHUS24,1
4802-130,RHUS30,1
4802-136,RHUS36,1
4802-148,RHUS48,1
4802-160,RHUS60,1
4802-205,RHUS5,1
4802-215,RHUS15,1
4802-224,RHUS24,1
4802-230,RHUS30,1
4802-236,RHUS36,1
4802-248,RHUS48,1
4802-260,RHUS60,1
4802-305,LEUC5,1
4802-336,RHUS36,1
4802-348,RHUS48,1
4802-436,RHUS36,1
4802-448,RHUS48,1
4802-501,RHUS1,1
4802-505,RHUS5,1
4802-515,RHUS15,1
4802-524,RHUS24,1
4802-536,RHUS36,1
4802-705,LEUC5,1
4802-715,LEUC15,1
4802-805,LEUC5,1
4802-905,LEUC5,1
4810-136,RHUS36,1
4810-501,RHUS1,1
4810-505,RHUS5,1
4810-515,RHUS15,1
481-315,PHOR15,1
4815-501,RHUS1,1
4815-505,RHUS5,1
4815-515,RHUS15,1
4815-601,RHUS1,1
4816-015,RIBE15,1
4816-105,RIBE5,1
4816-205,RIBE5,1
4816-305,RIBE5,1
4816-501,RIBE1,1
4816-505,RIBE5,1
4816-601,RIBE5,1
4816-605,RIBE5,1
4816-705,RIBE5,1
4816-901,RIBE1,1
4817-501,RIBE1,1
4819-005,PYRA5,1
4820-148,ROBI,1
4820-148,ROBI48,1
4820-505,ROBI,1
4820-515,ROBI,1
4820-515,ROBI15,1
4820-524,ROBI,1
4820-524,ROBI24,1
4820-615,ROBI15,1
4820-815,ROSA15,1
4821-001,ROSA1,1
4821-015,ROSA15,1
4821-101,ROSA1,1
4821-105,ROSA5,1
4821-115,ROBI,1
4821-115,ROBI15,1
4821-124,ROBI,1
4821-124,ROBI24,1
4821-136,ROBI,1
4821-205,ROSA5,1
4821-215,ROSA15,1
4821-224,ROBI24,1
4821-301,ROSA1,1
4821-305,ROSA5,1
4821-315,ROSA15,1
4821-401,ROSA1,1
4821-405,ROSA5,1
4821-415,ROSA15,1
4821-501,ROSA1,1
4821-505,ROSA5,1
4821-515,ROSA15,1
4821-601,ROSA1,1
4821-605,ROSA5,1
4821-615,ROSA15,1
4821-705,ROSA5,1
4821-805,ROSA5,1
4821-905,ROSA5,1
4822-101,RORI1,1
4822-501,ROMN,1
4822-505,ROMN,1
4822-601,ROMN,1
4822-615,ROMN15,1
4823-005,ROSA5,1
4823-105,ROSA5,1
4823-505,ROSA5,1
4825-002,ROSA2,1
4825-003,ROSA2,1
4825-004,ROSA5,1
4825-005,ROSA5,1
4825-015,ROSA15,1
4825-101,ROSA1,1
4825-102,ROSA2,1
4825-103,ROSA2,1
4825-105,ROSA5,1
4825-1115,ROSA15,1
4825-201,ROSA1,1
4825-202,ROSA2,1
4825-203,ROSA5,1
4825-205,ROSA5,1
4825-215,ROSA15,1
4825-302,ROSA2,1
4825-305,ROSA5,1
4825-315,ROSA15,1
4825-401,ROSA1,1
4825-402,ROSA2,1
4825-405,ROSA5,1
4825-406,ROSA5,1
4825-407,SENE5,1
4825-415,ROSA15,1
4825-501,ROSA1,1
4825-502,ROSA2,1
4825-505,ROSA5,1
4825-515,ROSA15,1
4825-555,ROSA1,1
4825-601,ROSA1,1
4825-602,ROSA2,1
4825-605,ROSA5,1
4825-6115,ROSA15,1
4825-615,ROSA15,1
4825-625,ROSA15,1
4825-702,ROSA2,1
4825-705,ROSA5,1
4825-706,ROSA5,1
4825-715,ROSA15,1
4825-725,ROSA24,1
4825-805,ROSA5,1
4825-815,ROSA15,1
4825-825,ROSA15,1
4825-905,ROSA5,1
4825-912,ROSA5,1
4825-915,ROSA15,1
4826-005,ROSA5,1
4826-015,ROSA5,1
4826-101,ROSA1,1
4826-105,ROSA5,1
4826-115,ROSA15,1
4826-116,ROSA1,1
4826-117,ROSA1,1
4826-118,ROSA1,1
4826-157,ROSA5,1
4826-158,ROSA5,1
4826-201,ROSA1,1
4826-205,ROSA5,1
4826-215,ROSA15,1
4826-2215,ROSA15,1
4826-301,ROSA1,1
4826-305,ROSA5,1
4826-315,ROSA15,1
4826-405,ROSA5,1
4826-415,ROSA15,1
4826-416,ROSA15,1
4826-505,ROSA5,1
4826-515,ROSA15,1
4826-535,ROSA15,1
4826-536,ROSA5,1
4826-555,ROSA5,1
4826-601,ROSA1,1
4826-605,ROSA5,1
4826-615,ROSA15,1
4826-701,ROSA1,1
4826-705,ROSA5,1
4826-715,ROSA15,1
4826-801,ROSA5,1
4826-805,ROSA5,1
4826-815,ROSA15,1
4826-901,ROSA1,1
4826-905,ROSA5,1
4826-915,ROSA15,1
4827-001,ROSA1,1
4827-005,ROSA5,1
4827-015,ROSA15,1
4827-101,ROSA1,1
4827-105,ROSA5,1
4827-115,ROSA15,1
4827-205,ROSA5,1
4827-215,ROSA15,1
4827-305,ROSA5,1
4827-315,ROSA15,1
4827-405,ROSA5,1
4827-415,ROSA15,1
4827-505,ROSA5,1
4827-515,ROSA15,1
4827-605,ROSA5,1
4827-615,ROSA15,1
4827-705,ROSA5,1
4827-715,ROSA15,1
4827-805,ROSA5,1
4827-815,ROSA15,1
4827-905,ROSA5,1
4827-915,ROSA15,1
4828-005,ROSA15,1
4828-015,ROSA15,1
4828-105,ROSA15,1
4828-115,ROSA15,1
4828-205,ROSA15,1
4828-215,ROSA15,1
4828-315,ROSA15,1
4828-405,ROSA5,1
4828-415,ROSA15,1
4828-505,ROSA5,1
4828-515,ROSA15,1
4828-615,ROSA15,1
4828-715,ROSA15,1
4828-815,ROSA15,1
4828-905,ROSA5,1
4828-915,ROSA15,1
4829-005,SENE5,1
4829-015,ROSA15,1
4829-105,SENE5,1
4829-115,ROSA5,1
4829-204,SENE1,1
4829-205,SENE5,1
4829-212,SENE1,1
4829-215,ROSA15,1
4829-305,ROSA5,1
4829-306,SENE1,1
4829-315,ROSA15,1
4829-405,SENE5,1
4829-415,ROSA15,1
4829-505,SENE5,1
4829-515,ROSA15,1
4829-601,RUSS1,1
4829-605,RUSS5,1
4829-705,SENE5,1
4829-801,RUDB1,1
4829-805,SENE5,1
4830-405,ROSA5,1
4842-001,ROSA2,1
4842-002,ROSA2,1
4849-905,ROSA5,1
4850-136,SAMB36,1
4850-501,SAMB1,1
4850-515,SAMB5,1
4850-705,SAMB5,1
4871-501,RIBE1,1
4872-000,LINER,1
4872-005,RIBE5,1
4872-501,RIBE1,1
4872-505,RIBE5,1
4872-515,RIBE15,1
4872-615,RIBE15,1
4872-715,RIBE15,1
4900-001,ROSA1,1
4900-005,ROSA5,1
4900-011,ROSA1,1
4900-015,ROSA15,1
4900-101,ROSA2,1
4900-105,ROSA5,1
4900-105,ROSE5,1
4900-115,ROSA15,1
4900-305,ROSA5,1
4900-306,ROSA5,1
4900-405,ROSA5,1
4900-415,ROSA15,1
4900-505,ROSE,1
4900-505,ROSE5,1
4900-515,ROSA15,1
4900-605,ROSA5,1
4900-615,ROSA15,1
4900-625,ROSA5,1
4900-705,ROSA5,1
4900-715,ROSA15,1
4900-805,ROSA5,1
4900-815,ROSA15,1
4900-905,ROSA5,1
4900-915,ROSA15,1
4901-005,ROSA5,1
4901-105,ROSA5,1
4901-202,ROSA2,1
4901-205,ROSA5,1
4901-302,ROSA2,1
4901-305,ROSA5,1
4901-402,ROSA2,1
4901-405,ROSA5,1
4901-505,ROSA5,1
4901-801,ROSM1,1
4902-000,LINER,1
4902-101,CLER1,1
4902-112,SALV1,1
4902-113,COPR1,1
4902-201,SALV1,1
4902-602,SALV1,1
4902-701,SALV1,1
4902-801,SALV1,1
4904-415,ROSA15,1
4904-501,ROSE,1
4904-505,ROSE,1
4904-505,ROSE5,1
4904-515,ROSA15,1
4904-615,ROSA15,1
4904-715,ROSA15,1
4905-001,ROSM1,1
4905-005,ROSM5,1
4905-015,ROSM15,1
4905-100,LINER,1
4905-101,ROSM1,1
4905-104,GC,1
4905-104,LINER,1
4905-105,ROSM5,1
4905-1115,ROSM15,1
4905-115,ROSM15,1
4905-201,ROSM1,1
4905-204,LINER,1
4905-205,ROSM5,1
4905-305,ROSM5,1
4905-401,ROSM1,1
4905-405,ROSM5,1
4905-415,ROSM15,1
4905-501,ROSM1,1
4905-503,ROSM1,1
4905-505,ROSM5,1
4905-506,ROSM5,1
4905-515,ROSM15,1
4905-601,ROSM1,1
4905-605,ROSM5,1
4905-615,ROSM15,1
4905-701,ROSM1,1
4905-705,ROSM5,1
4905-715,ROSM15,1
4905-801,ROSM1,1
4905-805,ROSM5,1
4905-815,ROSM15,1
4905-905,ROSM5,1
4905-915,ROSM15,1
4906-005,ROSM5,1
4906-101,ROSM1,1
4906-105,ROSM5,1
4906-115,SALI1,1
4906-501,SALI1,1
4906-505,SALI5,1
4906-601,SALI1,1
4906-605,ROSM15,1
4906-615,SALI5,1
4906-701,SALI1,1
4907-001,ROSM1,1
4907-105,ROSM5,1
4907-205,ROSM5,1
4907-305,ROSM5,1
4907-315,ROSM15,1
4907-405,ROSM5,1
4907-415,ROSM15,1
4907-501,ROSM1,1
4907-505,SALI5,1
4907-601,ROSM1,1
4907-705,SALI5,1
4908-501,ROSM1,1
4908-505,SALI5,1
4920-004,GC,1
4920-005,SALV5,1
4920-101,SALV1,1
4920-105,SALV5,1
4920-111,SALV1,1
4920-201,SALV1,1
4920-205,SALV5,1
4920-301,SALV1,1
4920-302,SALV5,1
4920-305,SALV5,1
4920-401,SALV1,1
4920-4012,SESL1,1
4920-4014,SESL1,1
4920-404,GC,1
4920-405,SALV5,1
4920-4101,SESL1,1
4920-4105,SESL5,1
4920-4201,SESL,1
4920-4205,SESL5,1
4920-424,GC,1
4920-501,SALV1,1
4920-502,SALV1,1
4920-505,SALV5,1
4920-515,SALV5,1
4920-601,SALV1,1
4920-605,SALV5,1
4920-701,SALV1,1
4920-705,SALV5,1
4920-801,SALV1,1
4920-805,SALV1,1
4920-901,SALV1,1
4920-905,SALV5,1
4921-001,SALV1,1
4921-005,SALV5,1
4921-105,SALV5,1
4921-115,SALV15,1
4921-205,SALV5,1
4921-215,SALV15,1
4921-305,SALV5,1
4921-315,SALV15,1
4921-405,SALV5,1
4921-415,SALV15,1
4921-501,SALV1,1
4921-505,SALV5,1
4921-515,SALV15,1
4921-601,SALV1,1
4921-605,SALV5,1
4921-615,SALV15,1
4921-701,SALV5,1
4921-705,SALV5,1
4921-715,SALV15,1
4921-805,SALV5,1
4921-815,SALV15,1
4921-905,SALV5,1
4922-005,SALV5,1
4922-105,CYTI5,1
4922-1115,CYPE5,1
4922-115,CYTI15,1
4922-205,SALV5,1
4922-305,SALV5,1
4922-405,SALV5,1
4922-505,SALV5,1
4922-605,SALV5,1
4923-004,COLOR,1
4923-004,GC,1
4923-004,LINER,1
4923-101,STIP1,1
4923-201,STIP1,1
4923-305,SALV5,1
4924-004,GC,1
4925-101,SALV1,1
4925-115,ROSA15,1
4925-305,SALV5,1
4925-401,SALV1,1
4925-405,SALV5,1
4925-501,SALV1,1
4925-505,SALV5,1
4925-601,SALV1,1
4925-605,SALV5,1
4925-611,SALV1,1
4925-615,YUCC15,1
4925-701,SALV1,1
4925-705,SALV5,1
4925-801,SALV1,1
4925-805,SALV5,1
4925-901,SALV1,1
4925-905,SALV5,1
4926-501,LINER,1
4926-505,SALV5,1
4927-315,SALV15,1
4927-415,SALV15,1
4927-501,SALV1,1
4927-515,SALV15,1
4927-601,SALV1,1
4927-611,SALV1,1
4927-615,SALV15,1
4927-701,SALV1,1
4927-715,SALV15,1
4927-801,SALV1,1
4927-815,SALV15,1
4927-901,SALV1,1
4927-915,SALV15,1
4928-005,SALV5,1
4928-105,SALV5,1
4928-205,SALV5,1
4928-305,SALV5,1
4928-405,SALV5,1
4928-501,SALV1,1
4928-505,SALV5,1
4928-515,SALV15,1
4928-601,SALV1,1
4928-605,SALV5,1
4928-701,SALV1,1
4928-705,SALV5,1
4928-805,SALV5,1
4928-905,SALV5,1
4929-005,SALV5,1
4929-105,SANS5,1
4929-205,SANS5,1
4929-305,SANS5,1
4929-405,SANS5,1
4929-505,SANS5,1
4929-605,SANS5,1
4929-705,SANS5,1
4930-001,SANT1,1
4930-005,SANT5,1
4930-101,SANT1,1
4930-201,SANS1,1
4930-301,SANT1,1
4930-501,SANT1,1
4930-505,SANT5,1
4931-100,GC,1
4931-101,GC,1
4931-501,SANT1,1
4931-505,SANT5,1
4935-505,SARO5,1
4935-515,SARO5,1
4935-605,SARO5,1
4936-002,GC,1
4936-003,GC,1
4936-505,SCAE5,1
4936-605,SCAE5,1
4940-115,SCHE15,1
4940-136,SCHE15,1
4940-215,SCHE15,1
4940-315,SCHE15,1
4940-505,SCAE5,1
4940-515,SCHE15,1
4941-515,SCHE15,1
4949-001,THYM1,1
4949-101,THYM1,1
4949-105,THYM5,1
4949-201,THYM1,1
4949-204,GC,1
4949-205,THYM5,1
4949-301,THYM1,1
4949-401,THYM1,1
4949-501,THYM1,1
4949-502,THYM5,1
4949-601,THYM1,1
498-007BS,BRASS2,1
498-007BS,UNION,1
4980-101,RANU1,1
498-010BS,BRASS2,1
498-010BS,UNION,1
498-012BS,BRASS2,1
498-012BS,UNION,1
498-015BS,BRASS2,1
498-015BS,UNION,1
498-020BS,BRASS2,1
498-020BS,UNION,1
498-025BS,BRASS2,1
498-025BS,UNION,1
498-030BS,BRASS2,1
498-040BS,UNION,1
5000-024,SCHI24,1
5000-101,SCHI5,1
5000-105,SCHI5,1
5000-115,SCHI15,1
5000-124,SCHI24,1
5000-130,SCHI30,1
5000-136,SCHI36,1
5000-137,SCHI36,1
5000-148,SCHI48,1
5000-160,SCHI60,1
5000-172,SCHI72,1
5000-184,SCHI84,1
5000-196,SCHI96,1
5000-205,SCHI5,1
5000-215,SCHI15,1
5000-224,SCHI24,1
5000-230,SCHI30,1
5000-236,SCHI36,1
5000-248,SCHI48,1
5000-260,SCHI60,1
5000-272,SCHI72,1
5000-336,SCHI36,1
5000-348,SCHI48,1
5000-360,SCHI60,1
5000-372,SCHI72,1
5000-436,SCHI36,1
5000-448,SCHI48,1
5000-505,ROSM5,1
5000-536,SCHI36,1
5000-555,PHOR15,1
5000-724,SCHI24,1
5002,5002,1
5002-005,SCHI5,1
500-204,HIT,1
500-206,HIT,1
500-207,HIT,1
500-208,HIT,1
500-209,HIT,1
500-210,HIT,1
5002-105,SCHI5,1
500-211,HIT,1
5002-115,SCHI15,1
5002-124,SCHI24,1
5002-130,SCHI30,1
5002-136,SCHI36,1
5002-148,SCHI48,1
5002-160,SCHI60,1
5002-215,SCHI15,1
5002-224,SCHI24,1
5002-230,SCHI30,1
5002-236,SCHI36,1
5002-248,SCHI48,1
5002-260,SCHI60,1
5002-348,SCHI48,1
5005-115,SEQU15,1
5005-124,SEQU24,1
5005-136,SEQU36,1
5008,PLAY,1
5010-000,JUTE,1
5010-099,JUTE,1
5010-100,JUTE,1
5010-101,JUTE,1
5010-102,JUTE,1
5010-103,JUTE,1
5010-124,SPAT24,1
5010-124,SPAT36,1
5010-136,SPAT36,1
5010-148,SPAT48,1
5010-200,FILTER,1
5010-501,SPOR1,1
5010-905,SPHA5,1
5015-115,SEQU15,1
5015-124,SEQU24,1
5020-115,SEQU15,1
5020-124,SEQU24,1
5020-125,SEQU36,1
5048-115,SEQU15,1
5048-124,SEQU24,1
5048-136,SEQU36,1
5050-004,COLOR,1
5050-004,GC,1
5050-004,SENE1,1
5050-101,SENE1,1
5050-104,GC,1
5050-105,GC,1
5050-110,GC,1
5050-115,SEQU15,1
5050-124,SEQU24,1
5050-136,SEQU36,1
5050-201,SENE1,1
5050-204,GC,1
5050-206,SENE1,1
5050-301,SENE1,1
5050-304,GC,1
5050-401,SENE1,1
5050-4011,SENE1,1
5050-404,GC,1
5050-404,LINER,1
5050-406,SENE1,1
5050-501,SENE1,1
5050-502,SENE1,1
5050-504,GC,1
5050-504,LINER,1
5050-506,COLOR,1
5050-506,SENE1,1
5050-601,SENE1,1
5050-604,"4"" POT",1
5050-701,SENE1,1
5050-706,SENE1,1
5050-801,SENE1,1
5050-804,COLOR,1
5050-804,GC,1
5050-901,SENE1,1
5050-904,COLOR,1
5050-904,GC,1
5051-001,SENE1,1
5051-100,LINER,1
5051-101,SENE1,1
5060-101,SISY1,1
5060-201,LSBID,1
5060-501,SISY1,1
5070-015,SOLA15,1
5070-024,SOLA24,1
5070-205,SOLA1,1
5070-501,SOLA1,1
5070-505,SOLA5,1
5070-515,SOLA15,1
5070-605,SOLA5,1
5072-105,SOLA5,1
5072-415,SOLA15,1
5072-501,SOLA1,1
5072-505,SOLA5,1
5072-515,SOLA15,1
5072-516,SOLA15,1
5072-601,SOLA1,1
5072-605,SOLA5,1
5073-124,SOPH24,1
5073-125,SOPH24,1
5073-224,SOPH24,1
5073-501,SOLA1,1
5073-505,SOLA5,1
5073-515,SOPH15,1
5078-515,SOLA15,1
5090-115,STEN15,1
5090-124,STEN24,1
5090-136,STEN36,1
5100-501,STEP,1
5100-505,STEP,1
5100-515,STEP,1
5100-615,STEP,1
5166-142,STRE42,1
5166-148,STRE48,1
5166-160,STRE60,1
5166-172,STRE72,1
5166-215,STRE15,1
5166-224,STRE24,1
5166-236,STRE36,1
5166-236,STRE42,1
5166-248,STRE48,1
5166-305,STRE5,1
5166-315,STRE15,1
5166-324,STRE24,1
5166-501,STRE1,1
5166-505,STRE5,1
5166-525,STRE15,1
5166-605,STRE5,1
5168-501,STRE1,1
5168-505,STRE5,1
5168-515,STRE15,1
5168-520,STRE15,1
5168-524,STRE24,1
5169-136,METR36,1
5169-148,METR48,1
5169-160,METR60,1
5169-161,METR60,1
5169-236,METR36,1
5169-248,METR48,1
5200-501,SYZY1,1
5200-505,SYZY5,1
5200-515,SYZY15,1
5200-524,SYZY24,1
5200-615,SYZY15,1
5209-002,LINER,1
5209-515,SYRI24,1
5209-524,SYRI24,1
52-0999,LEMEUR,1
52-1000,LEMEUR,1
52-1001,WEATHERMATIC,1
52-1002,WEATHERMATIC,1
52-1003,WEATHERMATIC,1
52-1004,WEATHERMATIC,1
52-1005,WEATHERMATIC,1
52-1006,WEATHERMATIC,1
52-1007,WEATHER,1
52-1007,WEATHERMATIC,1
5210-501,SYZY1,1
5210-505,SYZY5,1
5210-515,SYZY15,1
5210-524,SYZY24,1
5220-115,TABE15,1
5220-124,TABE24,1
5220-136,TABE36,1
5220-148,TABE48,1
5220-215,TABE15,1
5220-224,TABE24,1
5220-225,TABE15,1
5220-236,TABE36,1
5220-248,TABE48,1
5220-336,TABE36,1
5220-348,TABE48,1
5220-436,TABE36,1
5220-515,TABE15,1
5221-124,TABE24,1
5221-224,TABE24,1
5221-324,TABE24,1
5221-336,TABE36,1
522-136,TABE36,1
5221-424,TABE24,1
522-148,TABE48,1
5222-124,TABE24,1
5230-101,TAXU,1
5230-105,TAXU5,1
5230-115,TAXU,1
5230-124,TAXU,1
5230-136,TAXU,1
5230-215,TAXU,1
5231-505,TAGE5,1
5231-605,TAGE5,1
5235-101,TRAD1,1
5235-105,TRAC5,1
5235-115,TRAC15,1
5235-201,TRAD1,1
5235-301,TRAD1,1
5235-401,TRAD1,1
5235-404,GC,1
5235-505,TRAD1,1
5235-505,TRAD5,1
5235-601,TRAD1,1
5235-701,TRAD1,1
5235-801,TRAD1,1
5240-205,TECO5,1
5240-305,TECO5,1
5240-315,TECO15,1
5240-405,TECO5,1
5240-415,TECO15,1
5240-501,TECO1,1
5240-505,TECO5,1
5240-515,TECO15,1
5240-601,TECO1,1
5240-605,TECO5,1
5240-615,TECO15,1
5240-705,TECO5,1
5240-715,TECO15,1
5240-805,TECO5,1
5240-815,TECO15,1
5240-905,TECO5,1
5240-915,TECO15,1
5241-501,TECO1,1
5241-505,TECO5,1
5242-415,TECO15,1
5242-501,TECO1,1
5242-505,TECO5,1
5242-515,TECO15,1
5243-501,TECO1,1
5243-505,TECO5,1
5243-515,TECO15,1
5260-715,WIST15,1
5272-115,THEV15,1
5272-124,THEV24,1
5272-215,THEV15,1
5272-224,THEV24,1
5272-236,THEV24,1
5272-236,THEV36,1
5272-501,THEV1,1
5272-505,THEV5,1
5272-515,THEV15,1
5273-115,THUJ15,1
5273-215,THUJ15,1
5273-315,THUJ15,1
5273-415,THUJ15,1
5273-515,THUJ15,1
5273-805,LSBID,1
5274-015,THUJ15,1
5274-115,THUJ15,1
5280-115,TIBO15,1
5280-160,TILA60,1
5280-405,TIBO5,1
5280-505,TIBO5,1
5280-515,TIBO15,1
5302-115,TIPU15,1
5302-124,TIPU24,1
5302-136,TIPU36,1
5302-148,TIPU48,1
5302-160,TIPU60,1
5302-215,TIPU15,1
5302-224,TIPU24,1
5302-236,TIPU36,1
5302-248,TIPU48,1
5302-260,TIPU60,1
5305-501,TRAC1,1
5305-505,TRAC5,1
5310-501,TRAC1,1
5310-505,TRAC5,1
5314-100,GC,1
5315-301,LINER,1
5315-501,TRAC1,1
5315-505,TRAC5,1
5315-506,COLOR,1
5315-506,TRAC1,1
5315-515,TRAC15,1
5315-601,TRAC1,1
5320-501,TRAC1,1
5320-504,GC,1
5320-505,TRAC5,1
5320-515,TRAC15,1
5321-002,TEUC5,1
5321-005,TEUC5,1
5321-201,ERIC1,1
5321-315,TECO1,1
5321-505,TRIC5,1
5321-551,TEUC1,1
5321-555,TEUC5,1
5321-905,ERIC1,1
5325-517,ABUT5,1
5330-006,GC,1
5330-100,LINER,1
5334-115,TRAC15,1
5334-215,TRAC15,1
5334-224,TRAC15,1
5334-315,TRAC15,1
5338-106,TUCOR,1
5355-124,RHAP24,1
5366-024,TRIS24,1
5366-105,TRIS5,1
5366-115,TRIS15,1
5366-124,TRIS24,1
5366-136,TRIS36,1
5366-236,TRIS36,1
5366-405,TRIS5,1
5366-415,TRIS15,1
5366-424,TRIS24,1
5366-436,TRIS36,1
5366-448,TRIS36,1
5366-515,TRIS15,1
5366-524,TRIS24,1
5366-536,TRIS36,1
5366-615,TRIS15,1
5366-636,TRIS36,1
5366-715,TRIS15,1
5367-015,TRAC15,1
5375-024,THUJ24,1
5375-124,THUJ24,1
5375-524,THEV1,1
5388-101,TUCOR,1
5388-102,TUCOR,1
5388-103,TUCOR,1
5388-104,TUCOR,1
5388-105,TUCOR,1
5388-106,TUCOR,1
5388-107,IRRBID,1
5388-107,TUCOR,1
5388-107,WIRE,1
5388-108,TUCOR,1
5388-109,TUCOR,1
5388-110,TUCOR,1
5389-100,HUNTER,1
5389-100,IRRBID,1
5389-100,RAINBIRD,1
5389-100,RAINMASTER,1
5389-100,TUCOR,1
5389-101,HUNTER,1
5389-101,IRRBID,1
5389-101,RAINBIRD,1
5389-101,RAINMASTER,1
5389-101,TUCOR,1
5389-102,TUCOR,1
5389-103,TUCOR,1
5390-224,TUPI24,1
5390-230,TUPI36,1
5390-236,TUPI36,1
5390-248,TUPI48,1
5390-336,TUPI36,1
5390-436,TUPI36,1
5390-524,TUPI24,1
5390-615,TUPI24,1
5413-515,TUPI36,1
5416-415,ILEX15,1
5420-101,ULMU1,1
5420-105,ULMU5,1
5420-115,ULMU15,1
5420-124,ULMU24,1
5420-130,ULMU30,1
5420-136,ULMU36,1
5420-148,ULMU48,1
5420-172,ULMU72,1
5420-224,ULMU24,1
5420-260,ULMU60,1
5421-124,ULMU24,1
5421-136,ULMU36,1
5425-101,ULMU1,1
5425-105,ULMU5,1
5425-115,ULMU15,1
5425-124,ULMU24,1
5425-136,ULMU36,1
5425-148,ULMU48,1
5425-160,ULMU60,1
5425-224,ULMU24,1
5425-248,ULMU48,1
5432-101,ULMU1,1
5432-105,ULMU5,1
5432-115,ULMU15,1
5432-124,ULMU24,1
5432-130,ULMU30,1
5432-136,ULMU36,1
5432-148,ULMU48,1
5432-160,ULMU60,1
5433-101,VAL MATIC,1
5433-130,VALCON,1
5433-134,VALCON,1
5433-135,VALCON,1
5433-136,VALCON,1
5433-137,VALCON,1
5433-138,VALCON,1
5433-139,VALCON,1
5433-140,VALCON,1
5433-141,VALCON,1
5433-142,VALCON,1
5433-143,VALCON,1
5433-144,VALCON,1
5433-145,VALCON,1
5433-146,VALCON,1
5433-147,VALCON,1
5435-101,IRRBID,1
5435-102,IRRBID,1
5435-103,IRRBID,1
5500-001,VERB1,1
5500-101,VERB1,1
5500-105,VERB5,1
5500-201,VERB1,1
5500-205,VERB5,1
5500-301,VERB1,1
5500-401,VERB1,1
5500-501,VERB1,1
5500-505,VERB5,1
5500-801,VERB1,1
5500-805,VERB5,1
5500-901,VERB1,1
5500-905,VERB5,1
5501-101,VERB1,1
5501-102,VERB1,1
5550-415,VIBU15,1
5550-501,VIBU1,1
5550-505,VIBU5,1
5550-515,VIBU15,1
5550-615,VIBU15,1
5550-715,VIBU15,1
5550-815,VIBU15,1
5551-505,VIBU5,1
5551-515,VIBU15,1
5551-605,VIBU5,1
5551-705,VIBU5,1
5551-805,VIBU5,1
5552-501,VIBU1,1
5552-505,VIBU5,1
5552-515,VIBU15,1
5552-601,VIBU1,1
5553-505,VIBU5,1
5553-515,VIBU15,1
5553-605,VIBU5,1
5553-615,VIBU5,1
5560-501,VIBU1,1
5560-505,VIBU5,1
5560-515,VIBU15,1
5560-615,VIBU15,1
5561-505,VIBU15,1
5561-515,VIBU15,1
5561-715,VIBU15,1
5561-815,VIBU15,1
5570-501,VINC1,1
5570-601,VINC1,1
5572-501,VINC1,1
5572-506,VINC1,1
5573-501,VINCA,1
5580-002,WASH,1
5580-003,WASH,1
5580-004,WASH,1
5580-005,WASH,1
5580-006,WASH,1
5580-008,WASH,1
5580-009,WASH,1
5580-010,WASH,1
5580-012,WASH,1
5580-014,WASH,1
5580-015,WASH,1
5580-016,WASH,1
5580-017,WASH,1
5580-018,WASH,1
5580-020,WASH,1
5580-021,WASH,1
5580-022,WASH,1
5580-024,WASH,1
5580-025,WASH,1
5580-026,WASH,1
5580-028,WASH,1
5580-030,WASH,1
5580-031,PHOE,1
5580-032,PHOE,1
5580-032,PHOEBTH,1
5580-033,PHOE,1
5580-033,PHOEBTH,1
5580-034,PHOE,1
5580-034,PHOEBTH,1
5580-035,PHOE,1
5580-035,PHOEBTH,1
5580-0351,PHOE,1
5580-036,PHOE,1
5580-036,PHOEBTH,1
5580-037,PHOE,1
5580-038,PHOE,1
5580-038,PHOEBTH,1
5580-039,PHOE,1
5580-040,PHOE,1
5580-040,PHOEBTH,1
5580-041,PHOE,1
5580-041,PHOEBTH,1
5580-042,PHOE,1
5580-042,PHOEBTH,1
5580-043,PHOE,1
5580-043,PHOEBTH,1
5580-044,PHOE,1
5580-044,PHOEBTH,1
5580-045,PHOE,1
5580-046,PHOE,1
5580-046,PHOEBTH,1
5580-048,PHOE,1
5580-048,PHOEBTH,1
5580-050,PHOE,1
5580-050,PHOEBTH,1
5580-052,PHOE,1
5580-052,PHOEBTH,1
5580-055,PHOE,1
5580-108,PHOE,1
5580-110,PHOE,1
5580-112,PHOE,1
5580-118,PHOE,1
5580-126,PHOE,1
5580-135,WASH,1
5580-160,PHOE,1
5580-208,PHOE,1
5580-208,PHOE48,1
5580-210,PHOE,1
5580-212,PHOE,1
5580-214,PHOE,1
5580-215,PHOE,1
5580-216,PHOE,1
5580-218,PHOE,1
5580-220,PHOE,1
5580-221,PHOE,1
5580-225,PHOE,1
5580-226,PHOE,1
5580-227,PHOE,1
5580-227,PHOEBTH,1
5580-228,PHOE,1
5580-314,PHOE,1
5580-318,PHOE,1
5580-320,PHOE,1
5580-322,PHOE,1
5580-324,PHOE,1
5580-325,PHOE,1
5580-326,PHOE,1
5580-327,PHOE,1
5580-328,PHOE,1
5580-329,PHOE,1
5580-330,PHOE,1
5580-331,PHOE,1
5580-M12,WASH,1
5581-114,WASH,1
5598-001,MOLI5,1
5610-010,WASH,1
5610-014,FILI,1
5610-015,WASH,1
5610-018,FILI,1
5610-022,WASH,1
5610-025,FILI,1
5610-025,WASH,1
5610-027,FILI,1
5610-030,FILI,1
5610-124,WASH,1
5610-130,WASH,1
5610-135,WASH,1
5610-136,FILI,1
5610-136,WASH,1
5610-148,FILI,1
5610-148,WASH,1
5610-160,FILI,1
5610-160,WASH,1
5610-215,WASH,1
5610-236,WASH,1
5620-015,WIST15,1
5620-115,WIST15,1
5620-515,WIST15,1
5620-615,WIST15,1
5620-715,WIST15,1
5620-815,WIST15,1
5620-915,WIST15,1
5621-501,TEUC1,1
5621-565,TEUC5,1
5621-601,TEUC1,1
5621-701,TEUC1,1
5622-515,WIST15,1
5624-815,WIST15,1
5703-555,SOPH15,1
5704-101,SPAR1,1
5790-501,XYLO1,1
5790-505,XYLO5,1
5790-515,XYLO15,1
5795-501,XYLO1,1
5795-505,XYLO5,1
5795-515,XYLO15,1
5795-615,XYLO15,1
5801-415,JUNI15,1
6014-101,BOTH1,1
6015-015,BOUG15,1
6015-115,BOUG15,1
6015-215,BOUG15,1
6015-605,BOUG5,1
6015-615,BOUG15,1
6015-616,BOUG15,1
6015-710,BOUG15,1
6015-711,BOUG15,1
6015-715,BOUG15,1
6015-801,BOUG1,1
6015-805,BOUG5,1
6015-810,BOUG1,1
6015-815,BOUG15,1
6015-910,BOUG15,1
6015-915,BOUG15,1
6020-605,CALL5,1
6020-615,CALL15,1
6020-618,CALL24,1
6020-624,CALL24,1
6020-705,CALA5,1
6020-724,CALL24,1
6024-360,LAGE60,1
6025-105,CALL5,1
6025-605,CALL5,1
6025-615,CALL15,1
6030-115,CAME15,1
6030-215,CAME15,1
6030-315,CAME15,1
6030-515,CAME15,1
6030-605,CAME,1
6030-605,CAME5,1
6030-615,CAME,1
6030-615,CAME15,1
6030-715,CAME15,1
6030-815,CAME15,1
6030-915,CAME15,1
6032-515,CISS15,1
6032-605,CISS5,1
6032-615,CISS15,1
6034-605,CISS5,1
6034-615,CISS15,1
6036-605,CISS5,1
6036-615,CISS15,1
6038-605,CLYT5,1
6038-615,CLYT15,1
6040-015,DIST15,1
6040-605,DIST5,1
6040-615,DIST15,1
6040-624,DIST24,1
6040-724,DIST24,1
6040-824,DIST24,1
6042-605,ERIO5,1
6042-615,ERIO15,1
6044-605,GELS5,1
6044-615,GELS15,1
6045-005,STEP5,1
6045-010,PONT5,1
6045-024,SOLA24,1
6045-110,EICH5,1
6045-111,EICH1,1
6045-115,EICH15,1
6045-124,SOLA24,1
6045-310,POT,1
6046-605,GREW5,1
6046-615,GREW15,1
6046-715,GREW15,1
6047-115,GUNN,1
6048-605,HARD5,1
6048-615,HARD15,1
6050-605,HIBB,1
6050-605,HIBB5,1
6050-605,HIBI5,1
6050-615,HIBB,1
6050-615,HIBB15,1
6050-624,HIBB15,1
6050-705,HIBB5,1
6050-715,HIBB5,1
6060-105,JASM5,1
6060-605,JASM5,1
6060-615,JASM15,1
6060-815,JASM15,1
6061-105,MALO5,1
6061-115,MALU15,1
6061-201,MALA1,1
6061-205,MALA5,1
6061-215,MALO15,1
6062-605,LIGU5,1
6062-615,LIGU15,1
6064-605,MACF5,1
6064-615,MACF15,1
6066-605,MAND5,1
6066-615,MAND15,1
6068-605,OSMA5,1
6068-615,OSMA15,1
6069-005,PHAE5,1
6070-515,PAND15,1
6070-605,PAND5,1
6070-615,PAND15,1
6070-705,PAND5,1
6071-505,PAND5,1
6072-605,PHOT5,1
6072-615,PHOT15,1
6073-605,PODO5,1
6073-615,PODO15,1
6074-001,PYRA1,1
6074-105,PYRA5,1
6074-505,PYRA5,1
6074-605,PYRA5,1
6074-615,PYRA15,1
6074-705,PYRA5,1
6075-605,PYRA5,1
6075-615,PYRA15,1
6075-701,PYRA1,1
6075-702,PYRA1,1
6075-715,PYRA15,1
6075-815,PYRA15,1
6076-605,PYRU5,1
6076-615,PYRU15,1
6076-616,PYRU24,1
6076-916,PODO24,1
6077-005,ROSA5,1
6077-015,ROSA5,1
6077-105,ROSA5,1
6077-124,ROSA24,1
6077-205,ROSA5,1
6077-224,ROSA24,1
6077-305,ROSA5,1
6077-405,ROSA5,1
6077-415,ROSA15,1
6077-505,ROSA5,1
6077-605,ROSA5,1
6077-705,ROSA5,1
6077-805,ROSA5,1
6077-905,ROSA5,1
6078-005,ROSA5,1
6078-105,ROSA5,1
6078-205,ROSA5,1
6078-305,ROSA5,1
6078-405,ROSA15,1
6078-505,ROSA5,1
6078-605,ROSA5,1
6078-615,ROSA15,1
6078-705,ROSA5,1
6078-805,ROSA5,1
6078-905,ROSA5,1
6079-005,ROSA5,1
6079-103,ROSA5,1
6079-105,ROSA5,1
6079-205,ROSA5,1
6079-305,ROSA5,1
6079-405,ROSA5,1
6079-505,ROSA5,1
6080-605,TECO5,1
6080-615,TECO15,1
6080-715,TECO15,1
6082-605,TRAC5,1
6082-615,TRAC15,1
6084-605,VIBU5,1
6084-615,VIBU15,1
6086-605,VIBU5,1
6406-101,GREW1,1
6406-115,GREW15,1
6406-815,GREW15,1
6406-915,GREW15,1
6566-005,LORO5,1
6566-105,LORO5,1
6566-205,LORO5,1
6566-305,LORO5,1
6566-405,LORO1,1
6566-505,LORO5,1
6566-605,LORO5,1
6566-615,LORO15,1
6566-702,LORO5,1
6566-705,LORO5,1
6566-715,LORO15,1
6566-805,LORO5,1
6566-815,LORO15,1
6566-905,LORO5,1
6566-915,LORO15,1
6567-105,LORO5,1
6567-205,LORO5,1
6567-305,LORO5,1
68-1001,IRRBID,1
7000-0003,LONI1,1
7000-0004,LONI1,1
7000-0005,LONI1,1
7000-0006,LONI1,1
7000-001,PHOT15,1
7000-004,LONI5,1
7000-006,SALV1,1
7000-007,TEUC1,1
7000-008,LAVA1,1
7000-008,LAVE1,1
7000-009,PELA,1
7000-009,PELA1,1
7000-010,PELA1,1
7000-017,LINER,1
7000-018,GC,1
7000-021,ZAUS,1
7000-022,ALBI5,1
7000-031,SALV1,1
7000-100,FILTER,1
7000-100,IRRBID,1
7000-100,WIRE,1
7000-102,FILTER,1
7000-102,IRRBID,1
7000-102,WIRE,1
7000-105,LAVA5,1
7000-110,LAVA15,1
7000-115,LAVA15,1
7000-124,LAVA24,1
7000-155,PENN5,1
7000-201,ANTH1,1
7000-215,ANIS15,1
7000-224,LAVA24,1
7000-301,LAVA1,1
7000-305,LAVA5,1
7000-315,LAVA15,1
7000-401,LAVA1,1
7000-405,LAVA5,1
7000-415,LAVA15,1
7000-501,LAVA1,1
7000-505,LAVA5,1
7000-515,LAVA15,1
7000-601,LAVA1,1
7000-605,LAVA5,1
7000-615,LAVA15,1
7000-701,ANIS1,1
7000-705,LAVA5,1
7000-715,LAVA15,1
7000-801,LAVA1,1
7000-805,LAVA5,1
7000-815,LAVA15,1
7000-901,LAVA1,1
7000-905,LAVA5,1
7000-915,LAVA15,1
7001-001,LAVA1,1
7001-015,LAVA15,1
7001-105,ANIS5,1
7001-115,ANIS15,1
7001-201,SOLL1,1
7001-215,LAVA15,1
7001-301,LAVA1,1
7001-305,LAVA5,1
7001-401,LAVA1,1
7001-405,LAVA5,1
7001-501,LAVA1,1
7001-505,LAVA5,1
7001-601,LAVA1,1
7001-605,LAVA5,1
7001-701,LAVA1,1
7001-801,LAVA1,1
7001-901,LAVA1,1
7001-905,LAVA5,1
7002-001,LAVA1,1
7002-101,LAVA1,1
7002-201,LONI1,1
7002-301,LAVA1,1
7002-401,LAVA1,1
7002-501,LAVA1,1
7002-601,TEUC1,1
7002-701,LAVA1,1
7002-801,LAVA1,1
7002-815,LAVA15,1
7002-901,LAVA1,1
7002-915,LAVA15,1
7003-101,ZAUS,1
7003-505,LEON,1
7003-615,LEON,1
7004-501,LEON,1
7005-105,LAVA5,1
7005-205,LAVA5,1
7005-305,LAVA5,1
7005-405,LAVA5,1
7005-505,LAVA5,1
7005-905,LAVA5,1
7006-005,LAVA5,1
7006-505,LAVA5,1
7007-505,LAVA5,1
7008-505,LAVA5,1
7008-605,LAVA5,1
7009-004,"4"" POT",1
70-1000,RDRAIN,1
70-1001,RDRAIN,1
70-1002,RDRAIN,1
70-1003,RDRAIN,1
70-1004,RDRAIN,1
70-1005,RDRAIN,1
70-1006,RDRAIN,1
70-1007,RDRAIN,1
70-1008,RDRAIN,1
70-1009,RDRAIN,1
70-1010,RDRAIN,1
7010-100,GC,1
7010-100,OENO,1
7010-101,OENO,1
7010-101,OENO1,1
7010-105,LAVA5,1
70-1011,RDRAIN,1
7010-110,GC,1
70-1012,RDRAIN,1
7010-124,SOLA24,1
70-1013,RDRAIN,1
70-1014,RDRAIN,1
70-1015,RDRAIN,1
70-1016,RDRAIN,1
70-1017,RDRAIN,1
70-1018,RDRAIN,1
70-1019,RDRAIN,1
70-1020,RDRAIN,1
7010-200,GC,1
7010-201,OENO1,1
7010-205,LAVA5,1
7010-305,LAVA5,1
7010-401,LAVA1,1
7010-405,LAVA5,1
7010-501,LAVA1,1
7010-505,LAVA5,1
7010-601,LAVA1,1
7010-605,LAVA5,1
7010-615,LAVA15,1
7010-705,SOLA5,1
7010-715,SOLA15,1
7010-805,LAVA5,1
7010-905,LAVA5,1
7011-005,LAVA5,1
7011-501,OENO,1
7011-501,OENO1,1
7015-101,ZAUS,1
7015-105,ZAUC,1
7020-105,ALOC5,1
7100-009,PELA,1
7100-009,PELA1,1
7300-009,PELA,1
7300-009,PELA1,1
7300-101,PELA1,1
74-1002,ZAMI,1
74-1002,ZAMI15,1
74-1002,ZAMI5,1
74-1007,ZAMI15,1
74-1007,ZAMI5,1
74-1015,ZAMI15,1
74-1017,ZAMI5,1
74-1115,ZAMI15,1
7500-101,ZANT1,1
7500-201,ZANT1,1
7500-301,ZANT1,1
75-1000,ZANT1,1
75-1001,ZANT15,1
75-1002,ZANT1,1
75-1005,KUMQ15,1
75-1015,KUMQ15,1
75-1024,FORT,1
75-1024,FORT24,1
75-1024,KUMQ15,1
75-1025,KUMQ15,1
75-1036,FORT36,1
75-1115,FORT,1
75-1115,FORT15,1
75-1115,KUMQ15,1
75-1124,CITR24,1
75-2000,TRAFFIC,1
75-2001,TRAFFIC,1
75-2005,FORT,1
75-2005,FORT5,1
75-2005,KUMQ15,1
75-2010,IRRBID,1
75-2011,IRRBID,1
75-2015,FORT,1
75-2015,FORT15,1
75-2015,KUMQ15,1
75-2115,FORT15,1
76-1000,WATER,1
76-1001,WATER,1
76-1002,WATER,1
76-1003,LSBID,1
76-1003,LSSTOCK,1
77-1000,WATERMARK,1
77-1001,WATERMARK,1
77-1002,WATERMARK,1
77-1003,WATERMARK,1
77-1004,WATERMARK,1
77-1005,WATERMARK,1
8000-001,GRAPE,1
8000-101,GRAP1,1
8000-106,GRAP1,1
8000-201,GRAP1,1
8000-301,GRAP1,1
8302-135,LSBID,1
8400-002,GC,1
8400-004,GC,1
8555-505,WEST5,1
8900-001,CLAVAL,1
8900-101,CLAVAL,1
8900-201,CLAVAL,1
8900-300,CLA VAL,1
8900-301,CLAVAL,1
8900-302,CLA VAL,1
8900-302,CLAVAL,1
8900-303,CLA VAL,1
8900-303,CLAVAL,1
8900-304,CLAVAL,1
8900-304,IRRIGATION,1
8900-305,CLA VAL,1
8900-305,CLAVAL,1
8900-306,CLA VAL,1
8900-306,CLAVAL,1
8900-307,CLA VAL,1
8900-307,CLAVAL,1
9000-101,POT,1
9000-102,POT,1
9000-201,POT,1
9000-301,POT,1
9000-302,POT,1
9000-401,POT,1
9000-402,POT,1
90-0190,STOCK,1
90-0191,LSSTOCK,1
9047-505,CAME,1
9047-505,CAME5,1
9223-105,TRIC5,1
9224-105,SISY5,1
9231-104,LINER,1
9300-095,HAYWARD,1
9300-097,BARK,1
9300-098,BARK,1
9300-099,FERT,1
9300-099,SOIL,1
9300-100,LSBID,1
9300-100,NIT,1
9300-100,NITRO,1
9300-101,LSBID,1
9300-101,TIES,1
9300-102,LSBID,1
9300-102,TIES,1
9300-103,FERT,1
9300-103,NITRO,1
9300-104,BARK,1
9300-104,NITRO,1
9300-105,BARK,1
9300-106,FERT,1
9300-107,FERT,1
9300-110,IRRBID,1
9300-111,DFIT,1
9300-112,DFIT,1
9300-113,DRAIN,1
9300-113,FITTING,1
9300-114,DRAIN,1
9300-114,FITTING,1
9300-115,NITRO,1
9300-115,SOIL,1
9300-116,SOIL,1
9300-120,FITTING,1
9300-120,PVCFIT,1
9300-140,FITTING,1
9300-150,MAINT,1
9300-160,FITTING,1
9300-180,FITTING,1
9300-200,FITTING,1
9300-201,NITRO,1
9300-220,FITTING,1
9300-222,HAYWARD,1
9300-240,FITTING,1
9300-247,VAULT,1
9300-248,VAULT,1
9300-249,VAULT,1
9300-250,VAULT,1
9300-260,FITTING,1
9300-280,DFIT,1
9300-283,FITTING,1
9300-284,FITTING,1
9300-285,FITTING,1
9300-310,DFIT,1
9300-311,DFIT,1
9300-312,DFIT,1
9300-313,DFIT,1
9300-320,BROWNLINE,1
9300-320,FITTING,1
9300-320,PVCFIT,1
9300-340,BROWNLINE,1
9300-340,PVCFIT,1
9300-360,BROWNLINE,1
9300-360,PVCFIT,1
9300-380,BROWNLINE,1
9300-380,PVCFIT,1
9300-400,BROWNLINE,1
9300-400,PVCFIT,1
9300-420,BROWNLINE,1
9300-420,PVCFIT,1
9300-440,BROWNLINE,1
9300-440,PVCFIT,1
9300-480,GFIT,1
9300-481,GFIT,1
9300-484,GFIT,1
9300-485,GFIT,1
9300-486,NIPPLE,1
9300-487,NIPPLE,1
9300-488,NIPPLE,1
9300-489,NIPPLE,1
9300-495,FLO CONTROL,1
9300-496,FLO CONTROL,1
9300-497,FLO CONTROL,1
9300-498,FLO CONTROL,1
9300-499,FLO CONTROL,1
9300-500,MISC,1
9300-501,FLO CONTROL,1
9300-501,IRRBID,1
9300-502,FLO CONTROL,1
9300-502,IRRBID,1
9300-503,FLO CONTROL,1
9300-503,IRRBID,1
9300-504,DCB,1
9300-504,DRAIN,1
9300-504,FLO-GARD,1
9300-505,DCB,1
9300-505,DRAIN,1
9300-505,FLO-GARD,1
9300-506,DCB,1
9300-506,DRAIN,1
9300-506,FILTER,1
9300-506,FLO-GARD,1
9300-507,DRAIN,1
9300-508,DRAIN,1
9300-509,DCB,1
9300-509,DRAIN,1
9300-509,FLO-GARD,1
9300-510,DCB,1
9300-510,DRAIN,1
9300-510,FLO-GARD,1
9300-511,DCB,1
9300-511,DRAIN,1
9300-511,FLO-GARD,1
9300-512,DCB,1
9300-512,DRAIN,1
9300-512,FLO-GARD,1
9300-513,DCB,1
9300-513,DRAIN,1
9300-513,FLO-GARD,1
9300-514,CREATIVE,1
9300-514,IRRBID,1
9300-515,CREATIVE,1
9300-515,IRRBID,1
9300-600,MAINT,1
9300-662,LSSTOCK,1
9300-662,TIES,1
9300-663,HAYWARD,1
9300-664,REBAR,1
9300-665,GFIT,1
9300-666,GFIT,1
9300-667,HAYWARD,1
9300-669,HAYWARD,1
9300-670,HAYWARD,1
9300-671,HAYWARD,1
9300-6711,HAYWARD,1
9300-672,HAYWARD,1
9300-673,HAYWARD,1
9300-674,HAYWARD,1
9300-675,WATTS,1
9300-676,HAYWARD,1
9300-677,IRRBID,1
9300-678,HAYWARD,1
9300-679,HAYWARD,1
9300-680,AIR,1
9300-680,IRRBID,1
9300-681,HAYWARD,1
9300-748,HAYWARD,1
9300-749,HAYWARD,1
9300-76,HAYWARD,1
9300-775,WATTS,1
9300-776,WATTS,1
9300-777,WATTS,1
9300-778,WATTS,1
9300-80,PERMALOK,1
9300-902,ROOT,1
9301-0100,JONES,1
9301-0200,JONES,1
9301-0201,JONES,1
9301-0202,JONES,1
9301-0203,JONES,1
9301-0204,JONES,1
9301-0300,JONES,1
9301-100,IRRBID,1
9301-1109,GRAVEL,1
9301-1109,ROCK,1
9301-1110,GRAVEL,1
9301-1111,GRAVEL,1
9301-11115,GRAVEL,1
9301-11116,GRAVEL,1
9301-1112,GRAVEL,1
9301-1113,GRAVEL,1
9301-1114,GRAVEL,1
9301-1115,GRAVEL,1
9301-1115,ROCK,1
9301-1116,GRAVEL,1
9301-11162,GRAVEL,1
9301-1117,GRAVEL,1
9301-1118,GRAVEL,1
9301-1118,ROCK,1
9301-1119,GRAVEL,1
9301-1120,GRAVEL,1
9301-1121,GRAVEL,1
9301-1122,GRAVEL,1
9301-1123,GRAVEL,1
9301-1124,GRAVEL,1
9301-1125,GRAVEL,1
9301-1126,GRAVEL,1
9301-1127,GRAVEL,1
9301-1128,GRAVEL,1
9301-1129,GRAVEL,1
9301-1130,GRAVEL,1
9301-1131,GRAVEL,1
9301-1131,ROCK,1
9301-1132,GRAVEL,1
9301-1132,ROCK,1
9301-1133,GRAVEL,1
9301-1133,ROCK,1
9301-1134,GRAVEL,1
9301-1135,GRAVEL,1
9301-1136,GRAVEL,1
9301-1137,GRAVEL,1
9301-1138,GRAVEL,1
9301-1139,GRAVEL,1
9301-1140,GRAVEL,1
9301-1141,GRAVEL,1
9301-1141,ROCK,1
9301-1142,DG,1
9301-1142,GRAVEL,1
9301-1142,ROCK,1
9301-1143,GRAVEL,1
9301-1143,ROCK,1
9301-1144,GRAVEL,1
9301-1144,ROCK,1
9301-1145,GRAVEL,1
9301-1145,ROCK,1
9301-1146,GRAVEL,1
9301-1146,ROCK,1
9301-1147,GRAVEL,1
9301-120,IRRBID,1
9301-1208,GRAVEL,1
9301-1208,ROCK,1
9301-1209,GRAVEL,1
9301-121,LAGE48,1
9301-1210,GRAVEL,1
9301-1210,ROCK,1
9301-1211,GRAVEL,1
9301-1212,GRAVEL,1
9301-1213,GRAVEL,1
9301-1214,GRAVEL,1
9301-1215,GRAVEL,1
9301-1216,GRAVEL,1
9301-1216,ROCK,1
9301-1217,GRAVEL,1
9301-1218,GRAVEL,1
9301-1218,ROCK,1
9301-1219,GRAVEL,1
9301-1220,GRAVEL,1
9301-1221,GRAVEL,1
9301-1222,GRAVEL,1
9301-1223,GRAVEL,1
9301-1224,GRAVEL,1
9301-1225,D.G.,1
9301-1225,GRAVEL,1
9301-1226,GRAVEL,1
9301-1227,GRAVEL,1
9301-1228,ROCK,1
9301-1229,ROCK,1
9301-1230,GRAVEL,1
9301-1231,GRAVEL,1
9301-1231,ROCK,1
9301-1232,GRAVEL,1
9301-1233,GRAVEL,1
9301-1234,ROCK,1
9301-1236,GRAVEL,1
9301-1237,GRAVEL,1
9301-140,IRRBID,1
9301-160,SAND,1
9301-161,SAND,1
9301-162,SAND,1
9301-162,SOIL,1
9301-163,SAND,1
9301-164,METER,1
9301-165,SAND,1
9301-166,METER,1
9301-166,MISC,1
9301-167,SAND,1
9301-168,SAND,1
9301-180,BOX,1
9301-181,BOX,1
9301-181,NDS,1
9301-182,BOX,1
9301-182,IRRBID,1
9301-182,NDS,1
9301-183,BOX,1
9301-183,IRRBID,1
9301-190,JDGT,1
9301-190,POC,1
9301-200,BOX,1
9301-200,NDS,1
9301-201,BOX,1
9301-202,AIR,1
9301-202,IRRBID,1
9301-203,BAILEY,1
9301-203,IRRBID,1
9301-204,IRRBID,1
9301-205,AG PROD,1
9301-205,AGPROD,1
9301-205,IRRBID,1
9301-206,AG PROD,1
9301-206,AGPROD,1
9301-206,IRRBID,1
9301-207,IRRBID,1
9301-207,WIRE,1
9301-208,IRRBID,1
9301-209,IRRBID,1
9301-210,GRAVEL,1
9301-211,BROOKS,1
9301-212,BROOKS,1
9301-213,BROOKS,1
9301-214,BROOKS,1
9301-215,IRRBID,1
9301-216,BOX,1
9301-216,NDS,1
9301-217,BOX,1
9301-217,NDS,1
9301-218,BOX,1
9301-218,NDS,1
9301-220,V,1
9301-220,VD,1
9301-220,V-DITCH,1
9301-221,IRRBID,1
9301-221,V,1
9301-221,VD,1
9301-221,V-DITCH,1
9301-222,V,1
9301-222,VD,1
9301-222,V-DITCH,1
9301-223,V,1
9301-223,VD,1
9301-223,V-DITCH,1
9301-226,JDGT,1
9301-226,POC,1
9301-227,JDGT,1
9301-227,POC,1
9301-228,JDGT,1
9301-228,POC,1
9301-229,CHRISTY,1
9301-230,IRRBID,1
9301-230,POC,1
9301-231,IRRBID,1
9301-231,POC,1
9301-232,IRRBID,1
9301-232,POC,1
9301-233,POC,1
9301-234,POC,1
9301-235,IRRBID,1
9301-235,POC,1
9301-236,POC,1
9301-237,JDGT,1
9301-237,POC,1
9301-238,JDGT,1
9301-238,POC,1
9301-239,JDGT,1
9301-239,POC,1
9301-240,CHRISTY,1
9301-240,IRRBID,1
9301-240,RW,1
9301-241,CHRISTY,1
9301-241,IRRBID,1
9301-241,RW,1
9301-242,STRONG,1
9301-242,STRONGBOX,1
9301-243,CHRISTY,1
9301-243,IRRBID,1
9301-243,RW,1
9301-244,IRRBID,1
9301-244,IRRSTOCK,1
9301-245,IRRBID,1
9301-245,PULL,1
9301-246,AIR,1
9301-246,IRRBID,1
9301-247,IRRBID,1
9301-247,VAULT,1
9301-248,AGPROD,1
9301-249,AGPROD,1
9301-250,IRRBID,1
9301-251,AGPROD,1
9301-252,AGPROD,1
9301-253,CHRISTY,1
9301-254,AG PROD,1
9301-254,AIR,1
9301-255,IRRBID,1
9301-256,BOX,1
9301-256,IRRBID,1
9301-257,BOX,1
9301-257,NDS,1
9301-258,METER,1
9301-259,IRRBID,1
9301-260,IRRBID,1
9301-260,NIS,1
9301-260,SWITCH,1
9301-261,IRRBID,1
9301-261,NIS,1
9301-261,SWITCH,1
9301-262,IRRBID,1
9301-264,METER,1
9301-265,METER,1
9301-266,IRRBID,1
9301-267,IRRBID,1
9301-268,IRRBID,1
9301-269,AIR,1
9301-269,CRIS,1
9301-269,IRRBID,1
9301-270,CLA VAL,1
9301-270,IRRBID,1
9301-272,AG PROD,1
9301-273,AG PROD,1
9301-274,BOWSMITH,1
9301-275,OLSON,1
9301-276,AQUARIUS,1
9301-277,AQUARIUS,1
9301-278,BERMAD,1
9301-279,AQUARIUS,1
9301-280,AG PROD,1
9301-281,AG PROD,1
9301-282,AG PROD,1
9301-283,BOX,1
9301-284,IRRBID,1
9301-285,IRRBID,1
9301-285,LSBID,1
9301-285,MISC,1
9301-287,AGPROD,1
9301-288,AGPROD,1
9301-289,BERMAD,1
9301-290,BERMAD,1
9301-291,METER,1
9301-296,MOTOROLA,1
9301-297,MOTOROLA,1
9301-298,RW,1
9301-299,BOX,1
9301-299,IRRBID,1
9301-300,IRRBID,1
9301-300,RW,1
9301-301,IRRBID,1
9301-302,JONES,1
9301-303,BERMAD,1
9301-304,BERMAD,1
9301-305,BAILEY,1
9301-306,BERMAD,1
9301-307,BERMAD,1
9301-308,BERMAD,1
9301-309,BERMAD,1
9301-312,BERMAD,1
9301-313,PULL,1
9301-314,JDGT,1
9301-345,PULL,1
9301-346,BOX,1
9301-346,CARSON,1
9301-346,PULL,1
9301-400,METER,1
9301-400,WATER,1
9301-401,METER,1
9301-402,METER,1
9301-403,GRAVEL,1
9301-403,ROCK,1
9301-410,GRAVEL,1
9301-411,GRAVEL,1
9301-412,GRAVEL,1
9301-413,GRAVEL,1
9301-413,ROCK,1
9301-414,GRAVEL,1
9301-414,ROCK,1
9301-415,GRAVEL,1
9301-415,ROCK,1
9301-416,ROCK,1
9301-420,GRAVEL,1
9301-420,ROCK,1
9301-421,GRAVEL,1
9301-421,ROCK,1
9301-422,GRAVEL,1
9301-422,ROCK,1
9301-423,GRAVEL,1
9301-423,ROCK,1
9301-505,TURF,1
9301-506,TURF,1
9302-001,SCIR1,1
9302-008,GC,1
9302-009,GC,1
9302-010,GC,1
9302-011,SCIR1,1
9302-024,ELAE,1
9302-070,DG,1
9302-071,DG,1
9302-072,DG,1
9302-095,LSBID,1
9302-096,LSBID,1
9302-097,LSBID,1
9302-097,PLANTS,1
9302-098,LSBID,1
9302-098,PLANTS,1
9302-099,LSBID,1
9302-099,PLANTS,1
9302-100,LSBID,1
9302-100,PLANTS,1
9302-1000,DG,1
9302-1001,DG,1
9302-1002,DG,1
9302-1003,DG,1
9302-101,CRAS1,1
9302-104,AC,1
9302-105,LSBID,1
9302-109,KING,1
9302-110,LSBID,1
9302-110,PLANTS,1
9302-111,ARCH,1
9302-111,KING,1
9302-112,ARCH,1
9302-112,KING,1
9302-113,ARCH48,1
9302-113,KING,1
9302-114,ARCH48,1
9302-114,KING,1
9302-115,LSBID,1
9302-115,PLANTS,1
9302-120,LSBID,1
9302-120,PLANTS,1
9302-122,D.G.,1
9302-122,DG,1
9302-123,DG,1
9302-123,GRAVEL,1
9302-123,ROCK,1
9302-125,LSBID,1
9302-125,PLANTS,1
9302-130,LSBID,1
9302-130,PLANTS,1
9302-132,LSBID,1
9302-135,LSBID,1
9302-135,PLANTS,1
9302-136,CERS36,1
9302-140,LSBID,1
9302-140,PLANTS,1
9302-145,LSBID,1
9302-145,PLANTS,1
9302-148,CERS48,1
9302-150,LSBID,1
9302-150,PLANTS,1
9302-155,LSBID,1
9302-155,PLANTS,1
9302-156,LSBID,1
9302-157,LSBID,1
9302-157,PLANTS,1
9302-158,LSBID,1
9302-158,PLANTS,1
9302-159,LSBID,1
9302-159,PLANTS,1
9302-1600,LSBID,1
9302-161,LSBID,1
9302-162,LSBID,1
9302-163,DG,1
9302-164,DG,1
9302-165,LSBID,1
9302-165,PLANTS,1
9302-1650,LSBID,1
9302-1651,CERC1,1
9302-170,LSBID,1
9302-171,LINER,1
9302-175,D-40,1
9302-175,LINER,1
9302-175,LSBID,1
9302-175,PLANTS,1
9302-176,LINER,1
9302-177,LINER,1
9302-178,D-40,1
9302-178,LINER,1
9302-179,LINER,1
9302-180,LSBID,1
9302-180,PLANTS,1
9302-181,LSBID,1
9302-181,TIES,1
9302-182,LINER,1
9302-183,LINER,1
9302-184,D-40,1
9302-184,LINER,1
9302-185,LSBID,1
9302-185,PLANTS,1
9302-186,LINER,1
9302-187,LINER,1
9302-188,LINER,1
9302-189,LINER,1
9302-190,LSBID,1
9302-190,PLANTS,1
9302-191,LINER,1
9302-192,LINER,1
9302-193,LINER,1
9302-194,D-40,1
9302-194,LINER,1
9302-195,LINER,1
9302-195,LSBID,1
9302-196,D-40,1
9302-196,LINER,1
9302-197,LINER,1
9302-197,LSBID,1
9302-197,PLANTS,1
9302-200,LSBID,1
9302-200,PLANTS,1
9302-201,SCIR1,1
9302-204,AC,1
9302-205,AC,1
9302-205,COLOR,1
9302-206,AC,1
9302-206,COLOR,1
9302-207,AC,1
9302-207,COLOR,1
9302-208,AC,1
9302-208,COLOR,1
9302-209,AC,1
9302-209,COLOR,1
9302-210,LSBID,1
9302-210,SP,1
9302-211,AC,1
9302-211,COLOR,1
9302-212,ARCH,1
9302-214.4,IRRBID,1
9302-214.4,YARDNEY,1
9302-214.5,IRRBID,1
9302-214.5,YARDNEY,1
9302-219,DEEP,1
9302-219,ROOT,1
9302-220,HYDRO,1
9302-220,LSBID,1
9302-220,WEED,1
9302-221,HYDRO,1
9302-221,LSBID,1
9302-221,WEED,1
9302-222,LSSTOCK,1
9302-223,CRANE,1
9302-224,ELAE,1
9302-225,FR,1
9302-225,LSBID,1
9302-226,DEEP,1
9302-226,ROOT,1
9302-227,DEEP,1
9302-227,ROOT,1
9302-228,DEEP,1
9302-228,ROOT,1
9302-229,DEEP,1
9302-229,ROOT,1
9302-230,DEEP,1
9302-230,ROOT,1
9302-231,DEEP,1
9302-231,ROOT,1
9302-232,DEEP,1
9302-232,ROOT,1
9302-233,CRANE,1
9302-233,EQUIP,1
9302-234,CRANE,1
9302-234,EQUIP,1
9302-234.1,CRANE,1
9302-234.1,EQUIP,1
9302-234.1,MISC,1
9302-235,CRANE,1
9302-235,EQUIP,1
9302-235,MISC,1
9302-236,CRANE,1
9302-237,CRANE,1
9302-237,EQUIP,1
9302-238,LSBID,1
9302-238,PLANTS,1
9302-239,FERT,1
9302-240,FERT,1
9302-241,LSBID,1
9302-241,TIES,1
9302-242,LSBID,1
9302-243,LSBID,1
9302-243,LSSTOCK,1
9302-243.1,LSBID,1
9302-243.1,LSSTOCK,1
9302-243.2,LSBID,1
9302-243.2,LSSTOCK,1
9302-244,DEEP,1
9302-244,LSBID,1
9302-244,ROOT,1
9302-245,LSBID,1
9302-245,TIES,1
9302-245.1,LSBID,1
9302-246,LSBID,1
9302-247,FERT,1
9302-248,FERT,1
9302-248,LSBID,1
9302-249,FERT,1
9302-250,LSBID,1
9302-250,LSSTOCK,1
9302-250,STAKES,1
9302-250,TIES,1
9302-251,FERT,1
9302-251,NIT,1
9302-252,FERT,1
9302-253,FERT,1
9302-254,GPIPE,1
9302-254,LSBID,1
9302-254,LSSTOCK,1
9302-254,STAKES,1
9302-254,STOCK,1
9302-254,TIES,1
9302-255,LSBID,1
9302-255,LSSTOCK,1
9302-255,TIES,1
9302-256,TIES,1
9302-257,DG,1
9302-258,GPIPE,1
9302-258,LSBID,1
9302-258,LSSTOCK,1
9302-258,STAKES,1
9302-258,TIES,1
9302-260,LSBID,1
9302-260,LSSTOCK,1
9302-260,TIES,1
9302-261,LSBID,1
9302-261,TIES,1
9302-262,LSBID,1
9302-263,GPIPE,1
9302-263,LSBID,1
9302-264,DG,1
9302-265,LSBID,1
9302-266,DG,1
9302-267,DG,1
9302-267.1,DG,1
9302-268,D.G.,1
9302-268,DG,1
9302-269,SUBS,1
9302-270,LSSTOCK,1
9302-270,SAND,1
9302-270,SOIL,1
9302-271,D.G.,1
9302-271,DG,1
9302-271.1,DG,1
9302-272,D.G.,1
9302-272,DG,1
9302-273,LSBID,1
9302-274,LSBID,1
9302-275,DEEP,1
9302-275,LSSTOCK,1
9302-276,DEEP,1
9302-276,ROOT,1
9302-277,DEEP,1
9302-278,D.G.,1
9302-278,DG,1
9302-279,D.G.,1
9302-279,DG,1
9302-280,LSBID,1
9302-281,DG,1
9302-282,LSBID,1
9302-282,LSSTOCK,1
9302-283,MISC,1
9302-285,MISC,1
9302-286,LSBID,1
9302-287,LSSTOCK,1
9302-288,DEEP,1
9302-289,LSBID,1
9302-289,LSSTOCK,1
9302-290,LSBID,1
9302-290,SOIL,1
9302-291,DG,1
9302-292,DG,1
9302-293,DG,1
9302-294,GRAVEL,1
9302-294,LSBID,1
9302-294,SOIL,1
9302-296,BARK,1
9302-296,FERT,1
9302-296,LANDSCAPE,1
9302-296,LSBID,1
9302-297,SOIL,1
9302-298,BARK,1
9302-299,DG,1
9302-300,AUGER,1
9302-300,LSBID,1
9302-301,SUTE1,1
9302-302,AUGER,1
9302-303,AUGER,1
9302-304,AC,1
9302-306,DEEP,1
9302-307,AUGER,1
9302-308,DG,1
9302-308,GRAVEL,1
9302-308,LSBID,1
9302-309,LSBID,1
9302-310,LSSTOCK,1
9302-311,HEADER,1
9302-311,LSSTOCK,1
9302-312,LSBID,1
9302-312,LSSTOCK,1
9302-313,SOIL,1
9302-315,LSBID,1
9302-320,LSBID,1
9302-321,LSBID,1
9302-324,ELAE,1
9302-335,LSBID,1
9302-360,SOIL,1
9302-361,SOIL,1
9302-362,SOIL,1
9302-371,D.G.,1
9302-371,DG,1
9302-372,DG,1
9302-373,DG,1
9302-374,DG,1
9302-375,DG,1
9302-400,AUGER,1
9302-401,NEPE1,1
9302-403,AUGER,1
9302-404,AC,1
9302-406,AUGER,1
9302-407,AUGER,1
9302-408,AUGER,1
9302-415,CARP15,1
9302-424,ELAE,1
9302-501,BROOKS,1
9302-501,IRRBID,1
9302-504,AC,1
9302-504,GC,1
9302-505,AC,1
9302-505,GC,1
9302-506,AC,1
9302-506,GC,1
9302-515,CARP15,1
9302-545,LSSTOCK,1
9302-546,LSBID,1
9302-601,CARP1,1
9302-604,AC,1
9302-604,GC,1
9302-605,CARP5,1
9302-615,LSBID,1
9302-615,PLANTS,1
9302-621,LSBID,1
9302-621,MISC,1
9302-622,MISC,1
9302-623,LSBID,1
9302-624,LSBID,1
9302-625,LSBID,1
9302-701,SUTE1,1
9302-704,PLUG,1
9302-705,CENT5,1
9302-710,D-40,1
9302-715,D-40,1
9302-716,MAGN15,1
9302-720,D-40,1
9302-724,COLOR,1
9302-725,D-40,1
9302-730,D-40,1
9302-735,D-40,1
9302-740,D-40,1
9302-745,D-40,1
9302-750,D-40,1
9302-755,D-40,1
9302-765,D-40,1
9302-766,PLUG,1
9302-767,GC,1
9302-767,LINER,1
9302-767,PLUG,1
9302-770,D-40,1
9302-775,D-40,1
9302-780,D-40,1
9302-781,MIRA1,1
9302-782,LINER,1
9302-783,MIRA1,1
9302-784,PULC1,1
9302-800,DG,1
9302-801,SUTE1,1
9302-804,GC,1
9302-805,AC,1
9302-810,D-40,1
9302-815,D-40,1
9302-825,D-40,1
9302-826,D-40,1
9302-830,D-40,1
9302-900,DEEP,1
9302-900,ROOT,1
9302-901,DEEP,1
9302-901,ROOT,1
9302-903,DEEP,1
9302-903,ROOT,1
9302-904,DEEP,1
9302-904,ROOT,1
9302-905,VITI5,1
9302-906,ROOT,1
9302-907,DEEP,1
9302-908,DEEP,1
9302-915,CERC15,1
9302-948,DEEP,1
9302-948,ROOT,1
9302-949,DEEP,1
9302-949,ROOT,1
9302-950,DEEP,1
9302-950,ROOT,1
9302-951,DEEP,1
9302-952,LSBID,1
9302-953,DEEP,1
9302-953,ROOT,1
9302-954,DEEP,1
9302-960,DG,1
9302-961,DG,1
9302-962,DG,1
9302-963,DG,1
9302-964,DG,1
9302-965,DG,1
9302-966,DG,1
9302-967,DG,1
9302-968,DG,1
9302-969,DG,1
9302-970,DG,1
9302-971,DG,1
9302-972,DG,1
9302-973,DG,1
9302-974,DG,1
9302-975,DG,1
9302-976,DG,1
9302-977,DG,1
9302-978,DG,1
9302-979,GRAVEL,1
9302-981,DG,1
9302-982,DG,1
9302-983,DG,1
9302-984,DG,1
9302-985,DG,1
9302-986,DG,1
9302-987,DG,1
9302-987,GRAVEL,1
9302-988,DG,1
9302-989,DG,1
9302-990,DG,1
9302-991,DG,1
9302-993,DG,1
9302-994,DG,1
9302-995,DG,1
9302-995,GRAVEL,1
9302-996,DG,1
9302-997,DG,1
9302-998,DG,1
9302-999,DG,1
9303-000,HYDRO,1
9303-0001,HYDRO,1
9303-001,JUTE,1
9303-002,JUTE,1
9303-003,HYDRO,1
9303-004,IRRBID,1
9303-004,IRRSTOCK,1
9303-004,JUTE,1
9303-005,JUTE,1
9303-006,JUTE,1
9303-007,JUTE,1
9303-015,VITI15,1
9303-020,LSSTOCK,1
9303-099,DRAIN,1
9303-100,DCB,1
9303-100,LSSTOCK,1
9303-201,SUTE1,1
9303-205,VITI5,1
9303-305,VITI5,1
9303-405,CARP5,1
9303-560,BUDD5,1
9303-815,LSBID,1
9303-815,PLANTS,1
9304-000,HYDRO,1
9304-001,HYDRO,1
9304-002,HYDRO,1
9304-003,HYDRO,1
9304-004,HYDRO,1
9304-005,HYDR15,1
9304-006,HYDR15,1
9304-007,HYDR15,1
9304-008,HYDR15,1
9304-100,LINER,1
9304-101,MUHL1,1
9304-102,LINER,1
9304-103,LINER,1
9304-200,LSBID,1
9304-200,MISC,1
9304-201,DEEP,1
9304-201,LSSTOCK,1
9304-201,ROOT,1
9304-202,HYDRO,1
9304-202,LSBID,1
9304-202,MARKERS,1
9304-210,MISC,1
9304-220,FUSION RENTAL,1
9304-220,IRRBID,1
9304-301,MUHL1,1
9304-601,CONV1,1
9305-100,HYDRO,1
9305-200,HYDRO,1
9305-201,HYDRO,1
9305-201,SOD,1
9305-201,TURF,1
9305-202,HYDRO,1
9305-203,HYDRO,1
9305-204,SOD,1
9305-210,MISC,1
9305-211,BROOKS,1
9305-211,EISEL,1
9305-212,MISC,1
9305-213,BROOKS,1
9305-215,BROOKS,1
9305-216,MISC,1
9305-217,MISC,1
9305-218,MISC,1
9305-219,BROOKS,1
9305-220,BROOKS,1
9305-221,BOX,1
9305-221,BROOKS,1
9305-222,BOX,1
9305-222,BROOKS,1
9305-300,HYDRO,1
9305-400,HYDRO,1
9305-500,HYDRO,1
9305-501,HYDRO,1
9305-502,HYDRO,1
9305-503,HYDRO,1
9305-504,EROSION,1
9305-504,HYDRO,1
9306-100,MOTOROLA,1
9306-210,MISC,1
9306-211,MISC,1
9306-212,MISC,1
9306-213,LSBID,1
9306-521,DRAIN,1
9307-210,MISC,1
9307-211,DRAIN,1
9307-211,MISC,1
9307-212,DCB,1
9307-212,DRAIN,1
9307-212,MISC,1
9307-213,DRAIN,1
9307-213,MISC,1
9307-214,DRAIN,1
9307-214,MISC,1
9307-215,DRAIN,1
9307-215,MISC,1
9308-210,MISC,1
9308-211,MISC,1
9309-210,MISC,1
9310-100,SAND,1
9310-101,SAND,1
9310-102,SAND,1
9310-103,SAND,1
9310-104,SAND,1
9310-105,SAND,1
9310-199,TURF,1
9310-200,TURF,1
9310-201,TURF,1
9310-205,TURF,1
9310-206,GEOBLOCK,1
9310-206,TURF,1
9310-207,NDS,1
9310-207,TURF,1
9310-208,LSBID,1
9310-208,LSSTOCK,1
9310-209,LSSTOCK,1
9310-210,MISC,1
9310-211,LSSTOCK,1
9310-212,TURF,1
9310-213,IRRBID,1
9310-214,LSSTOCK,1
9310-215,TURF,1
9310-216,TURF,1
9310-217,TURF,1
9310-218,TURF,1
9310-219,NDS,1
9310-219,TURF,1
9310-220,LSSTOCK,1
9310-260,LSBID,1
9310-300,IRRBID,1
9311-210,MISC,1
93-1130,GRAVEL,1
93-1131,GRAVEL,1
9311-310,POT,1
9311-311,POT,1
9311-312,POT,1
9311-313,LSBID,1
9311-313,POT,1
9311-314,LSBID,1
9311-314,POT,1
9311-315,MISC,1
9311-315,POT,1
9311-316,POT,1
9311-317,LSBID,1
9311-317,POT,1
9311-318,LSBID,1
93-1132,GRAVEL,1
93-1133,GRAVEL,1
93-1133,ROCK,1
93-1134,GRAVEL,1
93-1134,ROCK,1
93-1135,GRAVEL,1
93-1135,ROCK,1
93-1136,GRAVEL,1
93-1136,ROCK,1
93-1137,GRAVEL,1
93-1137,ROCK,1
93-1138,GRAVEL,1
93-1138,ROCK,1
93-1139,GRAVEL,1
93-1140,GRAVEL,1
9312-100,LEEMCO,1
9312-102,LEEMCO,1
9312-103,LEEMCO,1
9312-104,LEEMCO,1
9312-105,LEEMCO,1
9312-106,LEEMCO,1
9312-107,LEEMCO,1
9312-108,HDPE,1
9312-109,HDPE,1
9312-110,HDPE,1
9312-111,1812,1
9312-111,HDPE,1
9312-112,FITTING,1
9312-112,PVCFIT,1
9312-113,FITTING,1
9312-114,ML,1
9312-114,SLV,1
9312-115,ML,1
9312-115,SLV,1
9312-116,LEEMCO,1
9312-117,LEEMCO,1
9312-118,LEEMCO,1
9312-119,LEEMCO,1
9312-122,LEEMCO,1
9312-123,LEEMCO,1
9312-124,LEEMCO,1
9312-125,LEEMCO,1
9312-126,LEEMCO,1
9312-127,LEEMCO,1
9312-128,LEEMCO,1
9312-129,LEEMCO,1
9312-130,LEEMCO,1
9312-131,LEEMCO,1
9312-132,LEEMCO,1
9312-133,LEEMCO,1
9312-134,LEEMCO,1
9312-135,LEEMCO,1
9312-136,LEEMCO,1
9312-137,LEEMCO,1
9312-138,LEEMCO,1
9312-139,LEEMCO,1
9312-140,LEEMCO,1
9312-141,LEEMCO,1
9312-142,LEEMCO,1
9312-143,LEEMCO,1
9312-144,LEEMCO,1
9312-145,LEEMCO,1
9312-146,LEEMCO,1
9312-147,LEEMCO,1
9312-148,LEEMCO,1
9312-149,LEEMCO,1
9312-150,LEEMCO,1
9312-151,LEEMCO,1
9312-152,LEEMCO,1
9312-153,LEEMCO,1
9312-154,LEEMCO,1
9312-155,LEEMCO,1
9312-156,LEEMCO,1
9312-157,LEEMCO,1
9312-158,LEEMCO,1
9312-159,LEEMCO,1
9312-160,LEEMCO,1
9312-161,LEEMCO,1
9312-162,LEEMCO,1
9312-163,LEEMCO,1
9312-164,LEEMCO,1
9312-165,LEEMCO,1
9312-166,LEEMCO,1
9312-167,LEEMCO,1
9312-168,LEEMCO,1
9312-169,LEEMCO,1
9312-170,LEEMCO,1
9312-171,LEEMCO,1
9312-172,LEEMCO,1
9312-173,LEEMCO,1
9312-174,LEEMCO,1
9312-175,LEEMCO,1
9312-176,LEEMCO,1
9312-177,LEEMCO,1
9312-178,LEEMCO,1
9312-179,LEEMCO,1
9312-180,LEEMCO,1
9312-181,LEEMCO,1
9312-182,LEEMCO,1
9312-183,LEEMCO,1
9312-209,HARCO,1
9312-210,FLG,1
9312-210,IRRBID,1
9312-211,FLG,1
9312-211,IRRBID,1
9312-212,FLG,1
9312-212,IRRBID,1
9312-214,YARDNEY,1
9312-214.1,IRRBID,1
9312-214.1,YARDNEY,1
9312-214.2,IRRBID,1
9312-214.2,YARDNEY,1
9312-214.3,IRRBID,1
9312-214.3,YARDNEY,1
9312-214.4,IRRBID,1
9312-214.4,YARDNEY,1
9312-214.5,YARDNEY,1
9312-214.6,YARDNEY,1
9312-214.7,YARDNEY,1
9312-214.8,YARDNEY,1
9312-214.9,YARDNEY,1
9312-215,COMP,1
9312-216,COMP,1
9312-217,COMP,1
9312-218,COMP,1
9312-219,COMP,1
9312-220,COMP,1
9312-221,COMP,1
9312-222,COMP,1
9312-223,COMP,1
9312-227,COMP,1
9312-228,COMP,1
9312-229,COMP,1
9312-230,COMP,1
9312-231,COMP,1
9312-232,BRASS,1
9312-232,FITTING,1
9312-233,BRASS,1
9312-233,FITTING,1
9312-234,BRASS,1
9312-234,FITTING,1
9312-235,BRASS,1
9312-235,FITTING,1
9312-236,IRRBID,1
9312-237,IRRBID,1
9312-238,COMP,1
9312-239,DRAIN,1
9312-239,FITTING,1
9312-240,DRAIN,1
9312-240,FITTING,1
9312-241,DRAIN,1
9312-241,FITTING,1
9312-242,DRAIN,1
9312-242,FITTING,1
9312-243,DRAIN,1
9312-243,FITTING,1
9312-244,DRAIN,1
9312-244,FITTING,1
9312-245,DFIT,1
9312-245,DRAIN,1
9312-245,FITTING,1
9312-246,DFIT,1
9312-246,DRAIN,1
9312-246,FITTING,1
9312-247,DRAIN,1
9312-247,FITTING,1
9312-248,DRAIN,1
9312-248,FITTING,1
9312-249,DRAIN,1
9312-249,FITTING,1
9312-250,DRAIN,1
9312-250,FITTING,1
9312-251,DRAIN,1
9312-251,FITTING,1
9312-252,DRAIN,1
9312-252,FITTING,1
9312-253,DRAIN,1
9312-253,FITTING,1
9312-254,DRAIN,1
9312-254,FITTING,1
9312-255,DRAIN,1
9312-255,FITTING,1
9312-257,FITTING,1
9312-258,FITTING,1
9325-101,BOULDER,1
9325-1010,BOULDER,1
9325-102,BOULDER,1
9325-103,BOULDER,1
9325-104,BOULDER,1
9325-105,BOULDER,1
9325-106,BOULDER,1
9325-107,BOULDER,1
9325-108,BOULDER,1
9325-109,BOULDER,1
9390-200,AC,1
9390-201,AC,1
9390-202,AC,1
9390-202,COLOR,1
9390-202,GC,1
9390-206,COLOR,1
9390-207,COLOR,1
9390-207,GC,1
9390-207,LSBID,1
9390-209,COLOR,1
9390-209,GC,1
9390-210,AC,1
9390-210,COLOR,1
9390-210,GC,1
9400-228,HAYWARD,1
9400-229,HAYWARD,1
9400-230,HAYWARD,1
95-0000,SUBS,1
95-0001,SUBS,1
95-0003,SUBS,1
95-0004,SUBS,1
95-0006,CONCRETE,1
95-0006,MISC,1
95-0007,CONCRETE,1
95-0007,DCORE,1
95-0007,IRRBID,1
95-0007,SLV,1
95-0008,MISC,1
95-0009,CONCRETE,1
95-0010,ELECTRIC,1
95-0010,SUBS,1
9500-100,POT,1
9500-101,POT,1
9500-102,POT,1
9500-103,POT,1
9500-104,POT,1
9500-105,POT,1
9500-106,POT,1
9500-107,POT,1
9500-108,POT,1
9500-109,POT,1
95-0011,ELECTRIC,1
95-0011,SUBS,1
9500-110,POT,1
9500-111,POT,1
9500-112,POT,1
9500-113,POT,1
9500-114,POT,1
9500-115,POT,1
9500-115,SOIL,1
9500-116,JARDINAIRE,1
9500-116,POT,1
9500-117,JARDINAIRE,1
9500-117,POT,1
9500-118,JARDINAIRE,1
9500-118,POT,1
9500-119,JARDINAIRE,1
9500-119,POT,1
95-0012,SUBS,1
9500-120,JARDINAIRE,1
9500-120,POT,1
9500-121,WHITTIER,1
9500-122,WHITTIER,1
9500-123,WHITTIER,1
9500-124,JARDINAIRE,1
9500-124,LSBID,1
9500-124,POT,1
9500-125,IRRBID,1
9500-125,JARDINAIRE,1
9500-126,JARDINAIRE,1
9500-127,JARDINAIRE,1
9500-128,JARDINAIRE,1
9500-129,JARDINAIRE,1
9500-129,POT,1
95-0013,SUBS,1
9500-130,IRRBID,1
9500-130,JARD,1
9500-131,JARDINAIRE,1
9500-132,JARDINAIRE,1
9500-133,JARDINAIRE,1
9500-134,JARDINAIRE,1
9500-135,JARDINAIRE,1
9500-136,LSBID,1
9500-137,JARD,1
9500-137,POT,1
95-0014,LSBID,1
95-0014,SUBS,1
95-0015,SUBS,1
95-0016,SUBS,1
95-0017,SUBS,1
95-0018,MISC,1
95-00182,MISC,1
95-00183,MISC,1
95-00184,MISC,1
95-00185,MISC,1
95-00186,MISC,1
95-00187,MISC,1
95-0019,SUBS,1
95-00190,LSBID,1
95-00191,LSBID,1
95-00192,LSBID,1
95-00193,LSBID,1
95-00194,LSBID,1
95-00195,LSBID,1
95-00196,LSBID,1
95-0020,SUBS,1
95-00200,LSBID,1
95-00201,LSBID,1
95-00202,LSBID,1
95-00203,LSBID,1
95-00204,LSBID,1
95-00205,LSBID,1
95-00206,LSBID,1
95-00207,LSBID,1
95-00208,LSBID,1
95-00209,LSBID,1
95-0022,SUBS,1
95-0023,LSBID,1
95-0023,SUBS,1
95-0024,SUBS,1
95-0026,SUBS,1
95-0030,SUBS,1
95-0031,SUBS,1
95-0033,MISC,1
95-0033,SUBS,1
95-0035,SUBS,1
95-0036,SUBS,1
95-0037,SUBS,1
95-0038,IRRBID,1
95-0038,RW,1
95-0039,SUBS,1
95-0040,HUNTER,1
95-0040,IRRBID,1
95-0040,WALLA,1
95-0043,SUBS,1
95-0044,SUBS,1
95-0044,TURF,1
95-0045,SUBS,1
95-0046,DCORE,1
95-0046,MISC,1
95-0047,SUBS,1
95-0048,SUBS,1
95-0049,CONCRETE,1
95-0049,IRRBID,1
95-0050,MISC,1
95-0051,SUBS,1
95-0052,SUBS,1
95-0053,MISC,1
95-0053,ML,1
95-0053,POC,1
95-0053,SUBS,1
95-0054,ELECTRIC,1
95-0054,MISC,1
95-0055,SOD,1
95-0055,SUBS,1
95-0056,SUBS,1
95-0057,SUBS,1
95-0058,SUBS,1
95-0059,SUBS,1
95-0060,LSBID,1
9500-600,HYDROMANAGER,1
9500-601,HYDROMANAGER,1
9500-602,HYDROMANAGER,1
9500-603,HYDROMANAGER,1
9500-604,HYDROMANAGER,1
9500-605,HYDROMANAGER,1
9500-606,HYDROMANAGER,1
9500-606,HYDROVISOR,1
9500-607,HYDROMANAGER,1
9500-608,HYDROMANAGER,1
9500-609,HYDROMANAGER,1
95-0061,SUBS,1
95-0062,CONCRETE,1
95-0062,IRRBID,1
95-0063,SUBS,1
95-0064,LSBID,1
95-0064,MISC,1
95-0065,SUBS,1
95-0067,SUBS,1
95-0068,SUBS,1
95-0069,SUBS,1
95-0070,SOD,1
95-0070,SUBS,1
95-0071,TURF,1
95-0072,SUBS,1
95-0073,SUBS,1
95-0074,LSBID,1
95-0074,LSSTOCK,1
95-0074,SAND,1
95-0074,TURF,1
95-0075,TURF,1
95-0076,TURF,1
95-0077,LSBID,1
95-0077,LSSTOCK,1
95-0077,SAND,1
95-0077,TURF,1
95-0078,LSBID,1
95-0078,LSSTOCK,1
95-0078,TURF,1
95-0079,MISC,1
95-0079,TURF,1
95-0080,TURF,1
95-0081,ASS,1
95-0081,CONTR,1
95-0081,ELECTRIC,1
95-0081,MISC,1
95-0082,SUBS,1
95-0083,SUBS,1
95-0084,SUBS,1
95-0085,SUBS,1
95-0086,SUBS,1
95-0087,SUBS,1
95-0088,SUBS,1
95-0090,SUBS,1
95-0091,SUBS,1
95-0092,SUBS,1
95-0093,SUBS,1
95-0094,SUBS,1
95-0095,SUBS,1
95-0096,SUBS,1
95-0097,SUBS,1
95-0098,SUBS,1
95-0099,SUBS,1
95-0100,MISC,1
95-0110,TURF,1
95-0111,TURF,1
95-0112,TURF,1
95-0113,TURF,1
95-0114,TURF,1
95-0115,TURF,1
95-0116,TURF,1
95-0117,TURF,1
95-0118,TURF,1
95-0119,TURF,1
95-0120,TURF,1
95-0121,TURF,1
95-0122,LSSTOCK,1
95-0122,TURF,1
95-0123,TURF,1
95-0150,SOD,1
95-0151,SOD,1
95-0152,SOD,1
95-0153,SOD,1
95-0180,SUBS,1
95-0200,MISC,1
95-0400,CRANE,1
95-0400,EQUIP,1
95-0400,MISC,1
95-0410,CRANE,1
95-0410,EQUIP,1
95-0410,MISC,1
95-0411,EQUIP,1
95-0411,MISC,1
95-0412,EQUIP,1
95-0412,MISC,1
95-0800,MISC,1
95-0900,MISC,1
95-1000,PLAY,1
95-1001,PLAY,1
95-1002,PLAY,1
95-1003,PLAY,1
95-1004,PLAY,1
95-1005,PLAY,1
95-1006,PLAY,1
95-1007,HAWS,1
95-1007,PLAY,1
95-1008,PLAY,1
95-1009,PLAY,1
95-1010,PLAY,1
95-1011,PLAY,1
95-1012,PLAY,1
95-1013,PLAY,1
95-1014,PLAY,1
95-1015,PLAY,1
95-1016,FREIGHT,1
95-1016,LSBID,1
95-1016,PLAY,1
95-1017,PLAY,1
95-1018,PLAY,1
95-1019,PLAY,1
95-1020,ROSA5,1
95-1021,PLAY,1
95-1022,PLAY,1
95-1023,PLAY,1
95-1024,PLAY,1
95-1025,PLAY,1
95-1026,PLAY,1
95-1027,PLAY,1
95-1028,PLAY,1
95-1029,LSBID,1
95-1030,PLAY,1
95-1031,MURDOCK,1
95-1032,PLAY,1
95-1035,PLAY,1
95-1036,PLAY,1
95-1037,PLAY,1
95-1038,PLAY,1
95-1039,PLAY,1
95-1040,PLAY,1
95-1041,PLAY,1
95-1043,CONTR,1
95-1043,HYDRO,1
95-1043,IRRBID,1
95-1050,HAWS,1
95-1105,ROSA5,1
95-1200,CONCRETE,1
96-0001,LIGHTS,1
96-0002,LIGHTS,1
96-0003,LIGHTS,1
96-0004,LIGHTS,1
96-0005,LIGHTS,1
96-0006,LIGHTS,1
96-0007,LIGHTS,1
96-0008,LIGHTS,1
96-0009,LIGHTS,1
96-0010,LIGHTS,1
96-0011,LIGHTS,1
96-0012,LIGHTS,1
96-0013,LIGHTS,1
96-0014,LIGHTS,1
96-0015,LIGHTS,1
96-0016,LIGHTS,1
96-0017,LIGHTS,1
96-0019,IRRBID,1
96-0019,LSBID,1
96-0020,IRRBID,1
96-0020,LIGHTS,1
96-0030,SUBS,1
96-0031,SUBS,1
96-0032,SUBS,1
96-0033,SUBS,1
99-9999,ELEO1,1
FREIGHT,LANDSCAPE,1
WATER,WATER,1
