part_number,cost,factor_code,unit,description,sale_price,type,size,cost_code
--->,,,,* PRODUCTION *,,,,
>>,,,,CHANGES BASED OFF 4/13/23 PLAN,,,,
>>>,,,,CARSON VB,,,,
>>>>,,,,chnages made from 2nd sub dated 5/31/23,,,,
>>>>>,,,,CARSON VALUE BOXES,,,,
0001-015,1.25,524,EA,ELEOCHARIS MONT. ROSE POT,1.25,GCC,,
0001-016,1.25,524,EA,JUNCUS MEXICANA ROSE POT,1.25,GCC,,
0001-017,1.25,524,EA,JUNCUS RUGULOSUS ROSE POT,1.25,GCC,,
0001-018,1.75,524,EA,JUNCUS PATENS ROSE POT,1.75,GCC,,
0001-019,2.2,524,EA,"CAREX SPISSA 4"" POTS",2.2,GCC,"4""",
0001-020,2.25,524,EA,"ARISTIDA PURPUREA 4"" POTS",2.25,GCC,"4""",
0001-021,2.2,524,EA,"ANEMOPSIS CALIFORNICA 4"" POTS",2.2,GCC,"4""",
0001-022,2,524.1,EA,"CAREX TUMULICOLA 4"" POTS",2,GCC,"4""",
0001-023,2.2,524.1,EA,"IVA HAYESIANA 4"" POTS",2.2,GCC,"4""",
0001-4,147.3,380,EA,"VALCON HI-FLOW 1 1/4""",147.3,CV,"4""",
0001-500,1.5,524,EA,ANEMOPSIS CALIF. - PLUGS,1.5,GCC,,
0001-501,4.5,522,EA,ANEMOPSIS CALIF. 1G,4.5,GCC,1G,
0001-601,11,522,EA,ARTEMESIA CAL. 'MONTARA' 1G,11,SH,1G,
0001-611,4.5,522,EA,ELEOCHARUS MONT 1G,4.5,GCC,1G,
0001-614,1.3,524,EA,"ELEOCHARIS MONT. 4"" POTS",1.3,GCC,"4""",
0001-701,3,522,EA,ARTEMESIA S. SILVER MOUND 1G,3,GCC,1G,
0001-801,5.5,522,EA,ARTEMESIA DOUGLAS 1G,5.5,SH,1G,
0001-901,3.8,522,EA,ARTEMESIA CALIFORNICA 1G,3.8,SH,1G,
0002-10,2.4,None,EA,"BLS 1/2"" x 6"" SWING ASBLY (std)",2.4,L,"2""",
0002-20,2.6,None,EA,"BLS 1/2"" x 12"" SWING  ASBLY (std)",2.6,L,"2""",
0002-30,4.3,None,EA,"BLS 3/4"" x 6"" SWING ASBLY (std)",4.3,L,"4""",
0002-40,4.5,None,EA,"BLS 3/4"" x 12"" SWING ASBLY (std)",4.5,L,"4""",
0002-41,21,999,EA,"BLS 1/2"" x 6"" SWING ASBLY (PVC 80)",21,L,"2""",
0002-42,21,999,EA,"BLS 1/2"" x 12"" SWING ASBLY (PVC 80)",21,L,"2""",
0002-43,28,999,EA,"BLS 3/4"" x 6"" SWING ASBLY (PVC 80)",28,L,"4""",
0002-44,28,999,EA,"BLS 3/4"" x 12"" SWING ASBLY (PVC 80)",28,L,"4""",
0002-45,46,999,.,"BLS 1"" x 12"" SWING ASBLY (PVC 80)",46,L,"1""",
0002-46,7,999,ea,"BLS 1"" x 12"" SWG ASBLY (std)",7,L,"1""",
0003-136,550,505,EA,"ARAUCARIA HETEROPHYLLA 36""",450,TR,"36""",
0003-415,30,510,EA,ARAUCARIA HETEROPHYLLA 15G TREE,30,TR,15G,
0004-1,40,380,EA,"SUPERIOR 850 DI 3/4""",40,CV,"4""",
0004-105,15,520,EA,ARALIA CALIF. 5G,15,SH,5G,
0004-115,55,519,EA,ARALIA ELEGANTISSIMA 15G,55,SH,15G,
0007-1,4.5,None,FT,"PVC SCH 80 2"" PIPE",4.5,M,"2""",
0008-1,3.3,None,FT,"PVC SCH 80 1.5"" PIPE",3.3,M,"5""",
0009-1,1.95,None,FT,"PVC SCH 80 1"" PIPE",1.95,M,"1""",
001-012,1.25,524,EA,"LEYMUS TRIT. ""RIO"" ROSE POT",1.25,GCC,,
001-013,1,524,EA,LEYMUS TRITICOIDES ROSE POT,1,GCC,,
001-014,3,524.1,EA,"LEYMUS TRITCOIDES 4"" POTS",3,GCC,"4""",
001-015,1.75,524,EA,LEYMUS TRI. 'LAGUNITAS' LINER,1.75,GCC,,
0015-115,65,510,EA,CERCIS OCCIDENTALIS 15G MLT,65,TR,15G,
0015-15,65,510,EA,SAMBUCUS MEXICANA 15G,50,SH,15G,
0015-20,65,510,EA,SAMBUCAS CAERULEA 15G,50,SH,15G,
0042-1,7,None,FT,"GALV. MISC. FITTINGS 1.25""",7,M,"25""",
0043-1,5,None,EA,"GALV. MISC FITTINGS 1""",5,M,"1""",
0044-1,4,None,EA,"GALV MISC FITTINGS 3/4""",4,M,"4""",
0049-1,4.5,522,EA,LAVANDULA ANGUSTIFOLIA 1G,4,SH,1G,
0049-2,12,520,EA,LAVANDULA STOECHAS 5G,11,SH,5G,
0049-21,35,520,EA,LAVAND. S. LEMON LEIGH 5G,35,SH,5G,
0049-25,35,520,EA,"LAVANDULA S. ""LEMON LEIGH"" 5G",35,SH,5G,
0049-3,12,520,EA,LAVANDULA OFFICINALIS 5G,11,SH,5G,
0049-5,12,520,EA,LAVANDULA MULTIFIDA 5G,10,SH,5G,
0054-501,5.25,522,EA,AMORPHA FRUTICOSA 1G,5.25,SH,1G,
0054-505,18,526,EA,ANEMOPAEGMA CHAM. VINE 5G,10,SH,5G,
0054-515,35,525,EA,AMPELOPSIS VEITCHII 15G,35,SH,15G,
0100-502,10,520,EA,ARCTOSTAPHYLOS POINT REYES 2G,10,GCC,2G,
0101-501,5.75,522,EA,CYRTOMIUM FALCATUM 1G,5.75,GCC,1G,
0101-504,35,530,EA,"CYRTOMIUM FALCATUM 4"" FLT",35,GCC,"4""",
0101-505,13,520,EA,CYRTOMIUM FALCATUM 5G,9,GCC,5G,
0101-605,18,520,EA,CYRTOMIUM FORTUNEI 5G,18,GCC,5G,
0102-001,4.5,522,EA,"CUPHEA HYSS. ""ROSENKA"" 1G",3,GCC,1G,
0102-005,12,520,EA,"CUPHEA HYSS. ""ROSENKA"" 5G",6.5,GCC,5G,
0102-101,4.5,522,EA,CUPHEA LAVENDER 1G,3.25,GCC,1G,
0102-105,12,520,EA,CUPHEA FUSCIA GIRL 5G,10,GCC,5G,
0102-201,12,522,EA,CUPHEA MOHSHI 1G,10.3,GCC,1G,
0102-205,12,520,EA,CUPHEA MICROPETALA 5G,6.75,GCC,5G,
0102-301,4.5,522,EA,CUPHEA IGNEA 1G,4,GCC,1G,
0102-305,12.5,520,EA,CUPHEA LAVEA ORANGRAPE 5G,8,GCC,5G,
0102-401,4.5,522,EA,CUPHEA STARFIRE 1G,4,GCC,1G,
0102-501,4.5,522,EA,CUPHEA HYSSOPIFOLIA 1G,4,GCC,1G,
0102-502,4.5,520,EA,CUPHEA HYSSOPIFOLIA 2G,4,GCC,2G,
0102-503,4.5,522,EA,CUPHEA WHITE 1G,2.75,GCC,1G,
0102-504,12,520,EA,CUPHEA LLAVEA 5G,12,GCC,5G,
0102-505,11.5,520,EA,CUPHEA HYSSOPIFOLIA 5G,9,GCC,5G,
0102-601,4.5,522,EA,CUPHEA HYS. COMPACTA 1G,3,GCC,1G,
0102-605,12,520,EA,CUPHEA IGNEA 5G,10.5,GCC,5G,
0102-701,8.8,522,EA,CUPHEA MONTROY 1G,8.8,GCC,1G,
0102-705,11.5,520,EA,"CUPHEA HYS. ""WHITE WHISPER' 5G",9,GCC,5G,
0102-801,4.5,522,EA,CUPHEA HYS. 'WHITE WHISPER' 1G,3.8,GCC,1G,
0103-501,5,522,EA,ANTHOXANTHUM ODERATUM 1G,3,GCC,1G,
0103-516,1.75,524.1,EA,ANTHOXANTHUM ODERATUM D-40,1.75,GCC,,
0104-101,4.5,522,EA,ANTHEMIS TINCTORIA 1G,3.5,GCC,1G,
0104-105,12,520,EA,ANTHERIUM RED BEAUTY 5G,9,GCC,5G,
0104-201,5.5,522,EA,ANTHERIUM SPP. 1G,5.5,GCC,1G,
0104-301,4,527,EA,ANTIGONON LEPTOPUS 1G STK,4,SH,1G,
0104-305,20,526,EA,ANTIGONON LEPTOPUS 5G STK,20,SH,5G,
0104-315,55,525,EA,ANTIGONON LEPTOPUS 15G STK,55,SH,15G,
0104-399,100,639.2,EA,"ANVIL PRODUCTS ADJ 1.5"" SUPPORT",100,M,"5""",
0104-401,5,522,EA,HELIOTROPIUM CURASSAVICUM 1G,4,GCC,1G,
0104-404,2.5,524,EA,"HELIOTROPIUM CURASSIVICUM 4""",2.5,GCC,"4""",
0104-405,3,522,EA,HELIANTHEMUM N. WISELY PINK 1G,3,GCC,1G,
0104-415,125,528,EA,ANTIGONON LEPTOPUS 15G ESP,125,SH,15G,
0104-501,4.25,522,EA,HELICTOTRICHON SEMPER. 1G,4.25,GCC,1G,
0104-504,1.25,524,EA,HELICTOTRICHON SEMPER LINERS,1.25,GCC,,
0104-505,12,520,EA,HELICTOTRICHON SEMPERV. 5G,10,GCC,5G,
0104-515,55,519,EA,HELICTOTRICHON SEMPEV 15G,55,GCC,15G,
0104-601,4.5,522,EA,HELICTOTRICHON SAPPHIRE 1G,4.5,GCC,1G,
0104-605,10,520,EA,HELIANTHEMUM N. WISELY PINK 5G,10,GCC,5G,
0104-701,5,522,EA,HEICTOTRICHON LIMELIGHT 1G,5,GCC,1G,
0104-705,20,520,EA,HELICONIA PSITTACORUM 5G,20,GCC,5G,
0104-715,90,519,EA,HELICONIA CARIBAEA JACQUINI 15G,90,GCC,15G,
0104-801,5,522,EA,HELIANTHEMUM N. 'BUTTERCUP' 1G,5,GCC,1G,
0104-805,20,520,EA,HELICONIA ROSTRATA 5G,20,GCC,5G,
0104-905,12,520,EA,HELICTOTRICHON BLUE OATS 5G,12,GCC,5G,
0105-501,4,522,EA,STIPA PULCHRUM 1G,4,GCC,1G,
0106-101,3,522,EA,TULBAGHIA V. SILVERLACE 1G,3,GCC,1G,
0106-401,3.7,522,EA,TULB. VIOLACEA VARIEGATA 1G,3.7,GCC,1G,
0106-501,3.7,522,EA,TULBAGHIA VIOLACEA 1G,3.7,GCC,1G,
0106-505,10,520,EA,TULBAGIA VIOLACEA 5G,10,GCC,5G,
0106-515,36,519,EA,TULBAGHIA VIOLACEA 15G,36,GCC,15G,
0106-601,3,522,EA,TULBAGHIA FRAGRANS 1G,3,GCC,1G,
0106-605,7.5,520,EA,TULBAGIA FRAGRANS 5G.,7.5,GCC,5G,
0106-705,6.75,520,EA,TULBAGIA SILVERY SUNPROOF 5G,6.75,GCC,5G,
0106-805,10,520,EA,TULBAGIA F. VARIEGATA 5G,10,GCC,5G,
0107-501,3.25,522,EA,ROSEMARY OFF LOCK DE FOREST 1G,3.25,GCC,1G,
0107-505,7,520,EA,TULBAGIA VIO. SILVERLACE 5G,7,,5G,
0107-605,7,520,EA,TULBAGIA FRAGRANS  5G,7,,5G,
0112-005,10,520,EA,ABELIA GRANDIFLORA 5G,10,,5G,
0112-105,14,520,EA,ABELIA CONFETTI 5G,14,,5G,
0112-215,30,519,EA,ABELIA G. SUNRISE 15G,30,,15G,
0112-315,48,519,EA,ABELIA KALEIDOSCOPE 15G,48,,15G,
0112-405,13,520,EA,ABELIA 'RASPBERRY PROFUSION' 5G,13,,5G,
0112-501,3,522,EA,ABELIA G. ED GOUCHER 1G,3,,1G,
0112-505,10,520,EA,ABELIA G. ED. GOUCHER 5G,10,,5G,
0112-515,40,519,EA,ABELIA G. ED. GOUCHER 15G,40,,15G,
0112-601,4.5,522,EA,ABELIA CONFETTI  1G,4.5,,1G,
0112-605,9,520,EA,ABELIA SHERWOODI  5G,9,,5G,
0112-615,40,519,EA,ABELIA SHERWOODII 15G,40,,15G,
0112-705,15,520,EA,ABELIA KALEIDOSCOPE 5G,15,,5G,
0112-805,10,520,EA,ABELIA CONFETTI 5G,10,,5G,
0113-105,7.5,520,EA,ABELIA G. FRANCIS MASON  5G,7.5,,5G,
0113-205,7.5,520,EA,ABELIA G.  SUNRISE  5G,7.5,,5G,
0113-501,2.75,522,EA,ABELIA G. PROSTRATA 1G,2.75,,1G,
0113-502,9.5,520,EA,ABELIA G. PROSTRATA 5G,9.5,,5G,
0113-601,5,522,EA,ABELIA KALEIDOSCOPE 1G,5,,1G,
0200-501,4,522,EA,ACACIA REDOLENS 1G,3.15,,1G,
0200-505,8,520,EA,ACACIA REDOLENS 5G,9.5,,5G,
0200-601,3,522,EA,ACACIA REDOLENS'PROSTRATA'  1G,2.25,,1G,
0200-905,8,520,EA,ACACIA REDOLENS PROSTRATA 5G,8,,5G,
0201-001,19,531,FL,ACACIA RED. DESERT CARPET FLATS,14,,,
0201-105,13.95,520,EA,ACACIA CULTIFORMIS 5G,13.95,,5G,
0201-115,60,510,EA,ACACIA CULTRIFORMIS 15G,60,,15G,
0201-124,125,507,EA,"ACACIA MELANOXYLON 24""  STD",125,,"24""",
0201-148,1200,503,EA,"ACACIA BAILEY PURPUREA 48""",1200,,"48""",
0201-160,2800,501,EA,ACACIA ANEURA 60'' STD,,,,
0201-205,10,520,EA,ACACIA LOWFAST 5G,10,,5G,
0201-215,40,510,EA,ACACIA BAILEYANA 15G MLT,40,,15G,
0201-224,185,507,EA,"ACACIA BAIL. PURPUREA 24"" STD",185,,"24""",
0201-236,540,505,EA,"ACACIA ANEURA 36"" STD",570,,"36""",
0201-248,1200,503,EA,"ACACIA STENOPHYLLA 48"" STD",1200,,"48""",
0201-305,13,520,EA,ACACIA COG. COUSIN ITT 5G,13,,5G,
0201-324,170,507,EA,"ACACIA S. EMER. CASCADE 24"" STD",170,,"24""",
0201-336,490,505,EA,"ACACIA PURPUREA 36"" L/B",460,,"36""",
0201-401,3.8,522,EA,ACACIA LATIFOLIA 1G,3.8,,1G,
0201-405,12.5,520,EA,"ACACIA ""PECOFF VERDE"" 5G",12.5,,5G,
0201-415,32,510,EA,ACACIA B. PURPUREA 15G STD,32,,15G,
0201-424,190,507,EA,"ACACIA STENOPHYLLA 24"" STD",190,,"24""",
0201-436,500,505,EA,"ACACIA STENOPHYLLA 36"" STD",480,,"36""",
0201-501,2.25,522,EA,ACACIA BAILEYANA PURPUREA 1G,2.25,,1G,
0201-505,13,520,EA,ACACIA BAILEYANA 5G,13,,5G,
0201-515,35,510,EA,ACACIA BAILEYANA 15G STD,35,,15G,
0201-516,36,519,EA,ACACIA  CULTRIFORMIS 15G,36,,15G,
0201-517,12,520,EA,ACACIA BOORMANII 5G,12,,5G,
0201-524,175,507,EA,"ACACIA BAILEYANA 24"" STD",175,,"24""",
0201-536,500,505,EA,"ACACIA BAILEYANA 36"" MLT",460,,"36""",
0201-605,9.5,520,EA,ACACIA R. LOW BOY 5G,8.5,,5G,
0201-615,36,510,EA,ACACIA SALIGNA 15G STD,36,,15G,
0201-624,125,507,EA,"ACACIA PENDULA 24""  STD.",125,,"24""",
0201-636,500,505,EA,"ACACIA BAILEYANA 36"" STD",480,,"36""",
0201-701,4.5,522,EA,ACACIA DESERT CARPET 1G (with tags; over 480),4.5,,1G,
0201-705,12,520,EA,"ACACIA ""DESERT CARPET"" 5G",12,,5G,
0201-715,40,519,EA,ACACIA DESERT CARPET 15G,40,,15G,
0201-724,140,507,EA,"ACACIA SUBPOROSA 24""",140,,"24""",
0201-736,500,505,EA,"ACACIA SUBPOROSA 36"" STD",475,,"36""",
0201-801,7,522,EA,ACACIA DESERT CARPET 1G (with tags; under 480),7,,1G,
0201-805,13,520,EA,ACACIA PENDULA  5G,13,,5G,
0201-815,65,519,EA,ACACIA LATIFOLIA 15G,65,,15G,
0201-824,160,507,EA,"ACACIA SALIGNA 24"" STD.",160,,"24""",
0201-836,500,505,EA,"ACACIA SMALLII 36"" MLT",500,,"36""",
0201-905,12,520,EA,ACACIA LINIFOLIA 5G,12,,5G,
0201-915,70,519,EA,ACACIA 'COUSIN IT' 15G,70,,15G,
0201-924,152.44,507,EA,"ACACIA SMALLII 24""",152.44,,"24""",
0201-936,380,505,EA,"ACACIA PURPUREA 36"" STD",485,,"36""",
0202-005,8,520,EA,ACACIA GREGGII 5G,,,,
0202-036,550,505,EA,"ACACIA SCERCIDIUM PREACOX 36"" STD",550,,"36""",
0202-101,2.28,522,EA,ACACIA PECOFF VERDE 1G,2.28,,1G,
0202-124,170,507,EA,"ACACIA PURPUREA 24"" L/B",170,,"24""",
0202-136,500,505,EA,"ACACIA COGNATA 36"" STD",440,,"36""",
0202-224,180,507,EA,"ACACIA SALICINA 24"" STD.",180,,"24""",
0202-236,540,505,EA,"ACACIA SMALLII 36"" STD.",500,,"36""",
0202-324,175,507,EA,"ACACIA BAILEYANA 24"" MLT",175,,"24""",
0202-336,550,505,EA,"ACACIA SALACINA 36"" STD",550,,"36""",
0202-424,175,507,EA,"ACACIA PENDULA 24"" MLT",175,,"24""",
0202-501,2.85,522,EA,"ACACIA PECOFF VERDE 5"" POT",2.85,,"5""",
0202-601,6,522,EA,ACACIA C. COUSIN ITT 1G,6,,1G,
0203-201,7,522,EA,ADIANTUM CAPILLUS-VENERIS 1G,7,,1G,
0203-301,6,522,EA,ADIANTUM AETHIOPICUM 1G,6,,1G,
0203-501,2.75,522,EA,ACACIA LONGIFOLIA 1G,2.75,,1G,
0203-505,10,520,EA,ACACIA LONGIFOLIA 5G,10,,5G,
0203-515,42,519,EA,ACACIA LONGIFOLIA 15G,42,,15G,
0203-555,10,520,EA,ADIANTUM CAPILLUS-VENERIS 5G,10,,5G,
0203-565,15,520,EA,ADIANTUM PEDATUM 5G.,15,,5G,
0204-001,4.5,522,EA,BULBINE FRUTESCENS ORG 1G,4.5,,1G,
0204-005,13,520,EA,BULBINE FRUT. ORANGE 5G,13,GCC,5G,
0204-101,4.4,522,EA,BULBINE FR. YELLOW 1G,4.4,GCC,1G,
0204-105,15,520,EA,BULBINE TINY TANGERINE 5G,15,GCC,5G,
0204-201,5,522,EA,BULBINE TINY TANGERINE 1G,5,GCC,1G,
0204-205,15,520,EA,BULBINE FRUT. HALLMARK 5G,15,GCC,5G,
0204-301,4.5,522,EA,BULBINE 'ORANGE' 1G,4.5,GCC,1G,
0204-305,12.5,520,EA,BULBINE FRUTESCENS 5G,12.5,GCC,5G,
0204-401,5,522,EA,BULBINE FRU. 'HALLMARK' 1G,5,GCC,1G,
0205-015,40,519,Ea,ACANTHUS BALCANICUS 15G,40,GCC,15G,
0205-501,2.75,522,EA,ACANTHUS MOLLIS 1G,2.75,GCC,1G,
0205-505,9.5,520,EA,ACANTHUS MOLLIS 5G,9.5,GCC,5G,
0205-515,47,519,EA,ACANTHUS MOLLIS 15G,47,GCC,15G,
0206-105,15,520,EA,AECHMEA MEXICANA 5G,15,GCC,5G,
0207-001,4.7,522,EA,ACHILLEA MOON DUST 1G,4.7,GCC,1G,
0210-115,140,510,EA,ACER PALMATUM 15G,140,TR,15G,
0210-124,250,507,EA,"ACER PALMATUM 24""",250,TR,"24""",
0210-125,250,507,EA,"ACER SACCHARINUM 24""",250,TR,"24""",
0210-136,600,505,EA,"ACER PALMATUM 36"" MLT",600,TR,"36""",
0210-148,1500,503,EA,"ACER PALMATUM 48""   MULTI",1500,TR,"48""",
0210-205,15,520,EA,ACER CRIMSON QUEEN 5G,15,TR,5G,
0210-215,140,511,EA,ACER BUERGERIANUM 15G,140,TR,15G,
0210-224,250,507,EA,"ACER P. ATROPURPUREUM 24""",250,TR,"24""",
0210-236,600,506,EA,"ACER NEGUNDO 36"" STD.",600,TR,"36""",
0210-315,140,510,EA,ACER PALMATUM BONFIRE 15G,140,TR,15G,
0210-324,250,507,EA,"ACER P. BLOODGOOD 24"" L/B",250,TR,"24""",
0210-415,140,510,EA,ACER P. KAMAGATA 15G MLT,140,TR,15G,
0210-424,250,507,EA,"ACER PALM SANGO KAKU 24""",250,TR,"24""",
0210-515,110,510,EA,ACER BLOODGOOD 15G,110,TR,15G,
0210-524,400,507,EA,"ACER P. KAMAGATA 24"" MLT",400,TR,"24""",
0210-615,140,510,EA,ACER P. SANGO KAKU 15,140,TR,,
0220-105,10,520,EA,ADENOSTOMA SPARSIFOLIUM 5G,10,SH,5G,
0220-136,300,505,EA,"ACOELORRHAPHE WRIGHTII 36""",300,TR,"36""",
0221-101,8,522,EA,ACORUS G. VARIEGATUS 1G,8,GCC,1G,
0240-101,4.3,522,EA,AGAPANTHUS AFR. 'ALBUS' 1G,4.3,GCC,1G,
0240-201,4.25,522,EA,AGAPANTHUS ORIENTALIS 1G,4.25,GCC,1G,
0240-205,11,520,EA,AGAPANTHUS RANCHO WHITE 5G,11,GCC,5G,
0240-301,4.3,522,EA,AGAPANTHUS DWF WHITE 1G,4.3,GCC,1G,
0240-305,18,520,EA,AGAPANTHUS SNOW STORM 5G,18,GCC,5G,
0240-401,5.5,522,EA,AGAPANTHUS STORM CLOUD 1G,5.5,GCC,1G,
0240-405,12,520,EA,AGAPANTHUS MIDNIGHT BLUE 5G,12,GCC,5G,
0240-501,4,522,EA,AGAPANTHUS AFR. BLUE 1G,4,GCC,1G,
0240-505,11,520,EA,AGAPANTHUS AFR. BLUE 5G,11,GCC,5G,
0240-515,35,519,EA,AGAPANTHUS AFRICANUS 15G,35,GCC,15G,
0240-525,43,519,EA,AGAPANTHUS QUEEN ANNE 15G,43,GCC,15G,
0240-601,4.3,522,EA,AGAPANTHUS ORIENT. ALBA 1G,4.3,GCC,1G,
0240-605,16,520,EA,AGAPANTHUS STORM CLOUD 5G,16,GCC,5G,
0240-615,,,,AGAPANTHUS ORIENTALIS 15G,,,,
0240-705,20,520,EA,AGAPANTHUS SILVER STRK 5G,20,GCC,5G,
0240-715,,,,AGPANTHUS PETER PAN 15G,,,,
0240-801,4.3,522,EA,AGAPANTHUS AFR PURPLE 1G,4.3,GCC,1G,
0241-005,11,520,EA,AGAPANTHUS ALBUS 5G,11,GCC,5G,
0241-105,11,520,EA,AGAPANTHUS ORIENTALIS  BLUE 5G,11,GCC,5G,
0241-205,11,520,EA,AGAPANTHUS ORIENT. WHITE 5G,11,GCC,5G,
0241-501,4.3,522,EA,AGAPANTHUS AFRICANUS WHITE 1G,4.3,GCC,1G,
0241-505,12,520,EA,AGAPANTHUS 'SUMMER GOLD' 5G,12,GCC,5G,
0241-515,11,520,EA,AGAPANTHUS AFR. WHITE 5G,11,GCC,5G,
0241-601,4.3,522,EA,AGAPANTHUS RANCHO WHITE 1G,4.3,GCC,1G,
0242-501,4.3,522,EA,AGAPANTHUS PETER PAN BLUE 1G,4.3,GCC,1G,
0242-505,11,520,EA,AGAPANTHUS PETER PAN BLUE 5G,11,GCC,5G,
0242-601,4.3,522,EA,AGAPANTHUS  MIDNGHT BLUE 1G,4.3,GCC,1G,
0243-501,4.3,522,EA,AGAPANTHUS PETER PAN WHITE 1G,4.3,GCC,1G,
0243-505,11,520,EA,AGAPANTHUS PETER PAN WHITE 5G,11,GCC,5G,
0244-199,4,522,EA,LOBELIA 1G,4,GCC,1G,
0244-201,4.7,522,EA,LOBELIA LAXIFLORA 1G,4.7,GCC,1G,
0244-205,15,520,EA,LOBELIA LAXIFLORA 5G,15,GCC,5G,
0244-301,3.5,522,EA,LOBELIA 'DEEP BLUE STAR' 1G,3.5,GCC,1G,
0244-401,4.5,522,EA,AGAPANTHUS HENRY 1G,4.5,GCC,1G,
0244-501,4,522,EA,AGAPANTHUS QUEEN ANNE BLUE 1G,4,GCC,1G,
0244-505,11,520,EA,AGAPANTHUS QUEEN ANNE BLUE 5G,11,GCC,5G,
0244-601,6,522,EA,AGAPANTHUS  TINKERBELL 1G,6,GCC,1G,
0244-701,8,522,EA,AGAPANTHUS BABY PETE 1G,8,GCC,1G,
0244-702,14,568,EA,AGAPANTHUS TINKERBELL 2G,14,GCC,2G,
0244-705,14,520,EA,AGAPANTHUS TINKERBELL 5G,14,GCC,5G,
0244-801,6,522,EA,AGAPANTHUS GETTY WHITE 1G,6,GCC,1G,
0244-805,12,520,EA,AGAPANTHUS 'GETTY WHITE' 5G,12,GCC,5G,
0245-501,4,522,EA,AGAPANTHUS QUEEN ANNE WHITE 1G,4,GCC,1G,
0245-505,10,520,EA,AGAPANTHUS QUEEN ANNE WHT 5G,10,GCC,5G,
0246-101,4,522,EA,AGASTACHE HYBRIDS (MINT) 1G,4,GCC,1G,
0246-105,21,520,EA,AGASTACHE BLUE BOA 5G,21,GCC,5G,
0270-115,60,510,EA,AGONIS FLEXUOSA 15G  STD,60,TR,15G,
0270-124,140,507,EA,"AGONIS FLEXUOSA 24"" STD",190,TR,"24""",
0270-136,490,505,EA,AGONIS FLEXUOSA 36,490,TR,,
0270-160,2800,501,EA,AGONIS FLEXUOSA 60,2800,TR,,
0270-215,60,510,EA,AGONIS FLEXUOSA 15G MLT,60,TR,15G,
0270-224,190,507,EA,AGONIS FLEXUOSA 24,190,TR,,
0270-236,490,505,EA,AGONIS FLEXUOSA 36,490,TR,,
0270-248,1200,503,EA,AGONIS FLEXUOSA 48,1200,TR,,
0270-260,2800,501,EA,AGONIS FLEXUOSA  60,2800,TR,,
0270-272,4400,500,EA,"AGONIS FLEXUOSA 72"" MLT",4400,TR,"72""",
0270-315,60,510,EA,AGONIS AFTER DARK 15G STD,60,TR,15G,
0270-324,200,507,EA,"AGONIS JERVIS BAY A.D. 24""",200,TR,"24""",
0270-336,490,505,EA,AGONIS 'JERVIS BAY AFTERDARK' 36,490,TR,,
0270-348,1200,503,EA,AGONIS FLEXUOSA 48,1200,TR,,
0270-424,190,507,EA,AGONIS 'BURGUNDY' 24,190,TR,,
0271-748,1200,503,EA,ACACIA SUBPOROSA 48,1200,TR,,
0275-101,5,522,EA,AJUGA REPTANS 1G,5,GCC,1G,
0300-101,6,516,EA,ALBIZIA JULIBRISSIN 1G,6,TR,1G,
0300-115,60,510,EA,ALBIZIA JULIBRISSIN 15G  STD,60,TR,15G,
0300-124,190,507,EA,ALBIZIA JULIBRISSIN 24,190,TR,,
0300-136,490,505,EA,ALBIZIA JULIBRISSIN 36,490,TR,,
0300-148,1150,503,EA,"ALBIZIA JULIBRISSIN 48"" STD",1150,TR,"48""",
0300-160,2800,501,EA,ALBIZIA JULIBRISSIN 60,2800,TR,,
0300-215,60,510,EA,ALBIZIA JULIBRISSIN 15G MLT,60,TR,15G,
0300-224,190,507,EA,ALBIZIA JULIBRISSIN 24,190,TR,,
0300-230,200,506,EA,"ALBIZIA JULIBRISSIN 30""  MULTI",200,TR,"30""",
0300-236,490,505,EA,ALBIZIA JULIBRISSIN 36,490,TR,,
0300-248,1200,503,EA,ALBIZIA JULIBRISSIN 48,1200,TR,,
0301-124,450,527.5,EA,"PYTRACANTHA KOIDZUMI 24"" BOX ESPALLIER",450,SH,"24""",
0316-101,4.4,516,EA,ALNUS RHOMBIFOLIA  1G,4.4,TR,1G,
0318-105,12,513,EA,ALNUS RHOMBIFOLIA 5G,12,TR,5G,
0318-115,55,510,EA,ALNUS RHOMBIFOLIA 15G,55,TR,15G,
0318-124,190,507,EA,ALNUS RHOMBIFOLIA 24,190,TR,,
0318-125,190,507,EA,ALNUS RHOMBIFOLIA  24,190,TR,,
0318-130,200,506,EA,"ALNUS RHOMBIFOLIA 30""",200,TR,"30""",
0318-136,490,505,EA,ALNUS RHOMBIFOLIA 36,490,TR,,
0318-148,1200,503,EA,ALNUS RHOMBIFOLIA 48,1200,TR,,
0318-160,1200,501,EA,"ALNUS RHOMBIFOLIA 60""",1200,TR,"60""",
0318-215,60,510,EA,ALNUS CORDATA 15G,60,TR,15G,
0318-224,190,507,EA,ALNUS CORDATA 24,190,TR,,
0318-236,350,505.8,EA,"ALNUS CORDATA 36""",350,TR,"36""",
0318-248,1200,503.2,EA,"ALNUS CORDATA 48""",1200,TR,"48""",
0318-315,33,510.5,EA,ALNUS CORDIFOLIA 15G,33,TR,15G,
0319-001,6,522,EA,ALOE NOBILIS 1G,6,GCC,1G,
0319-005,15,520,EA,ALOE ACULEATA 5G,15,GCC,5G,
0319-015,50,519,EA,ALOE BARBADENSIS 15G,50,GCC,15G,
0319-101,5,522,EA,ALOE VERA BARBABENSIS  1G,5,GCC,1G,
0319-105,16,520,EA,ALOE BLUE ELF 5G,16,GCC,5G,
0319-115,190,510,EA,ALOE MEDUSA 15G,190,GCC,15G,
0319-124,1200,507,EA,"ALOE BAINESII 24"" (6' BT)",1200,TR,"24""",
0319-136,9.25,522,EA,ALOE PLICATILIS 1G,9.25,SH,1G,
0319-148,5,522,EA,ALOE FEROX 1G,5,GCC,1G,
0319-201,5,522,EA,ALOE STRIATA 1G,5,GCC,1G,
0319-202,6,522,EA,ALOE SAPONARIA 1G,6,GCC,1G,
0319-203,6,522,EA,ALOYSIA TRIPHYLLA 1G,6,SH,1G,
0319-205,30,520,EA,ALOE CAMPERI 5G,30,GCC,5G,
0319-215,100,519,EA,ALOE PLICATILIS 15G,100,SH,15G,
0319-224,400,507.2,EA,"ALOE ARBORESCENS 24""",400,SH,"24""",
0319-301,5,522,EA,ALOE SAPONARIA 1G,5,GCC,1G,
0319-305,30,520,EA,ALOE 'YELLOW TOUCH' 5G,30,GCC,5G,
0319-315,90,519,EA,ALOE BAINESAI 15G,90,TR,15G,
0319-324,600,507,EA,"ALOE BARBERAE 24""",600,TR,"24""",
0319-401,5,522,EA,ALOE BREVIFOLIA 1G,5,GCC,1G,
0319-405,15,520,EA,ALOE X. 'SUPER RED' 5G,15,GCC,5G,
0319-415,90,519,EA,ALOE POLYPHYLLA 15G,90,GCC,15G,
0319-424,415,507,EA,"ALOE PLICATILIS 24""",415,TR,"24""",
0319-501,5.5,522,EA,ALOE ARBORESCENS  1G,5.5,GCC,1G,
0319-505,12.8,520,EA,ALOE VERA 5G,14,GCC,5G,
0319-506,18,520,EA,ALOE BREVIFOLIA 5G,18,GCC,5G,
0319-507,18,520,EA,ALOE TOMENTOSA 5G,18,GCC,5G,
0319-508,6,522,EA,ALOE VERA 1G,6,GCC,1G,
0319-515,65,519,EA,ALOE VERA 15G,65,GCC,15G,
0319-524,700,507,EA,"ALOE BAINSEII 24"", 4' BT",700,TR,"24""",
0319-555,14,520,EA,ALOE BARBADENSIS 5G,14,GCC,5G,
0319-601,5,522,EA,ALOE SAP. COMMUTATA 1G,5,GCC,1G,
0319-605,15,520,EA,ALOE SAPONARIA 5G,15,GCC,5G,
0319-612,4,522.1,EA,"ALOE ARISTATA 4"" POT",4,GCC,"4""",
0319-615,150,519,EA,ALOE BAINESII 15G MLT,150,TR,15G,
0319-624,400,507,EA,"ALOE BAINSEII 24"" 3' BT",400,TR,"24""",
0319-661,5,522,EA,ALOE ARISTATA 1G,5,GCC,1G,
0319-701,6,522,EA,ALOE BLUE ELF 1G,6,GCC,1G,
0319-703,30,520,EA,ALOE CAPITATA 3G,30,GCC,3G,
0319-704,4,524.1,EA,"ALOE VARIEGATA 4""",4,GCC,"4""",
0319-705,12,520,EA,ALOE SPINOSISSIMA  5G,15,GCC,5G,
0319-715,75,519,EA,ALOE PAR. 'TRUNCATA' 15G,75,GCC,15G,
0319-724,600,507,EA,"ALOE THRASKI 24""",600,TR,"24""",
0319-801,6,522,EA,ALOE RUDIKOPKE 1G,6,GCC,1G,
0319-805,20,520,EA,ALOE MARLOTHI 5G,20,GCC,5G,
0319-815,90,519,EA,ALOE THRASKI 15G,90,TR,15G,
0319-824,275,521,EA,"ALOE FEROX 24""",275,TR,"24""",
0319-901,9,522,EA,ALOE PETRICOLA 1G,9,GCC,1G,
0319-905,25,522,EA,ALOE RED RIDING HOOD 5G,25,GCC,5G,
0319-915,55,519,EA,ALOE ARBOR. LUTEA 15G,55,SH,15G,
0320-130,900,506,EA,"ALOE 'HERCULES' 30"" BOX - 5' HT",900,TR,"30""",
0320-136,6000,505,EA,"ALOE BAINESII 36"" SPECIMEN",6000,TR,"36""",
0320-148,12500,503,EA,"ALOE BAINESII 48"" SPECIMEN",12500,TR,"48""",
0320-160,15000,501,EA,"ALOE BAINESII 60"" SPECIMEN",15000,TR,"60""",
0320-172,20000,500,EA,"ALOE BAINESII 72"" SPECIMEN",20000,TR,"72""",
0320-236,900,505.2,EA,"ALOE 'HERCULES' 36"" BOX",900,TR,"36""",
0320-601,8,522,EA,ALPINIA ZERUMBET 1G,8,GCC,1G,
0320-605,50,520,EA,ALPINIA SPECIOSA 5G,50,GCC,5G,
0320-705,40,520,EA,ALPINIA ZERUMBET 5G,40,GCC,5G,
0320-715,190,519,EA,ALPINIA ZERUMBET 15G,190,GCC,15G,
0322-005,14,520,EA,DASYLIRION WHEELERII 5G,14,SH,5G,
0322-105,13,520,EA,DASYLIRION LONGISSIMA 5G,13,SH,5G,
0322-115,55,519,EA,DASYLIRION WHEELERI 15G,55,SH,15G,
0322-215,65,519,EA,DASYLIRION LONGISSIMA 15G,65,SH,15G,
0322-315,55,519,EA,DASYLIRION TEXANUM 15G,55,SH,15G,
0325-224,185,507,EA,"LAGER. I. MUSKOGEE 24"" MLT",155,TR,"24""",
0326-024,185,507,EA,"LAGERSTROEMIA INDICA 24"" STD.",175,TR,"24""",
0326-105,15,520,EA,LAGER. I. PETITE PLUM SHRUB 5G,15,SH,5G,
0326-115,60,510,EA,LAGERS. MUSKOGEE 15G STD,60,TR,15G,
0326-124,185,507,EA,LAGER. I. MUSKOGEE 24,185,TR,,
0326-215,45,519,EA,LAGERS. PET. PLUM 15G (SHRUB),40,SH,15G,
0326-224,185,507,EA,"LAG.  I  MUSKOGEE 24"" MLT",175,TR,"24""",
0326-315,50,519,EA,LAGER PETITE SNOW 15G,50,TR,15G,
0326-324,190,507,EA,"LAGERS. YUMA 24"" MLT",175,TR,"24""",
0326-415,60,510,EA,LAGERSTROEMIA TUSKEGEE 15G STD,60,TR,15G,
0326-424,190,507,EA,"LAGERS. YUMA 24"" STD",160,TR,"24""",
0326-515,60,510,EA,LAGER. PILLAG 15G MLT,60,TR,15G,
0326-524,190,507,EA,"LAGERSTROEMIA ARAPAHO 24"" STD",175,TR,"24""",
0326-615,60,510,EA,LAGER. TONTO 15G STD,60,TR,15G,
0326-624,220,507,EA,"LAGERSTROEMIA HOPI 24"" MLT",220,TR,"24""",
0326-715,,,,LAGER PETITE PINKIE 15G MLT,,,,
0326-724,185,507,EA,"LAGER RHAPSODY IN PINK 24"" MLT",185,TR,"24""",
0326-824,190,507,EA,"LAGERS ZUNI 24"" MLT",160,TR,"24""",
0326-836,485,505,EA,LAGERSTROEMIA ZUNI 36,485,TR,,
0326-924,190,507,EA,"LAGER. ZUNI 24"" STD",175,TR,"24""",
0328-024,190,507,EA,"LAGER SIOUX 24"" MLT",,,,
0328-124,260,507,EA,"CORNUS FLORIDA 24""",260,TR,"24""",
0328-224,185,507,EA,"LAGERS CHEYENNE 24"" MLT",170,TR,"24""",
0329-724,190,507,EA,"LAGER. 'PINK VELOUR' 24"" STD",155,TR,"24""",
0329-824,190,507,EA,"LAGER PINK VELOUR 24"" MLT",160,TR,"24""",
0329-924,185,507,EA,LAGE. IND. 'WHIT II DYNAMITE' 24,185,TR,,
0340-101,4.5,522,EA,ALSTROMERIA HYBRID  1G,3.5,GCC,1G,
0340-105,11.5,520,EA,ALSTROEMERIA HYBRIDS 5G,9,GCC,5G,
0340-205,13,520,EA,ALSTROEMERIA X 'ZAPRIARI' 5G,13,GCC,5G,
0340-415,40,519,EA,ALYOGYNE 'SANTA CRUZ' 15G,40,SH,15G,
0340-501,4.5,522,EA,ALYOGYNE HUEGELII 1G,3.1,SH,1G,
0340-505,12,520,EA,ALYOGYNE HUEGELII 5G,12,SH,5G,
0340-515,40,519,EA,ALYOGYNE HUEGELII 15G,40,SH,15G,
0340-524,195,507,EA,"ALYOGYNE HUEGELII 24""",150,SH,"24""",
0340-605,11,520,EA,ALYOGYNE HUE. 'SANTA CRUZ' 5G,9.5,SH,5G,
0340-615,60,519,EA,ALYOGYNE HUEG. 15G  PATIO TREE,60,TR,15G,
0340-705,,,,ALYOGYNE MONLEON 5G,,,,
0341-005,12.5,520,EA,AZALEA CALIFORNIA SUNSET 5G,8.5,SH,5G,
0341-105,20,520,EA,AZALEA HARU NO HIBIKI 5G,20,SH,5G,
0341-205,20,520,EA,AZALEA WM VAN ORANGE 5G,20,SH,5G,
0341-505,11,520,EA,ALYOGYNE HUEGELII MONTEREY BAY  5G,11,SH,5G,
0341-615,8.5,520,EA,AZALEA SO. IND. RED 5G,8.5,SH,5G,
0342-105,11.5,520,EA,CAESALPINIA PULCHERRIMA 5G,10,SH,5G,
0350-505,11,520,EA,CYATHEA COOPERI 5G,11,TR,5G,
0350-515,55,519,EA,CYATHEA COOPERI  15G,55,TR,15G,
0350-624,135,507,EA,"CYATHEA COOPERI 24""",135,TR,"24""",
0351-505,40,519,EA,CYATHEA COOPERI DWARF 15G,40,TR,15G,
0352-001,4.2,522,EA,CYLINDROPUNTIA PROLIFERA 1G,4.2,GCC,1G,
0370-101,5,522,EA,ARBUTUS UNEDO COMP. 1G,5,SH,1G,
0370-105,18,513,EA,ARBUTUS UNEDO 5G STD.,18,TR,5G,
0370-115,65,510,EA,ARBUTUS UNEDO 15G STD,65,TR,15G,
0370-124,210,507,EA,"ARBUTUS U. COMPACTA 24"" MLT",200,TR,"24""",
0370-136,480,505,EA,"ARBUTUS UNEDO 36""  STD",480,TR,"36""",
0370-160,2400,501,EA,"ARBUTUS MARINA 60"" MLT",2400,TR,"60""",
0370-215,65,510,EA,ARBUTUS UNEDO 15G MLT,65,TR,15G,
0370-224,210,507,EA,"ARBUTUS UNEDO 24"" MLT",200,TR,"24""",
0370-236,550,505,EA,"ARBUTUS UNEDO 36"" MLT",550,TR,"36""",
0370-248,1800,503,EA,"ARBUTUS MARINA 48"" MLT",1350,TR,"48""",
0370-260,2400,501,EA,"ARBUTUS MARINA 60"" STD",2400,TR,"60""",
0370-272,5500,500,EA,"ARBUTUS MARINA 72"" MLT",5500,TR,"72""",
0370-315,50.7,510,EA,ARBUTUS MARINA 15G STD,65,TR,15G,
0370-324,210,507,EA,ARBUTUS MARINA 24'' STD,190,TR,,
0370-336,480,505,EA,"ARBUTUS MARINA 36"" STD",480,TR,"36""",
0370-348,1800,503,EA,"ARBUTUS UNEDO 48""  MLT",1250,TR,"48""",
0370-360,2600,501,EA,"ARBUTUS UNEDO 60"" MLT",2600,TR,"60""",
0370-415,65,510,EA,ARBUTUS MARINA 15G MLT,65,TR,15G,
0370-424,210,507,ea,"ARBUTUS MARINA 24"" MLT",175,TR,"24""",
0370-436,480,505,EA,"ARBUTUS MARINA 36"" MLT",480,TR,"36""",
0370-448,1800,503,EA,"ARBUTUS UNEDO 48""  STD",1250,TR,"48""",
0370-501,5,522,EA,ARBUTUS UNEDO 1G,5,SH,1G,
0370-505,18,513,EA,ARBUTUS UNEDO 5G MLT,18,TR,5G,
0370-515,55,519,EA,ARBUTUS UNEDO 15G SHRUB,55,SH,15G,
0370-524,210,507,EA,"ARBUTUS UNEDO 24""  STD",200,TR,"24""",
0370-536,480,505,EA,"ARBUTUS MARINA 36"" L/B",480,TR,"36""",
0370-615,60,519,EA,ARBUTUS U. 'ELFIN KING' 15G,60,SH,15G,
0370-624,210,507,EA,"ARBUTUS MENZIESSII 24"" STD.",200,TR,"24""",
0370-636,550,505,EA,"ARBUTUS 'MENZIESII' 36"" STD.",550,TR,"36""",
0370-705,14.4,520,EA,ARBUTUS UNEDO COMPACTA 5G,18,SH,5G,
0370-715,60,519,EA,ARBUTUS UNEDO COMPACTA 15G,60,SH,15G,
0370-724,210,507,EA,"ARBUTUS MENZIEZZII 24"" MLTI",200,TR,"24""",
0370-736,550,505,EA,"ARBUTUS U. COMPACTA 36"" MLT",550,TR,"36""",
0370-805,18,520,EA,"ARBUTUS UNEDO ELFIN KING""  5G",18,SH,5G,
0370-815,130,528,EA,ARBUTUS 'MARINA' 15G ESP.,130,TR,15G,
0370-824,210,507,EA,"ARBUTUS U. COMPACTA 24"" STD",200,TR,"24""",
0370-915,65,510,EA,ARBUTUS MARINA 15G L/B,65,TR,15G,
0370-924,210,507,EA,"ARBUTUS MARINA 24""  STD",200,TR,"24""",
0371-336,550,505.3,EA,"ARBUTUS MARINA 36"" MLT",550,TR,"36""",
0371-501,3.5,522,EA,ARBUTUS UNE. EFIN KING 1G,3.5,SH,1G,
0371-605,14.5,520,EA,DIPLACUS AURANTIACUS 5G,14.5,SH,5G,
0371-705,3.5,522,EA,DIPLACUS LONGIFLORUS 1G,3.5,SH,1G,
0378-148,1800,503,EA,"ARBUTUS MARINA 48"" STD",1375,TR,"48""",
0380-105,15,513,EA,ARCHONTOPHOENIX CUNN 5G,15,TR,5G,
0380-115,60,510,EA,ARCHONTOPHOENIX CUNN 15G,60,TR,15G,
0380-124,350,544,EA,"ARCHONTOPHOENIX CUNN 24""",350,TR,"24""",
0380-136,2300,542,EA,"ARCHONTOPHOENIX CUNN 36""",2300,TR,"36""",
0380-148,4800,503,,"ARCHONTOPHOENIX CUNN 48""",4800,TR,"48""",
0380-205,15,513,EA,ARCHONTOPHOENIX CUNN 5G MLT,15,TR,5G,
0380-215,70,510,EA,ARCHONTOPHOENIX CUNN 15G MLT,70,TR,15G,
0380-224,650,507,,"ARCHONTOPHOENIX CUNN 24"" MLT",650,TR,"24""",
0380-230,1250,542,EA,"ARCHONTOPHOENIX CUNN 30"" MLT",1250,TR,"30""",
0380-236,2500,505,EA,"ARCHONTOPHOENIX CUNN 36"" MLT",2500,TR,"36""",
0380-248,5000,503,EA,"ARCHONTOPHOENIX CUNN 48"" MLT",5000,TR,"48""",
0380-314,3900,542.2,EA,ARCHONTOPHOENIX CUNN 14' BTH,3900,TR,BTH,
0380-336,2000,505,EA,"ARCHONTOPHOENIX 'TRIPLE TRUNK' 36"" MLT",2000,TR,"36""",
0384-001,5,522,EA,ARCTOSTAPHYLOS UVA-URSI 1G,5,GCC,1G,
0384-101,5,522,EA,ARCTOSTAPHYLOS EDMUNDSII 1G,5,GCC,1G,
0384-201,5,522,EA,ARCTOS. 'MONTEREY CARPET' 1G,5,GCC,1G,
0384-301,5,522,EA,ARCTOSTAPHYLOS TOMENTOSA 1G,5,SH,1G,
0384-405,12,520,EA,ARCT. 'LESTER ROWNTREE' 5G,12,SH,5G,
0384-501,5,522,EA,ARCT H. 'MONTEREY CARPET' 1G,5,GCC,1G,
0384-505,11.9,520,EA,ARCT. HOWARD McMINN 5G,11.9,SH,5G,
0384-605,24,520,EA,ARCTOSTAPH. GLAUCA 5G,24,SH,5G,
0385-501,5,522,EA,ARCT. BAK LOUIS ED 1G,5,SH,1G,
0385-505,12,520,EA,ARCTOS. B. LOUIS EDMUNDS 5G,12,SH,5G,
0386-101,5,522,EA,"ARCTOSTAPH. ""HWRD MCMINN"" 1G",5,SH,1G,
0386-124,310,507,EA,"ARCTOSTAPH. BYRD HILL 24""",310,TR,"24""",
0386-136,750,505,EA,"ARCTOS. LESTER ROWNTREE 36"" STD",750,TR,"36""",
0386-315,60,519,EA,ARCTOSTAPHYLOS 'SUNSET' 15G,60,SH,15G,
0386-415,55,519,EA,ARCTOSTAPH. 'LESTER ROWNTREE' 15G,55,SH,15G,
0386-501,5,522,EA,ARCT. DENS. HOWARD MCMINN 1G,5,SH,1G,
0386-505,11.5,520,EA,ARCTOSTAPHLYOS DENS MCMINN 5G,11.5,SH,5G,
0386-515,50,519,EA,ARCTOS. HOWARD MCMINN 15G,50,SH,15G,
0386-605,12,520,EA,ARCT. HOWARD MCMINN 5G,12,SH,5G,
0386-615,50,519,EA,ARCTOSTAPHYLOS D. HARMONY 15G,50,SH,15G,
0386-705,12,520,EA,ARCTOSTAPH. GREENSPHERE 5G,12,SH,5G,
0387-000,2.5,522,EA,ARCTOSTAPH. POINT REYES LINER,2.5,GCC,,
0387-501,5,522,EA,ARCTOSTAPHYLOS POINT REYES 1G,5,GCC,1G,
0387-502,5,522,EA,ARCTOSTAPHYLOS GLAUCA 1G,5,SH,1G,
0387-505,12,520,EA,ARCTOSTAPH. POINT REYES 5G,12,GCC,5G,
0387-555,17,520,EA,ARCTOSTAPHYLOS ' SUNSET ' 5G.,17,SH,5G,
0387-565,12,520,EA,ARCTOSTAPHYLOS 'JOHN DOURLY' 5G,12,SH,5G,
0388-501,6,522,EA,ARCTOSTAPH.  PACIFIC MIST 1G,6,GCC,1G,
0388-505,18,520,EA,ARCTOSTAPHYLOS PACIFIC MIST 5G,18,GCC,5G,
0389-105,31,520,EA,AGAVE ATT. NOVA 5G,31,SH,5G,
0389-205,18,520,EA,AGAVE MEDIOPICTA 5G,18,SH,5G,
0389-305,16,520,EA,AGAVE CELSI MULTICOLOR 5G,16,SH,5G,
0389-405,22,520,EA,AGAVE YELLOW RIBBONS 5G,22,SH,5G,
0389-501,5,522,EA,ARCT. J. DOURLEY 1G,5,SH,1G,
0389-505,18,520,EA,AGAVE OVATIFOLIA 5G,,,,
0389-605,18,520,EA,AGAVE NIGRA 5G,,,,
0390-105,15,513,EA,ARECASTRUM ROMAN 5G,15,TR,5G,
0390-115,35,510,EA,ARECASTRUM ROMAN 15G,35,TR,15G,
0390-118,1350,543,EA,18' ARECASTRUM ROMAN.,1350,TR,,
0390-124,155,507,EA,"ARECASTRUM ROMAN. 24""  SINGLE",155,TR,"24""",
0390-130,250,542,EA,"ARECASTRUM ROMAN 30"" SINGLE",250,TR,"30""",
0390-136,490,542,EA,"ARECASTRUM ROM. 36""  SINGLE",490,TR,"36""",
0390-142,650,504,EA,"ARECASTRUM ROMAN. 42""",650,TR,"42""",
0390-146,1300,543,EA,"ARECASTRUM ROMAN 60""   16' BTH",1300,TR,"60""",
0390-148,900,542.2,EA,"ARECASTRUM ROMAN 48"" SINGLE",900,TR,"48""",
0390-160,1400,501,EA,"ARECASTRUM ROMAN 60""   SINGLE",1400,TR,"60""",
0390-205,15,513,EA,ARECASTRUM ROMAN 5G MULTI,15,TR,5G,
0390-215,55,510,1,ARECASTRUM ROMAN 15G MLT,55,TR,15G,
0390-224,325,507,EA,"ARECASTRUM ROMAN 24"" MLT",325,TR,"24""",
0390-236,800,505,EA,"ARECASTRUM ROMAN 36""  MLT",800,TR,"36""",
0390-248,2000,542.2,EA,"ARECASTRUM ROMAN 48""  MLT",2000,TR,"48""",
0390-300,490,542,EA,"ARECASTRUM ROMAN 36""  (6' BTH)",490,TR,"36""",
0390-305,650,542,EA,"ARECASTRUM ROMAN 36""  (8' BTH)",650,TR,"36""",
0390-310,900,542.2,EA,"ARECASTRUM ROMAN 48""  (10' BTH)",900,TR,"48""",
0390-320,810,542,EA,"ARECASTRUM ROMAN 36"" (12' BTH)",810,TR,"36""",
0390-325,1000,542.2,EA,"ARECASTRUM ROMAN 48""  (13' BTH)",1000,TR,"48""",
0390-330,1200,542.2,EA,"ARECASTRUM ROMAN 48""   (14' BTH)",1200,TR,"48""",
0390-331,1200,542.2,EA,"ARECASTRUM ROMAN 48""  (15' BTH)",1200,TR,"48""",
0390-332,1050,542.2,EA,"ARECASTRUM ROMAN 48""   (16' BTH)",1050,TR,"48""",
0390-333,1300,543,EA,"ARECASTRUM ROMAN 60""  (16' BTH)",1300,TR,"60""",
0390-334,1440,543,EA,ARECASTRUM ROMAN 20' BTH,1440,TR,BTH,
0390-335,1800,543,EA,ARECASTRUM ROMAN 25' BTH,1800,TR,BTH,
0390-336,460,542,EA,"SYAGRUS ROMANZOFFIANA 36"" (8-10' BTH)",460,TR,"36""",
0390-501,5,522,EA,"ARCTOSTAPHYLOS ""SUNSET"" 1G",5,SH,1G,
0391-001,6,522,EA,AGAVE VILMORINIANA 1G,6,SH,1G,
0391-005,25,520,EA,AGAVE ATT. VARIEGATA 5G,25,SH,5G,
0391-024,450,521,EA,"ALOE HERCULES 24""",450,TR,"24""",
0391-025,24,520,EA,AGAVE ATT. 'BOUTIN BLUE' 5G,30,SH,5G,
0391-036,950,505,EA,"ALOE HERCULES 36"" (apprx 3' bth, 6' O.H.)",950,TR,"36""",
0391-101,7,522,EA,AGAVE BLUE GLOW 1G,7,SH,1G,
0391-105,20,520,EA,AGAVE LOPHANTHA 'QUADRICOLOR' 5G,20,SH,5G,
0391-115,80,519,EA,AGAVE TEQUILINA 15G,80,SH,15G,
0391-136,3700,505,ea,"ALOE HERCULES 36"" (approx 6' bth, 9' O.H.)",3700,TR,"36""",
0391-201,8,522,EA,AGAVE FERDINAND-REGIS 1G,8,SH,1G,
0391-205,30,520,EA,AGAVE GUIENGOLA 5G,30,SH,5G,
0391-215,95,519,EA,AGAVE GUIENGOLA 15G,95,SH,15G,
0391-224,400,521,EA,"ALOE ARBORESCENS 24""",400,SH,"24""",
0391-225,250,521,EA,"ALOE VAOMBE 24""",250,TR,"24""",
0391-301,7,522,EA,AGAVE A. VARIEG MARGINATA 1G,7,SH,1G,
0391-305,31.25,520,EA,AGAVE PARRYI TRUNCATA 5G,31.25,SH,5G,
0391-315,80,519,EA,AGAVE VAR. MEDIO PICTA 'ALBA' 15G,80,SH,15G,
0391-320,380,507,EA,"ALOE MARLOTHII 20"" RETAIL SPECIMEN",380,TR,"20""",
0391-401,10,522,EA,AGAVE ATT. NOVA 1G (NOT SOLD),10,SH,1G,
0391-405,18,520,EA,AGAVE COLORATA 5G,18,SH,5G,
0391-415,75,519,EA,AGAVE AMERICANA (BLUE) 15G,75,SH,15G,
0391-420,450,507,EA,"ALOE HERCULES 20"" RETAIL SPECIMEN",450,TR,"20""",
0391-424,300,507,EA,"AGAVE VARIEGATA 24""",300,SH,"24""",
0391-501,6,522,EA,AGAVE ATTENUATA 1G,6,SH,1G,
0391-505,12.5,520,EA,AGAVE DESERTI 5G,12.5,SH,5G,
0391-515,50,519,EA,AGAVE ATTENUATA 15G,50,SH,15G,
0391-524,350,521,EA,"AGAVE GUIENGOLA 24""",350,SH,"24""",
0391-601,6.5,522,EA,AGAVE LOP. 'QUADRICOLOR' 1G,6.5,SH,1G,
0391-605,12.8,520,EA,AGAVE ATTENUATA 5G,16,SH,5G,
0391-607,40,520,EA,AGAVE ATTENUATA 7G,40,SH,7G,
0391-615,110,519,EA,AGAVE ATT. VARIEGATA 15G,110,SH,15G,
0391-624,300,507.2,EA,"AGAVE ATTENUATA 24""",300,SH,"24""",
0391-701,8,522,EA,AGAVE VICTORIA REGINAE 1G,8,SH,1G,
0391-705,20,520,EA,AGAVE PARRYI 5G,20,SH,5G,
0391-715,75,519,EA,AGAVE AMER. MARGINATA 15G,75,SH,15G,
0391-724,225,507,EA,"AGAVE AMER. MARGINATA 24""",225,SH,"24""",
0391-801,8,522,EA,AGAVE A. 'KARA' STRIPES' 1G,8,SH,1G,
0391-805,25,520,EA,AGAVE BLUE FLAME 5G,21,SH,5G,
0391-815,90,519,EA,AGAVE VICTORIA REGINAE 15G,90,SH,15G,
0391-824,300,507.2,EA,"AGAVE ATTENUATA 24"" MLT",300,SH,"24""",
0391-901,6,522,EA,AGAVE DESM. VARIEGATA 1G,6,SH,1G,
0391-905,20,520,EA,AGAVE DESM. VARIEGATA 5G,20,SH,5G,
0391-915,75,519,EA,AGAVE RAY OF LIGHT 15G,75,SH,15G,
0391-924,250,521,EA,"ALOE VERA 24""",250,SH,"24""",
0392-001,7,522,EA,AGAVE BLUE FLAME 1G,7,SH,1G,
0392-005,20,520,EA,AGAVE DESMETTIANA 5G,20,SH,5G,
0392-015,56,519,EA,AGAVE DESM. VARIEGATA 15G,75,SH,15G,
0392-024,500,507.2,EA,"AGAVE BLUE GLOW 24""",500,SH,"24""",
0392-101,8,522,EA,AGAVE SHAWII 1G,8,SH,1G,
0392-105,38,520,EA,AGAVE VICTORIA REGINAE 5G,38,SH,5G,
0392-115,62.4,519,EA,AGAVE ATT. NOVA 15G,80,SH,15G,
0392-124,300,507.2,EA,"AGAVE AMERICANA VAR. 24""",300,SH,"24""",
0392-201,8,522,EA,AGAVE PARRYI 1G,8,SH,1G,
0392-205,20,520,EA,AGAVE VILMORINIANA 5G,20,SH,5G,
0392-215,90,519,EA,"AGAVE ""SHAWII"" 15G",90,SH,15G,
0392-224,400,507.2,EA,"AGAVE ATT. ""NOVA"" 24""",400,SH,"24""",
0392-225,20,520,EA,AGAVE AMERICANA 5G,20,SH,5G,
0392-285,22,520,EA,AGAVE WEBERI 5G,22,SH,5G,
0392-301,6.5,522,EA,AGAVE BOUTIN BLUE 1G,6.5,SH,1G,
0392-305,20,520,EA,AGAVE FILIFERA 5G,20,SH,5G,
0392-315,55,519,EA,AGAVE DESMETTIANA 15G,55,SH,15G,
0392-324,300,507,EA,"AGAVE AMERICANA 24""",300,SH,"24""",
0392-405,25,520,EA,AGAVE REIRI 5G,25,SH,5G,
0392-415,75,519,EA,AGAVE VILMORINIANA 15G,75,SH,15G,
0392-424,300,507.2,EA,"AGAVE VILMORINIANA 24""",300,SH,"24""",
0392-436,600,505,EA,"AGAVE VILMORINIANA 36""",600,SH,"36""",
0392-501,5,522,EA,ARCTOSTAPH. 'EMRLD CRPT' 1G,5,GCC,1G,
0392-505,20,520,EA,AGAVE AMERICANA VARI. 5G,20,SH,5G,
0392-515,75,519,EA,AGAVE AMERICANA VARI 15G,75,SH,15G,
0392-524,300,507.1,EA,"AGAVE ATT. 'VARIEGATED' 24""",300,SH,"24""",
0392-605,14,520,EA,ARCTOST. EMERALD CARPET 5G,14,GCC,5G,
0392-615,80,519,EA,AGAVE MEDIO PICTA 15G,80,SH,15G,
0392-624,350,507.2,EA,"AGAVE BLUE FLAME 24""",350,SH,"24""",
0392-705,25,520,EA,AGAVE SHAWII 5G,25,SH,5G,
0392-715,75,519,EA,AGAVE VILMORINIANA 15G,75,SH,15G,
0392-724,300,521,EA,"AGAVE 'RAY OF LIGHT' 24""",300,SH,"24""",
0392-805,32,520,EA,AGAVE CELSI NOVA 5G,32,SH,5G,
0392-815,80,519,EA,AGAVE PARRYI 15G,80,SH,15G,
0392-825,300,507.2,,AGAVE A. BOUTIN BLUE 25g,300,SH,25G,
0392-905,30,520,EA,AGAVE WEBERI REINER'S SELECTION 5G,30,SH,5G,
0392-910,100,519,EA,AGAVE FERD-REGIS 10G,100,SH,10G,
0392-915,90,519,EA,AGAVE CELSII 15G,90,SH,15G,
0392-995,80,519,EA,AGAVE WEBERI 15G,80,SH,15G,
0393-001,7.5,522,EA,AEONIUM KIWI 1G,7.5,SH,1G,
0393-002,27,520,EA,AGAVE BLUE GLOW 2G,27,SH,2G,
0393-004,4,524.1,EA,"AEONIUM 'KIWI' 4"" POT",4,SH,"4""",
0393-005,23,520,EA,AGAVE BLUE GLOW 5G,23,SH,5G,
0393-015,110,519,EA,AGAVE HUNTINGTON BLUE 15G,110,SH,15G,
0393-105,50,520,EA,AGAVE HUNTINGTON BLUE 5G,50,SH,5G,
0393-115,80,519,EA,AGAVE BLUE GLOW 15G,80,SH,15G,
0393-205,20,520,EA,AGAVE ANG. MARGINATA 5G,20,SH,5G,
0393-215,58.5,519,EA,AGAVE BLUE FLAME 15G,75,SH,15G,
0393-225,60,519,EA,AGAVE ATT. 'KARA'S STRIPE' 15G,60,SH,15G,
0393-235,18,520,EA,AGAVE FRANZOSINI 5G,18,SH,5G,
0393-245,18,520,EA,AGAVE POTATORUM 5G,18,SH,5G,
0393-255,20,520,EA,AGAVE CELSI ALBICAN UCB 5G,20,SH,5G,
0393-265,18,520,EA,AGAVE TITANOTA 5G,18,SH,5G,
0393-275,20,520,EA,AGAVE LOP. 'SPLENDIDA' 5G,20,SH,5G,
0393-285,25,520,EA,AGAVE AV. MEDIOPICTA 'ALBA' 5G,25,SH,5G,
0393-305,20,520,EA,AGAVE 'TRUNCATA' 5G,20,SH,5G,
0393-315,100,519,EA,AGAVE A. BOUTIN BLUE 15G,100,SH,15G,
0393-405,28,520,EA,AGAVE A. KARA STRIPES 5G,28,SH,5G,
0393-415,90,519,EA,AGAVE VAR. TRUNCATA 15G,90,SH,15G,
0393-505,21,520,EA,AEONIUM URBICUM JOLLY GRN 5G,21,SH,5G,
0393-515,21,520,EA,AEONIUM 'PSUEDOTAB.' 5G,21,SH,5G,
0393-605,20,520,EA,AEONIUM ATROPURPUREUM 5G,20,SH,5G,
0393-615,100,519,EA,AGAVE CELSI MULTICOLOR 15G,100,SH,15G,
0393-655,20,520,EA,AGAVE GHIESBEGHTII 5G,20,SH,5G,
0393-705,20,520,EA,AEONIUM KIWI 5G,20,SH,5G,
0393-715,90,519,EA,AGAVE CELSII 'ALBINICA' 15G,90,SH,15G,
0393-755,20,520,EA,AGAVE SNOWFALL 5G,20,SH,5G,
0393-805,20,520,EA,AEONIUM RUBRUM DWF 5G,20,SH,5G,
0393-815,85,519,EA,AGAVE 'BLUE WEBERI' 15G,85,SH,15G,
0393-855,18,520,EA,AGAVE GEMINIFLORA 5G,18,SH,5G,
0393-905,21,520,EA,AEONIUM CANARIENSE 5G,21,SH,5G,
0393-915,75,519,EA,AGAVE GEMINIFLORA 15G,75,SH,15G,
0393-955,25,520,EA,AGAVE RAY OF LIGHT 5G,25,SH,5G,
0394-005,25,520,EA,AGAVE BRACTEOSA 5G,25,SH,5G,
0394-015,65,519,,AGAVE RAEA'S GOLD 15G,65,SH,15G,
0394-101,8,522,EA,AEONIUM SUNCUP 1G,8,SH,1G,
0394-105,20,520,EA,AEONIUM ARB. TIP-TOP 5G,20,SH,5G,
0394-115,80,519,EA,AGAVE TEQ. AZUL 15G,80,SH,15G,
0394-205,21,520,EA,AEONIUM UNDULATUM 5G,21,SH,5G,
0394-215,50,519,EA,AGAVE OVATIFOLIA 15G,,,,
0394-305,21,520,EA,AEONIUM SUNBURST 5G,21,SH,5G,
0394-315,50,519,EA,AGAVE NIGRA 15G,,,,
0394-405,20,520,EA,AEONIUM CABERNET 5G,20,SH,5G,
0394-505,20,520,EA,AEONIUM HAWORTHI 5G,20,SH,5G,
0394-601,6.5,522,EA,AEONIUM 'BLUSHING BEAUTY' 1G,6.5,SH,1G,
0394-605,20,520,EA,AEONIUM ARB. 'ELECTRA' 5G,20,SH,5G,
0394-705,17,520,EA,AEONIUM 'BLACK BEARD' 5G,17,SH,5G,
0394-805,13.5,520,EA,AEONIUM 'CYCLOPS' 5G,13.5,SH,5G,
0394-905,20,520,EA,AEONIUM ARBOREUM 5G,20,SH,5G,
0395-001,5.6,522,EA,ANIGOZ. DWARF DELIGHT 1G,5.6,GCC,1G,
0395-005,15,520,EA,ANIGOZ. BUSH RANGER 5G,15,GCC,5G,
0395-101,5.6,522,EA,ANIGOZ. BUSH RANGER 1G,5.6,GCC,1G,
0395-104,3.1,524.1,EA,"ANIGOZANTHUS FLAVIDUS 4"" POT",3.1,GCC,"4""",
0395-105,18,520,EA,ANIGOZANTHOS SUNBURST 5G,18,GCC,5G,
0395-106,2.9,524,EA,ANIGOZANTHUS HARMONY LINER,2.9,GCC,,
0395-111,5.5,522,EA,ANIGOZ. ORG KANG PAW 1G,5.5,GCC,1G,
0395-201,5.5,522,EA,ANIGOZANTHUS CULT. RED 1G,5.5,GCC,1G,
0395-205,20,520,EA,ANIGOZANTHOS KANGA PINK 5G,20,GCC,5G,
0395-215,55,519,EA,"ANIGOZANTH. ""BUSH RANGER"" 15G",55,GCC,15G,
0395-301,5.5,522,EA,ANIGOZANTHUS  YELLOW 1G,5.5,GCC,1G,
0395-305,17,520,EA,ANIGOZ. HYB. BIG RED 5G,17,GCC,5G,
0395-311,14,520,EA,ANIGOZANTHUS DWF YELLOW 5G,14,GCC,5G,
0395-315,50,519,EA,ANIGOZANTHUS DWF YELLOW 15G,50,GCC,15G,
0395-401,5.5,522,EA,ANIGOZANTHUS SPP. RED 1G,5.5,GCC,1G,
0395-405,16,520,EA,ANIGOZANTHUS DWARF DELIGHT 5G,16,GCC,5G,
0395-415,50,519,EA,ANIGOZANTHUS BIG RED 15G,50,GCC,15G,
0395-501,5.5,522,EA,ANIGOZANTHUS C. REGAL CLAW 1G,5.5,GCC,1G,
0395-505,15,520,EA,ANIGOZANTHOS FLAVIDUS RED 5G,15,GCC,5G,
0395-515,50,519,EA,ANIGOZANTHOS FLAVIDUS 15G,50,GCC,15G,
0395-555,13,520,EA,ANIGOZ.F.HYB.ORG. KANG PAW 5G,13,GCC,5G,
0395-601,5.5,522,EA,ANIGOZANTHOS FLAVIDUS RED 1G,5.5,GCC,1G,
0395-605,14,520,EA,ANIGOZANTHOS RUFUS 5G,14,GCC,5G,
0395-615,60,519,EA,ANIGOZANTHUS ORANGE CROSS 15G,60,GCC,15G,
0395-701,5.6,522,EA,ANIGOZANTHUS MANGLESII 1G,5.6,GCC,1G,
0395-705,14,520,EA,ANIGOZANTHUS MANGLESII 5G,14,GCC,5G,
0395-715,60,519,EA,ANIGOZANTHUS MANGLESII 15G,60,GCC,15G,
0395-801,5.6,522,EA,ANIGOZ. BUSH GOLD 1G,5.6,GCC,1G,
0395-805,16,520,EA,ANIGOZANTHOS F. HARMONY 5G,16,GCC,5G,
0395-815,50,519,EA,ANIGOZANTHUS HARMONY 15G,50,GCC,15G,
0395-901,5.6,522,EA,ANIGOZANTHUS BUSH PEARL 1G,5.6,GCC,1G,
0395-905,15,520,EA,ANIGOZ. DWF BUSH GOLD 5G,15,GCC,5G,
0396-001,6,522,EA,ANIGOZANTHUS HARMONY 1G,6,GCC,1G,
0396-005,15,520,EA,ANIGOZ. HYB BUSH GARNET 5G,15,GCC,5G,
0396-101,6,522,EA,ANIGOZ. PINK JOEY 1G,6,GCC,1G,
0396-105,16,520,EA,ANIGOZANTHUS BUSH PEARL 5G,16,GCC,5G,
0396-201,5.5,522,EA,ANIGOZANTHUS BIG RED 1G,5.5,GCC,1G,
0396-205,14,520,EA,ANIGOZANTHUS YELLOW GEM 5G,14,GCC,5G,
0396-301,5.5,522,EA,ANIGOZANTHUS REGAL VELVET 1G,5.5,GCC,1G,
0396-305,15,520,EA,ANIGOZANTHUS RED CROSS 5G,15,GCC,5G,
0396-401,6,522,EA,ANIGOZ. BUSH BLAZE 1G,6,GCC,1G,
0396-405,15,520,EA,ANIGOZANTHUS PINK JOEY 5G,15,GCC,5G,
0396-501,5.75,522,EA,ANIGOZ 'CAPE MAGENTA' 1G,5.75,GCC,1G,
0396-505,15,520,EA,ANIGOZ. BUSH DAWN 5G,15,GCC,5G,
0396-601,6,522,EA,ANIGOZ. KANGA PNK 1G,6,GCC,1G,
0396-605,16,520,EA,ANIGOZANTHOS YELLOW 5G,16,GCC,5G,
0396-705,18,520,EA,ANIGOZ. FLAV. BUSH GOLD 5G,18,GCC,5G,
0396-805,16,520,EA,ANIGOZANTHUS FL. TALL RED 5G,16,GCC,5G,
0396-905,16,520,EA,ANIGOZANTHUS BUSH TENACITY 5G,16,GCC,5G,
0397-001,5.5,522,EA,ANIGOZANTHOS 'YELLOW GEM' 1G,5.5,GCC,1G,
0397-005,18,520,EA,ANIGOZANTHUS BUSH DEVIL 5G,18,GCC,5G,
0397-101,5.5,522,EA,ANIGOZANTHOS 'BUSH RED' 1G,5.5,GCC,1G,
0397-105,18,520,EA,ANIGOZANTHUS BUSH RED 5G,18,GCC,5G,
0397-201,6,522,EA,ANIGOZANTHOS 'BUSH TANGO' 1G,6,GCC,1G,
0397-205,18,520,EA,ANIGOZANTHUS REGAL CLAW 5G,18,GCC,5G,
0397-305,18,520,EA,ANIGOZANTHUS REGAL VELVET 5G,18,GCC,5G,
0397-405,18,520,EA,ANIGOZANTHUS RED BUSH BABY 5G,18,GCC,5G,
0397-505,18,520,EA,ANIGOZANTHUS AMBER VELVET 5G,18,GCC,5G,
0397-601,6,522,EA,ANIGOZ BIG ROO 1G (DWF ORANGE),6,GCC,1G,
0397-605,20,520,EA,ANIGOZANTHUS BIG ROO RED 5G,20,GCC,5G,
0397-701,6,522,EA,ANIGOZANTHOS 'BUSH DEVIL' 1G,6,GCC,1G,
0397-705,16,520,EA,ANIGOZANTHUS KANGA YELLOW 5G,16,GCC,5G,
0397-801,5.5,522,EA,ANIGOZANTHOS 'X 'GOLD VELVET' 1G,5.5,GCC,1G,
0397-805,17,520,EA,ANIGOZANTHOS 'BUSH SUNSET' 5G,17,GCC,5G,
0398-505,16,520,EA,ANIGOZ. ORANGE CROSS 5G,16,GCC,5G,
0398-705,22,520,EA,ANIGOZANTHOS BUSH DEVIL 5G,22,GCC,5G,
0398-801,5.5,522,EA,ANIGOZANTHOS 'CAPE AURORA' 1G,5.5,GCC,1G,
0398-805,16,520,EA,ANIGOZANTHOS 'CAPE AURORA' 5G,16,GCC,5G,
0398-905,18,520,EA,ANIGOZANTHOS 'CAPE MAGENTA' 5G,18,GCC,5G,
0399-105,18,520,EA,ANIGOZANTHUS F. 'RUBY VELVET' 5G,18,GCC,5G,
0399-205,18,520,EA,ANIGOZANTHOS X 'GOLD VELVET' 5G,18,GCC,5G,
0400-501,4,522,EA,ARMERIA MARITIMA 1G,4,GCC,1G,
0401-005,20,520,EA,AEONIUM MINT SAUCER 5G,20,GCC,5G,
0401-105,21,520,EA,AEONIUM HYB. 'PLUM PETALS' 5G,21,GCC,5G,
0401-205,,,,AEONIUM BLUSHING BEAUTY 5G,,,,
0402-005,22,520,EA,AGAVE SNOW GLOW 5G,22,SH,5G,
0402-105,22,520,EA,AGAVE REGINAE 5G,22,SH,5G,
0410-501,4.5,522,EA,ASPIDISTRA ELATIOR 1G,4.5,GCC,1G,
0410-505,13,520,EA,ASPIDISTRA ELATIOR 5G,13,GCC,5G,
0410-515,55,519,EA,ASPIDISTRA ELATOR 15G,55,GCC,15G,
0410-601,3.5,522,EA,ASPIDIUM CAPENSE 1G,3.5,GCC,1G,
0420-505,3.5,522,EA,AUCUBA JAPONICA SERRA 1G,3.5,SH,1G,
0420-515,16.5,520,EA,AUCUBA JAPONICA SERRA 5G,16.5,SH,5G,
0421-405,16.5,520,EA,AUCUBA JAP. 'MR. GOLDSTRIKE' 5G,16.5,SH,5G,
0421-501,3.5,522,EA,AUCUBA JAP. VARIEGATA 1G,3.5,SH,1G,
0421-505,10.5,520,EA,AUCUBA JAP. VARIEGATED 5G,10.5,SH,5G,
0421-515,41,519,EA,AUCUBA JAP. VAR. 15G,41,SH,15G,
0421-605,11,520,EA,AUCUBA JAPONICA 5G,11,SH,5G,
0422-505,28,520,EA,AUCUBA JAPONICA PICTURATA 5G,28,SH,5G,
0422-515,38,519,EA,AUCUBA J. PICTURATA 15G,38,SH,15G,
0425-501,4,522,EA,AZALEA ALASKA 1G,4,SH,1G,
0425-505,19,520,EA,AZALEA ALASKA 5G,19,SH,5G,
0425-507,31,519,EA,AZALEA ALASKA 7G,31,SH,7G,
0425-515,50,519,EA,AZALEA ALASKA 15G,50,SH,15G,
0425-601,3.5,522,EA,"AZALEA ""ROBIN HILL"" 1G",3.5,SH,1G,
0425-605,18,520,EA,AZALEA PURPLE GEM 5G,18,SH,5G,
0425-615,55,519,EA,AZALEA CALIFORNIA PEACH 15G,55,SH,15G,
0425-705,10,520,EA,AZALEA EVEREST 5G,10,SH,5G,
0425-715,60,519,EA,AZALEA EVEREST 15G,60,SH,15G,
0426-315,45,519,EA,AZALEA INDICA 'PINK' 15G,45,SH,15G,
0426-415,50,519,EA,AZALEA RED WING 15G PATIO TREE,50,TR,15G,
0426-501,3.25,522,EA,AZALEA DUC DE ROHAN 1G,3.25,SH,1G,
0426-505,8.8,520,EA,AZALEA DUC DE ROHAN 5G,8.8,SH,5G,
0426-507,31,519,EA,AZALEA DUC DE ROHAN 7G,31,SH,7G,
0426-515,45,519,EA,AZALEA DUC DE ROHAN 15G,45,SH,15G,
0426-516,55,519,EA,AZALEA 'PHOENCIA' 15G,55,SH,15G,
0426-605,10,520,EA,"AZALEA BELGIAN ""WHITE"" 5G",10,SH,5G,
0426-615,45,519,EA,AZALEA SOUTHERN INDICA 15G,45,SH,15G,
0426-715,60,519,EA,AZALEA ROSE GLOW 15G,60,SH,15G,
0426-801,3.5,522,EA,"AZALEA ""PHOENECIA"" 1G",3.5,SH,1G,
0426-815,80,519,EA,AZALEA BELGIAN INDICA 'RED' 15G PATIO TREE,80,TR,15G,
0427-501,3.25,522,EA,AZALEA FIELDERS WHITE 1G,3.25,SH,1G,
0427-505,10,520,EA,AZALEA FIELDERS WHITE 5G,10,SH,5G,
0427-507,31,519,EA,AZALEA FIELDERS WHITE 7G,31,SH,7G,
0427-515,45,519,EA,AZALEA FIELDERS WHITE 15G,45,SH,15G,
0427-555,3.25,522,EA,AZALEA NUCCIO'S CARNIVAL 1G,3.25,SH,1G,
0427-560,10,520,EA,AZALEA NUCCIO'S CARNIVAL 5G,10,SH,5G,
0427-605,10,520,EA,AZALEA CUNNINGHAM WHITE 5G,10,SH,5G,
0427-615,33,519,EA,AZALEA CUNNINGHAM WHITE 15G,33,SH,15G,
0427-705,9,520,EA,AZALEA SHERWOOD ORCHID 5G,9,SH,5G,
0427-724,120,507.2,EA,"AZALEA FIELDER'S WHITE 24""",120,SH,"24""",
0428-501,4,522,EA,AZALEA FORMOSA 1G,4,SH,1G,
0428-505,10,520,EA,AZALEA FORMOSA 5G,10,SH,5G,
0428-507,31,519,EA,AZALEA FORMOSA 7G,31,SH,7G,
0428-515,40,519,EA,AZALEA FORMOSA 15G,40,SH,15G,
0429-501,3.8,522,EA,AZALEA GEORGE L TABOR 1G,3.8,SH,1G,
0429-505,14,520,EA,AZALEA GEORGE L TABOR 5G,14,SH,5G,
0429-507,31,519,EA,AZALEA GEORGE L TABOR 7G,31,SH,7G,
0429-515,40,519,EA,AZALEA GEORGE L TABOR 15G,40,SH,15G,
0429-615,10,520,EA,AZALEA I. GARARD FUSCHIA  5G,10,SH,5G,
0429-815,90,510.4,EA,AZALEA GRG TABER 15G PATIO,90,SH,15G,
0429-915,15,520,EA,AZALEA GLORIA SUNNY HILL 5G,15,SH,5G,
0430-501,3.25,522,EA,AZALEA PRIDE OF DORKING 1G,3.25,SH,1G,
0430-505,9,520,EA,AZALEA PRIDE OF DORKING 5G,9,SH,5G,
0430-507,31,519,EA,AZALEA PRIDE OF DORKING 7G,31,SH,7G,
0430-515,38,519,EA,AZALEA PRIDE OF DORKING 15G,38,SH,15G,
0431-015,50,519,EA,AZALEA STHRN INDICA RED 15G,50,SH,15G,
0431-105,9,520,EA,AZALEA RED WING 5G,9,SH,5G,
0431-215,45,519,EA,AZALEA 'LITTLE JOHN' (MONROVIA) 15G,45,SH,15G,
0431-305,11,520,EA,AZALEA PINK 5G,11,SH,5G,
0431-405,11,520,EA,AZALEA 'CORAL BELLS' (PINK) 5G,11,SH,5G,
0431-501,4,522,EA,AZALEA RED BIRD 1G,4,SH,1G,
0431-505,10.5,520,EA,AZALEA RED BIRD 5G,10.5,SH,5G,
0431-507,31,519,EA,AZALEA RED BIRD 7G,31,SH,7G,
0431-515,38,519,EA,AZALEA RED BIRD 15G,38,SH,15G,
0431-605,9,520,EA,"AZALEA ""RED RUFFLES"" 5G",9,SH,5G,
0431-705,11,520,EA,AZALEA BRILLIANT 5G,11,SH,5G,
0431-707,31,519,EA,AZALEA BRILLIANT 7G,31,SH,7G,
0431-715,40,519,EA,AZALEA BRILLIANT 15G,40,SH,15G,
0431-805,16,520,EA,AZALEA 'AUTUMN TWIST' 5G,16,SH,5G,
0431-815,10,520,EA,AZALEA SOUTHERN INDICA 5G,10,SH,5G,
0431-905,8.8,520,EA,AZALEA IMPERIAL PRINCESS 5G,8.8,SH,5G,
0431-915,45,519,EA,AZALEA S.I. IVERYANA 15G,45,SH,15G,
0432-505,20,520,EA,AZALEA PATIO TREES 5G,20,TR,5G,
0432-507,26,519,EA,AZALEA PATIO TREES 7G,26,TR,7G,
0432-515,50,519,EA,AZALEA PATIO TREES 15G,50,TR,15G,
0432-605,12,520,EA,AZALEA 'LAVANDER' 5G,12,SH,5G,
0432-915,60,519,EA,SUN AZALEA 15G,60,SH,15G,
0434-104,5,524.1,EA,"SUCCULENTS MIXED 4""",5,GCC,"4""",
0434-201,5,522,EA,SUCCULENTS MIXED 1G,5,GCC,1G,
0435-105,9,520,EA,AZALEA 'L.J. BOBBINK' 5G,9,SH,5G,
0435-205,16,520,EA,AZALEA ROSE GLOW 5G,16,SH,5G,
0436-501,3.25,522,EA,"AZALEA H ""HIGASA"" 1G",3.25,SH,1G,
0436-505,9,520,EA,AZALEA S.I. IMPERIAL QUEEN 5G,9,SH,5G,
0437-505,10,520,EA,AZALEA INDICA RED POPPY 5G,10,SH,5G,
0437-515,38,519,EA,AZALEA INDICA RED POPPY 15G,38,SH,15G,
0438-505,9,520,EA,AZALEA I. SOUTHERN CHARM 5G,9,SH,5G,
0438-507,38,519,EA,AZALEA INDICA SOUTHERN CHARM 7G,38,SH,7G,
0438-605,25,520,EA,AZALEA 'MONESS' 5G,25,SH,5G,
0438-607,31,519,EA,AZALEA IMPERIAL QUEEN PINK 7G,31,SH,7G,
0438-815,38,519,EA,AZALIA I. SOUTHERN CHARM 15G,38,SH,15G,
0439-001,3,522,EA,BACOPA MONNIERI 1G,3,GCC,1G,
0439-101,5,522,EA,BACOPA GOLDEN PEARLS 1G,5,GCC,1G,
0439-201,15,522,EA,BACOPA 1G,15,GCC,1G,
0440-000,1.5,524,EA,CAREX FLACCA FROM PLUGS,1.5,GCC,,
0440-001,1.6,524,EA,CAREX TUMULICOLA  PLUGS,1.6,GCC,,
0440-002,0.35,524,EA,"KOELERIA MAC. "" BARKOEL"" PLUGS",0.35,GCC,,
0440-003,46,635.3,EA,KOELERIA M. BARKOEL FLATS (128 PLUGS),46,GCC,,
0440-004,1.5,522,EA,BACCHARIS SALICIFOLIA LINER,1.5,SH,,
0440-005,1.3,524,EA,CAREX SPISSA - PLUGS,1.3,GCC,,
0440-006,2,522,EA,BOUTELOUA GRACILIS PLUG,2,GCC,,
0440-104,2,524,EA,"CAREX PRAEGRACILIS 4"" POTS",2,GCC,"4""",
0440-201,0.75,524,,CAREX PANSA PLUGS/LINERS,0.75,GCC,,
0440-203,4,522,EA,CAREX PRAEGRACILIS 1G,4,GCC,1G,
0440-204,1.6,524,EA,FESTUCA G. ' FESTUCA BLUE ' LINER,1.6,GCC,,
0440-205,36,531,EA,CAREX PANSA LINER FLATS (50 per),36,GCC,,
0440-213,0.85,524,EA,CAREX PRAEGRACILIS PLUGS,0.85,GCC,,
0440-214,1.25,524,EA,"CAREX PRAEGRACILIS 2 1/4"" LINER",1.25,GCC,"4""",
0440-301,3.75,522,EA,BACCHARIS PILULARIS 1G,3.75,SH,1G,
0440-401,2.75,522,EA,BACCHARIS CONSANGUINEA 1G,2.75,SH,1G,
0440-405,10,520,EA,BACCHARIS T. STARN 5G,10,SH,5G,
0440-501,3.8,522,EA,BACCHARIS P. TWIN PEAK 1G,3.8,SH,1G,
0440-505,10,520,EA,BACCHARIS PIL TWIN PEAK 5G,10,SH,5G,
0440-601,3.8,522,EA,BACCARIS THOMPSON 1G,3.8,SH,1G,
0440-605,7.5,520,EA,BACC P. CONSANGUINEA 5G,7.5,SH,5G,
0440-701,3.7,522,EA,BACCHARIS SALICIFOLIA 1G,3.7,SH,1G,
0440-705,11,520,EA,BACCHARIS GLUTINOSA 5G,11,SH,5G,
0440-801,1.05,522,EA,BACCHARIS SALICIFOLIA CUTTINGS,1.05,SH,,
0440-822,18.5,530,EA,ARMERIA MARITIMA FLATS,14,GCC,,
0440-823,34,530,EA,"ARMERIA MARITIMA 4"" FLATS",18,GCC,"4""",
0440-824,19,530,FL,ARMERIA MAR. 'COTTON TAIL' FLATS,14,GCC,,
0440-901,4.5,522,EA,BACCHARIS SAROTHROIDES  1G,4.5,SH,1G,
0440-905,11,520,EA,BACCHARIS PIL PIGEON PT. 5G,11,SH,5G,
0441-001,5,522,EA,SALIX EXIGUA 1G,5,TR,1G,
0441-005,7.5,520,EA,BACCARIS THOMPSONII 5G,7.5,SH,5G,
0441-101,3.25,522,EA,BACCHARIS STARN 1G,3.25,SH,1G,
0441-105,10,520,EA,BACCHARIS PILULARIS 5G,10,SH,5G,
0441-111,0.95,524,EA,LEYMUS TRITICOIDES LINERS,0.95,GCC,,
0441-201,3.7,522,EA,"BACCHARIS P TWIN PEAKS #2, 1G",3.7,SH,1G,
0441-301,4,522,EA,BACCHARIS SANTA ANA 1G,4,SH,1G,
0441-501,4,522,EA,BACCHARIS P PIGEON POINT 1G,4,SH,1G,
0441-502,1.25,522,EA,BACCHARIS GLUTINOSA SUPER CELL,1.25,SH,,
0441-503,5,522,EA,SALIX LASIOLEPIS 1G,5,TR,1G,
0441-504,3.5,522,EA,BACCHARIS GLUTINOSA 1G,3.5,SH,1G,
0441-505,3.6,522,EA,BACCHARIS CENTENNIAL 1G,3.6,SH,1G,
0441-506,3.8,522,EA,BACCHARIS EMORYII 1G,3.8,SH,1G,
0441-601,2.75,522,EA,BACCHARIS THOMPSON 1G,2.75,SH,1G,
0441-705,10,520,EA,BACCHARIS P. CENTENNIAL 5G,10,SH,5G,
0441-715,40,519,EA,BACCHARIS P. CENTENNIAL 15G,40,SH,15G,
0445-001,4,522,EA,BALLOTA PSEUDODICTAMNUS 1G,4,SH,1G,
0445-002,4.5,522,EA,BALLOTA NIGRA 1G,4.5,SH,1G,
0445-004,2.5,524,EA,"BAILEYA MULTIRADIATA 4""",2.5,GCC,"4""",
0445-024,300,509,EA,"BAMBUSA ALPHONSE KARR 24"" MLT",300,SH,"24""",
0445-101,4,522,EA,DAPHNE CNEORUM 1G,4,SH,1G,
0445-105,35,520,EA,BAMBOO ALPHONSE KARR 5G,35,SH,5G,
0445-120,250,507.2,EA,BAMBUSA OLDHAMII 20 GAL.,250,TR,20G,
0445-124,280,507,EA,"BAMBUSA OLDHAMII 24""",280,TR,"24""",
0445-136,560,505.2,EA,BAMBUSA OLDHAMII 36',560,TR,,
0445-201,4,522,EA,SAXIFRAGA UMBROSA 1G,4,GCC,1G,
0445-205,25,520,EA,CHIMONOBAMBUSA VARIEG 5G,25,SH,5G,
0445-220,250,507.2,EA,BAMBUSA M. 'ALPHONSE KARR' 20 GAL.,250,SH,20G,
0445-224,300,507.2,EA,"BAMBUSA M. ALPHONSE KARR 24""",300,SH,"24""",
0445-236,560,505.2,EA,"BAMBUSA M ALPHONSE KARR 36""",560,SH,"36""",
0445-239,650,505.2,EA,"PHYLLOSTACHYS AUREA 36"" BOX  MULTI",650,SH,"36""",
0445-336,600,505.2,EA,"BAMBUSA GOLDEN GODDESS 36""",600,SH,"36""",
0445-505,35,520,EA,BAMBOO M. GOLD GODDESS 5G,35,SH,5G,
0445-515,95,519,EA,BAMBUSA M. 'GOLDEN GODDESS' 15G,95,SH,15G,
0445-524,270,507,EA,"BAMBUSA GOLDEN GODDESS 24""",270,SH,"24""",
0445-615,95,519,EA,BAMBUSA OLDHAMII 15G,95,SH,15G,
0445-616,95,519,EA,BAMBUSA VENTRICOSA 15G,95,SH,15G,
0445-624,280,509,EA,"BAMBUSA GOLDEN GODDESS 24"" MLT",280,SH,"24""",
0445-715,100,519,EA,BAMBUSA MULTIPLEX 15G,100,SH,15G,
0445-724,300,507,EA,"BAMBOO TEXTILIS 24""",300,SH,"24""",
0445-824,280,507,EA,"BAMBUSA MULTIPLEX 24"" BOX",280,SH,"24""",
0445-915,95,519,EA,BAMBUSA 'GOLDEN GODDESS' 15G,95,SH,15G,
050-030,0.4,None,EA,1/2 X 3 NIPPLE - SCH 80 (PVC),0.4,L,,
050-030BL,0.5,None,EA,1/2 X 3 NIPPLE -  (B-LN),0.5,L,,
050-030BS,0,None,EA,1/2 X 3 NIPPLE (BRASS),0,L,,
050-030UV,0.5,None,EA,1/2 X 3 NIPPLE - (UVR),0.5,L,,
050-040,0.6,None,EA,1/2 X 4 NIPPLE - SCH 80 (PVC),0.6,L,,
050-040BL,0,None,EA,1/2 X 4 NIPPLE - SCH 80 (B-LN),0,L,,
050-040BS,0,None,EA,1/2 X 4 NIPPLE (BRASS),0,L,,
050-040UV,0.7,None,EA,1/2 X 4 NIPPLE -(UVR),0.7,L,,
050-050,0,999,EA,"SCH 80 NIPPLE (PVC) - 1/2 X 5""",0,L,"5""",
0500-501,2.75,522,EA,BEGONIA SEMPERFLORENS 1G,2.75,GCC,1G,
0500-505,9,520,EA,BEGONIA SEMPERFLORENS 5G,9,GCC,5G,
050-060,0.95,None,EA,1/2 X 6 NIPPLE - SCH 80 (PVC),0.95,L,,
050-060BL,0,None,EA,1/2 X 10 NIPPLE - SCH 80 (B-LN),0,L,,
050-060BS,0,None,EA,1/2 X 6 NIPPLE (BRASS),0,L,,
050-060UV,1,None,EA,1/2 X 6 NIPPLE - SCH 80 (UVR),1,L,,
050-080,0,None,EA,1/2 X 8 NIPPLE - SCH 80 (PVC),0,L,,
050-080BL,0,None,EA,1/2 X 8 NIPPLE - SCH 80 (B-LN),0,L,,
050-080BS,0,None,EA,1/2 X 8 NIPPLE (BRASS),0,L,,
050-080UV,0,None,EA,1/2 X 8 NIPPLE - SCH 80 (UVR),0,L,,
050-100,0,None,EA,1/2 X 10 NIPPLE - SCH 80 (PVC),0,L,,
050-100BL,0,None,EA,1/2 X 10 NIPPLE - SCH 80 (B-LN),0,L,,
050-100BS,0,None,EA,1/2 X 10 NIPPLE (BRASS),0,L,,
050-100UV,0,None,EA,1/2 X 10 NIPPLE - SCH 80 (UVR),0,L,,
050-120,1.25,None,EA,1/2 X 12 NIPPLE - SCH 80 (PVC),1.25,L,,
050-120BL,2.25,None,EA,405010,2.25,L,,
050-120BS,0,None,EA,1/2 X 12 NIPPLE (BRASS),0,L,,
050-120UV,2.5,None,EA,1/2 X 12 NIPPLE - (UVR),2.5,L,,
050-140,0,None,EA,1/2 X 14 NIPPLE - SCH 80 (PVC),0,L,,
050-140BL,0,None,EA,1/2 X 14 NIPPLE - SCH 80 (B-LN),0,L,,
050-140BS,0,None,EA,1/2 X 14 NIPPLE (BRASS),0,L,,
050-140UV,0,None,EA,1/2 X 14 NIPPLE - SCH 80 (UVR),0,L,,
0501-501,3,522,EA,BEGONIA RICHMONDENSIS 1G,3,GCC,1G,
0501-505,7.5,520,EA,BEGONIA RICHMONDENSIS 5G,7.5,GCC,5G,
050-160,0,None,EA,1/2 X 16 NIPPLE - SCH 80 (PVC),0,L,,
050-160BL,0,None,EA,1/2 X 16 NIPPLE - SCH 80 (B-LN),0,L,,
050-160BS,0,None,EA,1/2 X 16 NIPPLE (BRASS),0,L,,
050-160UV,0,None,EA,1/2 X 16 NIPPLE - SCH 80 (UVR),0,L,,
0501-701,4,522,EA,"BEGONIA ""GIN"" 1G",4,GCC,1G,
050-180,0,None,EA,1/2 X 18 NIPPLE - SCH 80 (PVC),0,L,,
0501-801,3,522,EA,BEGONIA DISSWELLIAN 1G,3,GCC,1G,
050-180BL,0,None,EA,1/2 X 18 NIPPLE - SCH 80 (B-LN),0,L,,
050-180BS,0,None,EA,1/2 X 18 NIPPLE (BRASS),0,L,,
050-180UV,0,None,EA,1/2 X 18 NIPPLE - SCH 80 (UVR),0,L,,
050-240,0,999,EA,"SCH 80 NIPPLE (PVC) - 1/2 X 24""",0,L,"24""",
050-240UV,0,999,EA,"NIPPLE SCH 80 (UVR) - 1/2"" X 24""",0,L,"2""",
050-CL,0.15,None,EA,1/2 X CLOSE NIPPLE - SCH 80 (PVC),0.15,L,,
050-CLBL,0,None,EA,1/2 X CLOSE NIPPLE - SCH 80 (B-LN),0,L,,
050-CLBS,0,None,EA,1/2 X CLOSE NIPPLE (BRASS),0,L,,
050-CLUV,0,None,EA,1/2 X CLOSE NIPPLE - SCH 80 (UVR),0,L,,
0510-105,15,520,EA,BERBERIS T. ROSEGLOW 5G,15,SH,5G,
0510-205,12,520,EA,BERBERIS AQUIFOLIUM COMP 5G,,,,
0510-401,5,522,EA,BERBERIS GOLD. ABUNDANCE 1G,5,SH,1G,
0510-415,55,519,EA,BERBERIS 'GOLDEN ABUNDANCE' 15G,55,SH,15G,
0510-501,2.5,522,EA,BERBERIS THUNBERGU ATRO 1G,2.5,SH,1G,
0510-505,11,520,EA,BERBERIS THUNBERG. ATRO 5G,11,SH,5G,
0510-515,38,519,EA,BERBERIS THUNBERGU ATRO 15G,38,SH,15G,
0510-601,4,522,EA,BERBERIS T. 'CRIMSON PYGMY' 1G,4,SH,1G,
0510-615,60,519,EA,BERBERIS AQUIFOLIUM 15G,60,SH,15G,
0510-701,4,522,EA,BERBERIS G. WILLIAM PENN 1G,4,SH,1G,
0511-505,11,520,EA,BERBERIS B. NANA 5G,11,SH,5G,
0511-605,11,520,EA,BERBERIS T. 5G,11,SH,5G,
0511-705,15,520,EA,BERBERIS T. 'CRIMSON PYGMY' 5G,15,SH,5G,
0511-715,50,519,EA,BERBERIS T. 'CRIMSON PYGMY' 15G,50,SH,15G,
0511-805,15,520,EA,BERBERIS THU. 'ORANGE ROCKET' 5G,15,SH,5G,
0519-100,30,999,EA,SCYTHE WEED KILLER (QT),30,FERT,,
0520-001,2.75,522,EA,BERGENIA CRASS. WHITE 1G,2.75,GCC,1G,
0520-501,3,522,EA,BERGENIA CORDIFOLIA 1G,3,GCC,1G,
0520-502,3.75,522,EA,BERGENIA CRASSIFOLIA 1G,3.75,GCC,1G,
0520-505,7.5,520,EA,BERGENIA CORDIFOLIA 5G,7.5,GCC,5G,
0521-505,11,520,EA,AZALEA PHONECIA 5G,11,SH,5G,
054-601,4,527,EA,AMPELOPSIS VEITCHII 1G  STK,4,SH,1G,
054-605,11,526,EA,AMPELOPSIS VEITCHII 5G  STK,11,SH,5G,
0630-115,33,510,EA,BAUHINIA BLAKEANA 15G  STD,33,TR,15G,
0630-124,170,507,EA,"BAUHINIA BLAKEANA 24"" STD",170,TR,"24""",
0630-136,450,505,EA,"BAUHINIA BLAKEANA 36"" STD",450,TR,"36""",
0630-148,1100,503,EA,"BAUHINIA BLAKEANA 48"" STD",1100,TR,"48""",
0630-224,190,507,EA,BAUHINIA BLAKEANA VARIEG 24,190,TR,,
0630-236,470,505,EA,"BAUHINIA BLAKEANA 36"" MLT",470,TR,"36""",
0630-248,1150,503,EA,"BAUHINIA BLAKEANA 48"" MLT",1150,TR,"48""",
0630-260,2600,501,EA,"BAUHINIA 60"" MLT",2600,TR,"60""",
0630-324,190,507,EA,BAUHINIA BLAKEANA VARIEG 24,190,TR,,
0631-115,60,510,EA,BAUHINIA GALPINII MULTI 15G,60,TR,15G,
0633-136,470,505,42,"BAUHINIA VARIEGATA 36"" MLT",470,TR,"36""",
0633-236,470,505,EA,"BAUHINIA VARIEGATA 36"" STD",470,TR,"36""",
0634-115,65,510,EA,BAUHINIA PURPUREA 15G  STD,65,TR,15G,
0634-124,190,507,EA,BAUHINIA PURPUREA 24,190,TR,,
0634-130,260,506,EA,"BAUHINIA PURPUREA 30""  STD",260,TR,"30""",
0634-136,450,505,EA,"BAUHINIA PURPUREA 36""  STD",450,TR,"36""",
0634-148,1100,503,EA,"BAUHINIA PURPUREA 48""  STD",1100,TR,"48""",
0634-236,450,505,EA,"BAUHINIA PURPUREA 36""  MLT",450,TR,"36""",
0634-248,1100,503,EA,"BAUHINIA PURP 48"" MLT",1100,TR,"48""",
0635-515,60,525,EA,BEAUMONTIA GRAND. 15G STK,60,SH,15G,
0636-120,5500,501,EA,"BEAUCARNIA RECURVATA 60"" SPECIMEN",5500,TR,"60""",
0636-515,150,519,EA,BEAUCARNIA RECURVATA  15G,150,TR,15G,
0636-524,160,507.2,EA,"BEAUCARNIA RECURVATA 24""",160,TR,"24""",
0636-536,1200,505,EA,"BEAUCARNIA RECURVATA 36""",1200,TR,"36""",
0636-545,900,521,EA,BEAUCARNIA RECURVATA 45G (7.5'),900,TR,45G,
0647-801,2.2,524.1,EA,"CAREX DIVULSA  4"" POTS",2.2,GCC,"4""",
0704-815,85,528,EA,BOUG. 'AFTERGLOW' 15G ESP,85,SH,15G,
0728-101,5,522,EA,BESHCORNERIA YUCCOIDES 1G,5,GCC,1G,
0728-105,28,520,EA,BESHCORNERIA SEPTENTRIONALIS 5G,28,GCC,5G,
0728-115,125,519,EA,BESHCORNERIA SEPTENTRIONALIS 15G,125,GCC,15G,
0728-205,26,520,EA,BESHCORNERIA YUC. 'FLAMINGO GLOW' 5G,26,GCC,5G,
0728-215,80,519,EA,BESHCORNERIA YUC. 'FLAMINGO GLOW' 15G,80,GCC,15G,
0728-305,25,520,EA,BESCHOMERIA YUC. FLAMINGO GOLD 5G,25,GCC,5G,
0730-024,115,507,EA,"BETULA PENDULA 24""  STD",115,TR,"24""",
0730-115,31,510,EA,BETULA ALBA 15G  STD,31,TR,15G,
0730-124,115,507,EA,"BETULA ALBA  24""  STD",115,TR,"24""",
0730-130,265,506,EA,"BETULA ALBA 30""  SINGLE",265,TR,"30""",
0730-215,33,510,EA,BETULA ALBA 15G  MULTI,33,TR,15G,
0730-224,115,507,EA,"BETULA ALBA 24""  MLT",115,TR,"24""",
0730-230,260,506,EA,"BETULA ALBA 30""  MULTI",260,TR,"30""",
0730-236,390,505,EA,"BETULA ALBA 36"" MLT",390,TR,"36""",
0730-237,350,505,EA,"BETULA ALBA 36""  STD",350,TR,"36""",
0730-248,880,503,EA,"BETULA ALBA 48"" MLT",880,TR,"48""",
0730-315,33,510,EA,BETULA PENDULA 15G MULTI,33,TR,15G,
0730-324,155,508,EA,"BETULA NIGRA 24""",155,TR,"24""",
0730-336,450,505,EA,"BETULA PENDULA 36"" MLT",450,TR,"36""",
0730-424,160,507,EA,"BETULA POP. 'WHITESPIRE' 24"" MLT",160,TR,"24""",
0730-436,465,505,EA,"BETULA WHITESPIRE 36"" MLT",465,TR,"36""",
0735-101,3.8,522,EA,BOUG. RASPBERRY ICE 1G,3.8,SH,1G,
0740-015,35,519,EA,BOUG. RASPBERRY ICE 15G,35,SH,15G,
0740-101,5,527,EA,BOUG. BARBARA KARST 1G STK,5,SH,1G,
0740-201,4,522,EA,BOUG BARB KARST 1G SHRUB,4,SH,1G,
0740-215,125,528,EA,BOUG ORANGE KING 15G ESP,125,SH,15G,
0740-301,4.5,522,EA,BOUGAINVILLEA HAWAII 1G,4.5,SH,1G,
0740-315,40,519,EA,BOUG ORANGE KING 15G SHRUB,40,SH,15G,
0740-415,150,528,EA,BOUG CAMARILLO FIESTA 15G ESP,150,SH,15G,
0740-501,4.2,522,EA,"BOUG. ""ROSENKA"" 1G",4.2,SH,1G,
0740-505,18,526,EA,BOUG. BARB KARST 5G STK,18,SH,5G,
0740-515,60,525,EA,BOUG. BARB KARST 15G STK,60,SH,15G,
0740-605,12,526,EA,BOUG. CHERRY BLOSSOM 5G STK,12,SH,5G,
0740-615,41,519,EA,BOUG. BARB. KARST 15G,41,SH,15G,
0740-705,15,520,EA,BOUGAINVILLEA FLAME 5G,15,SH,5G,
0740-715,125,528,EA,BOUG BARBARA KARST 15G ESP,125,SH,15G,
0740-805,10,520,EA,BOUG VERA DEEP PURPLE 5G,10,SH,5G,
0740-815,,,,BOUGAINVILLEA FLAME 15G,,,,
0740-905,,,,BOUG MARY PALMERS ENCHANTED 5G,,,,
0740-915,200,528,EA,BOUG. OO-LA-LA MONKA 15G ESP,200,SH,15G,
0741-005,,,,BOUGAINVILLEA NANA 5G,,,,
0741-115,45,525,EA,BOUG. SPECTABILIS 15G STK,45,SH,15G,
0741-215,33,525,EA,BOUG. SOUTHERN ROSE 15G  STK,33,SH,15G,
0741-315,33,525,EA,BOUG. CRASSIFOLIA WHT 15G STK,33,SH,15G,
0741-501,4,527,EA,BOUG. BRASIL 1G STK,4,SH,1G,
0741-505,12,526,EA,BOUG. BRASILLENSIS 5G STK,12,SH,5G,
0741-515,60,525,EA,BOUG. BRASILLENSIS 15G STK,60,SH,15G,
0741-605,18,526,EA,BOUG. CRASSIFOLIA 5G STK,18,SH,5G,
0741-615,45,525,EA,BOUG. BRASILENSIS 15G STK,45,SH,15G,
0741-715,130,528,EA,BOUG. BRASILIENSIS 15G ESP,130,SH,15G,
0742-005,10,520,EA,BOUG. BARBARA KARST 5G,10,SH,5G,
0742-105,45,529,EA,BOUG ORANGE KING 5G ESP,45,SH,5G,
0742-111,60,525,EA,"BOUG. ""SAN DIEGO RED"" 15G STK",60,SH,15G,
0742-305,45,529,EA,BOUGAINVILLEA 'PURPLE QUEEN' 5G ESP,45,SH,5G,
0742-401,4,527,EA,BOUG.CRIMSON JEWEL 1G STK,4,SH,1G,
0742-405,30,520,EA,"BOUG. X ""KOIRO' (MONROVIA) 5G",30,SH,5G,
0742-501,3,522,EA,BOUG. CRIMSON JEWEL 1G,3,SH,1G,
0742-505,8.5,520,EA,BOUG. CRIMSON JEWEL 5G,8.5,SH,5G,
0742-515,38,519,EA,BOUG. CRIMSON JEWEL 15G,38,SH,15G,
0742-555,13,526,EA,BOUG. ROYAL PURP. 5G STK,13,SH,5G,
0742-604,12.5,520,EA,BOUG. SINGAPORE PINK 5G,12.5,SH,5G,
0742-605,13,520,EA,BOUG RASPBERRY ICE 5G,13,SH,5G,
0742-615,45,519,EA,BOUG. RASP. ICE 15G STK,45,SH,15G,
0742-705,12,520,EA,BOUG. ROYAL PURPLE 5G,12,SH,5G,
0742-715,45,525,EA,BOUG. ROYAL PURPLE 15G,45,SH,15G,
0742-805,9.5,520,EA,BOUG. PURPLE QUEEN 5G,9.5,SH,5G,
0742-815,60,525,EA,BOUG PURPLE QUEEN 15G STK,60,SH,15G,
0742-905,26,520,EA,"BOUG. ""MONKA"" 5G SHRUB",26,SH,5G,
0743-005,11,520,EA,BOUG. SAN DIEGO RED 5G (see La Jolla),9.5,SH,5G,
0743-105,12,520,EA,BOUG. SINGAPORE WHITE 5G,10,SH,5G,
0743-115,60,525,EA,BOUG. 'MARY PALMERS ENCH.' 15G STK,60,SH,15G,
0743-205,11,520,EA,BOUG. BRASILIENSIS 5G,10,SH,5G,
0743-305,12,520,EA,"BOUG. ""HAWAII"" 5G",10,SH,5G,
0743-405,30,520,EA,BOUG  MONSAM 5G,30,SH,5G,
0743-415,60,900,EA,BOUG. LA JOLLA 15G STK (SEE SDR),60,SH,15G,
0743-501,4,522,EA,BOUG. LA JOLLA 1G,4,SH,1G,
0743-505,11,520,EA,BOUG. LA JOLLA 5G,10,SH,5G,
0743-515,42,900,EA,BOUG LAVENDER QUEEN 15G,42,SH,15G,
0743-601,4.5,522,EA,BOUG MIAMI PINK 1G,4.5,SH,1G,
0743-605,11,520,EA,BOUG. ROSENKA 5G,11,SH,5G,
0743-705,18,520,EA,BOUG LA JOLLA 5G STK,18,SH,5G,
0743-805,28,526,EA,"BOUG ""MONKA"" 5G STK",28,SH,5G,
0743-915,125,528,EA,"BOUG.""MARY PLMRS ENCHANT.15G ESP",125,SH,15G,
0744-115,50,525,EA,PASSIFLORA ALATOCAER. 15G STK,50,SH,15G,
0744-215,40,900,EA,PASSIFLORA CAERULEA 15G STK,40,SH,15G,
0744-405,11,520,EA,BOUG. 'SAN DIEGO RED' 5G shrub,10,SH,5G,
0744-501,4,527,EA,BOUG. ORANGE KING 1G STK,4,SH,1G,
0744-505,18,526,EA,BOUG. ORANGE KING 5G STK,18,SH,5G,
0744-515,60,525,EA,BOUG. ORANGE KING 15G STK,60,SH,15G,
0744-605,12,520,EA,BOUG. ROSEA 5G,9,SH,5G,
0744-615,60,525,EA,BOUG. CRIMSON JEWEL 15G STK,60,SH,15G,
0745-415,60,525,EA,CLYTOSTOMA CALLIS. 15G  STK,60,SH,15G,
0745-501,6,527,EA,BOUG. RASP ICE 1G STK,3.5,SH,1G,
0745-505,12,526,EA,BOUG. RASP. ICE 5G STK,12,SH,5G,
0745-601,4.5,522,EA,BOUG. RASPBERRY ICE 1G SHRUB,3.1,SH,1G,
0745-701,4.5,522,EA,BOUG. OOH-LA-LA 1G SHRUB,4.5,SH,1G,
0745-715,47,519,EA,BOUG. RASPBERRY ICE 15G SHRUB,47,SH,15G,
0745-815,100,519,EA,BOUG 'MONKA' (OO-LA-LA) 15G SHRUB,100,SH,15G,
0745-915,60,525,EA,BOUGAINVILLEA 'OO LA LA' 15G STK,60,SH,15G,
0746-015,45,519,EA,BOUG. LA JOLLA 15G SHRUB,45,SH,15G,
0746-115,50,519,EA,BOUG TORCH GLOW 15G,50,SH,15G,
0746-124,,,,"BOUG LA JOLLA 24"" PATIO TREE",,,,
0746-501,4.5,522,EA,BOUG. ROSENKA 1G SHRUB,3.25,SH,1G,
0746-505,18,526,EA,BOUG. ROSENKA 5G STK,18,SH,5G,
0746-515,44,519,EA,BOUG. ROSENKA 15G,44,SH,15G,
0746-601,8,522,EA,BOUG BABY SOPHIA 1G,8,SH,1G,
0746-615,60,525,EA,BOUG ROSENKA 15G STK.,60,SH,15G,
0746-705,18,526,EA,BOUG. SAN DIEGO RED 5G STK,18,SH,5G,
0747-115,60,525,EA,PODRANEA RICASOLIANA 15 GAL STK,35,SH,15G,
0747-215,62,525,EA,PANDOREA J. 'LADY DI' 15G STK,62,SH,15G,
0747-405,18,526,EA,PANDOREA JASM. 5G STK,18,SH,5G,
0747-415,60,525,EA,PANDOREA JASM. 15G STK,60,SH,15G,
0747-501,5.5,527,EA,BOUG. S.D. RED 1G STK,3,SH,1G,
0747-505,18,526,EA,BOUG. S D RED 5G STK,12,SH,5G,
0747-515,43,520,EA,"BOUG. ""SDR"" 15G SHRUB (see La Jolla)",43,SH,15G,
0747-545,12,526,EA,PAND. JASM. VARIEG. 5G STK,12,SH,5G,
0747-601,3.8,522,EA,BOUG. SDR 1G (see La Jolla),3.8,SH,1G,
0747-715,125,528,EA,BOUG. SAN DIEGO RED 15G ESP,125,SH,15G,
0748-105,45,525,EA,BEAUMONTIA GRANDIFLORA 15G,45,SH,15G,
0748-224,400,527.5,EA,"BOUG. ""OOH LA LA""  24"" STK.",400,SH,"24""",
0748-302,14,520,EA,BOUG. SPEC. TORCH GLOW 5G,14,SH,5G,
0748-355,12,526,EA,"BOUG. ""MARY PALMER"" 5G STK",12,SH,5G,
0748-501,4.5,522,EA,BOUG. TEMPLE FIRE 1G,3,SH,1G,
0748-505,11,520,EA,BOUG. TEMPLE FIRE 5G,8.5,SH,5G,
0748-515,60,525,EA,DISTICTIS BUCCINITORIA 15G STK,60,SH,15G,
0748-555,12,526,EA,BOUG. BRASILENSIS 5G STK,12,SH,5G,
0748-605,11,520,EA,BOUG. TEXAS DAWN 5G,10,SH,5G,
0748-705,30,520,EA,BOUG. 'TAHITIAN MAID' 5G,30,SH,5G,
0748-805,11,520,EA,BOUG. SINGAPORE PINK 5G,9,SH,5G,
0748-901,3.25,522,EA,BOUG. SPECTABILIS 1G,3.25,SH,1G,
0748-902,18,526,EA,BOUG. SPECTABILIS 5G STK,12,SH,5G,
0748-903,60,525,EA,BOUG. SPEC. PURPLE 15G STK,60,SH,15G,
0748-905,11,520,EA,BOUG SPECTABILIS 5G SHRUB,8.5,SH,5G,
0748-995,25,520,EA,"BOUG. SPEC. ""OO-LA-LA"" 5G",25,SH,5G,
0749-001,4,522,EA,BEGONIA RICH. OASIS 1G,4,GCC,1G,
0749-050,13,526,EA,BOUG. 'ROSEA' 5G STK,13,SH,5G,
0749-105,16,526,EA,"BOUG ""OO-LA-LA"" 5G STK.",16,SH,5G,
0749-201,4.5,522,EA,BOUTELOUA G. 'BLONDE AMBITION 1G,4.5,GCC,1G,
0749-301,5,522,EA,BOUTELOUA GRACILIS 1G,5,GCC,1G,
0749-401,4,522,EA,BOUTELOUA 'PESTANA DE ANGELES' 1G,4,GCC,1G,
0749-505,13,526,EA,BOUG. TEXAS DAWN 5G STK,13,SH,5G,
0749-515,60,525,EA,BOUG. TEXAS DAWN 15G STK,60,SH,15G,
0749-605,12,520,EA,BOUG. CALIFORNIA 5G STK,12,SH,5G,
0749-615,85,528,EA,BOUG. TEXAS DAWN 15G ESP,85,SH,15G,
0749-705,15,520,EA,BOUG. BABY SOPHIA 5G,15,SH,5G,
0749-715,50,519,EA,BOUG. BABY SOPHIA 15G,50,SH,15G,
0749-805,30,526,EA,BOUG THAI DELIGHT 5G STK,30,SH,5G,
0749-815,85,527.5,EA,CARISSA MACRO. 15G  ESP,85,SH,15G,
0749-905,11.2,520,EA,BOUTELOUA 'BLONDE AMBITION' 5G,14,GCC,5G,
0749-915,20,520,EA,BOUTELOUA GRACILIS 5G,20,GCC,5G,
0750-015,60,519,EA,BOUG. BABY VICTORIA 15G SHRUB,60,SH,15G,
075-020,0.4,999,EA,"SCH 80 NIPPLE (PVC) - 3/4 X 2""",0,L,"2""",
075-020BS,4,999,EA,"BRASS NIPPLE - 3/4 X 2""",4,L,"2""",
075-030,0,None,EA,3/4 X 3 NIPPLE - SCH 80 (PVC),0,L,,
075-030BL,0,None,EA,3/4 X 3 NIPPLE - SCH 80 (B-LN),0,L,,
075-030BS,7,None,EA,3/4 X 3 NIPPLE (BRASS),7,L,,
075-030UV,0,None,EA,3/4 X 3 NIPPLE - SCH 80 (UVR),0,L,,
075-040,0,None,EA,3/4 X 4 NIPPLE - SCH 80 (PVC),0,L,,
075-040BL,0,None,EA,3/4 X 4 NIPPLE - SCH 80 (B-LN),0,L,,
075-040BS,9,None,EA,3/4 X 4 NIPPLE (BRASS),9,L,,
075-040UV,0,None,EA,3/4 X 4 NIPPLE - SCH 80 (UVR),0,L,,
075-060,0,None,EA,3/4 X 6 NIPPLE - SCH 80 (PVC),0,L,,
075-060BL,0,None,EA,3/4 X 6 NIPPLE - SCH 80 (B-LN),0,L,,
075-060BS,13,None,EA,3/4 X 6 NIPPLE (BRASS),13,L,,
075-060UV,0,None,EA,3/4 X 6 NIPPLE - SCH 80 (UVR),0,L,,
075-080,0,None,EA,3/4 X 8 NIPPLE - SCH 80 (PVC),0,L,,
075-080BL,0,None,EA,3/4 X 8 NIPPLE - SCH 80 (B-LN),0,L,,
075-080BS,16,None,EA,3/4 X 8 NIPPLE (BRASS),16,L,,
075-080UV,0,None,EA,3/4 X 8 NIPPLE - SCH 80 (UVR),0,L,,
075-100,0,None,EA,3/4 X 10 NIPPLE - SCH 80 (PVC),0,L,,
075-100BL,0,None,EA,3/4 X 10 NIPPLE - SCH 80 (B-LN),0,L,,
075-100BS,20,None,EA,3/4 X 10 NIPPLE (BRASS),20,L,,
075-100UV,0,None,EA,3/4 X 10 NIPPLE - SCH 80 (UVR),0,L,,
075-120,0,None,EA,3/4 X 12 NIPPLE - SCH 80 (PVC),0,L,,
075-120BL,0,None,EA,3/4 X 12 NIPPLE - SCH 80 (B-LN),0,L,,
075-120BS,24,None,EA,3/4 X 12 NIPPLE (BRASS),24,L,,
075-120UV,0,None,EA,3/4 X 12 NIPPLE - SCH 80 (UVR),0,L,,
075-140,0,None,EA,3/4 X 14 NIPPLE - SCH 80 (PVC),0,L,,
075-140BL,0,None,EA,3/4 X 14 NIPPLE - SCH 80 (B-LN),0,L,,
075-140BS,0,None,EA,3/4 X 14 NIPPLE (BRASS),0,L,,
075-140UV,0,None,EA,3/4 X 14 NIPPLE - SCH 80 (UVR),0,L,,
0751-501,3,522,EA,BOUG. SOUTHERN ROSE 1G,3,SH,1G,
0751-505,8,520,EA,BOUG. SOUTHERN ROSE 5G,8,SH,5G,
075-160,0,None,EA,3/4 X 16 NIPPLE - SCH 80 (PVC),0,L,,
075-160BL,0,None,EA,3/4 X 16 NIPPLE - SCH 80 (B-LN),0,L,,
075-160BS,0,None,EA,3/4 X 16 NIPPLE (BRASS),0,L,,
075-160UV,0,None,EA,3/4 X 16 NIPPLE - SCH 80 (UVR),0,L,,
075-180,0,None,EA,3/4 X 18 NIPPLE - SCH 80 (PVC),0,L,,
075-180BL,0,None,EA,3/4 X 18 NIPPLE - SCH 80 (B-LN),0,L,,
075-180BS,29,None,EA,3/4 X 18 NIPPLE (BRASS),29,L,,
075-180UV,0,None,EA,3/4 X 18 NIPPLE - SCH 80 (UVR),0,L,,
0752-205,12,526,EA,BOUG. JAMAICA WHITE 5G STK,12,SH,5G,
075-2300,13,None,EA,"3/4"" GALV. HOSE BIBB FITTINGS",13,L,"4""",
0752-305,28,526,EA,BOUG. SINGAPORE WHITE 5G STK,28,SH,5G,
075-240,0,None,EA,4 NIPPLE - SCH 80 (PVC),0,L,,
075-240BL,0,None,EA,3/4 X 24 NIPPLE - SCH 80 (B-LN),0,L,,
075-240BS,37,None,EA,3/4 X 24 NIPPLE (BRASS),37,L,,
075-240UV,0,None,EA,3/4 X 24 NIPPLE - SCH 80 (UVR),0,L,,
0752-505,10,520,EA,BOUG. WHITE MADONNA 5G,10,SH,5G,
0752-515,60,525,EA,BOUG. WHITE MADONNA 15G STK,60,SH,15G,
0752-615,60,525,EA,BOUG. JAMAICA WHITE 15G STK,60,SH,15G,
075-300,0,None,EA,3/4 X 30 NIPPLE - SCH 80 (PVC),0,L,,
075-300BL,0,None,EA,3/4 X 30 NIPPLE - SCH 80 (B-LN),0,L,,
075-300BS,47,None,EA,3/4 X 30 NIPPLE (BRASS),47,L,,
075-300UV,0,None,EA,3/4 X 30 NIPPLE - SCH 80 (UVR),0,L,,
075-360,0,None,EA,3/4 X 36 NIPPLE - SCH 80 (PVC),0,L,,
075-360BL,0,None,EA,3/4 X 36 NIPPLE - SCH 80 (B-LN),0,L,,
075-360BS,56,None,EA,3/4 X 36 NIPPLE (BRASS),56,L,,
075-360UV,0,None,EA,3/4 X 36 NIPPLE - SCH 80 (UVR),0,L,,
0755-105,7.5,520,EA,BOUG. CALIFORNIA GOLD 5G,7.5,SH,5G,
0755-115,60,900,EA,BOUG. CALIF. GOLD 15G STK,60,SH,15G,
0755-205,8,520,EA,BOUG. CA. GOLD 5G SHRUB,8,SH,5G,
0755-215,120,900,EA,BOUG. CALIF. GOLD 15G ESP,120,SH,15G,
0755-305,10,520,EA,BOUG. 'JAMAICA WHITE' 5G,10,SH,5G,
0755-315,200,528,EA,BOUGAINVILLEA 'MONETH' 15G ESP,200,SH,15G,
0755-415,60,528,EA,BOUG. 'SINGAPORE WHITE' 15G STK,60,SH,15G,
0755-505,18,526,EA,BOUG. 'PURPLE QUEEN' 5G STK,18,SH,5G,
0755-515,60,525,,BOUG. SCARLET O'HARA STK 15g,60,SH,15G,
0755-605,28,526,EA,BOUG. WHITE STRIPE' 5G STK,28,SH,5G,
075-CL,0,None,EA,3/4 X CLOSE NIPPLE - SCH 80 (PVC),0,L,,
075-CLBL,0,None,EA,3/4 X CLOSE NIPPLE - SCH 80 (B-LN),0,L,,
075-CLBS,7,None,EA,3/4 X CLOSE NIPPLE (BRASS),7,L,,
075-CLUV,0,None,EA,3/4 X CLOSE NIPPLE - SCH 80 (UVR),0,L,,
0850-105,18,513,EA,BRACHYCHITON POP. 5G STD,18,TR,5G,
0850-115,60,510,EA,BRACHYCHITON POP. 15G,60,TR,15G,
0850-124,175,507,EA,"BRACHYCHITON POP. 24""",175,TR,"24""",
0850-130,300,506,EA,"BRACHYCHITON POP. 30""",300,TR,"30""",
0850-136,475,505,EA,"BRACH. POPULNEUS 36""",475,TR,"36""",
0850-148,1100,503,EA,"BRACHYCHITON POP. 48""",1100,TR,"48""",
0850-160,2400,501,EA,"BRACHYCHITON POP. 60""  L/B",2400,TR,"60""",
0850-224,165,507,EA,"BRACHYCHITON POP. 24"" NAT. STD.",165,TR,"24""",
0850-225,20,520,EA,BRACHTIATA MINIMA 5G,20,GCC,5G,
0850-236,450,505,EA,"BRACHY. POP 36""  MLT",450,TR,"36""",
0850-248,1100,503,EA,"BRACHY. POP. 48"" MLT",1100,TR,"48""",
0850-324,165,507,EA,"BRACHYCHITON POP. 24"" MLT",165,TR,"24""",
0850-336,450,505,EA,"BRACHYCHITON ACER. 36""",450,TR,"36""",
0850-348,1100,503,EA,"BRACHYCHITON POP. 48""   L/B",1100,TR,"48""",
0851-115,35,510,EA,BRACHYCHITON ACER. 15G,35,TR,15G,
0851-124,160,507,EA,"BRACHYCHITON ACER. 24""",160,TR,"24""",
0851-136,490,505,EA,BRACHYCHITON ACER. 36,490,TR,,
0851-224,190,507,EA,"BRACHYCHITON DISCOLOR 24""",190,TR,"24""",
0851-324,165,507,EA,"BRACHYCHITON ACER. 24"" STD.",165,TR,"24""",
0860-101,12,522,EA,BROMELIAD SPP. 1G,12,GCC,1G,
0860-105,60,520,EA,BROMELIAD 5G,60,GCC,5G,
0860-108,3300,505,EA,BRAHEA ARMATA 8' BTH,3300,TR,BTH,
0860-110,3750,503,EA,BRAHEA ARMATA 10' BTH,3750,TR,BTH,
0860-112,4500,503,EA,BRAHEA ARMATA 12' BTH,4500,TR,BTH,
0860-115,150,519,EA,BROMELIA BALANSAE 15G,150,GCC,15G,
0860-124,1150,507,EA,"BRAHEA ARMATA 24"" 3' BTH",1150,TR,"24""",
0860-136,2250,503,EA,"BRAHEA ARMATA 36"" 6' BTH",2250,TR,"36""",
0860-215,150,510,EA,BRAHEA ARMATA 15G,150,TR,15G,
0862-000,3000,503,EA,BRAHEA EDULIS 8' BTH,3000,TR,BTH,
0862-110,3750,503,EA,BRAHEA EDULIS 10' BTH,3750,TR,BTH,
0862-111,7000,503,EA,BRAHEA EDULIS 14' BTH,7000,TR,BTH,
0862-112,4500,503,EA,BRAHEA EDULIS 12' BTH,4500,TR,BTH,
0862-113,8000,503,EA,BRAHEA EDULIS 16' BTH,8000,TR,BTH,
0862-114,9000,503,EA,BRAHEA EDULIS 18' BTH,9000,TR,BTH,
0862-124,600,507,EA,"BRAHEA EDULIS 24"" 4' BTH",600,TR,"24""",
0863-105,12,520,EA,BREYNIA NIVOSA 5G,12,SH,5G,
0863-201,8,522,EA,BRASSICA MARIBOR 1G,8,GCC,1G,
0863-205,18,520,EA,BREYNIA DIS. 'ROSEA-PICTA' 5G,18,SH,5G,
0863-301,8,522,EA,BRASSICA OLERACEA RED 1G,8,GCC,1G,
0880-015,40,519,EA,BRUGMANSIA CANDIDA 15G,40,SH,15G,
0880-305,8,520,EA,BRUNFELSIA P. EXIMIA 5G,8,SH,5G,
0880-501,2.5,522,EA,BRUNFELSIA PAUC FLOR 1 G,2.5,SH,1G,
0880-505,8,520,EA,BRUNFELSIA PAUC FLOR 5G,8,SH,5G,
0880-515,29,519,EA,BRUNFELSIA PAUC FLOR 15G,29,SH,15G,
0880-705,9,520,EA,BRUGMANSIA CANDIDA 5G,9,SH,5G,
0881-005,10,520,EA,"BUDDLEIA  W. ""SUN GOLD"" 5G",10,SH,5G,
0881-101,3,522,EA,BUDDLEIA DAVIDII 1G,3,SH,1G,
0881-105,28,520,EA,BUDDLEIA MONGO 5G,28,SH,5G,
0881-205,12,520,EA,BUDDLEIA NANHOENSIS 5G,12,SH,5G,
0881-305,12,520,EA,BUDDLEIA NANHO WHITE 5G,12,SH,5G,
0881-405,28,520,EA,BUDDLEIA D. 'MONITE' 5G,28,SH,5G,
0881-501,3,522,EA,BUDDLEIA DAVIDII 5GAL,3,SH,5G,
0881-505,11,520,EA,BUDDLEIA DAVIDII 5G,11,SH,5G,
0881-515,46,519,EA,BUDDLEIA ALTERNIFOLIA 15G (may need 5G),46,SH,15G,
0881-605,10,520,EA,BUDDLEIA ASIATICA 5G,10,SH,5G,
0881-615,35.2,519,EA,BUDDLEIA DAVIDII 15G,44,SH,15G,
0881-705,10,520,EA,BUDDLEIA PANICULATA 5G,10,SH,5G,
0881-715,40,519,EA,BUDDLEIA PURPLE HAZE 15G,40,SH,15G,
0881-805,12,520,EA,BUDDLEIA MARRUBIFOLIA 5G,12,SH,5G,
0881-815,50,519,EA,BUDDLEIA HONEYCOMB 15G,50,SH,15G,
0881-905,20,520,EA,BUDDLEIA LO-BEHOLD-PURP-HAZE 5G,20,SH,5G,
0881-915,45,519,EA,BUDDLEIA SANTA BARBARA 15G,45,SH,15G,
0883-101,5,522,EA,BRUNNERA MACROPHYLLA 1G,5,GCC,1G,
0889-100,480,635.3,EA,BUSHMAN SL130 RAINTANK,480,,,
0890-036,650,505,EA,"BUTIA CAPITATA 36""",650,TR,"36""",
0890-115,100,519,EA,BUTIA CAPITATA 15G,100,TR,15G,
0890-124,225,507,EA,"BUTIA CAPITATA 24""",225,TR,"24""",
0890-148,1500,503,EA,"BUTIA CAPITATA 48""",1500,TR,"48""",
0890-160,2000,501,EA,"BUTIA CAPITATA 60""",2000,TR,"60""",
0896-105,11,520,EA,BUXUS M.J.. 'GREEN VELVET' 5G,11,SH,5G,
0896-124,300,507,EA,"BUXUS M. JAPONICA 24"" PYRAMID",300,SH,"24""",
0896-205,11,520,EA,BUXUS MIC. 'FAULKNER' 5G,11,SH,5G,
0896-224,300,507,EA,"BUXUS JAPONICA 24"" GLOBE FORM",300,SH,"24""",
0896-305,20,520,EA,BUXUS M.J. 'UPTIGHT' 5G COLUMNAR,20,SH,5G,
0896-315,90,519,EA,BUXUS MIC JAP 'SPHERE' FORM 15G,90,SH,15G,
0896-324,300,508,EA,"BUXUS S. FASTIGIATA 24""",300,SH,"24""",
0896-405,10.5,520,EA,BUXUS SEMPERVIRENS 5G,10.5,SH,5G,
0896-415,90,519,EA,BUXUS SUFFRUTICOSA CONE-BALL 15G,90,SH,15G,
0896-501,4,522,EA,BUXUS MICROPHYLLA JAP 1G,4,SH,1G,
0896-505,10.5,520,EA,BUXUS MICRO. JAP  5G,10.5,SH,5G,
0896-515,50,519,EA,BUXUS MICRO. JAP 15G,50,SH,15G,
0896-601,3,522,EA,BUXUS JAP GREEN GEM 1G,3,SH,1G,
0896-605,10.5,520,EA,BUXUS JAPONICA 5G,10.5,SH,5G,
0896-615,90,519,EA,BUXUS MIC JAP PYRAMID 15G,90,SH,15G,
0896-701,3,522,EA,BUXUS J. WINTER GEM 1G,3,SH,1G,
0896-705,11,520,EA,BUXUS M.J. 'GREEN GEM' 5G,11,SH,5G,
0896-715,45,519,EA,BUXUS SUFFRUTICOSA 15G,42,SH,15G,
0896-720,125,519,EA,BUXUS M. JAPONICA 20G,125,SH,20G,
0896-801,4.5,522,EA,BUXUS SEMP. UNRAVELED 1G,4.5,SH,1G,
0896-805,11,520,EA,BUXUS M.J. 'COMPACTA' 5G,11,SH,5G,
0896-815,45,519,EA,BUXUS WINTER GEM 5G,,,,
0896-901,3.8,522,EA,BUXUS M. VARIEGATED 1G,3.8,SH,1G,
0896-905,30,520,EA,BUXUS GLOBE 5G,30,SH,5G,
0896-924,275,507,EA,"BUXUS M.J. 'PINCUSHION' 24"" GLOBE FORM",275,SH,"24""",
0897-005,11,520,EA,BUXUS SEMP. 'VARIEGATA' 5G,11,SH,5G,
0897-015,45,519,EA,BUXUS JAPONICA 15G,40,SH,15G,
0897-105,,,,BUXUS MONRUE 5G,,,,
0897-115,65,519,EA,BUXUS S. 'GREEN TOWER' 15G,65,SH,15G,
0897-215,45,519,EA,BUXUS SEMP. VARIEGATA 15G,42,SH,15G,
0897-315,80,519,EA,BUXUS S. 'MONRUE' (GREEN TOWER) 15G,80,SH,15G,
0897-415,90,519,EA,BUXUS JAP. SPIRE TOPIARY 15G,90,SH,15G,
0897-501,4,522,EA,BUXUS J GREEN BEAUTY 1G,4,SH,1G,
0897-505,11,520,EA,BUXUS M.J. 'GREEN BEAUTY' 5G,11,SH,5G,
0897-515,45,519,EA,BUXUS J GREEN BEAUTY 15G,40,SH,15G,
0897-601,3,522,EA,BUXUS J. 'COMPACTA' 1G,3,SH,1G,
0897-605,11,520,EA,BUXUS M.J. 'GREEN MOUNTAIN' 5G,11,SH,5G,
0897-615,65,519,EA,BUXUS GREEN MOUNTAIN 15G,65,SH,15G,
0897-715,90,519,EA,BUXUS FAULKNER GLOBE 15G,90,SH,15G,
0897-815,65,519,EA,BUXUS ROBBUXUPT 15G,65,SH,15G,
0897-915,45,519,,BUXUS GREEN GEM 15G,45,SH,15G,
0898-505,11,520,EA,BUXUS M.J. 'WINTER GEM' 5G,11,SH,5G,
0898-605,11,520,EA,BUXUS M.J. 'WINTERGREEN' 5G,11,SH,5G,
0899-505,12,520,EA,BUXUS S. 'SUFFRUTICOSA' 5G,12,SH,5G,
0919-005,5.5,522,EA,CALANDRINIA GRANDIFLORA 1G,5.5,GCC,1G,
0919-015,50,519,EA,CALANDRINIA SPECTABILIS 15G,50,GCC,15G,
0919-101,5,522,EA,CALAMAGROSTIS FOLIOSA 1G,5,GCC,1G,
0919-104,3,524.1,EA,"CALANDRINIA GRANDIFLORA 4"" POT",3,GCC,"4""",
0919-105,11,520,EA,CALAMAGROSTIS ACUTIFOLIA 5G,11,GCC,5G,
0919-201,5,522,EA,CALAMAGROSTIS KARL FOERSTER 1G,5,GCC,1G,
0919-205,14,520,EA,CALAMAGROSTIS KARL FOERSTER 5G,14,GCC,5G,
0919-215,60,519,EA,CALAMAGROSTIS KARL FORESTER 15G,60,GCC,15G,
0919-301,6,522,EA,CALANDRINIA SPECTABILIS 1G,6,GCC,1G,
0919-305,15,520,EA,CALANDRINIA GRANDIFLORA 5G,15,GCC,5G,
0919-401,5,522,EA,CALANDRINIA SHINING PINK 1G,5,GCC,1G,
0919-505,15,520,EA,CALANDRINIA SPECTABILIS  5G,15,GCC,5G,
0920-001,3.8,522,EA,CALLIANDRA INEQUIL. 1G,3.8,SH,1G,
0920-015,100,519,EA,CALLIANDRA HAEMA 15G CLMN,100,SH,15G,
0920-115,38,519,EA,CALLIANDRA H. PNK PWDR PUF 15G,38,SH,15G,
0920-215,85,528,EA,CALLIANDRA CALIFORNIA 15G ESP,85,SH,15G,
0920-315,125,528,EA,CALLIANDRA INAEQUILATERA 15G ESP,125,SH,15G,
0920-415,50,519,EA,CALLISTEMON VIMINALIS 15G CLMN,50,SH,15G,
0920-501,2.75,522,EA,CALLIANDRA HAEMA 1GAL,2.75,SH,1G,
0920-505,11,520,EA,CALLIANDRA HAEMA 5G,11,SH,5G,
0920-515,40,519,EA,CALLIANDRA HAEMA./INAEQ. 15G shrub,40,SH,15G,
0920-605,13,520,EA,CALLIANDRA ERIOPHYLLA 5G,13,SH,5G,
0920-905,15.6,520,EA,CALLIANDRA CALIFORNICA 5G,15.6,SH,5G,
0921-501,4,527,EA,CALLIANDRA HAEMA 1G STK,4,SH,1G,
0921-505,18,526,EA,CALLIANDRA HAEM. 5G STK,18,SH,5G,
0921-515,60,525,EA,CALLIANDRA HAEMA 15G STK,60,SH,15G,
0921-915,45,525,EA,CALLIANDRA INAEQUILATERA 15G STK,45,SH,15G,
0922-050,2.5,522,EA,CALLIANDRA TWEEDII 1G,2.5,SH,1G,
0922-501,11,520,EA,CALLIANDRA TWEEDII 5G,11,SH,5G,
0922-515,40,519,EA,CALLIANDRA TWEEDII 15G SHRUB,40,SH,15G,
0922-615,60,525,EA,CALLIANDRA TWEEDII 15G STK,60,SH,15G,
0922-915,11,520,EA,CALLIANDRA INAQUILATERA 5G,11,SH,5G,
0923-001,5.2,522,EA,CALLIANDRA ERIOPHYLLA 1G,5.2,SH,1G,
0923-050,4.2,522,EA,CALLIANDRA INEQUILATERA 1G,4.2,SH,1G,
0925-505,12,520,EA,CALLISTEMON CITRINUS 5G,12,SH,5G,
0925-515,60,519,EA,CALLISTEMON CITRINUS 15G,60,SH,15G,
0925-605,12,520,EA,CALLISTEMON VIOLACEUS 5G,12,SH,5G,
0926-105,18,513,EA,CALLISTEMON CITRINUS 5G STD,18,TR,5G,
0926-115,55,510,EA,CALLISTEMON CITRINUS 15G STD,55,TR,15G,
0926-124,170,507,EA,"CALLISTEMON CITRINUS 24""  STD",170,TR,"24""",
0926-205,18,520,EA,CALLISTEMON CIT JEFFERSII 5G,18,SH,5G,
0927-124,165,507,EA,"CALLISTEMON V. 'SLIM' 24"" STD.",165,TR,"24""",
0927-415,50,519,EA,CALLISTEMON JEFFERSII 15G,50,SH,15G,
0927-505,11,520,EA,CALLISTEMON VIMINALIS 5G,11,SH,5G,
0927-515,55,510,EA,CALLISTEMON VIMINALIS 15G STD,55,TR,15G,
0927-524,190,507,EA,"CALLISTEMON VIMINALIS 24"" STD",180,TR,"24""",
0927-605,15,520,EA,CALLISTEMON VIMINALIS SLIM 5G,15,SH,5G,
0927-615,42,519,EA,CALLISTEMON LITTLE JOHN 15G,42,SH,15G,
0927-705,11,520,EA,CALLISTEMON BETTER JOHN 5G,11,SH,5G,
0927-715,50,510,EA,CALLISTEMON VIM. 'SLIM' 15G CLMN,50,SH,15G,
0927-815,60,510,EA,CALLISTEMON V. 'SLIM' 15G STD.,60,TR,15G,
0927-915,45,519,EA,CALLISTEMON V. 'BETTER JOHN' 15G,45,SH,15G,
0928-101,4.5,522,EA,CALLISTEMON  LITTLE JOHN 1G,4.5,SH,1G,
0928-105,11,520,EA,CALLISTEMON V. LITTLE JOHN 5G,11,SH,5G,
0928-136,475,505,EA,"CALLISTEMON VIMINALIS 36"" STD",475,TR,"36""",
0928-148,1150,503,EA,"CALLISTMON VIMINALIS 48"" STD",1150,TR,"48""",
0928-236,360,505,EA,"CALLISTEMON CITRINUS 36""",360,TR,"36""",
0928-336,470,505,EA,"CALLISTEMON VIMINALIS 36"" MUL",470,TR,"36""",
0930-515,38,510,EA,CALODENDRUM CAPENSE 15G,38,TR,15G,
0930-524,130,507,EA,"CALODENDRUM CAPENSE 24""",130,TR,"24""",
0930-536,350,505.8,EA,"CALODENDRUM CAPENSE 36""",350,TR,"36""",
0930-648,850,503.2,EA,"CALODENDRUM CAPENSE 48""",850,TR,"48""",
0931-001,7,522,EA,CALYSTEGIA ANACAPA PINK 1G,7,SH,1G,
0931-005,20,526,526,CALYSTEGIA M. ANACAPA PINK 5G STK,20,SH,5G,
0939-005,18,520,EA,CAPPARIS SPINOSA 5G,18,SH,5G,
0940-005,30,520,EA,"CAMELIA ""SHISHI GASHIRA"" 5G",30,SH,5G,
0940-015,95,519,EA,CAMELLIA JAPONICA - YELLOW 15G,95,SH,15G,
0940-105,30,520,EA,CAMELLIA JAPONICA - PINK 5G,30,SH,5G,
0940-115,95,519,EA,CAMELLIA JAPONICA - PINK 15G,95,SH,15G,
0940-124,350,508,EA,"CAMELIA JAPONICA 24""",350,SH,"24""",
0940-136,600,505,EA,"CAMELLIA J  36"" STD",600,TR,"36""",
0940-205,30,520,EA,CAMELLIA JAPONICA - WHITE 5G,30,SH,5G,
0940-215,95,519,EA,CAMELLIA JAPONICA - WHITE 15G,95,SH,15G,
0940-224,400,507,EA,"CAMELIA SILVER WAVE 24"" (TREE FORM)",400,TR,"24""",
0940-305,30,520,EA,CAMELLIA JAPONICA - RED 5G,30,SH,5G,
0940-315,95,519,EA,CAMELLIA JAPONICA - RED 15G,95,SH,15G,
0940-324,400,507.2,EA,"CAMELLIA 'YULETIDE' 24"" SHRUB FORM",400,SH,"24""",
0940-405,30,520,EA,CAMELLIA JAPONICA - YELLOW 5G,30,SH,5G,
0940-415,145,528,EA,CAMELLIA ALBA PLENA 15G ESP,145,SH,15G,
0940-501,7.5,522,EA,CAMELLIA JAPONICA 1G,7.5,SH,1G,
0940-505,30,520,EA,CAMELLIA JAPONICA 5G,30,SH,5G,
0940-515,95,519,EA,CAMELLIA JAPONICA 15G,95,SH,15G,
0940-605,30,520,EA,CAMELIA J KUMASAKA 5G,30,SH,5G,
0940-615,95,519,EA,CAMELLIA J  ALBA PENA 15G,95,SH,15G,
0940-705,30,520,EA,CAMELLIA J. CHARLES COBB 5G,30,SH,5G,
0940-715,95,519,EA,CAMELLIA J  PURITY 15G,95,SH,15G,
0940-801,30,520,EA,CAMELIA SINENSIS 5G,30,SH,5G,
0940-805,30,520,EA,CAMELLIA CHANSONETTE 5G,30,SH,5G,
0940-815,95,519,EA,CAMELLIA J DEBBIE 15G,95,SH,15G,
0940-905,30,520,EA,CAMELLIA JAPONICA SWAN LAKE 5G,30,SH,5G,
0940-915,95,519,EA,CAMELLIA J  DAIKAJURA 15G,95,SH,15G,
0941-105,50,529,EA,CAMELLIA S. RED 5G ESP,50,SH,5G,
0941-115,95,519,EA,CAMELLIA S APPLE BLOSSOM 15G,95,SH,15G,
0941-205,30,520,EA,CAMELLIA J. ALBA PLENA 5G,30,SH,5G,
0941-215,95,519,EA,CAMELLIA KANJIRO 15G,95,SH,15G,
0941-501,7.5,522,EA,CAMELLIA SASANQUA 1G,7.5,SH,1G,
0941-505,30,520,EA,CAMELLIA SASANQUA 5G,30,SH,5G,
0941-515,95,519,EA,CAMELLIA SASANQUA 15G,95,SH,15G,
0941-555,95,519,EA,CAMELIA J. YULETIDE 15G,95,SH,15G,
0941-605,30,520,EA,CAMELIA S. WHITE 5G,30,SH,5G,
0941-615,95,519,EA,CAMELLIA S. YULETIDE 15G,95,SH,15G,
0941-705,30,520,EA,CAMELLIA S  SHOWA NO SAKAE 5G,30,SH,5G,
0942-215,95,519,EA,CAMELLIA S  BONANZA 15G,95,SH,15G,
0942-315,95,999,EA,CAMELLIA J. SILVER WAVE 15G,95,SH,15G,
0942-505,30,520,EA,CAMELLIA S. WHITE DOVE 5G,30,SH,5G,
0942-515,95,519,EA,CAMELLIA S. YULETIDE 15G,95,SH,15G,
0942-605,30,520,EA,CAMELLIA APPLE BLOSSOM 5G,30,SH,5G,
0942-615,95,519,EA,CAMELLIA S. CLEOPATRA 15G,95,SH,15G,
0943-505,30,520,EA,CAMELLIA J  WILDFIRE 5G,30,SH,5G,
0943-515,95,519,EA,CAMELLIA J WILDFIRE 15G,95,SH,15G,
0943-615,95,519,EA,CAMELLIA SHISHI GASHIRA 15G,95,SH,15G,
0943-815,145,528,EA,CAMELLIA J. SWAN LAKE 15G ESP,145,SH,15G,
0943-915,95,519,EA,CAMELLIA J. SWAN LAKE 15G,95,SH,15G,
0944-015,95,519,EA,CAMELLIA PINK 15G,95,SH,15G,
0944-515,145,528,EA,CAMELLIA CHANSONETTE 15G ESP,145,SH,15G,
0944-615,145,528,EA,"CAMELLIA J ""GLEN 40"" 15G  ESP",145,SH,"40""",
0944-619,95,519,EA,"CAMELLIA J  GLEN ""40"" 15G",95,SH,"40""",
0945-505,30,520,EA,CAMELLIA J DEBUTANTE 5G,30,SH,5G,
0945-515,95,519,EA,CAMELLIA DEBUTANTE 15G,95,SH,15G,
0945-524,500,527.5,EA,"CAMELLIA J  24"" ESP",500,SH,"24""",
0946-505,30,520,EA,CAMELLIA SETSUGEKKA 5G,30,SH,5G,
0946-515,95,519,EA,CAMELLIA SETSUGEKKA 15G,95,SH,15G,
0946-615,95,519,EA,CAMELLIA MATHOTIANA 15G,95,SH,15G,
0947-001,4.5,522,EA,CAREX TUMULICOLA 1G,4,GCC,1G,
0947-015,11,520,EA,CAREX TUMULICOLA 5G,11,GCC,5G,
0947-101,4.5,522,EA,CAREX SPECIES 1G,4.5,GCC,1G,
0947-105,18,520,EA,CAREX BUCHANII 5G,18,GCC,5G,
0947-111,6,522,EA,CAREX SPISSA 1G,6,GCC,1G,
0947-115,75,519,EA,CAREX F. TOFFE TWIST 15G,75,GCC,15G,
0947-201,4.5,522,EA,CAREX TESTACEA 1G,4.5,GCC,1G,
0947-205,18,520,EA,CAREX ROMAN'S BRONZE 5G,18,GCC,5G,
0947-215,85,519,EA,CAREX BUCHANANII 15G,85,GCC,15G,
0947-301,5,522,EA,CAREX PANSA 1G,5,GCC,1G,
0947-305,13,520,EA,CAREX DIVULSA 5G,13,GCC,5G,
0947-401,4.5,522,EA,"CAREX ELATA ""BOWLES GOLDEN"" 1G",4.5,GCC,1G,
0947-403,11,520,EA,CAREX DIVULSA 3G,11,GCC,3G,
0947-405,12,520,EA,CAREX SPISSA 5G,15,GCC,5G,
0947-501,5.5,522,EA,"CAREX MOR. ""ICE DANCE"" 1G",5.5,GCC,1G,
0947-505,20,520,EA,CAREX OSH. EVERGOLD 5G,20,GCC,5G,
0947-601,5.5,522,EA,"CAREX MOR. ""AUREA-VARIEGATA"" 1G",5.5,GCC,1G,
0947-605,20,520,EA,CAREX FROSTED CURLS 5G,20,GCC,5G,
0947-701,4.5,522,EA,CAREX BUCHANANII 1G,4.5,GCC,1G,
0947-705,15,520,EA,CAREX TUMULICOLA 5G,15,GCC,5G,
0947-801,2.8,522,20,CAREX DIVULSA 1G,4,GCC,1G,
0947-805,10,520,EA,CAREX PANSA 5G,10,GCC,5G,
0947-901,5,522,EA,CAREX PENDULA 1G,5,GCC,1G,
0947-905,13,520,,CAREX LENCA 5G,13,GCC,5G,
0948-001,4.6,522,EA,CAREX GLAUCA 1G,4.6,GCC,1G,
0948-002,0.85,524,EA,"CAREX GLAUCA 2"" PLUGS",0.85,GCC,"2""",
0948-101,4.6,522,EA,CAREX AUREA 1G,4.6,GCC,1G,
0948-201,4.5,522,EA,CAREX PRAEGRACILIS 1G,3.8,GCC,1G,
0948-301,5,522,EA,CAREX TENECULMS CAPPUCINO 1G,5,GCC,1G,
0948-401,4.6,522,EA,CAREX ALBULA 'FROSTY CURLS' 1G,4.6,GCC,1G,
0948-501,4.5,522,EA,CAREX FLA. 'BLUE ZINGER' 1G,4.5,GCC,1G,
0948-515,145,528,EA,CAMELLIA S  KANJIRO 15G ESP,145,SH,15G,
0948-601,5,522,EA,CAREX EVERGOLD 1G,5,GCC,1G,
0948-615,95,519,EA,CAMELLIA SILVER WAVES 15G,95,SH,15G,
0949-505,30,520,EA,CAMELLIA S JEAN MAY 5G,30,SH,5G,
0949-515,95,519,EA,CAMELLIA S  JEAN MAY 15G,95,SH,15G,
0949-615,95,519,EA,CAMELLIA MRS DW DAVIS 15G,95,SH,15G,
0949-705,30,520,EA,CAMELLIA S TANYA 5G,30,SH,5G,
0949-715,145,528,EA,CAMELLIA 'TOM KNUDSEN' 15G ESP,145,SH,15G,
0950-415,145,900,EA,CAMELLIA J. 'KRAMER'S SUPREME' 15G ESP,145,SH,15G,
0950-501,3,522,EA,CAMPANULA PORSCH. 1G,3,GCC,1G,
0950-504,2.25,524.1,EA,"CAMPANULA PORSCH 4"" POTS",2.25,GCC,"4""",
0950-505,30,520,EA,CAMELLIA J. KRAMERS SUPREME 5G,30,SH,5G,
0950-511,3,522,EA,CAMPANULA ISOPHYLLA ALBA 1G,3,GCC,1G,
0950-515,95,519,EA,CAMELLIA J. KRMR'S SUPREME 15G,95,SH,15G,
0950-520,18,526,EA,CAMPSIS RADICANS 5G STK,18,SH,5G,
0950-530,13,526,EA,CAMPSIS TAGLIABUANA 5G STK,13,SH,5G,
0950-605,30,520,EA,CAMELLIA NUCCIO'S GEM 5G,30,SH,5G,
0950-615,120,519,EA,"CAMELLIA J ""SHIRO CHAN"" 15G STD",120,SH,15G,
0950-705,9,520,EA,CAMPANULA PORTENSCHLAG 5G,9,GCC,5G,
0950-715,36,525,EA,CAMPSIS TAGLIABUANA 15G STK,36,SH,15G,
0950-805,30,520,EA,CAMELLIA J. 'ELEGANS SPLENDOR' 5G,30,SH,5G,
0950-815,200,510.4,EA,CAMELLIA J. 15G PATIO TREE,200,TR,15G,
0950-915,95,519,EA,CAMELLIA PEARL MAXWELL 15G,95,SH,15G,
1000000,0,None,EA,MISC (DON'T USE),0,,,
1000-099,200,637.2,EA,ADD-A-ZONE DEVICE (like Switch-Hitter),200,L,,
10-0010,0,None,EA,DUMP FEES,0,,,
1000-100,0,999,LS,ADDITIONAL PLANT MAT. / LABOR,0,,,
1000-101,6,522,EA,ARISTIDA PURPUREA VAR. 1G,6,GCC,1G,
1000-102,1.25,524,EA,ARISTIDA PURPUREA PLUGS,1.25,GCC,,
1000-115,50,519,EA,"CANNA ""TROPICANA"" 15G",50,GCC,15G,
100-020,0,999,EA,SCH 80 NIPPLE (PVC) - 1 X 2,0,L,,
1000-200,0,635.1,LS,POTTERY PLANT MAT / LABOR,0,,,
1000-201,6,522,EA,ARISTIDA PURPUREA 1G,6,GCC,1G,
100-020BS,0,999,EA,BRASS NIPPLE - 1 X 2,0,L,,
1000-215,50,519,EA,CANNA GENERALIS 15G,50,,15G,
100-030,0.75,None,EA,MISC FITTING,0.75,,,
1000-300,0,1011,LF,TRENCHING,0,,,
1000-301,0,1012,LF,"HAND TRENCH 12"" DEPTH",0,,"12""",
1000-302,0,1013,LF,TRENCHING 5' DEEP,0,,,
100-030BL,0,None,EA,1 X 3 NIPPLE - SCH 80 (B-LN),0,,,
100-030BS,12,None,EA,1 X 3 NIPPLE (BRASS),12,,,
100-030UV,0,None,EA,1 X 3 NIPPLE - SCH 80 (UVR),0,,,
1000-315,80,519,EA,CANNA PRETORIA 15G,80,,15G,
100-040,0,None,EA,1 X 4 NIPPLE - SCH 80 (PVC),0,,,
100-040BL,0,None,EA,1 X 4 NIPPLE - SCH 80 (B-LN),0,,,
100-040BS,15,None,EA,1 X 4 NIPPLE (BRASS),15,,,
100-040UV,0,None,EA,1 X 4 NIPPLE - SCH 80 (UVR),0,,,
1000-501,2.8,522,EA,CANNA LILY DWARF 1G,2.8,,1G,
1000-505,8.5,520,EA,CANNA LILY DWARF 5G,8.5,,5G,
100-060,0,None,EA,1 X 6 NIPPLE - SCH 80 (PVC),0,,,
1000-605,12,520,EA,CANNA 'TROPICAL BRONZE SCARLET' 5G,12,,5G,
100-060BL,0,None,EA,1 X 6 NIPPLE - SCH 80 (B-LN),0,,,
100-060BS,22,None,EA,1 X 6 NIPPLE (BRASS),22,,,
100-060UV,0,None,EA,1 X 6 NIPPLE - SCH 80 (UVR),0,,,
100-080,0,None,EA,1 X 8 NIPPLE - SCH 80 (PVC),0,,,
100-080BL,0,None,EA,1 X 8 NIPPLE - SCH 80 (B-LN),0,,,
100-080BS,24,None,EA,1 X 8 NIPPLE (BRASS),24,,,
100-080UV,0,None,EA,1 X 8 NIPPLE - SCH 80 (UVR),0,,,
100-100,0,None,EA,1 X 10 NIPPLE - SCH 80 (PVC),0,,,
100-100BL,0,None,EA,1 X 10 NIPPLE - SCH 80 (B-LN),0,,,
100-100BS,30,None,EA,1 X 10 NIPPLE (BRASS),30,,,
100-100UV,0,None,EA,1 X 10 NIPPLE - SCH 80 (UVR),0,,,
1001-101,3.75,522,EA,CANNA LILY 1G,3.75,,1G,
1001-105,10,520,EA,CANNA LILY 5G,10,,5G,
1001-106,14,520,EA,CANNA LILY TROPICANA 5G,14,,5G,
1001-110,12,520,EA,BRACHYSOME HYBRIDS 5G,12,,5G,
100-120,0,None,EA,1 X 12 NIPPLE - SCH 80 (PVC),0,,,
1001-201,4,522,EA,ARTEM. SCHM. SILVER MND 1G,4,,1G,
1001-205,10,520,EA,"CANNA INDICA ""PHASION"" 5G",10,,5G,
100-120BL,0,None,EA,1 X 12 NIPPLE - SCH 80 (B-LN),0,,,
100-120BS,43,None,EA,1 X 12 NIPPLE (BRASS),43,,,
100-120UV,0,None,EA,1 X 12 NIPPLE - SCH 80 (UVR),0,,,
1001-301,3.8,522,EA,ARTEMESIA TRIDENTATA 1G,3.8,,1G,
1001-305,23,520,EA,CANNA AUGUSTE FERRIER 5G,23,,5G,
100-140,0,None,EA,1 X 14 NIPPLE - SCH 80 (PVC),0,,,
1001-405,23,520,EA,CANNA BENGAL TIGER 5G,23,,5G,
100-140BL,0,None,EA,1 X 14 NIPPLE - SCH 80 (B-LN),0,,,
100-140BS,0,None,EA,1 X 14 NIPPLE (BRASS),0,,,
100-140UV,0,None,EA,1 X 14 NIPPLE - SCH 80 (UVR),0,,,
1001-501,4,522,EA,ARTEMESIA POWIS CASTLE 1G,4,,1G,
1001-504,2.5,524.1,EA,"ARTEMESIA POWIS CASTLE 4"" POT",2.5,,"4""",
1001-505,12,520,EA,ARTEMESIA POWIS CASTLE 5G,12,,5G,
1001-506,4,522,EA,ARTEMESIA DRACUNCULUS 1G,4,,1G,
1001-507,5,522,EA,MENTHA SPICATA 1G,5,,1G,
1001-508,11,520,EA,ARTEMESIA CALIFORNICA 5G,11,,5G,
1001-515,45,519,EA,ARTEMESIA POWIS CASTLE 15G,45,,15G,
100-160,0,None,EA,1 X 16 NIPPLE - SCH 80 (PVC),0,,,
1001-601,4,522,EA,ARTEMESIA C. 'CANYON GREY' 1G,4,,1G,
1001-605,18,520,EA,ARTEMESIA ABSINTHIUM 5G,18,,5G,
100-160BL,0,None,EA,1 X 16 NIPPLE - SCH 80 (B-LN),0,,,
100-160BS,0,None,EA,1 X 16 NIPPLE (BRASS),0,,,
100-160UV,0,None,EA,1 X 16 NIPPLE - SCH 80 (UVR),0,,,
1001-615,48,519,EA,ARTEMESIA CALIFORNICA 15G,48,,15G,
1001-701,5,522,EA,MENTHA SUAVEOLENS 1 GAL,5,,1G,
1001-705,11,520,EA,ARTEMESIA MONTANA 5G,11,,5G,
100-180,0,None,EA,1 X 18 NIPPLE - SCH 80 (PVC),0,,,
1001-801,5,522,EA,MENTHA PIPERITA 1G,5,,1G,
1001-805,16,520,EA,ARTEMESIA MONTARA 5G,16,,5G,
100-180BL,0,None,EA,1 X 18 NIPPLE - SCH 80 (B-LN),0,,,
100-180BS,43,None,EA,1 X 18 NIPPLE (BRASS),43,,,
100-180UV,0,None,EA,1 X 18 NIPPLE - SCH 80 (UVR),0,,,
1002-004,4,524.1,EA,"PETROSELINUM CRISPUM 4"" POTS",4,,"4""",
100-201,13.95,639.4,EA,CINDER BLOCKS,15,,,
1002-101,3.7,522,EA,ERIOGONUM FAS. 'DANA POINT' 1G,3.7,,1G,
1002-105,10,520,EA,"CANNA ""RED FUTURITY"" 5G",10,,5G,
1002-205,20,901,EA,PETRA VOLBUILIS 5G STK,20,,5G,
100-240,6.5,None,EA,1 X 24 NIPPLE - SCH 80 (PVC),6.5,,,
100-240BL,0,None,EA,1 X 24 NIPPLE - SCH 80 (B-LN),0,,,
100-240BS,87,None,EA,1 X 24 NIPPLE (BRASS),87,,,
1002-505,11,520,EA,ARTEMESIA LUDOVICIANA 5G,11,,5G,
100-300,3.75,None,EA,1 X 30 NIPPLE - SCH 80 (PVC),3.75,,,
1003-001,4.5,522,EA,ERIOG. GRANDE RUBESCENS 1G,4.5,,1G,
100-300BL,4.75,None,EA,1 X 30 NIPPLE - UVR,4.75,,,
100-300BS,70,None,EA,1 X 30 NIPPLE (BRASS),70,,,
100-300UV,0,None,EA,1 X 30 NIPPLE - SCH 80 (UVR),0,,,
1003-101,4.1,522,EA,ERIOGONUM FASCICULATUM 1G,4.1,,1G,
1003-201,5.6,522,EA,ERIOGONUM F. BRUCE DICKERSON 1G,5.6,,1G,
1003-301,4.5,522,EA,ERIOGONUM GIGANTEUM 1G,4.5,,1G,
1003-401,4.5,522,EA,ERIOGONUM PARVIFOLIUM 1G,4.5,,1G,
1003-501,5,522,EA,ERIOGONIUM ARBORESCENS 1G,5,,1G,
100-360,0,None,EA,1 X 36 NIPPLE - SCH 80 (PVC),0,L,,
100-360BL,0,None,EA,1 X 36 NIPPLE - SCH 80 (B-LN),0,L,,
100-360BS,84,None,EA,1 X 36 NIPPLE (BRASS),84,L,,
100-360UV,0,None,EA,1 X 36 NIPPLE - SCH 80 (UVR),0,L,,
10049-2,3.65,522,EA,ISOMERIS ARBOREA 1G,3.65,SH,1G,
10049-3,3.5,522,EA,ISOCOMA MENZIESII 1G,3.5,SH,1G,
100-CL,0,None,EA,1 X CLOSE NIPPLE - SCH 80 (PVC),0,L,,
100-CLBL,0,None,EA,1 X CLOSE NIPPLE - SCH 80 (B-LN),0,L,,
100-CLBS,6,None,EA,1 X CLOSE NIPPLE (BRASS),6,L,,
100-CLUV,0,None,EA,1 X CLOSE NIPPLE - SCH 80 (UVR),0,L,,
10-1010,900,470,EA,HELIOTROPE TROPE ORGANIC CONT. 24,900,GCC,,
10-1020,2.8,210,EA,RB 1804 BODY (USE PL NOZ),2.8,L,,
10-1021,115,420,EA,RB 44NP-ACME (no longer made),115,L,,
10-1022,9.8,210,EA,RB RD-04-S-P30-NP,9.8,L,,
10-1040,5.8,210,EA,RB 1806 BODY (USE PL NOZ),5.8,L,,
1010-505,9,520,EA,ANISODONTEA TARAS CHOICE 5G,9,SH,5G,
10-1060,9.6,210.1,EA,RB 1812 BODY (USE PL NOZ),9.6,L,,
1010-605,9,520,EA,ANISODONTEA HYPOMANDARUM 5G,9,SH,5G,
10-1079,2.75,999,ea,"RB 1800 EXT (6"" riser extension)",2.75,L,"6""",
10-1080,4.15,210,EA,RB 1804 SAM BODY (USE PL NOZ),4.15,L,,
10-1100,10,210,EA,RB 1806 SAM BODY (USE PL NOZ),10,L,,
101-1000,14.25,625.1,LF,"4"" CAST IRON PIPE W/ 1 RUB FIT",14.25,M,"4""",
101-1001,9.75,625.1,LF,"3"" CAST IRON PIPE W/1 RUB. FIT",9.75,M,"3""",
101-1002,30,625.1,LF,"4"" D.I.P. PIPE W/ 1 RUB FIT",30,M,"4""",
101-1003,25,630,LF,"3"" D.I.P. PIPE, W/ 1 RUB FIT",25,M,"3""",
101-1004,10.65,625.3,LF,"2"" CAST IRON PIPE W/1 RUB. FIT",10.65,M,"2""",
101-1005,200,635.11,EA,"DURATRENCH 4"" SLOT DRAIN (10' length)",200,L,"4""",
10-1101,23,210.1,EA,RB 1812 SAM P45,23,L,,
10-1102,13,210.1,EA,RB 1806-SAM-P45,13,L,,
10-1103,6.7,210,EA,RB 1804-SAM-P45,6.7,L,,
10-1104,29,210,,RB 1812-SAM-P30,29,L,,
10-1107,0.35,636.4,EA,TORO T-SDB252-12-100 DRIP TUBING,0.35,L,,
10-1108,75,380,EA,"TORO P220-26-04 1""",75,CV,"1""",
10-1109,23,380,EA,"TORO TPVF-EFF-KIT 1""",23,CV,"1""",
10-1110,54,380.7,EA,"TORO DZK-TPV-1-MF 1""",54,CV,"1""",
10-1111,54,380.7,EA,"TORO DZK-TPV-1-LF 1""",54,CV,"1""",
10-1112,37,635,EA,"TORO 5/8"" BRN T-PCB1810-12 (100' ROLL)",37,L,"8""",
10-1113,2,402.3,EA,TORO FCH-H-FIPT FLUSH VALVE,2,L,,
10-1114,9,402.3,EA,TORO VACC RELIEF T-YD-500-34,9,L,,
10-1115,101,380,EA,"TORO P220-26-06 1 1/2""",101,CV,"2""",
10-1116,98,380,EA,"TORO P220-26-04  1""  W/ EFF-KIT-60HZ (RW)",98,CV,"1""",
10-1117,215,380,EA,"TORO P220-26-08  2""",215,CV,"2""",
10-1118,290,380,EA,"TORO P220-26-00 3"" RCV",290,CV,"3""",
10-1119,107,380.7,EA,"TORO DZK-700-MF ULTRA-FLOW 1""",107,CV,"1""",
10-1120,11,210.1,EA,RB 1812 SAM BODY (USE PL NOZ),11,L,,
10-1121,11.25,211,EA,RB 1812 SAM BODY (discontinued),11.25,L,,
10-1122,11.5,251,EA,TORO T-PR25-9 9 OUTLET EMITTER,11.5,L,,
10-1123,0.3,639.1,EA,TORO T-DPC-08-MA-DE-RED PC EMITTER,0.3,L,,
10-1124,58,395,EA,"TORO DZK-EZF-075-MF 3/4""",58,CV,"4""",
10-1125,60,395,EA,"TORO DZK-EZF-1-MF 1""",60,CV,"1""",
10-1126,23,380,EA,"TORO TPVF-100S 1""",23,CV,"1""",
10-1127,54,380.7,EA,"TORO DZK-TPV-1-LF 3/4""",54,CV,"4""",
10-1128,21,395,EA,"TORO EZF-29-04 1"" ANTI SIPHON W/ FLOW",21,CV,"1""",
10-1129,2.5,220,EA,RB PA8S-NP SHRUB BODY,2.5,SH,,
10-1130,0.9,220,EA,RB PA8S SHRUB BODY,0.9,SH,,
1011-301,4.25,522,EA,ASTER C. 'POINT ST. GEORGE' 1G,4.25,GCC,1G,
10-1131,0.37,636.4,LF,"TORO T-PCB 1810-12 (5/8"" BROWN) DRIPLINE",0.37,L,"8""",
10-1132,5,220,EA,RB PA-8S PRS SHRUB BODY,5,SH,,
10-1133,3.46,220,EA,RB PA-8S PRS (NOT MADE WITH NP/USE 10-1132),3.46,L,,
10-1134,5,210,EA,RB 1804 PRS BODY ONLY,5,L,,
10-1135,2.5,639,EA,RB 1800 NP COVER (PURPLE-RECLAIMED),2.5,L,,
10-1136,15,None,EA,RB NP-HAN-EFB/GB PURPLE,15,CV,,
10-1137,3.9,639,EA,CHRISTY 3800 RW NAME PLATE,3.9,CV,,
10-1138,3.41,639,EA,HUNTER #458520SP THRD. RW CAP,3.41,L,,
10-1139,1.35,639,EA,TORO 570 SERIES PURPLE CAPS,1.35,L,,
10-1140,3,None,EA,RB PA 80 ADAPTER,3,L,,
1011-401,4.2,522,EA,ASTER CHILENSIS 1G,4.2,GCC,1G,
1011-404,2.5,524,EA,"ASTER CHILENSIS 4""",2.5,GCC,"4""",
10-1141,6.51,None,EA,RB NP-HAN PESB PURPLE,7,CV,,
10-1142,80,640,EA,CHRISTY V-9 W V9-71C CAST IRON LID,80,CV,,
10-1143,63,395,EA,"TORO EZK-EZF-075-LF 3/4""",63,CV,"4""",
10-1144,24,999,EA,TORO EFF-KIT-60HZ (RW) SOLENOID,24,CV,,
10-1145,54,635.1,EA,"CHRISTY F22 12"" ROUND CONCRETE BOX 30""D",54,CV,"12""",
10-1146,8.5,214,EA,"RB NT6005H 6"" MICRO POP-UP",8.5,L,"6""",
10-1147,0.76,999,EA,HUNTER 458500 BLK CAP,0.76,L,,
10-1148,0.13,642.3,EA,CHRISTY TA-DT-3-BIRR TAPE,0.11,L,,
10-1149,0.35,636.4,LF,"TORO T-SDB252-6-100 1/4"" tubing",0.35,L,"4""",
10-1150,,,,CHRISTY N30 w/B30-61D CONC LID,,,,
1011-501,3,522,EA,ASTERICUS MARITIMUS 1G,3,GCC,1G,
1011-505,15,520,EA,ANISODONTEA HYPOMANDARUM 5G,15,SH,5G,
10-1158,0.13,642.3,LF,CHRISTY TA-ND-3-PRW tape,,L,,
10-1159,5,220,EA,RB PA-8S-P45,5,L,,
10-1160,1.15,221,EA,RB A8S BRASS SHRUB BODY,1.15,SH,,
1011-601,6,522,EA,ASTIBE DIAMONDS & PEARLS 1G,6,GCC,1G,
1011-605,15,520,EA,ASTROPHYTUM MYRIOSTIGMA 5G,15,GCC,5G,
10-1161,2,None,EA,RB PCS SCREEN,2,L,,
10-1162,1.8,None,EA,RB PCS 010 PURPLE,1.8,L,,
10-1163,1.8,None,EA,RB PCS 020 BROWN,1.8,L,,
10-1164,1.8,None,EA,RB PCS 030 SILVER,1.8,L,,
10-1165,1.8,None,EA,RB PCS 040 ORANGE,1.8,L,,
10-1166,1.8,None,EA,RB PCS 060 BLACK,1.8,L,,
10-1167,1.8,None,EA,RB PCS 090 WHITE,1.8,L,,
10-1168,1.8,None,EA,RB PCS 125 GREEN,1.8,L,,
10-1169,1.8,None,EA,RB PCS 175 YELLOW,1.8,L,,
10-1170,1.8,None,EA,RB PCS 260 BLUE,1.8,L,,
10-1171,1.8,None,EA,RB PCS 370 RED,1.8,L,,
10-1172,1.6,None,EA,VAN NOZZLE ALLOWANCE,1.6,L,,
10-1173,1.8,None,EA,RB PCS ALLOWANCE,1.8,L,,
10-1174,,,,RB PA-8S-P30,,,,
10-1180,3,251,EA,RB 1401 BUBBLER,5,L,,
10-1181,0.9,251,EA,RB 1300AF,0.9,L,,
10-1182,1.75,251,EA,HUNTER PCN-25 BUBBLER,1.75,L,,
10-1183,2,251,EA,RB PCT-10  BUBBLER,2,L,,
10-1184,2,251,EA,RB PCT-07 BUBBLER,2,L,,
10-1185,2,251,EA,HUNTER MSBN-25 Q BUBBLER NOZ.,2,L,,
10-1186,2,251,EA,RB PCT-05 BUBBLER,2,L,,
10-1187,1.65,251,EA,HUNTER PCN-50 BUBBLER,1.65,L,,
10-1188,1.65,251,EA,RB 5F-B BUBBLER,1.65,L,,
10-1189,2,251,EA,RB PCT-12 BUBBLER,2,L,,
10-1200,4,251,EA,RB 1402 BUBBLER,4,L,,
10-1206,1.1,None,EA,UP-CHARGE TORO MSBN - USE 30-2783 PLEASE,1.1,L,,
10-1207,0.9,None,EA,TORO T-FJA16  3/4 THR X LOC-ZE,0.9,L,,
10-1208,0.8,639,EA,"TORO T-FTF16  TEE w/ 1/2""  FEMALE OUTLET",0.8,L,"2""",
10-1209,0.7,402.3,,TORO T-FCV-BB  MICROFLOW VALVE,0.7,L,,
10-1210,0.26,639.1,EA,TORO IPS0104 STAKE,0.26,TRSTK,,
1012-101,6,522,EA,ATHYRIUM NIPONICUM PICTUM 1G,6,GCC,1G,
10-1211,0.61,639,,TORO T-FAM16,0.61,L,,
10-1212,0.5,639,EA,TORO T-FEE16 LOC-EZE ELL,0.5,L,,
10-1213,0.61,639,EA,TORO T-FTT16 LOC-EZE TEE,0.61,L,,
10-1214,1.45,639,EA,"TORO T-FTS16-1  TEE w/3/4"" FEMALE OUTLET",1.45,L,"4""",
10-1215,0.6,402.3,EA,TORO T-FJJ16 LOC-EZE W/ CAP  FV,0.6,L,,
10-1216,181,380,EA,"TORO P220-27-06 1 1/2"" W/ EZREG",181,CV,"2""",
10-1217,150,380,EA,"TORO P220-27-04 1"" W/ EZREG",150,CV,"1""",
10-1218,162.5,380,EA,"TORO P220-27-08 2"" W/ EZREG",162.5,CV,"2""",
10-1219,4,251,EA,RB 1408 BUBBLER,4,L,,
10-1220,4,251,EA,RB 1404 BUBBLER,4,L,,
1012-201,6,522,EA,ATHYRIUM FILIX-FEMINA 1G,6,GCC,1G,
10-1222,4,251,EA,RB 1408 BUBBLER,4,L,,
10-1225,1.75,251,EA,RB 1502-SB-H,1.75,L,,
10-1226,1.75,250,EA,RB 1502-SB-CST,1.75,L,,
10-1227,1,None,EA,"RB SA 6050 SWING ASS. 1/2"" X 6""",1,L,"2""",
10-1228,1.05,None,EA,"RB SA 12050 SWING ASS. 1/2"" X 12""",1.05,L,"2""",
10-1229,50,639.7,EA,RB RWS-BCG (W/1401 & SWING),50,L,,
10-12290,17,637,EA,ROOTWELL RWPRO-18C,17,L,,
10-12291,27,637,EA,"RB RWS-G (NO BUBB., NO SWING)",27,L,,
10-1230,1.15,None,EA,"RB SA65075 SWING ASS. 1/2"" X 3/4""-6""",1.15,L,"2""",
10-1231,1.25,None,EA,"RB SA125075 SWING ASS. 3/4""X3/4""-12""",1.25,L,"4""",
10-1232,20,999,EA,RB TSJ-075-PRS,20,L,,
10-1233,37,999,EA,RB TSJ -100-PRS,37,L,,
10-1234,51,639.7,EA,RB RWS-B-C-1400-4,51,L,,
10-1235,48,639.7,EA,RB RWS M-B-C-1401,48,L,,
10-1236,48,639.7,EA,RB RWS M-B-C-1402,48,L,,
101236,125,380,EA,RB NP-HAN-PESB-100,125,CV,,
10-1237,34.5,370.11,EA,RB 5006+ PC/FC SAM-R-NP / MPR NOZ.,34.5,L,,
10-1238,21,370.2,EA,RB 5000S+PC-SAM-R,21,L,,
10-1239,45,370,EA,RB 5012+PC/FC -SAM-R-NP,45,L,,
10-1240,21.5,340,EA,RB MAXIBIRD 2045A-PJ08,21.5,L,,
10-1241,13,370.1,EA,RB TBIRD T-4SAM-PC (USE 5004PCSAM),13,L,,
10-1242,1.9,None,EA,RB T-BIRD NOZZLE,1.9,L,,
10-1243,13.5,370.1,EA,RB TBIRD T-6SAM-PC (USE 5006PCSAM),13.5,L,,
10-1244,19.7,370.1,EA,RB TBIRD T-12SAM-PC (USE 5012PCSAM),19.7,L,,
10-1245,10,370.1,EA,RB TBIRD T-4PC (USE 5000 SERIES),10,L,,
10-1246,13.75,370.1,EA,RB TBIRD T-6PC (USE 5000 SERIES),13.75,L,,
10-1247,16.45,370.1,EA,RB TBIRD T-12PC (USE 5000 SERIES),16.45,L,,
10-1248,7,370.5,EA,RB T-BIRD T-S-PC SHRUB (USE 5000SPCS),7,SH,,
10-1249,0.7,639,EA,RB T BIRD RW CAPS (PURPLE),0.7,L,,
10-1250,19,370.2,EA,RB 5000S-SPCSAM SHRUB,19,SH,,
10-1251,27.5,370,EA,"RB 5004-PC-SAM 4""",27.5,L,"4""",
10-1252,22,370,EA,"RB 5006+-PL/PC-SAM 6""",22,L,"6""",
10-1253,32,370,EA,"RB 5012-PC-SAM 12"" (DISCONTINUING)",32,L,"12""",
10-1254,19,370.2,EA,RB 5000S-SPCS-NP SHRUB,19,SH,,
10-1255,27.5,370.1,EA,"RB 5004-PC-SAM-NP 4""",27.5,L,"4""",
10-1256,23,370,EA,"RB 5006+-PL/PC-SAM-R-NP 6""",23,L,"6""",
10-1257,35,370,EA,"RB 5012 PC/ FC SAM-NP 12"" (DISCONTINUING)",35,L,"12""",
10-1258,34,370,EA,RB 5006+-PC-SS-R,34,L,,
10-1259,29,370.91,EA,RB 7005-SS-NP,29,L,,
10-1260,35,370,EA,RB 5505-SS-NP,35,L,,
10-1261,30,340,EA,RAINBIRD 65P JADJ-TNT IMPACT,30,L,,
10-1262,33,370,EA,"RB 5006+-FC-SAM-R-NP 6""",33,L,"6""",
10-1263,37,370,EA,"RB 5012 FC/PC-SAM-12"" (DISCONTINUING)",37,L,"12""",
10-1264,27.5,370,EA,RB 5004+-PC-SAM-PRS,27.5,L,,
10-1265,27.5,570,EA,RB 5004+-PC-SAM-PRS,27.5,L,,
10-1266,25,370,EA,RB 5006+-FC-SAM-SS-R-MPR,25,L,,
10-1267,30,370,EA,RB 5012 PL-R-SAM (DISCONTINUING),30,L,,
10-1268,23,370.2,EA,RB 5000S+SPCSAMR,23,L,,
10-1269,45,370,EA,RB 5012+-PC-SAM-R,45,L,,
10-1270,25,370.2,EA,RB 5000S+-R-PC (with reg),25,L,,
10-1271,12,360,EA,RB 3504-PC-SAM,12,L,,
10-1272,31,370,EA,RB 5006+PC/FC-SAM-R-NP-SS / MPR NOZ.,31,L,,
10-1273,29,370,EA,RB 5006+-PC-SAM-R-SS,29,L,,
10-1274,25,370,EA,RB 5004-PCS-R,25,L,,
10-1275,19,370.2,EA,RB 5000S+-MPR35-SAM,19,L,,
10-1276,45,370,EA,RB 5012+PC/FC-SAM-R-NP-SS,45,L,,
10-1277,33,570,EA,RB 5004+PCSAMRSS,33,L,,
10-1278,21,370.3,EA,5000S-FC-SAM-R,,,,
10-1280,18.75,340,EA,RB 25BPJ SPECIAL,18.75,L,,
10-1281,93,639.7,EA,RB RWS-M-BCG,93,L,,
10-1282,29,639.7,,"RB RWS-M (MINI, with no bubbler)",29,L,,
10-1283,50,639.7,EA,"RB RWS-BC1402 (W/ 1402 CV, 4"" GRATE, 12"" SWING)",50,L,"4""",
10-1284,5.75,None,EA,"RB RWS-GRATEP (4"" PURPLE GRATE)",5.75,L,"4""",
10-1290,110,370.91,EA,RB 6504-FC-PC/SS-HS-18-P,110,L,,
10-1318,160,380.2,EA,"TORO P220-26-08 2""  W/ EFF-KIT-60HZ (RW)",160,CV,"2""",
10-1319,168,380.2,EA,"TORO P220-26-06 1 1/2""  W/ EFF-KIT-60HZ",168,CV,"2""",
10-1320,61,350,EA,RB 35 A PJADJ TNT,61,L,,
10-1321,31.7,350,EA,RB 35A-TNT,31.7,L,,
10-1322,711,380,EA,"TORO 220-27-00 3"" EZREG BRASS",711,CV,"3""",
10-1323,215,380.2,EA,"TORO P220-27-08  2"" W/ EZREG & EFF-KIT-60HZ (RW)",215,CV,"2""",
10-1324,171,380.2,EA,"TORO P220-27-06 1.5"" W/ EZREG & EFF-KIT-60HZ (RW)",171,CV,"5""",
10-1325,145,380.2,EA,"TORO P220-27-04 1"" W/ EZREG & EFF-KIT-60HZ (RW)",145,CV,"1""",
10-1326,665,380,EA,"TORO 220-26-00 3"" BRASS",665,CV,"3""",
10-1327,220,380,EA,"TORO P220S-27-04 W/ EZ-REG 1"" SCRUBBER",220,CV,"1""",
10-1328,260,380,EA,"TORO P220S-27-06 W/ EZ-REG 1.5"" SCRUBBER",260,CV,"5""",
10-1329,290,380,EA,"TORO P220S-27-08 W/ EZ-REG 2"" SCRUBBER",290,CV,"2""",
10-1330,86.25,380,EA,"TORO P220S-26-04 1"" SCRUBBER",140,CV,"1""",
10-1332,260,380,EA,"TORO P220S-26-08 2"" SCRUBBER",215,CV,"2""",
10-1333,340,380,EA,"TORO P220S-26-00 3"" SCRUBBER",340,CV,"3""",
10-1334,190,380,EA,TORO P220S-26-06 1.5  SCRUBBER,190,CV,,
10-1335,25,637.2,EA,"TORO AFLS10150-L 1""",25,CV,"1""",
10-1340,36,340,EA,RB 20 BADJ,36,L,,
10-1349,0.8,None,EA,TORO XP300 PURPLE CAPS,0.8,L,,
10-1350,0.7,None,EA,TORO 570Z NP COVER (PURPLE-RW),0.7,L,,
10-1380,27,360,EA,RB 15103-07 MINI PAW,27,L,,
10-1400,9.98,360,EA,RB 15103-09 MINI PAW,9.98,L,,
10-1420,21,360,EA,RB MAXIPAW-08,21,L,,
10-1440,31,360,EA,RB 15111 A,31,L,,
10-1449,0.95,None,EA,TORO V-1550 RW CAPS    (PURPLE),0.95,L,,
10-1451,10,630.3,EA,NDS 881 8x8 SQ. GRATE,10,L,,
10-1500,40,370.2,EA,RB 5000S+PC/FC-SAM-R-NP-SS,40,L,,
10-1510,83.5,370,EA,RB 47 SAM,83.5,L,,
10-1600,13.48,370,EA,RB R-50C,13.48,L,,
10-1605,9.42,370,EA,RB R-50S,9.42,L,,
10-1610,0.18,None,EA,RB R-50 NOZZLE,0.18,L,,
10-2000,0.82,None,EA,RB 8F,0.82,L,,
10-20100,0,999,EA,FINE GRADING,0,,,
10-20101,0,999,,MAINTENANCE 12 MONTH,0,,,
10-20104,0,999,EA,MAINTENANCE 30 DAY,0,,,
10-20105,100,999,EA,MAINTENANCE 90 DAY,0,,,
10-20106,0,999,EA,MAINTENANCE 60 DAY,0,,,
10-20107,0,999,EA,MAINTENANCE 180 DAY,0,,,
10-20108,0,999,EA,MAINTENANCE 45 DAY,0,,,
10-20109,0,999,EA,MAINTENANCE 365 DAY,0,,,
10-20110,0,999,,MAINTENANCE 9 MONTHS,0,,,
10-20117,0,999,EA,MAINTENANCE 10 MONTH,0,,,
10-20125,0,999,EA,EXTENDED MAINTENANCE,0,,,
10-20130,0.8,637.3,LF,SHORING,0.8,,,
10-2020,0.82,None,EA,RB 8H,0.82,L,,
10-2020V,1.42,None,EA,RB 8 VAN NOZZLE,1.42,L,,
10-2040,0.82,None,EA,RB 8T,0.82,L,,
10-2041,70,370.91,EA,RB 8005-SS-NP,70,L,,
10-2042,61,370.91,ea,RB 8005- NOZZLE w/o SOD CUP or RW CAP,61,SD,,
1020-501,4,522,EA,CARISSA GRANDIFLORA 1G,4,SH,1G,
1020-505,10,520,EA,CARISSA GRANDIFLORA 5G,10,SH,5G,
1020-515,27,519,EA,CARISSA GRANDIFLORA 15G,27,SH,15G,
10-2060,0.82,None,EA,RB 8Q,0.82,L,,
1020-601,4,522,EA,CARISSA G. TOMLINSON 1G,4,SH,1G,
1020-701,4,522,EA,CARISSA EMERALD CARPET 1G,4,GCC,1G,
10-2080,0.82,None,EA,RB 10F,0.82,L,,
10-2100,0.82,None,EA,RB 10H,0.82,L,,
10-2100V,1.34,None,EA,RB 10 VAN NOZZLE,1.34,L,,
10-2115,561,380,EA,"TORO P220-27-00 3"" W/ EZREG",561,CV,"3""",
10-2116,222,380,EA,"TORO 220-27-04 1"" EZREG BRASS",222,CV,"1""",
10-2118,295,380,EA,"TORO 220-27-06 1 1/2"" EZREG BRASS",295,CV,"2""",
10-2119,325,380,EA,"TORO 220-27-08 2"" EZREG BRASS",325,CV,"2""",
10-2120,0.82,None,EA,RB 10T,0.82,L,,
10-2130,278,380,EA,"TORO 220-26-08 2"" BRASS",278,CV,"2""",
10-2131,247,380,EA,"TORO 220-26-06 1 1/2"" BRASS",247,CV,"2""",
10-2133,175,380,EA,"TORO 220-26-04 1"" BRASS",175,CV,"1""",
10-2140,0.82,None,EA,RB 10Q,0.82,L,,
1021-501,4,522,EA,CARISSA BOXWOOD BEAUTY 1G,4,SH,1G,
1021-505,11,520,EA,CARISSA BOXWOOD BTY 5G,11,SH,5G,
1021-515,40,519,EA,CARISSA BOXWOOD BEAUTY 15G,40,SH,15G,
10-2160,0.82,None,EA,RB 12F,0.82,L,,
1021-605,3.5,522,EA,CARISSA G. PROSTRATA 1G,3.5,GCC,1G,
1021-705,10,520,EA,CARISSA M. PROSTRATA 5G,10,GCC,5G,
10-2180,0.7,None,EA,3847,0.7,L,,
1021-805,10,520,EA,CARISSA M. COMPACTA 5G,10,SH,5G,
1021-905,10,520,EA,CARISSA HORIZONTALIS 5G,10,GCC,5G,
10-2200,0.82,None,EA,RB 12TT,0.82,L,,
10-2200V,1.34,None,EA,RB 12 VAN NOZZLE,1.34,L,,
10-2220,0.82,None,EA,RB 12H,0.82,L,,
10-2240,0.82,None,EA,RB 12T,0.82,L,,
1022-505,10,520,EA,CARISSA G. PROSTRATA 5G,10,GCC,5G,
10-2260,1.47,None,EA,UP-CHARGE FOR RB 'U' NOZ - USE 10-5445 PLEASE,1.47,L,,
10-2261,0.95,None,EA,UP-CHARGE FOR RB XPCN - USE 13420-082 PLEASE,0.95,L,,
10-2262,0,None,LS,UP-CHARGE FOR SCH 80 FITTING (ML),0,M,,
10-2263,0.32,None,EA,UP-CHARGE FOR RB HE VAN - USE 10-5441 PLEASE,0.32,L,,
10-2264,0,999,EA,UP-CHARGE FOR SCH. 80 FTGS (LAT),0,L,,
10-2280,0.82,None,EA,RB 15F,0.82,L,,
10-2300,0.82,None,EA,RB 15TQ,0.82,L,,
10-2300V,1.42,None,EA,RB 15 VAN NOZZLE,1.42,L,,
10-2320,0.82,None,EA,RB 15TT,0.82,L,,
10-2340,0.82,None,EA,RB 15H,0.82,L,,
10-2360,0.82,None,EA,RB 15T,0.82,L,,
10-2380,0.82,None,EA,RB 15Q,0.82,L,,
10-2402,1.15,None,EA,RB 15CST,1.15,L,,
10-2440,0.82,None,EA,RB 15SST,0.82,L,,
10-2460,0.82,None,EA,RB 17SST,0.82,L,,
10-2480,0.85,None,EA,RB 16F,0.85,L,,
10-2500,0.85,None,EA,RB 16H,0.85,L,,
10-2520,0.82,None,EA,RB 16Q,0.82,L,,
10-2540,0.82,None,EA,RB 22F,0.82,L,,
1025-501,4.4,522,EA,"CARISSA M. ""MINIMA"" 1G",4,GCC,1G,
10-2560,0.82,None,EA,RB 22H,0.82,L,,
1025-601,4.4,522,EA,CARISSA MACROCARPA 1G,4,SH,1G,
1025-605,11,520,EA,CARISSA MACROCARPA 5G,10,SH,5G,
1025-701,4.4,522,EA,CARISSA M. HORIZONTALIS 1G,4,GCC,1G,
10-2580,0.82,None,EA,RB 22Q,0.82,L,,
10-2595V,1.65,None,EA,RB 4 VAN NOZZLE,1.65,L,,
10-2597V,1.42,None,EA,RB 6 VAN NOZZLE,1.42,L,,
10-2600,0.82,None,EA,RB 5F,0.82,L,,
10-2620,0.82,None,EA,RB 5H,0.82,L,,
10-2640,1.85,None,EA,RB 5Q (SEE 10-5449),1.85,L,,
1026-515,24,519,EA,CARISSA GRAND FANCY 15G,24,SH,15G,
10-2660,0.82,None,EA,RB 5CST,0.82,L,,
10-2680,2.15,None,EA,RB B8F,2.15,L,,
10-2700,2.15,None,EA,RB B8H,2.15,L,,
10-2720,2.15,None,EA,RB B8Q,2.15,L,,
10-2740,2.15,None,EA,RB B12F,2.15,L,,
1027-501,4.3,522,EA,CARISSA GREEN CARPET 1G,4.25,GCC,1G,
1027-505,11,520,EA,CARISSA GREEN CARPET 5G,11,GCC,5G,
1027-515,42,519,EA,CARISSA GREEN CARPET 15G,42,GCC,15G,
10-2760,2.15,None,EA,RB B12H,2.15,L,,
10-2780,2.15,None,EA,RB B12 T,2.15,L,,
10-2800,2.15,None,EA,RB B12Q,2.15,L,,
10-2820,2.15,None,EA,RB B15F,2.15,L,,
10-2840,2.15,1001.1,EA,RB B 15TQ,2.15,L,,
10-2860,2.15,None,EA,RB B 15H,2.15,L,,
10-2880,2.15,None,EA,RB B 15T,2.15,L,,
10-2900,2.15,None,EA,RB B 15 Q,2.15,L,,
10-2920,2.15,None,EA,RB B 15 EST,2.15,L,,
10-2940,2.15,None,EA,RB B 15CST,2.15,L,,
1029-401,4.25,522,EA,CARISSA COMP. TUTTLII 1G,4.25,SH,1G,
1029-501,4,522,EA,CARISSA TUTTLE 1G,4,SH,1G,
1029-505,11,520,EA,CARISSA TUTTLE 5G,11,SH,5G,
1029-515,40,519,EA,CARISSA TUTTLE 15G,40,SH,15G,
10-2960,2.15,None,EA,RB B 15SST,2.15,L,,
10-2980,3.55,None,EA,RB B 16F,3.55,L,,
10-3000,3.55,None,EA,RB B 16H,3.55,L,,
1030-105,11,520,EA,CARISSA M. RUBY POINT 5G,11,SH,5G,
1030-115,250,510,EA,CARYOTA URENS 15G,250,TR,15G,
1030-150,1900,542,EA,CARYOTA MITIS 14' BTH,1900,TR,BTH,
10-3020,3.55,None,EA,RB B 16T,3.55,L,,
10-3040,3.55,None,EA,RB B 16Q,3.55,L,,
1030-505,50,520,EA,DRACENA MARGINATA 5G MLT,50,SH,5G,
1030-515,250,510,EA,DRACENA MARGINATA 15G MLT,250,SH,15G,
1030-535,350,506,EA,DRACENA MARGINATA 35G MLT,350,SH,35G,
10-3060,3.55,None,EA,RB B 22F,3.55,L,,
1030-605,50,520,EA,DRACENA FRAGRANS 5G,50,SH,5G,
1030-615,250,519,EA,DRACENA MASSANGEANA 15G,250,SH,15G,
1030-624,400,507.2,EA,"DRACENA MARGINATA 24"" MLT",400,SH,"24""",
1030-636,2700,505,EA,"DRACENA MARGINATA 36"" MLT",2700,SH,"36""",
1030-648,4000,503,EA,"DRACENA MARGINATA 48"" MLT",4000,SH,"48""",
1030-715,300,519,EA,DRACENA DEREMENSIS LISA 15G,300,SH,15G,
10-3080,3.55,None,EA,RB B 22H,3.55,L,,
1030-801,8,522,EA,DRACENA TRIFASCIATA 1G,8,GCC,1G,
10-3100,3.55,None,EA,RB B 22T,3.55,L,,
1031-105,11,520,EA,CARISSA M. TOMLINSON 5G,11,SH,5G,
10-3120,3.55,None,EA,RB B 22Q,3.55,L,,
1031-205,11,520,EA,CARISSA M 'EMERALD CARPET 5G,11,GCC,5G,
10-3121,139,469,EA,RB TBOS-BT1  1 STA. BATT-OP,139,L,,
10-3122,166,469,EA,RB TBOS-BT2  2 STA. BATT-OP,166,L,,
10-3123,270,469,EA,RB TBOS-BT4 4 STA. BATT-OP,270,L,,
10-3124,238,639.4,EA,RB TBOS-FTUS FIELD TRANSMITTER,238,L,,
10-3125,45,639.4,EA,RB TBOS-PSOL POTTED LATCH. SOL.,45,L,,
10-3127,11,None,EA,RB TBOS-ADAP-P (NON-RB ADAPTER),11,L,,
10-3128,,,,RB TBOS-BT6 battery-op controller,,,,
10-3140,0.1,None,EA,RB MAXIBIRD NOZZLE,0.1,L,,
10-3141,13.35,360,EA,RB MAXIPAW -SAM  2045A-SAM,13.35,L,,
1031-515,24,519,EA,CARISSA GRAND. PROSTRATA 15G,24,SH,15G,
10-3160,0.1,None,EA,MAXIPAW NOZZLE,0.1,L,,
10-3180,42.5,370,EA,RB R-70 PC,42.5,L,,
10-3185,42.5,370,EA,RB R-70FC,42.5,L,,
10-3190,2.48,None,EA,RB R70 NOZZLE,2.48,L,,
10-3200,3.48,None,EA,RB R70-RC NOZZLE,3.48,L,,
10-3210,19,370.2,EA,RB 5000S-PL-PC SAM  W/MPR 5000,19,L,,
10-3211,19,370.2,EA,RB 5000S-PL-PC-SAM,19,L,,
1032-115,28,519,EA,CARISSA MACROCARPA 15G,28,SH,15G,
10-3220,8,370.2,EA,RB 5000 SHRUB SAM,8,SH,,
1032-215,125,900,EA,CARISSA MACROCARPA 15G ESP.,125,SH,15G,
10 3240,1,None,EA,MAXIJET MAR090H,1,L,,
10-3240,11,370,EA,RB 5000 POP-UP SAM,11,L,,
10-3260,22,370,EA,RB 5000 HIGH-POP SAM (DISCONTINUING),22,L,,
10-3270,98,370.91,EA,"RAINBIRD i90 - ADV 1 1/2"" ROTOR",98,L,"2""",
10-3280,98,370.91,EA,"RAINBIRD i90-36V 1 1/2"" ROTOR",98,L,"2""",
10-3282,18,999,EA,RB TSJ-12075 SWING JT,18,L,,
10-3310,11,360,EA,RAINBIRD 3504-PC,11,L,,
10331-5242,8000,490,EA,CA2-CS2-32+32/2RRA,8000,L,,
10-3320,13,360,EA,RAINBIRD 3504-PC-N,13,L,,
10-3330,13,360,EA,RAINBIRD 3504-PC-SAM,13,L,,
10-3340,13,360,EA,RAINBIRD 3504-PC-SAM-N,13,L,,
10-3350,13,360.2,EA,RAINBIRD 3500-S,13,L,,
10-3360,13,360.2,EA,RAINBIRD 3500-S-SAM,13,L,,
10-3370,13,360.2,EA,RAINBIRD 3500-S-SAM-NP,13,L,,
1036-101,4,522,EA,DROSANTHEMUM HISPIDUM 1G,4,GCC,1G,
1036-115,75,519,EA,DREPANO. HOOKERI 15G,75,SH,15G,
10-4001,235,481,EA,RB RCM6,235,L,,
10-4002,310,481,EA,RB RCM8,310,L,,
10-4003,570,470,EA,RB RCM 18B,570,L,,
10-4004,705,470,EA,RB RCM 24B,705,L,,
10-4005,380,471,EA,RB RCM 12,380,L,,
1040-115,55,510,EA,CASSIA LEPTOPHYLLA 15G,55,TR,15G,
1040-124,128,507,EA,"CASSIA LEPTOPHYLLA 24"" STD",185,TR,"24""",
1040-125,150,507,EA,"CASSIA FISTULA 24""  STD",150,TR,"24""",
1040-160,2300,501,EA,"CASSIA LEPTOPHYLLA 60"" STD",2300,TR,"60""",
10-4019,67,481,EA,RB EZ1-6D,67,L,,
1040-215,38,519,EA,CASSIA SPL. GOLDEN 15G STD,38,TR,15G,
1040-224,140,507,EA,"CASSIA EXCELSA 24"" STD",140,TR,"24""",
1040-260,2300,501,EA,"CASSIA LEPTOPHYLLA 60"" MLT",2300,TR,"60""",
1040-324,200,507,EA,"CASSIA SPLENDENS GOLDEN 24""",200,TR,"24""",
1040-415,150,510,EA,CASILARINA EQUISETIFOLIA 15G,150,TR,15G,
10-4050,56,999,EA,"RB LCRBY-150D 1.5"" DISC FILTER",56,L,"5""",
1040-501,2.75,522,EA,CASSIA ARTEMISIOIDEA 1G,2.75,SH,1G,
1040-505,9,520,EA,CASSIA ARTEMISIOIDES 5G,9,SH,5G,
1040-515,45,519,EA,CASSIA ARTEMISIOIDES 15G,45,SH,15G,
1040-535,475,505,EA,"CASSIA LEPTOPHYLLA 36"" MLT",475,TR,"36""",
1040-536,490,505,EA,CASSIA LEPTOPHYLLA 36,490,TR,,
1040-548,1200,503,EA,"CASSIA LEPTOPHYLLA 48"" MLT",1200,TR,"48""",
10-4060,75,382.1,EA,"RB LCRBY200D 2"" DISC FILTER",75,L,"2""",
1040-605,9,520,EA,CASSIA NEMOPHILA 5G,9,SH,5G,
1040-648,1200,503,EA,"CASSIA LEPTOPHYLLA 48"" STD",1200,TR,"48""",
10-4070,25,637.2,EA,"RB LCRBY-100D 1"" DISC FILTER",25,L,"1""",
1040-705,17,520,EA,CASSIA CANDOLLEANA 5G,17,SH,5G,
10-4071,232,481,EA,RB RC-7C,232,L,,
10-4072,300,471,EA,RB RC-1260C,300,L,,
10-4073,150,481,EA,RB RC-2 8 STA SMART CONTR,150,L,,
1040-805,9,520,EA,CASSIA PHYLLODINEA 5G,9,SH,5G,
1041-501,3.5,522,EA,CASSIA COQUIEMBENSIS 1G,3.5,SH,1G,
10-4162,2390,470,EA,HS-7-ISC-24 SAT CONTROLLER,2390,POC,,
10-4163,1750,470,EA,HS-7-ISC-12 SAT CONTROLLER,1750,POC,,
10-4167,116,None,EA,MOB-B SENSOR BOARD,116,L,,
10-4178,460,999,EA,RB LXMM CABINET,460,L,,
10-4179,850,480,EA,RB LXMM-PED,850,L,,
10-4180,225,480,EA,RB PED-DD16,225,L,,
10-4181,160,480,EA,RB PED-LX,160,L,,
10-4182,1100,480,EA,RB PED 24DSS PEDESTAL,1100,L,,
10-4190,275,471,EA,RB ESP-13-MEI,275,L,,
10-4192,1700,480,EA,RB LXMMSSPED- SS PEDESTAL,1700,L,,
10-4195,55,481,EA,RB RZ6i-120V,55,L,,
10-4196,1370,999,EA,RB LXMMSS SS WALL CABINET,1370,L,,
10-4200,1.25,None,EA,RB LOC 16 F-CAP,1.25,L,,
10-4201,25,638.1,EA,RSD-CEx RAINSENSOR,25,POC,,
10-4202,100,638.1,EA,RB WRC2FC-48 WIRELESS RAIN/FRZ SENSOR,100,L,,
10-4203,25,638.1,EA,RB RSD-BEx RAINSENSOR (use wireless type),25,POC,,
10-42031,125,None,EA,RB RMX-1 W/ RM-1B,125,L,,
10-4204,430,471,EA,RAINBIRD ESP-MC-12,430,L,,
10-4205,72,481,EA,RB ESP-4TM INDOOR,72,L,,
10-4206,30,450,EA,RB RAINFREEZE,30,L,,
10-4207,71.3,481,EA,RB ESP-6TM INDOOR,71.3,L,,
10-4208,35,638.1,EA,RB RAIN CHECK,35,L,,
10-4209,50,401,EA,"RB ""AQUAMISER"" MOISTURE SENSOR",50,L,,
10-4210,85,481,EA,RB ESP-8TM INDOOR,85,L,,
10-4211,175,470,EA,RB ESP 16 I,175,L,,
10-4212,220,481,EA,RAINBIRD ESP-12-LXI,220,L,,
10-4213,158,471,EA,RB ESP-6LX,158,L,,
10-42131,135,471,EA,IRRITROL TC-6EX B,135,L,,
10-4214,180,471,EA,RB ESP-8LX,180,L,,
10-4215,720,470,EA,RB SBM-1230 CONTROLLER,720,POC,,
10-4216,600,471,EA,RB ESP-12LXMEF (discontinued),600,L,,
10-4217,250,471,EA,RB ESP-16LX,250,L,,
10-4218,360,471,EA,RB ESP 8 MC,360,L,,
10-4219,110,481,EA,RB ESP-8SI,110,L,,
10-4220,206,471,EA,RB RCM-4,206,L,,
10-4221,875,None,EA,RB REMOTE BIRD RB-320-PL HANDSET,875,L,,
10-4223,177,471,EA,RB ESP-SI12,177,L,,
10-4224,947.5,470,EA,RAINBIRD MIRAGE 24 STA. CONTROLLER,947.5,POC,,
10-4225,225,471,EA,RB ESP LX 16 INDOOR,225,L,,
10-4226,500,471,EA,RB ESP LXME 8 OUTD (discontinued),500,L,,
10-4227,500,471,EA,RB ESP-8LXME PLASTIC CASE,500,L,,
10-4228,40,None,EA,RAINBIRD ESP-LXM-SM4 MOD (discontinued),40,L,,
10-4229,175,999,ea,RB ESP LXM-SM8 MODULE,175,L,,
10-4230,115,481,EA,RB ESP-4MI INDOOR,115,L,,
10-4231,50,None,EA,RB ESP-SM3 MODULE,50,L,,
10-4232,81,638,EA,TORO TWRS RAIN SENSOR,81,POC,,
10-4233,500,471,EA,RB ET-Mi MANAGER (discontinued; see IQ-3G),500,L,3G,
10-4234,400,471,EA,RB ETM LXM CARTRIDGE (discontinued; see IQ-3G),400,L,3G,
10-4235,50,638.1,EA,RB ESP-SMTE SENSOR,50,L,,
10-4236,1600,470,EA,MIRAGE MR-36 WALL,1600,L,,
10-4237,400,471,,RB ETC-LX ET MANAGER CARTRIDGE (discontinued),400,L,,
10-4238,98,999,EA,RB ESP-SM6 MODULE,98,L,,
10-4239,685,470,EA,RB ESP-12-LXMEF CONTROLLER (discontinued),685,POC,,
10-4240,2518,471,EA,RB IQ-4G-USA,2518,L,4G,
10-4241,240,481,EA,RB ESP-4ME INDOOR w/LNK WIFI,240,L,,
10-4242,250,481,EA,RB ESP-TM2 WALL MOUNT 4 STA w/LNK WIFI,250,L,,
10-4243,240,481,EA,RB ESP-TM2 WALL MOUNT 8 STA w/LNK WIFI,240,L,,
10-4244,215,471,EA,RB ESP-TM2 WALL MOUNT 6 STA w/LNK WIFI,215,L,,
10-4245,150,635,EA,RB ESPLXMEFP 8 STATION PANEL ONLY,150,L,,
10-4246,500,481,EA,RB ESP8LXME 8 STA (NLA: see 2P model),500,L,,
10-4247,325,471,EA,RB ESP-24LX,325,L,,
10-4248,1477.5,470,EA,RAINBIRD MIRAGE 48 STA. CONTROLLER,1477.5,POC,,
10-4249,260,999,EA,RB ESPLXMSM12 (12 STATION MODULE),260,L,,
10-4250,620,470,EA,RB ESPc 24 STA,620,L,,
10-4251,345,470,EA,RB ESPc 12 STA,345,L,,
10-42511,320,470,EA,IRRITROL TC-24EX-B,320,L,,
10-4252,75,481,EA,RB ESP-6SI,75,L,,
10-4253,214,471,EA,RB ESP 4SMTe-O (OUTDOOR) discontinued,214,L,,
10-4254,214,471,EA,RB ESP-4SMTE- i (INDOOR) discontinued,214,L,,
10-4255,225,999,EA,RB ESP-LXMSM12 MODULE,225,L,,
10-4256,453,999,EA,RB LIMR-kit,453,L,,
10-4257,214,471,EA,RB ESP-4SMTE (OUTDOOR)discontinued,214,L,,
10-4258,127,999,EA,RB ESP-SMTE-UPG UPGRADE KIT FOR 4 STA.,127,L,,
10-4259,125,481,EA,RB TM2-6 CONTR.,125,L,,
10-4260,170,638.1,EA,RB SMRT-Y MOISTURE SENSOR/INTERFACE,170,L,,
10-4261,110,481,EA,"RB ESP-TM2-4, W.M.",110,L,,
10-4262,95,481,EA,"RB ESP-TM2-6, W.M.",95,L,,
10-4263,120,481,EA,"RB ESP-TM2-8, W.M.",120,L,,
10-4264,215,481,EA,"RB ESP-TM2-12, W.M.",215,L,,
10-4265,125,999,EA,RB ESP-LINK WIFI MODULE,125,L,,
10-4266,1100,471,EA,RB ESP-LXD 50 STA CONTROLLER,1100,POC,,
10-4267,685,470,EA,RB ESP12LXMEF (discontinued),685,L,,
10-4268,690,470,EA,RB ESPLXME2P (12-48; add modules),690,L,,
10-4269,270,481,EA,RB TM2-12,270,L,,
10-4270,145,481,EA,RB TM2-8 CONTROLLER,145,POC,,
10-4271,265,999,EA,RB PSMLXME2 Pro-Smart Module,,L,,
10-4300,0.45,639,EA,RB XB-05PC BARBED EMITTER BLUE,0.45,L,,
10-4301,0.45,639,EA,RB XB-10PC BARBED EMITTER BLACK,0.45,L,,
10-4302,0.13,None,EA,RB PC-DIFF-PPL PURPLE DIFFUSER CAP,0.13,L,,
10-4304,1,999,EA,RB XERI-SPRAY 360,1,L,,
10-4320,1,None,EA,RB SA6050 SWING ASSY,1,L,,
10-4321,1.2,None,EA,RB SA125050 SWING ASSY,1.2,L,,
10-4330,5544,490,EA,RAINBIRD ESP-40-SAT-LS w/SS PED.,5544,L,,
10-4334,350,635,EA,"RB VB-MAX-PL (MAXI JUMBO, PRPL LID)",350,CV,,
10-4335,19,999,EA,"RB VB-10RND-PL (10"", PRPL LID)",19,CV,"10""",
10-4336,31,999,EA,"RB VB-STD-PL (RECT, PRPL LID)",31,CV,,
10-4337,65,999,EA,"RB VB-JMB-PL (JUMBO, PRPL LID)",65,CV,,
10-4338,142,999,EA,RB VB-SPR-H W/ LID,142,CV,,
10-4339,3900,470,EA,RB ESP-24-SAT,3900,L,,
10-4340,1250,470,EA,RB ESP-MC 40-STATION,1250,L,,
10-4341,510,471,EA,RAINBIRD ESP-MC-16,510,L,,
10-4342,19,None,EA,"RB VB-10RND-T-H 10"" TAN W/ BOLT",19,CV,"10""",
10-4343,31,None,EA,"RB VB-STD-T-H (RECT, TAN LID)",31,CV,,
10-4344,32,None,EA,RB  VB-STD GREEN w/ VB-LOCK-H BOX,32,CV,,
10-4345,19,None,EA,RB VB-10RND-H (GREEN LOCK LID),19,CV,,
10-4346,65,None,EA,RB VB-JMB w/VB-LOCK-H,65,CV,,
10-4347,19,None,EA,"RB VB-10RND-BKL ( 10"" RND, BLK LID)",19,CV,"10""",
10-4348,38,None,EA,"RB VB-STD-BKL (RECT, BLK LID)",38,CV,,
10-4349,65,None,EA,"RB VB-JMB-BKL (JUMBO, BLK LID)",65,CV,,
10-4350,820,470,EA,RAINBIRD ESP-MC 24,820,L,,
10-4351,440,470,EA,RB ESP 24 LX PLUS,440,L,,
10-4352,1260,470,EA,RB ESP-24MC-SS,1260,L,,
10-4353,850,471,EA,RB ESP-16MC-SS (no longer made),850,L,,
10-4354,820,471,EA,RAINBIRD ESP-MC12-SS,820,L,,
10-4355,1700,470,EA,RAINBIRD ESP-32MC--SS,1700,L,,
10-4356,1910,490,EA,RAINBIRD ESP-40MC-SS,1910,L,,
10-4357,1092,470,EA,RAINBIRD ESP-MC 28,1092,L,,
10-4358,5,None,EA,UNIK RAINBIRD BATT SOL. ADAPTER,5,L,,
10-4359,38,637.2,EA,RB TBOS-PSOL LATCH SOL. D.C.,34,L,,
10-4360,237,638,EA,RB TBOS  FIELD TRANSM./PROGRAMMER,237,L,,
10-4361,130,638,EA,UNIK 4 STA. BATTERY OP. MODULE,130,L,,
10-4362,270,469,EA,TSM DOUBLER2,,L,,
10-4364,30,637.2,EA,UNIK SOLENOID W/ ADPT FOR RB,30,L,,
10-4365,930,470,EA,RAINBIRD ESP-MC 32,930,L,,
10-4366,1200,470,EA,RB ESP-32LX MODULAR,1200,L,,
10-4367,112,None,EA,RAINBIRD EASY RAIN (BATTERY OPERATED),112,L,,
10-4368,1460,470,EA,RAINBIRD ESP-MC 36,1460,L,,
10-4369,285,471,EA,RB ESP-TM2 WALL MOUNT 12 STA w/LNK WIFI,285,L,,
10-4370,100,999,EA,RB LNK WIFI MODULE,100,L,,
10-4371,220,471,EA,RB ESP-TM2-BDL 6 STA./LNK WIFI/WR2FC-48 ID F44234,220,L,,
10-4372,160,471,EA,RB ESP-4ME3 CONTROLLER,160,POC,,
10-4373,32,999,ea,"RB VBSTDH Rect Box, Grn lock lid",32,CV,,
10-4374,34,999,EA,"RB VBSTDB/VBSTDPL (Rect box, prpl lid)",34,CV,,
10-4375,57,999,EA,"RB VBJMBH JUMBO, GRN LOCK LID",57,CV,,
10-4376,57,999,EA,"RB VBJMBB/JMBPL Jumbo box, prpl lid)",57,CV,,
10-4500,10,None,EA,6' PIGTAIL,10,L,,
10-4501,5,None,EA,"RAINBIRD VB6RND (6"" ROUND BLACK)",5,CV,"6""",
10-459V,0,None,EA,9 VOLT BATTERY,0,L,,
1046-124,120,507,EA,"CATALPA SPECIOSA 24"" L/B",120,TR,"24""",
10-5020,110,380,EA,RB 100 PEB,100,CV,,
10-5040,160,380,EA,RB 150 PEB,160,CV,,
1050-501,4,522,EA,CATHARANTHUS ROSEUS 1G,4,GCC,1G,
1050-505,12,520,EA,CATHARANTHUS ROSEUS 5G,5.37,GCC,5G,
10-5060,180,380,EA,RB 200 PEB,180,CV,,
10-5100,105,380.2,EA,RB 100 GB-R,105,CV,,
10-5120,135,380.2,EA,RB 125 GB-R,135,CV,,
10-5140,150,380.2,EA,RB 150 GB-R,150,CV,,
10-5160,185,380.2,EA,RB 200 GB-R,185,CV,,
10-5180,180,380.2,EA,RB 100 EFB CP-R,160,CV,,
10-5200,110,380.2,EA,RB 125 EFB CP-R (discontinued),110,CV,,
1052-105,12.5,520,EA,WESTRINGIA FRUITICOSA 5G,12.5,SH,5G,
1052-106,13.5,520,EA,WESTRINGIA FRUIT. MRNG LIGHT 5G,13.5,SH,5G,
10-5220,275,380.2,EA,RB 150 EFB CP-R,284,CV,,
1052-205,13.5,520,EA,WESTRINGIA MUNDI 5G,14,SH,5G,
10-5221,231,380.2,EA,RB 150 EFB CP-R W/SOL-ADA,231,CV,,
10-5223,48,380,EA,"RB PGA SERIES RCV 2""",48,CV,"2""",
10-5230,100,380,EA,DIG 160 HE-150,100,CV,,
1052-305,13.5,520,EA,WESTRINGIA BLUE GEM 5G,13.5,SH,5G,
10-5240,340,380.2,EA,RB 200 EFB CP-R,300,CV,,
1052-405,13.5,520,EA,WESTRINGIA F. 'GREY BOX' 5G,13.5,SH,5G,
10-5241,295,380,EA,"RB 200 EFB CP 2""",295,CV,"2""",
1052-505,17,520,EA,WESTRINGIA SORRENTO COAST 5G,17,SH,5G,
10-5260,80,639.3,EA,RB PRS-D,75,CV,,
1052-605,13,520,EA,WESTRINGIA LOW HORIZON 5G,13,SH,5G,
1052-705,13,520,EA,WESTRINGEA WES-03 5G,13,SH,5G,
1052-805,13,520,EA,WESTRINGEA NFL25 5G,13,SH,5G,
10-5281,55,471,EA,RB E-4c: 4 STA INDOOR CONT.,55,L,,
10-5282,60,471,EA,RB E-6c: 6 STA INDOOR CONT,60,L,,
10-5284,70,471,EA,RB E-9c: 9 STA INDOOR CONT.,70,L,,
10-5288,265,470,EA,RB ESP 20-LX PLUS,265,L,,
10-5289,300,481,EA,RB ESP 8 MC,300,L,,
10-5290,370,471,EA,RB  ETMi; ET MGR INDOOR (discontinued; see IQ),370,L,,
1052-905,13.5,520,EA,WESTRINGEA WES-06 5G,,SH,5G,
10-5294,90,638,EA,RB WR2-RFC RAIN/FREEZE SENSOR,90,L,,
10-5295,180,471,EA,RB ESP-4ME OUTDOOR,180,L,,
10-5296,151,471,EA,RB ESP 4MEI INDOOR,151,L,,
10-5297,175,999,EA,RB ESPLXMSM8  8-STA MOD. (discontinued),175,L,,
10-5298,50,None,EA,RB ESP-SM3 3 STA. MODULE,50,L,,
10-5299,40,None,EA,RB ESPLXMSM4 4-STA MOD (discontinued),40,L,,
10-5300,57,None,EA,RB PRS-2 (PE & PES VALVES),57,CV,,
10-5302,300,None,EA,RB ESPLXD-SM75 (75 STA. MOD.),300,L,,
10-5309,175,380.2,EA,RB 300 PES-B,,,,
10-5310,135,380,EA,RB 100 PES-B,135,CV,,
10-5315,108,380,EA,RB 150 PES-B,175,CV,,
10-5316,210,380,EA,RB 200 PES-B,210,CV,,
10-53161,180,380.2,EA,"RB 100 PESB-R 1"" RW",154,CV,"1""",
10-53162,220,380.2,EA,"RB 150 PESB-R 1.5"" RW",175,CV,"5""",
10-53163,188,380.2,EA,"RB 200 PESB-R 2"" RW",188,CV,"2""",
10-5317,126.67,280,EA,"RB PVB-125-R 1 1/4""PR VAC BREAKER",126.67,POC,"4""",
10-5318,0,395,EA,"RB AVB-100 1"" ATMOS VB (discont) see Aqualine",0,POC,"1""",
10-5319,0,390,EA,"RB AVB-075 3/4"" VB discont. (USE AQUALINE)",0,POC,"4""",
10-5320,70,410,EA,RB 33 DRC,70,CV,,
10-5321,23,395,EA,"RB 100-DV-A  1"" ANGLE VALVE",23,CV,"1""",
10-5322,22,380,EA,"RB 100-DVF 1"" INLINE",22,CV,"1""",
10-5323,56,380,EA,"RB PGA SERIES RCV  1.5""",56,CV,"5""",
10-5324,30,395,EA,RB ASVF 1,30,CV,,
10-5325,23,390,EA,"RB ASVF 3/4"" ANTI SIPHON",23,CV,"4""",
10-5326,22.5,380,EA,RB 100 DV INLINE,22.5,CV,,
10-5327,17,380,EA,"RB 75 DV 3/4"" INLINE",17,CV,"4""",
10-5328,16,380,EA,RB 075 DV INLINE,16,CV,,
10-5329,23,395,EA,"RB 100-DVF-A 1"" ANGLE VALVE",23,CV,"1""",
10-5330,22.5,380,EA,"RB 100-DV- 1"" INLINE",22.5,CV,"1""",
10-5331,40,None,EA,RB SOL-ADA SOLENOID,40,L,,
10-5332,1274,635.11,EA,RB PT3002,1274,L,,
10-5333,20,380,EA,RB 100-HVF IN-LINE VALVE,20,CV,,
10-5335,445,380,EA,"RB FM100B 1"" WATER METER",445,POC,"1""",
10-5336,270,380.6,EA,RB XCZ150-LCS DRIP KT,270,CV,,
10-5337,380,380.7,EA,RB XCZ150-LCDR DRIP KIT,350,CV,,
10-5340,100,410,EA,RB 33DLRC,100,L,,
10-5360,100,410,EA,RB 33DNP,100,L,,
10-5361,100,410,EA,RB 3RC,100,L,,
10-5362,100,420,EA,RB 5RC,100,L,,
10-5363,100,420,EA,RB 5LRC,100,L,,
10-5380,125,420,EA,RB 44RC,125,L,,
10-5400,125,420,EA,RB 44LRC,135,L,,
10-5417,220,380.7,EA,RB XCZ-100-FLOW (no longer made),220,CV,,
10-5418,265,380.7,EA,RB XCZ-PRBR-100-COM,233,CV,,
10-5419,40,None,EA,RB 33DK KEY,40,L,,
10-5420,135,420,EA,RB 44NP,135,L,,
10-5421,115,420,EA,RB 44NP-ACME (no longer made),115,L,,
10-5422,64,None,,RB SHO SWIVEL ELL,64,L,,
10-5423,40,380,EA,RB PGA SERIES RCV 1,40,CV,,
10-5424,180,380.6,EA,RB XCZ 100 PRFBF W/PRV.- FILTER,115,CV,,
10-5425,190,380.7,EA,RB XCZ-100-PRBR DRIP RW VALVE,190,CV,,
10-5426,230,380,EA,"RB PRV #200, 2""",230,CV,"2""",
10-5427,49,390,EA,RB XACZ-075-PRF  ASVF,49,CV,,
10-5428,15,402,EA,RB BV100FP BALL VALVE,15,M,,
10-5429,64,395,EA,RB XACZ-100-PRF ASVF,64,CV,,
10-5430,91,638,EA,RB EASY RAIN BATT. OP.,91,L,,
10-5431,46,380.7,EA,"RB XCZLF-100-PRF 1"" DRIP VALVE",46,CV,"1""",
10-5432,41,None,EA,RB 33 DK KEY,41,L,,
10-5433,245,380.7,EA,"RB XCZ-100-B-COM 1"" DRIP VALVE",245,CV,"1""",
10-5434,50,380.7,EA,"RB XCZ-LF-075 3/4"" DRIP VALVE",50,CV,"4""",
10-5435,420,380.7,EA,"RB XCZ-150-PRB-COM 1.5"" DRIP ASBLY",420,CV,"5""",
10-5436,70,None,EA,RB 44K KEY,70,L,,
10-5437,65,638.5,EA,"RB XBS-700-B500 (500') BLACK STRIPE 1/2""",65,L,"2""",
10-5438,240,380.7,EA,"RB XCZ-100-PRB-COM 1"" DRIP ASBLY",240,CV,"1""",
10-5439,85,380.6,EA,RB XCZ-100-PRF,80,CV,,
10-5440,1.2,None,EA,RB PLASTIC NOZZLE,1.1,L,,
10-5441,1.3,None,EA,RB HE-VAN NOZZLE,1.2,L,,
10-5442,2.4,None,EA,RB SQ SERIES NOZ. (Q/H/F) - REPLACES XPCN,2.4,L,,
10-5443,51,999,EA,RB SH-1 QCV KEY,51,L,,
10-5444,5.75,999,EA,RB MP800-SR NOZZLE,5.75,L,,
10-5445,2.07,None,EA,"RB ""U"" SERIES NOZZLE",2.07,L,,
10-5446,110,380.6,-7,"RB XCZ-100-PRB-LC 1"" VALVE",110,CV,"1""",
10-5447,50,380.6,EA,RB XCZPGA-100-PRF,50,CV,,
10-5448,157.05,380.7,EA,RB XCZ-100-PRBR,220,CV,,
10-5449,2.1,999,EA,RB 5FB/HB/QB/CSTB NOZZLE,2.1,L,,
10-5450,125,380,EA,"RB MJ100B 1"" FLOW METER",125,POC,"1""",
10-5451,,,,RB XCZ-100-IVM DRIP-DECODER VALVE,,,,
10-5460,2.55,None,EA,RB BRASS NOZZLE,2.55,L,,
10-5480,4.2,None,EA,RB BRASS STREAM SPRAY NOZZLE,4.2,L,,
10-5481,98,402,EA,"RB BV050FP 2""",98,M,"2""",
10-5482,250,402,EA,"RB BV050FP 2 1/2""",250,M,"2""",
10-5500,1.47,None,EA,TORO PLASTIC NOZZLE,1.47,L,,
10-5509,3.15,None,EA,"TORO ""O"" PREC NOZZLE (RB THRDS)",3.15,L,,
10-5510,3,None,EA,"TORO ""OT"" PREC. NOZZLE (TORO THRDS)",3,L,,
10-5511,160,638.1,EA,TORO PSS-KIT,160,L,,
10-5600,71.07,380,EA,"BUCKNER 2000 1""",71.07,CV,"1""",
10-5610,86.67,380,EA,"BUCKNER 2000 1 1/4""",86.67,CV,"4""",
10-5620,101.69,380,EA,"BUCKNER 2000 1 1/2""",101.69,CV,"2""",
10-5621,113.78,380,EA,"BUCKNER #20130 3/4""",113.78,CV,"4""",
10-5622,120.28,380,EA,"BUCKNER #20131 1""",120.28,CV,"1""",
10-5623,194.44,380,EA,"BUCKNER #20132 1 1/4""",194.44,CV,"4""",
10-5624,238.88,380,EA,"BUCKNER #20133 1 1/2""",238.88,CV,"2""",
10-5625,56.6,380,EA,"BUCKNER 20930 SERIES 3/4""",56.6,CV,"4""",
10-5626,64.7,380,EA,"BUCKNER 20930 SERIES 1""",64.7,CV,"1""",
10-5627,78.15,380,EA,"BUCKNER 20930 SERIES 1 1/4""",78.15,CV,"4""",
10-5628,91.65,380,EA,"BUCKNER 20930 SERIES 1 1/2""",91.65,CV,"2""",
10-5629,107.8,380,EA,"BUCKNER 20930 2""",107.8,CV,"2""",
10-5630,256,380,EA,"BUCKNER 20000 (VB25) 2 1/2""",256,CV,"2""",
10-5631,300,380,EA,"BUCKNER 20000 (VB30) 3""",300,CV,"3""",
10-5632,96,420,EA,BUCKNER QB44NPAT10 QCV,96,L,,
10-5633,348,380,EA,"BUCKNER 3300-150 1 1/2""",348,CV,"2""",
10-5634,28,395,EA,"BUCKNER AVB-10 1""",28,POC,"1""",
10-5635,115,420,EA,BUCKNER QVC-100 QCV,107,L,,
10-5636,35,391,EA,"BUCKNER AVB-075  3/4""",35,POC,"4""",
10-5637,190,399.1,EA,"BUCKNER AV-150 1.5"" ANGLE",190,CV,"5""",
10-5638,95,391.1,EA,BUCKNER AV-100 ANGLE VALVE,95,CV,,
10-5639,25,410,EA,BUCKNER HB-2M hose bibb,,,,
1056-501,4,522,EA,ENCELIA CALIFORNICA 1G,4,SH,1G,
1056-505,18,520,EA,ENCELIA CALIFORNICA 5G,18,SH,5G,
1056-601,4.5,522,EA,ENCELIA FARINOSA 1G,4.5,SH,1G,
1056-605,18,520,EA,ENCELIA FARINOSA 5G,18,SH,5G,
1056-615,60,519,EA,ENCELIA FARINOSA 15G,60,SH,15G,
1067-7001,43,None,EA,"3/4"" BRASS UNION",43,L,"4""",
10-6808,250,380,EA,OOVAL OV31604215111014 1 1/2' NC MASTER VALVE,250,POC,,
10-6901,0.04,None,FT,"OLSON 1302 1/8"" DIST TUBING",0.04,L,"8""",
10-6902,0.08,None,EA,OLSON 6302 DUST CAP,0.08,L,,
10-6903,0.18,None,EA,OLSON 6185 TUBING STAKE,0.18,TRSTK,,
10-6904,405,635,EA,"OOVAL 2"" OP-020-12-1B31NC MV  NC",405,M,"2""",
10-6905,380,999,EA,"OOVAL 1 1/2"" OP-050-12-1B31NC MV  NC",380,M,"2""",
10-6906,250,380,EA,"OOVAL PAZ CP-020-12-251-SR-NO 2"" MV",250,M,"2""",
10-6907,150,380.2,EA,"OOVAL CP-020-10-031-NC 1 1/2""",150,M,"2""",
10-6990,65,370,EA,RB FALCON 6504-PCSS,65,L,,
10-7000,0.95,430,FT,MAXI WIRE ANIXTER PE 89 ARMOR CLAD,0.95,L,,
10-7001,47,370,EA,RB FALCON #6504 F4-PC-SS-NP-4P,47,L,,
10-7002,0.9,430,LF,MAXI 14gg 2-WIRE CABLE (RED),0.85,L,,
10-7003,45,370,EA,RB FALCON #6504 F4-FC-SS-4P,45,L,,
10-7004,0.85,430,LF,MAXI 14gg 2-WIRE CABLE (YELLOW),0.85,L,,
10-7005,0.85,430,LF,MAXI 14gg 2-WIRE CABLE (BLUE),0.85,L,,
10-7006,0.85,430,LF,MAXI 14gg 2-WIRE CABLE (ORANGE),0.85,L,,
10-7007,0.85,430,LF,MAXI 14gg 2-WIRE CABLE (BLACK),0.85,L,,
10-7008,0.85,430,LF,MAXI 14gg 2-WIRE CABLE (WHITE),0.85,L,,
10-7009,0.85,430,LF,MAXI 14gg 2-WIRE CABLE (PURPLE),0.85,L,,
10-7010,0.85,430,LF,MAXI 14gg 2-WIRE CABLE (BROWN),0.85,L,,
10-7011,0.93,431,LF,MAXI 12gg 2-WIRE CABLE (RED),0.93,L,,
10-7012,0.85,431,LF,MAXI 12gg 2-WIRE CABLE (BLUE),0.85,L,,
10-7013,0.87,431,LF,MAXI 12gg 2-WIRE CABLE (BLACK),0.87,L,,
10-7100,0.85,430,FT,BELDEN 9320 COMM CABLE,0.85,L,,
10-7101,0.63,430,LF,BELDAN #9889 CABLE,0.63,L,,
10-7201,4.5,522,EA,BELEPERONE GUTTATA 1G,4.5,SH,1G,
10-8000,8.5,210,EA,RB 1804-SAM-PRS (USE PL. NOZ),8.5,L,,
10-8001,19,210,EA,RB 1806-SAM PRS (USE PL. NOZ),19,L,,
10-8002,25,210.1,EA,RB 1812-SAM-PRS (USE PL. NOZ),25,L,,
10-8003,4.6,210,EA,RB 1804-PRS (USE PL. NOZ.),4.6,L,,
10-8004,10.65,210,EA,RB 1806-PRS (USE PL. NOZ.),10.65,L,,
10-8005,16,210.1,EA,RB 1812-PRS (USE PL. NOZ.),16,L,,
10-8006,11.5,210,EA,"RB T-BIRD 4"" TURF ROTOR",11.5,SD,"4""",
10-8007,2.54,639.3,EA,RB 1800 SERIES VPC (VNDL PRF CAP),2.54,L,,
10-8008,1.05,None,EA,"RB SA 6050 1/2"" x 6"" SWG JOINT",1.05,L,"2""",
10-8009,1.4,None,EA,"RB SA 65075 3/4"" X 6"" SWG ASSBLY",1.4,L,"4""",
10-8010,48,639.7,EA,RB RWS-BCG (BUBB & SWING),48,L,,
10-8011,4.6,None,EA,RB R-VAN24 ROTARY NOZZLE,4.6,L,,
10-8013,18.3,210,EA,RB 1806-SAM-P45,18.3,L,,
10-8014,28.5,210,EA,RB RD-12-S-P30-F-N,28.5,L,,
10-8015,24,210,EA,RB RD-06-S-P30-F-N,27,L,,
10-8016,12,210,EA,RB RD-04-S-P30-F-N,12.5,L,,
10-8017,28.5,210,EA,RB RD-12-S-P30-F,28.5,L,,
10-8018,26,210,EA,RB RD-06-S-P30-F,25,L,,
10-8019,26,210,EA,RB RD-06-S-P45-F-N,25,L,,
10-8020,5,None,EA,RB R-VAN18 ROTARY NOZZLE,5,L,,
10-8021,5.7,None,EA,RB R17-24 ROTARY NOZZLE,5.7,L,,
10-8022,4.6,999,EA,RB R-VAN24 ROTARY NOZZLE,4.6,L,,
10-8023,28.5,210,EA,RB RD-12-S-P45-F-N,28.5,L,,
10-8024,12,210,EA,RB OPERIND,11,L,,
10-8025,28.5,210,EA,RB RD-12-S-PD-F-N-8-HEVAN,28.5,L,,
10-8026,28.5,210,EA,RB RD-12-S-P30-F-8-HEVAN,28.5,L,,
10-8027,10,210,EA,RB RD-04-S-P45-F-N,10,L,,
10-8028,10,210,EA,RB RD-04-S-P30-F,10,L,,
10-8029,4.8,999,EA,RB R-VAN14 ROTARY NOZZLE,4.8,L,,
10-8030,6,999,EA,RB R-VAN-SST ROTARY NOZZLE,6,L,,
10-8031,215,471,EA,RB ESP-4ME WIFI CNTRL BUNDLE,215,L,,
10-8032,10.2,210,EA,RB RD-04-S P30,10.2,L,,
10-8033,10.2,210,EA,RB RD-04-S-P45-NP,10.2,L,,
10-8034,25,210,EA,RB RD-06-S-P30,25,L,,
10-8035,24,210,EA,RB RD-06-S-P30-NP,24,L,,
10-8036,24,210,EA,RB RD-06-S-P45-NP,24,L,,
10-8037,29.5,210,EA,RB RD-12-S-P30,29.5,L,,
10-8038,29.5,210,EA,RB RD-12-S-P30-NP,29.5,L,,
10-8039,29.5,210,EA,RB RD-12-S-P45-NP,29.5,L,,
10-8040,6,999,EA,RB R-VAN-LCS ROTARY CORNER STRIP,6,L,,
10-8041,26,210,EA,RB RD-12-S-P45-F,26,L,,
10-8042,,,,RB RD-06-S-P45-F,,,,
10-8043,,,,RB R-VAN14-360,,,,
10-8201,0.06,None,EA,PEPCO 2133 INSECT PLUG,0.06,L,,
10-8202,0.16,None,EA,PEPCO PS 700 STAKE,0.16,TRSTK,,
10-8203,0.04,None,EA,PEPCO P-QB TUBING,0.04,L,,
10-8204,18.2,None,EA,PEPCO 39-00-13 FILTER,18.2,L,,
10-8205,7.75,None,EA,PEPCO PR-6 3/4 PRES REG,7.75,L,,
10-8206,0.08,639.1,FT,PEPCO P-700 1/2 DRIP TUBE,0.08,L,,
10-8207,0.2,639.1,FT,"PEPCO LDT-12 3/8"" LASER TUBING",0.2,L,"8""",
10-8208,0.78,None,EA,PEPCO 630EC 3/8X3/4 END CAP,0.78,L,,
10-8209,0.13,None,EA,PEPCO 430R 1/2X3/8 REDUCER,0.13,L,,
10-8210,0.62,None,EA,PEPCO 443T 1/2X3/8 TEE,0.62,L,,
10-8212,0.33,None,EA,PEPCO 2131 CLAMP PLATE FOR QUADRA,0.33,L,,
10-8213,0.03,None,EA,PEPCO 2132 UNUSED OUTLET PLUG,0.03,L,,
10-8215,0.17,None,EA,PEPCO PS-6 SUPPORT STK FOR OUTLET,0.17,L,,
10-8216,0.09,None,EA,PEPCO PS-8 TUBING STAKE,0.09,TRSTK,,
10-8221,11.75,None,EA,"PEPCO PFPV-S PRES. RED. 1""",11.75,L,"1""",
10-8222,13.58,None,EA,"PEPCO PFPV14S Y FILTER 1""",13.58,L,"1""",
10-8223,10.28,None,EA,"PEPCO PFPV64S Y FILTER 3/4""",10.28,L,"4""",
10-8224,8.33,None,EA,"PEPCO PR25 PR. REG. 1"" OR 3/4""",8.33,L,"1""",
10-8225,3.95,639.2,EA,PEPCO 645 VBX EMITTER BOX,3.95,CV,,
10-8226,150,380,EA,"AMIAD 1.5"" FILTER/200 MESH",150,L,"5""",
10-8227,71,380,EA,"AMIAD 1-1201 1"" FILTER",71,L,"1""",
10-8228,350,380,EA,"AMIAD 2"" TURBO CLEAN FILTER",350,L,"2""",
10-8229,600,380,EA,"AMIAD 2.5"" TURBO CLEAN FILTER",600,L,"5""",
10-8230,40,400,EA,PRECISION PLUMBING (SURGE ARRESTER),40,L,,
10-8231,25,None,EA,SS PRESSURE GAUGE 0-200PSI - LIQUID FILLED,25,L,,
10-8300,3.48,243,EA,AGRIFIM MFBL 2 (6 HOLE EMITTER),3.48,L,,
10-8301,4.3,243,EA,AGRIFIM MFBL 6 (6 HOLE EMITTER),4.3,L,,
10-8302,3.48,243,EA,AGRIFIM MFBL 20 (6 HOLE EMITTER),3.48,L,,
10-8303,3.15,251,EA,AGRIFIM CFL-6,3.15,L,,
10-8304,0.31,639.3,FT,"AGRIFIM SFPC6218 TUBING 18""o.c.",0.31,L,"18""",
10-8305,1.37,639.1,EA,AGRIFIM FC BALL VALVE (END OF RUN),1.37,L,,
10-8308,0.55,639.3,EA,AGRIFIM DAFS 360 STREAM BUBBLER,0.55,L,,
10-8309,3,243,EA,AGRIFIM CFL 2,3,L,,
10-8310,3,None,EA,AGRIFIM CFL 10,3,L,,
10-8311,6.9,None,EA,AGRIFIM PF-2,6.9,L,,
10-8312,6.95,None,EA,AGRIFIM PF-6,6.95,L,,
10-8313,3.7,None,EA,AGRIFIM RSF100,3.7,L,,
10-8314,0.06,639.1,FT,"AGRIFIM A250 P.E.TUBING 1/4""",0.06,L,"4""",
10-8314M,0.65,None,EA,AGRIFIM DAFSFAN,0.65,L,,
10-8315,0.15,639,EA,AGRIFIM PC 250,0.15,L,,
10-8316,0.07,639,EA,AGRIFIM BP250,0.07,L,,
10-8317,0.13,639,EA,"AGRIFIM 6"" STAKE S-6",0.13,TRSTK,"6""",
10-8318,0.16,None,EA,"AGRIFIM 8"" STAKE S-8",0.16,TRSTK,"8""",
10-8325,0.25,None,EA,AGRIFIM PCP 10 EMITTERS,0.25,L,,
10-8327,1.5,None,EA,AGRIFIM FVA 700,1.5,L,,
10-8328,0.05,639,FT,"AGRIFIM A250 1/4"" TUBING",0.05,L,"4""",
10-8329,1.1,None,EA,AGRIFIM SEL250 1/2 TH x 1/4 TUBE 90,1.1,L,,
10-8330,0.27,639.1,EA,AGRIFIM CA9250 COMP. ADAPTER PVC TO TUBING,0.27,L,,
10-8331,32,638,EA,"AGRIFIM DRIP ZONE DZK 700/710 ""Y"" STR. & PRESS.",32,L,"710""",
10-8336,0.25,639.3,LF,"AGRIFIM A 940 TUBING 3/4""",0.25,L,"4""",
10-8337,2.3,639.4,EA,AGRIFIM TA-24-5 STAKE/ EMITTER ASSEMBLY,2.3,TRSTK,,
10-8338,3.7,None,EA,"AGRIFIM HYP-500 9"" HYDROPOP",3.7,L,"9""",
10-8340,4.3,999,EA,AGRIFIM HYP-500 W/BOWSMITH NZL,4.3,L,,
10-8341,1,999,EA,AGRIFIM CMAP-12 W/BOWSMITH NZL,1,L,,
10-8342,1.6,639.4,EA,"AGRIFIM RA 250 1/2"" T X BARBED OUTLET",1.6,L,"2""",
10-8343,4.55,637.2,EA,"AGRIFIM EB6 6"" EMITTER ACCESS BOX",4.55,CV,"6""",
10-9512,117.33,341,EA,RB 47 DR VIH GOLF TURF ROTOR,117.33,SD,,
1-1,341,635,EA,"ALHAMBRA FOUNDRY A-470 RECT. PIPE (3""x9""x5')",341,M,"3""",
11-0000,1.8,None,EA,BLUELINE,1.8,,,
11-0003,4,None,EA,"PVC DRAIN CAP 3""",4,,"3""",
11-0004,7,None,EA,"PVC DRAIN CAP 4""",7,,"4""",
11-0005,7,999,EA,"PVC SDR 35 4"" PLUG",7,,"4""",
11-0006,25,None,EA,"PVC DRAIN CAP 6""",25,,"6""",
11-0007,,,,"PVC SDR 35 6"" PLUG",,,,
11-0008,60,None,EA,"PVC DRAIN CAP 8""",60,,"8""",
11-0010,4,None,EA,REDUCTION,4,,,
1100-105,11,520,EA,CEANOTHUS G. SANTA ANA 5G,11,,5G,
11-0012,200,None,EA,"PVC DRAIN CAP 12""",200,,"12""",
11-0030,20,None,EA,MYLAR SEPIA,20,,,
1100-305,11,520,EA,CEANOTHUS X 'CENTENNIAL' 5G,11,,5G,
11-0040,15,520,EA,PANICUM VIRGATUM 5G,15,,5G,
1100-405,16,520,EA,CEANOTHUS G. H. 'DIAMOND HEIGHTS' 5G,16,,5G,
11-0041,5,522,EA,PANICUM VIR. 'HEAVY METAL' 1G,5,,1G,
11-0044,4.68,999,EA,"4"" PVC SDR 35 CAP- 4""",5.4,,"4""",
1100-501,4,522,EA,CEANOTHUS G HORIZONTAL 1G,4,,1G,
1100-505,11,520,EA,CEANOTHUS HORIZONTALIS 5G,11,,5G,
1100-601,4.5,522,EA,CEANOTHUS ARBOREUS 1G,,,,
1100-605,11,520,EA,CEANOTHUS THYRSIFLORUS 5G,11,,5G,
1100-615,43,519,EA,CEANOTHUS GRIS. HORZ. 15G,43,,15G,
1100-705,23,520,EA,CEANOTHUS BLUE SAPPHIRE 5G (MONROV),23,,5G,
1100-715,51,519,EA,CEANOTHUS CONCHA 15G,51,,15G,
1100-815,55,519,EA,CEANOTHUS SPINOSUS 15G,55,,15G,
1101-1001,24,530,FL,CEANOTHUS PROST. FLAT,14,,,
1101-1002,30,530,FL,BOUG RASBERRY ICE FLAT,14,,,
1101-1003,24,530,FL,CEAN. PROS. YANKEE POINT FLT.,14,,,
1101-401,3.5,522,EA,CEANOTHUS 'DARK STAR' 1G,3.5,,1G,
1101-405,15,520,EA,CEANOTHUS ARBOREUS 5G,15,,5G,
1101-501,4,522,EA,CEANOTHUS G. YANKEE POINT 1G,4,,1G,
1101-504,2.25,524.1,EA,"CEAN GRIS HORIZ YANKEE PT 4"" POT",2.25,,"4""",
1101-505,11.6,520,EA,CEANOTHUS G. YANKEE POINT 5G,11.6,,5G,
1101-515,45,519,EA,"CEANOTHUS G. HOR. ""YANKEE POINT"" 15G",45,,15G,
1101-601,5,522,EA,CEANOTHUS WHEELER CYN 1G,5,,1G,
1101-605,16,520,EA,"CEAN. THYR. ""EL DORADO"" 5G",16,,5G,
1101-701,5.5,522,EA,CEANOTHUS SPINOSIS 1G,5.5,,1G,
1101-805,3.9,522,EA,CEANOTHUS GLO. 'ANCHOR BAY' 1G,3.9,,1G,
1102-000,2.3,524,EA,CEANOTHUS SANTA ANA LINER,2.3,,,
1102-101,4,522,EA,CEANOTHUS SANTA ANA 1G,4,,1G,
1102-305,12,520,EA,CEANOTHUS EMILY BROWN 5G,12,,5G,
1102-405,8,520,EA,CEANOTHUS CUNEATUS 5 G,8,,5G,
1102-501,3.75,522,EA,CEANOTHUS CONCHA 1G,3.75,,1G,
1102-505,13,520,EA,CEANOTHUS H. CONCHA 5G,13,,5G,
1102-601,3.5,522,EA,CEANOTHUS BLUE JEANS 1G,3.5,,1G,
1102-605,8.5,520,EA,CEANOTHUS BLUE JEAN 5G,8.5,,5G,
1102-705,10,520,EA,CEANOTHUS H. DARK STAR 5G,10,,5G,
1102-805,12.5,520,EA,CEANOTHUS ANCHOR BAY 5G,12.5,,5G,
1102-905,5,522,EA,CEANOTHUS X CENTENNIAL 1G,5,,1G,
11-0306,20.25,402,EA,3 CAP STYRENE,20.25,,,
1103-101,5,522,EA,EPILOBIUM CAN. 'CATALINA' 1G,5,,1G,
1103-201,5,522,EA,EPILOBIUM WAYNE'S SILVER 1G,5,,1G,
1103-401,18,522,EA,EPIPACTUS GIGANTEA 1G,18,,1G,
1103-501,3.4,522,EA,CEANOTHUS MEGACAROUS 1G,3.4,,1G,
1103-502,3.2,522,EA,EPILOBIUM CALIFORNICA 1G,3.2,,1G,
1103-505,9,520,EA,EPIDENDRIUM IBAGUENSE 5G SHRUB,9,SH,5G,
1103-602,3.8,522,EA,EPILOBIUM CANUM 1G,3.8,,1G,
1103-605,16,520,EA,EPILOBIUM CANUM 5G,16,,5G,
1103-701,3.25,522,EA,CEANOTHUS RAY HARTMAN 1G,3.25,,1G,
1103-705,15,520,EA,EPILOBIUM CAN. 'CATALINA' 5G,15,,5G,
1103-715,65,519,EA,CEANOTHUS RAY HARTMAN 15G,65,,15G,
11-0406,20.25,402,EA,4 CAP STYRENE,20.25,,,
1104-501,2.12,522,EA,CEANOTHUS FROSTY BLUE 1G,2.12,,1G,
1104-505,13.5,520,EA,CEANOTHUS 'FROSTY BLUE' 5G,13.5,,5G,
1104-515,50,519,EA,CEANOTHUS 'FROSTY BLUE' 15G,50,,15G,
1104-601,4.5,522,EA,CEANOTHUS SNOWBALL 1G,4.5,,1G,
1105-501,4.3,522,EA,CEANOTHUS JOYCE COULTER 1G,4.3,,1G,
1105-505,11,520,EA,CEANOTHUS JOYCE COULTER 5G,11,,5G,
1105-515,50,519,EA,CEANOTHUS JOYCE COULTER 15G,50,,15G,
1105-555,7,520,EA,CEANOTHUS G. HORIZ. DARK STAR 5G,7,,5G,
1105-701,2.75,522,EA,CEANOTHUS JOAN MIROV 1G,2.75,,1G,
1105-705,10,520,EA,"CEANOTHUS ""JOAN MIROV""  5G",10,,5G,
11-0606,20.25,402,EA,6 CAP STYRENE,20.25,,,
1106-405,16,520,EA,CEANOTHUS A. PWDR BLUE 5G,16,,5G,
1106-501,3.1,522,EA,CEANOTHUS JULIA PHELPS 1G,3.1,,1G,
1106-505,9.5,520,EA,CEANOTHUS JULIA PHELPS 5G,9.5,,5G,
1106-515,50,519,EA,CEANOTHUS JULIA PHELPS 15G,50,,15G,
1106-601,4.2,522,EA,CEANOTHUS GLORIOSUS 1G,4.2,,1G,
1106-602,4,522,EA,CEANOTHUS G. POINT REYES 1G,4,,1G,
1106-605,13,520,EA,CEANOTHUS GLORIOSUS 5G,13,,5G,
1106-615,8,520,EA,"CEANOTHUS ""GLDN ABUNDANCE"" 5G",8,,5G,
1106-701,4,522,EA,CEANOTHUS G. HEART'S DESIRE 1G,4,,1G,
1106-705,13,520,EA,CEANOTHUS G. HEARTS DESIRE 5G,13,,5G,
1106-801,3.5,522,EA,CEANOTHUS TOMENTOSUS 1G,3.5,,1G,
1106-805,13.2,520,EA,CEANOTHUS G POINT REYES 5G,13.2,,5G,
1107-001,6.5,522,EA,CEAN. TOM. OLIVACEUS 1G,6.5,,1G,
1107-501,2.12,522,EA,CEANOTHUS OWLSWOOD BLUE 1G,2.12,,1G,
1107-505,6.34,520,EA,CEANOTHUS OWLSWOOD BLUE 5 G,6.34,,5G,
1108-111,4,522,EA,CEANOTHUS 'SNOW FLURRY' 1G,4,,1G,
1108-201,4.25,522,EA,CEANOTHUS HURRICANE PT 1G,4.25,GCC,1G,
1108-501,3.8,522,EA,CEANOTHUS SIERRA BLUE 1G,3.8,SH,1G,
1108-505,9,520,EA,CEANOTHUS SIERRA BLUE 5G,9,SH,5G,
1108-601,2.75,522,EA,CEANOTHUS S. BLUE CUSHION 1G,2.75,GCC,1G,
1108-605,2.8,522,EA,CEANOTHUS MOUNTAIN HAZE 1G,2.8,SH,1G,
1109-505,8,520,EA,CEANOTHUS R. 'SNOWBALL' 5G,8,SH,5G,
1109-601,2.8,522,EA,"CEANOTHUS G. ""LOUIS EDMUNDS"" 1G",2.8,SH,1G,
1109-605,8,520,EA,"CEANOTHUS "" LOUIS EDMUNDS"" 5G",8,SH,5G,
1109-705,18.25,520,EA,CEANOTHUS 'VALLEY VIOLET' 5G,18.25,SH,5G,
11-0999,35,999,EA,"FIRE HYDRANT ADAPTER FHA-075 (2.5"" x 3/4"")",35,POC,"5""",
11-1000,30,None,EA,"FIRE HYDRANT ADAPTER FHA-200 (2.5"" x 2"")",30,POC,"5""",
11-1001,39,None,EA,"BLUE-LOCK 3/4"" PIPE - 100' ROLL",39,L,"4""",
11-1002,53,None,EA,"BLUE-LOCK 1"" PIPE - 100' ROLL",53,L,"1""",
11-1003,2.9,None,EA,"BLUE-LOCK TEE 1"" X 1/2""",2.9,L,"1""",
11-1004,2,None,EA,"BLUE-LOCK ELL 1"" X 1/2""",2,L,"1""",
11-1005,2.4,None,EA,"BLUE-LOCK COUPLING 1""",2.4,L,"1""",
11-1006,3140,490,EA,TORO NETWORK 8000 32 STA #132-86-08,3140,L,,
11-1007,13,395,EA,"TORO 290-05-04 1""",13,CV,"1""",
11-1008,14.3,391,EA,"TORO 299-05-03 3/4""",14.3,CV,"4""",
11-1009,14.23,391,EA,"TORO 299-06-03 3/4""",14.23,CV,"4""",
11-1010,16,395,EA,"TORO 299-06-04 1""",16,CV,"1""",
11-1011,10.95,390,EA,"TORO 264-06-03 3/4""",10.95,CV,"4""",
11-1012,110,470,EA,TORO RS 1200-EX,110,L,,
11-1013,15.5,395,EA,"TORO 299-05-04 1""",15.5,CV,"1""",
11-1014,604.55,470,EA,TORO H300 12STA,604.55,L,,
11-1015,11.2,391,EA,"TORO 290-06 1""",11.2,CV,"1""",
11-1016,50.29,330,EA,"TORO PVB 80-0560 1""",50.29,POC,"1""",
11-1017,105,471,EA,TORO VISION II 6 STA.,105,L,,
11-1018,133,471,EA,CHAMPION DC-4,133,L,,
11-1019,35,395,EA,"TORO 254-06-04 1""",35,CV,"1""",
11-1020,15,371.2,EA,TORO 340-00-15 POP-UP W/NOZ. (see T5),15,L,,
11-1021,15.42,395,EA,"TORO 299-05 1""",15.42,CV,"1""",
11-1022,14.31,390,EA,"TORO 299-05 3/4""",14.31,CV,"4""",
11-1023,52,380,EA,"TORO 252-06-04 1""",52,CV,"1""",
11-1024,102.85,380,EA,"TORO 216 2""",102.85,CV,"2""",
11-1025,86.05,380,EA,"TORO 216 1 1/2""",86.05,CV,"2""",
11-1026,63.05,380,EA,"TORO 216 1""",63.05,CV,"1""",
11-1027,13,396,EA,"TORO 282-05-04 1""",13,CV,"1""",
11-1028,77,420,EA,"TORO 100-SLVLC 1"" QCV",77,CV,"1""",
11-1029,60,420,EA,TORO 474-44 QCV,60,CV,,
11-1030,42,411,EA,TORO 075-SLSC QCV,42,CV,,
11-1033,13.2,395,EA,"TORO 294-06-24 1""",13.2,CV,"1""",
11-1035,58,395,EA,"TORO DZK-EZF-075-LF   3/4""",58,CV,"4""",
11-1036,5,402.3,EA,TORO T-FCH-H-FIPT FLUSH VALVE,5,L,,
11-1040,11.5,371.3,EA,TORO 340-10-15 SHRUB HEAD W/NOZ. (see T5),11.5,SH,,
11-1060,22.5,371.2,EA,TORO 340-12-15 HIGH-POP W/NOZ (see T5),22.5,L,,
11-1070,570,380,EA,"TORO TFS-200 2"" FLOW SENSOR",570,POC,"2""",
11-1071,370,380,EA,"TORO TFS-075 3/4"" FLOW SENSOR",370,POC,"4""",
11-1080,0,None,EA,MISC,0,,,
11-1090,1.1,None,EA,"BLUE-LOCK LOCK CAP 3/4""",1.1,L,"4""",
11-1091,2.2,None,EA,"BLUE-LOCK TEE 3/4""",2.2,L,"4""",
11-1092,2.9,None,EA,"BLUE-LOCK ELL 1""",2.9,L,"1""",
11-1093,3.9,None,EA,"BLUE-LOCK TEE 1""",3.9,L,"1""",
11-1094,2,None,EA,"BLUE-LOCK COUPLING 1""",2,L,"1""",
11-1096,2.2,None,EA,"BLUE-LOCK COUPLING 1"" X 3/4""",2.2,L,"1""",
11-1097,2.4,None,EA,"BLUE-LOCK TEE 3/4"" X 1/2""",2.4,L,"4""",
11-1098,1.2,None,EA,"BLUE-LOCK ELL 3/4"" X 1/2""",1.2,L,"4""",
11-1099,1.5,999,EA,"BLUE-LOCK COUPLING 3/4"" X 1/2""",1.5,L,"4""",
11-1107,55,471,EA,TORO GRNKPR GK212-04 CONT.,55,L,,
11-1108,15,None,EA,TORO GRNKPR MOD212-02 2ST.MOD.,15,L,,
11-1109,23,481,EA,TORO GREENSKEEPER GK212-CAB-01 CABINET,23,L,,
11-1111,85,380,EA,"TORO 252-06-06 1-1/2"" VALVE",85,CV,"2""",
11-1112,52,380,EA,"TORO 252-06-04 2"" RCV",52,CV,"2""",
11-1120,2.5,210,EA,RB 1802-SAM,2.5,L,,
11-1140,94,420,EA,"TORO 474-44 1"" QC",94,CV,"1""",
11-1260,0,None,EA,MISC,0,,,
11-1306,20.25,402,EA,3 CAP ABS,20.25,L,,
1113-111,25,520,EA,"TOMATO VINE ""BEEFSTAKE"" 5G",25,SH,5G,
11-1380,16,371,EA,TORO XP300 POP-UP BODY (see T5),16,L,,
11-1381,0.6,None,EA,TORO XP300HP  NOZZLE SLEEVE,0.6,S,,
11-1400,14,371.1,EA,TORO XP 300-S-09-COM (see T5),14,L,,
11-1401,17.6,371.1,EA,TORO XP300-COM SHRUB BODY (see T5),17.6,SH,,
11-1406,20.25,402,EA,4 CAP ABS,20.25,L,,
11-1420,27,371,EA,TORO XP 300 HP-09-COM (see T5),27,L,,
11-1440,1.25,None,EA,TORO XP304-00 ARC DISC,1.25,L,,
11-1460,0.73,None,EA,TORO XP308-00 ARC DISC,0.73,L,,
11-1480,0.73,None,EA,TORO XP313-00 ARC DISC,0.73,L,,
11-1481,37.8,None,EA,TORO EZ-REG,37.8,CV,,
11-1482,15.5,390,EA,"TORO EZF-29-03 3/4"" ASV VALVE",15.5,CV,"4""",
11-1500,0.85,None,EA,TORO XP314-00,0.85,L,,
11-1520,0.73,None,EA,TORO XP305-00 ARC DISC,0.73,L,,
11-1540,0.73,None,EA,TORO XP306-00 ARC DISC,0.73,L,,
11-1560,0.73,None,EA,TORO XP307 00 ARC DISC,0.73,L,,
11-1580,0.73,None,EA,TORO XP309-00 ARC DISC,0.73,L,,
11-1600,0.73,None,EA,TORO XP310-00 ARC DISC,0.73,L,,
11-1606,20.25,402,EA,6 CAP ABS,20.25,L,,
11-1620,0.73,None,EA,TORO XP311-00,0.73,L,,
11-1640,0.73,None,EA,201-201,0.73,,,
11-1660,2.8,None,EA,TORO XP300-02 NOZZLE,2.8,L,,
11-1680,1.74,None,EA,TORO XP300-03 NOZZLE,1.74,L,,
11-1700,1.8,None,EA,TORO XP300-04 NOZZLE,1.8,L,,
11-1720,88.5,370,EA,TORO 642-02-41,88.5,L,,
11-1740,88.5,370,EA,TORO 642-02-42-,88.5,L,,
11-1760,88.5,370,EA,TORO 642-02-43,88.5,L,,
11-1780,88.5,370,EA,TORO 644-02-41,88.5,L,,
11-1800,55,370,EA,TORO SUPER 600-PC-13,55,L,,
11-1820,55,370,EA,TORO SUPER 600-PC-25,55,L,,
11-1840,55,370,EA,TORO SUPER 600-FC-50,55,L,,
11-1860,12,370,EA,TORO S700 PC 1.5,12,L,,
11-1870,40,410,EA,TORO 476-01 QCV,40,CV,,
11-1871,14.5,240,EA,TORO V-1550-4C,14.5,CV,,
11-1872,21,240,EA,TORO V-1550 12 F L,21,CV,,
11-1873,8.6,240,EA,TORO V-1550 S F L,8.6,CV,,
11-1874,12,370,EA,"TORO T5P 5"" ROTOR",12,L,"5""",
11-1875,10,370.8,EA,"TORO T5PE  5""  ROTOR",10,L,"5""",
11-1876,27,370,EA,TORO T5HP HIGH POP-UP ROTOR,27,L,,
11-1877,12,370.1,EA,TORO T5S FIXED SHRUB ROTOR,12,SH,,
11-1878,30,370,EA,TORO T5HPE HIGH POP-UP ROTOR,30,L,,
11-1879,12,370,EA,TORO T5SE FIXED SHRUB ROTOR,12,SH,,
11-1880,15,370,EA,TORO S700 PC 3.0,15,L,,
11-1881,36.5,370,EA,TORO TRHPE-CK-RS (T5HPE-RS-T5SE),36.5,L,,
11-1882,13.5,370,EA,TORO TRSE-RS / RX575,13.5,L,,
11-1883,19,370.8,EA,"TORO T5PCKSS-RS 5"" POP UP",19,L,"5""",
11-1900,27,370,EA,TORO S700 PC 6.0,27,L,,
11-1920,15,370,EA,TORO S700 F 3.0,15,L,,
11-1940,15,370,EA,TORO S700 F 6.0,15,L,,
11-1960,15,370,EA,TORO S700 F 9.0,15,L,,
11-1980,15,350,EA,TORO S700 S PC 1.5,15,L,,
112,290,None,EA,PTS SB (5 JACKS),290,L,,
11-2000,15,370,EA,TORO S700 S PC 3.0,15,L,,
1120-101,4,522,EA,EPIPREMNUM PINN 1G,4,SH,1G,
1120-104,4,524.1,EA,"EPIPREMNUN AUREUM 4"" POT",4,GCC,"4""",
11-2011,18,395,EA,"TORO 299-06-04  1-1/4""",18,CV,"4""",
11-2012,24,None,EA,TORO RAIN SWITCH 850-74,24,L,,
11-2013,114,471,EA,TORO XF-06-08 (XF-416) CONTROLLER,114,POC,,
11-2014,29,None,EA,TORO MOD-04 EXPANS. MOD. FOR XF-416,29,L,,
11-2015,41,None,EA,TORO GREENKEEPER 2-STA. CONT.,41,L,,
11-2016,75,638,EA,TORO R & D WIRELESS RAIN SENSOR,75,POC,,
11-2017,110,481,EA,TORO TMC-212-OD OUTDOOR 4-STATION,110,L,,
11-2018,104,None,EA,TORO TSM-8 (8 STA. MODULE),104,L,,
11-2019,115,None,EA,TORO TSM-8F (8 STA. MODULE W/FLO),115,L,,
11-2020,27,350,EA,TORO S700 S F 6.0,27,L,,
1120-201,4,522,EA,EPIPREMNUM AUQ. 'MARBLE QUEEN' 1G,4,SH,1G,
11-2021,42,None,EA,TORO TSM-4 (4 STA. MODULE),42,L,,
11-2022,165,471,EA,TORO 53855 8 ST. CONTROLLER,165,POC,,
11-2023,2,240,EA,TORO LF40-PC,2,L,,
1120-301,6.25,522,EA,EPIPREMNUM QUREUM 1G,6.25,SH,1G,
11-2040,27,370,EA,TORO S700 HP,27,L,,
1120-401,6,522,EA,EPIPREMNUM QUREUM-NJOY 1G,6,SH,1G,
11-2041,1.4,None,EA,TORO NOZZLE S700,1.4,L,,
11-2060,27,370,EA,TORO S700 HP PC 3.0,27,L,,
11-2080,27,370,EA,TORO S700 HP F 6.0,27,L,,
11-2100,27,370,EA,TORO S700 C PC 1.5,27,L,,
11-2120,27,370,EA,TORO S700 C PC 3.0,27,L,,
11-2140,27,370,EA,TORO S700 C PC 6.0,27,L,,
11-2160,27,370,EA,TORO S700 C F 6.0,27,L,,
11-2180,27,370,EA,TORO S700 CF 9.0,27,L,,
11-2181,14,230,EA,TORO S606-PC,14,L,,
1129-115,32,510,EA,CELTIS SINENSIS 15G,32,TR,15G,
1129-124,120,507.6,EA,"CELTIS SINENSIS 24""",120,TR,"24""",
1130-115,28,510,EA,CEDRUS DEODARA 15G,28,TR,15G,
1130-124,170,507,EA,"CEDRUS DEODARA 24""",170,TR,"24""",
1130-136,475,505,EA,"CEDRUS DEODARA 36""",475,TR,"36""",
1130-148,1200,503,EA,"CEDRUS DEODORA 48""",1200,TR,"48""",
1130-160,1900,501,EA,"CEDRUS DEDORA 60""",1900,TR,"60""",
11-3020,4,240,EA,TORO 570S SHRUB,4,SH,,
11-3021,4,240.1,EA,TORO 570-SR,4,L,,
1130-224,125,509,EA,"CEDRUS ATLANTICA GLAUCA 24""",125,TR,"24""",
1130-248,1100,503,EA,"CEDRUS DEODORA 48"" MULTI",1100,TR,"48""",
1130-260,2700,501,EA,"CEDRUS DEODARA  60""",2700,TR,"60""",
11-3040,8,230,EA,TORO 570Z-4P-PRX-COM-E,8,L,,
11-3051,2,230,EA,TORO 514-20 FLOOD BUBBLER,2,L,,
11-3052,2,251,EA,TORO FB-200-ADJ BUBBLER w/ TORO 570S,2,L,,
11-3053,4,230,EA,"TORO 4P-COM-FB-200-ADJ 4"" POP-UP BUBBLER",4,L,"4""",
11-3060,14,230,EA,TORO 570Z-6P-PRX-COM-E,14,L,,
11-3061,18,230,EA,TORO 570Z-6P-SI-PRX-COM,18,L,,
11-3063,2.21,None,EA,"TORO HFSO 3/4""",2.21,L,"4""",
1130-701,2.2,522,EA,CEANOTHUS'RAYHARTMAN' 1G,2.2,SH,1G,
11-3080,17,230,EA,TORO 570Z-12P-PRX-COM-E,17,L,,
11-3100,4,230,EA,TORO 570C-4P COM,4,L,,
11-3110,5,230,EA,TORO 570Z-4P-COM,5,L,,
11-3111,5,230,EA,TORO 570Z-4P-COM-E,5,L,,
11-3112,4,230,EA,TORO 570Z-4P-COM,4,L,,
1131-124,300,507,EA,"AVOCADO HASS 24""",300,TR,"24""",
1131-136,1000,505,EA,"AVOCADO HASS/FUERTE 36""",1000,TR,"36""",
11-3114,4,370,EA,TORO 570S-PRX SHRUB ADAPTER,4,SH,,
11-3115,10,230,EA,TORO 570Z-6P-COM,10,L,,
11-3116,14,230,EA,TORO 570Z-6P-XF-COM,14,L,,
11-3117,14,230,EA,TORO 570Z-12P-XF-COM,14,L,,
11-3118,12,230,EA,TORO 570Z-12P-COM,12,L,,
11-3119,5,230,EA,TORO 570Z-4P,5,L,,
11-3120,8,230,EA,TORO 570C-6P-COM,8,L,,
11-3121,8,230,EA,TORO 570Z-6P,8,L,,
11-3122,12,230,EA,TORO 570Z-12P,12,L,,
11-3123,2.25,230,EA,TORO 570Z-2P,2.25,L,,
11-3124,1.5,230,EA,TORO 570Z-2P,1.5,L,,
11-31241,5,230,EA,TORO 570Z-2P-PRX-COM,5,L,,
11-3125,8.35,230,EA,TORO 570Z-4P-PRX-COM,8.35,L,,
11-3126,15,230,EA,TORO 570Z-6P-PRX-COM,15,L,,
11-3127,18.2,230,EA,TORO 570Z-12P-PRX-COM,18.2,L,,
11-3128,4,240,EA,TORO 570Z PRX SHRUB ADAPTER,4,SH,,
11-3129,5,230,EA,TORO 570Z 4P-XF,5,L,,
11-3130,9,230,EA,TORO 570Z-6P-XF,9,L,,
11-3131,10.5,210,EA,TORO 570Z-12P-XF,10.5,L,,
11-3132,17,230,EA,TORO 570Z-12P-SI-PRX-COM,17,L,,
11-3133,5.5,230,,TORO 570Z-4P-PRX,5.5,L,,
11-3134,9,230,EA,TORO 570Z-6P-PRX,9,L,,
11-3135,11.25,230,EA,TORO 570Z-12P-PRX,11.25,L,,
11-3140,12,230,EA,TORO 570C-12P-COM,12,L,,
11-3141,12,230,EA,TORO 570Z-12P-COM,12,L,,
11-3150,2,None,EA,TORO PCD,2,L,,
11-3151,6,999,EA,TORO PRN-TA ROTATOR NOZZLE,6,L,,
11-3152,5,637,EA,"TORO PCV-500 1/2"" C.V.",5,L,"2""",
11-3160,1.5,None,EA,TORO 15Q,1.5,L,,
11-3180,1.5,None,EA,TORO 15H,1.5,L,,
11-3200,1.5,None,EA,TORO 15-120,1.5,L,,
11-3220,1.5,None,EA,TORO 15-240,1.5,L,,
11-3240,1.5,None,EA,TORO 15-270,1.5,L,,
11-3260,1.5,None,EA,TORO 15-F,1.5,L,,
11-3280,1.5,None,EA,TORO 12-Q,1.5,L,,
11-3300,1.5,None,EA,TORO 12-120,1.5,L,,
11-3310,10.75,371.4,EA,TORO S600 COMM.,10.75,L,,
11-3320,1.5,None,EA,TORO 12-H,1.5,L,,
11-3340,1.5,None,EA,TORO 12-240,1.5,L,,
11-3360,1.5,None,EA,TORO 12-270,1.5,L,,
11-3380,1.5,None,EA,TORO 12-F,1.5,L,,
11-3400,1.5,None,EA,TORO 10-Q-LA,1.5,L,,
11-3420,1.5,None,EA,TORO 10-H-LA,1.5,L,,
11-3440,1.5,None,EA,TORO 10-F-LA,1.5,L,,
11-3460,1.5,None,EA,TORO FSQ,1.5,L,,
1134-636,370,505,EA,"CERCIDIUM PRAECOX 36""  MLT",370,TR,"36""",
11-3480,1.5,None,EA,TORO FST,1.5,L,,
11-3500,1.5,None,EA,TORO FSH,1.5,L,,
11-3520,1.5,None,EA,TORO FSF,1.5,L,,
11-3540,1.5,None,EA,TORO FSQ-LG,1.5,L,,
11-3550,0.6,639.3,EA,TORO DPJ08 EMITTER,0.6,L,,
1135-501,2.7,522,EA,CENTAUREA CIN. (DUSTY MILLER) 1G,2.7,GCC,1G,
1135-505,10,520,EA,CENTAUREA CINERARIA 5G,10,GCC,5G,
11-3551,0.25,639.3,EA,TORO DP-J04 EMITTER,0.25,L,,
11-3552,0.25,639.3,EA,TORO T-DPJ04-A TURBO-SC PLUS EMITTER,0.25,L,,
11-3553,0.25,639.3,EA,TORO T-DPC04-DC EMITTER (discontinued),0.25,L,,
11-3555,1.5,639.3,EA,TORO T-DAK-15 EMITTER,1.5,L,,
11-3560,1.5,None,EA,TORO FST-LG,1.5,L,,
11-3580,1.5,None,EA,TORO FSH-LG,1.5,L,,
11-3600,1.5,None,EA,TORO FSF-LG,1.5,L,,
11-3620,1.5,None,EA,TORO 10-SSQ,1.5,L,,
11-3640,1.5,None,EA,TORO 10-SSH,1.5,L,,
11-3660,1.5,None,EA,TORO 10-SSF,1.5,L,,
11-3680,1.5,None,EA,TORO 35-SSQ,1.5,L,,
11-3700,1.5,None,EA,TORO 35-SSH,1.5,L,,
11-3720,1.5,None,EA,TORO 35-SSF,1.5,L,,
11-3740,1.5,None,EA,TORO 4-SST,1.5,L,,
11-3760,1.5,None,EA,TORO 4-EST,1.5,L,,
11-3780,1.5,None,EA,TORO 4-CST,1.5,L,,
11-3800,1.5,None,EA,TORO 9-SST,1.5,L,,
11-3820,1.5,None,EA,TORO SB-90,1.5,L,,
11-3860,1.5,None,EA,TORO SB-360,1.5,L,,
11-3880,1.5,None,EA,TORO SB-2-180,1.5,L,,
11-3900,1.5,None,EA,TORO SB-4-180,1.5,L,,
1139-001,5,522,EA,CEPHALOCEREUS SENILIS 1G,5,SH,1G,
1139-101,4.5,522,EA,CERASTIUM TOMENT. 1G,4.5,GCC,1G,
1139-106,3.8,522,EA,"CERASTIUM TOMENT. 6"" POTS",3.8,GCC,"6""",
11-3920,1.5,None,EA,TORO 15-Q-PC,1.5,L,,
11-3960,1.5,None,EA,TORO 15-H-PC,1.5,L,,
11-3980,1.5,None,EA,TORO 15-240-PC,1.5,L,,
11-4000,1.5,None,EA,TORO 15-270-PC,1.5,L,,
1140-005,11,513,EA,CERATONIA SILIQUA 5 G,11,TR,5G,
1140-115,36,510,EA,CERATONIA SILIQUA 15G STD,36,TR,15G,
1140-124,120,507,EA,"CERATONIA SILIQUA 24""  STD",120,TR,"24""",
1140-130,200,506,EA,"CERATONIA SILIQUA 30""  STD",200,TR,"30""",
1140-136,350,505,EA,"CERATONIA SILIQUA 36"" STD",350,TR,"36""",
1140-148,830,503,EA,"CERATONIA SILIQUA 48""  STD",830,TR,"48""",
1140-172,3890,500,EA,"CERATONIA SILIQUA  72""  MLT",3890,TR,"72""",
11-4020,1.5,None,EA,TORO 15-F-PC,1.5,L,,
1140-215,28,510,EA,CERATONIA SILIQUA 15G MUL,28,TR,15G,
1140-224,95,507,EA,"CERATONIA SILIQUA 24""  MUL",95,TR,"24""",
1140-230,200,506,EA,"CERATONIA SILIQUA 30""  MUL",200,TR,"30""",
1140-236,350,505,EA,"CERATONIA SILIQUA 36""  MUL",350,TR,"36""",
1140-248,840,503,,"CERATONIA SILIQUA 48""  MUL",840,TR,"48""",
1140-260,1200,501,EA,"CERATONIA SILIQUA 60""   MUL",1200,TR,"60""",
11-4040,1.5,None,EA,TORO 12-Q-PC,1.5,L,,
1140-515,24.7,510,EA,CERATONIA SILIQUA 15G,24.7,TR,15G,
1140-524,95,507,EA,"CERATONIA SILIQUA 24""",95,TR,"24""",
11-4060,1.5,None,EA,TORO 12-120-PC,1.5,L,,
11-4080,1.5,None,EA,TORO 12-H-PC,1.5,L,,
11-4100,1.5,None,EA,TORO 12-240-PC,1.5,L,,
11-4120,1.5,None,EA,TORO 12-270-PC,1.5,L,,
11-4140,1.5,None,EA,TORO 12-F-PC,1.5,L,,
11-4160,1.5,None,EA,TORO 10-Q-LA-PC,1.5,L,,
11-4180,1.5,None,EA,TORO 10-H-LA-PC,1.5,L,,
11-4220,1.5,None,EA,TORO FSQ-PC,1.5,L,,
11-4240,1.5,None,EA,TORO FSH-PC,1.5,L,,
11-4260,1.5,None,EA,TORO FST-PC,1.5,L,,
11-4280,1.5,None,EA,TORO FSF-PC,1.5,L,,
11-4281,2.21,251,EA,TORO FB-50-PC W/570S,2.21,L,,
11-4282,2.21,251,EA,"TORO FB-25-PC, W/ 570S",2.21,L,,
11-4283,1.4,999,EA,TORO FB-25-PC NOZZLE,1.4,L,,
11-4300,1.5,None,EA,TORO FSQ-LG-PC,1.5,L,,
11-4320,1.5,None,EA,TORO FST LG PC,1.5,L,,
11-4340,1.5,None,EA,TORO FSH LG PC,1.5,L,,
11-4360,1.5,None,EA,TORO FSF LG PC,1.5,L,,
11-4380,1.5,None,EA,TORO 10-SSQ-PC,1.5,L,,
11-4400,1.5,None,EA,TORO 10-SSH-PC,1.5,L,,
11-4420,1.5,None,EA,TORO 10 SSF PC,1.5,L,,
11-4440,1.5,None,EA,TORO 35-SSQ-PC,1.5,L,,
11-4460,1.5,None,EA,TORO 35-SSH-PC,1.5,L,,
11-4480,1.5,None,EA,TORO 35-SSF PC,1.5,L,,
11-4500,1.5,None,EA,TORO 4 SST PC,1.5,L,,
11-4520,1.5,None,EA,TORO 4 EST PC,1.5,L,,
11-4540,1.5,None,EA,TORO 4-CST PC,1.5,L,,
11-4560,1.5,None,EA,TORO 9 SST PC,1.5,L,,
11-4580,1.5,None,EA,TORO SB 90 PC,1.5,L,,
11-4600,19,531,EA,ISOTOMA FLAT,14,GCC,,
11-4610,14,531,EA,IBERIS AUMTUMN SNOW FLATS,14,GCC,,
11-4620,1.5,None,EA,TORO SB 360 PC,1.5,L,,
11-4640,1.5,None,EA,TORO SB 2 180 PC,1.5,L,,
11-4660,1.5,None,EA,TORO SB 4 180 PC,1.5,L,,
11-4661,185,635.2,EA,TORO SB-DAC-1 decoder,185,L,,
11-4662,185,470,EA,TORO VISION II 12 STA.,185,L,,
11-4663,120,380.5,EA,TORO SB-BLA surge protector,120,L,,
11-4664,133.75,471,EA,TORO VISION II 9 STA.,133.75,L,,
11-4665,50,370,EA,TORO S2001-E,50,L,,
11-4666,0.6,636.4,LF,TORO RGP-212--0500 DL2000 TUBING,0.6,L,,
11-4667,9,402.3,EA,TORO YD-500-34,9,L,,
11-4668,299.45,636.4,EA,TORO RGP-212-05 (PER FT UNIT),299.45,L,,
11-4669,1180,470,EA,TORO TCC-M24,1180,L,,
11-4670,1282,470,EA,TORO TCC-M36,1282,L,,
11-4671,1466,470,EA,TORO TCC-M48,1466,L,,
11-4672,1.1,636.4,LF,"TORO RGP-412-10 DL2000 AT 12"" OC",1.1,L,"12""",
11-4673,0.1,636.4,LF,"TORO T-EHD1645-050A 5/8"" BLUE STRIPE HOSE",0.1,L,"8""",
11-4674,0.96,636.4,LF,"TORO RGP-418-10 DL2000 AT 18"" OC",0.96,L,"18""",
11-4675,0.73,636.4,LF,TORO RGP-212-0500-E PURPLE TUBING,0.73,L,,
11-4676,0.41,636.4,LF,"TORO T-EHP-1645-050A 5/8"" HOSE PURPLE",0.41,L,"8""",
11-4677,315,638.5,LF,TORO RGP-218-0500,315,L,,
1150-124,190,507,EA,"CERCIS OCCID. PRAECOX 24""",170,TR,"24""",
1150-136,490,505,EA,"CERCIS OCCIDENTALIS 36""  STD",490,TR,"36""",
1150-224,190,507,EA,"CERCIS FOREST PANSY 24"" MLT",170,TR,"24""",
1150-236,490,505,EA,"CERCIS FOREST PANSY 36"" STD",475,TR,"36""",
1150-324,190,507,EA,"CERCIDIUM FLORIDUM 24"" MLT",155,TR,"24""",
1150-336,485,505,EA,"CERCIS FOREST PANSY 36"" L/B",465,TR,"36""",
1150-424,185,507,EA,"CERCIDIUM AZT THORNLESS 24"" STD",185,TR,"24""",
1150-436,485,505,EA,"CERCIS FOREST PANSY 36"" L/B",450,TR,"36""",
1150-50,6,516,EA,CERCIS OCCIDENTALIS 1G,6,TR,1G,
1150-505,12,513,EA,CERCIS OCCIDENTALIS 5G,12,TR,5G,
1150-515,60,510,EA,CERCIS OCCIDENTALIS 15G STD,60,TR,15G,
1150-524,152,507,EA,"CERCIS OCCIDENTALIS 24""",190,TR,"24""",
1150-536,490,505,EA,"CERCIS OCCIDENTALIS 36"" MLT",480,TR,"36""",
1150-624,185,507,EA,"CERCIS OCCIDENTALIS 24"" MLT",185,TR,"24""",
1150-636,475,505,EA,"CERCIS OKLAHOMA 36"" STD",475,TR,"36""",
1150-724,190,507,EA,"CERCIS OKLAHOMA 24"" STD",190,TR,"24""",
1151-115,45,519,EA,CEREUS PERUVIANUS 15G,45,TR,15G,
1151-124,1200,506,EA,"CEREUS MONSTROSUS 30""",1200,TR,"30""",
1151-148,900,503,EA,"CEREUS PERUVIANUS 48""",900,TR,"48""",
1151-424,180,507,EA,"CERCIS MEXICANA 24"" STD",180,TR,"24""",
1151-505,18,513,EA,CERCIS CANADENSIS 5G STD,18,TR,5G,
1151-515,60,510,EA,CERCIS CANADENSIS 15G,50,TR,15G,
1151-524,190,507,EA,CERCIS CANADENSIS 24,190,TR,,
1151-536,490,505,EA,"CERCIS CANADENSIS 36""  STD",475,TR,"36""",
1151-615,60,510,EA,CERCIS CAN. FOREST PANSY 15G,60,TR,15G,
1151-624,190,507,EA,"CERCIS C. FOREST PANSY 24"" STD",190,TR,"24""",
1151-636,485,505,EA,"CERCIDIUM ""DESERT MUSEUM"" 36"" STD",465,TR,"36""",
1151-724,190,507,EA,"CERCIS CAN. AVONDALE 24""",170,TR,"24""",
1151-736,490,505,EA,"CERCIS OCCIDENTALIS 36"" DWF MLT",470,TR,"36""",
1154-115,60,511,EA,CERCIDIUM FLORIDIUM 15G STD,50,TR,15G,
1154-124,190,507,EA,"CERCIDIUM DESERT MUSEUM 24"" MLT",170,TR,"24""",
1154-148,1200,503,EA,"CERCIDIUM PRAECOX 48""  MLT",850,TR,"48""",
1154-160,2800,501,EA,"CERCIS CANADENSIS 60""",2000,TR,"60""",
1154-215,60,510,EA,"CERCIDIUM ""DESERT MUSEUM 15G MLT",60,TR,15G,
1154-224,185,507,EA,"CERCIDIUM ""DESERT MUSEUM 24"" STD",175,TR,"24""",
1154-248,490,505,EA,"CERCIDIUM FLORIDUM 36"" MLT",480,TR,"36""",
1154-324,185,507,EA,"CERCIDIUM DESERT MUSEUM 24"" LOW BRANCH",180,TR,"24""",
1154-348,1200,503,EA,"CERCIS OCCIDENTALIS 48"" MLT",1200,TR,"48""",
1154-448,1300,503,EA,"CERCIS OCCIDENTALIS 48""",1300,TR,"48""",
1154-536,480,505,EA,"CERCIDIUM AZT THORNLESS 36"" STD",480,TR,"36""",
1154-548,1200,503,EA,"CERCIDIUM DESERT MUSEUM 48""",1200,TR,"48""",
1154-560,3125,501,EA,"CERCIDIUM DESERT MUSEUM 60"" MLT",3125,TR,"60""",
1154-572,5500,500,EA,"CERCIDIUM DESERT MUSEUM 72"" MLT",5500,TR,"72""",
1154-636,485,505,EA,"CERCIDIUM PRAECOX 36"" MLT",400,TR,"36""",
1154-648,1100,503,EA,"CERCIDIUM FLORIDUM 48"" MLT",1100,TR,"48""",
1154-660,2250,501,EA,"CERCIDIUM FLORIDUM 60"" MLT",2250,TR,"60""",
1154-736,485,505,EA,"CERCIDIUM 'AZT' (THORNLESS) 36"" MLT",450,TR,"36""",
1154-748,1150,503,EA,"CERCIDIUM DESERT MUSEUM 48"" MLT",1150,TR,"48""",
1154-760,3125,501,EA,"CERCIDIUM DESERT MUSEUM 60"" STD",3125,TR,"60""",
1154-836,490,505,EA,"CERCIDIUM DES. MUSEUM 36"" MLT",490,TR,"36""",
1154-848,1300,503,EA,"CERCIS CANADENSIS 48"" STD.",1300,TR,"48""",
1154-936,490,505,EA,CERCIDIUM 'DESERT MUSEUM' 36,490,TR,,
1155-501,4.5,522,EA,CESTRUM NOCTURNUM 1G,1.53,SH,1G,
1155-505,13,520,EA,CESTRUM NOCTURNUM 5G,8,SH,5G,
1155-515,45,519,EA,CESTRUM NOCTURNUM 15G,27,SH,15G,
1155-615,45,519,EA,CESTRUM ELEGANS 15G,35,SH,15G,
1157-001,5.2,522,EA,CERCOCARPUS BETULOIDES 1G,5.2,SH,1G,
11-6000,293.3,380,EA,"SIGNET MK 515 2"" FLOW METER",293.3,POC,"2""",
11-6001,486.55,380,EA,SIGNET MK-3-8503 FLOW TRANSMITTER,486.55,POC,,
11-6002,140,None,EA,SIGNET FLOW SENSOR FITTING,140,POC,,
11-8200,0.17,None,EA,"BOWSMITH 12"" POLY RISER",0.17,L,"12""",
11-8202,0.4,None,EA,AG. PROD. FLUSHING END CAP #CEFCH,0.4,L,,
11-8204,1.04,None,EA,PEPCO P-7750 TEE,1.04,L,,
11-8208,0.33,None,EA,PEPCO VARI-JET PVJS8B SHRUBBLER,0.33,L,,
11832-4006,3946,490,EA,PTS CA2-RB1-40-RSE/MVR/HFS-200,3946,POC,,
11932-4007,3545,490,EA,PTS CA2-RBI-32/RSE/MVR/HFS-200,3545,POC,,
1-2,95,None,EA,"ALHAMBRA FDRY A-480-4""  (SQ.-ROUND ADAPT)",95,CV,"4""",
1200-024,175,507,EA,"CHITALPA TASH PINK DAWN 24"" STD",175,TR,"24""",
1200-036,1000,542,EA,"CHAMEROPS CERIFERA 36"" MLT",1000,TR,"36""",
1200-105,20,520,EA,CHAMAEROPS HUMILIS 5G,20,TR,5G,
1200-115,50,519,EA,CHAMAEROPS HUMILIS 15G,50,TR,15G,
1200-124,225,507,EA,"CHAMAEROPS HUMILIS 24"" MLT",225,TR,"24""",
1200-136,600,505,EA,"CHAMAEROPS HUMILIS 36""",600,TR,"36""",
1200-146,1300,503,EA,"CHAMAEROPS HUMILIS 48""",1300,TR,"48""",
1200-147,4750,501,EA,"CHAMAEROPS HUMILIS 60"" MLT",4750,TR,"60""",
1200-148,1800,503,EA,"CHAMAEROPS HUMILIS 48""  MLT",1800,TR,"48""",
1200-160,55,510.2,EA,CHAMAEROPS HUMILIS 15G MLT,55,TR,15G,
1200-215,38,510,EA,"CHITALPA TASH.""PINK DAWN"" 15G STD",38,TR,15G,
1200-224,128,508,EA,"CHIT. TASH. 'PINK DAWN' 24""  STD",175,TR,"24""",
1200-236,550,505,EA,"CHAMAEROPS HUMILIS 36""  MLT",550,TR,"36""",
1200-248,1050,503,EA,"CHITALPA TASHKENTENIS 48"" STD",1050,TR,"48""",
1200-260,3000,501,EA,"CHAMAEROPS 60"" MLT",3000,TR,"60""",
1200-315,36,510,EA,CHITALPA TASH. 15G MLT,36,TR,15G,
1200-324,175,507,EA,"CHITALPA TASH. 24""  STD.",175,TR,"24""",
1200-325,175,507,EA,"CHITALPA T. PINK DAWN 24"" MLT",175,TR,"24""",
1200-336,450,505,EA,"CHITALPA TASHKENTENSIS 36"" STD",450,TR,"36""",
1200-337,348.75,505,EA,"CHITALPA TASH. PINK DAWN 36"" STD",465,TR,"36""",
1200-348,1100,503,EA,"CHITALPA PINK DAWN 48"" MLT",1100,TR,"48""",
1200-415,50,510,EA,CHITALPA TASH. 15G STD,50,TR,15G,
1200-424,155,508,EA,"CHIT.TASH. ""NEW DAWN"" 24"" STD",155,TR,"24""",
1200-436,465,505,EA,"CHITALPA PINK DAWN 36"" MLT",465,TR,"36""",
12-0044,25,999,EA,"LONG TURN 90 - 4""",25,M,"4""",
1200-448,1050,503,EA,"CHITALPA T. MORNING CLOUD 48"" STD",1050,TR,"48""",
12-0050,620,635.2,EA,LONG BEACH FDRY LB1241 CLEANOUT,620,M,,
1200-524,200,507,EA,"CHITALPA 'MORNING CLOUD' 24""  STD.",200,TR,"24""",
1200-536,450,505,EA,"CHITALPA T. 'MORNING CLOUD' 36"" MUL",450,TR,"36""",
1200-548,1050,503,EA,"CHITALPA TAS. 'PINK DAWN' 48"" STD.",1050,TR,"48""",
1200-624,175,507,EA,"CHAMAEROPS HUMILIS 24""  SINGLE",175,TR,"24""",
1200-636,475,505,EA,"CHITALPA T. 'MORNING CLOUD' 36"" STD.",475,TR,"36""",
1201-105,150,522,EA,CHAMAEDOREA SEIFRIZII 5G,150,TR,5G,
1201-115,300,510,EA,CHAMAEDOREA SEIFRIZII 15G,300,TR,15G,
1201-124,450,507,EA,"CHAMADOREA ELEGANS 24""",450,TR,"24""",
1202-115,120,519,EA,CHAMELAUCIUM UNINATUM 15G,120,SH,15G,
12-0250,4.9,135,LF,"ELECTRICAL CONDUIT  2.5""",7.65,L,"5""",
12-0251,8.1,136,FT,"ELECTRICAL CONDUIT 4""",15,L,"4""",
12-0252,5.9,136,LF,"ELECTRICAL CONDUIT 3""",10.1,L,"3""",
12-0253,6,164,EA,"CONDUIT  3"" DB 100",10.1,L,"3""",
12-0254,11.2,None,EA,"5/8"" X 8' COPPER GRND ROD",11.2,L,"8""",
12-0255,35,999,EA,GATE VALVE KEY (5'),35,M,,
12-0256,355,999,EA,"POLYWRAP - 37"" X 220' - PURPLE",355,M,"37""",
12-0266,50,None,EA,IRRI-TOOL SET (I.T.),50,,,
12032-4008,3177,490,EA,PTS CA2-RB1-24/RSE/MVR/HFS-200,3177,POC,,
1210-101,5.7,522,EA,CHONDROPETALUM TECTORUM 1G,5.7,GCC,1G,
1210-105,14.5,520,EA,CHONDROPETALUM TECT. 5G,14.5,GCC,5G,
1210-115,55,519,EA,CHONDROPETALUM TECT 15G,55,GCC,15G,
1210-148,1250,503,EA,"CHORISIA SPECIOSA 48""",1250,TR,"48""",
1210-160,2800,501,EA,"CHORISIA SPECIOSA 60""",2800,TR,"60""",
12-1020,0.11,100,LF,"1/2"" CL 315 PVC",0.11,L,"2""",
1210-205,28,520,EA,CHONDROPETALUM ELEPHANTINUM 5G,28,GCC,5G,
1210-210,5.7,522,EA,CHONDROPETALUM EL CAMPO 1G,5.7,GCC,1G,
1210-215,60,519,EA,CHONDROPETALUM ELEPHANTIMUN 15G,60,GCC,15G,
1210-305,14.5,520,EA,CHONDROPETALUM EL CAMPO 5G,14.5,GCC,5G,
1210-515,75,519,EA,CHORISIA SPECIOSA 15G,75,TR,15G,
1210-524,200,507,EA,"CHORISIA SPECIOSA 24""",200,TR,"24""",
1210-530,500,505,EA,"CHORISIA SPECIOSA 36""",500,TR,"36""",
12-1080,0.33,130,EA,1 1/4 CL 200,0.33,M,,
12-1100,0.45,140,EA,1 1/2 CL 200,0.45,M,,
1211-115,40,510,EA,CHORISIA INSIGNIS 15G,40,TR,15G,
12-1120,0.35,150,EA,2 CL 200,0.35,M,,
12-1140,0.52,160,EA,2 1/2 CL 200,0.52,M,,
12-1160,0.55,None,EA,1/2 TEE TTT,0.55,L,,
12-1180,0.93,110,EA,3/4 SCH 40,0.93,L,,
12-1200,1.38,120,EA,1 SCH 40,1.38,L,,
12-1220,1.9,130,EA,1 1/4 SCH 40,1.9,L,,
12-1221,5,None,EA,RB RWS-SOCK (6 PER BAG),5,L,,
12-1222,48,639.7,EA,RB RWS S-B-C-1401,48,L,,
12-1237,21,370.2,EA,RB 5000S-PC/FC-SAM-NP,21,L,,
12-1240,2.25,140,EA,1 1/2 SCH 40,2.25,L,,
1212-515,27.3,510,EA,CHORISIA S MAJ BEAUT 15G,27.3,TR,15G,
1212-524,95,507,EA,"CHORISIA S MAJ BEAUT 24""",95,TR,"24""",
12-1260,3,150,EA,2 SCH 40,3,L,,
12-1280,5.86,170,EA,3 SCH 40,5.86,L,,
12-1296,20,380,EA,"HUNTER PGV 101G 3/4"" (use 1"")",20,CV,"4""",
12-1299,48,637,EA,HUNTER PCM-300 3-STA.MOD,48,L,,
12-1300,25,None,EA,4 SCH 40 TEE,11,L,,
12131-4009,2930,490,EA,PTS CA2-RB1-16/RSE/MVR/HFS-200,2930,PMP,,
12-1320,3.1,152,LF,"2"" CL 315 PVC",3.1,M,"2""",
12-1340,4.82,162,LF,"2 1/2"" CL 315 PVC",4.82,M,"2""",
12-1341,7.14,170,LF,"3"" CL 315 PVC",7.14,M,"3""",
12-1360,2.6,1005,EA,"GALV PIPE 1/2"" (imported)",2.6,L,"2""",
12-1380,4.6,1004,EA,"GALV PIPE 3/4"" (imported)",4.6,L,"4""",
12-1385,500,380.2,EA,"GRISWOLD 2230 MP 2""",500,CV,"2""",
12-1386,500,380.2,EA,"GRISWOLD 2230 MP 1 1/2""",500,CV,"2""",
12-1400,6,1003,EA,"GALV PIPE 1"" (imported)",6,L,"1""",
12-1420,8,1002,EA,"GALV PIPE 1.25"" (imported)",8,L,"25""",
12-1440,9.25,1001,EA,"GALV PIPE 1.5"" (imported)",9.25,L,"5""",
12-1460,12.5,1000,FT,"GALV PIPE 2"" (imported)",12.5,L,"2""",
12-1461,20,1000.1,FT,"GALV PIPE 2.5"" (imported)",20,L,"5""",
12-1465,26,190,LF,"GALV PIPE 3""  (imported)",26,L,"3""",
12-1466,33,192,LF,"GALV PIPE 4"" (imported)",33,L,"4""",
12-1467,60,193,LF,"GALV PIPE 6"" (imported)",60,L,"6""",
12-1468,7.2,1005,LF,"GALV PIPE 1/2"" (domestic)",7.2,L,"2""",
12-1469,6,1004,LF,"GALV PIPE 3/4"" (domestic)",6,L,"4""",
12-1470,8,1003,LF,"GALV PIPE 1"" (domestic)",8,L,"1""",
12-1471,11,1002,LF,"GALV PIPE 1.25"" (domestic)",11,L,"25""",
12-1472,11.25,1001,LF,"GALV PIPE 1.5"" (domestic)",11.25,L,"5""",
12-1473,17,1000,LF,"GALV PIPE 2"" (domestic)",17,L,"2""",
12-1474,31,1000.1,LF,"GALV PIPE 2.5"" (domestic)",31,L,"5""",
12-1475,42.5,190,LF,"GALV PIPE 3"" (domestic)",42.5,L,"3""",
12-1476,45,637,EA,"GALV POST 1.5"" X 21'  ILO GUYING UP-CHARGE",45,TRSTK,"5""",
12-1477,40,637,EA,"GALV POST 1.5"" X 10.5 ILO STK UP-CHARGE",40,TRSTK,"5""",
12-1478,45,637.2,EA,"GALV POST 1.5"" X 21' ILO STAKING UP-CHARGE",45,TRSTK,"5""",
12-1480,2.2,None,EA,"1"" SLIP FIX",2.2,L,"1""",
12-1500,5.57,None,EA,1 1/4 SLIP FIX,5.57,L,,
12-1520,4.3,None,EA,1 1/2 SLIP FIX,4.3,L,,
12-1540,9,None,EA,"SLIP FIX, 2""",9,L,"2""",
12-1545,12.2,None,EA,"SLIP-FIX  2.5""",12.2,L,"5""",
12-1560,0.65,200,LF,"1/2"" UVR PIPE",0.65,L,"2""",
12-1580,0.85,201,LF,"3/4"" UVR PIPE",0.85,L,"4""",
12-1600,1.3,202,LF,"1"" UVR PIPE",1.3,L,"1""",
12-1620,1.7,203,LF,"1.25"" UVR PIPE",1.7,,"25""",
12-1640,1.85,204,LF,"1.5"" UVR PIPE",1.85,,"5""",
12-1660,2.6,205,LF,"2"" UVR PIPE",2.6,,"2""",
12-1680,6.95,206,LF,"2.5"" UVR PIPE",6.95,,"5""",
12-1700,9.15,207,LF,"3"" UVR PIPE",9.15,,"3""",
12-1720,0.35,200,FT,"1/2"" BLPIPE RW (discontinued)",0.35,,"2""",
12-1740,0.52,201,FT,"3/4"" BLPIPE RW (discontinued)",0.52,L,"4""",
12-1760,0.76,202,FT,"1"" BLPIPE RW (discontinued)",0.76,L,"1""",
12-1780,1.01,203,FT,"1 1/4"" BLPIPE RW (discontinued)",1.01,L,"4""",
12-1800,1.21,204,FT,"1 1/2"" BLPIPE RW (discontinued)",1.21,L,"2""",
12-1820,1.54,205,FT,"2"" BLPIPE RW (discontinued)",1.54,L,"2""",
12-1840,2.25,206,FT,"2 1/2"" BLPIPE RW (discontinued)",2.25,L,"2""",
12-1860,2.8,207,FT,"3"" BLPIPE RW (discontinued)",2.8,L,"3""",
12-1900,55,635,CY,2 SACK SLURRY MIX,55,SP,,
12-1901,170,999,EA,"GAS 1.25"" PERMASERT COUP",170,L,"25""",
12-1902,210,999,EA,"GAS 1.25"" x 3/4"" COUPLING",210,L,"25""",
12-1903,265,999,EA,"GAS 1.25"" x 1"" COUPLING",265,L,"25""",
12-1904,160,999,EA,"GAS 1"" TEE",160,L,"1""",
12-1905,260,999,EA,"GAS 1"" x 3/4"" COUPLING",260,L,"1""",
12-1906,400,999,EA,"GAS PERFECTION PERMASERT 1.25"" TEE",400,L,"25""",
12-2004,380,380,EA,"WEATHERMATIC 8000 CR 3""",380,L,"3""",
12-2005,415,380,EA,"WEATHERMATIC 8200CR-15D-XPR 1.5""",415,L,"5""",
12-2006,375,380,EA,WEATHERMATIC MAX-DW-15-XPR,375,,,
12-2007,250,380,EA,WEATHERMATIC MAX-DW-10-XPR,250,,,
12-2008,,,,GFCI W/ weatherproof box,,,,
12-2011,60,999,EA,"GAS SWEEP 1/2"", with coupling",60,,"2""",
12-2012,100,999,EA,GAS SWEEP 3/4 with coupling,100,,,
12-2013,195,999,EA,"GAS SWEEP 1"" with coupling",195,,"1""",
12-2014,63,999,EA,"GAS SWEEP 3/4""",63,,"4""",
12-2015,105,None,EA,"GAS SWEEP 1.5""",105,,"5""",
12-2016,138,None,EA,"GAS COUPLING 1.5""",138,,"5""",
12-2017,72,999,EA,"GAS SWEEP 1""",72,,"1""",
12-2018,190,999,EA,"GAS SWEEP 1.25"" with coupling",190,,"25""",
12-2019,140,999,EA,"GAS SWEEP 2""",140,,"2""",
12-2020,0.4,100,LF,"LAT 1/2"" CLASS 315  PVC",0.4,,"2""",
12-2040,0.45,110,LF,"LAT 3/4"" CLASS 200 PVC",0.45,,"4""",
12-2060,0.6,121,LF,"LAT 1"" CLASS 200 PVC",0.6,,"1""",
12-2080,0.85,131,LF,"LAT 1.25"" CLASS 200 PVC",0.85,,"25""",
12-2100,0.9,141,LF,"LAT 1.5"" CLASS 200 PVC",0.9,,"5""",
12-2120,2.1,151,LF,"LAT 2"" CLASS 200 PVC",2.1,,"2""",
12-2140,2.45,161,LF,"LAT 2.5"" CLASS 200 PVC",2.45,,"5""",
12-2150,3.4,170,LF,"LAT 3"" CLASS 200 PVC",3.4,,"3""",
12-2160,0.6,100,LF,"LAT 1/2"" SCH 40  PVC",0.6,,"2""",
12-2180,0.36,110,LF,"LAT 3/4"" SCH 40  PVC",0.75,,"4""",
12-2200,1.1,120,LF,"LAT 1"" SCH 40  PVC",1.1,,"1""",
12-2201,7.5,522,EA,AEONIUM URBICUM 1G,7.5,,1G,
12-2202,7.5,522,EA,AEONIUM ARB. ATROPUR. 1G,7.5,,1G,
12-2203,7,522,EA,"AEONIUM ""JOLLY GREEN"" 1G",7,,1G,
12-2204,7.5,522,EA,AEONIUM ZWARTKOP 1G,7.5,,1G,
12-2205,21,520,EA,AEONIUM URBICUM 5G,21,,5G,
12-2206,75,519,EA,AEONIUM ARBOREUM 15G,75,,15G,
12-2207,7.5,522,EA,AEONIUM DEC. VARIEGATA 1G,7.5,,1G,
12-2208,5.5,None,FT,"PVC SCH 80 1"" RCV STANDPIPE",5.5,,"1""",
12-2211,7.5,522,EA,AEONIUM SUNBURST 1G,7.5,,1G,
12-2214,4,524.1,EA,"AEONIUM DEC LUTE-VARIEG 4"" POT",4,,"4""",
12-2215,70,519,EA,AEONIUM 'ELECTRA' 15G,70,,15G,
12-2220,1.45,131,LF,"LAT 1.25"" SCH 40  PVC",1.45,,"25""",
12-2221,7,522,EA,AEONIUM RUBRUM DWF 1G,7,,1G,
12-2228,7.5,None,FT,"PVC SCH 80 1.25"" RCV STAND PIPE",7.5,,"25""",
12-2231,7,522,EA,AEONIUM DECORUM 1G,7,,1G,
12-2240,1.7,141,LF,"LAT 1.5"" SCH 40  PVC",1.7,,"5""",
12-2241,7,522,EA,AEONIUM HAWORTHII 1G,7,,1G,
12-2247,1.9,164,EA,"PVC 1.5"" SCH 80 PVC",1.9,,"5""",
12-2248,5,None,EA,PVC SCH 80 1.5,5,,,
12-2251,7,522,EA,AEONIUM PSEUDO-TABULAEFORMUS 1G,7,,1G,
12-2260,2.3,151,LF,"LAT 2"" SCH 40  PVC",2.3,,"2""",
12-2261,7,522,EA,AEONIUM CABERNET 1G,7,,1G,
12-2268,11.25,None,EA,"PVC SCH 80 2"" RCV STAND PIPE",11.25,,"2""",
12-2270,3.75,161,LF,"LAT 2.5"" SCH 40  PVC",3.75,,"5""",
12-2271,7.5,522,EA,AEONIUM TIP TOP 1G,7.5,,1G,
12-2278,17,None,EA,"PVC SCH 80 2.5"" RCV STAND PIPE",17,,"5""",
12-2280,4.75,170,LF,"LAT 3"" SCH 40  PVC",4.75,,"3""",
12-2281,7,522,EA,AEONIUM PLUM PETALS 1G,7,,1G,
12-2286,4.47,152,FT,"2"" CL 315 ALERTLINE",4.47,,"2""",
12-2289,0.31,110,FT,"3/4"" CL 200 ALERTLINE",0.31,,"4""",
12-2290,3.19,180,LF,"4""  CL 200 ALERTLINE",3.19,,"4""",
12-2291,0.47,110,LF,"1/2"" CL 315 ALERTLINE",0.47,,"2""",
12-2292,7.03,170,LF,"3"" CL 315 ALERTLINE",7.03,,"3""",
12-2294,4.8,162,LF,"2 1/2"" CL 315 ALERTLINE",4.8,,"2""",
12-2296,0.31,100,LF,"1/2"" SCH 40 ALERTLINE",0.31,,"2""",
12-2300,8.41,182,EA,"4"" SCH 40 PVC",8.41,,"4""",
12-2301,7,522,EA,AEONIUM GREEN CRUSH 1G,7,,1G,
12-2305,7,522,EA,AEONIUM CANARIENSIS 1G,7,,1G,
12-2309,5.16,186,LF,"6"" CL 315 ALERTLINE",5.16,,"6""",
12-2310,15,185,EA,"6"" SCH 40 (SLV)",15,,"6""",
12-2311,4.8,182,EA,"4"" SCH. 80 PVC",4.8,,"4""",
12-2312,2.12,180,LF,"4"" CL 200 PVC",2.12,,"4""",
12-2313,14,626,LF,"4"" PVC SCH 80 DRAIN SOLID",14,,"4""",
12-2315,21.55,186.1,LF,"8"" SCH 40 (SLEEVE)",21.55,S,"8""",
12-2320,0.9,152,FT,2 CL 315 (MAIN),0.9,,,
12-2321,7.5,522,EA,AEONIUM U. RED SALAD 1G,7.5,,1G,
12-2325,75,519,EA,"AEONIUM ""KIWI' 15G",75,,15G,
12-2331,,,,AEONIUM DINNER PLATE 1G,,,,
12-2340,4.5,162,EA,2 1/2 CL 315 (MAIN),4.5,,,
12-2345,11,182,FT,"4"" CL 315 (SLEEVE)",11,S,"4""",
12-2346,1.99,164,FT,"PVC 2.5"" SCH. 80 PVC",1.99,,"5""",
12-2347,0.33,132,FT,"SCH 80 PVC 1 1/4""(MAIN)",0.33,,"4""",
12-2348,0.54,152,FT,"SCH 80 PVC 2""(MAIN)",0.54,,"2""",
12-2350,6,185,FT,"6"" CL 315 (SLEEVE)",6,S,"6""",
12-2351,4.67,180,LF,"4"" CL. 315 PVC (SLV)",4.67,,"4""",
12-2352,7.14,172,FT,"3"" CL315 (SLEEVE)",7.14,S,"3""",
12-2353,4.82,164,FT,"2 1/2"" CL315 (SLEEVE)",4.82,S,"2""",
12-2354,2.6,154,FT,"SLV 2"" CL 315",2.6,,"2""",
12-2400,4.77,170,LF," 3"" CL 200 ALERTLINE",4.77,,"3""",
12-2401,3.48,160,LF," 2 1/2"" CL 200 ALERTLINE",3.48,,"2""",
12-2402,2.19,150,LF,"2"" CL 200 ALERTLINE",2.19,,"2""",
12-2403,1.51,140,LF,"1 1/2"" CL 200 ALERTLINE",1.51,,"2""",
12-2404,1.09,130,LF,"1 1/4"" CL 200 ALERTLINE",1.09,,"4""",
12-2405,0.69,120,LF,"1""  CL 200 ALERTLINE",0.69,,"1""",
12-2406,0.51,110,LF,"3/4""   CL 200 ALERTLINE",0.51,,"4""",
12-2407,0.12,100,LF,"1/2""   CL 315 ALERTLINE",0.12,,"2""",
12-2408,13.8,180,LF,"4"" CL 315 ALERTLINE",13.8,,"4""",
12-2410,4.41,160,LF,"2 1/2"" SCH 40 ALERTLINE",4.41,,"2""",
12-2411,2.74,160,LF,"3"" SCH 40 ALERTLINE",2.74,M,"3""",
12-2412,3.91,182,LF,"4"" SCH 40 ALERTLINE",3.91,M,"4""",
12-2413,6.92,185,LF,"6"" SCH 40 ALERTLINE",6.92,M,"6""",
12-2414,9.3,620,LF,"3"" SCH 80 PVC DRAIN PIPE",9.3,M,"3""",
12-2415,19.43,185,LF,"6"" CL 200 ALERTLINE",19.43,M,"6""",
12-2416,9.5,639.4,EA,"2 1/2"" SLIP SCH 80 FLANGE",9.5,M,"2""",
12-2500,2.65,207,LF,"4"" PLEXCO HDPE 3408",2.65,M,"4""",
1225-001,4,522,EA,CHRYSACTINIA MEXICANA 1G,4,GCC,1G,
1225-005,10,520,EA,CHRYSACTINIA MEXICANA 5G,10,GCC,5G,
12-2502,7,522,EA,AEONIUM ARBOREUM 1G,7,GCC,1G,
12-2505,21,520,EA,AEONIUM ZWARTKOP 5G,21,GCC,5G,
12-2511,,,,AEONIUM GREEN BEAUTY 1G,,,,
1225-501,2.25,522,EA,CHRYSANTHEMUM F DWARF WHITE 1G,2.25,GCC,1G,
1225-505,6.5,520,EA,CHRYSANTHEMUM FRUT DWARF 5G,6.5,GCC,5G,
1225-515,32,519,EA,CHRYSANTHEMUM FRUT 15G,32,GCC,15G,
1225-605,7.5,520,EA,CHRYSANTHEMUM SILVER LADY 5G,7.5,GCC,5G,
1226-501,2.5,522,EA,CHRYSANTHEMUM F PINK 1G,2.5,GCC,1G,
1226-505,6.75,520,EA,CHRYSANTHEMUM F PINK 5G,6.75,GCC,5G,
1227-405,12,520,EA,"CHRYSANTHEMUM ""SNOW WHITE"" 5G",12,GCC,5G,
1227-501,2.75,522,EA,CHRYSANTHEMUM F WHITE 1G,2.75,GCC,1G,
1227-505,7.5,520,EA,CHRYSANTHEMUM F WHITE 5G,7.5,GCC,5G,
12-2760,2.95,154,LF,"SLV 2"" PVC CL 315 ALERTLINE",2.95,S,"2""",
12-2818,202,637.2,EA,WEATHERTRAK WTD-PD-H20 PUMP DECODER,202,PMP,,
12-2819,480,637.2,EA,WEATHERTRAK WT2W-H20-FS DECODER,480,L,,
12-2820,1365,382.2,EA,"WEATHERTRAK GTFSVC-200P - GT FS W/ N.C. MV 2""",1365,L,"2""",
1228-501,2.1,522,EA,CHRYSANTHEMUM F YELLOW 1G,2.1,GCC,1G,
1228-505,6.75,520,EA,CHRYSANTHEMUM F YELLOW 5G,6.75,GCC,5G,
1229-124,350,507,EA,"CHRYSALIDOCRAPUS LUTESCENS 24""",350,TR,"24""",
1229-501,3.75,522,EA,CHRYSANTHEMUM MAXIMUM 1G,3.75,GCC,1G,
1229-505,7,520,EA,CHRYSANTHEMUM MAXIMUM 5G,7,GCC,5G,
1229-905,14,520,EA,CHRYSOPOGON ZIZ. 'SUNSHINE' 5G,14,GCC,5G,
12-3002,1.1,125,LF,"ELECTRICAL CONDUIT  3/4""",1.8,L,"4""",
12-3005,8.1,137,LF,"CONDUIT 4""  ELECTRICAL (SCH 40)",10.45,L,"4""",
12-30051,13.9,137,LF,"CONDUIT 4"" ELECTRICAL (SCH 80)",13.9,L,"4""",
12-3006,5.9,136,LF,"CONDUIT 3"" ELECTRICAL (SCH 40)",8.3,L,"3""",
12-30061,9.05,136,LF,"CONDUIT 3"" ELECTRICAL (SCH 80)",9.05,L,"3""",
12-3007,4.9,135,LF,"CONDUIT 2.5"" ELECTRICAL (SCH 40)",6.7,L,"5""",
12-3008,3.4,129,LF,"CONDUIT 2""  ELECTRICAL (SCH 40)",3.9,L,"2""",
12-30081,5.1,129,LF,"CONDUIT 2"" ELECTRICAL (SCH 80)",5.1,L,"2""",
12-3009,2.85,128,LF,"CONDUIT 1.5"" ELECTRICAL (SCH 40)",3.2,L,"5""",
12-30091,3.9,128,LF,"CONDUIT 1.5"" ELECTRICAL (SCH 80)",3.9,L,"5""",
12-3010,1.6,127,LF,"CONDUIT 1.25""  ELECTRICAL (SCH 40)",2.5,L,"25""",
12-30101,3.3,127,LF,"CONDUIT 1.25"" ELECTRICAL (SCH 80)",3.3,L,"25""",
12-3011,1,126,LF,"CONDUIT 1"" ELECTRICAL (SCH 40)",1.8,L,"1""",
12-30111,2.5,126,LF,"CONDUIT 1"" ELECTRICAL (SCH 80)",2.5,L,"1""",
12-3012,1,125,LF,"CONDUIT 3/4"" ELECTRICAL (SCH 40)",1.2,L,"4""",
12-30121,1.85,125,LF,"CONDUIT 3/4"" ELECTRICAL (SCH 80)",1.85,L,"4""",
1230-124,150,507,EA,"CIBOTIUM GLAUCUM 24""",150,TR,"24""",
12-3013,0.8,114,LF,"CONDUIT 1/2"" ELECTRICAL (SCH 40)",1.4,L,"2""",
1234-001,7,522,EA,ALOE 'ALWAYS RED' 1G,7,GCC,1G,
1234-005,19,520,EA,ALOE DOROTHEA 5G,19,GCC,5G,
1234-015,15,520,EA,ALOE PLICATILIS 5G,15,SH,5G,
1234-025,25,520,EA,ALOE 'ALWAYS RED' 5G,25,GCC,5G,
1234-101,7,522,EA,ALOE DISTANS 1G,7,GCC,1G,
1234-105,14,520,EA,ALOE STRIATA 5G,14,GCC,5G,
1234-115,52,519,EA,ALOE ARBORESCENS 15G,52,SH,15G,
1234-124,300,507.2,EA,"ALOE RUPESTRIS  24""",300,TR,"24""",
1234-125,15,520,EA,ALOE NOBILIS 5G,15,GCC,5G,
1234-148,1200,503,EA,"UMBELLULARIA CALIF. 48""",1200,TR,"48""",
1234-160,2600,501,EA,"UMBELLULARIA CALIF. 60"" STD.",2600,TR,"60""",
1234-201,7,522,EA,ALOE RUBROVIOLACEA 1G,7,GCC,1G,
1234-203,10,520,EA,ALOE STRIATA 3G,12.5,GCC,3G,
1234-205,15,520,EA,ALOE ARBORESCENS 5G,15,SH,5G,
1234-215,52,519,EA,ALOE STRIATA 15G,52,GCC,15G,
1234-225,75,519,EA,ALOE MAC. 'YELLOW FORM' 15G,75,GCC,15G,
1234-301,5.5,522,EA,ALOE CAMPERI 1G,5.5,GCC,1G,
1234-305,20,520,EA,ALOE FEROX 5G,20,SH,5G,
1234-314,90,519,EA,"ALOE REITZII 14"" POTS",90,GCC,"14""",
1234-315,75,519,EA,ALOE FEROX 15G,75,SH,15G,
1234-325,400,521,EA,"ALOE MARLOTHII 24""",400,TR,"24""",
1234-335,15,520,EA,ALOE 'SCARLET ROCKET' 5G,15,GCC,5G,
1234-401,5,522,EA,ALOE CILIARIS 1G,5,SH,1G,
1234-405,14,513,EA,UMBELLULARIA CALIF. 5G,14,TR,5G,
1234-415,65,519,EA,ALOE SPINOSISSIMA 15G,65,SH,15G,
1234-501,5,522,EA,ALOE GHOST ALOE 1G,5,GCC,1G,
1234-505,40,510,EA,UMBELLULARIA CALIFORNICA STD 15G,40,TR,15G,
1234-515,75,519,EA,ALOE CAMERONII 15G,75,SH,15G,
1234-601,6.5,522,EA,ALOE LITTLE GEM 1G,6.5,GCC,1G,
1234-605,70,520,EA,ALOE BAINESEII 5G,70,TR,5G,
1234-615,90,519,EA,ALOE WICKENSII 15G,90,SH,15G,
1234-701,5.5,522,EA,ALOE CAMERONII 1G,5.5,GCC,1G,
1234-705,15,520,EA,ALOE CAMERONII 5G,15,SH,5G,
1234-715,125,519,EA,ALOE HERCULES 15G (reg size),125,TR,15G,
1234-801,5,522,EA,ALOE 'GRASSY LASSIE' 1G,5,GCC,1G,
1234-805,15,520,EA,ALOE CILIARIS 5G,15,SH,5G,
1234-806,30,520,EA,ALOE PLICATILIS 3G,30,SH,3G,
1234-815,65,519,EA,ALOE MARLOTHII 15G,65,TR,15G,
1234-901,7.5,522,EA,ALOE POPCORN 1G,7.5,GCC,1G,
1234-905,30,520,EA,ALOE SOLEDAD HYBRID 5G,30,GCC,5G,
1234-915,75,519,EA,ALOE SCARLET ROCKETS 15G,75,GCC,15G,
1235-002,30,568,EA,ALOE CONIFERA 2G,30,GCC,2G,
1235-005,20,520,EA,ALOE AHMARENSIS 5G,20,GCC,5G,
1235-015,350,519,EA,ALOE HERCULES 15G (large),350,TR,15G,
1235-105,20,520,EA,ALOE AFRICANA 5G,20,SH,5G,
1235-111,12,520,EA,ARCTOSTAPH. 'HOWARD MCMINN' 5G,12,SH,5G,
1235-205,25,520,EA,ALOE ELGONICA 5G,25,SH,5G,
1235-305,25,520,EA,ALOE GREENII 5G,25,GCC,5G,
1235-405,18,520,EA,ALOE PLICATILIS 5G,18,SH,5G,
1235-505,22,520,EA,ALOE REITZII 5G,22,GCC,5G,
1235-605,25,520,EA,ALOE MACULATA 5G,25,GCC,5G,
1235-705,20,520,EA,ALOE TBD 5G,20,GCC,5G,
1235-805,30,520,EA,ALOE CONIFERA 5G,30,GCC,5G,
1235-905,9.25,522,EA,ALOE MACULATA 1G,9.25,GCC,1G,
1236-005,23,520,EA,ALOE RUBRIVIOLACEA 5G,23,GCC,5G,
1236-101,4.25,522,EA,ALOPECURUS PRA. 'AUREUS' 1G,4.25,GCC,1G,
1236-105,20,520,EA,ALOE 'MOONGLOW' 5G,20,GCC,5G,
1236-201,4.5,522,EA,SCROPHULARIA CALIFORNICA 1G,4.5,GCC,1G,
1236-205,20,520,EA,ALOE X. 'SAFARI SUNSET' 5G,20,GCC,5G,
1236-305,16,520,EA,ALOE RUDIKOPPE 5G,16,GCC,5G,
1236-405,23,520,EA,ALOE 'POPCORN' 5G,23,GCC,5G,
1236-505,22,520,EA,ALOE 'WILKENSII' 5G,22,GCC,5G,
1236-605,20,520,EA,"ALOE ""GHOST ALOE"" 5G",20,GCC,5G,
1236-705,15,520,EA,ALOE ANDORA 5G,15,GCC,5G,
1236-805,,,,ALOE SAFARI SUNRISE 5G,,,,
1236-905,25,520,,ALOE LODES YELLOW 5g,25,GCC,5G,
12432-4006,12670,490,EA,PTS SA2-RB1-32+32/2MVR/FS-150/TRCRR,12670,PMP,,
125-020,0,999,EA,SCH 80 NIPPLE (PVC) - 1 1/4 X 2,0,L,,
125-020BS,10,999,EA,BRASS NIPPLE - 1 1/4 X 2,10,L,,
125-030,0,None,EA,1 1/4 X 3 NIPPLE - SCH 80 (PVC),0,L,,
125-030BL,0,None,EA,1/4 X 3 NIPPLE - SCH 80 (B-LN),0,L,,
125-030BS,13,None,EA,"1 1/4"" X 3"" NIPPLE (BRASS)",13,L,"4""",
125-030UV,0,None,EA,1 1/2 X 3 NIPPLE - SCH 80 (UVR),0,L,,
125-040,0,None,EA,1 1/4 X 4 NIPPLE - SCH 80 (PVC),0,L,,
125-040BL,0,None,EA,1 1/4 X 4 NIPPLE - SCH 80 (B-LN),0,L,,
125-040BS,21,None,EA,1 1/4 X 4 NIPPLE (BRASS),21,L,,
125-040UV,0,None,EA,1 1/2 X 4 NIPPLE - SCH 80 (UVR),0,L,,
125-060,0,None,EA,1 1/4 X 6 NIPPLE - SCH 80 (PVC),0,L,,
125-060BL,0,None,EA,1 1/4 X 6 NIPPLE - SCH 80 (B-LN),0,L,,
125-060BS,30.68,None,EA,1 1/4 X 6 NIPPLE (BRASS),30.68,L,,
125-060UV,0,None,EA,1 1/4 X 6 NIPPLE - SCH 80 (UVR),0,L,,
125-080,0,None,EA,1 1/4 X 8 NIPPLE - SCH 80 (PVC),0,L,,
125-080BL,0,None,EA,1 1/4 X 8 NIPPLE - SCH 80 (B-LN),0,L,,
125-080BS,34,None,EA,1 1/4 X 8 NIPPLE (BRASS),34,L,,
125-080UV,0,None,EA,1 1/4 X 8 NIPPLE - SCH 80 (UVR),0,L,,
125-100,0,None,EA,1 1/4 X 10 NIPPLE - SCH 80 (PVC),0,L,,
125-100BL,0,None,EA,1 1/4 X 10 NIPPLE - SCH 80 (B-LN),0,L,,
125-100BS,41,None,EA,1 1/4 X 10 NIPPLE (BRASS),41,L,,
125-100UV,0,None,EA,1 1/4 X 10 NIPPLE - SCH 80 (UVR),0,L,,
125-120,0,None,EA,1 1/4 X 12 NIPPLE - SCH 80 (PVC),0,L,,
125-120BL,0,None,EA,1 1/4 X 12 NIPPLE - SCH 80 (B-LN),0,L,,
125-120BS,60,None,EA,1 1/4 X 12 NIPPLE (BRASS),60,L,,
125-120UV,0,None,EA,1 1/4 X 12 NIPPLE - SCH 80 (UVR),0,L,,
125-140,0,None,EA,1 1/4 X 14 NIPPLE - SCH 80 (PVC),0,L,,
125-140BL,0,None,EA,1 1/4 X 14 NIPPLE - SCH 80 (B-LN),0,L,,
125-140BS,0,None,EA,1 1/4 X 14 NIPPLE (BRASS),0,L,,
125-160,0,None,EA,1 1/4 X 16 NIPPLE - SCH 80 (PVC),0,L,,
125-160BL,0,None,EA,1 1/4 X 16 NIPPLE - SCH 80 (B-LN),0,L,,
125-160BS,0,None,EA,1 1/4 X 16 NIPPLE (BRASS),0,L,,
125-160UV,0,None,EA,1 1/4 X 16 NIPPLE - SCH 80 (UVR),0,L,,
125-180,0,None,EA,1 1/4 X 18 NIPPLE - SCH 80 (PVC),0,L,,
125-180BL,0,None,EA,1 1/4 X 18 NIPPLE - SCH 80 (B-LN),0,L,,
125-180BS,96,None,EA,"NIPPLE 1.25"" x 18"" (BRASS)",96,L,"25""",
125-180UV,0,None,EA,1 1/4 X 18 NIPPLE - SCH 80 (UVR),0,L,,
125-240,0,None,EA,1 1/4 X 24 NIPPLE - SCH 80 (PVC),0,L,,
125-240BL,0,None,EA,1 1/4 X 24 NIPPLE - SCH 80 (B-LN),0,L,,
125-240BS,79,None,EA,1 1/4 X 24 NIPPLE (BRASS),79,L,,
125-240UV,0,None,EA,1 1/4 X 24 NIPPLE - SCH 80 (UVR),0,L,,
125-300,0,None,EA,1 1/4 X 30 NIPPLE - SCH 80 (PVC),0,L,,
125-300BL,0,None,EA,1 1/4 X 30 NIPPLE - SCH 80 (B-LN),0,L,,
125-300BS,154,None,EA,1 1/4 X 30 NIPPLE (BRASS),154,L,,
125-300UV,0,None,EA,1 1/4 X 30 NIPPLE - SCH 80 (UVR),0,L,,
125-360,0,None,EA,1 1/4 X 36 NIPPLE - SCH 80 (PVC),0,L,,
125-360BL,0,None,EA,1 1/4 X 36 NIPPLE - SCH 80 (B-LN),0,L,,
125-360BS,188,None,EA,1 1/4 X 36 NIPPLE (BRASS),188,L,,
125-360UV,0,None,EA,1 1/4 X 36 NIPPLE - SCH 80 (UVR),0,L,,
125-CL,0,None,EA,1 1 /4 X CLOSE NIPPLE - SCH 80 (PVC),0,L,,
125-CLBL,0,None,EA,1 1/4 X CLOSE NIPPLE - SCH 80 (B-LN),0,L,,
125-CLBS,15.5,None,EA,1 1/4 X CLOSE NIPPLE (BRASS),15.5,L,,
12-6000,60,1006,RS,2'' TYPE K COPPER PIPE,60,M,,
12-6001,22,1009,FT,"1"" TYPE K COPPER PIPE",22,M,"1""",
12-6002,40,1007,FT,"1.5"" Type K Copper",40,M,"5""",
12-6003,7,1010,FT,1/2 Type K Copper,7,M,,
12-6004,16,1010,LF,"3/4"" Type K Copper",16,M,"4""",
12-6005,70,1006,FT,"3"" Type K Copper",70,M,"3""",
12-6006,3.75,152,LF,"GAS PIPE POLY 2"" (add tracer)",3.75,M,"2""",
12-6007,11,1008,LF,"1 1/4"" COPPER PIPE TYPE 'K'",11,M,"4""",
12-6008,1.5,122,LF,"GAS PIPE POLY 1"" (add tracer)",1.5,M,"1""",
12-6009,3500,635.8,EA,PRE-FAB FIRE PIT,3500,,,
12-6010,1,112,LF,"GAS PIPE POLY 3/4"" (add tracer)",1,M,"4""",
12-6011,500,999,EA,GAS MISC. FITTINGS AND LABOR,500,M,,
12-6012,0.9,112,LF,"GAS PIPE POLY 1/2"" (add tracer)",0.9,M,"2""",
12-6013,2.3,132,LF,"GAS PIPE POLY 1.25"" (add tracer)",2.3,M,"25""",
12-6014,2.75,142,LF,"GAS PIPE POLY 1.5"" (add tracer)",2.75,M,"5""",
12-6015,175,999,EA,"GAS SEISMIC SOV, 1.25""",175,M,"25""",
12-6016,100,402,EA,"GAS SHUTOFF VALVE, 1.25""",100,M,"25""",
12-6017,75,999,EA,"GAS SHUTOFF VALVE 1""",75,M,"1""",
12-6018,20,402,EA,"GAS SHUTOFF VALVE 3/4""",20,M,"4""",
12-6019,15,999,LF,GAS RUN TO BBQ/FIRE PIT,15,,,
12-6020,18,402,EA,"GAS SHUT OFF VALVE 1/2""",18,M,"2""",
12-6021,500,999,EA,"GAS PERMASERT TEE 1.25"" (Carrhill)",500,M,"25""",
12-6022,330,999,EA,"GAS PERMASERT TEE 1"" (Carrhill)",330,M,"1""",
12-6023,250,999,EA,"GAS PERMASERT TEE 3/4"" (Carrhill)",250,M,"4""",
12-6024,240,999,EA,"GAS PERMASERT TEE 1/2"" (Carrhill)",240,M,"2""",
1280-015,60,510,EA,CHIONANTHUS RETUSUS 15G STD,60,TR,15G,
1280-124,190,507,EA,"CHIONANTHUS RETUSUS 24"" MLT",190,TR,"24""",
1280-136,400,505,ea,"CHIONANTHUS RETUSUS 36""",400,TR,"36""",
1290-048,1200,503,EA,"LAURUS N. SARATOGA 48"" STD",1200,TR,"48""",
1290-060,2600,501,EA,"LAURUS SARATOGA 60"" STD",2600,TR,"60""",
1290-105,18,513,EA,CINN. CAMPHORA  5G STD,18,TR,5G,
1290-115,60,510,EA,CINNAMOMUM CAMPHORA 15G STD,60,TR,15G,
1290-124,185,507,EA,CINN. CAMPHORA 24,185,TR,,
1290-130,280,506,EA,"CINNAMOMUM CAMPHORA 30""  STD",280,TR,"30""",
1290-136,485,505,EA,CINN. CAMPHORA 36,485,TR,,
1290-142,700,504,EA,"CINNAMOMUM CAMPH. 42""   STD",700,TR,"42""",
1290-148,1150,503,EA,"CINN. CAMPHORA 48""  STD",1150,TR,"48""",
1290-149,1200,503,EA,"LAURUS NOBILIS 48""  STD.",1200,TR,"48""",
1290-160,2800,501,EA,CINN. CAMPHORA 60,2800,TR,,
1290-215,60,510,EA,CINNAMOMUM CAMPHORA 15G MLT,60,TR,15G,
1290-224,185,507,EA,CINNAMOMUM CAMPHORA 24,185,TR,,
1290-230,300,506,EA,"CINNAMOMUM CAMPHORA 30"" MLT",300,TR,"30""",
1290-236,485,505,EA,CINN. CAMPHORA 36,485,TR,,
1290-248,1150,503,EA,CINNAMONUM CAMPH. 48,1150,TR,,
1290-260,2800,501,EA,CINNAMONUM CAMPH. 60,2800,TR,,
1290-272,3700,500,EA,"CINNAMOMUM CHAMPHORA 72"" MLT",3700,TR,"72""",
1290-296,12500,499,EA,"CINNAMONUM CAMPHOR 96"" MLT",12500,TR,"96""",
1291-148,1200,503,EA,"LAURUS NOBILIS 48"" MLT",1200,TR,"48""",
1298-104,1.7,524.1,EA,CHAMAEMELUM NOBILE LINER,1.7,GCC,,
1-3,620,635.2,EA,"ALHAMBRA FDRY # A-1240 10"" C.I. cover/frame",620,CV,"10""",
1300-10,60,None,EA,RB RBY075MPTX FILTER (200 MESH),60,L,,
1300-115,60,510,EA,CHILOPSIS LINEARIS 15G STD,60,TR,15G,
1300-124,185,507,EA,CHILOPSIS LINEARIS 24,185,TR,,
1300-136,490,505,EA,CHILOPSIS LINEARIS 36,490,TR,,
1300-148,860,503,EA,"CHILENSIS LIN. ""LOIS ADAMS"" 48""",860,TR,"48""",
1300-205,16,513,EA,CHILOPSIS LINEARIS 5G,16,TR,5G,
1300-224,190,507,EA,CHILOPSIS LINEARIS STD 24,190,TR,,
1300-236,450,505,EA,"CHILOPSIS LIN. 'ART'S SEEDLESS' 36"" MLT",450,TR,"36""",
13-0024,200,None,EA,TORO TSM-08 8-STATION EXPAN. MODULE,200,L,,
13-0026,22,638.1,EA,TORO TRS WIRED RAIN SENSOR,22,POC,,
13-0028,198,481,EA,TORO TMC-424E-ID-04 INDOOR MODULE CONT.,198,L,,
13-0029,280,481,EA,TORO TMC-424-E-OD-T-RS (16 STA),280,L,,
1300-324,190,507,EA,CHILOPSIS TIMELESS BEAUTY 24,190,TR,,
13-0033,6,None,EA,3 SAN TEE PVC DRAIN,6,L,,
1300-336,490,505,EA,CHILOPSIS TIMELESS BEAUTY 36,490,TR,,
1300-348,1160,503,EA,"CHILOPSIS LINEARIS 48"" LB",1160,TR,"48""",
13-0036,800,490,EA,TORO NETWORK 8000,800,L,,
13-0037,1680,470,EA,TORO TIS-24P-MW INTELLISENSE 24 STA.,1680,L,,
13-0038,306,480,EA,TORO TIS- PED,306,L,,
13-0039,300,481,EA,TORO TIS-612-12-ID,300,L,,
13-0040,250,471,EA,TORO TIS-06-ID 6 STA. INTELLI-SENSE,250,L,,
13-00401,260,471,EA,TORO TIS-06-OD,260,L,,
13-0041,300,471,EA,TORO TIS-12-ID 12 STA. INTELLI-SENSE,300,L,,
13-00411,320,471,EA,TORO TIS-12-OD 12 STA. INTELLISENSE,320,L,,
13-0042,235,471,EA,TORO TIS-9-ID 9 STA INTELL-SENSE,235,L,,
13-0043,70,None,,TORO TIS-ANT,70,L,,
1300-436,490,505,EA,CHILOPSIS LINEARIS 36,490,TR,,
13-0044,11,None,EA,4 SAN TEE PVC DRAIN,11,L,,
1300-448,1160,503,EA,"CHILOPSIS TIMELESS BEAUTY 48"" STD",1160,TR,"48""",
13-0045,70,481,EA,TORO TMC-212-ID INDOOR  4-STATION,70,L,,
13-0046,34.5,None,EA,TORO TSM-04 4-STATION EXPAN. MOD.,34.5,L,,
13-0047,325,471,EA,TORO TIS-06-OD-ETE-612-IY,325,L,,
13-0048,300,471,EA,TORO TIS-12-ID INTELI-SENSE,300,L,,
13-0049,110,999,EA,ETE-612-1Y (1 YR EVERYWHERE SERVICE),110,L,,
13-0050,190,999,EA,ETE-912-3Y (THREE YR. SERVICE),190,L,,
13-0051,655,635.3,EA,TORO LYNX 2-WIRE SMART MODULE,655,L,,
1300-536,450,505,EA,"CHILOPSIS L. 'WARREN JONES' 36"" MLT",450,TR,"36""",
13-0060,4450,636.1,EA,"ORVIL ORG/B-020-LE-S/DC 2"" FILTER ASS'Y",4450,L,"2""",
1300-636,490,505,EA,CHILOPSIS L. HOPE 36,490,TR,,
13-0066,24,None,EA,6 SAN TEE PVC DRAIN,24,L,,
13-0088,153,None,EA,8 SAN TEE PVC DRAIN,153,L,,
13-0309,20.25,402,EA,3 SAN TEE STYRENE,20.25,L,,
13-0409,20.25,402,EA,4 SAN TEE STYRENE,20.25,L,,
13-0698,15,999,EA,HUNTER HY100 FILTER,15,L,,
13-0699,6,None,EA,"HUNTER HY-151 Y FILTER 1.5""",6,L,"5""",
13-0700,0.32,636.4,LF,HUNTER PLD-10-18 DRIPLINE,0.32,L,,
13-0701,120,638.5,EA,HUNTER HDL-04-18500CV (500' roll),120,L,,
13-0702,0.32,636.4,LF,HUNTER PLD-04-18-R PURPLE,0.32,L,,
13-0703,220,638.5,EA,HUNTER HDL-09-12500CV (500' roll),220,L,,
13-0704,220,638.5,EA,HUNTER HDL-09-12500PC (500' roll),220,L,,
13-0705,180,638.5,EA,HUNTER HDL-09-18500-CV (500' roll),180,L,,
13-0706,180,638.5,EA,HUNTER HDL-09-18500-PC (500' roll),180,L,,
13-0707,180,638.5,EA,HUNTER HDL-09-18500-R (500' roll),180,L,,
13-0708,220,638.5,EA,HUNTER HDL-09-12500-R (500' roll),220,L,,
13-0709,220,638.5,EA,HUNTER HDL-06-12500-R (500'),220,L,,
13-0710,220,638.5,EA,HUNTER HDL-06-12500 (500'),220,L,,
13-0711,180,638.5,EA,HUNTER HDL-06-18500 CV-R (500'),180,L,,
13-0712,225,481,EA,HUNTER HPC-400 CONTR.,225,L,,
13-0713,165.6,638.5,EA,HUNTER HDL-06-18500-CV (500'),180,L,,
13-0714,220,638.5,EA,HUNTER HDL-10-12500-CV (500'),220,L,,
13-0715,450,638.6,EA,HUNTER HDL-06-18-CV1000 (1000'),450,L,,
13-0716,220,638.5,EA,HUNTER HDL-09-1250-CV-R (purp stripe),220,L,,
13-1009,600,472,EA,EZ FLO #EZ003-CX 2.5g. FERT. INJ (UP TO 25K SF),600,FERT,5G,
13-1010,0.12,430,EA,CONTROLLER WIRE 7C,0.12,POC,,
13-1011,1,430,LF,PAIGE P7072D-BLUE,0.85,L,,
13-1012,0.85,430,LF,PAIGE P7072D-ORANGE,0.85,L,,
13-1013,0.85,430,LF,PAIGE P7072D-PURPLE,0.85,L,,
13-1014,1650,472,EA,EZ FLO #EZ010-HC (10 GAL) FERT INJ. (over 125K sf),1650,FERT,10G,
13-1015,110,None,EA,"EZ FLO CBV-250 2.5"" BV COUPLING CONNECTION",110,L,"5""",
13-1016,850,472,EA,EZ FLO #EZ005-FX (5G) FERT. INJ. (25K-40K SF),850,FERT,5G,
13-1017,100,None,EA,"EZ FLO CBV-200 2"" BV COUPLING CONNECTION",100,L,"2""",
13-1018,347,472,EA,EZ FLO #EZ001-CX 1.5 GAL. FERT. INJ.,347,FERT,5G,
13-1019,60,None,EA,"EZ FLO CBV-150 1.5"" BV COUPLING CONNECTION",60,L,"5""",
13-1020,0.2,430,EA,#14 UF RED WIRE,0.2,L,,
13-1021,0.92,430,LF,#8 COPPER THHN WIRE WHITE,0.92,L,,
13-1022,0.41,430,LF,#8 COPPER THHN WIRE GREEN,0.41,L,,
13-1023,3168,472,EA,EZ FLO #EZ017-HC (17 GAL.) FERT. INJ.,3168,FERT,17G,
13-1024,5000,472,EA,EZ FLO #EZ017-HC (17 GAL.) FERT. INJ.,5000,FERT,17G,
13-1025,243,None,EA,"EZ FLO CBV-300 3"" BV COUPLING CONNECTION",243,L,"3""",
13-1026,0.2,430,LF,#14 UF PINK WIRE,0.2,L,,
13-1027,80,999,EA,"EZ FLO CBV-125 (1.25"") COUPLING",80,L,"25""",
13-1028,0.65,430,LF,PAIGE P-7070-D COMM. CABLE,0.65,L,,
13-1029,0.8,430,EA,RAINMASTER EV-CAB-COM,0.8,L,,
13-1030,0.76,430,FT,9516-2 STRAND FLOW SENSOR WIRE,0.76,POC,,
13-1031,0.7,430,EA,RAINMASTER EV-CAB-SEN,0.7,L,,
13-1032,0.75,430,LF,FSW-1602 FLOW SENSOR WIRE (IMPERIAL),0.75,POC,,
13-1033,0.07,431,FT,PULL ROPE,0.09,L,,
13-1034,1.3,None,LF,LOW VOLT LIGHT WIRE 10/2,1.3,L,,
13-1035,0.55,430,LF,MAXI 2/C 14 AWG AEF COMM. CABLE N/A,0.55,L,,
13-1036,0.38,None,LF,#12 SOLID THHN HI VOLT. WIRE,0.38,L,,
13-1037,0.85,430,LF,9516-2SP FLOW SENSOR WIRE,0.85,POC,,
13-1038,1.16,430,LF,PAIGE P-7072-D COMM. CABLE,1.16,L,,
13-1039,1.16,430,EA,PAIGE P-7171-D COMM WIRE,1.16,L,,
13-1040,0.23,430,FT,#14 UF WHITE WIRE,0.2,L,,
13-1041,0.85,430,LF,PAIGE P-7354-D TWO WIRE PATH,0.85,L,,
13-1042,1,430,LF,PAIGE P-7162D SENSOR CABLE,1.2,L,,
13-1043,2.22,430,LF,PAIGE P-7315D COMM. CABLE,2.22,L,,
13-1044,0.85,430,LF,PAIGE P-7125-REV2 (180054) TELE SER. CABLE,0.85,L,,
13-1045,0.19,430,LF,PAIGE P-7001-D WIRE,0.19,L,,
13-1046,0.45,430,LF,PAIGE P-7296-D 14/2 DIRECT BURIAL WIRE,0.6,L,,
13-1047,0.45,None,LF,LOW VOLT LIGHTING WIRE 14/2,0.45,L,,
13-1048,115,637.4,EA,PAIGE 270DCFD3  DECODER CABLE FUSE DEVICE,115,L,,
13-1049,0.4,430,LF,#10 THHN WIRE,0.4,L,,
13-1050,0.2,430,EA,#14 UF ORANGE WIRE,0.2,L,,
13-1051,30,None,EA,EZ-FLO CBV-100,30,L,,
13-1052,0.19,430,LF,PAIGE P-7001-D WIRE BLACK #14,0.19,L,,
13-1053,0.19,430,LF,PAIGE P-7001-D WIRE WHITE #14,0.19,L,,
13-1054,0.19,430,LF,PAIGE P-7001-D WIRE ORANGE #14,0.19,L,,
13-1055,0.36,430,LF,PAIGE P-7001-D WIRE BLACK #12,0.36,L,,
13-1056,0.36,430,LF,PAIGE P-7001-D WIRE WHITE #12,0.36,L,,
13-1057,0.36,430,LF,PAIGE P-7001-D WIRE ORANGE #12,0.36,L,,
13-1058,60,None,EA,EZ-FLO CRITTER MAXX CASTER OIL 1 GAL,60,FERT,1G,
13-1059,0.85,430,LF,PAIGE P-7254-D WIRE,0.85,L,,
13-1060,0.2,430,FT,#14 UF YELLOW WIRE,0.2,L,,
13-1061,1.1,430,LF,PAIGE PE-39,1.1,L,,
13-1062,1.16,430,LF,PAIGE P-7183D WIRE,1.16,L,,
13-1063,700,472,EA,EZ FLO EZ-KIT-3 FERT INJ.,700,FERT,,
13-1064,1100,472,EA,EZ FLO EZKIT-5,1100,L,,
13-1065,600,472,EA,EZ FLO EZKIT-1,600,L,,
13-1070,0.2,430,EA,#14 UF PURPLE WIRE,0.2,L,,
13-1071,0.2,430,LF,#14 UF WHITE WIRE W/ ORANGE STRIPE,0.2,L,,
13-1072,0.2,430,LF,#14 UF WHITE WIRE W/ BLUE STRIPE,0.2,L,,
13-1073,0.2,430,LF,#14 UF BLUE WIRE  W/ WHITE STRIPE,0.2,L,,
13-1074,0.23,430,LF,#14 UF BLACK WIRE W/ WHITE STRIPE,0.2,L,,
13-1075,0.2,430,FT,#14 UF RED WIRE W/ WHITE STRIPE,0.2,L,,
13-1076,0.2,430,LF,#14 UF WHITE WIRE  W/ STRIPE (TO MATCH PILOT),0.2,L,,
13-1077,0.2,430,LF,#14 UF WHITE WIRE W/ PURPLE STRIPE,0.2,L,,
13-1078,0.2,430,LF,#14 UF RED WIRE W/ BLACK STRIPE,0.2,L,,
13-1079,0.23,430,LF,#14 UF BLACK WIRE W/ RED STRIPE,0.2,L,,
13-1080,0.2,430,EA,#14 UF GREEN WIRE,0.2,L,,
13-1081,0.2,430,LF,#14 UF WHITE WIRE W/ BLACK STRIPE,0.2,L,,
13-1082,0.2,430,LF,#14 UF WHITE WIRE W/ RED STRIPE,0.2,L,,
13-1083,341,380,EA,"MATCO 3"" 100S C.I. GATE TH GATE W/ 2"" NUT",341,M,"3""",
13-1084,3970,472,EA,EZ FLO #EZ025-CX 25 GAL. FERT. INJ.,3970,FERT,25G,
13-1085,2700,472,EA,EZ FLO #EZ010-FX (10 GAL.) FERT INJ. (40K-125K SF),2700,FERT,10G,
13-1086,110,999,EA,EZ-FLO FERTI-MAXX STARTER-25,110,FERT,,
13-1090,0.2,430,EA,#14 UF BROWN WIRE,0.2,L,,
13-1091,0.85,430,LF,PAIGE P7072D-RED,0.85,L,,
13-1092,0.85,430,LF,PAIGE P7072D-WHITE,0.85,L,,
13-1093,0.85,430,LF,PAIGE P7072D-BLACK,0.85,L,,
13-1094,0.85,430,LF,PAIGE P7072D-YELLOW,0.85,L,,
13-1095,0.8,430,LF,PAIGE 70001 BLUE-YELLOW,0.8,L,,
13-1100,0.23,430,FT,#14 UF BLACK WIRE,0.2,L,,
13-1120,0.335,430,EA,#12 UF RED WIRE,0.28,L,,
13-1129,0.2,430,FT,#14 UF BLUE WIRE,0.2,L,,
13-1140,0.35,430,EA,#12 UF BLACK WIRE,0.28,L,,
13-1145,0.35,430,FT,#12 UF ORANGE WIRE,0.28,L,,
13-1150,0.35,430,FT,#12 UF PURPLE WIRE,0.28,L,,
13-1155,0.35,None,,#12 UF GREEN WIRE,0.28,L,,
13-1160,0.21,430,EA,#12 UF WHITE WIRE,0.3,L,,
13-1161,0.5,430,FT,#10  UF WHITE WIRE,0.5,L,,
13-1162,0.5,430,FT,#10  UF RED WIRE,0.5,L,,
13-1163,0.5,430,FT,#10  UF BLUE WIRE,0.5,L,,
13-1164,0.37,430,FT,#8 COPPER THHN WIRE BLACK,0.37,L,,
13-1165,0.19,430,FT,#8 THHN COPPER CONDUCTORS,0.19,L,,
13-1166,0.5,430,FT,#10 UF GREEN WIRE,0.5,L,,
13-1167,0.3,430,LF,#12 UF WHITE W/ MATCHING CONTROL COLOR STRIPE,0.3,GCC,,
13-1168,0.85,430,LF,TUCOR TW-14/2 GREEN DECODER WIRE,0.85,L,,
13-1169,0.85,430,LF,TUCOR TW-14/2 ORANGE DECODER WIRE,0.85,L,,
13-1170,0.09,430,LF,18-5 WIRE USE 18-7 WIRE,0.09,L,,
13-1171,0.11,430,LF,18-6 WIRE USE 18-7 WIRE,0.11,L,,
13-1172,0.75,430,LF,18-7 WIRE FOR 6 STATION CONTROLLERS,0.63,L,,
13-1174,0.7,430,LF,18-9 WIRE FOR 8 STATION CONTROLLERS,0.7,L,,
13-1175,0.76,430,LF,TUCOR TW-14/2 RED DECODER WIRE,0.76,L,,
13-1176,0.76,430,LF,TUCOR TW-14/2 PURPLE DECODER WIRE.,0.76,L,,
13-1177,0.85,430,LF,18-13 WIRE FOR 12 ST. CONT.,0.85,L,,
13-1178,1.2,None,LF,LOW VOLT LIGHT WIRE 8/2,1.2,L,,
13-1179,0.9,430,LF,#6 COPPER THHN WIRE RED (110V),0.9,L,,
13-1180,716,290,EA,"FEBCO 825 Y 1""  BACKFLOW (don't use)",716,POC,"1""",
13-1181,0.74,430,LF,HUNTER ID WIRE1-BLU,0.8,L,,
13-1182,30.13,639.7,EA,"HUNTER RZWS-18""-25-CV",46,L,"18""",
13-1183,7,402.3,EA,HUNTER AFV-B FLUSH VALVE,7,L,,
13-1184,0.35,636.4,LF,HUNTER PLD-R-10-24 DRIP TUBING,0.35,L,,
13-1185,0.32,636.4,LF,HUNTER PLD-04-18 EMITTER LINE,0.32,L,,
13-1186,28,639.7,EA,"HUNTER RZWS-10""-25-CV",28,L,"10""",
13-1187,0.32,636.4,LF,HUNTER PLD-06-18 EMITTER LINE,0.32,L,,
13-1188,0.32,636.4,LF,HUNTER PLD-06-12 EMITTER LINE,0.32,L,,
13-1189,4.9,402.3,EA,HUNTER PLD-AVR AIR RELIEF,6.8,L,,
13-1190,0.4,None,EA,"HUNTER PLD 075 3/4"" BARB ADAPTER",0.4,L,"4""",
13-1191,42.78,639.7,EA,"HUNTER RZWS-18""-25-CV-R",46,L,"18""",
13-1192,0.32,636.4,LF,HUNTER PLD-06-18-R (PURPLE),0.32,L,,
13-1193,0.32,636.4,LF,HUNTER PLD-06-12 R (PURPLE),0.32,L,,
13-1194,51,639.7,EA,HUNTER RZWS-36-25-CV-R,51,L,,
13-1195,1430,637.6,RL,HUNTER ECO-MAT 2.67'w x 295' DRIP MAT,1430,L,,
13-1196,250,636.7,RL,HUNTER PLD-ESD 250' DRIP (see EcoWrap),250,L,,
13-1197,0.45,None,EA,"HUNTER PLD 050 1/2"" BARB ADAPTER",0.45,L,"2""",
13-1198,0.35,None,EA,"HUNTER PLD BARB FITTING (TEE,ELL,COUP)",0.35,L,,
13-1199,0.8,None,EA,HUNTER PLD-075-TBTEE,0.8,L,,
13-1200,1362,280,EA,"FEBCO 825 Y  1.25""  BACKFLOW",1362,POC,"25""",
13-1201,1065,292,EA,FEBCO 825Y LF 3/4,1065,POC,LF,
13-1202,1120,291,EA,FEBCO 825 Y LF 1,1120,POC,LF,
13-1203,1890,280,EA,FEBCO 825 Y LF 1.25,1890,POC,LF,
13-1204,1965,270,EA,FEBCO 825 Y LF 1.5,1965,POC,LF,
13-1205,2185,260,EA,FEBCO 825 Y LF 2,2185,POC,LF,
13-1206,1425,292,EA,FEBCO 825 YA LF 3/4,1425,POC,LF,
13-1207,1350,290,EA,FEBCO 825 YA LF 1,1440,POC,LF,
13-1208,2300,270,EA,FEBCO 825 YA LF 1.5,2450,POC,LF,
13-1209,2850,260,EA,FEBCO 825 YA LF 2,2850,POC,LF,
13-1210,140,292,EA,"FEBCO 850LF-075 3/4""",140,POC,"4""",
13-1211,1,636.4,LF,HUNTER ECO-WRAP-06-18 250' DRIP TUBING,1,L,,
13-1212,1300,None,EA,12 SAN TEE PVC DRAIN,1300,L,,
13-1213,870,290,EA,"FEBCO 825-YA-QT-S 1"" LEAD FREE BF",870,POC,"1""",
13-1220,547,270,EA,"FEBCO 825 Y 1.5""  BACKFLOW (don't use)",547,POC,"5""",
13-1221,475,270,EA,"FEBCO 860-U- 2""  BF",475,POC,"2""",
13-1240,1319,260,EA,"FEBCO 825 Y 2""  BACKFLOW (don't use)",1319,POC,"2""",
13-1250,824,292,EA,"FEBCO 825 YA 3/4""  BACKFLOW (don't use)",824,POC,"4""",
13-1251,693,292,EA,FEBCO 825Y 3/4 BACKFLOW (don't use),693,POC,,
13-1260,877,291,EA,"FEBCO 825 YA 1""  BACKFLOW (don't use)",877,POC,"1""",
13-1261,0,280,EA,"FEBCO 825 YA 1.25""   (not made)",0,POC,"25""",
13-1267,11,559,FT,EPIC STEEL EDGE BBA-16BA BLK 3/16 X 5,11,HDR,,
13-1280,1584,270,EA,"FEBCO 825 YA  1.5""  BACKFLOW (don't use)",1584,POC,"5""",
13-1300,1699,261,EA,"FEBCO 825 YA 2"" BACKFLOW (don't use)",1699,POC,"2""",
13-1304,880,290,EA,"FEBCO 850 1.5"" BF",880,POC,"5""",
13-1305,2970,259,EA,"FEBCO 825YD  2.5"" - NRS",2970,POC,"5""",
13-1306,1660,261,EA,"FEBCO LF850 2"" BF",540,POC,"2""",
13-1309,20.25,402,EA,3 SAN TEE ABS,20.25,L,,
13-1310,1960,259,EA,"FEBCO 880 MASTER BF  2.5"".",1960,POC,"5""",
13-1311,530,None,EA,"FEBCO 611 VALVE SETTER  2.5""",530,POC,"5""",
13-1312,45,402,EA,"FEBCO 623BS-100 BR. BV 1""",45,POC,"1""",
13-1313,63,402,EA,"FEBCO 623-BS 1 1/4"" BALL VALVE",63,POC,"4""",
13-1320,3800,None,EA,"FEBCO 860  6"" W/NRS GV",3800,POC,"6""",
13-1331,190,380,EA,"TORO P220S-26-06 1.5"" SCRUBBER",190,CV,"5""",
13-1334,120,638.5,EA,HUNTER HDL-04-24-500-PC (500' roll),120,L,,
13-1340,700,None,EA,"FEBCO 758, 6"" STRAINER",700,POC,"6""",
13-1360,500,320,EA,"FEBCO 765  1.25""",500,POC,"25""",
13-1361,87,330,EA,"FEBCO 765-BV 1"" PVB",87,POC,"1""",
13-1362,190,330,EA,"FEBCO 765 1/2"" PVB",190,POC,"2""",
13-1380,870,310,EA,"FEBCO 765  1.5""",870,POC,"5""",
13-1397,240,270,EA,"FEBCO LF650A-1.5"" Y-STRAINER",240,POC,"5""",
13-1398,100,290,EA,"FEBCO LF650A Y-STRAINER 1""",100,POC,"1""",
13-1399,95,395,EA,"FEBCO 710-E SERIES VAC. BRKR. 1""",95,POC,"1""",
13-1400,566,300,EA,"FEBCO 765  2""",566,POC,"2""",
131-4009,5590,490,EA,CA5-IRI-24/MVR/LPP/FS-200 PAINTED,5590,POC,,
13-1401,3546,259.1,EA,"FEBCO 825 YD/RW  3""",3546,POC,"3""",
131-4010,5090,490,EA,CA5-IRI-6t/MVR/LPP/FS-200 PAINTED,5090,POC,,
13-1402,3546,999,EA,"FEBCO 880V-300 NRS 3""",3546,POC,"3""",
13-1403,4010,259.1,EA,"FEBCO 825YD-4""  W/NRS GV",4010,POC,"4""",
13-1404,253,381,EA,"WILKINS 600 HR 1""",253,POC,"1""",
13-1405,3000,472,EA,FERTILIZER INJECTOR #1 LARGE,3000,FERT,,
13-1406,241,635,EA,"FEBCO 650 2"" Y-STRAINER",241,POC,"2""",
13-1407,245,638,EA,"FEBCO 758  Y-STRAINER 3""",245,POC,"3""",
13-1408,42,400,EA,"WATTS FBV-1 BV 1"" BRASS BV",42,POC,"1""",
13-1409,20.25,402,EA,4 SAN TEE ABS,20.25,M,,
13-1410,140,400,EA,"WATTS FBV-1  2.5"" BV",140,POC,"5""",
13-1411,76,290,EA,"FEBCO 650 Y-STRAINER 1""",76,POC,"1""",
13-1412,4020,None,EA,"FEBCO 825 YD/RW 4""",4020,POC,"4""",
13-1413,130,391.1,EA,"FEBCO 710F 1.25"" VB",130,POC,"25""",
13-1414,800,472,EA,"FERTILIZER INJECTOR #2, SMALL",800,FERT,,
13-1415,140,380.2,EA,"FEBCO 650 Y-STRAINER 1.5""",140,POC,"5""",
13-1416,215,292,EA,"FEBCO 880U 3/4"" RP BACKFLOW",215,POC,"4""",
13-1417,443,291,EA,"FEBCO 860U 1"" BACKFLOW",443,POC,"1""",
13-1418,95,395,EA,"FEBCO 710A, 1"" VACUUM BREAKER",95,POC,"1""",
13-1419,410,270,EA,"FEBCO 860-U 1.25"" BACKFLOW",410,POC,"25""",
13-1420,60,None,EA,"WILKINS SXL-075 Y-STRAINER  3/4""",60,POC,"4""",
13-1421,1800,381,EA,"WILKINS 510 PRV 2""",1800,POC,"2""",
13-1422,1600,380,EA,"WILKINS 600 XL-HLR 2"" PR",1600,POC,"2""",
13-1423,770,382,EA,"WILKINS 600 HR 2""",770,POC,"2""",
13-1424,462,382,EA,"WILKINS 600 HR 2.5""",462,POC,"5""",
13-1425,2000,381,EA,"WILKINS 500 HLR 2""",2000,POC,"2""",
13-1426,174,290,EA,"FEBCO 850Y-100 1"" BF",174,POC,"1""",
13-1427,776,270,EA,"FEBCO 860-U 1.50"" BACKFLOW",776,POC,"50""",
13-1428,555,None,ea,"FEBCO 3"" 611 VALVE SETTER",555,POC,"3""",
13-1429,250,None,EA,"SPOOL CAST IRON 3"" X 36""",250,M,"3""",
13-1430,192,400,EA,"WATTS FBV-1 BV 2""",192,POC,"2""",
13-1431,72,400,EA,"WATTS FBV-1 BV 1 1/4"" BRASS BV",72,POC,"4""",
13-1432,112,400,EA,"WATTS FBV-3    2""",112,POC,"2""",
13-1433,278,400,EA,"WATTS FBV-3   2.5""",278,POC,"5""",
13-1434,5127,381,EA,"WILKINS 510 PRV 2.5""",5127,POC,"5""",
13-1435,300,None,EA,"SPOOL STEEL FLGD. 2"" x 24"" W/1"" TAP",300,M,"2""",
13-1436,35,400,EA,"WATTS FBV-1  1.5"" BV",35,POC,"5""",
13-1437,2000,380,EA,"WILKINS 500 HR 2"" PRV",2000,POC,"2""",
13-1438,286,380,EA,"WATTS FBV-4   2.5""",286,POC,"5""",
13-1439,160,None,EA,"WILKINS YBP BR. Y STR. 3/4""",120,POC,"4""",
13-1440,200,None,EA,"WILKINS YBP BR. Y STRAINER 1""",100,POC,"1""",
13-1441,10900,382.2,EA,"WILKINS 500 XL3FHR 3""",10900,POC,"3""",
13-1442,5000,380,EA,"WILKINS 500 XL-HLR 3"" (non-flgd)",5000,POC,"3""",
13-1443,70,395,EA,"FEBCO 715 3/4"" VB",70,POC,"4""",
13-1444,95,395,EA,"FEBCO 710E 1"" V.B.",95,POC,"1""",
13-1445,201,None,EA,"CAST IRON FLANGED 90 ELL 3""",201,M,"3""",
13-1446,183,635.2,EA,"WILKINS YBXL-60 1""",183,POC,"1""",
13-1447,5127,381,ea,"WILKINS 510XL-250 PRV 2.5""",5127,POC,"5""",
13-1448,45,None,EA,"CAST IRON 90 ELL 4""",45,M,"4""",
13-1449,250,None,EA,"CAST IRON FLANGED SPOOL 2"" X 36""",250,M,"2""",
13-1450,52,None,EA,"CAST IRON FLANGED 90 ELL 2""",52,M,"2""",
13-1451,350,999,EA,"FEBCO LF650A Y-STRAINER 2""",241,POC,"2""",
13-1452,,,,WILKINS 3-500-XL3FHR,,,,
13-1460,130,None,EA,"WILKINS SXL-125  Y-STRAINER 1.25""",130,POC,"25""",
13-1461,72,None,EA,"WATTS 777S 1.25""  BRASS WYE STRAINER",72,POC,"25""",
13-1462,380,999,EA,"WATTS 777 1.5"" BRASS WYE STRAINER",270,POC,"5""",
13-1463,433,381,EA,"WILKINS 600-XL-HLR-100 1""",433,POC,"1""",
13-1464,224,380,EA,"WILKINS 777 Y-STRAINER 1.5""",224,POC,"5""",
13-1465,2010,380,EA,"WILKINS 500HR 1.5""",1815,POC,"5""",
13-1470,15000,472,,FERTIBOOST #FB1-3-26/FC-150,15000,FERT,,
13-1480,240,None,EA,"WILKINS SXL-150 Y-STRAINER 1.5"" L.F.",165,POC,"5""",
13-1481,405,None,EA,"WILKINS SXL-250  Y-STRAINER 2.5""",405,POC,"5""",
13-1482,915,381,EA,WILKINS 500XL-HLR  1,915,POC,,
13-1483,525,381,EA,"WILKINS 500XL-HLR-SC 1"" PRV",525,POC,"1""",
13-1487,751,381,EA,"WILKINS 500 HLR 1.25""",751,POC,"25""",
13-1488,1800,380,EA,"WILKINS 500 HLR 1.5""",1800,POC,"5""",
13-1500,250,None,EA,"WILKINS SXL-200 Y-STRAINER 2""-LF",250,POC,"2""",
13-1501,446,270.1,EA,"WILKINS 575 AUSB 2"" BF",446,POC,"2""",
13-1505,700,None,EA,"WILKINS YBP WYE 2.5""",440,POC,"5""",
13-1506,1000,None,EA,"WILKINS YBP BR. Y STRAINER 3""",770,POC,"3""",
13-1507,600,None,EA,"WILKINS YBXL-60 "" Y"" STRAINER  2""",600,POC,"60""",
13-1508,756,290,EA,"WILKINS 975XLS 1"" BACKFLOW",756,POC,"1""",
13-1509,1641,270,EA,"WILKINS 975XLS 1.5"" BACKFLOW",1641,POC,"5""",
13-1510,1773,261,EA,"WILKINS 975XLS 2"" BACKFLOW",1773,POC,"2""",
13-1511,417,None,EA,"WILKINS YBXL-60 "" Y"" STRAINER  1.5""",417,POC,"60""",
13-1512,500,999,,"WILKINS YBP WYE 2""",350,POC,"2""",
13-1517,823,None,EA,"WILKINS SXL-300 Y-STRAINER 3""",823,POC,"3""",
13-1520,305,381,EA,"WILKINS 500 3/4""",305,POC,"4""",
13-1540,550,381,EA,"WILKINS 500XL 1""",550,POC,"1""",
13-1560,575,381,EA,"WILKINS 500 1.25""",575,POC,"25""",
13-1570,505,381,EA,"WILKINS 510 PRV 1""",505,POC,"1""",
13-1571,331,381,EA,"WILKINS #510 3/4"" PRV",331,POC,"4""",
13-1575,962,381,EA,"WILKINS 500  1.5""",962,POC,"5""",
13-1576,1100,381,EA,"WILKINS 500 2""",1100,POC,"2""",
13-1577,2250,381,EA,"WILKINS 500 2 1/2""",2250,POC,"2""",
13-1578,2600,381,EA,"WILKINS 500 3""",2600,POC,"3""",
13-1580,1530,381,EA,"WILKINS 500  1.5""",1530,POC,"5""",
13-1581,940,292,EA,"WILKINS 975 XLVS 3/4""",940,POC,"4""",
13-1582,2377,381,EA,"WILKINS 500 HLR 2 1/2""",2377,POC,"2""",
13-1583,5511,381,EA,"WILKINS 510 PRV 3""",5511,POC,"3""",
13-1584,835,381,EA,"WILKINS 510  PRV 1.25""",835,POC,"25""",
13-1585,1162,381,EA,"WILKINS 510 PRV 1.5""",1162,POC,"5""",
13-1586,4,630,EA,"WILKINS 940 GRATE 4""",4,POC,"4""",
13-1587,22,381,EA,"WILKINS P-1000A PR RELIEF 3/4""",22,POC,"4""",
13-1588,624,292,EA,"WILKINS 975 3/4""",624,POC,"4""",
13-1589,0,292,EA,WILKINS 575 3/4 (USE WILKINS 975),0,POC,,
13-1590,0,259.1,EA,"WILKINS 575 3""(USE WILKINS 975)",0,POC,"3""",
13-1591,1773,260,EA,"WILKINS 975 2""",1773,POC,"2""",
13-1592,659,290,EA,"WILKINS 975 1""",659,POC,"1""",
13-1593,1269,280,EA,"WILKINS 975 1 1/4""",1269,POC,"4""",
13-1594,1310,270,EA,"WILKINS 975 1.5""",1310,POC,"5""",
13-1595,886,259,EA,"WILKINS 975 2 1/2""",886,POC,"2""",
13-1596,1102,259.1,EA,"WILKINS 975 3""",1102,POC,"3""",
13-1597,330,380,EA,"WILKINS 500 YSBR 1""",330,POC,"1""",
13-1598,1404,260,EA,"WILKINS 975 XL 2""",1404,POC,"2""",
13-15981,1773,260,EA,"WILKINS 975 XLS  2""",1773,POC,"2""",
13-1599,1310,270,EA,"WILKINS 975 XL 1 1/2""",1310,POC,"2""",
13-1600,1760,270,EA,"WILKINS 975 XLV-SR-1.5""",1760,POC,"5""",
13-1601,66,381,EA,"WILKINS 92 PR. REG. 1""",66,POC,"1""",
13-1602,659,290,EA,"WILKINS 975 XL 1""",659,POC,"1""",
13-1603,23,None,EA,"3"" COMPANION FLANG CI",23,POC,"3""",
13-1604,12,None,EA,"N.B.G. SET 3""",12,POC,"3""",
13-1605,227,381,EA,"WILKINS 70-100  1"" PRV",227,POC,"1""",
13-1606,860,290,,"WILKINS 975 XL-SEU 1""",860,POC,"1""",
13-1607,4000,400,EA,"WILKINS 500 FC-300 3"" FLGD",4000,POC,"3""",
13-1608,31,999,EA,OMNI-100 REGULATOR,31,POC,,
13-1609,2342,400,EA,"WILKINS 500 FC-250 2 1/2"" FLGD",2342,POC,"2""",
13-1610,66,397,EA,"WILKINS TP3000-5C 1""",66,POC,"1""",
13-1611,0,270,EA,WILKINS 575 1.5 (USE WILKINS 975),0,POC,,
13-1612,440,381,EA,"WILKINS 600-200 PRV 2""",440,POC,"2""",
13-1613,0,290,EA,"WILKINS 575 1"" (USE WILKINS 975)",0,POC,"1""",
13-1614,76,None,EA,"WILKINS 415 CK VLV 2""",76,POC,"2""",
13-1615,200,381,EA,"WILKINS 70-075 PRV 3/4""",200,POC,"4""",
13-1616,250,None,EA,"WILKINS SXL-200  Y-STRAINER 2""",250,POC,"2""",
13-1617,43,None,EA,"WILKINS 415 CH VLV 1 1/4""",43,POC,"4""",
13-1618,17,None,EA,"WILKINS 415 CH VLV 3/4""",17,POC,"4""",
13-1619,534,381,EA,"WILKINS 70DU-200 PRV 2""",534,POC,"2""",
13-1620,250,380,EA,"MATCO BRASS BALL VALVE 4""",250,POC,"4""",
13-1621,334,381,EA,"WILKINS 600-XL  1""",334,POC,"1""",
13-1622,273,381,EA,"WILKINS 600   3/4""",273,POC,"4""",
13-1623,66,381,EA,"WILKINS BR4 PRV 1"" (DISC. SEE NR3)",66,POC,"1""",
13-1624,44,381,EA,"WILKINS BR4  PRV 3/4"" (DISC. SEE NR3)",44,POC,"4""",
13-1625,764,381,EA,"WILKINS 600 HR 1 1/2""",764,POC,"2""",
13-1626,407,381,EA,"WILKINS 600 HR 1 1/4""",407,POC,"4""",
13-1627,550,380,EA,"WILKINS NR3-DU 1.25"" PRV",550,POC,"25""",
13-1628,20,639.2,EA,"N.B.G. KIT STAINLESS  2.5""",20,POC,"5""",
13-1629,300,380,EA,WILKINS NR3-DU PRV 1,300,POC,,
13-1630,250,381,EA,WILKINS NR3-DU PRV  3/4,250,POC,,
13-1631,1060,270,EA,"WILKINS 975 XLVS 1 1/2""",1060,POC,"2""",
13-1632,1062,380,EA,"WILKINS 600 1 1/2""",1062,POC,"2""",
13-1633,90,None,EA,"WILKINS S TYPE Y STRAINER 1.5""",90,POC,"5""",
13-1634,300,380,EA,WILKINS NR3-XL-DU PRV 1,300,POC,,
13-1635,190,330,EA,"WILKINS 720A PVB 1""",190,POC,"1""",
13-1636,1100,260,EA,"WILKINS 950XL-200,  2"", LEAD FREE",1100,POC,"2""",
13-1637,360,290,EA,"WILKINS 950XL-100 1"", LEAD FREE",360,POC,"1""",
13-1638,,,,"WILKINS 500XL3 PRV FLGD 3""",,,,
13-1639,1310,380.2,,"WILKINS NR3XL 2"" PRV",1310,POC,"2""",
13-1694,1200,380,EA,"WILKINS 500XL-HLR 1.25""",1200,POC,"25""",
13-1695,768.75,380,EA,"WILKINS 500XLHLR  2""",2170,POC,"2""",
13-1696,1930,380,EA,"WILKINS 500XL-HLR 1.5""",1930,POC,"5""",
13-1697,1200,381,EA,"WILKINS 500 HR PRV 1.25""",1200,POC,"25""",
13-1698,1700,260,EA,"WATTS 009-PCQT  2""",1069,POC,"2""",
13-1699,3040,381,EA,"WILKINS 500-300  HR 3""",3040,POC,"3""",
13-1700,198,381,EA,"WATTS Y-STRAINER #777 1 1/2""",198,POC,"2""",
13-1701,1260,380,EA,"WATTS 113-12A 4""",1260,POC,"4""",
13-1702,540,380,EA,"WATTS 113-12A 3""",540,POC,"3""",
13-1703,1977,260,EA,"WATTS 009-SQT RP BF 2""",1977,POC,"2""",
13-1704,420,291,EA,"WATTS U-909-S 1"" R.P.",420,POC,"1""",
13-1705,205,None,EA,WATTS LF777 Y-STRAINER 1,205,POC,,
13-1706,1305,999,EA,"WATTS RPZ 909-U PC QT 4"" BACKFLOW",1305,POC,"4""",
13-1707,1000,380,EA,"WATTS ACV-M813-PG 2"" PRPL GRD",1000,POC,"2""",
13-1708,1170,270,EA,"WATTS 009-PCQT 1.5""",1170,POC,"5""",
13-1709,55,999,EA,"WATTS 777S Y-STRAINER 1 1/4""",55,POC,"4""",
13-1710,785,635.1,EA,WATTS CO-302-MF,785,POC,,
13-1711,500,381,EA,"WATTS 25 AUB-Z3 1"" PRV",300,POC,"1""",
13-1720,124,400,EA,"WILKINS 801 BALL VALVE 3""",124,POC,"3""",
13-1721,28,400,EA,"WILKINS 801 BALL VALVE 2""",28,POC,"2""",
13-17211,343,381,EA,"WILKINS 90 PRV 1""",343,POC,"1""",
13-1722,198,400,EA,"WILKINS 850T BALL VALVE 2""",198,POC,"2""",
13-1723,125,400,EA,"WILKINS 850T BALL VALVE 1""",125,POC,"1""",
13-1724,450,381,EA,"WILKINS #70 DU PRV 1.5""",450,POC,"5""",
13-1725,260,381,EA,"WILKINS #70 DU PRV 1.25""",260,POC,"25""",
13-1726,200,381,EA,"WILKINS #70 PRV  1""",200,POC,"1""",
13-1727,186,381,EA,"WILKINS 90 PRV 3/4""",186,POC,"4""",
13-1728,935,400,EA,"WILKINS 850T BALL VALVE 2 1/2""",935,POC,"2""",
13-1729,490,381,EA,"WILKINS 500 HLR 1""",490,POC,"1""",
13-1730,73,400,EA,"WILKINS 850T 1 1/4"" BALL VALVE",73,POC,"4""",
13-1731,105,402,EA,"WILKINS 850T 1 1/2"" BALL VALVE",105,POC,"2""",
13-1732,250,381,EA,"WILKINS #70 PRV 1 1/4""",250,POC,"4""",
13-1733,100,400,EA,"WILKINS 850 XL-3/4"" B.V.",100,POC,"4""",
13-1734,,,,"WILKINS 850-XLSB 1"" BV",,,,
13-1740,777,292,EA,WILKINS 975XL2-075 LEAD FREE,777,POC,,
13-1741,820,290,EA,WILKINS 975XL2-100 LEAD FREE,820,POC,,
13-1742,1513,280,EA,WILKINS 975XL2-125 LEAD FREE,1513,POC,,
13-1743,1814,270,EA,WILKINS 975XLS2-150 LEAD FREE,1814,POC,,
13-1744,2220,260,EA,WILKINS 975XL2-200 LEAD FREE,2220,POC,,
13-1745,824,292,EA,WILKINS 975XL2SEU-075 LEAD FREE,824,POC,,
13-1746,1364,290,EA,WILKINS 975XL2SEU-100 LEAD FREE,1364,POC,,
13-1747,1700,280,,WILKINS 975XL2SEU-125 LEAD FREE,1700,POC,,
13-1748,1919,270,EA,WILKINS 975XL2-SEU-150 LEAD FREE,1919,POC,,
13-1749,2100,260,EA,WILKINS 975XL2-SEU 200 LEAD FREE,2100,POC,,
13-1750,11.5,390,EA,"WILKINS 3/4"" AVB #30 SERIES",11.5,POC,"4""",
13-1751,550,635,EA,"WILKINS 510 PRV  1.25""",550,POC,"25""",
13-1752,1650,400,EA,"WILKINS 850 FLNGD 3"" BALL VALVE",1650,POC,"3""",
13-1753,1269,280,EA,"WILKINS 975 XL 1 1/4""",1269,POC,"4""",
13-1754,726,400,EA,"WILKINS 850 FLNGD 4"" BALL VALVE",726,POC,"4""",
13-1755,277,398,,"WILKINS #35 AVB 1 1/4""",277,POC,"4""",
13-1756,149,395,EA,"WILKINS #35 AVB 1""",149,POC,"1""",
13-1757,81,390,EA,"WILKINS #35 AVB 3/4""",81,POC,"4""",
13-1758,85,999,EA,"WILKINS SXL-100  Y-STRAINER 1""",85,POC,"1""",
13-1759,475,290,EA,"WILKINS 375 XLSE-100 1"" BF",475,POC,"1""",
13-1760,450,292,,"WILKINS 375 XLSE-075 3/4"" BF",450,POC,"4""",
13-1761,1320,261,EA,WILKINS 375XL-200 BACKFLOW,1320,POC,,
13-1762,1300,270,EA,WILKINS 375XL-150 backflow,1300,POC,,
13-1811,41,380.2,EA,"WILKINS #90 PR. REG. 1""",41,POC,"1""",
13-1812,291.5,380,EA,"WILKINS #90G PRESS. REG. 1 1/2""",291.5,POC,"2""",
13-1813,410,381,EA,"WILKINS 500 XL 3/4""",410,POC,"4""",
13-1814,350,381,EA,WILKINS 70XL PRV 1,350,POC,,
13-1815,500,381,EA,"WILKINS 500XL-100 1"" PRV",500,POC,"1""",
13-1816,2020,380,EA,"WILKINS 500-XL-HR 2""",2020,POC,"2""",
13-1817,1211,380,EA,"WILKINS 600-XL-HLR 1.5""",1211,POC,"5""",
13-1818,2250,380,EA,"WILKINS 510XL PRV 2""",2250,POC,"2""",
13-1819,153,381,EA,"WILKINS 70XL PRV 1-1/2""",153,POC,"2""",
13-1820,950,999,EA,"WILKINS 500XLYSBR 1.5""",950,POC,"5""",
13-1821,1800,380.2,EA,"WILKINS 500XLYSBR 2"" (prv & wye)",1800,POC,"2""",
13-1822,1150,381,EA,"WILKINS 600-XL-HLR-125 1.25""",1150,POC,"25""",
13-2000,100,380,EA,"WEATHERMATIC 7000 1.25""",100,CV,"25""",
13-2001,170,380,EA,"WEATHERMATIC 7000 1""",170,CV,"1""",
13-2002,150,380,EA,"WEATHERMATIC 11000 1""",150,CV,"1""",
13-2003,150,380,EA,"WEATHERMATIC 8000 1""",150,CV,"1""",
13-2004,220,380,EA,"WEATHERMATIC 7000 - 1.5""",220,CV,"5""",
13-2005,93,470,EA,WEATHERMATIC SL1600 4 STA BASE CONT,93,L,,
13-2006,35,None,EA,WEATHERMATIC 4 STA MODULE,35,L,,
13-2008,60,380,EA,"WEATHERMATIC 21024E-10-H 1"" Blow Angleck Bullet",60,CV,"1""",
13-2009,250,380,EA,"WEATHERMATIC BB-DW-10-1""",250,CV,"1""",
13-2010,9.75,180,LF,"ML 4"" CLASS 315 PVC",9.75,M,"4""",
13-2020,4.1,170,LF,"ML 3"" CLASS 315 PVC",5.8,M,"3""",
13-2030,2.75,162,LF,"ML 2.5"" CLASS 315 PVC",3.8,M,"5""",
13-2040,1.85,152,LF,"ML 2"" CLASS 315 PVC",2.6,M,"2""",
13-2050,3.4,180,LF,"ML 4"" SCH 40 PVC",6.85,M,"4""",
1320-501,8,527,EA,CISSUS ANT STAKED 1G,8,SH,1G,
1320-505,13,526,EA,CISSUS ANTARCTICA 5G STK,13,SH,5G,
1320-515,45,525,EA,CISSUS ANTARCTICA 15G STK,45,SH,15G,
13-2060,2.4,170,LF,"ML 3"" SCH 40 PVC",4.75,M,"3""",
13-2070,1.85,162,LF,"ML 2.5"" SCH 40 PVC",3.75,M,"5""",
13-2080,1.15,152,LF,"ML 2"" SCH 40 PVC",2.3,M,"2""",
13-2090,0.86,142,LF,"ML 1.5"" SCH 40 PVC",1.7,M,"5""",
13-2100,0.71,132,LF,"ML 1.25"" SCH 40 PVC",1.45,M,"25""",
13-2110,0.55,122,LF,"ML 1"" SCH 40 PVC",1.1,M,"1""",
1321-101,8,522,EA,DENDROMECON HARFORDII 1G,8,SH,1G,
1321-105,12,520,EA,DENDROMECON RIGIDA 5G,12,SH,5G,
13-2120,0.38,112,LF,"ML 3/4"" SCH 40 PVC",0.75,M,"4""",
13-2130,18.75,186,LF,"ML 6"" CLASS 200 RINGTITE",18.75,M,"6""",
13-2135,18.5,186,LF,"ML 6"" CLASS 200  RT ALERTLINE",18.5,M,"6""",
13-2136,13.3,186,LF,"ML 6"" SCH 40 ALERTLINE",13.3,M,"6""",
13-21361,6.5,186,LF,"ML 6"" SCH 40 PVC",12.1,M,"6""",
13-2137,49,194,LF,"ML 8"" CLASS 200 RT ALERTLINE",49,M,"8""",
13-2140,7.75,180,LF,"ML 4"" CLASS 200 RINGTITE",7.75,M,"4""",
13-2145,8.2,180,LF,"ML 4"" CLASS 200 R.T. ALERTLINE",8.2,M,"4""",
13-2150,5.51,171,LF,"ML 3"" CLASS 200 RINGTITE",5.51,M,"3""",
13-2155,5.9,171,LF,"ML 3"" CLASS 200 RINGTITE ALERTLINE",5.9,M,"3""",
13-2160,3.7,180,LF,"ML 4"" AQUAMINE",3.7,M,"4""",
13-2165,2.71,171.1,LF,"ML 3"" HDPE DR-9",2.71,M,"3""",
13-2166,1.75,153.1,LF," ML 2"" HDPE DR-9",1.75,M,"2""",
13-2167,3.9,171.1,FT,"4"" HDPE DR-11 PIPE",3.9,M,"4""",
13-2168,2.4,171.1,FT,"3"" HDPE DR-11 PIPE",2.4,M,"3""",
13-2170,2.82,170,LF,"ML 3"" AQUAMINE PIPE",2.82,M,"3""",
13-2180,7.5,180,LF,"ML 4"" CLASS 315 ALERTLINE",10.9,M,"4""",
13-2190,4.5,170,LF,"ML 3"" CLASS 315 ALERTLINE",6.3,M,"3""",
13-2200,2.9,162,LF,"ML 2.5"" CLASS 315 ALERTLINE",4.65,M,"5""",
13-2220,1.6,152,LF,"ML 2"" CLASS 315 ALERTLINE",2.95,M,"2""",
13-2230,4.85,180,LF,"ML 4"" SCH 40 ALERTLINE",7.2,M,"4""",
13-2240,3.5,170,LF,"ML 3"" SCH 40 ALERTLINE",5.45,M,"3""",
13-2250,3.9,162,LF,"ML 2.5"" SCH 40 ALERTLINE",3.9,M,"5""",
1322-501,2.12,527,EA,CISSUS HYPO 1G STK,2.12,SH,1G,
1322-505,9,526,EA,CISSUS HYPO STAKED 5G,9,SH,5G,
1322-515,24.7,525,EA,CISSUS HYPO STAKED 15G,24.7,SH,15G,
13-2260,1.35,152,LF,"ML 2"" SCH 40 ALERTLINE",2.5,M,"2""",
13-2270,1.05,142,LF,"ML 1.5"" SCH 40 ALERTLINE",1.85,M,"5""",
13-2280,1.6,132,FT,"ML 1.25"" SCH 40 ALERTLINE",1.6,M,"25""",
13-2290,0.8,122,LF,"ML 1"" SCH 40 ALERTLINE",1.15,M,"1""",
13-2300,0.8,112,LF,"ML 3/4"" SCH 40 ALERTLINE",0.8,M,"4""",
13-2301,2.8,142,LF,"ML 1.5"" PVC SCH. 80",2.8,M,"5""",
13-2302,1.7,122,LF,"ML 1"" PVC SCH 80",1.7,M,"1""",
13-2303,2.3,134,EA,"ML 1.25"" PVC SCH 80",2.3,M,"25""",
13-2304,3.9,152,LF,"ML 2"" PVC SCH 80",3.9,M,"2""",
13-23041,5.95,162,LF,"ML 2.5"" SCH 80 PVC",5.95,M,"5""",
13-2305,7.95,170,LF,"ML 3"" SCH 80 PVC",7.95,M,"3""",
13-2306,12.2,180,LF,"ML 4"" SCH 80 PVC",12.2,M,"4""",
13-2307,24,186,LF,"ML 6"" SCH 80 PVC",24,M,"6""",
13-2310,0.35,101,LF,"LAT 1/2"" CL.315 ALERTLINE",0.35,L,"2""",
13-2320,0.5,110,FT,"LAT 3/4"" CL.200 ALERTLINE",0.5,L,"4""",
13-2330,0.65,120,LF,"LAT 1"" CL.200 ALERTLINE",0.65,L,"1""",
13-2340,0.8,130,LF,"LAT 1.25"" CL.200 ALERTLINE",0.8,L,"25""",
13-2350,1,140,LF,"LAT 1.5"" CL.200 ALERTLINE",1,L,"5""",
1323-501,4,527,EA,CISSUS RHOMB. 1G STK,4,SH,1G,
1323-505,14,526,EA,CISSUS RHOMBIFOLIA 5G STK,14,SH,5G,
1323-515,30,525,EA,CISSUS RHOMBIFOLIA 15G STK,30,SH,15G,
13-2360,1.6,150,LF,"LAT 2"" CL.200 ALERTLINE",1.6,L,"2""",
13-2370,2.65,160,LF,"LAT 2.5"" CL.200 ALERTLINE",2.65,L,"5""",
13-2380,4.5,170,LF,"LAT 3"" CL.200 ALERTLINE",4.5,L,"3""",
13-2390,6.4,180,LF,"LAT 4"" CL.200 ALERTLINE",6.4,L,"4""",
13-2400,0.65,101,LF,"LAT 1/2"" SCH 40 ALERTLINE",0.65,L,"2""",
13240-199,244,638.5,EA,RB XFS-06-12 DRIP LINE-500',244,L,,
13240-200,215,638.5,EA,RB XFS-06-18 DRIP LINE-500',204,L,,
13240-201,280,638.5,EA,RB XFS-CV-09-18-500',240,L,,
13240-202,350,638.5,EA,RB XFS-CV-06-12-500',260,L,,
13240-203,280,638.5,EA,RB XFS-CV-09-18-(500'),250,L,,
13240-204,360,638.5,LF,"RB XFS-CV-09-12-PS (p-stripe, 500')",260,L,,
13240-205,360,638.5,EA,"RB XFS-CV-09-12-P (purple, 500')",265,L,,
13240-206,360,638.5,EA,RB XFS-CV-09-12 (500'),275,L,,
13240-207,280,638.5,EA,RB XFS-CV-P-06-18-500 (purple),280,L,,
13240-208,320,638.5,EA,RB XFS-CV-P-06-12-500- (purple),320,L,,
13240-215,6,639.3,EA,SALCO PVC 050 IH 18   MA/NIP.,6,L,,
13240-216,7.5,639.3,EA,SALCO PVC 050 IH 24  MA/NIP.,7.5,L,,
13240-217,8,639.3,EA,"SALCO PVC 050 IH 36"" MA/NIP.",8,L,"36""",
13240-218,1.8,999,EA,"NDS FLEX RISER 1/2"" X 4""",1.8,L,"2""",
13240-239,190,638.5,EA,RB XFS-09-18 (500' ROLL),190,L,,
13240-240,210,638.5,EA,"RB XFS-CV-PS-09-18 (p-stripe, 500')",240,L,,
13240-241,210,638.5,EA,RB XFS-06-18 (500' roll),210,L,,
13240-242,320,638.5,EA,RB XFCV-09-12 (500' roll),223,L,,
13240-243,170,638.5,EA,RB XFCV-06-18 (500' roll),170,L,,
13-2410,0.55,110,LF,"LAT 3/4"" SCH 40 ALERTLINE",0.8,L,"4""",
1324-144,1.95,None,EA,RB MDCF-TEE COMP. TEE,1.95,L,,
1324-145,0.8,None,EA,RB MDCF75MPT,0.5,L,,
1324-146,1.75,None,EA,RB MDCF-ELL  COMP. ELL,1.75,L,,
13-2420,0.85,120,LF,"LAT 1"" SCH 40 ALERTLINE",1.15,L,"1""",
13-2430,1.48,130,LF,"LAT 1.25"" SCH 40 ALERTLINE",1.6,L,"25""",
13-2440,1.72,140,.,"LAT 1.5"" SCH 40 ALERTLINE",1.85,L,"5""",
13-2450,2.5,150,LF,"LAT 2"" SCH 40 ALERTLINE",2.5,L,"2""",
1324-501,3,522,EA,CISSUS RHOMBIFOLIA 1G,3,SH,1G,
1324-505,6,520,EA,CISSUS RHOMBIFOLIA 5G,6,SH,5G,
13-2460,3.9,160,LF,"LAT 2.5"" SCH 40 ALERTLINE",3.9,L,"5""",
13-2470,5.45,170,LF,"LAT 3"" SCH 40 ALERTLINE",5.45,L,"3""",
13-2480,7.2,180,LF,"LAT 4"" SCH 40 ALERTLINE",7.2,L,"4""",
13-2481,2.95,151,LF,"LAT 2"" CL 315 ALERTLINE",2.95,L,"2""",
13-2482,4.74,161,LF,"LAT 2.5"" CL 315 ALERTLINE",4.74,L,"5""",
13-2483,6.3,171,LF,"LAT 3"" CL 315 ALERTLINE",6.3,L,"3""",
13-2500,2.14,150,LF,"LAT 2"" HDPE DR-11",2.14,L,"2""",
13-2501,1.25,150,FT,"EAGLE 3408, SIDR 15 POLY 2"" PIPE",1.25,L,"2""",
13-2502,0.81,140,FT,"EAGLE 3408, SIDR 15 POLY 1 1/2"" PIPE",0.81,L,"2""",
13-2503,0.61,130,FT,"EAGLE 3408, SIDR 15 POLY 1 1/4"" PIPE",0.61,L,"4""",
13-2504,0.4,120,FT,"EAGLE 3408, SIDR 15 POLY 1"" PIPE",0.4,L,"1""",
13-2505,4480,380.2,EA,"EATON #72 SIMPLEX S.S. B.S. 1.5"" THR.",4480,L,"5""",
13-2506,1000,380.2,EA,"EATON #72 SIMPLEX SS BASK STR 1""",1000,L,"1""",
13-2507,4690,380.2,EA,"EATON #72 HAYWARD S.S 2"" B.S FLANGED",4690,L,"2""",
13-2510,1.18,140,LF,"LAT 1.5"" HDPE DR-11",1.18,L,"5""",
1325-101,4.5,522,EA,HESPERALOE PARVIFOLIA 1G,4.5,SH,1G,
13-2520,0.95,130,LF,"LAT 1.25"" HDPE DR-11",0.95,L,"25""",
1325-201,5.5,522,EA,HESPERALOE SANDIA GLOW 1G,5.5,SH,1G,
13-2530,0.74,120,LF,"LAT 1"" HDPE DR-11",0.74,L,"1""",
13-2540,3.53,160,LF,LAT 2 1/2' HDPE DR-11,3.53,L,,
13-2550,1.15,110,LF,"LAT PVC SCH. 80 3/4""",1.15,L,"4""",
13-2560,1.7,120,LF,"LAT PVC SCH. 80 1""",1.7,L,"1""",
13-2570,2.35,130,LF,"LAT PVC SCH. 80 1.25""",2.35,L,"25""",
13-2580,2.8,140,LF,"LAT PVC SCH. 80  1.5""",2.8,L,"5""",
13-2590,4.65,161,LF,"LAT 2.5""  CLASS 315 ALERTLINE",4.65,L,"5""",
13-2600,34.14,187,LF,"SLV 12"" CLASS 200 PVC",34.14,S,"12""",
13-2610,19.11,187,LF,"SLV 10"" CLASS 200 PVC",19.11,S,"10""",
13-2612,26.48,187,LF,"SLV 12"" SCH 40 PVC",26.48,S,"12""",
13-2616,35,187,LF,"SLV 16"" SCH 40 PVC",35,S,"16""",
13-2620,26,186.1,LF,"SLV 8"" SCH 40 PVC",26,S,"8""",
13-2630,12.1,185,LF,"SLV 6"" SCH 40 PVC",12.1,S,"6""",
13-2640,3.4,182,LF,"SLV 4"" SCH 40 PVC",6.85,S,"4""",
13-2650,2.4,172,LF,"SLV 3"" SCH 40 PVC",4.75,S,"3""",
1326-515,35,525,EA,CISSUS CAPENSIS 15G. STK,35,SH,15G,
13-2660,1.85,164,LF,"SLV 2.5"" SCH 40 PVC",3.75,S,"5""",
13-2670,1.15,154,LF,"SLV 2"" SCH 40 PVC",2.3,S,"2""",
13-2671,1.5,154,LF,"SLV 2"" PVC SDR 35 PIPE (not made; switch)",1.5,S,"2""",
13-2680,0.9,144,LF,"SLV 1.5"" SCH 40 PVC",1.7,S,"5""",
13-2690,0.75,134,LF,"SLV 1.25"" SCH 40 PVC",1.45,S,"25""",
13-2700,0.55,124,LF,"SLV 1"" SCH 40 PVC",1.1,S,"1""",
13-2720,0.75,114,LF,"SLV 3/4"" SCH 40 PVC",0.75,S,"4""",
13-2730,0.6,102,LF,"SLV 1/2"" SCH 40 PVC",0.6,S,"2""",
13-2740,2.36,182,LF,"SLV  4""  PVC SDR 35 PIPE",2.36,S,"4""",
13-2750,5.43,172,LF,"SLV 3"" PVC SDR 35 PIPE",5.43,S,"3""",
13-2760,9.56,185.1,FT,"HDPE DR-11- 6""  PIPE (SLEEVE)",9.56,S,"6""",
13-2761,1.48,154,FT,"HDPE DR-11- 2"" PIPE (SLEEVE)",1.48,S,"2""",
13-2762,4.2,182.1,FT,"HDPE DR-11- 4"" PIPE (SLEEVE)",4.2,S,"4""",
13-2800,450,471,EA,WEATHERTRAK ET/RVM 9-12 STA INT. CONT,450,L,,
13-2801,10,490,EA,WEATHERTRAK WTPRO-24-SSP,10,L,,
13-2802,550,471,EA,WEATHERTRAK 9 STA. ET+,550,L,,
13-2803,450,471,EA,WEATHERTRAK ET PLS-09/ANT-90,450,L,,
13-2804,10,471,EA,WEATHERTRAK HYROPOINT WTPLS-SER.,10,L,,
13-2805,10,481,EA,WEATHERTRAK WTPLS-09-ID  9-STATION ET CONTR.,10,L,,
13-2806,10,481,EA,WEATHERTRAK WTPLS-12-ID  12-STATION ET CONTR.,10,L,,
13-2807,0,None,EA,WEATHERTRAK ANT-FLEX-BT ANTENNA,0,L,,
13-2808,10,481,EA,WEATHERTRAK WTPLS-18-ID 18 STATION CONTR.,10,L,,
13-2809,10,481,EA,WEATHERTRAK WT-PRO-36-SPT,10,L,,
13-2810,10,481,EA,WEATHERTRAK WT-PRO-48-SPT,10,L,,
1328-101,4,522,EA,DALEA GREGII 1G,4,GCC,1G,
13-2811,500,471,EA,WEATHERTRAK WTPLS-06-ANT-75-PWR-06,500,L,,
13-2812,200,638.1,EA,WEATHERTRAK WT-WRS RAIN SENSOR WIRELESS,200,POC,,
13-2813,1,471,EA,WEATHERTRAK WTLC-C-06-PL-WT-WRS,1,L,,
13-2814,155,637.2,EA,WEATHERTRAK WT2W-SVD-11 DECODER,155,L,,
13-2815,105,380.5,EA,WEATHERTRAK WT2W-LSP LINE SURGE PROTECTOR,105,L,,
13-2816,0.8,430,LF,PAIGE P7389D 2-WIRE 14/2 TWISTED BLK/WH,0.8,L,,
13-2817,354,999,EA,WEATHERTRAK WTPRO-6STA-KEY - 6 STA. MOD.,354,L,,
13-2818,525,637.2,ea,WEATHERTRAK WT2W-FSD (flow sensor decoder),525,POC,,
13-2819,480,380.5,EA,"ITS GP3-K 36"" GROUND PLATE GROUNDING KIT",480,L,"36""",
13-2820,0.48,430,LF,WEATHERTRAK 2-WIRE (PAIGE P7389D 14/2),0.48,L,,
1328-201,4,522,EA,DALEA C. SIERRA GOLD 1G,4,GCC,1G,
1328-205,13,520,EA,DALEA C. SIERRA GOLD 5G,13,GCC,5G,
13-2821,190,637.2,EA,WEATHERTRAK WT2W-H20-1VD SNGL DECODER,190,L,,
13-2822,160,380,EA,WEATHERTRAK WT2W-H20-SA SURGE ARRESTOR,160,L,,
13-2823,250,637.2,EA,WEATHERTRAK WT2W-H20-MV (MV DECODER),250,L,,
13-2824,275,637.2,ea,WEATHERTRAK WT2W-H20-2VD (dual),275,L,,
13-2825,450,637.2,EA,WEATHERTRAK WTPS-H pump start decoder,450,PMP,,
13-2826,710,635.2,EA,ITS GP8-K GROUNDING PLATE/KIT,710,L,,
1328-315,75,510,EA,DALBERGIA SISSOO 15G,75,TR,15G,
1328-501,13,520,EA,DALEA GREGII 5G,13,GCC,5G,
1328-505,15,520,EA,"DALEA PULCHRA ""MONGO"" 5G",15,SH,5G,
13-3001,429,280,EA,"WATTS 800M4QT   1 1/4""",429,POC,"4""",
13-3002,4500,380,EA,"WATTS 815-4SA  EC NO 2"" FLANGED",4500,POC,"2""",
13-3003,4000,380,EA,"WATTS 815-4 ECNCT 1.5"" EPOXY COATED",4000,POC,"5""",
13-3004,850,380,EA,"WATTS ACV 813-BG 1 1/2""",850,POC,"2""",
13-3005,1300,270,EA,"WATTS 009-PC-QTS 1.5""",942,POC,"5""",
13-3006,370,381,EA,"WATTS LF25-AUB-Z3-PRV-1""",370,POC,"1""",
13-3007,370,380,ea,"WATTS LF25AUB-Z3 PRV 1"" w/union",370,POC,"1""",
13-30071,7.5,135,LF,"CONDUIT 2.5"" ELECTRICAL (SCH 80)",7.5,L,"5""",
1330-105,12,520,EA,CISTUS SKANBERGIA 5G,12,SH,5G,
1330-205,11.5,520,EA,CISTUS GRANDIFLORA 5G,11.5,SH,5G,
1330-401,3.75,522,EA,CISTUS SAL. PROSTRATUS 1G,3.75,GCC,1G,
1330-405,11,520,EA,CISTUS LADANIFER 5G,11,SH,5G,
1330-501,4.3,522,EA,CISTUS PURPUREUS 1G,4.3,SH,1G,
1330-505,11,520,EA,CISTUS PURPUREUS 5G,11,SH,5G,
1330-515,40,510,EA,CISTUS PURPUREUS 15G,40,SH,15G,
1330-601,4,522,EA,CISTUS BRILLIANCY 1G,4,SH,1G,
1330-605,10,520,EA,"CISTUS PURP.""SUNSET"" 5G",10,SH,5G,
1330-701,4,522,EA,CISTUS LITTLE MISS SUNSHINE 1G,4,SH,1G,
1330-705,11,520,EA,CISTUS DORIS HIBBERSON 5G,11,SH,5G,
1330-801,4,522,EA,CISTUS A MACULATUS 1G,4,SH,1G,
1330-805,11,520,EA,CISTUS LAD. CRIMSON SPOT 5G,11,SH,5G,
1330-905,9,520,EA,CISTUS CR. SANTA CRUZ 5G,9,SH,5G,
1331-101,3.2,522,EA,CISTANTHE GRAND. 1G,4,GCC,1G,
1331-115,100,510,EA,AVOCADO HASS 15G,100,TR,15G,
1331-205,11,520,EA,"CISTUS ""DORIS HIBBERSON""  5G",11,SH,5G,
1331-405,11,520,EA,CISTUS BRILLIANCY 5G,11,SH,5G,
1331-501,4,522,EA,CISTUS COBARIENSIS 1G,4,SH,1G,
1331-505,11,520,EA,CISTUS COBARIENSIS 5G,11,SH,5G,
1331-506,11,520,EA,CISTUS HYBRIDUS 5G,11,SH,5G,
1331-605,22,520,EA,CISTUS MACULATA 5G,22,SH,5G,
1331-701,4.3,522,EA,CISTUS SKANBERGII 1G,4.3,SH,1G,
1331-705,28,520,EA,CISTUS 'LITTLE MISS SUNSHINE' 5G,28,SH,5G,
1332-101,4,522,EA,CISTANTHE G. JAZZ TIME 1G,4,GCC,1G,
1332-105,14,520,EA,CISTANTHE GRANDIFLORA 5G,14,GCC,5G,
1332-115,45,519,EA,CISTANTHE GRANDIFOLIA  15G,45,GCC,15G,
1332-305,11,520,EA,CISTUS ,11,SH,,
1332-401,4.3,522,EA,CISTUS SUNSET 1G,4.3,SH,1G,
1332-501,4.3,522,EA,CISTUS INCANUS 1G,4.3,SH,1G,
1333-501,4.3,522,EA,CISTUS LADANIFER 1G,4.3,SH,1G,
1333-505,11,520,EA,CISTUS LADANIFER 5G,11,SH,5G,
13-3399,1080,630,EA,"WATTS M813-PG-NC 1.5"" M.V.",1080,M,"5""",
1334-501,4.3,522,EA,CISTUS VILLOSUS 1G,4.3,SH,1G,
1334-505,11,520,EA,CISTUS VILLOSUS 5G,11,SH,5G,
1335-415,,,,CISTUS SUNSET 15G,,,,
1335-501,4.3,522,EA,CISTUS HYBRIDUS 1G,4.3,SH,1G,
1335-505,11,520,EA,CISTUS HYBRIDUS 5G,11,SH,5G,
1335-515,43,519,EA,CISTUS HYBRIDUS 15G,43,SH,15G,
1335-601,3,522,EA,CISTUS PURPLE DWARF 1G,3,SH,1G,
1336-505,11,520,EA,CISTUS SALVIFOLIUS 5G,11,SH,5G,
1336-590,4,522,EA,CISTUS SALVIFOLIUS 1G,4,SH,1G,
1337-501,4.3,522,EA,CISTUS CRISPUS SANTA CRUZ  1G,4.3,SH,1G,
1337-505,9.5,520,EA,CISTUS HYBRIDUS 5G,9.5,SH,5G,
1338-501,4.3,522,EA,CISTUS SUNSET 1G,4.3,SH,1G,
13-4000,3500,630,EA,WATTS 223 2,3500,M,,
13-4001,4168,630,EA,"WATTS 223 2-1/2""",4168,M,"2""",
1340-015,220,519,EA,"CITRUS ""LIME"" 15G",220,TR,15G,
13-4002,3500,380,EA,"WATTS 815 4SA SURGE PRV 1.25""",3500,M,"25""",
13-4003,4400,380,EA,"WATTS 815 4SA SURGE PRV 1.5""",4400,M,"5""",
1340-036,750,507,EA,"CITRUS - 'TANGELO' 24"" STD",750,TR,"24""",
13-4004,100,402,EA,"WATTS TPBV-D 2.5""",100,M,"5""",
13-4005,50,402,EA,"WATTS TPBV-D 2""",50,M,"2""",
13-4006,37,402,EA,"WATTS TPBV-D 1.5""",37,M,"5""",
13-4007,4500,630,EA,"WATTS 815-4SA-NC 2""",4500,M,"2""",
13-4008,3.5,630.2,EA,"NDS #13 4"" ROUND GREEN",3,CV,"4""",
13-4009,253,400,EA,"WATTS WGV-X GATE VALVE 3""",253,M,"3""",
13-4010,176,400,EA,"WATTS WGV-X GATE VALVE 2.5""",176,M,"5""",
13-4011,40,400,EA,"WATTS WGV-X GATE VALVE 2""",40,M,"2""",
13-4012,455,260.1,EA,"WATTS 909(s) BACKFLOW 2""",455,POC,"2""",
13-4013,450,270.1,EA,"WATTS 909 (s) BACKFLOW 1.5""",450,POC,"5""",
13-4014,338,None,EA,"WATTS 777 WYE STRAINER 2""",338,M,"2""",
1340-148,3200,503,EA,"CITRUS - WASH. NAVEL ORANGE 48""",3200,TR,"48""",
13-4015,5000,380,EA,"WATTS 815-4SA-NC-BK-SV M.V 2.5""",5000,M,"5""",
13-4016,4500,380,EA,"WATTS 815-4SA-NC-BK-SV M.V. 2""",4500,M,"2""",
13-4017,4000,380,EA,"WATTS 815-4SA-NC-BK-SV  M.V. 1.5""",4000,M,"5""",
13-4018,881,400,EA,"WATTS B6000 2.5""  BV",881,M,"5""",
13-4019,188,400,EA,"WATTS B6000 2""  BV",188,M,"2""",
13-4020,325,290,EA,"WATTS 909QT-U 1""",325,POC,"1""",
13-4021,850,290,EA,"WATTS 009PCQT 3/4"" BACKFLOW",600,POC,"4""",
13-4022,34,380,EA,"WATTS WGV-X-1""",34,M,"1""",
1340-224,750,507,EA,"CITRUS KUMQUAT HYBRID 'TAVARES' 24""",750,TR,"24""",
13-4023,4000,380,EA,"WATTS 815-4SA-NC-BG-F-MO 1.5""",4000,M,"5""",
13-4024,176,400,EA,"WATTS WGV-X  G.V. 2.5""",176,M,"5""",
13-4025,2500,635.6,EA,"WATTS 97FB-CSSIB 2"" W/ SS MESH SCREEN",2500,M,"2""",
13-40251,1100,380.2,EA,"WATTS 97FB-CSSIB 1.5"" W/ SS MESH SCREEN",1100,M,"5""",
13-4026,4000,380,EA,"WATTS 815-4SA-NC-BG-SV-F-BLK GRD 1.5""",4000,M,"5""",
13-4027,30,400,EA,"WATTS WGV-X 1 1/2"" G.V.",30,M,"2""",
13-4028,42,400,EA,"WATTS WGV-X 1 1/4"" GV",42,M,"4""",
13-4029,3500,380,EA,"WATTS 815-4SA-NC-BG-MO-F 1.25"" NC M.V.",3500,M,"25""",
13-4030,2748,380,EA,"WATTS 223 1-1/2""",2748,M,"2""",
13-4031,30,None,EA,"WATTS D-05 PRV 2""",30,M,"2""",
1340-315,220,519,EA,CITRUS - DW. BEARSS SEEDLESS LIME 15G,220,TR,15G,
13-4032,4500,380,EA,"WATTS 815-4SA-NC-BG-MO-F-263SS-BP30VESSI 2""",4500,M,"2""",
1340-324,750,507,EA,"CITRUS MEYER LEMON 24"" STD",750,TR,"24""",
13-4033,4000,380,EA,"WATTS 815 4SA-NC-BG-F-SV-MO BLACK 1.5""",4000,M,"5""",
13-4034,2321,380,EA,"WATTS 97FB CSSIB  2.5"" W/ SS MESH SCREEN",2321,M,"5""",
13-4035,2550,999,EA,"WATTS 97FB-CSSIB 3""",2550,M,"3""",
13-4036,4692,999,EA,"WATTS 97FB CSSIB F 4""",4692,M,"4""",
13-4037,2254,280,EA,"WATTS 909 S BACKFLOW 1 1/4""",2254,POC,"4""",
13-4038,120,400,EA,"WATTS WGV-X 4"" GATE VALVE",120,M,"4""",
13-4039,3500,380,EA,"WATTS 815-4SA-NC-SV-BG-MO-T-1.25""",3500,M,"25""",
13-4040,4500,380,EA,"WATTS 815-4SA-MO-BG-NC-SV-F 2""",4500,M,"2""",
13-4041,1469,380,EA,"WATTS U5B HP/SC/GG 1"" PRV",1469,M,"1""",
1340-415,350,900,EA,CITRUS KUMQUAT 'NAGAMI' 15G ESP,350,TR,15G,
13-4042,4000,380,EA,"WATTS 815-4SA-BG-NC-SV-MO-T 1.5""",4000,M,"5""",
13-4043,4200,381.2,EA,"WATTS 815-4SA-SS-NC-THREADED 1.5""",4200,M,"5""",
13-4044,2474,270.1,EA,"WATTS LF-919 QT 1.5"" (LEAD FREE)",2474,POC,"5""",
13-4045,4000,380,EA,"WATTS 815-4/ EC/NO/T 1.5""",4000,M,"5""",
13-4046,2057,380,EA,"WATTS 223 SERIES 1""",2057,M,"1""",
13-4047,4000,380.2,EA,"WATTS 815-4SA-PGN-CMOT 1.5""",4000,M,"5""",
13-4048,4000,999,EA,"WATTS 815-4SA-PGNOF- 1.5""",4000,M,"5""",
13-4049,4500,999,EA,"WATTS 815 4SA PGNCF 2"" NORM. CLSD",4500,M,"2""",
13-4050,84,None,EA,"WATTS 300RS-125-D,  ANGL VLV W/ UNION",84,CV,,
13-4051,55,None,EA,WATTS 300RS-150-D ANGL VLV W/UNION,55,CV,,
1340-515,220,519,EA,CITRUS 15G L/B,220,TR,15G,
13-4052,70,None,EA,WATTS 300RS-200-D ANGLE VLV. W/ UNION,70,CV,,
1340-524,750,507,EA,"CITRUS 24""",750,TR,"24""",
13-4053,130,400,EA,"WATTS B3000 3"" GATE VALVE",130,M,"3""",
13-4054,157,400,EA,"WATTS B-6080 1 1/2""  B.V.",157,M,"2""",
13-4055,350,400,EA,"WATTS B-6080 SS-SH-2"" (Discontinued)",350,M,"2""",
13-4056,318,400,EA,"WATTS B-6080 SS 2"" B.V.",318,M,"2""",
13-4057,4000,402,EA,"WATTS 850 SRS BV 2.5"" FLNGD",4000,M,"5""",
13-4058,800,400,EA,"WATTS B-6000 SS SH 2.5""",800,M,"5""",
13-4059,2500,999,EA,"WATTS 97-SS-CCIB 2"" BSKT STRNR",2500,M,"2""",
13-4060,150,400,EA,"WATTS LFB-6000 2"" BV",150,M,"2""",
13-4061,95,402,EA,"WATTS B-6080 SS 1""",95,M,"1""",
1340-615,220,510,EA,CITRUS PONDEROSA 15G,220,TR,15G,
13-4062,975,380,EA,WATTS ACV113-12-150 THREADED,975,CV,,
1340-624,750,507,EA,"CITRUS ROBERTSON NAVEL 24"" STD",750,TR,"24""",
13-4063,8500,380,EA,"WATTS 813 BGNOMOT M.V. 2""",8500,CV,"2""",
13-4063.1,8001,381.2,EA,"WATTS 813 -SS-FF-NC M.V. 1.5""",8001,CV,"5""",
13-4064,110,380,EA,"WATTS 600 CHECK VALVE 2""",110,CV,"2""",
13-4065,500,400,EA,"WATTS B-6080-SS-SH- 3"" (discontinued)",500,M,"3""",
13-4066,2500,999,EA,"WATTS 97FB-CSSIB 2"" W/ SS MESH SCREEN",2500,M,"2""",
13-4067,4500,380,EA,"WATTS 815-4SA-SS-NC-MO-F 2"" NC",4500,CV,"2""",
13-4068,2500,999,EA,"WATTS 97FB-CSSIB 2 - 2"" SS FL. - SS MESH SCRN",2500,M,"2""",
13-4069,3234,380,EA,"WATTS 316 SS W.30 MESH SS SCREEN 2""",3234,M,"2""",
13-4070,46,402,EA,"WATTS B-6001-M2, BV 1""",46,M,"1""",
13-4071,0,402,EA,"WATTS WBV 1"" BRASS BALL VALVE",0,M,"1""",
1340-715,220,999,EA,CITRUS MEYER LEMON 15G DWF SHRUB,220,SH,15G,
13-4072,3500,380,EA,"WATTS 815-4SA-SS-NC-T 1.25"" NC M.V.",3500,CV,"25""",
1340-724,750,509,EA,"CITRUS DWARF LEMON 24""",750,TR,"24""",
1340-725,750,509,.,"CITRUS BEARSS LIME 24"" STD",750,TR,"24""",
1340-726,750,507,EA,CITRUS - KUMQUAT 'NAGAMI' 24 STD,750,TR,,
1340-727,750,509,EA,"CITRUS L. LISBON LEMON 24""",750,TR,"24""",
13-4073,780,290,EA,"WATTS 009PCQT 1"" BACKFLOW",780,POC,"1""",
13-4074,800,380.2,EA,"WATTS 97FB-CSSIB 1"" w/SS SCREEN",800,M,"1""",
13-4076,154,380,EA,"WATTS N-45B, 1"" PRV",154,M,"1""",
1340-815,220,519,EA,CITRUS MINNEOLA TANGELO 15G,220,TR,15G,
1340-824,750,507,EA,"CITRUS TANGERINE DANCY 24""",750,TR,"24""",
1340-915,220,510,EA,CITRUS IMPROVED MEYERS LEMON 15G STD,220,TR,15G,
1340-924,750,507,EA,"CITRUS DWF BEARSS LIME 24"" PATIO",750,TR,"24""",
1341-015,220,519,EA,"CITRUS ""LEMON"" 15G",220,TR,15G,
1341-024,750,507.1,EA,"CITRUS ORANGE WASH NAVEL  24"" STD",750,TR,"24""",
1341-036,1200,505,EA,"CITRUS ORANGE 'MITIS CALAMONDIN' 36"" STD",1200,TR,"36""",
1341-115,220,510,EA,CITRUS 15G STD,220,TR,15G,
1341-124,750,507,EA,"CITRUS 24"" STD",750,TR,"24""",
1341-136,1000,505,EA,"CITRUS 36"" STD",1000,TR,"36""",
1341-148,3200,503,EA,"CITRUS - MANDARIN ORANGE 48""",3200,TR,"48""",
1341-215,220,510,EA,CITRUS MYERS LEMON 15G STD,220,TR,15G,
1341-224,750,508,EA,"CITRUS WASH. DWARF 24"" (SHRUB FORM)",750,SH,"24""",
1341-236,1000,505.5,EA,"CITRUS CLEM. MANDARINE 36""",1000,TR,"36""",
1341-315,220,510.2,EA,CITRUS KUMQUAT NIPPON 15G STD,220,TR,15G,
1341-324,600,507,EA,"CITRUS MEYER LEMON 24""  ESP",600,TR,"24""",
1341-336,1000,505.5,EA,"CITRUS DWARF BEARS LIME 36""",1000,TR,"36""",
13-4140,1557,400.2,EA,"WATTS S-BVF 3"" BALL VALVE SS",1557,M,"3""",
13-4141,170,380.2,EA,"WATTS 229S PRV/ STRAINER 1.25""",170,M,"25""",
1341-415,220,519,EA,CITRUS MEX LIME 15G STD,220,TR,15G,
13-4142,4500,380,EA,"WATTS 815-4SA-SS-NC-FLGD. 2""",4500,CV,"2""",
1341-424,600,507,EA,"CITRUS NAVAL ORANGE 24""  ESP",600,TR,"24""",
13-4143,19,638,EA,WATTS HB-1 HOSE BIBB,19,L,,
1341-436,1000,505.5,EA,"CITRUS DWF VALENCIA ORANGE 36""",1000,TR,"36""",
13-4144,1760,380,EA,"WATTS 2"" 815-4SA-SS-NC-MO-F",1760,CV,"2""",
1341-515,220,519,EA,CITRUS KUMQUAT DWF 15G,220,TR,15G,
1341-524,750,507.2,EA,"CITRUS DWF VALENCIA 24"" (SHRUB FORM)",750,SH,"24""",
1341-536,1000,505.5,EA,"CITRUS DWARF  WASH NAVEL 36""",1000,TR,"36""",
13-4155,115,400,EA,WATTS B-6080 SS-SH-1.5'' (discontinued),115,M,,
13-4156,6200,999,EA,"WATTS 97FB CSSIB F 6""",6200,M,"6""",
13-4157,220,400,EA,"WATTS LFB6080-G2-SS 3"" BALL VALVE",220,M,"3""",
13-4158,96,395,EA,"WATTS LF288A-DM 1/2"" ATMOS. VAC. BR. (SEE AQUALINE",96,POC,"2""",
13-4159,158,637,EA,"WATTS LF288A 1"" AVB (USE AQUALINE)",158,POC,"1""",
13-4160,29,400,EA,"WATTS FBV-4 1"" BRASS BV",29,M,"1""",
13-4161,37,None,EA,"WATTS 777SI-LF-100 Y-STRAINER 1""",37,M,"1""",
1341-615,220,519,EA,CITRUS MEX LIME DWF 15G (SHRUB),220,SH,15G,
13-4162,2200,260,EA,"WATTS LF0092M2-QT BF 2""",2200,POC,"2""",
1341-624,750,508,EA,"CITRUS VALENCIA 24"" STD",750,TR,"24""",
13-4163,2100,290,EA,"WATTS LF 909, 1"" BF",2100,POC,"1""",
1341-636,1000,505.8,EA,"CITRUS LEMON 36""",1000,TR,"36""",
13-4164,300,381,,WATTS LFN45B-M1 PRV 1'',175,M,,
13-4165,250,381,EA,WATTS LFN45B-M1 3/4'' PRV,,,,
1341-715,75,510,EA,"PRUN. PERS ""MID-PRIDE"" PEACH 15G",75,TR,15G,
1341-724,750,507,EA,"CITRUS NIPPON KUMQUAT 24"" STD",750,TR,"24""",
1341-736,1000,505.8,EA,"CITRUS TANGERINE 36"" STD",1000,TR,"36""",
1341-815,220,519,EA,CITRUS KUMQUAT HYBRID 'TAVARES' 15G,220,TR,15G,
1341-824,600,507,EA,"CITRUS LIME 24"" ESP",600,TR,"24""",
1341-836,1000,505.3,EA,"CITRUS 'EUREKA LEMON' 36"" STD",1000,TR,"36""",
1341-848,3200,503,EA,"CITRUS - DWARF 48""",3200,TR,"48""",
1341-915,220,519,EA,CITRUS KUMQUAT 'NAGAMI' 15G STD,220,TR,15G,
1341-924,400,507,EA,CITRUS - DWARF 24,400,TR,,
1341-936,1000,505.5,EA,"CITRUS  WASH NAVEL 36"" STD",1000,TR,"36""",
1341-948,3200,503,EA,"CITRUS - SEMI-DWARF 48""",3200,TR,"48""",
13420-001,0.3,639,EA,RB LD 16-STK DIST. TUBING STAKE,0.3,TRSTK,,
13420-002,0.25,635.4,EA,RAINBIRD LD-09-12,0.25,L,,
13420-003,4,223,EA,RB XBT-10-6 6 OUTLET,4,L,,
13420-004,0.42,None,EA,RB XFD-TFA-075,0.42,L,,
13420-005,0.4,None,EA,RB XFD-FA-075,0.4,L,,
13420-006,0.4,None,EA,RB XFF-MA-050,0.4,L,,
13420-007,0.4,None,EA,RB XFF-TEE/ELBOW,0.4,L,,
13420-008,2,None,EA,"RB MDCF50FPT 1/2"" MA",0.7,L,"2""",
13420-009,0.45,None,EA,RB XFF-MA-075,0.45,L,,
13420-010,0.6,999,EA,RB XFF-TMA-050,0.6,L,,
13420-011,0.35,999,EA,RB XFF-TFA-050,0.35,L,,
13420-012,110,110,EA,RB XQF7518100 (100' HDR),110,L,,
1342-005,95,520,EA,"CITRUS ""KUMQUAT"" 5G",95,TR,5G,
13420-072,15,637.1,EA,GPH GDFN-R FLUSH NOZZLE,15,L,,
13420-073,0.8,None,EA,RB MDCFCOUP,0.6,L,,
13420-074,1.2,639,EA,GPH GCI ORANGE TIP PROLOCK 17MM (T OR L),1.2,L,,
13420-075,1.4,639,EA,GPH GDTS140900 COATED STAPLE,1.4,L,,
13420-076,0.08,639,LF,"GPH GPVC250170 1/4"" TUBING",0.08,L,"4""",
13420-077,0.16,639,EA,GPH GQBC 1/4 BARBED COUPLER,0.16,L,,
13420-078,0.4,639,EA,GPH GEOCV220 BUG CAP,0.4,L,,
13420-079,1.6,636.4,LF,GPH CP-4-36-50 DRIPLINE,1.6,L,,
13420-080,0.75,639.9,EA,"RB XPCN ADP-12(NOZZLE W/12""POLYFLEX)",0.75,L,"12""",
13420-081,4.6,214,EA,"RB XP-600X  (6"" DRIP POP-UP HEAD)",4.6,L,"6""",
13420-082,1.7,639.3,EA,RB XPCN-HLF/FUL (NOZ) - DISC. - USE 10-5442,1.7,L,,
13420-083,1.3,639.3,EA,RB XS-90/180/360 (XERI-SPRAY/ MISTER),1.3,L,,
13420-084,0.49,639.9,EA,"RB PFR-FRA-12 ( 12"" FLEX  RISER & ADAPTER)",0.49,L,"12""",
13420-085,0.7,639.3,EA,RB XBA-1800 ( 1800 SER XERI-BUBBLER ADAPTER),0.7,L,,
13420-086,0.9,639.9,EA,"RB PFR-FRA-24 (24"" FLEX RISER & ADAPTER)",0.9,L,"24""",
13420-087,2,220,EA,RB 10-32A W/ 360ADJMST,2,L,,
13420-088,12,214,EA,RB XP-1200X,12,L,,
13420-089,0.6,636.4,LF,GPH GHVY-0512500 TUBING,0.6,L,,
13420-090,0.8,639.4,EA,GPH GXBCI EMITTER,0.8,L,,
13420-0901,2.25,639.3,EA,GPH GSL 220-R EMITTER,2.25,L,,
13420-0902,0.29,None,EA,"GPH SCH 40 UVR COMPRESSION FITITNG 3/4""",0.29,L,"4""",
13420-0903,1.36,None,EA,"GPH SCH 40 UVR TEE 3/4""",1.36,L,"4""",
13420-0904,3,None,EA,GPH GDBRY6 WIRE CONN. (UP-CHARGE),3,L,,
13420-091,0.06,639,LF,GPH GPE 220170 TUBING,0.06,L,,
13420-092,15,637.1,EA,GPH GDFN DRIP FLUSH NOZZLE,15,L,,
13420-093,1.4,639.3,EA,GPH GDTS140900 STAPLE,1.4,L,,
13420-094,2.1,None,EA,GPH FLEX NIPPLE GFN050-600 6' MxF,2.1,L,,
13420-095,0.35,None,EA,"GPH GSBX  1032 BARBED (180, 90, 360)",0.35,L,,
13420-096,1.12,999,EA,"GPH NOZ. THREADED  GSBX 360,180,90",1.12,L,,
13420-097,2.5,None,EA,"GPH GPST-4 FIPT EMITTER 1/2""",2.5,L,"2""",
13420-098,1,636.4,LF,"GPH GPVCAR050 1/2"" TUBE (rolls=200')",1,L,"2""",
13420-099,1.3,None,EA,GPH GSJ0512 HEAD SWING ASS.,1.3,L,,
13420-100,1.8,251,EA,RB EM6-M101,1.8,L,,
13420-101,0.14,639.3,EA,RB EM-L10,0.14,L,,
13420-102,0.14,639.3,EA,RB EM-L05,0.14,L,,
13420-103,6,None,EA,RB Y-100-150 Y FILTER,6,L,,
13420-104,0.22,639.5,FT,"RB 3/4"" POLY DRIP TUBING",0.22,L,"4""",
13420-105,6.5,639.2,EA,RB SEB-6X (BUY NDS 107 BC),6.5,L,,
13420-106,0.46,639.3,EA,RB XERI-BUBBLER SXB-36O,0.46,L,,
13420-1061,1.2,999,EA,RB UXB-360 W/PFR-12 W/RB FRA-505 ADAPTER,1.2,L,,
13420-107,0.75,None,EA,RB XERI-STAKE XS-050,0.75,TRSTK,,
13420-108,0.32,None,FT,AGRIFIM SF 6812 DRIPPER LINE,0.32,L,SF,
13420-109,13,251,EA,"RB XBD-80, 8 OUTLET EMITTER",13,L,,
13420-110,0.06,None,EA,SALCO EOCV-125 BUG CAP,0.06,L,,
134201-100,2.3,639.3,EA,"ECO GECO12BR 1/2"" IH RISER 12"" BRWN",2.3,L,"2""",
134201-101,4,639.3,EA,"ECO GECO24BR 1/2"" IH RISER 24 BRWN",4,L,"2""",
134201-102,4.9,639.3,EA,"ECO GECO36BR 1/2"" IH RISER 36 BRWN",4.9,L,"2""",
134201-103,5.26,639.3,EA,"ECO GECO24BR 1/2"" IH RISER 42 BRWN",5.26,L,"2""",
13420-111,0.08,639,FT,"ROBERTS 1/4"" MICRO-POLY TUBE",0.08,L,"4""",
13420-112,14,999,EA,RB RBY075MPTX FILTER (200 MESH),14,L,,
134201-129,1.6,223,EA,GPH GPST-CV-04-R EMITTER,1.6,L,,
13420-113,0.5,None,EA,PFR-FRA FLEX POLY RISER W/ ADAPTER,0.5,L,,
13420-114,0.11,639,FT,"ROBERTS 1/2"" POLY TUBE",0.11,L,"2""",
13420-115,0.2,None,EA,SALCO DTS-20-400  STAKE,0.2,TRSTK,,
13420-116,0.5,639.3,EA,BOWSMITH SB-10 EMITTER,0.5,L,,
13420-118,0.5,639,EA,RB XB 10PC EMITTER (BARBED) BLACK,0.5,L,,
13420-119,2.2,639.2,EA,SALCO DCB-2 MANIFOLD W/ 2EA. PS-2,2.2,L,,
13420-120,0.05,None,EA,RB RBT-160-V DISTRIBUTION TUBING,0.05,L,,
13420-120P,0.05,None,EA,RB RBT-160-V DISTRIBUTION TUBING,0.05,L,,
13420-121,0.5,None,EA,SALCO PCC-05 EMITTER,0.5,L,,
13420-122,0.5,None,EA,SALCO PCC-1 EMITTER,0.5,L,,
13420-123,0.5,None,EA,SALCO PCC-2 EMITTER,0.5,L,,
13420-124,9,None,EA,SALCO SR-30-8 PRESS REGULATOR,9,L,,
13420-125,0.38,636.4,EA,"RB 1/2"" DRIP TUBING (XT700-100)",0.38,L,"2""",
13420-126,27,380,EA,SALCO HYS-100 WYE STRAINER,27,L,,
13420-1261,70,999,EA,"AMIAD 39110 1"" WYE FILTER",70,L,"1""",
13420-127,2.5,250,EA,SALCO PC6T-1,2.5,L,,
13420-128,11,None,EA,SALCO SR-40-20 PR REG,11,L,,
13420-129,4.22,None,EA,"SALCO WMP-050 1/2"" BV END FLUSH",4.22,L,"2""",
13420-1291,1.1,999,EA,API  CEFCH SELF FLUSHING END VALVE,1.1,L,,
13420-130,15,None,EA,RB RBY100MPTX FILTER (200 MESH),15,L,,
13420-1301,8.5,None,EA,RB Y-075-200,8.5,L,,
13420-131,4.79,None,EA,SALCO DAS-8 ACCESS SLEEVE,4.79,S,,
13420-132,0.04,None,FT,"SALCO CT-125 1/8"" DIST TUBE",0.04,L,"8""",
13420-133,57,380,EA,SALCO DYSF-1OO STRAINER,57,L,,
13420-134,131.3,380,EA,"SALCO DYS-200 WYE STRAINER 2""",131.3,L,"2""",
13420-135,14,None,EA,"RB PSI-M-30X-075 (3/4"")",14,L,"4""",
13420-136,0.8,639.1,EA,"SALCO AR-075 TUBING 3/4""",0.8,L,"4""",
13420-137,1,None,EA,RB CF-12 FLUSH CAP (DISCONTINUED?),1,L,,
13420-138,0.5,None,EA,RB 10-32A,0.5,L,,
13420-139,60,999,EA,RB Y-100 INLINE FILTER DRIP,60,L,,
13420-140,18,410,EA,CHAMPION B-401,18,L,,
13420-141,0.45,639.3,EA,"RB TS-025WCAP .25"" TUB. STK W/CAP",0.45,L,"25""",
13420-142,0.26,639.3,EA,RB SPB-025 BARB CONNECTOR,0.26,L,,
13420-143,0.1,639,FT,"RB DT-025 1/4""DIST.TUBING",0.1,L,"4""",
13420-144,0.5,639,EA,RB XB 20PC  EMITTER (BARBED) RED,0.5,L,,
13420-1441,0.5,639,EA,RB XB 20PC-1032 EMITTER,0.5,L,,
13420-145,33,999,EA,RB PMC PUMP MOTOR CONTROL,33,PMP,,
13420-146,15,None,EA,"RB PSIL-30X-075 (3/4"")",15,L,"4""",
13420-147,0.25,636.4,EA,RB LD-06-12 XERI-TUBE,0.25,L,,
13420-148,0.3,636.4,LF,RB LD-09-18  XERI-TUBE,0.3,L,,
13420-149,0.23,636.4,LF,RB XPC-10-12- 500 TUBING,0.23,L,,
1342-015,220,519,EA,"CITRUS ""KUMQUAT"" 15G",220,TR,15G,
13420-150,15,None,EA,TERMINAL STRIP 16 STATION,15,L,,
13420-151,1.5,223,EA,SALCO PSTM-1 EMITTERS,1.5,L,,
13420-152,1.1,223,EA,SALCO PCB-25 EMITTER,1.1,L,,
13420-153,0.45,639,EA,RB XB-10PC BARBED EMITTER BLACK,0.45,L,,
13420-154,0.52,639.3,EA,"RB PFR/FRA POLYFLEX RISER 12""",0.52,L,"12""",
13420-155,0.25,639.3,EA,RB EM-M20 SINGLE EMITTER,0.25,L,,
13420-156,1.15,999,EA,RB PC-10 BARBED GREEN,1.15,L,,
13420-157,1.15,639,EA,RB PC-05-1032 EMITTER BROWN,1.15,L,,
13420-158,1.75,220,EA,RB XBT 10PC 1032 EMITTER THRD BLACK,1.75,L,,
13420-159,1.75,220,EA,RB XBT 20PC 1032 EMITTER (THRD) RED,1.75,L,,
13420-160,43,380.6,EA,RB-XCZ-075 W/PR. REG. & FILTER,43,CV,,
13420-161,48.5,395,EA,RB XACZ-075  ASVF,48.5,CV,,
13420-162,16,251,EA,RB XBD-81 (includes 8-1GPH EMITTERS),16,L,,
13420-163,0.12,639.5,FT,"RB XERITUBE 1/2"" XT-700-100",0.12,L,"2""",
13420-164,2.2,639.3,EA,RB PRS-050 FILTER,2.2,L,,
13420-165,2.5,243,EA,RB EMT-6XERI EMITTER,2.5,L,,
13420-166,0.45,None,EA,RB SXB-180-050 MICRO-BUBBLER,0.45,L,,
13420-1661,0.5,642.2,EA,RB SXB-180-025 MICRO BUBBLER,0.5,L,,
13420-167,0.7,None,EA,RB 700-XS-050 XERI STAKE,0.7,TRSTK,,
13420-168,0.4,636.4,LF,"RB XT-700-500 1/2"" TUBING (LF)",0.4,L,"2""",
13420-169,2.5,637,EA,RB XB-10-6 (BARB 6 OUTLET),2.5,L,,
13420-1691,3.5,220,EA,RB XBT-10-6 (THR. 6 OUTLET),3.5,L,,
13420-1692,1.5,637.1,EA,RB XMV-025 SHUT OFF VALVE,1.5,L,,
13420-170,15,999,EA,"RB PSIM40X075 (3/4"")",15,L,"4""",
13420-171,157,636.4,EA,RB XFD-P-06-18 PURPLE DRIP-500',157,L,,
13420-172,85,380,EA,RB AF-100 AUTO FILTER KIT,85,L,,
13420-173,0.13,639.1,EA,RB PC-DIFF-PPL DIFFUSER CAP,0.13,L,,
13420-174,0.55,639,EA,RB MP5SSQ MULTI PORT NOZZLE,0.55,L,,
13420-175,2,402.3,EA,RB MDCFCAP BLK FLUSH CAP,0.7,L,,
13420-176,2.5,None,EA,LOC 16 TEE SPIN LOC ADAPTER,2.5,L,,
13420-177,0.15,None,EA,RB XBF1 CONN/ XBF2ELL/ XBF3 TEE,0.15,L,,
13420-1771,1,639.3,EA,"RB XT025 1/2"" TO BARB FITTING",1,L,"2""",
13420-178,1.25,637,EA,RB SXB-180-1032 XERI-BUBBLER,1.25,L,,
13420-179,0.1,639.1,EA,RB PC DIFFUSER CAP,0.1,L,,
13420-180,0.25,636.4,FT,RB LD-06-12 XERI-TUBE,0.25,L,,
13420-181,54.5,639.3,EA,RB PRB-QK CHK 075 INLINE BSKT FILTER,54.5,L,,
13420-182,190,638.5,RO,RB XFD-09-12- DRIPLINE-500',190,L,,
13420-183,0.29,636.4,LF,RB XFD-09-18-10 TUBING,0.29,L,,
13420-184,0.4,999,EA,RB XF INSERT FITTINGS,0.4,L,,
13420-185,0.1,639,LF,"RB XQ 1/4"" TUBING",0.1,L,"4""",
13420-186,0.9,639.4,EA,RB SXB-180-SPYK SPIKE,0.9,L,,
13420-187,0.75,637,EA,RB SXB-360-SPYK (XERI BUB. ON SPIKE),0.75,L,,
13420-188,108,637.1,EA,RB QKCHK-100   200 MESH,86,L,,
13420-189,190,638.5,LF,RB XFD-09-18 DRIPLINE-500',190,L,,
13420-190,125,637.1,EA,RB PRB-QK CHK 100 INLINE BSKT FLTER,81,L,,
13420-191,184,638.5,LF,"RB XFD-P-06-12"" PURPLE/PURPLE STRIPE-500'",184,L,"12""",
13420-192,65,380.6,EA,RB XCZ-075-PRF-BF,65,CV,,
13420-193,231,638.5,LF,RB XFD-06-12 DRIPLINE-500',231,L,,
13420-194,190,638.5,LF,RB XFD-06-18 DRIPLINE-500',190,L,,
13420-195,185,638.5,EA,RB XFS-09-18 EMITTER TUBE-500',185,L,,
13420-196,224,638.5,LF,RB XFD-P-09-18-500',224,L,,
13420-197,223,638.5,EA,RB XFS-P-06-12 DRIP LINE-500' (purple),223,L,,
13420-198,191,638.5,EA,RB XFS-P-06-18 DRIP LINE-500',191,L,,
13420-199,200,638.5,EA,RB XFS-09-12 EMITTER TUBE-500',200,L,,
13420-200,0.23,639.1,FT,"SALCO PVC AR 050 1/2"" DRIPLINE",0.23,L,"2""",
13420-201,1.01,121,LF,"SALCO PVC  AR-100IPS  1"" TUBING",1.01,L,"1""",
13420-202,1.23,None,EA,SALCO M64/AP100 END FLUSH CAP,1.23,L,,
13420-203,0.92,None,EA,"SALCO DTS-140-900 9"" PVC CTD STK",0.92,L,"9""",
13420-204,74.52,380,EA,SALCO DYSS-150 WYE STRAINER,74.52,L,,
13420-205,75,380,EA,SALCO DYSFG-075 Y-STRAINER,75,L,,
13420-206,66,380,EA,SALCO DYS-O75 FILTER,66,L,,
13420-207,1,639.1,FT,"SALCO P1550 TUBING 1 1/2""",1,L,"2""",
13420-208,110,999,EA,"RB PRB QK CHK-100, 40PSI, 120 MESH",110,L,,
13420-210,150,380,EA,"SALCO DYSFG-150 Y-STRAINER  1 1/2""",150,L,"2""",
13420-211,5.1,639.2,EA,SALCO PVC-050-IH-12  MA/NIP.,5.1,L,,
13420-212,10,639.3,EA,SALCO PVC 050-IH 84    MA/NIP.,10,L,,
13420-213,8.5,639.3,EA,"SALCO PVC 050 IH 48""  MA/NIP.",8.5,L,"48""",
13420-214,4.5,639.3,EA,"SALCO PVC 050 IH 8""   MA/NIP.",4.5,L,"8""",
13420-216,8,639.3,EA,SALCO PVC 050-IH 36  MA/NIP.,8,L,,
13420-217,5.1,639.3,EA,SALCO PVC 050-IH 12 MA/NIP,5.1,L,,
13420-218,1,639.1,EA,"SALCO 1"" FLEXIBLE IPS",1,L,"1""",
13420-219,0.4,636.4,LF,RB XF BLANK TUBING,0.4,L,,
13420-220,1.05,639.3,EA,BOWSMITH SL220 EMITTER,1.05,L,,
13420-221,10,402.3,EA,SALCO SLV-AFV-075L FLUSH VLV,10,L,,
13420-222,184,638.5,LF,RB XFCV-09-12 DRIPLINE-500',184,L,,
13420-223,159,638.5,LF,RB XFCV-06-18-500',159,L,,
13420-224,24,999,EA,RB QKCHK100M FILTER SCREEN ONLY,24,L,,
13420-225,26,639.3,EA,RB PRF-075-RBY FILTER,26,L,,
13420-226,214,638.5,LF,RB XFCV-06-12 DRIP LINE-500',214,L,,
13420-227,30,639.3,EA,RB PRF-100-RBY FILTER,30,L,,
13420-228,158,638.5,LF,RB XFCV-09-18 DRIP LINE-500',158,L,,
13420-229,312,638.5,EA,RB XFS-CV-PS-06-12 (purple stripe)-500',312,L,,
13420-230,1.05,638.9,,BOWSMITH SL220 EMITTER SHRUB ASS.,1.05,SH,,
13420-231,0.32,None,EA,BOWSMITH FAN-JET NOZZLE #3802,0.32,L,,
13420-232,4.05,251,EA,BOWSMITH ML 210 6 OUTLET EMITTER,4.05,L,,
13420-233,4.05,251,EA,BOWSMITH ML 206 6 OUTLET EMITTER,4.05,L,,
13420-234,320,638.5,EA,RB XFS-CV-06-18-PS (purp stripe),320,L,,
13420-235,25,999,EA,"RB PSI-H40X-100 (1"")",25,L,"1""",
13420-236,1.15,999,EA,RB PC-07 BARBED EMITTER (7GPH - VIOLET),1.15,L,,
13420-237,1.15,999,EA,RB PC-18 BARBED EMITTER (18GPH - WHITE),1.15,L,,
13420-238,190,638.5,EA,RB XFS-09-12 (500' roll),190,L,,
13420-239,210,638.5,EA,RB XFS-09-18 (500' ROLL),210,L,,
13420-240,25,999,EA,"RB PSI-H40X-100 (1"")",25,L,"1""",
13420-241,250,638.5,EA,RB XFS-PS-06-12 (500') p-stripe,250,L,,
13420-242,50,999,EA,"RB PSI-H40X-150 (1.5"")",50,L,"5""",
13420-243,215,638.5,EA,RB XFS-PS-06-18 (500') purple stripe,215,L,,
13420-244,260,638.5,EA,RB XFS-PS-09-12 (500') p-stripe,260,L,,
13420-245,1.5,223,EA,SALCO SLV-PST-1 (Thrd emitter),1.5,L,,
13420-246,0.5,639.3,LF,"SALCO 1/2"" FLEXIBLE HOSE",0.5,L,"2""",
13420-270,0.5,639.3,EA,BOWSMITH S20-250 EMITTER,0.5,L,,
13420-271,,,,"GPH IH32BL 32"" FLX RISER",,,,
13420-272,,,,"GPH IH42BL  42"" FLX RISER",,,,
13420-273,,,,"GPH IH64BL 64"" FLX RISER",,,,
13420-274,,,,GPH GPST-CV-02-R emitter,,,,
13420-275,0.9,121,LF,GPH GPVCSS-AR050IPS sticky pipe,0.9,L,,
13420-276,0.4,642.3,EA,GPH GXB-2 BARBED EMITTER,0.4,L,,
13420-277,4.05,637.2,EA,GPH GPST-CV-2M EMITTER,4.05,L,,
13420-278,155,630,ea,GPH GPVCSSAR050IPS-200' roll,155,L,,
13420-279,0.43,999,EA,"GPH 436073B 1/2"" MA",0.43,L,"2""",
13420-280,2,999,EA,GPH PCS SCREEN,2,L,,
1342-030,1000,505,EA,"CITRUS SIN. VALENCIA 30""  STD",1000,TR,"30""",
13420-300,0.6,250,EA,RB XERISPRAY XS-180,0.6,L,,
13420-301,191,638.5,EA,RB XFS-P-06-18 (purple )-500',191,L,,
13420-302,1.15,639,EA,RB PC-05 EMITTER (BARB) BROWN,1.15,L,,
1342-036,1000,505,EA,"CITRUS SIN. VALENCIA 36""  STD",1000,TR,"36""",
13420-390,0.6,250,EA,RB XERISPRAY XS-090,0.6,L,,
13420-391,0.22,639.3,EA,RB DBC-025,0.22,L,,
13420-392,0.7,220,EA,RB UXB360 XERI-BUBBLER,0.7,L,,
13420-393,1.15,639,EA,RB PC-10-1032 GREEN,1.15,L,,
13420-394,204,638.5,EA,RB XFS-CV-06-18-500',204,L,,
13420-395,0.9,220,ea,RB UXB360SPYK (xeribubbler with spike),0.9,L,,
13420-396,27,635,EA,RB SPX-FLEX-100' ROLL,27,L,,
13420-397,0.2,999,EA,RB SBE-050 FITTING,0.2,L,,
13420-900,1.6,220,EA,RB XBT-20 (THREADED),1.6,L,,
13420-901,0.5,None,EA,RB 700-CF-1 (COMP. INSERT),0.5,L,,
13420-902,4,402.3,EA,RB-MDFCOUP & MDCFCAP FLUSH VALVE,4,L,,
13420-903,0.18,None,EA,RB TDS-050 STAKE,0.18,TRSTK,,
13420-904,0.5,None,EA,RB 600-CF-1 (COMP INSERT),0.5,L,,
13420-905,1.15,999,EA,RB PC-12 EMITTER (BARBED) BROWN,1.15,L,,
13420-906,0.8,639,EA,"RB TLF 600 SERIES COUP 1/2""",0.8,L,"2""",
13420-907,1.1,639,EA,"RB TLF 600 SERIES 1/2"" FTG. (TEE/EL/COUP)",1.1,L,"2""",
13420-908,1.05,639,EA,"RB TLF 600 SERIES ELBOW 1/2""",1.05,L,"2""",
13420-909,1.25,637,EA,RB SXB-360-1032 XERI BUBBLER,1.25,L,,
1342-101,465,400,EA,"APOLLO 102TK GV 3""",465,M,"3""",
1342-102,213,380.2,EA,"API-JAIN ARV-2"" AIR/VACUUM RELIEF",213,M,"2""",
1342-103,410,400,EA,"APOLLO 102-TK GV 2.5""",410,M,"5""",
1342-104,580,270,EA,"APOLLO 40-200 1 1/2"" BACKFLOW",580,POC,"2""",
1342-105,95,520,EA,"CITRUS ""DWARF MEYER"" 5G STD",95,TR,5G,
1342-106,231,400,EA,"APOLLO 102TK GV  2""",231,M,"2""",
1342-107,750,260,EA,"APOLLO RP4A-216-T211 2"" BF",750,POC,"2""",
1342-108,100,400,EA,"APOLLO 77CLF-10501 1"" BV",85,M,"1""",
1342-109,175,402.6,EA,"APOLLO 102TK GV 1.5""",175,M,"5""",
1342-110,170,400,EA,"APOLLO 102TK GV 2""",170,M,"2""",
13421-108,13,637.1,,"GPH GIH24ABR EMITTER w/24"" NIPPLE",13,L,"24""",
13421-109,15,637.1,EA,"GPH GIH96ABR EMITTER w/ 96"" NIPPLE",15,L,"96""",
1342-111,160,380,EA,"APOLLO 77CLF-10601 1.25"" BV",145,M,"25""",
13421-110,12.4,999,EA,"GPH GIH12-ABR emitter w/RISER 12""",12.4,L,"12""",
13421-111,8,637.1,EA,"GPH GIH40ABR  (GPST2D ON 40"" RISER 1/2"")",8,L,"40""",
13421-112,4,999,EA,"GPH GRJ412, EPOXY CTD 12"" J-HOOK (see Allspec)",4,L,"12""",
13421-113,5,999,EA,"GPH GRJ418 EPOXY CTD 18"" J-HOOK (see Allspec)",5,L,"18""",
13421-114,4,637.1,ea,"GPH IH12BL (12"" flex w/2 black MA)",4,L,"12""",
13421-115,6,637.1,EA,GPH GPST-2 with flex riser,6,L,,
13421-116,6.9,999,EA,"GPH IH12BL 12"" FLEX RISER",6.9,L,"12""",
13421-117,8.1,999,EA,"GPH IH54BL 54"" FLEX RISER",8.1,L,"54""",
13421-118,4,999,EA,"GPH IH12BR (12"" uvr flex riser)",4,L,"12""",
1342-112,120,402,EA,"APOLLO 102TK GV 1""",120,M,"1""",
1342-113,175,402,EA,"APOLLO 102TK GV 1.25""",175,M,"25""",
13421-144,0.4,None,EA,RB DRIP XB-05-PC EMITTER,0.4,L,,
1342-136,1000,505,EA,"CITRUS MORO ORANGE 36"" STD",1000,TR,"36""",
13422-144,0.45,639,EA,RB XB-10-PC DRIP EMITTER BLACK,0.45,L,,
1342-236,1000,505,EA,"CITRUS KUMQUAT 36"" STD",1000,TR,"36""",
13423-144,0.45,639,EA,RB XB-20-PC DRIP EMITTER RED,0.45,L,,
13423-150,0.3,639.9,EA,RB PFR-RS-12'' POLYFLEX RISER / STAKE,0.3,TRSTK,,
13423-151,0.5,None,EA,RB PFR POLYFLEZ ADAPTER FRA-050,0.5,L,,
1342-336,1000,505,EA,"CITRUS MEXICAN LIME 36"" STD",1000,TR,"36""",
13424-144,0.45,639,EA,RB XB-05 DRIP EMITTER (BARBED) BLUE,0.45,L,,
1342-424,300,507,EA,"FRUIT TREE 24""",300,TR,"24""",
1342-436,900,505,EA,"FRUIT TREE 36""",900,TR,"36""",
13425-144,0.15,None,EA,"RB APB-025 1/4"" BARBED CONNECTOR",0.15,L,"4""",
13426-144,0.4,None,EA,RB TS-025 TUBING STAKE,0.4,TRSTK,,
1342-724,450,507,EA,CITRUS 'MORO BLOOD' ORANGE 24,450,TR,,
1342-736,1000,505,EA,"CITRUS VALENCIA ORANGE 36"" STD",1000,TR,"36""",
1342-836,1000,505,EA,"CITRUS 'MORO' 36""",1000,TR,"36""",
13429-199,0.38,636.4,LF,RB XFS-06-24 DRIP LINE,0.38,L,,
1342-936,1000,505,EA,"CITRUS 'MINNEOLA' TANGELO 36""",1000,TR,"36""",
1343-015,220,519,EA,"CITRUS "" ORANGE"" 15G",220,TR,15G,
1343-036,1000,505,EA,"CITRUS ""MEYERS IMPROVED"" 36"" STD",1000,TR,"36""",
1343-115,220,510,EA,CITRUS MANDARIN ORANGE 15G,220,TR,15G,
1343-136,600,527.5,EA,"CITRUS ""DANCY MANDARIN"" 24"" ESP",600,TR,"24""",
1343-324,600,507,EA,"CITRUS - 'EUREKA' LEMON 24""  ESP",600,TR,"24""",
1343-424,450,506,EA,CITRUS MEYERS LIME 24,450,TR,,
1343-524,450,507.2,EA,CITRUS RETICULATA 24,450,TR,,
1343-624,450,507,EA,CITRUS MEXICAN LIME 24,450,TR,,
1343-714,0,522,EA,"CITRIPOT (4"" X 14"")",0,TR,"4""",
1343-715,220,510,EA,"CITRUS ""DWARF WASH. NAVEL"" 15G",220,TR,15G,
1343-724,450,507.2,EA,CITRUS DWF EUREKA LEMON 24,450,TR,,
1343-824,300,507,EA,"PEACH 24"" BOX",300,TR,"24""",
1343-924,300,507,EA,"NECTARINE 24"" BOX",300,TR,"24""",
1347-105,16,520,EA,CLARKIA CYLINDRICA 5G,16,GCC,5G,
1348-115,250,519,EA,CLEISTOCACTUS STRAUSII 15G,250,SH,15G,
1348-124,500,507,EA,"CLEISTOCACTUS STRAUSII 24""",500,SH,"24""",
1349-501,3.85,522,EA,"CHLOROPHYTUM COMOSUM VAR. 6"" POT",3.85,GCC,"6""",
1349-505,8.5,520,EA,"CHLOROPHYTUM COMOSUM VAR. 10"" POT",8.5,GCC,"10""",
1350-501,6,527,EA,CLEMATIS 1G STK,6,SH,1G,
1350-505,20,526,EA,CLEMATIS 5G STK,20,SH,5G,
1350-515,32,525,EA,CLEMATIS 15G STK,32,SH,15G,
1350-555,31,525,EA,CLEMATIS ROMONA 15G  STK,31,SH,15G,
1350-601,5.5,522,EA,CLEMATIS LASIANTHA 1G,5.5,SH,1G,
1350-605,18,526,EA,CLEMATIS X CAR. 'BLAAVAL' 5G STK,18,SH,5G,
1350-615,35,525,EA,CLEMATIS ARMANDII 15G STK,35,SH,15G,
1350-715,40,525,EA,CLEMATIS HENRII 15G   STK,40,SH,15G,
1351-015,35,525,EA,CLEMATIS ETOILE VIOLET. 15G  STK,35,SH,15G,
1351-305,23,901,EA,CLEMATIS PANICULATA 5G STK,23,SH,5G,
1351-315,35,525,EA,CLEMATIS PANICULATA 15G STK,35,SH,15G,
1351-505,12,526,EA,CLEMATIS HYBRID RED 5G.STK.,12,SH,5G,
1351-605,30,520,EA,CLETHRA HUMMINGBIRD 5G,30,SH,5G,
1355-405,25,520,EA,CLIVIA MIN. 'MONYA' 5G,25,GCC,5G,
1355-501,5,522,EA,CLIVIA MINIATA 1G,5,GCC,1G,
1355-505,16,520,EA,CLIVIA MINIATA 5G,16,GCC,5G,
1355-601,6.25,522,EA,CLIVIA MIN. 'YELLOW' 1G,6.25,GCC,1G,
1355-605,30,520,EA,CLIVIA MIN. 'SAN MARCOS YELLOW' 5G,30,GCC,5G,
1356-501,5,522,EA,CLIVIA MIN HYBRID 1G,5,GCC,1G,
1356-505,17,520,EA,CLIVIA MIN YELLOW 5G,17,GCC,5G,
1356-515,75,519,EA,CLIVIA PATRIOT W. DOVE WINGS 15G,75,GCC,15G,
1360-315,125,528,EA,CLYTO CALL (BIG VIO) 15G ESP,125,SH,15G,
1360-501,5,527,EA,CLYTOSTOMA CALL. BIG-VIO 1G STK,5,SH,1G,
1360-505,18,526,EA,CLYTO CALLI (BIG VIOL) 5G STK,18,SH,5G,
1360-515,45,525,EA,CLYTO. CALL. BIG-VIO 15G STK,45,SH,15G,
1-4,400,999,EA,ALHAMBRA FOUNDRY # A-1241 11.5,400,POC,,
14-0200,567.11,380,EA,"CASH-ACME 2"" PRES. REG.",567.11,POC,"2""",
14-0201,950,380,EA,"CST FSI-T15-001 1.5"" FLOW SENSOR",950,POC,"5""",
14-0202,445,380,EA,"CST FSI-T10-001 1"" FLOW SENSOR",445,POC,"1""",
14-0203,475,380,EA,"CST FSI-T20-001 2"" FLOW SENSOR",475,POC,"2""",
14-0204,140,402,EA,CST ELF-T10-N01 FLOW SENSOR,140,POC,,
14-0205,620,380,EA,"CST FSI-B10-001 1"" BRASS F.S.",620,L,"1""",
14-0206,350,380,EA,CST ELF-N10-SP3 F.S.,350,L,,
14-0300,60,999,EA,FOAM INSULATION WRAP,60,POC,,
14-0400,750,380,EA,"FORD 2"" B13-777W-HB-67S (locking BV)",750,POC,"2""",
1410-005,12,520,EA,COPROSMA 'ROYS RED' 5G,12,SH,5G,
1410-101,3,522,EA,COPROSMA K VERDE VISTA 1G,3,SH,1G,
1410-105,35,520,EA,PHYLLOSTACHYS NIGRA 5G,35,SH,5G,
1410-115,90,519,EA,PHYLLOSTACHYS NIGRA 15G,90,SH,15G,
1410-124,0,507,EA,"PHYLLOSTACHYS NIGRA 24""",0,SH,"24""",
1410-215,70,519,EA,PHYLLOSTACHYS AUREA 15G,70,SH,15G,
1410-224,250,507,EA,"PHYLLOSTACHYS AUREA 24""",250,SH,"24""",
1410-315,250,519,EA,PHYLLOSTACHYS VIVAX 15G,250,SH,15G,
1410-501,4,522,EA,COPROSMA KIRKII 1G,4,SH,1G,
1410-504,1.25,524,EA,COPROSMA KIRKII LINER,1.25,SH,,
1410-505,10.5,520,EA,COPROSMA KIRKII 5G,10.5,SH,5G,
1410-515,42,519,EA,COPROSMA KIRKII 15G,42,SH,15G,
1410-605,9.5,520,EA,COPROSMA K. VARIEGATA 5G,9.5,SH,5G,
1410-705,10,520,EA,COPROSMA 'TEQUILA SUNRISE' 5G,10,SH,5G,
1411-005,12,520,EA,COPROSMA X EVENING GLOW 5G,12,SH,5G,
1411-105,9,520,EA,ASPIDIUM CAPENSE 5G,9,GCC,5G,
1411-115,115,519,EA,PHYLLOSTACHYS BAMBUSOIDES 15G,115,SH,15G,
1411-205,17,520,EA,ASPIDISTRA ELATIOR VAR. 5G,17,GCC,5G,
1411-501,3,522,EA,COPROSMA REPENS 1G,3,SH,1G,
1411-505,9.5,520,EA,COPROSMA REPENS 5G,9.5,SH,5G,
1411-515,28,519,EA,COPROSMA REPENS 15G,28,SH,15G,
1411-605,2.75,522,EA,COPROSMA REP. VARIEGATA 1G,2.75,SH,1G,
1411-805,7.5,520,EA,COPR. R. ARGENTINA 5G,7.5,SH,5G,
1411-905,15,520,EA,COPROSMA REPENS EVENING GLOW 5G,15,SH,5G,
1412-111,2.75,522,EA,COPROSMA PUMILA 1G,2.75,SH,1G,
1412-305,9,520,EA,COPROSMA P. VERDE VISTA 5G,9,SH,5G,
1412-401,3.5,522,EA,COPROSMA MARBLE QUEEN 1G,3.5,SH,1G,
1412-405,15,520,EA,COPROSMA  MARBLE QUEEN 5G,15,SH,5G,
1412-415,45,519,EA,COPROSMA MARBLE QUEEN 15G,45,SH,15G,
1412-505,8,520,EA,COPROSMA REPENS VAR 5G,8,SH,5G,
1412-515,29,519,EA,"COPROSMA REPENS ""VAR."" 15G",29,SH,15G,
1412-605,10,520,EA,COPROSMA R. MARBLE QUEEN 5G,10,SH,5G,
1412-615,35,519,EA,COPROSMA MARGINATA 15G,35,SH,15G,
1412-705,23,520,EA,COPROSMA PINK SPLENDOR 5G,23,SH,5G,
1414-005,27,520,EA,ECHEVERIA ELEGANS 5G,27,GCC,5G,
1414-105,25,520,EA,ECHEVERIA COL. 'MEXICAN GIANT' 5G,25,GCC,5G,
1414-205,27,520,EA,ECHEVERIA AGA. 'LIPSTICK' 5G,27,GCC,5G,
1414-305,24,520,EA,ECHEVERIA 'AFTERGLOW' 5G,24,GCC,5G,
1414-405,22,520,EA,ECHEVERIA PALLIDA 5G,22,GCC,5G,
1414-505,27,520,EA,ECHEVERIA HYBRIDS 5G,27,GCC,5G,
1414-506,17,520,EA,ECHEVERIA IMBRICATA 2G,17,GCC,2G,
1414-605,25,520,EA,ECHEVERIA CRENULATA 5G,25,GCC,5G,
1414-702,27,520,EA,ECHEVERIA NODULOSA 2G,27,GCC,2G,
1414-705,27,520,EA,ECHEVERIA 'BLUE CURLS' 5G,27,GCC,5G,
1414-802,14,520,EA,ECHEVERIA RUFFLES 2G,14,GCC,2G,
1414-805,25,520,EA,ECHEVERIA DICK'S PINK 5G,25,GCC,5G,
1414-810,50,520,EA,"ECHEVERIA RUFFLED RED 10"" POT",50,GCC,"10""",
1414-902,15,520,EA,ECHEVERIA WHITE CLOUD 2G,15,GCC,2G,
1414-905,,,,ECHEVERIA PURPLE PEARL 5G,,,,
14-1617,210.28,400,EA,"APCO PRES.RELIEF 1""",210.28,POC,"1""",
14-1618,350,291,EA,"APOLLO RP-4A1-24-T2LL 1""",350,POC,"1""",
14-1619,200,290,EA,"APOLLO PBV4A-505-04-LL 1"" W/ YB-1",200,POC,"1""",
14-1620,650,270,EA,"APOLLO RP 4ALL-217-T2LL 1 1/2"" BF",650,POC,"2""",
14-1621,400,300,EA,APOLLO 4A-508-A2F-LL PB,400,POC,,
14-1622,225,280,EA,"APOLLO PVB4A-506-T2LL-YB114  BKFL 1-1/4""",225,POC,"4""",
14-1623,580,290,EA,"APOLLO 4ALF1-215-T4-LL 1"" BACKFLOW",580,POC,"1""",
14-1624,400,380,EA,"APOLLO YB 59 1.5"" PRV",400,POC,"5""",
1420-005,20,520,EA,CORDYLINE B ELECTRIC PINK 5G,20,SH,5G,
14-2001,70,402,EA,"EZ FLO C200 2"" SOCKET COUPLING",70,L,"2""",
1420-015,75,519,EA,CORDYLINE 'ELECTRIC PINK' 15G,75,SH,15G,
1420-024,240,507,EA,"CORDIA BOISSIERI 24""",,,,
1420-101,4.3,522,EA,COREOPSIS LANCEOLATA 1G,4.3,GCC,1G,
1420-105,7.5,522,EA,CORDYLINE BAUERI 1G (MONROVIA),7.5,SH,1G,
1420-115,50,519,EA,CORDYLINE AUS. ATROPURPUREA 15G,50,SH,15G,
1420-124,150,507,EA,"CORDYLINE STRICTA 24""",150,TR,"24""",
1420-136,400,505,EA,"CORDYLINE AUSTRALIS 36""",400,TR,"36""",
1420-148,850,503,EA,"CORDYLINE AUSTRALIS 48""",850,TR,"48""",
1420-201,4.25,522,EA,COREPSIS GRANDIFLORA 1G,4.25,GCC,1G,
1420-205,35,522,EA,CORDYLINE DARK STAR 5G,35,SH,5G,
1420-215,75,519,EA,CORDYLINE FESTIVAL GRASS 15G,75,SH,15G,
1420-224,200,507,33,"CORDYLINE AUSTRALIS 24""  MLT",200,TR,"24""",
1420-236,420,505,EA,"CORDYLINE STRICTA 36""",420,TR,"36""",
1420-301,4,522,EA,COREOPSIS VERTICILLATA 1G,4,GCC,1G,
1420-305,35,520,EA,CORDYLINE RENEGADE 5G,35,SH,5G,
1420-315,55,519,EA,CORDYLINE BAUERI 15G,55,SH,15G,
1420-324,170,507.2,EA,"CORDYLINE STRICTA 24"" MLT",170,TR,"24""",
1420-401,4.4,522,EA,COREOPSIS MOONBEAM 1G,4.4,GCC,1G,
1420-405,20,520,EA,CORDYLINE BAUERI 5G,20,SH,5G,
1420-415,65,519,EA,CORDYLINE REDSTAR 15G,65,SH,15G,
1420-424,200,507,EA,"CORDYLINE AUST. ATROPURP. 24""",200,TR,"24""",
1420-501,3,522,EA,"COREOPSIS LAN. ""SUN RAY"" 1G",3,GCC,1G,
1420-505,14,520,EA,CORDYLINE STRICTA 5G,14,SH,5G,
1420-515,60,519,EA,CORDYLINE STRICTA 15G,60,SH,15G,
1420-524,200,507.2,EA,"CORDYLINE BAUERI 24""",200,TR,"24""",
1420-555,12,522,EA,COREOPSIS ' EARLY SUNRISE' 5 G.,12,GCC,5G,
1420-601,3.5,522,EA,COREOPSIS LAN. MOONBEAM 1G,3.5,GCC,1G,
1420-605,20,520,EA,CORDYLINE S. SUNDANCE 5G,20,SH,5G,
1420-615,65,519,EA,CORDYLINE AUSTRALIS 15G,65,SH,15G,
1420-624,200,507,EA,"CORDYLINE 'RED STAR' 24""",200,TR,"24""",
1420-701,3.5,522,EA,COREOPSIS AURICULATA 'NANA' 1G,3.5,GCC,1G,
1420-705,20,520,EA,CORDYLINE A. RED SENSATION 5G,20,SH,5G,
1420-715,50,519,EA,CORDYLINE INDIVISA 15G,50,SH,15G,
1420-801,6,522,EA,CORDYLINE 'FESTIVAL GRASS' 1G,6,SH,1G,
1420-805,25,520,EA,CORDYLINE FESTIVAL GRASS 5G,25,SH,5G,
1420-815,80,519,EA,CORDYLINE BURGUNDY SPIRE 15G,80,SH,15G,
1420-905,20,520,EA,CORDYLINE A. PURPUREA 5G,20,SH,5G,
1420-915,75,519,EA,CORDYLINE A. DARK STAR 15G,75,SH,15G,
1421-005,35,522,EA,CORDYLINE RED STAR 5G,35,SH,5G,
1421-015,50,519,EA,CORDYLINE SUNRISE 15G,50,SH,15G,
1421-105,,,,CORDYLINE DESIGN-A-LINE 5G,,,,
1421-115,70,519,EA,CORDYLINE PURPLE SENSATION 15G,70,SH,15G,
1421-205,25,520,EA,CORDYLINE AUS. 'ATROPURPUREA' 5G,25,SH,5G,
1421-215,90,519,EA,CORDYLINE 'FESTIVAL LIME' 15G - (MONROVIA),90,SH,15G,
1421-224,220,507,EA,"CORDYLINE TORBAY DAZZLER 24""",220,TR,"24""",
1421-305,12,520,EA,CORDYLINE AUS. 'TORBAY DAZZLER' 5G,12,SH,5G,
1421-315,65,519,EA,CORDYLINE AUS. 'TORBAY DAZZLER' 15G,65,SH,15G,
1421-405,20,520,EA,CORDYLINE A. 'Je101' 5G,20,SH,5G,
1421-415,70,519,EA,CORDYLINE 'RED SENSATION' 15G,70,SH,15G,
1421-505,20,520,EA,CORDYLINE RUBRA 5G,20,SH,5G,
1422-024,320,507,EA,"CORNUS NUTTALLII 24"" L/B",320,TR,"24""",
14-2608,24,187,LF,"SLV 16"" ALERTLINE SCH. 40",24,S,"16""",
14-2609,35,187,LF,"SLV 12"" SCH. 40 ALERTLINE",35,S,"12""",
14-2610,29,186.1,LF,"SLV 8"" SCH 40 ALERTLINE",29,S,"8""",
14-2620,8.75,185,LF,"SLV 6"" SCH 40 ALERTLINE",13.3,S,"6""",
14-2630,4.9,182,LF,"SLV 4"" SCH 40 ALERTLINE",7.2,S,"4""",
14-2640,3.5,172,LF,"SLV 3"" SCH 40 ALERTLINE",5.45,S,"3""",
14-2650,2.75,164,LF,"SLV 2.5"" SCH 40 ALERTLINE",3.9,S,"5""",
14-2660,1.6,154,LF,"SLV 2"" SCH 40 ALERTLINE",2.5,S,"2""",
14-2670,1.25,144,LF,"SLV 1 1/2"" SCH 40 ALERTLINE",1.85,S,"2""",
14-2680,1.05,134,LF,"SLV 1 1/4"" SCH 40 ALERTLINE",1.6,S,"4""",
14-2690,0.8,124,LF,"SLV 1"" SCH 40 ALERTLINE",1.15,S,"1""",
14-2700,0.55,114,LF,"SLV 3/4"" SCH 40 ALERTLINE",0.8,S,"4""",
14-2710,0.45,102,LF,"SLV 1/2"" SCH 40 ALERTLINE",0.65,S,"2""",
14-2720,5.475,185,LF,"SLV 6"" CL 200 ALERTLINE",13.9,S,"6""",
14-2730,10.9,182,LF,"SLV 4"" PVC 315 ALERTLINE",10.9,S,"4""",
14-2731,2.625,182,LF,"SLV 4"" CL 200 ALERTLINE",6.4,S,"4""",
14-2740,6.3,172,LF,"SLV 3"" PVC 315 ALERTLINE",6.3,S,"3""",
14-2741,4.5,172,LF,"SLV 3"" PVC CL 200 ALERTLINE",4.5,S,"3""",
14-2750,4.65,164,LF,"SLV 2.5"" PVC 315 ALERTLINE",4.65,S,"5""",
1428-004,1.88,999,EA,"SALCO SLV-PVC-ACL4 4"" FLEX RISER",1.88,L,"4""",
1430-501,9,520,EA,COREOPSIS VER. MOONBEAM 5G,9,GCC,5G,
1440-115,50,510,EA,COTINUS C. ROYAL PURPLE 15G MLT,50,SH,15G,
1440-124,200,507,EA,"COTINUS COG. ROYAL PURPLE 24"" MLT",200,SH,"24""",
1440-148,1200,503,EA,"COTINUS COGGYGRIA 48"" MLT",1200,SH,"48""",
1440-224,200,507,EA,"COTINUS COG. PINK CHAMP 24""",200,SH,"24""",
1454-100,14,531,EA,COTONEASTER CONGESTUS FLATS,14,GCC,,
1454-105,7.5,520,EA,COTONEASTER DAMERII 5G,7.5,SH,5G,
1454-205,3,522,EA,COTONEASTER DAMERII 1G,3,SH,1G,
1454-301,4,522,EA,COTONEASTER D. 'CORAL BEAUTY' 1G,4,SH,1G,
1454-305,17.5,520,EA,COTONEASTER CALIF GLORY 5G,17.5,SH,5G,
1454-401,3,522,EA,COTONEASTER MICRO. 1G,3,SH,1G,
1454-501,3,522,EA,COTONEASTER LACTEUS 1G,3,SH,1G,
1454-505,9,520,EA,COTONEASTER LACTEUS 5G,9,SH,5G,
1454-515,42,519,EA,COTONEASTER LACTEUS 15G,42,SH,15G,
1454-601,3,522,EA,COTONEASTER PARNEYI 1G,3,SH,1G,
1454-605,7.5,520,EA,COTONEASTER HORIZONTALIS 5G,7.5,SH,5G,
1454-701,3,522,EA,COTONEASTER EMERALD SPRAY 1G,3,SH,1G,
1454-705,11.2,520,EA,COTONEASTER CORAL BTY 5G,11.2,SH,5G,
1454-805,11,520,EA,COTONEASTER BUXIFOLIUS 5G,11,SH,5G,
1454-905,7.5,520,EA,COTONEASTER LIKIANNG 5G,7.5,SH,5G,
1455-501,3.7,522,EA,COTONEASTER CONGESTUS 1G,3.7,SH,1G,
1455-505,40,519,EA,COTONEASTER PARNEYII 15G,40,SH,15G,
1455-515,9,520,EA,COTONEASTER CONG. 5G,9,SH,5G,
1455-801,3,522,EA,COTONEASTER PARNEYII 1G,3,SH,1G,
1455-805,10,520,EA,COTONEASTER PARNEYI 5G,10,SH,5G,
1456-105,10.5,520,EA,COTONEASTER D LOWFAST 5G,10.5,SH,5G,
1456-205,7.5,520,EA,COTON. D. ROYAL BEAUTY 5G,7.5,SH,5G,
1456-501,3.6,522,EA,COTONEASTER LOWFAST 1G,3.6,SH,1G,
1456-505,7.5,520,EA,COTONEASTER LIKIANNG 5G,7.5,SH,5G,
1457-501,3,522,EA,COTONEASTER HORIZONTALIS 1G,3,SH,1G,
1457-502,2.5,522,EA,COTONEASTER MICROPHYLLUS 1GAL,2.5,SH,1G,
1457-505,9.5,520,EA,COTONEASTER MICROPHYL. 5G,9.5,SH,5G,
1458-501,4,522,EA,COTONEASTER S. REPENS 1G,4,SH,1G,
1458-505,7.5,520,EA,COTONEASTER LACTEUS 5G,7.5,SH,5G,
1458-605,9,520,EA,COTONEASTER SALICIFOLIUS 5G,9,SH,5G,
1458-705,9.5,520,EA,COTONEASTER ELEGANS 5G,9.5,SH,5G,
1459-005,16,520,EA,COTYLEDON 'LONG FINGERS' 5G,16,SH,5G,
1459-015,100,519,EA,CRASS. OVATA CROSBYS DWARF 15G,100,SH,15G,
1459-101,6,522,EA,CRASSULA OVA. 'JITTERS' 1G,6,SH,1G,
1459-105,22,520,EA,CRASSULA OVA. 'VARIEGATA' 5G,22,SH,5G,
1459-115,18,520,EA,CRASSULA OVATA 5G,18,SH,5G,
1459-201,6.5,522,EA,CRASSULA TETRAGONA 1G,6.5,SH,1G,
1459-205,16,520,EA,COTYLEDON MACRANTHA 5G,16,SH,5G,
1459-215,38,519,EA,COTYLEDON ORBICULATA 15G,38,SH,15G,
1459-224,165,521,EA,"CRASSULA OVATA 24""",165,SH,"24""",
1459-301,5,522,EA,COTYLEDON TOMENTOSA 1G,5,SH,1G,
1459-305,23,520,EA,CRASSULA O. SUNSET 5G,23,SH,5G,
1459-315,80,519,EA,CRASSULA OVATA 15G,80,SH,15G,
1459-401,5.5,522,EA,COTYLEDON ORBICULTA 1G,5.5,SH,1G,
1459-405,16,520,EA,COTYLEDON ORB. 'CINDERELLA' 5G,16,SH,5G,
1459-415,100,519,EA,CRASSULA TRICOLOR 15G,100,SH,15G,
1459-501,6,522,EA,COTYLEDON MINT RUFFLES 1G,6,SH,1G,
1459-505,22,520,EA,CRASSULA FALCATA 5G,22,SH,5G,
1459-515,90,519,EA,CRASSULA ARBORESCENS 15G,90,SH,15G,
1459-601,7,522,EA,COTYLEDON BEAR PAW 1G,7,SH,1G,
1459-605,18,520,EA,CRASSULA FALCATA 5G,18,SH,5G,
1459-615,90,519,EA,CRASSULA ARGENTA 15G,90,SH,15G,
1459-701,5.5,522,EA,COTYLEDON MINI TRUFFLES 1G,5.5,SH,1G,
1459-705,16,520,EA,COTYLEDON ORBICULATA 5G,16,SH,5G,
1459-715,75,519,EA,CRASSULA PINK BEAUTY 15G,75,SH,15G,
1459-805,16,520,EA,COTYLEDON MINI TRUFFLES 5G,16,SH,5G,
1459-815,90,519,EA,CRASSULA OVA. 'GOLLUM' 15G,90,SH,15G,
1459-901,6,522,EA,CRASSULA OVATA 1G,6,SH,1G,
1459-905,16,520,EA,COTYLEDON WHITE SPRITE 5G,16,SH,5G,
1459-915,70,519,EA,CRASSULA OVA. 'SUNSET' 15G,70,SH,15G,
1460-505,13,520,EA,CRYTOMIUM FALCATUM 5G,13,GCC,5G,
1460-605,12,520,EA,CYRTOMIUM 'ROCHFORDIANUM' 5G,12,GCC,5G,
1478-705,30,529,EA,COTONEASTER LAC. 5G  ESP,30,SH,5G,
1-5,33,None,FT,ALHAMBRA FOUNDRY A-2422-6,33,CV,,
15,9.45,520,EA,PHORMIUM DO NOT USIS SPP.,9.45,SH,,
1500,0,None,EA,EXTENDED MAINTENANCE,0,,,
150-020,0,999,EA,SCH 80 NIPPLE (PVC) - 1 1/2 X 2,0,L,,
150-020BS,11,999,EA,BRASS NIPPLE - 1 1/2 X 2,11,L,,
1500-224,190,507,EA,"LAGUNARIA PATERSONII  24""",190,TR,"24""",
150-030,0,None,EA,1 1/2 X 3 NIPPLE - SCH 80 (PVC),0,L,,
150-030BL,0,None,EA,1 1/2 X 3 NIPPLE - SCH 80 (B-LN),0,L,,
150-030BS,21,None,EA,1 1/2 X 3 NIPPLE (BRASS),21,L,,
150-030UV,0,None,EA,1 1/2 X 3 NIPPLE - SCH 80 (UVR),0,L,,
1500-336,480,505,EA,LAGUNARIA PATTERSONII 36'',480,TR,,
150-040,0.6,None,EA,1 1/2 X 4 NIPPLE - SCH 80 (PVC),0.6,L,,
150-040BL,0,None,EA,1 1/2 X 4 NIPPLE - SCH 80 (B-LN),0,L,,
150-040BS,26,None,EA,1 1/2 X 4 NIPPLE (BRASS),26,L,,
150-040UV,0,None,EA,1 1/2 X 4 NIPPLE - SCH 80 (UVR),0,L,,
150-060,1.3,None,EA,1 1/2 X 6 NIPPLE - SCH 80 (PVC),1.3,L,,
150-060BL,12.9,None,EA,1 1/2 X 6 NIPPLE - SCH 80 (B-LN),12.9,L,,
150-060BS,38,None,EA,1 1/2 X 6 NIPPLE (BRASS),38,L,,
150-060UV,0,None,EA,1 1/2 X 6 NIPPLE - SCH 80 (UVR),0,L,,
150-080,0,None,EA,1 1/2 X 8 NIPPLE - SCH 80 (PVC),0,L,,
150-080BL,0,None,EA,1 1/2 X 8 NIPPLE - SCH 80 (B-LN),0,L,,
150-080UV,0,None,EA,1 1/2 X 8 NIPPLE - SCH 80 (UVR),0,L,,
150-100,0,None,EA,1 1/2 X 10 NIPPLE - SCH 80 (PVC),0,L,,
150-100BL,0,None,EA,1 1/2 X 10 NIPPLE - SCH 80 (B-LN),0,L,,
150-100BS,52,None,EA,1 1/2 X 10 NIPPLE (BRASS),52,L,,
150-100UV,0,None,EA,1 1/2 X 10 NIPPLE - SCH 80 (UVR),0,L,,
150-120,0,None,EA,1 1/2 X 12 NIPPLE - SCH 80 (PVC),0,L,,
150-120BL,0,None,EA,1 1/2 X 12 NIPPLE - SCH 80 (B-LN),0,L,,
150-120BS,75,None,EA,1 1/2 X 12 NIPPLE (BRASS),75,L,,
150-120UV,0,None,EA,1 1/2 X 12 NIPPLE - SCH 80 (UVR),0,L,,
150-140,0,None,EA,1 1/2 X 14 NIPPLE - SCH 80 (PVC),0,L,,
150-140BL,0,None,EA,1 1/2 X 14 NIPPLE - SCH 80 (B-LN),0,L,,
150-140BS,0,None,EA,1 1/2 X 14 NIPPLE (BRASS),0,L,,
150-140UV,0,None,EA,1 1/2 X 14 NIPPLE - SCH 80 (UVR),0,L,,
150-160,0,None,EA,2 1/2 X 16 NIPPLE - SCH 80 (PVC),0,L,,
150-160BL,0,None,EA,1 1/2 X 16 NIPPLE - SCH 80 (B-LN),0,L,,
150-160BS,0,None,EA,1 1/2 X 16 NIPPLE (BRASS),0,L,,
150-160UV,0,None,EA,1 1/2 X 16 NIPPLE - SCH 80 (UVR),0,L,,
150-180,0,None,EA,1 1/2 X 18 NIPPLE - SCH 80 (PVC),0,L,,
150-180BL,0,None,EA,1 1/2 X 18 NIPPLE - SCH 80 (B-LN),0,L,,
150-180BS,145,None,EA,1 1/2 X 18 NIPPLE (BRASS),145,L,,
150-180UV,0,None,EA,1 1/2 X 18 NIPPLE - SCH 80 (UVR),0,L,,
150-240,2.5,None,EA,1 1/2 X 24 NIPPLE - SCH 80 (PVC),2.5,L,,
150-240BL,0,None,EA,1 1/2 X 24 NIPPLE - SCH 80 (B-LN),0,L,,
150-240BS,150,None,EA,1 1/2 X 24 NIPPLE (BRASS),150,L,,
150-240UV,0,None,EA,1 1/2 X 24 NIPPLE - SCH 80 (UVR),0,L,,
150-300,0,None,EA,1 1/2 X 30 NIPPLE - SCH 80 (PVC),0,L,,
150-300BL,0,None,EA,1 1/2 X 30 NIPPLE - SCH 80 (B-LN),0,L,,
150-300BS,187,None,EA,1 1/2 X 30 NIPPLE (BRASS),187,L,,
150-300UV,0,None,EA,1 1/2 X 30 NIPPLE - SCH 80 (UVR),0,L,,
15-0311,20.25,402,EA,3 CLEAN OUT STYRENE,20.25,M,,
150-360,0,None,EA,1 1/2 X 36 NIPPLE - SCH 80 (PVC),0,L,,
150-360BL,0,None,EA,1 1/2 X 36 NIPPLE - SCH 80 (B-LN),0,L,,
150-360BS,221,None,EA,1 1/2 X 36 NIPPLE (BRASS),221,L,,
150-360UV,0,None,EA,1 1/2 X 36 NIPPLE - SCH 80 (UVR),0,L,,
15-0411,20,402,EA,"4"" CLEAN OUT",20,M,"4""",
150-CL,0,None,EA,1 1/2 X CLOSE NIPPLE - SCH 80 (PVC),0,L,,
150-CLBL,0,None,EA,1 1/2 X CLOSE NIPPLE - SCH 80 (B-LN),0,L,,
150-CLBS,11,None,EA,1 1/2 X CLOSE NIPPLE (BRASS),11,L,,
150-CLUV,0,None,EA,1 1/2 X CLOSE NIPPLE - SCH 80 (UVR),0,L,,
15-1020,0.26,None,EA,1/2 X CL NIPPLE SCH 80,0.26,L,,
15-1040,0.3,None,EA,1/2 X 2 NIPPLE SCH 80,0.3,L,,
15-1060,0.75,None,EA,1/2 X 4 NIPPLE SCH 80,0.75,L,,
15-1080,0.95,None,EA,1/2 x 6 NIPPLE SCH 80,0.95,L,,
15-1081,1.3,999,EA,"1/2"" X 6"" FLEX RISER",1.3,L,"2""",
15-1100,0.7,None,EA,1/2 X 8 NIPPLE SCH 80,0.7,L,,
15-1120,0.85,None,EA,1/2 X 10 NIPPLE SCH 80,0.85,L,,
15-1140,1.25,None,EA,1/2 X 12 NIPPLE SCH 80,1.25,L,,
15-1160,1.7,None,EA,1/2 X 18 NIPPLE SCH 80,1.7,L,,
15-1180,0.3,None,EA,3/4 X CL NIPPLE SCH 80,0.3,L,,
15-1200,0.3,None,EA,3/4 X 2 NIPPLE SCH 80,0.3,L,,
15-1220,0.5,None,EA,"3/4"" x 4"" PVC 80 nipple",0.5,L,"4""",
15-1240,0.48,None,EA,3/4 X 6 NIPPLE SCH 80,0.48,L,,
15-1260,0.75,None,EA,3/4 X 8 NIPPLE SCH 80,0.75,L,,
15-1280,2.4,None,EA,3/4 X 12 NIPPLE SCH 80,2.4,L,,
15-1300,1.75,None,EA,3/4 X 18 NIPPLE SCH 80,1.75,L,,
15-1305,2,None,EA,3/4 X 24 NIPPLE SCH 80,2,L,,
15-1310,6.5,999,EA,"3/4"" x 48"" NIPPLE SCH.80",6.5,L,"4""",
15-1311,4,None,EA,3 CLEAN OUT ABS,4,M,,
15-1320,0.6,None,EA,1 X CL NIPPLE SCH 80,0.6,L,,
15-1330,0.6,999,EA,1 X 4 NIPPLE SCH 80,0.6,L,,
15-1340,2,None,EA,1 X 6 NIPPLE SCH 80,2,L,,
15-1360,1.4,None,EA,1 X 12 NIPPLE SCH 80,1.4,L,,
15-1380,5,None,EA,1 X 18 NIPPLE SCH 80,5,L,,
15-1400,0.5,None,EA,1 1/4 X CL NIPPLE SCH 80,0.5,L,,
15-1411,4,None,EA,4 CLEAN OUT ABS,4,M,,
15-1420,1,999,EA,"1 1/4"" X 4"" NIPPLE SCH 80",1,L,"4""",
15-1421,1.2,None,EA,"1 1/4"" x 6""  NIPPLE PVC 80",1.2,L,"4""",
15-1440,2.3,None,EA,1 1/4 X 12 NIPPLE SCH 80,2.3,L,,
15-1460,0.6,None,EA,1 1/2 X CL NIPPLE SCH 80,0.6,L,,
15-1470,1.2,None,EA,"1 1/2"" x 4"" NIPPLE SCH 80",1.2,L,"2""",
15-1480,1.5,None,EA,"1.5"" X 6 NIPPLE SCH 80",1.5,L,"5""",
15-1500,2.6,None,EA,"1.5"" X 12 NIPPLE SCH 80",2.6,L,"5""",
15-1520,0.8,None,EA,2 X CL NIPPLE SCH 80,0.8,L,,
15-1530,1.6,None,EA,2 X 4 PVC NIPPLE SCH 80,1.6,L,,
15-1531,2.8,None,EA,"2 1/2 x 4"" PVC SCH 80 NIPPLE",2.8,L,"4""",
15-1540,1.5,None,EA,2 X 6 NIPPLE SCH 80,1.5,L,,
15-1560,3.6,None,EA,2 X 12 PVC NIPPLE SCH 80,3.6,L,,
15-1561,3.8,None,EA,4 x 4 PVC SCH 80 NIPPLE,3.8,L,,
15-1562,8.2,None,EA,4 X 12 PVC SCH 80 NIPPLE,8.2,L,,
15-1563,8,None,EA,"3"" x 12"" PVC SCH 80 NIPPLE",8,L,"3""",
15-1580,18,None,EA,"BRASS 90, 1''",18,M,,
15-1581,45,None,EA,"3"" COPPER FITTING (AVG.- ELL,TEE, COUP., MA)",45,M,"3""",
15-1582,30,None,EA,"2"" COPPER FITTINGS (AVG.- ELL,TEE, COUP., MA)",30,M,"2""",
15-1583,19,None,EA,"1 1/2"" COPPER FITTINGS (AVG.- ELL, TEE, COUP., MA)",19,M,"2""",
15-1584,13,None,EA,"1 1/4"" COPPER FITTINGS (AVG.-ELL,TEE,COUP., MA)",13,M,"4""",
15-1585,9,None,EA,"1"" COPPER FITTINGS (AVG.-ELL,TEE, COUP. MA)",9,M,"1""",
15-1586,7,None,EA,"3/4"" COPPER FITTINGS (AVG.-ELL,TEE,COUP., MA)",7,M,"4""",
15-1590,24,None,EA,1 STR ELL BRASS,24,M,,
15-1600,25,None,EA,"BRASS 90, 1.25""",25,M,"25""",
15-1620,50,None,EA,"BRASS 90 1.5""",50,M,"5""",
15-1640,82,None,EA,"2"" BRASS 90 DEG. ELBOW",82,,"2""",
15-1645,100,None,EA,"BRASS 90, 2.5""",100,,"5""",
15-1650,90,None,EA,"2"" BRASS TEE",90,,"2""",
15-1651,40,None,EA,BRASS TEE 2 X 2 X 1,40,,,
15-1652,7.5,None,EA,"BRASS TEE 3/4""x 3/4"" x 1/2""",7.5,,"4""",
15-1660,57,None,EA,"1"" UNION BRASS",57,M,"1""",
15-1661,25,None,EA,"3/4"" BRASS UNION",25,M,"4""",
15-1680,84,None,EA,"BRASS UNION 1.25""",84,M,"25""",
15-1700,65,None,EA,"1.5"" BRASS UNION",65,M,"5""",
15-1720,39,None,EA,"2"" BRASS UNION",90,M,"2""",
15-1721,170,637,EA,"2.5"" BRASS UNION",170,M,"5""",
15-1722,250,None,EA,"3"" BRASS UNION",250,M,"3""",
15-1723,350,None,EA,"4"" BRASS UNION",350,M,"4""",
15-1725,170,None,EA,"BRASS UNION 2.5""",170,M,"5""",
15-1729,7.5,999,EA,"BRASS NIPPLE 1 x 2""",7.5,M,"2""",
15-1730,11.5,None,EA,BRASS NIPPLE 1 X 3,11.5,M,,
15-1740,14.96,None,EA,NIPPLE BRASS 1 X 4,14.96,M,,
15-1750,43.31,None,EA,1 X 12 NIPPLE BRASS,43.31,M,,
15-1751,12,None,EA,1 X 4 NIPPLE BRASS,12,M,,
15-1760,22.03,None,EA,1 X 6 NIPPLE BRASS,22.03,M,,
15-1761,42,None,EA,1 X 18 NIPPLE BRASS,42,M,,
15-1780,87.81,None,EA,1 X 24 NIPPLE BRASS,87.81,M,,
15-1800,100,None,EA,1 X 30 NIPPLE BRASS,100,M,,
15-1820,120,None,EA,1 X 36 NIPPLE BRASS,120,M,,
15-1822,151,None,EA,"BRASS UNION 2""",151,M,"2""",
15-1823,75,1000.1,LF,"BRASS PIPE 2.5""",75,M,"5""",
15-1824,172.62,192,LF,"BRASS PIPE 4""",172.62,M,"4""",
15-1825,35,None,EA,"1"" X 48"" GALVANIZED NIPPLE",35,M,"1""",
15-1826,30,999,EA,"GALV NIPPLE 3/4"" X 48""",30,M,"4""",
15-1840,21.04,999,EA,"1 1/4"" x 4"" BRASS NIPPLE",21.04,M,"4""",
15-1880,126.2,None,EA,1 1/4 X 24  BRASS NIPPLE,126.2,M,,
15-1900,152,None,EA,"BRASS NIPPLE 1.25"" x 30""",152,M,"25""",
15-1920,188.86,None,EA,"BRASS NIPPLE 1.25"" x 36""",188.86,M,"25""",
15-1940,33.71,None,EA,"1 1/2"" x 4""  BRASS NIPPLE",33.71,M,"2""",
15-1960,38.73,None,EA,"BRASS NIPPLE 1.5"" X 6""",38.73,M,"5""",
15-1970,75.96,None,EA,"BRASS NIPPLE 1.5"" X 12""",75.96,M,"5""",
15-1980,147.89,None,EA,"BRASS NIPPLE 1.5"" X 24""",147.89,M,"5""",
15-2000,190,None,EA,"BRASS NIPPLE 1.5"" X 30""",190,M,"5""",
1520-105,10,513,EA,CUPANIOPSIS ANA. 5G STD,10,TR,5G,
1520-115,55,510,EA,CUPANIOPSIS ANA. 15G STD,55,TR,15G,
1520-124,185,507,EA,CUPANIOPSIS ANA. 24,185,TR,,
1520-130,300,506,EA,"CUPANIOPSIS ANA. 30"" STD",300,TR,"30""",
1520-136,475,505,EA,"CUPANIOPSIS ANA. 36"" STD",475,TR,"36""",
1520-148,1150,503,EA,"CUPANIA ANA. 48"" STD",1150,TR,"48""",
1520-160,2600,501,EA,"CUPANIOPSIS ANA. 60"" STD",2600,TR,"60""",
1520-172,4500,500,EA,"CUPANIA ANA. 72""  MLT",4500,TR,"72""",
15-2020,200,None,EA,"BRASS NIPPLE 1.5"" X 36""",200,M,"5""",
1520-205,10,513,EA,CUPANIOPSIS ANA. 5G MUL,10,TR,5G,
15-2021,47,None,EA,"BRASS NIPPLE 3"" X 4""",47,M,"3""",
1520-215,65,510,EA,CUPANIOPSIS ANA. 15G MLT,65,TR,15G,
15-2022,65,None,EA,"BRASS 90  3""",65,M,"3""",
1520-224,125,507,EA,"CUPANIOPSIS ANA. 24"" MLT",125,TR,"24""",
15-2023,550,None,EA,"BRASS NIPPLE  3"" X 36""",550,M,"3""",
1520-230,200,506,EA,"CUPANIOPSIS ANA. 30"" MUL",200,TR,"30""",
1520-236,470,505,EA,"CUPANIOPSIS ANA. 36"" MLT",470,TR,"36""",
15-2024,30.37,999,EA,"3"" BRASS 45",30.37,M,"3""",
1520-242,700,504,EA,"CUPANIOPSIS ANA. 42"" MUL",700,TR,"42""",
1520-243,700,504,EA,"CUPANIOPSIS ANA. 42"" STD",700,TR,"42""",
1520-248,1080,503,EA,"CUPANIOPSIS ANA. 48"" MLT",1080,TR,"48""",
1520-260,1500,501,EA,"CUPANIOPSIS ANA. 60""  L/B",1500,TR,"60""",
1520-272,3500,500,EA,"CUPANIA ANA 72"" STD",3500,TR,"72""",
1520-348,1050,503,EA,"CUPANIA ANA 48"" L/B",1050,TR,"48""",
15-2040,27,None,EA,BRASS NIPPLE 2 x 4,27,M,,
15-2041,99,None,EA,"BRASS NIPPLE 2"" x 12""",99,M,"2""",
15-2042,17,None,EA,"BRASS NIPPLE 2"" X CLOSE",17,M,"2""",
15-2050,25.79,None,EA,"BRASS NIPPLE 2"" X 3""",25.79,M,"2""",
15-2060,50,None,EA,BRASS NIPPLE 2 x 6,50,M,,
15-2070,98.04,None,EA,BRASS NIPPLE 2 X 12,98.04,M,,
15-2080,200,None,EA,"BRASS NIPPLE 2"" x 24""",200,M,"2""",
15-2100,240,None,EA,BRASS NIPPLE 2 x 30,240,M,,
1521-101,7,522,EA,CURIO TALINOIDES 1G,7,GCC,1G,
15-2120,290,None,EA,BRASS NIPPLE 2 x 36,290,M,,
15-2121,54,637.2,EA,"BRASS NIPPLE 2"" X 8'",54,M,"2""",
15-2123,33,None,EA,"3"" BRASS TEE",33,M,"3""",
15-2125,285,None,EA,2 1/2 X 36 NIPPLE BRASS,285,M,,
15-2126,240,None,EA,BRASS NIPPLE 2.5 x 24,240,M,,
15-2127,40,None,EA,2 1/2 X 6 NIPPLE BRASS,40,M,,
15-2128,126,None,EA,"2.5"" BRASS UNION",126,M,"5""",
15-2129,144,None,EA,"3"" BRASS UNION",144,M,"3""",
15-2130,15,None,EA,"BRASS 90, 3/4""",15,M,"4""",
15-2131,41,None,EA,"BRASS NIPPLE  3"" x 3""",41,M,"3""",
15-2132,340,None,EA,"BRASS NIPPLE  3"" X  24""",340,M,"3""",
15-2133,545,None,EA,"BRASS NIPPLE  3"" x 36""",545,M,"3""",
15-2140,21,None,EA,"3/4"" BRASS STREET ELL",21,M,"4""",
15-2145,6.5,None,EA,"3/4 X 2"" NIPPLE BRASS",6.5,M,"2""",
15-2150,9,None,EA,"BRASS NIPPLE 3/4"" x 4""",9,M,"4""",
15-2160,26.5,None,EA,"BRASS NIPPLE 3/4"" x 12""",26.5,M,"4""",
15-2165,28,999,EA,3/4 X 18 NIPPLE BRASS,28,M,,
15-2166,37,None,EA,"BRASS NIPPLE 3/4"" x 24""",37,M,"4""",
15-2167,56,None,EA,"BRASS NIPPLE 3/4"" x 36""",56,M,"4""",
15-2168,600,None,EA,"2"" X 96"" BRASS NIPPLE",600,M,"2""",
15-2169,25,None,EA,"2"" BRASS COUPLING",25,M,"2""",
15-2170,555,None,EA,"2"" x 120"" BRASS NIPPLE",555,M,"2""",
15-2171,43,None,EA,"BRASS BUSHING 2"" X 1.5""",43,M,"2""",
15-2175,40,999,EA,"BRASS 1.25"" CHECK VALVE",40,CV,"25""",
15-2300,228,381,EA,"BRAUKMAN DS-06 1"" PRV",228,POC,"1""",
15-2301,90,381,EA,"BRAUKMAN DS-06 3/4"" PRV",90,POC,"4""",
15-2302,260,381,EA,"BRAUKMANN DS-06 1.25""",260,POC,"25""",
15-2600,14.5,187.1,LF,"SLV   W/ TRENCHING 12"" CLASS 200 PVC",14.5,S,"12""",
15-2610,13,187.1,LF,"SLV   W/ TRENCHING 10"" CLASS 200 PVC",13,S,"10""",
15-2615,6.6,187.2,LF,"SLV   W/TRENCHING 8"" SCH 40 ALERTLINE",6.6,S,"8""",
15-2616,6,187.2,LF,"SLV   W/TRENCHING 8"" SCH 40 PVC",6,S,"8""",
15-2617,11.35,187.2,LF,"SLV   W/TRENCHING 8"" SCH 80 PVC",11.35,S,"8""",
15-2620,6.9,185.1,LF,"SLV   W/ TRENCHING 6"" SCH 40 ALERTLINE",6.9,S,"6""",
15-2630,15,185.1,LF,"SLV W/ TRENCHING 6"" SCH 40 PVC",15,S,"6""",
15-2640,7.5,185.1,LF,"SLV   W/TRENCHING 6"" SCH 80 PVC",7.5,S,"6""",
15-2650,2.47,182.1,LF,"SLV   W/TRENCHING 4"" SCH 40 ALERTLINE",2.47,S,"4""",
15-2660,2.3,182.1,LF,"SLV   W/TRENCHING 4"" SCH 40 PVC",2.3,S,"4""",
15-2670,3.7,182.1,LF,"SLV   W/TRENCHING 4"" SCH 80 PVC",3.7,S,"4""",
15-2680,1.2,182.1,LF,"SLV   W/TRENCHING 4"" PVC SDR 35 PIPE",1.2,S,"4""",
15-2690,1.74,172.1,LF,"SLV   W/TRENCHING 3"" SCH 40 ALERTLINE",1.74,S,"3""",
15-2700,1.6,172.1,LF,"SLV   W/TRENCHING 3"" SCH 40  PVC",1.6,S,"3""",
15-2710,2.54,172.1,LF,"SLV   W/TRENCHING 3"" SCH 80 PVC",2.54,S,"3""",
15-2720,1.05,172.1,LF,"SLV   W/TRENCHING 3""  PVC SDR 35 PIPE",1.05,S,"3""",
15-2730,1.34,164.1,LF,"SLV   W/ TRENCHING 2 1/2"" SCH 40 ALERTLINE",1.34,S,"2""",
15-2740,1.22,164.1,LF,"SLV  W/TRENCHING 2 1/2"" SCH 40 PVC",1.22,S,"2""",
15-2750,1.9,154.1,LF,"SLV   W/TRENCHING 2 1/2"" SCH 80 PVC",1.9,S,"2""",
15-2760,0.86,154.1,LF,"SLV   W/TRENCHING 2"" SCH 40 ALERTLINE",0.86,S,"2""",
15-2770,0.76,154.1,LF,"SLV   W/TRENCHING 2"" SCH 40 PVC",0.76,S,"2""",
15-2780,1.25,154.1,LF,"SLV   W/TRENCHING 2"" SCH 80 PVC",1.25,S,"2""",
15-2790,0.63,144.1,LF,SLV   W/TRENCHING 1 1/2' SCH 40 ALERTLINE,0.63,S,,
15-2800,0.63,144.1,LF,"SLV   W/TRENCHING 1 1/2"" SCH 40 PVC",0.63,S,"2""",
15-2810,0.91,144.1,LF,"SLV   W/TRENCHING 1 1/2"" SCH 80 PVC",0.91,S,"2""",
15-2820,0.54,134.1,LF,"SLV   W/TRENCHING 1 1/4"" SCH 40 ALERTLINE",0.54,S,"4""",
15-2830,0.48,134.1,LF,"SLV   W/TRENCHING 1 1/4"" SCH 40 PVC",0.48,S,"4""",
15-2840,0.8,134.1,LF,"SLV   W/TRENCHING 1 1/4"" SCH 80 PVC",0.8,S,"4""",
15-2850,0.41,124.1,LF,"SLV   W/TRENCHING 1"" SCH 40 ALERTLINE",0.41,S,"1""",
15-2860,0.36,124.1,LF,"SLV   W/TRENCHING 1"" SCH 40 PVC",0.36,S,"1""",
15-2870,0.6,124.1,LF,"SLV   W/TRENCHING 1"" SCH 80 PVC",0.6,S,"1""",
15-2880,0.27,114.1,LF,"SLV   W/TRENCHING 3/4"" SCH 40 ALERTLINE",0.27,S,"4""",
15-2890,0.24,114.1,LF,"SLV   W/TRENCHING 3/4"" SCH 40 PVC",0.24,S,"4""",
1530-160,2400,501,EA,"CUPANIOPSIS ANA. 60"" MLT",2400,TR,"60""",
1532-005,22,520,EA,CYMBOPOGON CITRATUS 5G,,,,
1540-115,50,510,EA,CUPRESSOCYPARIS LEYLANDI 15G,50,TR,15G,
1540-124,155,507,EA,"CUPRESSUS X. LEYLANDII 24""",155,TR,"24""",
1540-136,450,505,EA,"CUPRESSOCYPARIS LEYLANDII 36""",450,TR,"36""",
1540-236,475,505,EA,"CUPRESSOCYPARIS L. 'EMERALD ISLE' 36"" NAT.",475,TR,"36""",
1540-505,9,513,EA,CUPRESSOCYPARIS LEYANDII 5G,9,TR,5G,
15411-1018,32,638,EA,TORO 850-74 RAIN SHUT OFF,32,L,,
1570-124,120,507,EA,"CUPRESSUS ARIZONA 24""",120,TR,"24""",
1570-136,350,505,EA,"CUPRESSUS GLABRA 36""",350,TR,"36""",
1572-015,60,510.3,EA,CUPRESSUS S. STRICTA 15G CLMN,60,TR,15G,
1572-030,300,506,EA,"CUPRESSUS SEMPER.  30""",300,TR,"30""",
1572-115,46.8,510.3,EA,CUPRESSUS SEMPERVIRENS 15G,60,TR,15G,
1572-124,170,507,EA,"CUPRESSUS SEMPERVIRENS 24""",170,TR,"24""",
1572-125,265,507,EA,"CUPRESSUS SEMPER.T.T. MONSHEL 24""",265,TR,"24""",
1572-136,465,505,EA,"CUPRESSUS SEMPER. 36""",465,TR,"36""",
1572-142,1150,504,EA,"CUPRESSUS SEMPERVIRENS 42""",1150,TR,"42""",
1572-148,1100,503,EA,"CUPRESSUS SEMPERVIRENS 48""",1100,TR,"48""",
1572-161,1650,500,EA,"CUPRESSUS SEMPERVIRENS 60""",1650,TR,"60""",
1572-172,3800,500,EA,"CUPRESSUS SEMPERVIRENS 72""",3800,TR,"72""",
1572-210,375,505.6,EA,"CUPRESSUS SEMPER.36"" (10')",375,TR,"36""",
1572-212,375,505.6,EA,"CUPRESSUS SEMPER. 36"" (12')",375,TR,"36""",
1572-215,375,505,EA,"CUPRESSUS SEMPER. 36"" (15')",375,TR,"36""",
1572-224,150,507,EA,"CUPRESSUS S. STRICTA 24""",150,TR,"24""",
1572-236,450,505,EA,"CUPRESSUS SEMP. STRICTA 36""",450,TR,"36""",
1572-315,100,510.3,EA,CUPRESS. SEMP. TINY TOWER 15G,100,TR,15G,
1572-316,100,510,EA,CUPRESSUS S. MONSHEL 15G,100,TR,15G,
1572-317,100,510,EA,CUPRESSUS S. MONSHEL 15G CLMN,100,TR,15G,
1572-324,160,508,EA,"CUPRESSUS SEMP. ""GLAUCA"" 24""",160,TR,"24""",
1572-336,450,505,EA,"CUPRESSUS SEMP. ""GLAUCA"" 36""",450,TR,"36""",
1572-405,35,520,EA,CUPRESSUS 'TINY TOWERS' 5G CLMN,35,TR,5G,
1572-415,100,510,EA,CUPRESSUS S. MONSHEL 15G,100,TR,15G,
1572-424,265,507,,"CUPRESSUS SEMP. TINY TOWER 24""",265,TR,"24""",
1572-436,600,505,EA,"CUPRESSUS SEM. 'TINY TOWERS' 36""",600,TR,"36""",
1572-448,850,503,EA,"CUPRESSUS SEMPERVIRENS 48""",850,TR,"48""",
1572-501,3200,501,EA,"CUPRESSUS SEMPERVIRONS 60""",3200,TR,"60""",
1572-505,18,513,EA,CUPRESSUS SEMPERVIRENS 5G,18,TR,5G,
1572-515,155,510,EA,CUPRESSUS SWANES GOLDEN 15G,155,TR,15G,
1572-524,285,507,EA,"CUPRESSUS SWANE'S GOLDEN' 24"" CLMN",285,TR,"24""",
1572-536,500,505,EA,"CUPRESSUS FORBESII 36""",500,TR,"36""",
1572-605,18,513,EA,CUPRESSUS S. EVENING GLOW 5G,18,TR,5G,
1572-615,95,510.3,EA,CUPRESSUS S. 'TINY TOWERS' 15G CLMN,95,TR,15G,
1572-624,265,507,EA,"CUPRESSUS S. 'TINY TOWER' 24"" CLMN",265,TR,"24""",
1572-705,25,513,EA,CUPRESSUS S. MONSHEL 5G,25,TR,5G,
1572-715,60,510,EA,CUPRESSUS SEMP. 15G CLMN,60,TR,15G,
1572-805,25,513,EA,CUPRESSUS GOLDCREST 5G,25,TR,5G,
1580-105,40,520,EA,CYCAS REVOLUTA 5G,40,TR,5G,
1580-115,120,519,EA,CYCAS REVOLUTA 15G,120,TR,15G,
1580-124,300,507,EA,"CYCAS REVOLUTA 24""  SINGLE",300,TR,"24""",
1580-125,400,508,EA,"CYCAS REV. 12"" TRIPLE  24""",400,TR,"12""",
1580-126,500,508,EA,"CYCAS REV. 18"" TRIPLE TRUNK 24""",500,TR,"18""",
1580-127,400,508,EA,"CYCAS REV. TRIPLE TRUNK 24""",400,TR,"24""",
1580-136,750,505,EA,"CYCAS REVOLUTA 36""",750,TR,"36""",
1580-148,1200,503,EA,"CYCAS REVOLUTA 48""",1200,TR,"48""",
1580-205,40,520,EA,CYCAS REVOLUTA 5G SINGLE,40,TR,5G,
1580-215,130,519,EA,CYCAS REVOLUTA 15G SINGLE,130,TR,15G,
1580-236,1000,505,EA,"CYCAS REVOLUTA 36"" TRIPLE TRUNK (2'/3'/4')",1000,TR,"36""",
1582-104,40,530,EA,"CYCLAMEN 4"" FLAT",40,GCC,"4""",
1585-005,25,520,EA,CYNARA GREEN GLOBE 5G,25,GCC,5G,
1590-405,9.5,520,EA,CYPERUS PAPYRUS 5G,9.5,GCC,5G,
1590-505,8,520,EA,CYPERUS ALTERNIFOLIUS 5G,8,GCC,5G,
1590-515,48,519,EA,CYPERUS ALTERNIFOLIUS 15G,48,GCC,15G,
1590-615,50,519,EA,CYPERUS PAPYRUS KING TUT 15G,50,GCC,15G,
1590-715,45,519,EA,CYPERUS GRACILIS 15G,45,GCC,15G,
1591-501,4.5,522,EA,DABOECIA CANTABRICA 1G,4.5,SH,1G,
1591-505,10,520,EA,CYPERUS PAPYRUS DWF 5G,10,GCC,5G,
1591-515,46,519,EA,CYPERUS PAPYRUS 15G,46,GCC,15G,
1591-516,45,519,EA,CYPERUS PAPYRUS COMP. 15G,45,GCC,15G,
1595-101,4,522,EA,CORREA DUSKY BELLS 1G,4,SH,1G,
1595-201,4,522,EA,CORREA IVORY BELLS 1G,4,SH,1G,
1595-501,2.25,522,EA,CYTISUS RACEMOSUS 1G,2.25,SH,1G,
1595-505,6,520,EA,CYTISUS RACEMOSUS 5G,6,SH,5G,
1595-605,28,520,EA,CYTISUS KEWENSIS 5G,28,SH,5G,
1596-501,1.65,522,EA,CORTADERIA SELLOANA 1G,1.65,GCC,1G,
1596-505,11,520,EA,CORTADERIA SELLOANA 5G,11,GCC,5G,
1596-515,35,519,EA,CORTADERIA SELLOANA 15G,35,GCC,15G,
1597-505,8,520,EA,CORTADERIA SELLOANA PUMILA 5G,8,GCC,5G,
1-6,160,635,EA,"ALHAMBRA FOUNDRY A0338-4 (9"" CI GRATE/4"" OUT)",160,L,"9""",
16,1.55,565,EA,"14"" SQ STEPPING STONE",1.55,,"14""",
16-0318,18,402,EA,"3"" CLEAN OUT TEE w/PLUG STYRENE",20.25,L,,
16-0418,22,402,EA,"4"" CLEAN OUT TEE w/PLUG ",20.5,L,,
16-1318,4,None,EA,3  CLEAN OUT PLUG ABS,4,L,,
16-1418,4,None,EA,4 CLEAN OUT PLUG ABS,4,L,,
1624-205,35,520,EA,EUGENIA M. 'VARIGATED' 5G PYRAMID,35,SH,5G,
1624-305,32,520,EA,EUGENIA M. 'VARIGATED' 5G CLMN,32,SH,5G,
1624-405,12,520,EA,EUGENIA COMPACTA 5G,12,SH,5G,
1628-005,14,520,EA,DESCHAMPSIA CESPITOSA 5G,14,GCC,5G,
1629-105,12,520,EA,DEMDROMECON RIGIDA 5G,12,SH,5G,
1630-001,6.5,522,EA,DIANELLA LITTLE REV 1G,6.75,GCC,1G,
1630-005,16.5,520,EA,DIANELLA TAS. 'YELLOW STRIPE' 5G,16.5,GCC,5G,
1630-101,6.5,522,EA,"DIANELLA T. ""TASRED"" 1G",6.5,GCC,1G,
1630-105,18,520,EA,DIANELLA TAS. 'SILVER STREAK' 5G,18,GCC,5G,
1630-115,60,519,EA,DIANELLA LITTLE REV 15G,60,GCC,15G,
1630-201,6.5,522,EA,DIANELLA T. VARIEGATA 1G,6.5,GCC,1G,
1630-205,16.5,520,EA,DIANELLA CASSA BLUE 5G,16.5,GCC,5G,
1630-301,6.5,522,EA,"DIANELLA ""JOHN 316 K.A."" 1G",6.5,GCC,1G,
1630-305,18,520,EA,DIANELLA REVOLUTA 5G,18,GCC,5G,
1630-401,6.5,522,EA,DIANELLA CASSA BLUE 1G,6.5,GCC,1G,
1630-402,16,520,EA,DIANELLA LITTLE REV - 2G,16,GCC,2G,
1630-405,16.5,520,EA,DIANELLA LITTLE REV 5G,16.5,GCC,5G,
1630-501,4.3,522,EA,DIANTHUS 1G,3,GCC,1G,
1630-505,16,520,EA,DIANELLA T. VARIEGATA 5G,16,GCC,5G,
1630-601,5,522,EA,DICHELOSTEMMA CAPITATUM 1G,5,GCC,1G,
1630-605,18,520,EA,DIANELLA BIG REV 5G,18,GCC,5G,
1630-701,6.5,522,EA,DIANELLA SILVER STREAK 1G,6.5,GCC,1G,
1630-705,16.5,520,EA,DIANELLA TASRED 5G,16.5,GCC,5G,
1630-801,6.5,522,EA,DIANELLA KING ALFRED 1G,6.5,GCC,1G,
1630-805,18,520,EA,DIANELLA LITTLE BECCA 5G,18,GCC,5G,
1630-901,6.5,522,EA,DIANELLA T YELLOW STRIPE 1G,6.5,GCC,1G,
1630-905,20,520,EA,DIANELLA SILVER STREAK 5G,20,GCC,5G,
1631-001,7,522,EA,DIANELLA C. LITTLE BECCA 1G,7,GCC,1G,
1631-005,18,520,EA,DIANELLA KING ALFRED 5G,18,GCC,5G,
1631-101,6.5,522,EA,DIANELLA TASM 1G,6.5,GCC,1G,
1631-102,15,520,EA,DIANELLA CASSA BLUE 2G,15,GCC,2G,
1631-105,18,520,EA,DIANELLA C. 'DBB03 CASSA BLUE' 5G,18,GCC,5G,
1631-201,6.5,522,EA,DIANELLA R. 'PETITE MARIE' 1G,6.5,GCC,1G,
1631-205,16.5,520,EA,DIANELLA CAERULEA 5G,16.5,GCC,5G,
1631-301,6.5,522,EA,DIANELLA CAERULEA 1G,6.5,GCC,1G,
1631-305,18,520,EA,DIANELLA 'BABY BLISS' 5G,18,GCC,5G,
1631-401,6.5,522,EA,DIANELLA CLARITY BLUE 1G,6.5,GCC,1G,
1631-405,16.5,520,EA,DIANELLA CLARITY BLUE 5G,16.5,GCC,5G,
1631-501,6.5,522,EA,DIANELLA BABY BLISS 1G,6.5,GCC,1G,
1631-505,26,520,EA,DIANELLA UTOPIA 5G,26,GCC,5G,
1631-601,6.5,522,EA,DIANELLA DR5000  1G,6.5,GCC,1G,
1631-605,17,520,EA,DIANELLA DR5000 5G,17,GCC,5G,
1631-701,6.5,522,EA,DIANELLA DESTINY 1G,6.5,GCC,1G,
1631-705,18,520,EA,DIANELLA DTN03 5G,18,GCC,5G,
1631-805,18,520,EA,DIANELLA DCNC0 5G,18,GCC,5G,
1631-905,26,520,EA,DIANELLA BLU TOPIA 5G,26,GCC,5G,
1632-101,5,522,EA,DICENTRA SPECTABILIS 1G,5,GCC,1G,
1635-801,,,,ELYMUS CANYON PRINCE 1G,,,,
1635-901,4.5,522,EA,ELYMUS A. GLAUCA 1G,4.5,GCC,1G,
1640-005,18,520,EA,DIETES ORANGE DROP  5G,18,GCC,5G,
1640-105,28,520,EA,DIETES NOLA ALBA 5G,28,GCC,5G,
1640-115,40,519,EA,DIETES BICOLOR 15G,40,GCC,15G,
1640-205,11,520,EA,DIETES GRANDIFLORA 5G,11,GCC,5G,
1640-215,42,519,EA,DIETES IRIDIOIDES 15G,42,GCC,15G,
1640-301,4,522,EA,DIETES GRANDIFLORA 1G,4,GCC,1G,
1640-305,16,520,EA,DIETES JOHN'S RUNNER 5G,16,GCC,5G,
1640-315,42,519,EA,DIETES LEMON DROP 15G,42,GCC,15G,
1640-401,4.5,522,EA,DIETES JOHNSONII 1G,4.5,GCC,1G,
1640-405,12,520,EA,DIETES JOHNSONII 5G,12,GCC,5G,
1640-415,55,519,EA,DIETES VEG. VARIEGATA 15G,55,GCC,15G,
1640-501,4.3,522,EA,DIETES BICOLOR 1G,4.3,GCC,1G,
1640-502,5,522,EA,DIETES LEMON DROP 1G,5,GCC,1G,
1640-505,10,520,EA,DIETES BICOLOR 5G,10,GCC,5G,
1640-515,47,519,EA,DIETES ORANGE DROP 15G,47,GCC,15G,
1640-601,4.5,522,EA,DIETES NOLA ALBA 1G,4.5,GCC,1G,
1640-605,11,520,EA,DIETES IRIDIODES 5G,11,GCC,5G,
1640-615,40,519,EA,DIETES GRANDIFLORA 15G,40,GCC,15G,
1640-701,4.5,522,EA,DIETES ORANGE DROPS 1G,4.5,GCC,1G,
1640-705,14,520,EA,DIETES LEMON DROP 5G,14,GCC,5G,
1640-801,4,522,EA,DIETES JOHN'S RUNNER 1G,4,GCC,1G,
1640-805,27.5,520,EA,DIETES VARIEGATA 5G,27.5,GCC,5G,
1640-901,6,522,EA,DIETES GRANDIFLORA VARIEGATA,6,GCC,,
1640-905,27.5,520,EA,DIETES V. VARIEGATA 5G,27.5,GCC,5G,
1641-111,35,519,EA,DIETES  I. 'JOHN RUNNER' 15G,35,GCC,15G,
1641-501,4,522,EA,DIETES VEGETA 1G,4,GCC,1G,
1641-505,11,520,EA,DIETES VEGETA 5G,11,GCC,5G,
1641-515,40,519,EA,DIETES VEGETA 15G,40,GCC,15G,
1642-501,4.2,522,EA,DIETES IRIDIOIDES 1G,4.2,GCC,1G,
1642-515,40,519,EA,DIETES BICOLOR 15G,40,GCC,15G,
1643-124,600,507,EA,"DRACENA DRACO 24""",600,TR,"24""",
1643-130,1300,506,EA,"DRACENA DRACO 30"" (4.5' O.H.)",1300,TR,"30""",
1643-136,4500,505,EA,"DRACENA DRACO 36"" (6' O.H.)",4500,TR,"36""",
1643-224,320,507,EA,"DRACENA DRACO 24"" (4' O.H.)",320,TR,"24""",
1643-236,5000,505,EA,"DRACENA DRACO 36"" (8' O.H.)",5000,TR,"36""",
1643-248,6500,503,EA,"DRACENA DRACO 48""",6500,TR,"48""",
1643-324,1000,505,EA,"DRACENA AUSTRALIS 36""",1000,TR,"36""",
1643-336,3125,505,EA,"DRACENA DRACO 36""",3125,TR,"36""",
1643-424,2000,505,EA,"DRACENA INDIVISA 36""",2000,TR,"36""",
1643-436,4000,505,EA,"DRACENA DRACO 36"" (4' TRUNK)",4000,TR,"36""",
1643-515,350,519,EA,DRACENA DRACO 15G SHRUB (6'),350,SH,15G,
1643-524,400,507,EA,"DRACENA INDIVISA 24""",400,TR,"24""",
1643-560,12500,501,EA,"DRACENA DRACO 60""",12500,TR,"60""",
1643-615,350,519,EA,DRACENA MARG. TRI COLOR 15G MLT,350,GCC,15G,
1643-624,600,507,EA,"DRACENA DRACO 24""",600,TR,"24""",
1643-670,18000,500,EA,"DRACENA DRACO 72""",18000,TR,"72""",
1643-705,50,520,EA,DRACENA TRIFASCIATA 5G,50,GCC,5G,
1643-715,90,519,EA,DRACENA DRACO 15G SHRUB (4' OA),90,SH,15G,
1643-724,1000,507,EA,"DRACENA DRACO 24"" 4' TRK",1000,TR,"24""",
1643-725,,,,DRACENA DRACO 25G,,,,
1645-001,3,522,EA,HEDERA HEL. BALTICA 1G,3,GCC,1G,
1645-101,5,527,EA,DISTICTIS BUCC. 1G  STK,5,SH,1G,
1645-105,18,526,EA,BIGNONIA CHERERE 5G STK,18,SH,5G,
1645-115,45,525,EA,BIGNONIA CHERERE 15G STK,45,SH,15G,
1645-201,4.5,527,EA,BIGNONIA CHERERE 1G STK,4.5,SH,1G,
1645-205,18,526,EA,BIGNONIA VIOLACIA 5G STK,18,SH,5G,
1645-301,5,527,EA,DISTICTIS RIVERS 1G STK,5,SH,1G,
1645-305,25,526,EA,BIGNONIA CRA. 'TANGERINE BEAUTY' 5G STK,25,SH,5G,
1645-401,4,522,EA,DISTICHLIS SPICATA 1G,4,GCC,1G,
1645-501,5,527,EA,DISTICTIS BUCC (BIGN CHER) 1G STK,5,SH,1G,
1645-505,18,526,EA,DIST. BUCC (BIGN CHER) - 5G STK,18,SH,5G,
1645-506,5,522,EA,"HEDERA H. 'NEEDLEPOINT' 6"" POT",5,GCC,"6""",
1645-510,3,522,EA,HEDERA HELIX 1G,3,GCC,1G,
1645-511,19,531,FL,"HEDERA HELIX ""HAHNII"" FLT",14,GCC,,
1645-512,3,522,EA,"HEDERA HELIX ""GLACIER"" 1G",3,GCC,1G,
1645-513,3.75,522,EA,"HEDERA HELIX ""NEEDLEPOINT"" 1G",3.75,GCC,1G,
1645-514,14,531,EA,"HEDERA ""BALTICA"" FLAT",14,GCC,,
1645-515,33,525,EA,DIST. BUC. (BIGN CHER) 15G STK,33,SH,15G,
1645-516,19,531,EA,HEDERA HELIX FLATS,14,GCC,,
1645-615,85,528,EA,BIGNONIA CHERERE 15G ESP,85,SH,15G,
1645-715,45,525,EA,BIGNONIA TANGERINE BEAUTY 15G STK,45,SH,15G,
1645-915,60,525,EA,BIGNONIA VIOLACEA 15G STK,60,SH,15G,
1646-101,4,522,EA,BLETILLA STRIATA 1G,4,GCC,1G,
1646-201,3.8,522,EA,PHACELIA GRANDIFLORA 1G,3.8,GCC,1G,
1646-260,2770,501,EA,"BISCHOFIA JAVANICA 60""",2770,TR,"60""",
1646-505,19,526,EA,DISTICTIS RIVERS 5G STK,19,SH,5G,
1646-515,60,525,EA,DISTICTIS RIVERS 15G STK,60,SH,15G,
1646-605,10,520,EA,BLECHNUM SILVER QUEEN 5G,10,SH,5G,
1646-606,10,520,EA,BLECHNUM BRASILIENSE 5G,10,SH,5G,
1646-615,33,525,EA,PHAEDRANTHUS BUC. 15G STK,33,SH,15G,
1647-505,15,526,EA,DISTICTIS LAXIFLORA 5G STK,15,SH,5G,
1650-005,9,520,EA,COLEONEMA PULCHRUM 5G,9,SH,5G,
1650-015,43,519,EA,COLEONEMA ALBUM 15G,43,SH,15G,
1650-501,2.75,522,EA,DIOSMA PULCHRUM 1G (COLEONEMA),2.75,SH,1G,
1650-505,8.5,520,EA,DIOSMA PULCHRUM 5G (COLEONEMA),8.5,SH,5G,
1650-515,35,519,EA,DIOSMA PULCHRUM 15G (COLEONEMA),35,SH,15G,
1650-601,3.5,522,EA,COLEONEMA SUNSET GOLD 1G,3.5,SH,1G,
1650-605,9,520,EA,COLEONEMA ALBUM 5G,9,SH,5G,
1650-705,12,520,EA,DIOSMA GOLDEN SUNSET 5G,12,SH,5G,
1650-715,40,519,EA,COLEONEMA ALBUM 15G,40,SH,15G,
1651-006,3,523,EA,"COLEUS HYB. 6"" POTS",3,GCC,"6""",
1651-101,4,522,EA,COLEUS HYBRIDS 1G,4,GCC,1G,
1651-104,3,523,EA,"COLEUS 4"" POTS",3,GCC,"4""",
1651-105,45,520,EA,CODIAEUM VARIEGATUM 5G,45,SH,5G,
1651-201,10,522,EA,CODIAEUM VAR. 'PICTUM' 1G,10,SH,1G,
1651-505,14,520,EA,DIOSMA SUNSET GOLD 5G,14,SH,5G,
1652-006,5,523,EA,HELICHRYSUM PETIOLARE 6,5,GCC,,
1652-101,5,522,EA,HELICHRYSUM PETIOLARE 1G,5,GCC,1G,
1652-104,2.75,524.1,EA,"HELICHRYSUM LIME LIGHT 4""",2.75,GCC,"4""",
1652-105,13,520,EA,HELICHRYSUM P. LIMELIGHT 5G,13,GCC,5G,
1652-108,15,531,EA,THYMUS SER. 'PINK CHINTZ' - FLATS,15,GCC,,
1653-006,27,530,EA,IVY GERANIUM 4' POTS 16/FLAT,27,GCC,,
1654-115,75,510,EA,DIOSPYROS DIGNYA 15G,75,TR,15G,
1660-415,50,519,EA,DODONAEA VISCOSA 15G CLMN,50,SH,15G,
1660-424,180,507,EA,"DODONAEA VISCOSA 24""",180,SH,"24""",
1660-501,4.2,522,EA,DODONAEA VIS PURP 1G,4.2,SH,1G,
1660-505,11,520,EA,DODONAEA VIS PURP 5G,11,SH,5G,
1660-515,35.1,519,EA,DODONAEA VIS PURP 15G,45,SH,15G,
1660-524,180,507,EA,"DODONAEA VIS PURP 24""",180,SH,"24""",
1660-605,11,520,EA,DODONAEA VISCOSA 5G,11,SH,5G,
1660-615,45,519,EA,DODONAEA VISCOSA 15G,45,SH,15G,
1660-715,45,519,EA,DODONAEA VIS. 'ATROPURPUREA' 15G,45,SH,15G,
1661-501,6,522,EA,DODONAEA VIS. PURPLE SELECT 1G,6,SH,1G,
1670-505,18,520,EA,DIZYGOTHECA ELEGAN 5G,18,SH,5G,
1670-515,50,519,EA,DIZYGOTHECA ELEGAN 15G,50,SH,15G,
1670-524,200,521,EA,DIZYGOTHECA ELEGAN 24,200,SH,,
1675-501,3,522,EA,DYRO ERY 1G,3,SH,1G,
1675-524,75,510,EA,DYPSIS DECARYI 15G TRI PALM,75,TR,15G,
1676-101,4,522,EA,DYMONDIA MARGARETAE 1G,4,GCC,1G,
1676-104,2.5,524.1,EA,"DYMONDIA MARGARETAE 4"" POT",4,GCC,"4""",
1679-101,10,522,EA,ECHINOCACTUS TRIGLOCHIDIATUS 1G,10,SH,1G,
1679-105,45,520,EA,ECHINOCATUS GRUSONII 5G,45,SH,5G,
1679-115,130,519,EA,ECHINOCATUS GRUSONII 15G,130,SH,15G,
1679-120,320,507,EA,"ECHINOPSIS TERSCHECKII 20""",320,SH,"20""",
1679-205,12,520,EA,ECHINACEA PUR. FLAMENCO ORANGE 5G,12,GCC,5G,
1679-305,12,520,EA,ECHINACEA PURP. MAGNUS 5G,12,GCC,5G,
1679-915,60,519,EA,ECHINOPSIS PACHANOI 15G,60,SH,15G,
1680-007,22900,472,EA,ECO-FERT EF-SSCS-2 FERT INJ.,22900,FERT,,
1680-015,70,519,EA,"ECHIUM ""BLUE SELECT"" 15G",70,SH,15G,
1680-105,9.5,520,EA,ECHIUM F. 'PRIDE OF MADERA' 5G,9.5,SH,5G,
1680-124,165,521,EA,ECHIUM F. CANDICANS 24B,165,SH,,
1680-201,4,522,EA,ECHIUM CANDICANS 1G,4,SH,1G,
1680-205,4.25,522,EA,ECHIUM C. BLUE SELECT 1G,4.25,SH,1G,
1680-501,4.25,522,EA,ECHIUM FASTUOSUM 1G,4.25,SH,1G,
1680-505,10,520,EA,ECHIUM FASTUOSUM 5G,10,SH,5G,
1680-515,45,519,EA,ECHIUM FASTUOSUM 15G,45,SH,15G,
1680-605,11.5,520,EA,ECHIUM CANDICANS 5G,11.5,SH,5G,
1680-615,35,510,EA,ECHIUM FASTICULATUM 15G,35,SH,15G,
1680-705,12,520,EA,ECHIUM BLUE SELECT 5G,12,SH,5G,
1680-715,42,519,EA,ECHIUM F. CANDICANS 15G,42,SH,15G,
1682-100,1,524,EA,CONVOLVULUS SABATIUS LINER,1,GCC,,
1682-501,4,522,EA,CONVOLVULUS MAURITAN. 1G,4,GCC,1G,
1682-601,4,522,EA,CONVOLVULUS CNEORUM 1G,4,SH,1G,
1682-604,1.25,531,EA,"CONVOVULUS SABATIUS 4"" POTS",1.25,GCC,"4""",
1682-901,3.5,522,EA,CONVOLVULUS MAURT. 1G,3.5,GCC,1G,
1689-005,22,520,EA,HYPTUS EM. SILVER LINING 5G,22,SH,5G,
1690-105,20,520,EA,HYDRANGEA QUERCIFOLIA 5G,20,SH,5G,
1690-115,50,519,EA,HYDRANGEA MAC 15G,50,SH,15G,
1690-205,11,520,EA,HYDRANGEA ALL SUMMER BEAUTY 5G,11,SH,5G,
1690-305,10,520,EA,ELAEAGNUS P. CORAL SILVER 5G,10,SH,5G,
1690-401,4,522,EA,LAMIUM MACULATUM 1G,4,GCC,1G,
1690-404,4,524.1,EA,"LAMIUM SILVER BEACON 4"" POT",4,GCC,"4""",
1690-405,10,520,EA,HYDRANGEA MACROPHYLLA 5G,10,SH,5G,
1690-415,30,519,EA,"ELAEAGNUS P. ""CORAL SILVER"" 15G",30,SH,15G,
1690-501,4,522,EA,ELAEGNUS PUNGENS FRUIT 1G,4,SH,1G,
1690-505,10,520,EA,ELAEAGNUS P. FRUITLANDI 5G,10,SH,5G,
1690-515,42,519,EA,ELAEAGNUS PUNG. FRUIT 15G,42,SH,15G,
1690-605,10,520,EA,ELAEGNUS P. VARIEGATA 5G,10,SH,5G,
1690-615,40,519,EA,ELAEAGNUS PUNGENS 15G,40,SH,15G,
1690-624,155,521,EA,"ELAEAGNUS PUNGENS 24""",155,SH,"24""",
1690-705,12,520,EA,ELAEAGNUS P. MARGINATA 5G,12,SH,5G,
1690-715,40,519,EA,ELAEAGNUS PUNGENS 15G.,40,SH,15G,
1690-805,8,520,EA,"ELAEAGNUS PUNGENS ""MARGINETA""",8,SH,,
1690-905,14,520,EA,HYDRANGEA M. RAGRA 5G,14,SH,5G,
1691-005,22,520,EA,HYDRANGEA E. SOUND PAVILION 5G,22,SH,5G,
1691-105,15,520,EA,HYDRANGEA M. LANARTH 5G,15,SH,5G,
1691-205,18,520,EA,HYDRANGEA NIKKO BLUE 5G,18,SH,5G,
1691-305,20,520,EA,HYRANGEA ENDLESS SUMMER 5G,20,SH,5G,
1691-405,18,520,EA,HYDRANGEA 'DANCING SNOW' (PP #21052) 5G (MONROVIA),18,SH,5G,
1691-501,2.2,522,EA,ELAEAGUS PHILLIPPINENSIS 1G,2.2,SH,1G,
1691-505,18,520,EA,HYDRANGEA ANNABELLE 5G,18,SH,5G,
1691-515,10,520,EA,ELAEAGNUS PUNGENS 5G,10,SH,5G,
1692-102,4.5,522,EA,ELEGIA CAPENSIS 1G,4.5,GCC,1G,
1692-115,50,519,EA,ELEGIA ELEPHANTINA 15G,50,GCC,15G,
1692-501,3.7,522,EA,ELAEAGNUS P. SILVERBERRY 1G,3.7,SH,1G,
1692-505,9,520,EA,ELEAGNUS P. SILVERBERRY 5G,9,SH,5G,
1692-515,28,519,EA,ELAEGNUS SILVERBERRY 15G,28,SH,15G,
1692-555,8,520,EA,ELAEGNUS PUNGEANS 5G,8,SH,5G,
1693-101,3.8,522,EA,ELYMUS CONDENSATUS 1G,3.8,GCC,1G,
1693-104,2.5,524.1,EA,"ELYMUS CONDENSATUS 4"" POT",2.5,GCC,"4""",
1693-124,140,507,EA,"ELIOCARPUS DECIPENS 24"" MLT",140,TR,"24""",
1693-201,5.5,522,EA,ELYMUS MAGELLANICUS 1G,5.5,GCC,1G,
1693-224,190,507,EA,"ELIOCARPUS DECIPIENS 24"" STD",190,TR,"24""",
1693-324,190,507,EA,"ELIOCARPUS DECIPIENS 24"" CLMN",190,TR,"24""",
1693-505,10,520,EA,ELYMUS COND. CANYON PRINCE 5G,10,GCC,5G,
1693-605,11,520,EA,ELYMUS A GLAUCA 5G,11,GCC,5G,
1694-036,480,505,EA,"ELIOCARPUS DECIPIENS 36"" STD",480,TR,"36""",
1694-101,3,522,EA,ELYMUS ARENARIUS GLAUCUS 1G,3,GCC,1G,
1694-105,9,149,EA,LOBULARIA MARITIMA 5G,9,GCC,5G,
1694-136,475,505,EA,"ELIOCARPUS DECIPIENS 36"" CLMN",475,TR,"36""",
1694-201,5,522,EA,ELYMUS TRITICOIDES 1G,5,GCC,1G,
1694-436,400,505,EA,"ELIOCARPUS DEBRUYNII 36"" MLT",400,TR,"36""",
1695-101,6,522,EA,CHAMAEMELUM NOBILE 1G,6,GCC,1G,
1696-005,18,520,,LOMANDRA LOMLON 5G,18,GCC,5G,
1696-101,6,522,EA,LOMANDRA HYSTRIX 1G,6,GCC,1G,
1696-105,18,520,EA,LOMANDRA LONGIFOLIA 5G,18,GCC,5G,
1696-201,6,522,EA,LOMANDRA LONGIFOLIA TANIKA 1G,6,GCC,1G,
1696-205,6,522,EA,"LOMANDRA L ""BREEZE"" 1G",6,GCC,1G,
1696-301,8,522,EA,LOMANDRA L. 'LM300 PP 15420' 1G,8,GCC,1G,
1696-305,15,520,EA,LOMANDRA BREEZE 5G,15,GCC,5G,
1696-401,6,522,EA,LOMANDRA 'DWARF BREEZE' 1G,6,GCC,1G,
1696-405,17,520,EA,"LOMANDRA LM300, #15420 5G",17,GCC,5G,
1696-415,90,519,EA,LOMANDRA C. LOMLON 15G,90,GCC,15G,
1696-501,7,522,EA,LOMANDRA LIME TUFF 1G,7,GCC,1G,
1696-505,28,520,EA,LOMANDRA PLATINUM BTY 5G,28,GCC,5G,
1696-515,90,519,EA,LOMANDRA PLAT BEAUTY 15G,90,GCC,15G,
1696-601,6,522,EA,LOMANDRA PLAT BEAUTY 1G,6,GCC,1G,
1696-605,15,520,EA,LOMAMDRA 'DWARF BREEZE' 5G,15,GCC,5G,
1696-615,90,519,,LOMANDRA DWF BREEZE 15G,,,,
1696-701,8,522,EA,LOMANDRA LM700 PACIFIC SKY 1G,8,GCC,1G,
1696-705,18,520,EA,LOMANDRA L. NYALLA 5G,18,GCC,5G,
1696-801,6,522,EA,LOMANDRA SEASCAPE 1G,6,GCC,1G,
1696-805,17,520,EA,LOMANDRA LIME TUFF 5G,17,GCC,5G,
1696-901,6,522,EA,"LOMANDRA 'BREEZE', 'ARTIC FROST '1G",6,GCC,1G,
1696-905,18,520,EA,LOMANDRA ARCTIC FROST 5G,18,GCC,5G,
1697-005,18,520,EA,LOMANDRA ROMA 13 5G,,,,
1697-105,16,520,EA,LOMANDRA LITTLE CON 5G,,,,
1699-101,5,522,EA,ENODIUM CHAMAEDRYOIDES 1G,5,GCC,1G,
1-7,175,635,EA,"ALHAMBRA FOUNDRY A-480 3"" X 9"" RECT. X 5"" ROUND",175,L,"3""",
17-0033,6,None,EA,3 22 1/2 ELL PVC DRAIN,6,L,,
17-0044,6.3,None,EA,4 22 1/2 ELL PVC DRAIN,6.3,L,,
1700-505,13,520,EA,ENSETE VENTRICOSUM 5G,13,TR,5G,
1700-515,32.5,519,EA,ENSETE VENTRICOSUM 15G,32.5,TR,15G,
17-0066,33,None,EA,6 22 1/2 ELL PVC DRAIN,33,L,,
17-0088,100,None,EA,8 22 1/2 ELL PVC DRAIN,100,L,,
1701-505,13,520,EA,ENSETE VEN MAURELLI 5G,13,TR,5G,
1701-515,40.5,519,EA,ENSETE VEN MAURELLI 15G,40.5,TR,15G,
1702-115,75,519,EA,EQUISETUM HYEMALE 15G,75,GCC,15G,
1702-501,5,522,EA,EQUISETUM HYMALE 1G,5,GCC,1G,
1702-505,15,520,EA,EQUISETUM HYEMALE 5G,15,GCC,5G,
1703-101,3.8,522,EA,EREMOPHILA 'VALENTINE' 1G,3.8,SH,1G,
1703-105,16,520,EA,EREMOPHILA VALENTINE 5G,16,SH,5G,
1703-115,65,519,EA,EREMOPHILA VALENTINE 15G,65,SH,15G,
1703-201,4.3,522,EA,EREMOPHILA G. 'MINEGEW GOLD' 1G,4.3,SH,1G,
1703-205,16,520,ea,EREMOPHILA GLA. 'MINGENEW GOLD' 5G,16,SH,5G,
1703-305,22,520,EA,EREMOPHILA G EREM1 5G,22,SH,5G,
1703-405,16,520,EA,EREMOPHILA HYG. BLUE BELLS 5G,16,SH,5G,
1703-505,16,520,EA,EREMOPHILA GLAB. EREMI 5G,16,SH,5G,
1703-805,18,520,EA,EREMOPHILA 'RUBY FIRE 5G,18,SH,5G,
1703-905,16,520,EA,EREMOPHILA MACULATA 5G,16,SH,5G,
17-0404,20.25,402,EA,4 22 1/2 STYRENE,20.25,L,,
17-1010,447,None,EA,10 22 1/2 ELL PVC DRAIN,447,L,,
1710-100,470,635.4,EA,"HYDRAWAY 12"" x 150' FLAT DRAIN",470,L,"12""",
1710-101,35,999,EA,HYDRAWAY MISC FITTINGS,35,L,,
17-1212,300,None,EA,12 22 1/2 ELL PVC DRAIN,300,L,,
17-1304,4,None,EA,3 22 1/2 ABS,4,L,,
17-1404,4,None,EA,4 22 1/2 ABS,4,L,,
1746-505,45,529,EA,DISTICTIS RIVERSII  5G ESP,45,SH,5G,
1750-101,7,516,EA,ERIOBOTRYA DEFLEXA 1G  STD,7,TR,1G,
1750-105,18,513,EA,ERIOBOTRYA DEFLEXA 5G  STD,18,TR,5G,
1750-115,60,510,EA,ERIOBOTRYA DEFLEXA 15G STD,60,TR,15G,
1750-124,180,507,EA,"ERIOBOTRYA DEFLEXA 24"" STD",180,TR,"24""",
1750-136,500,505,EA,"ERIOBOTRYA DEFLEXA 36"" STD",500,TR,"36""",
1750-160,2300,501,EA,"ERIOBOTRYA DEFLEXA 60"" STD",2300,TR,"60""",
1750-201,7,516,EA,ERIOBOTRYA DEFLEXA 1G MLT,7,TR,1G,
1750-205,18,513,EA,ERIOBOTRYA DEFLEXA 5G  MLT,18,TR,5G,
1750-215,55,510,EA,ERIOBOTRYA DEFLEXA 15G  MLT,55,TR,15G,
1750-224,180,507,EA,"ERIOBOTRYA DEFLEXA 24"" MLT",180,TR,"24""",
1750-230,400,506,EA,"ERIOBOTRYA DEFLEXA 30"" MLT",400,TR,"30""",
1750-236,500,505,EA,"ERIOBOTRYA DEFLEXA 36"" MLT",500,TR,"36""",
1750-248,1200,503,EA,"ERIOBOTRYA DEFLEXA 48"" STD",1200,TR,"48""",
1750-305,45,529,EA,ERIOBOTRYA DELEXA 5G  ESP.,45,TR,5G,
1750-315,125,528,EA,ERIOBOTRYA DEFLEXA 15G  ESP,125,TR,15G,
1750-324,400,527.5,EA,"ERIOBOTRYA DEFLEXA 24"" ESP",400,TR,"24""",
1750-336,500,505,EA,"ERIOBOTRYA D. COPPERTONE 36"" STD.",500,TR,"36""",
1750-348,1200,503,EA,"ERIOBOTRYA DEFLEXA 48"" MLT",1200,TR,"48""",
1750-415,125,528,EA,ERIOBOTRYA COPPERTONE 15G ESP,125,TR,15G,
1750-505,125,529,EA,CITRUS 5G ESP,125,TR,5G,
1750-515,300,528,EA,CITRUS 15G ESP,300,TR,15G,
1751-215,60,510,EA,ERIOBOTRYA COPPERTONE 15G STD,60,TR,15G,
1751-224,180,507,EA,"ERIOBOTRYA COPPERTONE 24"" STD",180,TR,"24""",
1751-505,18,520,EA,ERIOBOTRYA D. COPPERTONE 5G,18,TR,5G,
1751-515,32.5,510,EA,ERIOBOTRYA COPPERTONE 15G  MUL,32.5,TR,15G,
1751-524,180,507,EA,"ERIOBOTRYA COPPERTONE 24"" MLT",180,TR,"24""",
1752-024,175,507,EA,ERIOBOTRYA JAPONICA 24 MLT,175,TR,,
1752-124,170,507,EA,"ERIOBOTRYA JAPONICA 24"" STD",170,TR,"24""",
1752-136,480,505,EA,"ERIOBOTRYA JAPONICA 36"" STD",480,TR,"36""",
1752-148,1200,503,EA,"ERIOBOTRYA JAPONICA 48""  STD",1200,TR,"48""",
1752-224,175,999,EA,"ERIOBOTRYA JAPONICA 24"" PATIO TREE",175,TR,"24""",
1752-236,450,505,EA,"ERIOBOTRYA JAP. 36"" MLT",450,TR,"36""",
1752-248,1250,503,EA,"EBIOBOTRYA JAPONICA 48"" MLT",1250,TR,"48""",
1752-348,1200,503,EA,"ERIOBOTRYA COPPERTONE 48"" MLT",1200,TR,"48""",
1753-305,12,520,EA,ERIOGONUM ARBORESCENS 5G,12,SH,5G,
1753-405,15,520,EA,ERIOGONUM CONFERTIFLORUM 5G,15,SH,5G,
1753-501,3.5,522,EA,ERIOGONUM FACSICULATUM 1G,3.5,SH,1G,
1753-505,12,520,EA,ERIOGONUM FASCICULATUM 5G,12,SH,5G,
1753-601,4,522,EA,ERIOGONUM GR. RUBESCENS 1G,4,SH,1G,
1753-605,13,520,EA,ERIOGONUM GIGANTEUM 5G,13,SH,5G,
1753-705,14,520,EA,ERIOGONUM 'BRUCE DICKINSON' 5G,14,SH,5G,
1753-805,15,520,EA,ERIOGONUM PARVIFOLIUM 5G,15,SH,5G,
1754-101,5,522,EA,ERIOPHYLLUM CONFERTIFLORUM 1G,5,GCC,1G,
1754-104,3,524.1,EA,"ERIOPHYLLUM CONFERT. 4""",3,GCC,"4""",
1754-105,12,520,EA,ERIOPHYLLUM CONFERTIFLORUM 5G,12,GCC,5G,
1754-500,14,531,EA,ERIGERON KARVINS FLAT,14,GCC,,
1754-501,5,522,EA,ERIGERON KARVINSKIANUS 1G,5,GCC,1G,
1754-505,12,520,EA,ERIGERON KARVINSKIANUS 5G,12,GCC,5G,
1754-511,5,522,EA,ERIGERON G. WAYNE RODERICK 1G,5,GCC,1G,
1754-601,6,522,EA,ERIGERON F. WARRINER LYTLE 1G,6,GCC,1G,
1754-605,13,520,EA,ERIGERON G. WAYNE RODERICK 5G,13,GCC,5G,
1754-701,5,522,EA,ERIGERON GLAUCUS 1G,5,GCC,1G,
1754-705,13,520,EA,ERIGERON WARRINER LYTLE 5G,13,GCC,5G,
1755-103,30,531,EA,ERODIUM REICHARDII ALBUM FLTS,30,GCC,,
1760-001,6,522,EA,ERIODICTYON CALIFORNICUM 1G,6,SH,1G,
1790-136,360,505,EA,"ERYTHRINA CHRISTA GALLI 36""",360,TR,"36""",
1790-142,580,504,EA,"ERYTHEA EDULIS PALM 42""",580,TR,"42""",
1790-148,1100,503,EA,"ERYTHRINA CHRISTA GALLI 48""",1100,TR,"48""",
1790-160,2500,501,EA,"ERYTHRINA CORALLOIDES 60""  MLT",2500,TR,"60""",
1790-205,6,513,EA,ERYTHRINA CAFFRA 5G,6,TR,5G,
1790-215,28,510,EA,ERYTHRINA CAFFRA 15G,28,TR,15G,
1790-224,190,507,EA,"ERYTHRINA CAFFRA 24""",190,TR,"24""",
1790-236,500,505,EA,"ERYTHRINA CAFFRA 36""",500,TR,"36""",
1790-248,1200,503,EA,"ERYTHRINA CAFFRA 48""",1200,TR,"48""",
1790-260,2400,501,EA,"ERYTHRINA CAFFRA 60""  MLT",2400,TR,"60""",
1790-272,5000,500,EA,"ERYTHRINA CAFFRA 72""",5000,TR,"72""",
1790304,20.25,402,EA,3 22 1/2 STYRENE,20.25,L,,
1790-348,900,503.1,EA,"ERYTHRINA SYKESII 48""",900,TR,"48""",
1790-360,2500,501,EA,"ERYTHRINA CORALLOIDES 60""",2500,TR,"60""",
1790-372,2750,500,EA,"ERYTHRINA CORALLOIDES 72""",2750,TR,"72""",
1790-560,2200,501,EA,"ERTYHRINA CHRISTA-GALLI  60""",2200,TR,"60""",
1790-648,900,503,EA,"ERYTHRINA CAFFRA 48"" MLT",900,TR,"48""",
1791-215,40,510,EA,ERYTHRINA SYKESII 15G,40,TR,15G,
1791-224,125,507,EA,"ERYTHRINA SYKESII 24""",125,TR,"24""",
1791-236,490,505,EA,"ERYTHRINA CORALLOIDES 36""",490,TR,"36""",
1791-248,1150,503,EA,"ERYTHRINA CORALLOIDES 48""",1150,TR,"48""",
1791-336,390,505,EA,"ERYTHRINA SYKESII 36""  MLT",390,TR,"36""",
1791-348,850,503,EA,"ERYTHRINA CORALL. 48""  MLT",850,TR,"48""",
1791-360,2700,501,EA,"ERYTHRINA SYKESII 60""",2700,TR,"60""",
1791-372,3335,500,EA,"ERYTHRINA CORALLOIDES 72"" MLT",3335,TR,"72""",
1791-415,40,510.4,EA,ERYTRINA CORALLOIDES 15G,40,TR,15G,
1791-472,3335,500,EA,"ERYTHRINA CORALLOIDES 72""",3335,TR,"72""",
1791-515,26,516,EA,ERYTHRINA HUMEANE 15G,26,TR,15G,
1791-524,95,507,EA,"ERYTHRINA HUMEANE 24""",95,TR,"24""",
1791-536,380,505,EA,"ERYTHRINA HUMEANE 36""",380,TR,"36""",
1792-236,380,505,EA,"ERYTHRINA SYKESII 36""",380,TR,"36""",
1-8,305,999,ea,"ALHAMBRA FOUNDRY #A-1242 10"" C/O",305,M,"10""",
18-0903,20.25,402,EA,2 X 3 X 3 DOWN SPOUT ADPT STYRENE,20.25,L,,
18-0904,20.25,402,EA,2 X 3 X 4 DOWN SPOUT ADAPT,20.25,L,,
1815-105,9,520,EA,ESCALLONIA PINK PRINCESS 5G,9,SH,5G,
1815-115,35,519,EA,ESCALLONIA 'PINK PRINCESS' 15G,35,SH,15G,
1815-124,140,507,EA,"ESCALLONIA FRADESII 24""",140,SH,"24""",
1815-205,7.5,520,EA,ESCALLONIA X. EXONIENSIS 5G,7.5,SH,5G,
1815-215,40,519,EA,ESCALLONIA 'JUBILEE' 15G,40,SH,15G,
1815-501,2.75,522,EA,ESCALLONIA COMPAKTA 1G,2.75,SH,1G,
1815-502,3,522,EA,ESCALLONIA FRADESI 1G,3,SH,1G,
1815-503,9.5,520,EA,ESCALLONIA COMPAKTA 5G,9.5,SH,5G,
1815-505,9,520,EA,ESCALLONIA FRADESII 5G,9,SH,5G,
1815-515,40,519,EA,ESCALLONIA FRADESII 15G,40,SH,15G,
1815-605,10,520,EA,ESCALLONIA F. JUBILEE 5G,10,SH,5G,
1815-615,60,528,EA,ESCALLONIA FRADESII 15G ESP,60,SH,15G,
1815-715,28,519,EA,ESCALLONIA COMPAKTA 15G,28,SH,15G,
1816-001,4.5,522,EA,IMPERATA CYLINDIRCA RUBRA 1G,4.5,GCC,1G,
1816-005,13,520,EA,IMPERATA CYLINDRICA RUBRA 5G,13,GCC,5G,
1816-101,2.75,522,EA,ESCALLONIA ROSEA 1G,2.75,SH,1G,
1816-501,1.53,522,EA,ESCALLONIA BIFIDA 1G,1.53,SH,1G,
1816-505,6.4,520,EA,ESCALLONIA BIFIDA 5G,6.4,SH,5G,
18-1704,4,None,EA,2 X 3 X 4 OWN SPOUT ADAPT ABS,4,L,,
1817-501,4,522,EA,ESCALLONIA NEWPORT DWF 1G,4,SH,1G,
1817-505,10,520,EA,ESCALLONIA NWPT DWF 5G,10,SH,5G,
1817-515,38,519,EA,ESCALLONIA NEWPORT DWF 15G,38,SH,15G,
1817-605,7.5,519,EA,ESCALLONIA ORGANENSIS 5G,7.5,SH,5G,
1818-501,2.75,522,EA,ESCALLONIA RUBRA 1G,2.75,SH,1G,
1818-505,7,520,EA,ESCALLONIA RUBRA 5G,7,SH,5G,
1818-515,30,519,EA,ESCALLONIA RUBRA 15G,30,SH,15G,
1818-601,3,522,EA,ESCALLONIA C.F.BALL 1G,3,SH,1G,
18-1903,4,None,EA,2 X 3 X 3 DOWN SPOUT ADAP ABS,4,L,,
18-1904,20.25,402,EA,2 X 3 X 4 DOWN SPOUT ADAPT ABS,20.25,L,,
1819-505,9.1,520,EA,ESCALONIA RED ELF 5G,9.1,SH,5G,
1820-101,4,522,EA,ESCHSCHOLZIA CALIFORNICA 1G,4,GCC,1G,
1820-505,6.2,520,EA,ESCALLONIA ROSEA 5G,6.2,SH,5G,
1821-505,7.5,520,EA,ESCALLONIA LAEVIS 5G,7.5,SH,5G,
1822-120,320,507,EA,"ESPOSTOA LANATA 20""",320,SH,"20""",
1826488,4.88,250,,OLSON EH-12 EMITTER,4.88,L,,
18-3012,20.25,402,EA,3 X 4 SCH 40 X S & D ADAPT ABS,20.25,L,,
18-3015,20.25,402,EA,3 X 3 SCH 40 S & D ADPT ABS,20.25,L,,
18-3016,4,None,EA,4 X 4 SCH 40 S & D ADPT,4,L,,
1830-501,3.75,522,EA,ESCALLONIA TERRI 1G,3.75,SH,1G,
1830-505,9.5,520,EA,ESCALLONIA TERRI 5G,9.5,SH,5G,
1830-601,3.5,522,EA,ESCALLONIA EXON. BALFOURI 1G.,3.5,SH,1G,
1832-101,2.11,516,EA,EUCALYPTUS CITRIODORA 1G,2.11,TR,1G,
1832-105,13,513,EA,EUCALYPTUS CITRIODORA 5G,13,TR,5G,
1832-115,58,510,EA,EUCALYPTUS CITRIODORA 15G,58,TR,15G,
1832-124,190,507,EA,EUCALYPTUS CITRIODORA 24,190,TR,,
1832-130,240,506,EA,"EUCALYPTUS CITRIODORA 30""",240,TR,"30""",
1832-136,450,505,EA,"EUCALYPTUS CITRIODORA 36""",450,TR,"36""",
1832-215,32,510,EA,EUCALYPTUS PAUCIFLORA 15G,32,TR,15G,
1832-236,500,505.8,EA,"EUCALYPTUS SIDEROXYLON 36""",500,TR,"36""",
1832-248,1200,503,EA,"EUCALYPTUS CITRIODORA 48""",1200,TR,"48""",
1833-005,18.9,513,EA,EUC CONFERRUMINATA 5G,18.9,TR,5G,
1833-101,4.5,516,EA,EUCALYPTUS CLADOCALYX 1G,4.5,TR,1G,
1833-105,13,513,EA,EUCALYPTUS CLADOCALYX 5G,13,TR,5G,
1833-115,35,510,EA,EUCALYPTUS CLADOCALYX 15G,35,TR,15G,
1833-124,170,507,EA,"EUCALYPTUS CLADOCALYX  24""",170,TR,"24""",
1833-136,470,505,EA,"EUCALYPTUS NICOLLI 36""",470,TR,"36""",
1833-215,36,510,EA,EUCALYPTUS  SPATHULATA 15G,36,TR,15G,
1833-236,475,505,EA,"EUCALYPTUS CLADOCALYX 36"" MLT",475,TR,"36""",
1833-336,550,505,EA,"EUCALYPTUS GLOBULUS 36""",550,TR,"36""",
1834-101,4.5,516,EA,EUCALYPTUS FICIFOLIA 1G,4.5,TR,1G,
1834-105,13,513,EA,EUCALYPTUS FICIFOLIA 5G,13,TR,5G,
1834-115,130,510,EA,EUCALYPTUS FICIFOLIA 15G,130,TR,15G,
1834-124,170,507,EA,"EUCALYPTUS FICIFOLIA 24""",170,TR,"24""",
1834-136,475,505,EA,"EUCALYPTUS FICIFOLIA 36""",475,TR,"36""",
1834-160,2500,501,EA,"EUCALYPTUS FICIFOLIA 60""",2500,TR,"60""",
1835-101,4.5,516,EA,EUCALYPTUS LEHMANNI 1G,4.5,TR,1G,
1835-105,13,513,ea,EUCALYPTUS LEHMANNI 5G,13,TR,5G,
1835-115,28,510,EA,EUCALYPTUS LEHMANNI 15G,28,TR,15G,
1836-101,2.8,516,EA,EUCALYPTUS LEUC ROSEA 1G,2.8,TR,1G,
1836-105,10,513,EA,EUCALYPTUS LEUC ROSEA 5G,10,TR,5G,
1836-115,33,510,EA,EUCALYPTUS LEUC ROSEA 15G,33,TR,15G,
1836-116,35,510,EA,EUCALYPTUS VIMINALIS 15G,35,TR,15G,
1836-124,170,507,EA,"EUCALYPTUS LEUC ROSEA 24""",170,TR,"24""",
1836-215,31,510,EA,EUCALYPTUS MICROTHECA 15G,31,TR,15G,
1836-224,125,507,EA,"EUC. LEUCOXYLON 24""  SINGLE",125,TR,"24""",
1836-815,38,510,EA,EUC. SPATHULATA 15G STD,38,TR,15G,
1837-101,3.5,516,EA,EUCALYPTUS POLYANTHEMOS 1G,3.5,TR,1G,
1837-105,12,513,EA,EUCALYPTUS POLYANTHEMOS 5G,12,TR,5G,
1837-115,35,510,EA,EUCALYPTUS POLYANTHEMOS 15G,35,TR,15G,
1837-124,180,507,EA,"EUCALYPTUS POLYANTHEMOS  24""",180,TR,"24""",
1837-236,450,505,EA,"EUCALYPTUS POLYANTHEMOS 36""",450,TR,"36""",
1838-105,12,513,EA,EUCALYPTUS LEUCOXYLON 5G,12,TR,5G,
1838-115,33,510,EA,EUCALYPTUS LEUCOXYLON 15G,33,TR,15G,
1839-101,1,490,EA,IMPERIAL CONTR. ASSEMBLY #1,1,L,,
1839-102,1,490,EA,IMPERIAL CONTR. ASSEMBLY #2,1,L,,
1839-103,1,490,EA,IMPERIAL CONTR. ASSEMBLY #3,1,L,,
1839-104,205,637.2,EA,ITS DEC-1 station decoder,205,L,,
1839-105,565,637.2,EA,ITS SD-110 sensor decoder,565,L,,
1839-106,155,380.5,EA,ITS SP surge protector,155,L,,
1840-101,2.11,516,EA,EUCALYPTUS MACULATA 1G,2.11,TR,1G,
1840-105,12,513,EA,EUCALYPTUS MACULATA 5G,12,TR,5G,
1840-115,33,510,EA,EUCALYPTUS MACULATA 15G,33,TR,15G,
1840-124,170,507,EA,"EUCALYPTUS MACULATA 24""",170,TR,"24""",
1840-148,1200,503,EA,"EUCALYPTUS MACULATA 48""",1200,TR,"48""",
1841-501,3.5,516,EA,EUCALYPTUS CAMALDULENSIS 1G,3.5,TR,1G,
1841-505,11,513,EA,EUCALYPTUS CAMALDULESIS 5G,11,TR,5G,
1841-515,33,510,EA,EUCALYPTUS CAMALDENSIS 15G,33,TR,15G,
1842-101,3,516,EA,EUCALYPTUS NICHOLLI 1 GAL,3,TR,1G,
1842-105,13,513,EA,EUCALYPTUS NICHOLLI 5G,13,TR,5G,
1842-115,35,510,EA,EUCALYPTUS NICHOLII 15G,35,TR,15G,
1842-124,170,507,EA,"EUCALYPTUS NICHOLLI 24""",170,TR,"24""",
1849-110,95,999,EA,ITS SITE LABOR,95,,,
1849-111,4650,470,EA,ITS SOLAR ASSEMBLY,4650,L,,
1850-205,14,513,EA,EUCALYPTUS GLOBULUS 5G,14,TR,5G,
1853-005,23,513,EA,LYONOTHAMNUS ASPENIFOLIUS 5G STD,23,TR,5G,
1853-148,550,505,EA,LYONOTHAMNUS FLORIBUNDUS 36,550,TR,,
1853-160,1400,503,EA,"LYONOTHAMNUS FLORIBUNDUS 48""",1400,TR,"48""",
1853-505,15,513,EA,LYONOTHAMNUS FLORIBUNDUS 5G,15,TR,5G,
1855-501,3,522,EA,LYSIMACHIA NUM. 1G,3,GCC,1G,
1856-105,3,516,EA,EUCALYPTUS RUDIS 1G,3,TR,1G,
1856-106,11,513,EA,EUCALYPTUS RUDIS 5G,11,TR,5G,
1856-115,32,510,EA,EUCALYPTUS RUDIS 15G,32,TR,15G,
1856-124,170,507,EA,"EUCALYPTUS RUDIS 24""",170,TR,"24""",
1856-215,37,510.5,EA,EUCALYPTUS GRANDIS 15G,37,TR,15G,
1856-224,170,507,EA,"EUCALYPTUS GRANDIS 24""",170,TR,"24""",
1856-315,37,510.5,EA,EUCALYPTUS MICROTHECA 15G,37,TR,15G,
1858-101,4.5,516,EA,EUCALYPTUS SIDER ROSEA 1G,4.5,TR,1G,
1858-105,14,513,EA,EUCALYPTUS SIDER. ROSEA 5G,14,TR,5G,
1858-115,55,510,EA,EUCALYPTUS SID. ROSEA 15G,55,TR,15G,
1858-124,165,507,EA,"EUCALYPTUS SIDER ROSEA 24""",165,,"24""",
1858-130,300,507.6,EA,"EUCALYPTUS SIDEROXYLON 30""",300,,"30""",
1859-101,3.5,516,EA,EUCALYPTUS TORQUATA 1G,3.5,,1G,
1859-105,8,513,EA,EUCALYPTUS TORQUATA 5G,8,,5G,
1859-115,35,510,EA,EUCALYPTUS TORQUATA 15G,35,,15G,
1859-124,180,507,EA,"EUCALYPTUS TORQUATA 24""",180,,"24""",
1859-236,460,505.8,EA,"EUCALYPTUS TORQUATA 36""",460,,"36""",
1860-105,13,513,EA,EUCALYPTUS GRANDIS 5G,13,,5G,
1860-115,55,510,EA,EUCALYPTUS GRANDIS 15G,55,,15G,
1861-115,40,510,EA,EUCALYPTUS GLOBULUS 15G,40,,15G,
1864-048,850,503,EA,"EUGENIA BEAR 48""",850,,"48""",
1864-105,10.5,520,EA,EUGENIA MYRT. 5G CLMN,10.5,,5G,
1864-115,75,519,EA,EUGENIA MYRTIFOLIA 15G SPIRAL,75,,15G,
1864-205,14,520,EA,EUGENIA MYR.'COMPACTA' 5G,14,,5G,
1864-215,65,519,EA,EUGENIA MONTEREY BAY 15G STD./LOW BRANCH,65,,15G,
1864-315,135,519,EA,EUGENIA MYR. 'VARIGATED' 15G PYRAMID,135,,15G,
1864-501,2.75,522,EA,EUGENIA UNIFLORA 1G,2.75,,1G,
1864-505,14,520,EA,EUGENIA UNIFLORA 5G,14,,5G,
1864-515,38,519,EA,EUGENIA UNIFLORA 15G,38,,15G,
1864-516,50,519,,EUGENIA M. 'GLOBULUS' 15G,50,,15G,
1864-518,50,519,EA,EUGENIA MYRTIFOLIA 15G,50,,15G,
1864-615,55,519,EA,EUGENIA MYRTIFOLIA 15G CLM,55,,15G,
1864-617,90,519,EA,EUGENIA M. MONTEREY BAY 15G CLMN,90,,15G,
1864-715,90,519,EA,EUGENIA MONTEREY BAY 15G CLMN,90,,15G,
1864-915,60,519,EA,EUGENIA MYRTIFOLIA NANUM 15G,60,,15G,
1865-515,50,519,EA,EUGENIA MYRTIFOLIA 15G,50,,15G,
1866-024,250,507,EA,"EUGENIA 'MONTEREY BAY' 24"" CLMN",250,,"24""",
1866-036,250,507,EA,"EUGENIA  'MONTEREY BAY"" 24""",250,,"24""",
1866-124,180,507,EA,"EUGENIA MYRTIFOLIA 24"" CLMN",180,,"24""",
1868-036,350,505,EA,"EUGENIA DEER 36""",350,,"36""",
1870-030,185,506,EA,"EUGENIA GIRAFFE 30"" STD",185,,"30""",
1870-048,850,503,EA,"EUGENIA GIRAFFE 48""",850,,"48""",
1872-048,850,503,EA,"EUGENIA HORSE 48""",850,,"48""",
1874-036,350,505,EA,"EUGENIA REINDEER 36""",350,,"36""",
1876-048,850,503,EA,"EUGENIA TIGER 48""",850,,"48""",
1880-101,2.5,522,EA,EUONYMUS RADICANS 1G,2.5,,1G,
1880-115,42,519,EA,EUON. JAP MICRO. 15G,42,,15G,
1880-205,7.5,520,EA,EUONYMUS PULCHELLA 5G,7.5,,5G,
1880-206,45,519,EA,EUONYMUS 'GREEN SPIRE' COL. 15G,45,,15G,
1880-215,40,519,EA,EUONYMUS J. VARIEGATA 15G,40,,15G,
1880-305,9,520,EA,EUONYMOUS J. VARIEGATA 5G,9,,5G,
1880-315,42,519,EA,EUONYMUS JAPONICA 15G,42,,15G,
1880-405,14,520,EA,EUONYMUS GREEN SPIRE 5G,,,5G,
1880-415,11,520,EA,EUON. JAP MICRO 5G,11,,5G,
1880-501,4,522,EA,EUONYMUS JAPONICA 1G,4,,1G,
1880-502,2.8,522,EA,EUONYMUS J. VARIEGATA 1G,2.8,,1G,
1880-503,3.5,522,EA,EUONYMUS J. MICRO VARIEG 1G,3.5,,1G,
1880-505,10,520,EA,EUONYMUS JAPONICA 5G,10,,5G,
1880-515,29,519,EA,EUONYMUS J. VARIEG. 15G,29,,15G,
1880-615,38,519,EA,EUONYMUS SILVER PRINCESS 15G,38,,15G,
1880-701,4.2,522,EA,EUONYMOUS. J. MICRO VAR.  1G,4.2,,1G,
1880-715,50,519,EA,EUONYMUS GREEN TOWER 15G,50,,15G,
1880-805,7,520,EA,EUONYMUS JAP. SILVER PRINCESS  5G,7,,5G,
1880-815,42,519,EA,EUONYMOUS 'EMERALD GAIETY' 15G,42,,15G,
1880-905,18,520,EA,EUONYMOUS 'GREEN SPIRE' 5G COLUMNAR,18,,5G,
1881-105,10.5,520,EA,EUONYMUS J.MICRO.VARIEG 5G,10.5,,5G,
1881-501,2.4,522,EA,EUONYMUS J AUREO-MARG 1G,2.4,,1G,
1881-505,12.5,520,EA,EUONYMUS J AUREO-MARG 5G,12.5,,5G,
1881-515,50,519,EA,EUONYMUS J AUREO-MARG 15G,50,,15G,
1882-005,7.5,520,EA,EUON. JAP. SILVER PRINCESS 5G,7.5,,5G,
1882-336,450,505,EA,"EUCALYPTUS SIDEROXYLON 36""",450,,"36""",
1882-501,1.53,522,EA,EUONYMUS J SILVER QUEEN 1G,1.53,,1G,
1882-505,8,520,EA,EUONYMUS J SILVER QUEEN 5G,8,,5G,
1882-515,42,519,EA,EUONYMUS J SILVER QUEEN 15G,42,,15G,
1883-105,10,520,EA,EURYOPS EMERALD GREEN 5G,10,,5G,
1883-205,10,520,EA,EURYOPS GREEN LEAF 5G,10,,5G,
1883-405,25,520,EA,EURYOPS PECT  5G PATIO,25,,5G,
1883-501,3.75,522,EA,EURYOPS PECT 1G,3.75,,1G,
1883-505,7.6,520,EA,EURYOPS PECT  5G,10,,5G,
1883-515,40,519,EA,EURYOPS PECTINATUM 15G,40,,15G,
1883-605,8,520,EA,EURYOPS P. GREEN GOLD 5G,8,,5G,
1883-615,28,519,EA,EURYOPS P. GREEN GOLD 15G,28,,15G,
1883-705,18,520,EA,"EURYOPS ""MUNCHKIN"" 5G",18,,5G,
1884-505,7.5,520,EA,EUONYMUS J GRANDIFOLIA 5G,7.5,,5G,
1884-515,29,519,EA,EUONYMUS J GRANDIFOLIA 15G,29,,15G,
1885-505,10,520,EA,EURYOPS PECT VIRIDIS 5G,10,,5G,
1885-515,85,510.4,EA,EURYOPS P. VIRIDIS PATIO TREE 15G,85,TR,15G,
1886-005,11,520,EA,EUONYMUS JAP MICRO. 5G,11,,5G,
1886-501,3,522,EA,EUONYMUS F. COLORATA 1G,3,,1G,
1886-505,10,520,EA,EUONYMUS J SILVER KING 5G,10,,5G,
1886-515,40,519,EA,EUONYMUS J. SILVER KING 15G,40,SH,15G,
1886-555,10,520,EA,EUONYMUS F. SPP 5G,10,SH,5G,
1886-601,4.2,522,EA,EUONYMUS JAP MICRO. 1G,4.2,SH,1G,
1886-605,9.5,520,EA,EUONYMUS F. COLORATA 5G,9.5,SH,5G,
1886-705,7.5,520,EA,EUONYMUS F GOLDEN PRICE 5G,7.5,SH,5G,
1886-805,14,520,EA,"EUONYMUS ""EMERALD GAIETY 5G",14,SH,5G,
1887-001,7,522,EA,EUPHORBIA TIRUCALLI 1G,7,SH,1G,
1887-005,18,520,EA,"EUPHORBIA ""APACHE RED"" 5G",18,SH,5G,
1887-015,90,510,EA,EUPHORBIA TIRUCALII 15G,90,SH,15G,
1887-101,5,522,EA,EUPHORBIA CHARACIAS  1G,5,SH,1G,
1887-105,16,520,EA,EUPHORBIA CHAR WULFENLI 5G,16,SH,5G,
1887-115,75,510,EA,EUPHORBIA INGENS 15G MLT,75,SH,15G,
1887-124,3245,507,EA,"EUPHORBIA INGENS 24""",3245,TR,"24""",
1887-125,1555,507,EA,"EUPHORBIA AMMEK 24""",1555,TR,"24""",
1887-130,5100,506,EA,"EUPHORBIA INGENS 30""",5100,,"30""",
1887-148,4400,503,EA,"EUPHORBIA INGENS 48"" MLT",4400,,"48""",
1887-149,3550,503,EA,"EUPHORBIA AMMEK 48""",3550,,"48""",
1887-201,5,522,EA,EUPHORBIA BLACKBIRD 1G,5,,1G,
1887-205,18,520,EA,EUPHORBIA SPLENDENS 5G,18,,5G,
1887-215,50,519,EA,EUPHORBIA SPLENDENS 15G,50,,15G,
1887-224,1000,507,EA,"EUPHORBIA INGENS 24"" MLT",1000,,"24""",
1887-225,20,520,EA,EUPHORBIA TIRUCALII 5G,20,SH,5G,
1887-301,7,522,EA,EUPHORBIA RIGIDA 1G,7,SH,1G,
1887-303,18,520,EA,EUPHORBIA JERRY'S CHOICE 3G,18,SH,3G,
1887-304,40,530,EA,"EUPHORBIA M. TINY TIM 4"" FLT",40,GCC,"4""",
1887-305,20,520,EA,EUPHORBIA RIGIDA 5G,20,SH,5G,
1887-315,70,519,EA,EUPHORBIA RESINIFERA 15G,70,SH,15G,
1887-324,3200,507,EA,"EUPHORBIA YELLOW CACTUS 24""",3200,SH,"24""",
1887-401,7,522,EA,EUPHORBIA AMYG. PURPUREA 1G,7,SH,1G,
1887-405,24,520,EA,EUPHORBIA STICKS ON FIRE 5G,24,SH,5G,
1887-415,80,519,EA,EUPHORBIA T. 'STICKS ON FIRE' 15G,80,SH,15G,
1887-501,7,522,EA,EUPHORBIA 'STICKS ON FIRE' 1G,7,SH,1G,
1887-505,6,520,EA,EUONYMUS J M PULCHELLA 5G,6,SH,5G,
1887-515,90,519,EA,EUPHORBIA TRIGONA 15G,90,SH,15G,
1887-601,6,522,EA,EUPHORBIA TASMANIAN TIGER 1G,6,SH,1G,
1887-605,25,520,EA,EUPHORBIA CHAR. WULFENII 5G,25,SH,5G,
1887-615,80,519,EA,EUPHORBIA MILII 15G,80,SH,15G,
1887-705,20,520,EA,EUPHORBIA LORICATA 5G,20,SH,5G,
1887-715,80,519,EA,EUPHORBIA MACROCARPUS 15G,80,SH,15G,
1887-805,70,519,EA,"EUPHORBIA GRANDICORNIS 12""",70,SH,"12""",
1887-815,80,519,EA,EUPHORBIA CHAR. 'WULFENII' 15G,80,SH,15G,
1887-905,25,520,EA,EUPHORBIA CHA. 'BRUCE'S DWARF' 5G,25,SH,5G,
1888-005,40,520,EA,EUPHORBIA MILII 5G,40,SH,5G,
1888-105,18,520,EA,EUPHORBIA DWF APACHE 5G,18,SH,5G,
1888-205,20,520,EA,EUPHORBIA RESINIFERA 5G,20,SH,5G,
1891-115,50,510,EA,PRUNUS PISSARDI 15G,50,TR,15G,
1891-124,300,507,EA,"PRUNUS PER SANTA BARB PEACH 24""",300,TR,"24""",
1891-215,90,510,EA,PRUNUS PERS. PEACH 15G STD,90,TR,15G,
189167,2.05,999,,"2 1/2""  x 12"" SCH 80 NIPPLE",2.05,L,"2""",
189532,1.95,999,,"2 1/2"" x 3"" SCH 80 NIPPLE",1.95,L,"2""",
189897,6.3,999,,"2 1/2"" x 2"" REDUCING BUSHING TxT",6.3,L,"2""",
1-9,2800,470,EA,CALSENSE 2100-24,2800,L,,
1-900,75,637.2,EA,GRINNEL PIPE SUPPORT,125,L,,
1-901,80,None,EA,PIPELINE PS-100S SUPPORT,80,L,,
1-902,85,999,EA,BLACKJACK APS-1 PIPE SUPPORT,85,L,,
1-903,400,462,EA,"PIPE BOLLARD (4"" x 6')",200,,"4""",
1918-501,3.75,522,EA,ESCALLONIA LOU ELLEN 1G,3.75,SH,1G,
19-3012,20.25,402,EA,3 X 4 SCH 40 S & D ADAPT STYRENE,20.25,L,,
19-3015,20.25,402,EA,3 X 3 SCH 40 S & D ADAPT STYRENE,20.25,L,,
19-3016,20.25,402,EA,4 X 4 SCH 40 S & D ADAPT STYRENE,20.25,L,,
1941-515,45,519,EA,CAMELIA S. BONANZA 15G,45,SH,15G,
1942-005,14,520,EA,CAMELLIA S  SHISHI GASHIRA 5G,14,SH,5G,
1942-505,30,520,EA,CAMElLLIA S. BONANZA 5G,30,SH,5G,
19-5049,5200,490,EA,HS9-RM24HK/RSE,5200,L,,
19-5050,6100,490,EA,HS-16SS/DX18SB-03-RF/EV-RAD-F/EVANT,6100,L,,
19-5051,6580,490,EA,HS-16SS/D24SB-03-RF/EV-RAD-F/EV-ANT,6580,L,,
19-5052,4665,490,EA,HS-16SS/DX24SB-03-HW/HS-GND,4665,L,,
19-5053,3565,490,EA,HS-16SB/DX 6-03/HS-GND,3565,L,,
19-5054,3413.33,490,EA,HS16-RM30HK-S-RSE,3413.33,L,,
19-5055,5263.33,490,EA,HS9-RM30HK-RSE,5263.33,L,,
19-5056,5643.33,490,EA,HS9-RM36HK-RSE,5643.33,L,,
19-5060,8913,490,EA,HS16-SDDX-48/DX-03/DX-RF/HSVE RAD/H,8913,L,,
19-5154,7420,490,EA,HS16S DX24/03/RF/RAD-F/ANT-SD/FM150,7420,L,,
19-5155,6990,490,EA,HS16S/DX18/03/RF/RAD-F/ANT-SD/FM150,6990,L,,
1960-200,150,None,EA,TELEPHONE SERVICE DROP,150,,,
20,24,397,EA,"GALCON 1""-3/4"" SOLENOID",24,L,"1""",
2000,0,None,EA,EXTRA,0,,,
2000-125,33,510,EA,GLEDITSIA T INERMOS 15G  STD,33,TR,15G,
200-030,0,None,EA,2 X 3 NIPPLE - SCH 80 (PVC),0,L,,
200-030BL,0,None,EA,2 X 3 NIPPLE - SCH 80 (B-LN),0,L,,
200-030BS,26,None,EA,2 X 3 NIPPLE (BRASS),26,L,,
200-030UV,0,None,EA,2 X 3 NIPPLE - SCH 80 (UVR),0,L,,
200-040,0,None,EA,2 X 4 NIPPLE - SCH 80 (PVC),0,L,,
200-040BL,0,None,EA,2 X 4 NIPPLE - SCH 80 (B-LN),0,L,,
200-040BS,27,None,EA,2 X 4 NIPPLE (BRASS),27,L,,
200-040UV,0,None,EA,2 X 4 NIPPLE - SCH 80 (UVR),0,L,,
200-060,0,None,EA,2 X 6 NIPPLE - SCH 80 (PVC),0,L,,
200-060BL,0,None,EA,2 X 6 NIPPLE - SCH 80 (B-LN),0,L,,
200-060BS,41,None,EA,2 X 6 NIPPLE (BRASS),41,L,,
200-060UV,0,None,EA,2 X 6 NIPPLE - SCH 80 (UVR),0,L,,
200-080,0,None,EA,2 X 8 NIPPLE - SCH 80 (PVC),0,L,,
200-080BL,0,None,EA,2 X 8 NIPPLE - SCH 80 (B-LN),0,L,,
200-080BS,54,None,EA,2 X 8 NIPPLE (BRASS),54,L,,
200-080UV,0,None,EA,2 X 8 NIPPLE - SCH 80 (UVR),0,L,,
200-100,0,None,EA,2 X 10 NIPPLE - SCH 80 (PVC),0,L,,
200-100BL,0,None,EA,2 X 10 NIPPLE - SCH 80 (B-LN),0,L,,
200-100BS,67,None,EA,2 X 10 NIPPLE (BRASS),67,L,,
200-100UV,0,None,EA,2 X 10 NIPPLE - SCH 80 (UVR),0,L,,
200-120,0,None,EA,2 X 12 NIPPLE - SCH 80 (PVC),0,L,,
200-120BL,0,None,EA,2 X 12 NIPPLE - SCH 80 (B-LN),0,L,,
200-120BS,99,None,EA,2 X 12 NIPPLE (BRASS),99,L,,
200-120UV,0,None,EA,2 X 12 NIPPLE - SCH 80 (UVR),0,L,,
200-140,0,None,EA,2 X 14 NIPPLE - SCH 80 (PVC),0,L,,
200-140BL,0,None,EA,2 X 14 NIPPLE - SCH 80 (B-LN),0,L,,
200-140BS,38,None,EA,2 X 14 NIPPLE (BRASS),38,L,,
200-140UV,0,None,EA,2 X 14 NIPPLE - SCH 80 (UVR),0,L,,
2001-515,60,510,EA,ACACIA STENOPHYLA 15G STD,60,TR,15G,
200-160,0,None,EA,2 X 16 NIPPLE - SCH 80 (PVC),0,L,,
200-160BL,0,None,EA,2 X 16 NIPPLE - SCH 80 (B-LN),0,L,,
200-160BS,40,None,EA,2 X 16 NIPPLE (BRASS),40,L,,
200-160UV,0,None,EA,2 X 16 NIPPLE - SCH 80 (UVR),0,L,,
200-180,0,None,EA,2 X 18 NIPPLE - SCH 80 (PVC),0,L,,
200-180BL,0,None,EA,2 X 18 NIPPLE - SCH 80 (B-LN),0,L,,
200-180BS,95,None,EA,2 X 18 NIPPLE (BRASS),95,L,,
200-180UV,0,None,EA,2 X 18 NIPPLE - SCH 80 (UVR),0,L,,
200-240,0,None,EA,2 X 24 NIPPLE - SCH 80 (PVC),0,L,,
200-240BL,0,None,EA,2 X 24 NIPPLE - SCH 80 (B-LN),0,L,,
200-240BS,196,None,EA,2 X 24 NIPPLE (BRASS),196,L,,
200-240UV,0,None,EA,N,0,L,,
200-300,0,None,EA,2  X 30 NIPPLE - SCH 80 (PVC),0,L,,
200-300BL,0,None,EA,2 X 30 NIPPLE - SCH 80 (B-LN),0,L,,
200-300BS,240,None,EA,2 X 30 NIPPLE (BRASS),240,,,
200-300UV,0,None,EA,2 X 30 NIPPLE - SCH 80 (UVR),0,,,
200-360,0,None,EA,2 X 36 NIPPLE - SCH 80 (PVC),0,,,
200-360BL,0,None,EA,2 X 36 NIPPLE - SCH 80 (B-LN),0,,,
200-360BS,191,None,EA,2 X 36 NIPPLE (BRASS),191,,,
200-360UV,0,None,EA,2 X 36 NIPPLE - SCH 80 (UVR),0,,,
2006-501,2.25,522,EA,FATSIA JAPONICA 1G,2.25,,1G,
2006-505,10,520,EA,FATSIA JAPONICA 5G,10,,5G,
2006-515,42,519,EA,FATSIA JAPONICA 15G,42,,15G,
2006-605,7.5,520,EA,FATSHEDERA LIZEI 5G,7.5,,5G,
2007-505,9.5,520,EA,LANTANA C. MOUND YELLOW 5G,9.5,,5G,
200-CL,0,None,EA,2 X CLOSE NIPPLE - SCH 80 (PVC),0,,,
200-CLBL,0,None,EA,2 X CLOSE NIPPLE - SCH 80 (B-LN),0,,,
200-CLBS,17,None,EA,2 X CLOSE NIPPLE (BRASS),17,,,
200-CLUV,0,None,EA,2 X CLOSE NIPPLE - SCH 80 (UVR),0,,,
20-1019,0.2,999,EA,"PVC 1/2"" MA, ST",0.2,,"2""",
20-1020,0.5,None,EA,"PVC 40 MA ST 3/4""",0.5,,"4""",
20-1040,0.41,None,EA,"1"" PVC MA TS",0.41,,"1""",
20-1060,0.51,None,EA,"1 1/4"" PVC MA TS",0.51,,"4""",
20-1080,1.8,None,EA,"PVC 40 MA TS 1.5""",1.8,,"5""",
20-1100,0.89,None,EA,"2"" PVC MA TS",0.89,,"2""",
201-101,3.65,522,EA,ACACIA R. LOWBOY 1G,3.65,,1G,
20-1110,5.5,999,EA,"COPPER MA, 1""",5.5,,"1""",
20-1120,2.63,None,EA,2 1/2 MA TS,2.63,,,
20-1140,3.86,None,EA,3 MA TS,3.86,,,
20-1160,4.91,None,EA,4 MA TS,4.91,,,
20-1180,0.3,None,EA,"PVC 1/2"" FA TS",0.3,,"2""",
20-1200,0.33,None,EA,3/4 FA TS,0.33,,,
20-1220,0.39,999,EA,1 FA TS,0.39,,,
201-224,185,507,EA,"ACACIA 24"" NATURAL CLMN",185,,"24""",
20-1260,0.69,None,EA,"1 1/2"" FA TS",0.69,,"2""",
20-1280,0.91,None,EA,"2"" FA TS",0.91,,"2""",
20-1320,0.54,None,EA,3/4 COUP TT,0.54,,,
20-1330,1.74,None,EA,1 COUP TT,1.74,,,
20-1340,30,None,EA,"PVC 40 TEE SSS 4""",30,,"4""",
20-1360,9.57,None,EA,"PVC 4"" 90 SS",9.57,,"4""",
20-1380,22.16,None,EA,4 45 SS,22.16,,,
20-1400,10.17,None,EA,4 COUP SS,10.17,,,
20-1420,0.69,None,EA,3/4 X 1/2 RB TT PVC,0.69,,,
20-1430,0.94,None,EA,3/4  x 1/2  SLIP/THREAD BUSHING,0.94,,,
20-1440,0.96,None,EA,1 X 3/4 RB TT PVC,0.96,,,
20-1460,2,None,EA,"PVC 1"" SSS TEE",2,,"1""",
20-1480,0.44,None,EA,1 X 1/2 RB SS PVC,0.44,,,
20-1490,1.53,None,EA,1 X 3/4 ST SCH 40 BUSHING,1.53,,,
20-1500,0.29,None,EA,1 X 3/4 RB SS PVC,0.29,,,
20-1520,3.23,None,EA,1 1/4 X 3/4 RB SS PVC,3.23,,,
20-1540,1.46,None,EA,1 1/4 X 1 RB SS PVC,1.46,,,
20-1550,0.75,None,EA,1 1/4 X 1 RED. BUSH. TXT PVC,0.75,,,
20-1560,1.54,None,EA,1 1/2 X 1 1/4 RB SS PVC,1.54,,,
20-1580,1.54,None,EA,1 1/2 X 1 RB SS PVC,1.54,,,
20-1600,4.49,None,EA,2 X 1 1/2 RB SS,4.49,,,
20-1620,2.54,None,EA,2 X 1 1/4 RB SS PVC,2.54,,,
20-1640,2.54,None,EA,2 X 1 RB SS PVC,2.54,,,
20-1650,4.49,None,EA,2 X 1 1/2 TT REDUCER,4.49,,,
20-1660,1.67,None,EA,2 1/2 X 2 RB SS,1.67,,,
20-1661,3,None,EA,2 1/2 X 2 RB TXT,3,,,
20-1680,6.02,None,EA,3 X 2 1/2 RB SS PVC,6.02,,,
20-1700,6.02,None,EA,3 X 2 RB SS PVC,6.02,,,
20-1701,18.57,None,EA,3 X 2 RB TXT PVC,18.57,,,
20-1720,13.44,None,EA,4 X 3 RB SS PVC,13.44,,,
20-1740,13.44,None,EA,4 X 2 RB SS PVC,13.44,,,
20-1760,0.21,None,EA,1/2 CAP SLIP PVC,0.21,,,
20-1780,0.59,None,EA,3/4 CAP SLIP PVC,0.59,,,
20-1800,1.8,None,EA,"SLIP CAP PVC, 1""",1.8,,"1""",
20-1820,1.33,None,EA,1 1/4 CAP SLIP PVC,1.33,,,
20-1840,2.33,None,EA,1 1/2 CAP SLIP PVC,2.33,,,
20-1860,1.74,None,EA,2 CAP SLIP PVC,1.74,,,
20-1880,0.44,None,EA,1/2 CAP THREAD PVC,0.44,,,
20-1900,0.51,None,EA,3/4 CAP THREAD PVC,0.51,,,
20-1920,1.89,None,EA,1 CAP THREAD PVC,1.89,,,
20-1940,2.23,None,EA,1 1/4 CAP THREAD PVC,2.23,,,
20-1960,2.33,None,EA,1 1/2 CAP THREAD PVC,2.33,,,
20-1980,4.13,None,ES,2 CAP THREAD PVC,4.13,,,
20-2000,0.29,None,EA,1/2 TEE SSS PVC,0.29,,,
2020-015,,,,FEIJOA SELLOWIANA 15G PATIO TREE,,,,
20-2020,0.56,None,EA,1/2 90 SS,0.56,,,
20-2021,0.4,None,EA,"PVC 90 TT  .5""",0.4,,"5""",
20-2022,0.75,None,EA,"PVC 1/2"" TEE TTT",0.75,L,"2""",
2020-236,480,505,EA,"FEIJOA SELLOWIANA 36"" MLT",480,SH,"36""",
2020-248,1200,503,EA,"FEIJOA SELLOWIANA 48"" MLT",1200,SH,"48""",
20-2031,29.72,None,EA,IRROMETER FIELD SERVICE KIT #1001,29.72,L,,
2020-336,465,505,EA,"FEIJOA SELLOWIANA 36"" STD",465,SH,"36""",
2020-348,1200,503,EA,"FEIJOA SELL 48"" STD",1200,SH,"48""",
20-2040,0.39,None,EA,1/2 45 SS,0.39,L,,
2020-424,175,507,EA,"FEIJOA SELLOWIANA 24"" STD",175,SH,"24""",
2020-501,3.8,522,EA,FEIJOA SELLOWIANA 1G,3.8,SH,1G,
2020-505,10,520,EA,FEIJOA SELLOWIANA 5G,10,SH,5G,
2020-515,50,519,EA,FEIJOA SELLOWIANA 15G MLT,50,SH,15G,
2020-524,175,507,EA,"FEIJOA SELLOWIANA 24"" MLT",175,SH,"24""",
20-2060,0.39,None,EA,1/2 COUP SS PVC,0.39,L,,
2020-615,125,525,EA,FEIJOA SELLOWIANA 15G ESP,125,SH,15G,
2020-660,2600,501,EA,"FEIJOA SELLOWIANA 60"" MLT",2600,,"60""",
2020-715,45,519,EA,FEIJOA SELLOWIANA SHRUB 15G,45,SH,15G,
20-2080,0.39,None,EA,1/2 TEE SST PVC,0.39,,,
20-2095,0.6,None,EA,"3/4"" PVC/POLY ADAPTER",0.6,,"4""",
20-2100,0.7,None,EA,1/2 90 ST PVC,0.7,,,
20-2110,1.38,None,EA,1/2 90 TT PVC,1.38,,,
20-2120,1.6,None,EA,"PVC 1/2"" STR ELL TT",1.6,,"2""",
20-2121,9.6,999,EA,"PVC SCH 80 1/2"" STR. ELL",9.6,,"2""",
20-2140,0.35,None,EA,MARLEX 1/2 STR ELL TT,0.35,,,
2021-501,2.75,522,EA,FELICIA AMELLOIDES 1G,2.75,,1G,
2021-505,10,520,EA,FELICIA AMELLOIDES 5G,10,,5G,
20-2160,0.21,None,EA,1/2 MA TS PVC,0.21,L,,
2021-611,,,,FELICIA AMELLOIDES FLAT,,,,
20-2180,0.33,None,EA,3/4 TEE SSS PVC,0.33,L,,
20-2200,0.81,None,EA,3/4 90 SS PVC,0.81,L,,
2022-115,40,519,EA,ZANTEDESCHIA AETHIOPICA 15G,40,GCC,15G,
20-2220,0.6,None,EA,"PVC 3/4"" 45 SS",0.6,L,"4""",
20-2240,1,None,EA,3/4 COUP SS PVC,1,L,,
20-2260,1.25,None,EA,3/4 x 3/4 x 1/2 TEE SST PVC,1.25,L,,
20-2280,1.25,None,EA,3/4 TEE SST PVC,1.25,L,,
20-2290,1.43,None,EA,3/4 TEE TxTxT,1.43,L,,
20-2291,1.7,None,EA,3/4 TEE TxTxT (UVR),1.7,L,,
20-2300,0.65,None,EA,3/4 X 1/2 90 ST PVC,0.65,L,,
20-2301,0.65,None,EA,3/4 X 1/2 90 ELL SS,0.65,L,,
2023-115,45,519,EA,CLIVIA MINIATA 15G,45,GCC,15G,
20-2320,1.25,None,EA,3/4 90 ST PVC,1.25,L,,
20-2330,0.9,999,EA,3/4 90 ELL TT,0.9,L,,
20-2340,2.2,None,EA,3/4 STR ELL TT PVC,2.2,L,,
20-2341,11,999,EA,"PVC SCH 80 3/4"" STR ELL",11,L,"4""",
20-2350,1.4,999,EA,3/4 CROSS SLIP,1.4,L,,
20-2360,0.68,None,EA,3/4 STR ELL TT MARLEX,0.68,L,,
20-2380,1.2,None,EA,3/4 X 1/2 TEE SSS PVC,1.2,L,,
20-2400,1.14,None,EA,1 TEE SSS PVC,1.14,L,,
2024-101,6,522,EA,NEMESIA FRUTICANS 1G,6,GCC,1G,
2024-105,70,520,EA,NEOREGELIA (RED BROMELIAD) 5G,70,GCC,5G,
2024-115,65,510,EA,ELAEOCARPUS DECIPIENS 15G CLMN,65,TR,15G,
2024-130,650,506,EA,"NEODYPSIS (TRIANGLE PALM) 30"" BOX",650,TR,"30""",
20-2420,1.14,None,EA,1 90 SS PVC,1.14,L,,
2024-215,18,520,EA,ELAEOCARPUS DECIPIENS 5G,18,TR,5G,
2024-315,90,519,EA,ELAEOCARPUS DEC. MONPROUD 15G,90,TR,15G,
20-2440,1.74,None,EA,1 45 SS PVC,1.74,L,,
2024-415,90,519,EA,ELAEOCARPUS LITTLE EMPEROR 15G,90,SH,15G,
2024-515,170,528,EA,ELAEOCARPUS LTTL EMPEROR 15G ESP,170,SH,15G,
20-2460,1.14,None,EA,1 COUP SS PVC,1.14,L,,
20-2480,1.9,None,EA,1 x 1 x 1/2 TEE REDUCING SST,1.9,L,,
20-2490,1.53,None,EA,1 X 1 X 3/4 TEE SST PVC REDUCING,1.53,L,,
20-2500,1.1,None,EA,1 X 3/4 TEE SST PVC,1.1,L,,
20-2510,2.33,None,EA,1 X 3/4 90 ELL ST,2.33,L,,
2025-101,4.5,522,EA,NEPETA CATARENSIS 1G,4.5,GCC,1G,
2025-105,18,520,EA,NEPETA F. 'WALKER'S LOW' 5G,18,GCC,5G,
20-2511,2.04,None,EA,1 X 3/4 90 ELL SS,2.04,L,,
20-2512,0.68,None,EA,1 X 3/4 90 ELL SXS,0.68,L,,
20-2520,1.5,None,EA,1 X 1/2 TEE SSS PVC,1.5,L,,
2025-201,4.25,522,EA,NEPETA PURSSIAN BLUE 1G,4.25,GCC,1G,
2025-205,18,520,EA,NEPETA PURSSIAN BLUE 5G,18,GCC,5G,
2025-301,4.65,522,EA,NEPETA WALKERS LOW 1G,4.65,GCC,1G,
20-2540,0.97,None,EA,1 1/4 TEE SSS PVC,0.97,L,,
20-2560,2.03,None,EA,1 1/4 90 SS PVC,2.03,L,,
20-2561,18.9,999,EA,"PVC SCH 80 1"" STR ELL",18.9,L,"1""",
20-2562,15.3,999,EA,"PVC SCH. 80 ELL, 2.5""",15.3,L,"5""",
20-2563,18,999,EA,"PVC SCH 80 RED BUSH, 2.5"" x 1.25""",18,L,"5""",
20-2564,5,999,EA,"PVC SCH 80 ELL, 1.25""",5,L,"25""",
20-2565,10,999,EA,"PVC SCH 80 TEE 1"" SSS",10,L,"1""",
20-2566,18.7,999,EA,"PVC SCH 80 1.25"" TEE SSS",18.7,L,"25""",
20-2567,125,999,EA,"PVC SCH 80 6"" TEE SSS",125,L,"6""",
20-2568,2.4,999,EA,"PVC SCH 80 ELL 3/4""",2.4,L,"4""",
20-2569,15,999,EA,"PVC SCH 80 ELL 2"" SS",8.2,L,"2""",
20-2570,5.3,999,EA,"PVC SCH 80 45 3/4"" SS",5.3,L,"4""",
20-2571,8,999,EA,"PVC SCH 80 45  1"" SS",8,L,"1""",
20-2572,10,999,EA,"PVC SCH 80 45 1.25"" SS",10,L,"25""",
20-2573,12,999,EA,"PVC SCH 80 45 1.5"" SS",12,L,"5""",
20-2574,15.5,999,EA,"PVC SCH 80 45 2"" SS",15.5,L,"2""",
20-2575,32.5,999,EA,"PVC SCH 80 45, 2.5"" SS",32.5,L,"5""",
20-2576,40,999,EA,"PVC SCH 80 45, 3"" SS",40,L,"3""",
20-2577,89,999,EA,"PVC SCH 80 45, 6"" SS",89,L,"6""",
20-2578,10,999,EA,"PVC 80 1"" ELL SS",10,L,"1""",
20-2580,1.1,None,EA,"PVC 1.25"" 45 SS",1.1,L,"25""",
20-2600,1.24,None,EA,1 1/4 COUP SS PVC,1.24,L,,
20-2620,1.83,None,EA,1 1/4 x 1 1/4 x 1/2 TEE SST PVC,1.83,L,,
20-2621,1.15,None,EA,11/4 X 1/2 TEE SSS PVC,1.15,L,,
20-2622,1,None,EA,1 1/4 x 1/2  ELL   SXT,1,L,,
20-2623,1.95,None,EA,1 1/4 X 1 1/4 X 3/4 TEE SST PVC REDUCING,1.95,L,,
20-2624,3.4,None,EA,1 1/4 X 1 ST ELL REDUCING,3.4,L,,
20-2640,2.6,None,EA,"1.5"" TEE SSS PVC",2.6,L,"5""",
20-2660,2.17,None,EA,1 1/2 90 SS,2.17,L,,
20-2680,1.5,None,EA,"PVC 1.5"" 45 SS",1.5,L,"5""",
20-2700,1.33,None,EA,1 1/2 COUP SS PVC,1.33,L,,
2027-001,6,522,EA,POTADEA BAJ. 'BLACKIE' 1G,6,GCC,1G,
2027-101,3.5,522,EA,POTENTILLA VERNA 1G,3.5,GCC,1G,
20-2720,2.27,None,EA,1 1/2 X 1/2 TEE SST PVC,2.27,L,,
20-2730,0.57,None,EA,"1 1/2"" X 1""",0.57,L,"2""",
20-2740,1.71,None,EA,2 TEE SSS PVC,1.71,L,,
20-2750,2.5,None,EA,2 X 2 X 1 TEE (SST) PVC,2.5,L,,
20-2760,1.45,None,EA,2 90 SS PVC,1.45,L,,
20-2780,1.5,999,EA,"PVC 2"" 45 SS",1.5,L,"2""",
20-2800,2.04,None,EA,2 COUP SS PVC,2.04,L,,
2028-001,6.5,522,EA,CRASSULA CORYMBULOSA 1G,6.5,GCC,1G,
2028-005,23,520,EA,CRASSULA OVA. 'HUMMEL'S SUNSET' 5G,23,SH,5G,
2028-101,6,522,EA,CRASSULA MINIMA 1G,6,GCC,1G,
2028-104,60,530,EA,"CRASSULA CAP. CAMP FIRE 4"" POT FLTS",60,GCC,"4""",
2028-105,22,520,EA,CRASSULA ARGENTIA 5G,22,SH,5G,
2028-111,6,522,EA,CRASSULA PEL. 'VARIEGATA' 1G,6,GCC,1G,
20-2820,7,None,EA,2 X 1/2 TEE SST PVC,7,L,,
2028-201,6,531,EA,CRASSULA ARGENTIA 1G,6,SH,1G,
2028-204,3.5,524.1,EA,"CRASSULA RADICANS 4"" POT",3.5,GCC,"4""",
2028-205,22,520,EA,CRASSULA MULTICAVA 5G,22,GCC,5G,
20-2821,23,999,EA,PVC SCH 80 2x2x1 TEE,23,L,,
2028-301,7,522,EA,CRASSULA ARGENTIA 1G,7,SH,1G,
2028-305,22,520,EA,CRASSULA ARBORESCENS 5G,22,SH,5G,
20-2840,5.66,None,EA,2 1/2 TEE SSS PVC,5.66,L,,
2028-401,7,520,EA,CRASSULA PERFORATA 1G,7,GCC,1G,
2028-405,22,520,EA,CRASSULA O. MINIMA 5G,22,SH,5G,
20-2841,5.6,None,EA,2 1/2 x 2 1/2 x 1 1/2  SSS SCH 40  TEE,5.6,L,,
20-2842,5.6,None,EA,2 1/2 x 2 1/2  x  1  SSS SCH 40 TEE,5.6,,,
20-2843,5.59,None,EA,2 1/2 SCH 40 SLIP CAP,5.59,,,
2028-501,5,522,EA,CRASSULA CAMPFIRE 1G,5,,1G,
2028-505,18,520,EA,CRASSULA SUNBURST 5G,18,,5G,
20-2860,10.36,None,EA,2 1/2 90 SS PVC,10.36,,,
2028-601,7,522,EA,CRASSULA ARBORESCENS 1G,7,,1G,
2028-605,16,520,EA,CRASSULA PINKY 5G,16,,5G,
2028-608,7,522,EA,"CRASSULA ARBORESCENS 8"" POT",7,,"8""",
2028-701,6,522,EA,CRASSULA MULTICAVA 1G,6,,1G,
2028-705,15,520,EA,CRASSULA A. 'CROSBY'S COMPACT' 5G,15,,5G,
20-2880,10.37,None,EA,2 1/2 45 SS PVC,10.37,,,
2028-801,7.5,522,EA,CRASSULA OVATA GOLLUM 1G,7.5,,1G,
2028-805,22,520,EA,CRASSULA 'RIPPLE JADE' 5G,22,,5G,
2028-901,6,522,EA,CRASSULA GOLLUM 1G,6,,1G,
2028-905,20,520,EA,CRASSULA CAP. 'CAMPFIRE' 5G,20,,5G,
20-2900,4.48,None,EA,2 1/2 COUP SS PVC,4.48,,,
2029-015,65,511,EA,LYONOTHAMNUS F. ASPLENIFOLIUS 15G L/B,65,,15G,
20-2920,7.43,None,EA,3 TEE SSS PVC,7.43,,,
20-2940,12.4,None,EA,3 90 SS PVC,12.4,,,
20-2960,16.1,None,EA,3 45 SS PVC,16.1,,,
20-2961,12,999,EA,"PVC SCH 80 F.A. 1.5""",12,,"5""",
20-2962,6,999,EA,"PVC SCH 80 F.A. 1""",6,,"1""",
20-2978,17,None,EA,"SPEARS 1.5"" SS REINF. UNION",17,,"5""",
20-2979,8,999,EA,"PVC SCH 80 2"" COUPLING",8,,"2""",
20-2980,7.01,None,EA,3 COUP SS PVC,7.01,,,
20-2981,7,None,EA,"2"" SCH 80 SLIP UNION (KBI U-2000-S)",7,,"2""",
20-2982,5.5,None,EA,"1 1/2"" SCH 80 SLIP UNION (KBI U-1500-S)",5.5,,"2""",
20-2984,4,999,EA,"GALV NIPPLE 1"" x 6""",4,,"1""",
20-2985,1.2,None,EA,"PVC 4"" X 2 1/2"" FLG X FIP RED BUSHING",1.2,,"4""",
20-2986,2.1,None,EA,"GALV. 2 1/2"" CLOSE NIPPLE STEEL",2.1,,"2""",
20-2987,20,642,LF,"CAST IRON PIPE 4""",20,,"4""",
20-2988,18,None,EA,"PVC SCH 80 MA 2""",11,,"2""",
20-2989,8.5,None,EA,"PVC SCH 80 MA 1.5""",8.5,,"5""",
20-2990,5,None,EA,"PVC SCH 80 MA 1""",5,,"1""",
20-2991,6.5,None,EA,"PVC SCH 80 MA 1.25""",6.5,,"25""",
20-2992,5.5,None,EA,"PVC SCH.80 ELL 1.5""",5.5,,"5""",
20-2993,20.5,None,EA,"PVC SCH. 80 TEE TT 1.5""",20.5,,"5""",
20-2994,3,None,EA,"PVC SCH.80 MA 3/4""",3,,"4""",
20-2995,2,999,EA,"GALV NIPPLE 1"" x 4""",2,,"1""",
20-2996,6,999,EA,"GALV NIPPLE 2.5"" x 4""",6,,"5""",
20-2997,13,None,EA,"GALV NIPPLE 2 X 4""",13,,"4""",
20-2998,16,None,EA,"GALV NIPPLE  2.5"" x 6""",16,,"5""",
20-2999,28,None,EA,"2 1/2"" GALVANIZED UNION",28,,"2""",
20-3000,105,None,EA,"UNION 3"" SCH 80 PVC TT",140,,"3""",
20-30001,40,None,EA,"GALV NIPPLE  2.5""  x 24""",40,,"5""",
20-300010,15,None,EA,"UNION GALV. 1.25""",15,,"25""",
20-300011,8,None,EA,"UNION GALV 1""",8,,"1""",
20-300012,84,None,EA,1-1/4 BRASS UNION,84,,,
20-30008,75,None,EA,"UNION TT PVC SCH 80 2.5""",75,,"5""",
20-30009,17,None,EA,"UNION GALV 1.5""",17,,"5""",
20-3001,18,None,EA,"UNION 2"" TT SCH 80 PVC",18,,"2""",
20-3002,16,None,EA,"UNION 1.5"" TT SCH 80 PVC",16,,"5""",
20-3003,13,None,EA,"UNION 1.25"" TT SCH 80 PVC",13,,"25""",
20-3004,8,None,EA,"UNION 1"" TT SCH 80 PVC",8,,"1""",
20-3005,6,None,EA,"UNION 3/4"" TT SCH 80 PVC",6,,"4""",
20-3006,4.5,None,EA,"UNION PVC SCH 80 1/2""",4.5,,"2""",
20-3007,31.2,638,EA,"4"" CAST IRON COMPANION FLANGE",31.2,,"4""",
20-3008,21,None,EA,"SPEARS 2"" SS REINF. UNION",21,,"2""",
20-3009,52.5,None,EA,"SPEARS 3"" SS REINF. UNION",52.5,,"3""",
20-3010,60,None,EA,"GALV UNION 4""",60,,"4""",
2030-101,5,522,EA,ASCLEPIAS ERIOCARPA 1G,5,,1G,
2030-105,12,520,EA,ASCLEPIAS SUBULATA 5G,12,,5G,
20-3011,40,None,EA,"GALV UNION 3""",40,,"3""",
20-30111,16,None,EA,"GALV NIPPLE 3"" X 6 """,16,,"3""",
20-30112,52,None,EA,"GALV NIPPLE 3"" X 24""",52,,"3""",
20-30113,24,None,EA,"GALV NIPPLE 2"" X 24""",24,,"2""",
20-30114,12,None,EA,"GALV NIPPLE  2"" X 12""",12,,"2""",
20-30115,8.6,None,EA,"GALV NIPPLE 1 1/2"" X 12""",8.6,,"2""",
2030-115,43,519,EA,ASPARAGUS MYERS 15G,43,,15G,
20-30116,7.3,None,EA,"GALV NIPPLE 1 1/4"" X 12""",7.3,,"4""",
20-30117,5.7,None,EA,"GALV NIPPLE 1"" X 12""",5.7,,"1""",
20-3012,22,None,EA,"GALV UNION 2""",22,,"2""",
20-3013,18,639.3,EA,"LASCO #896 1 1/2"" SCH 80 PVC UNION",18,,"2""",
20-3014,16,639.3,EA,"LASCO #896 1"" SCH 80 PVC UNION",16,,"1""",
20-3015,30,None,EA,"GALV UNION 2.5""",30,,"5""",
20-3016,3.5,999,EA,"GALV NIPPLE 1 1/2"" x 4""",3.5,,"2""",
20-3017,11,999,EA,"GALV NIPPLE 1 1/4"" x 4""",11,M,"4""",
20-3018,24.25,None,EA,"LASCO #896 2"" SCH 80 PVC UNION",24.25,M,"2""",
20-3019,3.25,999,EA,SPEARS 435 TRANSITION FTG,3.25,M,,
20-3020,9.7,None,,"PVC SCH 80 TEE, 3/4 x 3/4 x 1/2"", SST",9.7,M,"2""",
2030-201,5,522,EA,ASCLEPIAS FASCICULARIS 1G,5,GCC,1G,
2030-205,15,520,EA,ASCLEPIAS FASCICULARIS 5G,15,GCC,5G,
20-3021,60,402,EA,"SPEARS 2411-010G SCH. 80 BV 1""",60,M,"1""",
20-3022,100,402,EA,"SPEARS 2411-015G SCH. 80 BV 1.5""",100,M,"5""",
20-3023,63,402,EA,"SPEARS 2411-020G SCH. 80 BV 2""",63,M,"2""",
20-3024,42,637.2,EA,"SPEARS 2411-0125G SCH 80 BV 1.25""",42,M,"25""",
20-3025,9.5,402.4,EA,"SPEARS 2621-005G SCH 80 BV TXT 1/2""",9.5,M,"2""",
20-3026,4.99,402.4,EA,"SPEARS 2621-010G SCH 80 BV TXT 1""",21,M,"1""",
20-3027,131,402,EA,"SPEARS 3621-012SR TRUE UNION 2000 BV 1.5""",131,M,"5""",
20-3028,110,402,EA,"SPEARS 3621-010SR TRU UNION 2000 BV 1""",110,M,"1""",
20-3029,140,402,EA,"SPEARS 3621-020SR TRU-UNION BV 2""",140,M,"2""",
20-3030,33,999,EA,"PVC SCH 80 4"" ELL",33,M,"4""",
2030-301,5,522,EA,ASCLEPIAS SPECIOSA 1G,5,GCC,1G,
2030-305,15,520,EA,ASCLEPIAS TUBEROSA 5G,15,GCC,5G,
20-3031,71,999,EA,"PVC SCH 80 4"" 45 SS",71,M,"4""",
20-3032,37,999,EA,"PVC SCH 80 4"" TEE SSS",37,M,"4""",
20-3033,65,None,EA,"SPEARS 2"" SS REINF. UNION w/EPDM O-RINGS",65,M,"2""",
20-3034,125,None,EA,"SPEARS 2.5"" SS REINF. UNION w/EPDM O-RINGS",125,M,"5""",
20-3035,2.925,None,EA,"1"" SS SCH 80 PVC UNION",6,M,"1""",
20-3036,6.7,None,EA,"1 1/4"" SS SCH 80 PVC UNION",6.7,M,"4""",
20-3037,6.15,None,EA,"1 1/2"" SS SCH 80 PVC UNION",12,M,"2""",
20-3038,8.025,None,EA,"2"" SS SCH 80 PVC UNION",10.7,M,"2""",
20-3039,30.75,None,EA,"2-1/2"" SXS SCH 80 PVC UNION",41,M,"2""",
20-3040,18,None,EA,"PVC SCH 80 3"" 90 SS",18,M,"3""",
2030-401,5,522,EA,ASCLEPIAS CALIFORNICA 1G,5,GCC,1G,
2030-405,15,520,EA,ASCLEPIAS CALIFORNICA 5G,15,GCC,5G,
20-3041,50,None,EA,"PVC SCH 80 TEE 3x3x1""",50,M,,
20-3042,50,None,EA,"PVC SCH 80 TEE 3x3x1.5""",50,M,"5""",
20-3043,60,None,EA,"PVC SCH 80 TEE 2.5""x2.5""x 1""",60,M,"5""",
20-3044,61,None,EA,"PVC SCH 80 TEE 2.5""x2.5""x 1.5""",61,M,"5""",
20-3045,30,None,EA,"PVC SCH 80 TEE 2""x2""x1""",30,M,"2""",
20-3046,31,None,EA,"PVC SCH 80 TEE 2""x2""x1.5""",31,M,"2""",
20-3047,75,999,EA,"PVC SCH 80 TEE 4x4x2""",75,M,,
20-3048,75,999,EA,"PVC SCH 80 TEE 4x4x1.5""",75,M,"5""",
20-3049,51,999,EA,PVC SCH 80 TEE 3x3x2,51,M,,
2030-501,4.6,522,EA,ASPARAGUS D. MYERS 1G,4.6,GCC,1G,
2030-505,11,520,EA,ASPARAGUS DENS. MYERS 5G,11,GCC,5G,
20-3060,3.72,402,EA,"LASCO V07791N, .5"" GRAY B.V. TxT",4,L,"5""",
2030-601,5,522,EA,ASCLEPIAS CURVASSICA 1G,5,GCC,1G,
2030-605,10.2,520,EA,ASPARAGUS SETACEUS 5G,10.2,GCC,5G,
20-3061,5,402,EA,"LASCO V08791N .75"" GRAY B.V. TxT",5,L,"75""",
20-3062,6.5,402,EA,"LASCO V10791N 1"" GRAY B.V. TxT",6.5,L,"1""",
20-3063,10,402,EA,"LASCO V14791N 1.25"" GRAY B.V. TxT",10,L,"25""",
20-3064,16,402,EA,"LASCO V17791N 1.5"" GRAY B.V. TxT",16,M,"5""",
20-3065,19,402,EA,"LASCO V20791N 2"" GRAY B.V. TxT",19,M,"2""",
2030-701,5,522,EA,ASCLEPIAS SUBULATA 1G,,,,
20-3101,26.25,639,EA,"SPEARS 2"" TT SCH 80 PVC UNION",26.25,M,"2""",
20-3102,17,639,EA,"SPEARS 1-1/2"" TT SCH 80 PVC UNION",17,M,"2""",
20-3103,7.5,639,EA,"SPEARS 1"" TT SCH 80 PVC UNION",7.5,L,"1""",
20-3104,1,None,EA,SPEARS AP100 HOSE CAP,1,L,,
20-3105,1,None,EA,SPEARS M-64 DRIP PIPE ENDS,1,L,,
20-3106,47,None,EA,DIG Y-FLTR P75-155 1.5 NPT 155 S.S. MESH,47,L,,
20-3107,56,999,EA,LASCO G13T-212 SWING ASSEMBLY,56,L,,
20-3108,70,380,EA,"DIG P75-17-200  1 1/2""  Y-FILTER",70,L,"2""",
20-3109,35,637.2,EA,"DIG P-17-200 1"" Y-FILTER",35,L,"1""",
20-3110,24,402,EA,"LASCO V8061 SWING CHK 1.25""",24,L,"25""",
2031-501,3,522,EA,ASPARAGUS D SPRENGERI 1G,3,GCC,1G,
2031-505,9.5,520,EA,ASPARAGUS D SPRENGERI 5G,9.5,GCC,5G,
2031-515,32,519,EA,ASPARAGUS D SPRENGERI 15G,32,GCC,15G,
2032-501,2.75,522,EA,ASPARAGUS D SPRENGERI COMPACTA 1G,2.75,GCC,1G,
2032-505,8.5,520,EA,ASPARAGUS D SPRENG. COMP. 5G,8.5,GCC,5G,
2033-115,65,519,EA,ASPLENIUM BULBIFERUM 15G,65,GCC,15G,
2033-501,2.7,522,EA,ASPLENIUM BULBIFERUM 1G,2.7,GCC,1G,
2033-505,10,520,EA,ASPLENIUM BULBIFERUM 5G,10,GCC,5G,
20-3401,3.65,999,EA,UVR 3/4 x 1/2 TEE SST,3.65,L,,
20-3402,6.2,999,EA,"UVR 1 x 1/2"" TEE SST",6.2,L,"2""",
2034-501,2.28,522,EA,DICKSONIA ANTARCTICA 1G,2.28,TR,1G,
2034-505,8,520,EA,DICKSONIA ANTARCTICA 5G,8,TR,5G,
2034-515,50,519,EA,DICKSONIA ANTARCTICA 15G,50,TR,15G,
2034-524,165,507.2,EA,"DICKSONIA ANTARCTICA 24""",165,TR,"24""",
2034-601,7,522,EA,DICONDRA ARG. 'SILVER FALLS' 1G,7,GCC,1G,
2034-606,6,522,EA,"DICONDRA 'SILVER FALLS' 6"" POT",6,GCC,"6""",
2035-015,50,519,EA,NEPHROLEPIS EX. CORDIFLOIA 15G,50,GCC,15G,
2035-301,3.75,522,EA,NEPHROLEPIS CORDIFOLIA 1G,3.75,GCC,1G,
2035-405,14,520,EA,NEPHROLEPIS CORDIFOLIA 5G,14,GCC,5G,
2035-501,4,522,EA,NEPHROLEPIS EXALTATA 1G,4,GCC,1G,
2035-505,9.5,520,EA,NEPHROLEPIS EXALTATA 5G,9.5,GCC,5G,
2035-515,33,519,EA,NEPHROLEPIS EXALTATA 15G,33,GCC,15G,
2035-601,4,522,EA,NEPHROLEPIS E. 'BOSTONIENSIS' 1G,4,GCC,1G,
2035-605,12,520,EA,NEPHROLEPIS E. BOSTONIENSIS 5G,12,GCC,5G,
2036-101,4,522,EA,POLYGALA DALMAISIANA 1G,4,SH,1G,
2036-105,11,520,EA,POLYGALA DALMISISIANA 5G,11,SH,5G,
2036-115,45,519,EA,POLYGALA DALMAISANA 15G,45,SH,15G,
2036-205,18,520,EA,POLYGALA PETITE BUTTERFLY 5G,18,SH,5G,
2036-215,60,519,EA,POLYGALA FRUITICOSA 15G,60,SH,15G,
2036-305,,,,POLYGALA F. PETITE BUTTERFLY 5G,,,,
2036-501,4,522,EA,POLYSTICHUM MUNITUM 1G,4,GCC,1G,
2036-505,17.5,520,EA,POLYSTICHUM MUNITUM 5G,17.5,GCC,5G,
2036-515,45,519,EA,POLYSTICHUM MUNITUM 15G,45,GCC,15G,
2036-605,16,520,EA,POLYSTICHUM ACROSTICHOIDES 5G,16,GCC,5G,
2037-501,3.5,522,EA,POLYSTICHUM POLYBLEPHARUM 1G,3.5,GCC,1G,
2037-505,8.5,520,EA,POLYSTICHUM POLYBLEPHARUM 5G,8.5,GCC,5G,
2038-115,45,519,EA,RUMOHRA ADIANTIFORMIS 15 GAL,45,GCC,15G,
2038-501,3.8,522,EA,RUMOHRA ADIANTIFORMIS 1G,3.8,GCC,1G,
2038-505,15,520,EA,RUMOHRA ADIANTIFORMIS 5G,15,GCC,5G,
2039-501,4,522,EA,WOODWARDIA RADICANS 1G,4,GCC,1G,
2039-505,9.5,520,EA,WOODWARDIA RADICANS 5G,9.5,GCC,5G,
20-4001,400,400.3,EA,"COLONIAL V30101N 3"" B.V.",,,,
2040-124,300,507,EA,"WODVEITCHIA PALM 24""",300,TR,"24""",
2041-505,8,520,EA,AGAPANTHUS SUMMER GOLD 5G,8,GCC,5G,
204-515,50,510,EA,ACACIA PENDULA STD. 15G,50,TR,15G,
20-5000,7.51,None,EA,"GALV 2.5""  90",7.51,M,"5""",
20-5001,4,999,EA,"GALV 45  2 1/2""",4,M,"2""",
2050-015,36,510,EA,FICUS BENJAMINA 15G CLMN,36,TR,15G,
20-5002,3.75,None,EA,"GALV 45    2""",3.75,M,"2""",
2050-024,170,507,EA,"FICUS BENJIMINA 24"" CLMN",170,TR,"24""",
20-5003,1.5,None,EA,"GALV. 3/4"" ELL TxT",1.5,L,"4""",
20-5010,12,None,EA,"GALV 2.5"" STR ELL",12,M,"5""",
2050-115,33,510,EA,FICUS BENJAMINA 15G  STD,33,TR,15G,
2050-124,105,507,EA,"FICUS BENJAMINA 24""  STD",105,TR,"24""",
2050-136,450,505,EA,"FICUS BENJAMINA 36"" STD",450,TR,"36""",
2050-148,1050,503,EA,"FICUS BENJAMINA 48"" STD",1050,TR,"48""",
2050-215,36,510,EA,FICUS BENJAMINA 15G MLT,36,TR,15G,
2050-224,115,507,EA,"FICUS BENJAMINA 24""  MUL",115,TR,"24""",
2050-236,600,505,EA,"FICUS BENJAMINA 36"" MLT",600,TR,"36""",
2050-248,830,503,EA,"FICUS BENJAMINA 48""  MUL",830,TR,"48""",
2050-260,1650,501,EA,"FICUS BENJAMINA 60""  MUL",1650,TR,"60""",
2050-315,55,510,EA,FICUS BENJAMINA 15G GLOBE FORM,55,TR,15G,
2050-324,350,527.5,EA,"FICUS BENJAMINA 24""  ESP",350,TR,"24""",
2050-415,60,510,EA,FICUS BENJAMINA 15G L/B,36,TR,15G,
2050-424,190,507,EA,"FICUS BENJAMINA 24""   L/B",100,TR,"24""",
2050-436,490,505,EA,"FICUS BENJAMINA 36"" L/B",350,TR,"36""",
2050-448,1200,503,EA,"FICUS BENJAMINA 48""   L/B",830,TR,"48""",
2050-515,80,510,EA,FICUS ALII 15G,80,TR,15G,
2050-801,4.5,522,EA,FICUS REPENS 1G STK,4.5,SH,1G,
2050-948,1200,503,EA,"FICUS RETUSA 48"" STD",850,TR,"48""",
2051-715,125,528,EA,FICUS BENJIMINA 15G ESP,125,SH,15G,
2051-815,80,510,EA,FICUS LYRATA 15G,80,TR,15G,
2051-905,125,528,EA,FICUS GREWIA ESP 15G,125,SH,15G,
2051-915,75,510,EA,"FICUS ""FIG"" TREE 15G",75,TR,15G,
2052-105,18,513,EA,FICUS MICROCARPA 5G STD,18,TR,5G,
2052-115,60,510,EA,FICUS MICROCARPA 15G STD,33,TR,15G,
2052-124,190,507,,FICUS MICROCARPA 24 STD,100,TR,,
2052-136,490,505,,"FICUS MICROCARPA 36"" STD",350,TR,"36""",
2052-148,1200,503,,"FICUS MICROCARPA 48"" STD",1100,TR,"48""",
2052-160,3000,501,,"FICUS MICROCARPA 60"" STD",1800,TR,"60""",
2052-205,17,520,EA,FICUS REPENS 5G STK,17,SH,5G,
2052-215,60,510,EA,FICUS MICROCARPA 15G MLT,36,TR,15G,
2052-224,1190,507,EA,"FICUS MICROCARPA 24"" MLT",100,TR,"24""",
2052-236,490,505,EA,"FICUS MICROCARPA 36"" MLT",350,TR,"36""",
2052-305,17,520,EA,FICUS P MINIMA 5G,17,SH,5G,
2052-405,25,520,EA,FICUS GREEN GEM 5g clmn,25,SH,5G,
2054-115,60,510,EA,FICUS M NITIDA 15G STD,60,TR,15G,
2054-124,190,507,EA,"FICUS M NITIDA 24"" STD",170,TR,"24""",
2054-130,250,506,EA,"FICUS M NITIDA 30"" STD",250,TR,"30""",
2054-136,490,505,EA,"FICUS M NITIDA 36"" STD",460,TR,"36""",
2054-148,1200,503,EA,"FICUS M NITIDA 48"" STD",1100,TR,"48""",
2054-160,3000,501,EA,"FICUS M NITIDA 60"" STD",2500,TR,"60""",
2054-215,60,510,EA,FICUS M NITIDA 15G MLT,60,TR,15G,
2054-224,190,507,EA,"FICUS M NITIDA 24"" MLT",170,TR,"24""",
2054-230,250,506,EA,"FICUS M NITIDA 30"" MLT",250,TR,"30""",
2054-236,490,505,EA,"FICUS M NITIDA 36"" MLT",460,TR,"36""",
2054-248,1200,503,EA,"FICUS M NITIDA 48"" MLT",1100,TR,"48""",
2054-260,3000,501,EA,"FICUS M NITIDA 60"" MLT",2500,TR,"60""",
2054-315,60,510,EA,FICUS M NITIDA 15G CLMN,60,SH,15G,
2054-324,190,507,EA,"FICUS M NITIDA 24"" CLMN",180,SH,"24""",
2054-336,490,505,EA,"FICUS M NITIDA 36"" CLMN",475,SH,"36""",
2054-415,160,519,EA,"FICUS MACLELANDI ""ALLI"" 15G",160,TR,15G,
2056-101,4.5,522,EA,FICUS REPENS 1G,4,SH,1G,
2056-109,50,531,EA,FICUS REPENS FLATS (50 PER),50,GCC,,
2056-115,60,510,EA,FICUS M NITIDA GREEN GEM 15G STD,60,TR,15G,
2056-124,190,507,EA,"FICUS NIT. GREEN GEM 24""  STD",165,TR,"24""",
2056-136,490,505,EA,"FICUS NIT. GRN GEM 36"" STD",400,TR,"36""",
2056-148,1200,503,EA,"FICUS M NIT. G. GEM 48"" STD",1085,TR,"48""",
2056-160,3000,None,EA,"FICUS N. GREEN GEM 60"" STD",1800,TR,"60""",
2056-215,60,510,EA,FICUS NIT. GREEN GEM 15G MLT,55,TR,15G,
2056-224,190,507,,FICU M NIT GREEN GEM 24 MLT,100,TR,,
2056-236,490,505,EA,"FICUS NIT. GREEN GEM 36"" MLT",360,TR,"36""",
2056-248,1200,503,EA,"FICUS N. GREEN GEM 48"" MLT",900,TR,"48""",
2056-260,3000,501,EA,"FICUS N. GREEN GEM 60"" MLT",1800,TR,"60""",
2056-315,60,510,EA,FICUS N. GREEN GEM 15G CLMN,60,SH,15G,
2056-324,175,507,EA,"FICUS M NITIDA GRN GEM 24"" CLMN",175,SH,"24""",
2056-336,400,505,EA,"FICUS N. GREEN GEM 36"" CLMN",400,SH,"36""",
2058-115,60,510,EA,FICUS MACROPHYLLA 15G  STD,60,TR,15G,
2058-124,190,507,EA,"FICUS MACROPHYLLA 24"" STD",170,TR,"24""",
2058-136,460,505,EA,"FICUS MACROPHYLLA 36""  STD",460,TR,"36""",
2058-148,1200,503,EA,"FICUS MACROPHYLLA 48"" STD",830,TR,"48""",
2058-160,2800,501,EA,"FICUS MACROPHYLLA 60"" STD",2800,TR,"60""",
2058-215,60,510,EA,FICUS MACROPHYLLA 15G MLT,60,TR,15G,
2058-224,190,507,,"FICUS MACROPHYLLA 24"" MLT",170,TR,"24""",
2058-236,490,505,EA,"FICUS MACROPHYLLA 36"" MLT",400,TR,"36""",
2058-248,1200,503,EA,"FICUS MACROPHYLLA 48"" MLT",900,TR,"48""",
2058-260,3000,501,EA,"FICUS MACROPHYLLA 60"" MLT",2500,TR,"60""",
2059-501,4.5,522,EA,FICUS PUMILA 1G STK,4.5,SH,1G,
2059-505,18,520,EA,FICUS PUMILA 5G STK,17,SH,5G,
2059-515,60,525,EA,FICUS PUMILA 15G STK,53,SH,15G,
2059-601,4,522,EA,FICUS PUMILA MINIMA 1G STK,4,SH,1G,
2059-615,45,525,EA,FICUS REPENS 15G STK,45,SH,15G,
2060-115,28,510,EA,FICUS RUBIGINOSA 15G  STD,28,TR,15G,
2060-124,175,507,EA,"FICUS RUBIGINOSA 24"" STD",175,TR,"24""",
2060-130,300,506,EA,"FICUS RUBIGINOSA 30""   STD",300,TR,"30""",
2060-136,480,505,EA,"FICUS RUBIGINOSA 36"" STD",480,TR,"36""",
2060-142,720,504,EA,"FICUS RUBIGINOSA 42"" MLT",720,TR,"42""",
2060-148,1200,503,EA,"FICUS RUBIGINOSA 48""  STD",1200,TR,"48""",
2060-160,3000,501,EA,"FICUS RUBIGINOSA 60"" STD",2300,TR,"60""",
2060-172,5000,500,EA,"FICUS RUBIGNOSA 72"" MLT",5000,TR,"72""",
2060-215,60,510,EA,FICUS RUBIGINOSA 15G  MUL,28,TR,15G,
2060-224,190,507,EA,"FICUS RUBIGINOSA 24""  MUL",115,TR,"24""",
2060-236,450,505,EA,"FICUS RUBIGINOSA 36"" MLT",450,TR,"36""",
2060-248,1150,503,EA,"FICUS RUBIGINOSA 48"" MLT",1150,TR,"48""",
2060-260,3000,501,EA,"FICUS RUBIGINOSA 60""  MLT",1800,TR,"60""",
2062-115,60,510,EA,FICUS R FLORIDA 15G STD,33,TR,15G,
2062-124,190,507,EA,"FICUS R FLORIDA 24""STD",100,TR,"24""",
2062-130,300,506,EA,"FICUS R FLORIDA 30""  STD",300,TR,"30""",
2062-136,350,505,EA,"FICUS R FLORIDA 36""  STD",350,TR,"36""",
2062-148,1050,503,EA,"FICUS R FLORIDA 48"" STD",1050,TR,"48""",
2062-160,1650,501,EA,"FICUS R FLORIDA 60""  STD",1650,TR,"60""",
2062-215,36,510,EA,FICUS R FLORIDA 15G MLT,36,TR,15G,
2062-224,190,507,EA,"FICUS R FLORIDA 24""   MUL",100,TR,"24""",
2062-236,490,505,EA,"FICUS R FLORIDA 36"" MLT",460,TR,"36""",
2062-248,1150,503,EA,"FICUS R FLORIDA 48"" MLT",1150,TR,"48""",
2062-260,3000,501,EA,"FICUS R FLORIDA 60"" MLT",2500,TR,"60""",
2062-336,350,505,EA,"FICUS RETUSA 36""   STD",350,TR,"36""",
2063-136,490,505,EA,"FICUS MACROPHYLLA 36"" STD",460,TR,"36""",
2063-172,5000,500,EA,"FICUS MACROPHYLLA 72"" MLT",4500,TR,"72""",
21-0000,0.67,None,EA,1/2 90 TURF SWING ASSEMBLY,0.67,SD,,
21-0010,0.67,None,EA,1/2 TEE TURF SWING ASSEMBLY,0.67,SD,,
2100-101,18,522,EA,FOUQUIERIA SPLENDENS 1G,18,,1G,
2100-115,75,519,EA,FOUQUIERIA SPLENDENS 15G,75,,15G,
2100-124,250,507,EA,"FOUQUIERIA SPLENDENS 24""",250,,"24""",
21-0020,0.74,None,EA,3/4 TEE TURF SWING ASSEMBLY,0.74,SD,,
21-0030,0.83,None,EA,1 TEE TURF SWING ASSEMBLY,0.83,SD,,
21-0033,6,None,EA,3 45 ELL PVC DRAIN,6,,,
21-0040,1.19,None,EA,1 1/4 TEE TURF SWING ASSEMBLY,1.19,SD,,
21-0044,12.66,None,EA,4 45 ELL PVC DRAIN,12.66,,,
21-0050,1.34,None,EA,1 1/2 TEE TURF SWING ASSEMBLY,1.34,SD,,
2100-501,3.2,522,EA,FRAGARIA CHIL. 1G,3.2,,1G,
2100-504,2.5,524,EA,"FRAGARIA CHILOENSIS 4""",2.5,,"4""",
2100-505,12,520,EA,FRAGARIA CHILOENSIS 5G,12,,5G,
21-0060,0.6,None,EA,1/2 90 SHRUB SWING ASSEMBLY,0.6,SH,,
2100-604,2.5,524,EA,"FRAGARIA VESCA 4""",2.5,,"4""",
21-0066,24,None,EA,6 45 ELL PVC DRAIN,24,,,
21-0067,30,None,EA,"DRAIN PVC 90 ELL 6""",30,L,"6""",
21-0070,0.63,None,EA,1/2 TEE SHRUB SWING ASSEMBLY,0.63,SH,,
21-0080,0.67,None,EA,3/4 TEE SHRUB SWING ASSEMBLY,0.67,SH,,
21-0088,75,None,EA,"PVC SDR 35 8"" 45 ELL",75,L,"8""",
21-0090,0.76,None,EA,1 TEE SHRUB SWING ASSEMBLY,0.76,SH,,
21-0100,1.12,None,EA,1 1/4 TEE SHRUB SWING ASSEMBLY,1.12,SH,,
2101-002,1000,635.6,EA,FOUNTAIN #1,1000,,,
2101-003,100,999,EA,FOUNTAIN INSTALLATION,100,,,
2101-004,500,999,EA,FOUNTAIN #2,500,,,
2101-005,500,999,EA,FOUNTAIN #3,500,,,
2101-050,1.75,524.1,EA,DESCHAMPIA CAESPITOSA PLUG,1.75,GCC,,
21-0110,1.27,None,EA,1 1/2 TEE SHRUB SWING ASSEMBLY,1.27,SH,,
2101-1000,25,534.1,CY,GENERIC MULCH,25,AMM,,
2101-1001,20,534.1,EA,LADERA TOPDRESS MULCH (R&S),20,AMM,,
2101-1002,70,534.1,CY,FIBAR BARK,70,AMM,,
2101-1003,18,534.1,EA,GREENWAY FROM PACIFIC MULCH,18,AMM,,
2101-1004,38,534.1,YD,DESIGNER WOOD CHIPS ( CORONA WHOLESALE),38,AMM,,
2101-1005,80,534.1,YD,WALK ON BARK,80,AMM,,
2101-1006,22,534.1,CY,R&S SHREDDED BARK MULCH,22,AMM,,
2101-1007,18,534.1,CY,GREEN EARTH MULCH 400 PLUS,18,AMM,,
2101-1008,28,534.1,CY,SHREDDED BARK MULCH- WHITTIER,28,AMM,,
2101-1009,18,534.1,CY,GREENWAYS ENVIRONMENTAL PACIFIC MULCH,18,AMM,,
2101-1010,18,534.1,EA,PLANT'S CHOICE MULCH (SAN DIEGO),18,AMM,,
2101-1011,48,534.1,CY,ZEAGAR BROS. WF-ZWC WOOD FIBER CARPET,48,AMM,,
2101-1012,75,534.1,CY,EMBER-SAFE MULCH (AGUINAGA),75,AMM,,
2101-1013,55,534.1,EA,FIBER PLAYGROUND CHIPS,55,AMM,,
2101-1014,850,534.1,CY,RUBBER MULCH (brown or black),850,AMM,,
2101-1020,32,534.1,CY,TVI  TV400+ MULCH,32,AMM,,
2101-1030,41,534.1,CY,BLUE RIBBON SHREDDED BARK MED GRIND,41,AMM,,
2101-1100,45,534.1,CY,ORGANIC G.C. #K-090695 BY SEQUOIA,45,GCC,,
2101-111,20,543.1,CY,GREENWAY'S BEST SOIL COND.,20,AMM,,
2101-1110,45,534.1,CY,"BARK MULCH ""OASIS BROWN""",45,AMM,,
2101-1111,53.3,534.1,CY,DARK BLACK SHREDDED BARK MULCH,53.3,AMM,,
2101-998,32,534.1,EA,RWP LANDSCAPER'S MULCH,32,AMM,,
2101-999,23,534.1,CY,"RWP SPEC MULCH, 0-3""",23,AMM,"3""",
21-0303,20.25,402,EA,3 45 STYRENE,20.25,L,,
21-0403,20.25,402,EA,4 45 STYRENE,20.25,L,,
21-0603,20.25,402,EA,6 45 STYRENE,20.25,L,,
21-1000,191,471,EA,IRRITROL MC 4A+,191,L,,
21-1010,152,None,EA,IRRITROL MC 4A+,152,L,,
21-1020,900,471,EA,IRRITROL MC-6A+,203,L,,
21-1040,256,470,EA,IRRITROL MC-8A+,256,L,,
21-1041,400,470,EA,IRRITROL MC-8E CONTROLLER,400,POC,,
21-1057,480,380.2,EA,"SUPERIOR 3200-200-RW - 2""",480,CV,"2""",
21-1060,1100,470,EA,IRRITROL MC-12-E,1100,L,,
21-1080,1700,470,EA,IRRITROL MC-18E,1700,L,,
21-1081,280,470,EA,IRRITROL TC-18-EX-B 18 STA OUTDOOR,280,L,,
21-1082,220,470,EA,IRRITROL TC-12-MOD-R,220,L,,
21-1100,2000,470,EA,IRRITROL MC-24-E,2000,L,,
211-112,10,520,EA,NEOMERICA CERULIA 5G,10,GCC,5G,
21-1120,1000,470,EA,IRRITROL MC-30A+,1000,L,,
21-1140,1200,470,EA,IRRITROL MC-36A+,1200,L,,
21-1160,1400,470,EA,IRRITROL MC-42A+,1400,L,,
21-1170,1600,470,EA,IRRITROL MC-48E,1600,L,,
21-1180,110,471,EA,IRRITROL JRDC BATT-CONT (discontinued),110,L,,
21-1200,321,471,EA,IRRITROL IBOC-4,321,L,,
21-1212,300,None,EA,12 45 ELL PVC DRAIN,300,L,,
21-1220,383,471,EA,IRRITROL IBOC-6,383,L,,
21-1240,378,470,EA,IRRITROL IBOC-8,378,L,,
21-1260,645,470,EA,IRRITROL IBOC-10,645,L,,
21-1280,124,480,EA,IRRITROL P-2,124,L,,
21-1300,1200,490,EA,IRRITROL P-6 PEDESTAL,1200,L,,
21-1303,4,None,EA,3 45 ABS,4,L,,
21-1320,116,480,EA,IRRITROL P-8,116,L,,
21-1340,67,471,EA,IRRITROL BP-1,67,L,,
21-1347,13,999,EA,SENNINGER PRL303F3F,,,,
21-1360,38,397,EA,IRRITROL DC LATCH SUPER,38,CV,,
21-1380,38,397,EA,"IRRITROL DC LATCH RICH, HARD",38,CV,,
21-1382,71,None,EA,IRRITROL CLU-30,71,L,,
21-1389,161.25,471,EA,IRRITROL DIAL-7AB,161.25,L,,
21-1390,175,471,EA,IRRITROL DIAL 5AB,175,L,,
21-1391,160.8,471,EA,RD 12 PLUS-INT IRRITROL TIMER (INDOOR),160.8,L,,
21-1392,296.64,470,EA,IRRITROL DIAL 18B,296.64,L,,
21-1393,233,470,EA,TC-15 EX-B IRRITROL TIMER (OUTDOOR),233,L,,
21-1394,540,470,EA,IRRITROL DIAL 24B,540,L,,
21-1395,270,470,EA,IRRITROL DIAL-16B,270,L,,
21-1396,675,470,EA,IRRITROL DIAL 36B,675,L,,
21-1397,200,471,EA,IRRITROL DIAL 11-B,200,L,,
21-1398,195,471,EA,IRRITROL DIAL 14B,195,L,,
21-1399,369.6,470,EA,IRRITROL DIAL 18B,369.6,L,,
21-1400,13,None,EA,"SENNINGER PR-50MF 1""DRIP REG.",8.95,L,"1""",
21-1402,300,None,EA,IRRITROL 12 STATION MODULE,300,L,,
21-1403,4,None,EA,4 45 ABS,4,L,,
21-1406,270,471,EA,"IRRITROL SD-600-EXT (discontinued, see 21-1408)",270,L,,
21-1408,146,471,EA,HUNTER PCC-600 OUTDOOR,146,L,,
21-1409,192.5,471,EA,HUNTER PCC-1200 OUTDOOR,192.5,L,,
21-1410,45,None,EA,"SENNINGER PR-30-MF, 1.50"" DRIP REG.",45,L,"50""",
21-1411,180,471,EA,HUNTER PCC-1200i 12st CONTROLLER,180,POC,,
21-1420,20,None,EA,"SENNINGER PMR-20MF 1""",20,L,"1""",
21-1430,20,None,EA,SENNINGER PMR-20M PR,20,L,,
21-1431,40,None,EA,"SENNINGER PMR-MF 25 PSI 1""M X 1""F",40,L,"1""",
21-1432,24,None,EA,"SENNINGER PMR-30LF 3/4""",24,L,"4""",
21-1433,25,None,EA,"SENNINGER PMR-30 MF   1""PRV",25,L,"1""",
21-1434,15,None,EA,SENNINGER PMR-75-LF,15,L,LF,
21-1435,14,637.3,EA,"TORO T- PMR25-LF PRESS REG. 3/4""",14,L,"4""",
21-1436,20,999,EA,"SENNINGER PMR-30MF  3/4""",20,L,"4""",
21-1440,24,None,EA,SENNINGER PMR-35MF (2-20 GPM),24,L,,
21-1441,24,None,EA,"SENNINGER PMR-40MF 3/4""",24,L,"4""",
21-1442,24.15,None,,"SENNINGER PR-HF-40 1""",24.15,L,"1""",
21-1443,30,None,EA,"SENNINGER PRLV-40 1"" PR",30,L,"1""",
21-1444,130,None,EA,"SENNINGER PRXF-40 1.5""",130,L,"5""",
21-1445,25,None,EA,SENNINGER PRL-15-15,25,L,,
21-1446,11.0625,None,EA,"SENNINGER PMR-40-MF 1""",25,L,"1""",
21-1447,25,None,EA,"SENNINGER PMR-30-HF 1.25""",25,L,"25""",
21-1448,30,999,EA,"SENNINGER PRL-25 PRV 1""",30,L,"1""",
21-1450,260,471,EA,IRRITROL SD-900-INT,260,L,,
21-1603,4,None,EA,6 45 ABS,4,L,,
21-2390,2,None,EA,9 VOLT BATTERY,2,L,,
2128-005,22,520,EA,CRASSULA UND. 'BLUE WAVE' 5G,22,SH,5G,
2128-105,23,520,EA,CRASSULA 'HOBBIT' 5G,23,SH,5G,
2128-205,23,520,EA,CRASSULA OVA. 'JITTERS' 5G,23,SH,5G,
2128-305,23,520,EA,CRASSULA 'SUNSET JADE' 5G,23,SH,5G,
2128-405,18.5,520,EA,CRASSULA ARB. UNDULATIFOLIA 5G,18.5,SH,5G,
2128-505,22,520,EA,CRASSULA 'GOLLUM VARIEGATA' 5G,22,SH,5G,
2128-605,25,520,EA,"CRASSULA BLUE WAVES 8""",25,SH,"8""",
2128-705,22,520,EA,CRASSULA BLUE BIRD 5G,22,SH,5G,
2130-115,33,510,EA,FRAXINUS UHDEI  15G STD,33,TR,15G,
2130-124,170,507,EA,"FRAXINUS UHDEI 24""  STD",170,TR,"24""",
2130-130,300,506,EA,"FRAXINUS UHDEI  30""",300,TR,"30""",
2130-136,470,505,EA,"FRAXINUS UHDEI 36""",470,TR,"36""",
2130-137,380,505,EA,"FRAXINUS V.""RIO GRANDE"" 36""   STD.",380,TR,"36""",
2130-148,900,503,EA,"FRAXINUS UHDEI ""ORANGE COUNTY"" 48""",900,TR,"48""",
2130-224,165,507,EA,"FRAXINUS U. MAJ. BEAUTY 24"" STD",165,TR,"24""",
2130-236,370,505,EA,"FRAXINUS U. MAJ BEAUTY 36"" STD",370,TR,"36""",
2130-624,120,510,EA,"FRAXINUS V.""RIO GRANDE"" 24"" STD",120,TR,"24""",
2132-115,32,510,EA,FRAXINUS UHDEI ROYAL 15G,32,TR,15G,
2132-124,95,507,EA,"FRAXINUS UHDEI ROYAL 24""",95,TR,"24""",
2132-215,33,510,EA,FRAXINUS GRIFFITH 15G,33,TR,15G,
2133-115,28,510,EA,FRAXINUS UHDEI TOMLINSON 15G,28,TR,15G,
2134-115,33,510,EA,FRAXINUS VELUTINA MODESTO 15G,33,TR,15G,
2134-124,115,507,EA,"FRAXINUS VEL. MODESTO 24""",115,TR,"24""",
2134-136,450,505,EA,"FRAXINUS MODESTO 36"" L/B",450,TR,"36""",
2134-148,1050,503,EA,"FRAXINUS MODESTO 48"" L/B",1050,TR,"48""",
2134-236,360,505,EA,"FRAXINUS VELUTINA 36""",475,TR,"36""",
2134-324,185,507,EA,"FRAXINUS VELUTINA 24""",185,TR,"24""",
2134-436,460,505,EA,"FRAXINUS MAJESTIC BEAUTY 36"" STD.",460,TR,"36""",
2135-115,33,510,EA,FRAXINUS OXY RAYWOOD 15G,33,TR,15G,
2135-124,155,507,EA,"FRAXINUS OXY RAYWOOD 24""",155,TR,"24""",
2135-224,175,507,EA,"FRAXINUS OXY RAYWOOD 24"" STD",175,TR,"24""",
2135-236,450,505,EA,"FRAXINUS OXY. RAYWOOD 36""  STD",450,TR,"36""",
2135-248,1150,503,EA,"FRAXINUS OXY. 'RAYWOOD' 48""",1150,TR,"48""",
2135-260,2000,501,EA,"FRAXINUS OXY. RAYMOND 60""",2000,TR,"60""",
2140-000,1,522,EA,GALVESIA SPECIOSA LINER,1,SH,,
2140-105,14,520,EA,GAMBELIA SPEC 'FIRE CRACKER' 5G,14,SH,5G,
2140-501,4.5,522,EA,GALVESIA SP. FIRECRACKER 1G,4.5,SH,1G,
2140-505,10,520,EA,GALVESIA SP. FIRECRACKER 5G,10,SH,5G,
2140-515,,,,GALVESIA S. FIRE CRACKER 15G,,,,
2140-601,4.5,522,EA,GALVESIA SPECIOSA 1G,4.5,SH,1G,
2140-605,11,520,EA,GALVESIA SPECIOSA 5G,11,SH,5G,
2140-701,4.5,522,EA,GALVESIA BOCA ROSA 1G,4.5,SH,1G,
2140-705,20,520,EA,GALVESIA S. BOCA ROSA 5G,20,SH,5G,
2145-501,5,522,EA,GAMOLEPIS CHRYSAN 1G,5,SH,1G,
2145-505,6,520,EA,GAMOLEPIS CHRYSAN 5G,6,SH,5G,
2145-515,24.7,525,EA,GAMPOLEPIS CHRYSAN 15G,24.7,SH,15G,
2150-111,10,520,EA,GARDENIA A. KIMURA SHIKAZAKI 5G,10,SH,5G,
2150-501,1.63,522,EA,GARDENIA J MYSTERY 1G,1.63,SH,1G,
2150-505,10,520,EA,GARDENIA J MYSTERY 5G,10,SH,5G,
2150-515,45,519,EA,GARDENIA J MYSTERY  15G,45,SH,15G,
2150-615,75,528,EA,GARDENIA MYSTERY 15G  ESP.,75,SH,15G,
2150-815,50,510.4,EA,GARDENIA J MYSTERY 15G PATIO TREE,50,TR,15G,
2150-905,13,520,EA,GARDENIA JASMINOIDES 5G,13,SH,5G,
2150-915,50,519,EA,"GARDENIA ""AIMEE"" 15G",50,SH,15G,
2151-505,8,520,EA,GARDENIA GOLDEN MAGIC 5G,8,SH,5G,
2155-105,5,522,EA,MICROLEPIA STRIGOSA 1G,5,GCC,1G,
2155-501,4.7,522,EA,GARDENIA J RADICANS 1G,4.7,SH,1G,
2155-505,13,520,EA,GARDENIA J RADICANS 5G,13,SH,5G,
2155-515,45,519,EA,GARDENIA AUGUST BEAUTY 15G,45,SH,15G,
2155-615,50,519,EA,GARDENIA ,50,SH,,
2160-124,250,507,EA,"GARDENIA JAS. VEITCHII 24""",250,SH,"24""",
2160-501,4.7,522,EA,GARDENIA J VEITCHII 1G,4.7,SH,1G,
2160-505,12,520,EA,GARDENIA VEITCHII 5G,12,SH,5G,
2160-515,44,519,EA,GARDENIA J VEITCHII 15G,44,SH,15G,
2160-615,70,510,EA,GARDENIA J. 'VEITCHII' 15G PATIO TREE,70,TR,15G,
2161-405,13,520,EA,GARDENIA J. AUGUSTA 5G,13,SH,5G,
2161-501,5,522,EA,GARDENIA J AUGUST BEAUTY 1G,5,SH,1G,
2161-505,13,520,EA,GARDENIA AUGUST BEAUTY 5G,13,SH,5G,
2161-605,13,520,EA,GARDENIA 'DOUBLEMINT' 5G,13,SH,5G,
2170-115,60,510,EA,GEIJERA PARVIFLORA 15G STD,60,TR,15G,
2170-124,190,507,EA,"GEIJERA PARVIFLORA 24"" STD",175,TR,"24""",
2170-136,485,505,EA,GEIJERA PARVIFLORA 36,485,TR,,
2170-148,1200,503,EA,GEIJERA PARVIFLORA 48,1200,TR,,
2170-236,485,505,EA,GEIJERA PARVIFLORA 36,485,TR,,
2170-248,1200,503,EA,GEIJERA PARV. 48,1200,TR,,
2171-124,230,507,EA,"LYONOTHAMNUS F.""ASPLENIFOLIUS 24""",230,TR,"24""",
2171-224,315,507,EA,"LYONOTHAMNUS FLORIBUNDA 24""",315,TR,"24""",
2175-501,5,527,EA,GELSEMIUM SEMPERVIRENS 1G STK,5,SH,1G,
2175-505,18,526,EA,GELSEMIUM SEMP. 5G STK,18,SH,5G,
2175-515,60,525,EA,GELS. SEMPERVIRENS 15G STK,60,SH,15G,
2180-024,190,507,EA,"GINKGO BILOBA SARATOGA 24""",190,TR,"24""",
2180-115,55,510,EA,GINKGO BILOBA 15G,55,TR,15G,
2180-124,190,507,EA,"GINKGO BILOBA 24""",190,TR,"24""",
2180-136,500,505,EA,"GINKGO BILOBA 36""",500,TR,"36""",
2180-148,1200,503,EA,"GINKGO BILOBA 48""",1200,TR,"48""",
2180-160,2300,501,EA,"GINKGO B. PRINCETON 60"" MLT",2300,TR,"60""",
2180-224,180,507,EA,"GINKGO B. PRINCETON 24"" L/B",180,TR,"24""",
2180-236,500,505,EA,"GINKGO AUTUMN GOLD 36""",500,TR,"36""",
2180-248,1100,503,EA,"GINKGO B. PRINCETON 48"" MLT",1100,TR,"48""",
2180-324,220,507,EA,"GINKGO AUTUMN GOLD 24""",220,TR,"24""",
2180-336,500,505,EA,"GINKGO B. FAIRMONT 36""",500,TR,"36""",
2180-348,960,503,EA,"GINKGO 'FAIRMONT' 48""",1200,TR,"48""",
2180-424,190,507,EA,"GINKGO FAIRMONT 24""",190,TR,"24""",
2180-436,490,505,EA,"GINKGO B. PRINCETON 36"" L/B",490,TR,"36""",
2180-448,1200,503,EA,"GINKGO AUTUMN GOLD 48"" STD",1200,TR,"48""",
2180-524,190,507,EA,"GINKGO GOLDEN COLONADE 24"" L/B",190,TR,"24""",
2180-548,1200,503,EA,"GINKGO SARATOGA 48"" MLT",1200,TR,"48""",
2183-005,16,520,EA,GLANDULARIA PULCHELLA 5G,16,GCC,5G,
2185-115,65,510,EA,GLEDITSIA T SHADEMASTER 15G STD,34,TR,15G,
2185-124,125,507,EA,"GLEDITSIA TRICANTHOS 24""  STD",125,TR,"24""",
2185-136,460,505,EA,"GLEDITISIA TRICANTHOS 36""",460,TR,"36""",
2185-148,1100,503,EA,"GLEDITSIA TRICANTHOS 48"" STD",1100,TR,"48""",
2185-160,2400,501,EA,"GLEDITSIA TR. SHADEMASTER 60"" STD",2400,TR,"60""",
2185-224,180,507,EA,"GLEDITSIA ""SHADEMASTER"" 24  STD",180,TR,,
2185-236,350,505.8,EA,"GLEDITSIA TRI. ""RUBY LACE"" 36""",350,TR,"36""",
2185-336,450,505,EA,"GLEDITISIA TRIC. ""SKYLINE"" 36""",450,TR,"36""",
2185-436,365,505,EA,"GLEDITSIA SHADEMASTER 36"" STD",365,TR,"36""",
2186-115,34,510,EA,GLED TRI 'SUNBURST' 15G,34,TR,15G,
2190-001,,,,GRENDELA STRICTA 1G,,,,
2190-005,11.5,520,EA,GREVILLEA ROBUSTA 5G,11.5,TR,5G,
2190-101,4.7,522,EA,GREVILLEA LAN. 'PROSTRATE' 1G,4.7,GCC,1G,
2190-105,7.5,520,EA,GREVILLEA BANKSAII 5G,7.5,SH,5G,
2190-115,50,510,EA,GREVILLEA 'MOONLIGHT' 15G,50,SH,15G,
2190-201,4,522,EA,GREVILLEA COASTAL GEM 1G,4,GCC,1G,
2190-205,11,520,EA,GREVILLEA CANBERRA 5G,11,SH,5G,
2190-301,7,522,EA,GREVILLEA MT. TAMBORITHA 1G,7,GCC,1G,
2190-305,16,520,EA,GREV. LAN. MT.TAMBORITHA 5G,16,GCC,5G,
2190-405,12,520,EA,GREVILLEA SCARLET SPRITE 5G,12,SH,5G,
2190-415,42,519,EA,GREVILLEA X 'SUPERB' 15G,42,SH,15G,
2190-501,3,522,EA,GREVILLEA NOELLI 1G,3,SH,1G,
2190-505,13.5,520,EA,GREVILLEA NOELLI 5G,13.5,SH,5G,
2190-515,42,519,EA,GREVILLEA NOELLI 15G,42,SH,15G,
2190-601,3.8,522,EA,GREVILLEA CANBERRA 1G,3.8,SH,1G,
2190-605,11.5,520,EA,GREVILLEA 'LONG JOHN' 5G,11.5,SH,5G,
2190-615,50,519,EA,GREVILLEA SCARLET SPRITE 15G,50,SH,15G,
2190-705,13.5,520,EA,GREVILLIA ROSMARINFOLIA 5G,13.5,SH,5G,
2190-805,18.75,520,EA,GREVILLEA COASTAL GEM 5G,18.75,GCC,5G,
2190-905,13,520,EA,GREVILLEA R. SUPERB 5G,,SH,5G,
2191-515,65,510,EA,GREVILLEA ROBUSTA 15G,65,TR,15G,
2192-501,4.15,522,EA,GREVILLEA LANIGERA 1G,4.15,GCC,1G,
2192-505,16,520,EA,GREVILLEA LAN. PROSTRATE 5G,16,GCC,5G,
2195-501,4,522,EA,GREWIA OCCIDENTALIS 1G,4,SH,1G,
2195-505,10,520,EA,GREWIA OCCIDENTALIS 5G,10,SH,5G,
2195-515,43,519,EA,GREWIA OCCIDENTALIS 15G,43,SH,15G,
2200-105,12,520,EA,GAURA LIND. 5G,12,GCC,5G,
2200-205,10,520,EA,GAURA LINDHEIMERI WHIRLING 5G,10,GCC,5G,
2200-215,45,519,EA,GAURA LINDHEIMERI 15G,45,GCC,15G,
2200-305,12,520,EA,GAURA CRIMSON BUTTERFLY 5G,12,GCC,5G,
2200-315,45,519,EA,GAURA BEE BLOSSOM 15G,45,GCC,15G,
22-0033,6,None,EA,3 90 ELL PVC DRAIN,6,L,,
2200-424,220,507.2,EA,"GREWIA OCCID. 24"" SHRUB",220,SH,"24""",
22-0044,7.5,None,EA,4 90 ELL PVC DRAIN,7.5,L,,
2200-501,6,527,EA,GREWIA OCCIDENTALIS 1G STK,6,SH,1G,
2200-505,18,526,EA,GREWIA OCCIDENTALIS 5G STK,18,SH,5G,
2200-515,60,525,EA,GREWIA OCCIDENTALIS 15G STK,60,SH,15G,
2200-524,450,527.5,EA,"GREWIA OCCIDENTALIS 24""  ESP.",450,SH,"24""",
22-0066,65,None,EA,"PVC 40, 6"" 90 ELL",65,M,"6""",
22-0088,105,None,EA,8 90 ELL PVC DRAIN,105,L,,
2201-101,7.5,522,EA,GARRYA E. JAMES ROOF 1G,7.5,SH,1G,
2201-105,4,522,EA,GAURA LIND. WHIRLING 1G,4,GCC,1G,
2201-201,3.75,522,EA,GAURA L. WHIRLING 1G,3.75,GCC,1G,
2201-205,3.5,522,EA,GAURA SISKIYOU PINK 1G,3.5,GCC,1G,
2201-301,7,522,EA,GARRYA ELLIPTICA 1G,7,SH,1G,
2201-305,28,520,EA,GAUTHERIA SHALLON 5G,28,SH,5G,
2201-401,4,522,EA,GAURA WHIRLING BUTTERFLIES 1G,4,GCC,1G,
2201-405,11,520,EA,GAURA 'SISKIYOU PINK' 5G,11,GCC,5G,
2202-001,5.5,522,EA,GRINDELIA STRICTA 1G,,,,
22-0302,20.25,402,EA,3 90 STYRENE,20.25,L,,
22-0310,20.25,402,EA,3 LONG 90 STYRENE,20.25,L,,
2203-105,200,520,EA,CERATOZAMIA HILDAE 5G,200,SH,5G,
2203-115,500,519,EA,CERATOZAMIA MEXICANA 15G,500,SH,15G,
22-0402,20.25,402,EA,4 90 STYRENE,20.25,L,,
22-0410,20.25,402,EA,4 LONG 90 STYRENE,20.25,L,,
22-0602,20.25,402,EA,6 90 STYRENE,20.25,L,,
22-0997,90,410,EA,HUNTER HQ-5RC,90,CV,,
22-0998,31,999,EA,HUNTER DC SOLENOID,31,CV,,
22-0999,125,420.6,EA,HUNTER HQ5-LRC-AW-R,125,CV,,
22-1000,7.6,370.2,EA,HUNTER PGS-ADJ (discontinued),7.6,L,,
22-1001,12,350,EA,HUNTER I-10-ADV,12,L,,
22-1002,2.5,None,EA,HUNTER #46-3551 I-20 RTR STK,2.5,L,,
22-1003,11,350,EA,HUNTER I10-36V,11,L,,
22-1004,278,638.1,EA,HUNTER ET SYSTEM (sensor & interface module),278,L,,
22-1005,34,350,EA,HUNTER I-25 36V,34,L,,
22-1006,204,638.1,EA,HUNTER ET SENSOR  (sensor only),204,L,,
22-1007,334,639.4,EA,HUNTER ET WIND (for et syst as opt. anemometer),334,L,,
22-1008,95,420.2,EA,HUNTER HQ5-LRC-R,95,CV,,
22-1009,70,380,EA,HUNTER DUAL-S SURGE ARRESTOR,70,L,,
22-1010,447,None,EA,10 90 ELL PVC DRAIN,447,L,,
22-1011,630,635.2,EA,HUNTER DUAL-48M DECODER OUTPUT MOD,630,L,,
22-1012,11.25,370.2,EA,HUNTER PGJ-00 SHRUB,11.25,SH,,
22-1013,24,370,EA,HUNTER PGJ-12,24,L,,
22-1020,11,370.2,EA,HUNTER PGS-360,11,L,,
22-1025,11.6,370.2,EA,HUNTER PGS-36V,11.6,L,,
22-1026,14,370.2,EA,HUNTER PGS-ADV,14,L,,
22-1040,11.5,370,EA,HUNTER PGP-ADJ,11.5,L,,
22-1041,11.5,370,EA,HUNTER PGJ-04,11.5,L,,
22-1042,24,370,EA,HUNTER PGJ -12-V,24,L,,
22-1043,17,370,EA,HUNTER PGJ-06,17,L,,
22-1044,11,370.2,EA,HUNTER PGJ-00,11,L,,
22-1045,16,370,EA,HUNTER PGP-ADJ-R,16,L,,
22-1050,12,370,,HUNTER PGP-ADV,12,L,,
22-1080,20.12,370,EA,HUNTER PGH-ADV,20.12,L,,
22-1081,11,370.2,EA,HUNTER PGS-ARV-00,11,L,,
22-1082,12.47,370.2,EA,HUNTER PGS-3RV-00,12.47,L,,
22-1083,20,370,EA,HUNTER PGP-ARV-00,20,L,,
22-1084,15,370,EA,HUNTER PGP-3RV-00,15,L,,
22-1085,22,370,EA,HUNTER PGH-ARV (discontinued),22,L,,
22-1086,24.35,370,EA,HUNTER PGH-3RV-00,24.35,L,,
22-1087,1.2,None,EA,HUNTER PROSPRAY NOZZLE,1.2,L,,
22-1088,1.35,210.2,EA,HUNTER PX-04,1.35,L,,
22-1089,4.45,210.2,EA,HUNTER PX-06,4.45,L,,
22-1090,1.92,210.2,EA,HUNTER PX-04 RW,1.92,L,,
22-1091,4.9,210.2,EA,HUNTER PX-06 RW,4.9,L,,
22-1092,7,210.2,EA,HUNTER PX-12-SJ-V-RW,7,L,,
22-1093,11.5,370.2,EA,HUNTER PGS-ADV-RW,11.5,L,,
22-1094,12,350,EA,HUNTER PGS-36V-RW,12,L,,
22-1095,13.2,370,EA,HUNTER PGP-ADV-RW,13.2,L,,
22-1096,13.2,370,EA,HUNTER PGP-36V-RW,13.2,,,
22-1097,22,370,EA,HUNTER PGH-ADV-RW,22,,,
22-1098,22,370,EA,HUNTER PGH-36V-RW,22,,,
22-1099,12.5,350,EA,HUNTER I10-ADV-RW,12.5,,,
22-1100,18.98,370,EA,HUNTER PGH-36V,18.98,,,
22-1101,12.2,350,EA,HUNTER I10-36V-RW,12.2,,,
22-1102,2,210.3,EA,HUNTER PX-OO SHRUB,2,SH,,
22-1103,5.75,210.2,EA,"HUNTER PX-12 12"" POP-UP",5.75,,"12""",
22-1104,8.3,370.2,EA,HUNTER PGM-00 SHRUB,8.3,SH,,
22-1105,9.8,370,EA,"HUNTER PGM-04 4"" POP-UP",9.8,,"4""",
22-1106,10.9,370,EA,"HUNTER PGM-06 6"" POP-UP",10.9,,"6""",
22-1107,17.5,370,EA,"HUNTER PGM-12 12"" POP-UP",17.5,,"12""",
22-1108,4,213,EA,HUNTER PROS-04,4,,,
22-1109,7,210.2,EA,HUNTER PROS-06,7,,,
22-1110,10,210.2,EA,HUNTER PROS-12,10,,,
22-1111,10.35,370,EA,HUNTER PGM-04-A-V,10.35,,,
22-1112,11.45,370,EA,HUNTER PGM-06-A-V,11.45,,,
22-1113,17.5,370,EA,HUNTER PGM-12-A-V,17.5,,,
22-1114,20,370,EA,HUNTER PGH-ADJ,20,,,
22-1115,3,213,EA,"HUNTER PROS-02 2"" POP-UP",3,,"2""",
22-1116,15,370,EA,HUNTER PGP-00-CV-R,15,,,
22-1117,17,370.2,EA,HUNTER PGP-04-CV-9,17,,,
22-1118,17,370.3,EA,HUNTER PGP ULTRA-00-CV-R,17,,,
22-1119,290,380,EA,HUNTER HFS-FCT-100 FLOW SENSOR,290,POC,,
22-1120,1.55,250,EA,HUNTER PS-04-10A,1.55,,,
22-1121,26,370,EA,HUNTER PGP-12-CV SHRUB ROTOR,26,SH,,
22-1122,2.5,251,EA,HUNTER MSBN-50H BUBBLER NOZ.,2.5,,,
22-1123,51,639.7,EA,HUNTER RZWS-36-25-CV,51,,,
22-1140,1.55,250,EA,HUNTER PS-04-10F,1.55,,,
22-1160,1.55,251,EA,HUNTER PS-04-12A,1.55,,,
22-1180,1.55,250,EA,HUNTER PS-04-12F,1.55,,,
22-1195,44,637.2,EA,"LASCO 3"" SCH 80 LOOSE RING FLANGE",44,,"3""",
22-1196,52.5,None,EA,"LASCO 4"" SCH 80 LOOSE RING FLANGE",52.5,,"4""",
22-1197,28,999,EA,"LASCO 2.5"" SCH 80 LOOSE RING FLANGE",28,,"5""",
22-1198,190,402.2,EA,"LASCO SLO-CLOSE 2"" B.V. SCH 80",190,,"2""",
22-1199,20,637.2,EA,"LASCO 2"" SCH 80 LOOSE RING FLANGE",20,,"2""",
22-1200,1.55,250,EA,HUNTER PS-04-15A,1.55,,,
22-1201,10.23,637.2,EA,"LASCO 1.5"" SCH 80 LOOSE RING FLANGE",11,,"5""",
22-1203,17,402,EA,"LASCO V17691N 491 SERIES 1.5"" BV",17,,"5""",
22-1212,360,None,EA,12 90 ELL PVC DRAIN,360,,,
22-1220,1.55,250,EA,HUNTER PS-04-15F,1.55,,,
22-1240,1.55,250,EA,HUNTER PS-04-17A,1.55,,,
22-1241,2.43,250,EA,HUNTER PS-O4-17AV,2.43,,,
22-1260,1.55,250,EA,HUNTER PS-04-5SS,1.55,,,
22-1270,22,370,EA,HUNTER I-20-ADV-XX,22,,,
22-1271,7.18,370,EA,HUNTER PR-O4,7.18,,,
22-1272,29,370,EA,HUNTER I-20-06-R-MPR,29,,,
22-1273,29,370,EA,HUNTER I-20-ARV-XX,29,,,
22-1274,20,370,EA,HUNTER I-20-3RV-XX,20,,,
22-1275,22,370,EA,HUNTER I-20-ADV,22,,,
22-1276,22,370,EA,HUNTER I-20-ARV (RW),22,,,
22-1277,22,370,EA,HUNTER I-20-ARS (RW/SR),22,,,
22-1278,34,370,EA,HUNTER I-25-ADV,34,,,
22-1279,36,370,EA,HUNTER I-25-ARV (RW),36,,,
22-1280,65,370.91,EA,HUNTER I40-ADS,65,,,
22-1281,39,370,EA,HUNTER I-25-ARV (RW/SR),39,,,
22-1282,31,370,EA,HUNTER I-20-HP-ADS,31,,,
22-1283,42,370,EA,HUNTER I-25-ADS (SR),42,,,
22-1284,41,370,EA,HUNTER I-20-06-SS-PRB-CV-R,41,,,
22-1285,70,370.91,EA,HUNTER I40-ARS-00 (RW),70,,,
22-1286,70,370.91,EA,HUNTER I40-3RS-00 (RW),70,,,
22-1287,10.75,370,EA,HUNTER PGM-06-A-R (RW),10.75,,,
22-1288,15.15,370,EA,HUNTER PGM-12-A-R (RW),15.15,,,
22-1289,104,370.91,EA,HUNTER I-40-06-SS-R-CV,104,,,
22-1290,6,None,EA,"HUNTER HC-50F-50M SERIES ADV 1/2""",6,,"2""",
22-1291,21,370.3,EA,HUNTER I-20-00-CV-R,21,,,
22-1292,95,370.91,EA,HUNTER I-50-06-SS,95,,,
22-1294,18,395,EA,"HUNTER HPV-101-A-B 1"" ELEC ANGLE VLVE",18,,"1""",
22-1295,31,370,EA,HUNTER I-20 HP ADV,31,,,
22-1296,81,370.91,EA,HUNTER I-40-06-SS-ON-R,81,,,
22-1297,41,370,EA,HUNTER I-20-06-SS-PRB-CV,41,,,
22-1299,185,471,EA,HUNTER PRO-C-4 station outdoor,200,,,
22-1300,38.15,370.91,EA,HUNTER I40-36S,38.15,,,
22-1301,165,471,EA,HUNTER ICC-800PL CONTROLLER (discontinued),165,POC,,
22-1302,4,None,EA,3 90 ABS,4,,,
22-1303,10.5,370,EA,HUNTER PGP-360,10.5,,,
22-1304,69,637,EA,HUNTER ICM-400 MODULE,69,,,
22-1305,160,637,EA,HUNTER ICM-800 MODULE,160,L,,
22-1306,350,471,EA,HUNTER I2C-800M CONT.,350,L,,
22-1307,1530,471,EA,HUNTER I2C-800SS CONTROLLER,1530,POC,,
22-1308,706,637,EA,HUNTER PED. METAL,706,L,,
22-1309,950,637,EA,HUNTER PEDESTAL SS,950,L,,
22-1310,20.25,402,EA,3 LONG 90 ABS,20.25,L,,
22-1311,101,469,EA,HUNTER NODE-100 BATT. OP. CTLR. W/ DC SOL.,101,L,,
22-1312,175,469,EA,HUNTER NODE-200 BATT. OP. CONTR.  (2 STA.),175,L,,
22-1313,215,469,EA,HUNTER NODE-400 4 STA. BATT. OP. CONT.,215,L,,
22-1314,30,None,EA,HUNTER 458200 DC. LATCH. SOL.,30,L,,
22-1315,365,471,EA,HUNTER IC-600PL INDOOR,365,L,,
22-1316,246.89,637,EA,HUNTER ICM-600 MODULE,160,L,,
22-1317,210,638.1,EA,HUNTER WSS SEN (wireless s sync & rcvr/no module),195,L,,
22-1318,190,638.1,EA,HUNTER WSS (SYNC & RCVR) use WR-CLIK,190,L,,
22-1319,1150,471,EA,HUNTER IC-600-M OUTDOOR (METAL),1150,L,,
22-1320,161,999,EA,HUNTER MWS,161,L,,
22-1321,365,471,EA,HUNTER IC-600-PL INDOOR-OUTDOOR,365,L,,
22-1322,2690,471,EA,HUNTER IC-600-SS (STAINLESS STEEL CABINET),2690,L,,
22-1323,4.25,210.3,EA,HUNTER PCB-25 PRES. COMP. BUBBLER,4.25,L,,
22-1324,53,370,EA,HUNTER I-25-06-SS  ROTOR,53,L,,
22-1325,350,471,EA,HUNTER IC-600-PL INDOOR-OUTDOOR,350,L,,
22-1326,35,370,EA,HUNTER I-20-06-SS-R-CV,35,L,,
22-1327,4.25,210.3,EA,HUNTER PCB-50 BUBBLER,4.25,L,,
22-1328,4.7,210.3,EA,HUNTER PCB-R-50 BUBBLER,4.7,L,,
22-1329,29,370,EA,HUNTER I-20-06-CV,29,L,,
22-1330,1500,471,EA,HUNTER ICC-800-SS WALL MOUNT,1500,L,,
22-1331,630,380,EA,HUNTER IFS-300C F.S.,,,,
22-1333,240,471,EA,HUNTER IC2-800-PL 8 STA. BASE MOD. CTLR,240,L,,
22-1393,185,380,EA,HUNTER ICV 151G-FS-R,120,CV,151G,
22-1395,6.2,639,EA,HUNTER MP800 SR 90/360 NOZZLE,6.2,L,,
22-1396,140,380,EA,HUNTER ICV-101G-FS,140,CV,101G,
22-1397,170,380,EA,HUNTER ICV-151G-FS,170,CV,151G,
22-1398,17,370,EA,HUNTER PGJ-06,17,L,,
22-1399,4,None,EA,"HUNTER ""R"" OPTION FOR RECLAIM VALVES",4,CV,,
22-1400,140,380,EA,HUNTER ICV-101G-FS,140,CV,101G,
22-1401,120,380,EA,HUNTER ICV-151G-FS,120,CV,151G,
22-1402,350,380,EA,HUNTER HFS-FCT-150 FLOW SENSOR,350,POC,,
22-1403,180,380,EA,HUNTER ICV-201G-FS,180,CV,201G,
22-1404,75,None,EA,HUNTER AS-30 PSI (ACCU-SYNC),75,CV,,
22-1405,26,395,EA,"HUNTER PGV-101-ASV  1"" ANTI SIPHON",26,CV,"1""",
22-1406,23,390,EA,"HUNTER PGV 075 ASV ANTI SIPHON 3/4""",23,CV,"4""",
22-1407,18,380,EA,HUNTER HPV-101-G-S VALVE,18,CV,,
22-1408,15,395,EA,"HUNTER ASV 075 (3/4"") - DON'T USE SEE PGV-ASV",15,CV,"4""",
22-1409,66,471,EA,HUNTER SRC-900I,66,L,,
22-1410,13,395,EA,"HUNTER AVB-100 VAC. BREAKER 1""",13,POC,"1""",
22-1411,88,380,EA,"HUNTER PGV 201 2"" RCV",88,CV,"2""",
22-1412,61,380,EA,"HUNTER PGV-151 1.5"" RCV",61,CV,"5""",
22-1413,19,380,EA,"HUNTER PGV 101G 1""",19,CV,"1""",
22-1414,190,380.2,EA,HUNTER ICV-201G-FS-R (RW),190,CV,201G,
22-1415,200,380.2,EA,HUNTER ICV-151G-FS-R (RW),200,CV,151G,
22-1416,160,380.2,EA,HUNTER ICV-101G-FS-R (RW),160,CV,101G,
22-1417,55,410,EA,HUNTER QCV-100,55,CV,,
22-1418,250,380,EA,"HUNTER HBV-151EP 1 1/2""",250,CV,"2""",
22-1419,280,380,EA,"HUNTER HBV-201EP 2""",280,CV,"2""",
22-1420,48,390,EA,HUNTER ACZ-075-40 DRIP ZONE KIT,48,CV,,
22-1421,120,380.2,EA,HUNTER ICV-FS-DC-100 w/latch sol,120,CV,,
22-1422,22,380,EA,"HUNTER PGV-100G 1"" RCV",22,CV,"1""",
22-1423,180,380.2,EA,HUNTER ICV-151G-FS-R,180,CV,151G,
22-1424,1800,480,EA,HUNTER ACC-90D-PED-2 CONTROLLER,1800,POC,,
22-1425,153.45,637,EA,HUNTER ICD-100 ST. DECODER,165,L,,
22-1426,199.95,637,EA,HUNTER ICD-200 ST. DECODER,215,L,,
22-1427,302.25,637,EA,HUNTER ICD-400 ST. DECODER,325,L,,
22-1428,334.8,637,EA,HUNTER ICD-600 ST. DECODER,360,L,,
22-1429,418.5,637,EA,HUNTER ICD-SEN DECODER ( FOR FS MV ETC. ),450,L,,
22-1430,400,380,EA,HUNTER HFS-FCT-200 FLOW SENSOR,400,POC,,
22-1431,22,380,EA,"HUNTER PGV 100G 1""",22,CV,"1""",
22-1432,720,380,EA,"HUNTER HBV-301E-P BRASS M.V. 3""",720,CV,"3""",
22-1433,330,470,EA,HUNTER ACC-60-D-PED-2,330,L,,
22-1434,23,380,EA,"HUNTER PGV-101JT-G 1"" GLOBE W/ F.C.",23,CV,"1""",
22-1435,180,380,EA,"HUNTER IBV 101-E 1""",180,CV,"1""",
22-1436,350,380,EA,"HUNTER IBV-151G FS-R 1.5""",350,CV,"5""",
22-1437,350,380,EA,HUNTER HFS-FCT 150 (1.5,350,L,,
22-1438,425,380.7,EA,"HUNTER ICZ-151-XL-40  1.5"" DRIP KIT",425,CV,"5""",
22-1439,19,395,EA,"HUNTER PGV-ASV-CC 101 1"" ANTI-SIPHON",19,CV,"1""",
22-1440,400,380,EA,"HUNTER IBV 201G-FS-R 2""",400,CV,"2""",
22-1441,17,390,EA,"HUNTER PGV-ASV-CC 075 3/4"" ANTI-SIPHON",17,CV,"4""",
22-1442,60,None,EA,HUNTER AS-ADJ (ACCU-SYNC 20-100 PSI),60,CV,,
22-1443,715,380.2,EA,"HUNTER IBV-301G-AS-FS-R 3""",715,CV,"3""",
22-1444,6,999,EA,HUNTER MPSS-530 NOZZLE,6,L,,
22-1445,3521,470,EA,HUNTER ACC 1200-PP,3521,L,,
22-1446,360,999,EA,HUNTER ACM-600 MODULE,360,L,,
22-1447,290,380,EA,HUNTER HFS-FCT-100 PVC 40 (1,290,L,,
22-1448,0.16,636.4,LF,HUNTER PLD-BLNK-1K (BLANK),0.16,L,,
22-1449,0.33,639.3,EA,HUNTER HE-10-B 1.0 GPH EMITTER (SELF-PIERCING),0.33,L,,
22-1450,0.16,639,EA,HUNTER HE-DIFF,0.16,L,,
22-1451,2.45,220,EA,"HUNTER HEB-10 (1/2"" FM THREAD)",2.45,L,"2""",
22-1452,0.33,639.3,EA,HUNTER HE-050-B .5 GPH EMITTER (SELF-PIERCING),0.33,L,,
22-1453,23,390,EA,"HUNTER PGV-075-ASV- 3/4"" ANTI SIPHON",23,CV,"4""",
22-1454,0.32,639.5,EA,HUNTER HE-050-B .5 GPH EMITTER (10-32 THREADED),0.32,L,,
22-1455,400,380,EA,HUNTER HFS-FCT 200 (2,400,L,,
22-1456,500,480,EA,HUNTER ACC-PED,500,L,,
22-1457,2.45,220,EA,"HUNTER HEB-20-CV (1/2"" THRD)",2.45,L,"2""",
22-1458,1130,999,EA,HUNTER ACC2-GPRS CELLUAR CARTRIDGE,1130,L,,
22-1459,250,380,EA,"HUNTER IBV-151G-FS-1.5""",250,CV,"5""",
22-1460,2.45,220,EA,"HUNTER HEB-40 (1/2"" THRD)",2.45,L,"2""",
22-1461,,,,HUNTER HEB-60-T (thread),,,,
22-1462,,,,"HUNTER ICV-101-G-R 1""",,,,
22-1463,1.6,999,EA,HUNTER SCREEN-CV,,,,
22-1464,4,999,EA,HUNTER DECSTAKE 10,,,,
22-1498,12,213,EA,HUNTER INST-06-CV-R (FACT. INST.RW CAP),12,L,,
22-1499,15,210.2,EA,HUNTER INST-12-CV-R (FACT. INST. RW CAP),15,L,,
22-1500,9,213,EA,HUNTER INST-06-CV,9,L,,
22-1501,11,210.2,EA,HUNTER INST-12-CV,11,L,,
22-1502,0.85,None,EA,HUNTER INST. SERIES NOZZLE,0.85,L,,
22-1503,23.5,638.1,EA,HUNTER MINICLIK,23.5,L,,
22-1504,218,None,EA,HUNTER SG-MC (MINI CLK W/ST. GUARD),218,L,,
22-1505,104,638.1,EA,HUNTER WIND CLICK,104,L,,
22-1506,4,213,EA,HUNTER INST-04-CV,4,L,,
22-1507,2.2,213,EA,HUNTER INST-00  SHRUB,2.2,SH,,
22-1508,95,638.1,EA,HUNTER WR-CLIK (wireless),95,L,,
22-1509,300,380,EA,HUNTER FLOW-CLIK W / INTERFACE (add tee),300,L,,
22-1510,443,None,EA,HUNTER ICR-KIT REMOTE SYSTEM,443,L,,
22-1511,3,213,EA,HUNTER INST-04,3,L,,
22-1512,7.1,213,EA,HUNTER INST-06,7.1,L,,
22-1513,8.5,210.2,EA,HUNTER INST-12,8.5,L,,
22-1514,2,213,EA,HUNTER PCN-25 BUBBLER,2,L,,
22-1515,60,380,EA,"HUNTER PCZ-101-40 CONTROL ZONE KIT, 1""",60,CV,"1""",
22-1516,175,380.7,EA,"HUNTER ICZ-101-40 1"" CONTROL ZONE KIT",175,CV,"1""",
22-15162,175,380.7,EA,"HUNTER ICZ-101-25 1"" CONTROL ZONE KIT",175,CV,"1""",
22-1517,55,370.91,EA,HUNTER I-60-ARS-XX,55,L,,
22-1518,44,638.1,EA,HUNTER RFC RAIN/FREEZE SENSOR,44,L,,
22-1519,4.5,210.3,EA,HUNTER PROS-00-PRS40 SHRUB,4.5,SH,,
22-1520,12,213,EA,"HUNTER PROS-04-PRS40-CV 4""",12,L,"4""",
22-1521,19,213,EA,"HUNTER PROS-06-PRS40-CV 6""",19,L,"6""",
22-1522,24,213,EA,"HUNTER PROS-12-PRS40-CV 12""",24,L,"12""",
22-1523,7.5,213,EA,HUNTER PROS-04-CV-R (RW),7.5,L,,
22-1524,19,213,EA,"HUNTER PROS-06-PRS40-CV-R 6"" RW",19,L,"6""",
22-1525,24,213,EA,"HUNTER PROS-12-PRS40-CV-R 12"" RW",24,L,"12""",
22-1526,540,380,EA,"HUNTER HFS-FCT-208 SCH 80 2""",540,L,"2""",
22-1527,6.5,213,EA,HUNTER PROS-00-PRS40 SHRUB RW,6.5,SH,,
22-1528,75,638.1,EA,HUNTER SOLAR SYNC (use WSS instead),75,L,,
22-1529,18,395,EA,"HUNTER HPV-101G-3/4"" (USE 1"")",18,CV,"4""",
22-1530,6,None,EA,HUNTER HCV-75F-75M 3/4 CHECK VALVE,6,CV,,
22-1531,169,638.1,EA,HUNTER SOLAR SYNC-SEN (use WSS instead),169,L,,
22-1532,24,210.2,EA,HUNTER PROS-12-NSI-P-RS30,24,L,,
22-1533,24,213,EA,"HUNTER PROS-12-PRS30-CV -R 12"" RW",24,L,"12""",
22-1534,19,213,EA,"HUNTER PROS-06-PRS30-CV 6""",19,L,"6""",
22-1535,26,638.1,EA,HUNTER RAINCLICK,26,L,,
22-1536,12,213,EA,"HUNTER PROS-04-PRS30-CV -R  4"" RW",12,L,"4""",
22-1537,400,380,EA,HUNTER IBV-200G-AS-ADJ-N.C.,400,CV,200G,
22-1538,24,213,EA,HUNTER PROS-12-PRS30-CV,24,L,,
22-1539,0.32,636.4,LF,HUNTER PLD-04-12 EMITTER LINE,0.32,L,,
22-1540,0.33,999,EA,"HUNTER HE-20, 40, 60-T (10-32 THREAD)",0.33,L,,
22-1541,12,213,EA,"HUNTER PROS-04-PRS30-CV 4""",12,L,"4""",
22-1542,0.33,639.3,EA,HUNTER HE-20-B 2.0 GPH EMITTER (SELF-PIERCING),0.33,L,,
22-1543,1.7,999,EA,HUNTER 5-CST-B NOZZLE,1.7,L,,
22-1544,6,251,EA,HUNTER IH-12-20-CV,6,L,,
22-1545,7,251,EA,HUNTER IH-12-20-CV-R,7,L,,
22-1546,24,213,EA,HUNTER PROS-12-PRS40-CV-F,24,L,,
22-1547,105,638.1,EA,HUNTER SOIL CLIK,105,L,,
22-1548,40,999,EA,HUNTER SC-PROBE,40,L,,
22-1549,5.2,639,EA,HUNTER IH-12-R flex riser,5.2,L,,
22-1550,210,471,EA,HUNTER HC-1200i INDOOR,210,L,,
22-1551,41.54,999,EA,"HUNTER FCT-100 1"" HOUSING TEE",60,L,"1""",
22-1552,75,999,EA,"HUNTER FCT-150 1.5"" HOUSING TEE",75,L,"5""",
22-1553,95,999,EA,"HUNTER FCT-200 2"" HOUSING TEE",95,L,"2""",
22-1554,150,999,EA,"HUNTER 1/2"" x 250' FLEX HOSE (IH-250)",150,L,"2""",
22-1555,0.46,999,EA,"HUNTER 1/2"" MA (for flex risers) (IH-FIT-3850)",0.46,L,"2""",
22-1556,480.03,637.9,EA,HUNTER ECO-MAT-17-100 (100' long),550,L,,
22-1557,0.9,642.1,EA,HUNTER RR-12-T (RIGID RISER),0.9,L,,
22-1558,490,380.7,EA,HUNTER ICZ-201-XL DRIP KIT,490,L,,
22-1559,225,380,EA,HUNTER HC-100 FLOW (brass),225,L,,
22-1601,55,402.1,EA,SPEARS 2122 1.25 B.V.,,,,
22-1602,4,None,EA,6 90 ABS,4,M,,
22-2296,44,370,EA,"HUNTER I-20-12-R (RW W/CHK VALVE 12"" POP)",44,L,"12""",
22-2297,34,350,EA,HUNTER I-20 HP-36V (360 DOMESTIC W CHK),34,L,,
22-2298,36,350,EA,HUNTER I-20 HP-3RV (R.W. 360 W/ CHK),36,L,,
22-2407,680,471,EA,HUNTER I2C-2800M-PED/RGVR,680,L,,
22-2408,325,471,EA,HUNTER I2C-800-PL,325,L,,
22-2409,165,999,EA,HUNTER ICC/ICC2 EXP. MODULE 8,165,L,,
2232638,6,250,,"RB XERI-POP MICRO SPRAY XP600X  6"" PU",6,L,"6""",
2240-405,18,513,EA,GEIJERA PARVIFOLIA 5G STD,18,TR,5G,
2240-415,55,510,EA,GEIJERA PARVIFLORA 15G L/B,55,TR,15G,
2240-424,165,507,,"GEIJERA PARVIFLORA 24"" L/B",165,TR,"24""",
2240-436,450,505,EA,"GEIJERA PARV. 36"" L/B",450,TR,"36""",
2240-460,2800,501,EA,"GEIJERA PARV.  60"" L/B",2800,TR,"60""",
2240-472,3500,500,EA,"GEIJERA PARVIFOLIA 72""",3500,TR,"72""",
2240-524,165,507,EA,"GEIJERA PARVIFLORA 24"" MLT",165,TR,"24""",
2240-560,2800,501,EA,"GEIJERA PARV.  60"" STD.",2800,TR,"60""",
22-41059,5,210,EA,HUNTER SRS-06,5,L,,
22-41060,7,210,EA,HUNTER SRS-12,7,L,,
22-41061,2,210,EA,HUNTER SRS-04,2,L,,
22-41062,1,None,EA,HUNTER SRS NOZZLE,1,L,,
22-41063,1,223,EA,HUNTER SRS-00,1,L,,
22-41065,0,471,EA,HUNTER PC-600 (BID PC-400 PLUS 1 MOD),0,L,,
22-41066,0,471,EA,HUNTER PC-900 (BID PC-400 PLUS 2 MODS),0,L,,
22-41067,0,471,EA,HUNTER PC-1200 (BID PC400 PLUS 3 MODS)I,0,L,,
22-4107,0.55,639,EA,HUNTER #469800 RW  SNAP TOP (DONT USE),0.55,L,,
22-4108,280,471,EA,HUNTER PHC-6 CONTROLLER,280,POC,,
22-4164,75,471,EA,HUNTER XC-400i (INDOOR),75,L,,
22-4165,125,471,EA,HUNTER XC-600i (INDOOR),125,L,,
22-4166,150,471,EA,HUNTER XCH-800 8 STA. BATT OP,150,L,,
22-4167,105,471,EA,HUNTER XC-800i (INDOOR),105,L,,
22-4168,50,471,EA,HUNTER XC-2-00 OUTDOOR (NOT MADE),50,L,,
22-4169,61,471,EA,HUNTER XC-200i (INDOOR),61,L,,
22-4170,28,None,EA,"HUNTER HFR-100-75-40 FILTER 1""",28,L,"1""",
22-4171,421,471,EA,HUNTER XCH-1200-SS 12 STA. SS BATT OP IN/OUT,421,L,,
22-4172,240,635.1,EA,HUNTER XCH-SPOLE MOUNTING POLE,240,L,,
22-4173,125,999,EA,HUNTER SPXCH SOLAR PANEL KIT W/ WIRE/CRGR,125,L,,
22-4174,130,471,EA,HUNTER XC-800 (OUTDOOR),130,L,,
22-4175,53,390,ea,"HUNTER ACZ-075-25 3/4"" DRIP ZONE KIT",53,L,"4""",
22-4176,45,395,EA,HUNTER ACZ-101 DRIP VALVE,45,L,,
22-4177,110,471,EA,HUNTER XC-400 (OUTDOOR),110,L,,
22-4178,29,402,EA,"HUNTER HFR-075-25-R 1""",29,L,"1""",
22-4179,120,471,,HUNTER X2-400 contr.,120,L,,
22-4180,160,471,,HUNTER X2-800 contr.,160,L,,
22-4181,275,471,,HUNTER X2-1400 contr.,275,L,,
22-4182,125,999,,HUNTER WAND,125,L,,
22-4183,150,402.3,EA,"NELSON ACV-200 2"" A.R.",,,,
2255-105,13,520,EA,MICROLEPIA STRIGOSA 5G,13,GCC,5G,
2270-124,185,507,EA,"PARKINSONIA DESERT MUSEUM 24"" STD",175,TR,"24""",
2270-136,500,505,EA,"PARKINSONIA ACULEATA 36"" MLT",500,TR,"36""",
2270-148,1150,503,EA,"PARKINSONIA ACULEATA 48"" STD",1150,TR,"48""",
2270-160,2900,501,EA,PARKINSONIA DES. MUSEUM 60,2900,TR,,
2270-224,190,507,EA,"PARKINSONIA ACULEATA MLT 24""",190,TR,"24""",
2270-236,485,505,EA,PARKINSONIA DESERT MUSEUM 36,485,TR,,
2270-248,1150,503,EA,PARKINSONIA DESERT MUSEUM 48,1150,TR,,
2270-260,2900,501,EA,PARKINSONIA DES MUSEUM 60,2900,TR,,
2270-324,185,507,EA,PARKINSONIA DESERT MUSEUM 24,185,TR,,
2270-348,1150,503,EA,"PARKINSONIA 'DESERT MUSEUM' 48"" MLT",1150,TR,"48""",
2270-424,185,507,EA,PARKINSONIA FLORIDA 24,185,TR,,
2270-448,1150,503,EA,PARKINSONIA 'DESERT MUSEUM' 48,1150,TR,,
2270-536,485,505,EA,PARKINSONIA DESERT MUSEUM 36,485,TR,,
2270-636,485,505,EA,PARKINSONIA FLORIDA 36,485,TR,,
2270-736,485,505,EA,PARKINSONIA DESERT MUSEUM 36,485,TR,,
2300-105,18,526,EA,HARD. HAPPY WANDERER 5G STK,18,SH,5G,
2300-115,60,525,EA,HARDENB. HPPY WNDR 15G STK,60,SH,15G,
2300-124,400,527.5,EA,HARDEN. VIOLACEA 24 BOX  STK.,400,SH,"24"" box",
2300-300,190,482,EA,"PAIGE GROUNDING PLATE #182199L 4"" X 96""",190,L,"4""",
2300-301,115,482,EA,PAIGE  #182201 GRD PLATE,115,L,,
2300-302,16,None,EA,PAIGE P-1820037P CALDWELD CONNECTOR,16,L,,
2300-303,140,None,BG,PAIGE P-1820058 WIRE/EARTH GROUNDING MAT. (50#),140,L,,
2300-304,150,482,,PAIGE  #182199L GRD PLATE,150,L,,
2300-310,130,None,EA,POWERSET # 820058 GROUNDING MATERIAL,130,L,,
23-0033,0,None,EA,3 X 3 X 3 TEE PVC DRAIN,0,M,,
23-0044,8.25,None,EA,4 X 4 X 4 TEE PVC DRAIN,8.25,M,,
2300-501,6,527,EA,HARDENBERG VIOLACEA 1G STK,6,SH,1G,
2300-505,18,526,EA,HARDENBERGIA VIOLACEA 5G STK,18,SH,5G,
2300-515,60,525,EA,HARDENBERGIA VIOL. 15G STK,60,SH,15G,
2300-601,6,527,EA,HARDEN. VIO. HAPPY WANDERER 1G,6,SH,1G,
2300-605,18,526,EA,HARDEN. COMPTONIANA 5G STK,18,SH,5G,
2300-615,65,525,EA,HARDEN. COMPTONIANA 15G STK,65,SH,15G,
23-0064,30,None,EA,DRAIN PVC 6 X 4 RED TEE,30,M,,
23-0065,47,None,EA,6 x 6 x 4 RED WYE PVC DRAIN,47,M,,
23-0066,42,None,EA,6 X 6 X 6 TEE PVC DRAIN,42,L,,
23-0067,30,None,EA,6 X 4 ECCENTRIC REDUCER,30,L,,
23-0068,23,None,EA,6 X 4 REDUCING BUSHING,23,L,,
23-0084,83,None,EA,8 X 4 RED TEE PVC DRAIN,83,L,,
23-0085,100,None,EA,8 x 8 x 4 RED WYE PVC DRAIN,100,L,,
23-0086,110,None,EA,8 X 6 RED TEE PVC DRAIN,110,L,,
23-0087,20,None,EA,8 x 8 x 3 RED WYE PVC DRAIN,20,L,,
23-0088,154,None,EA,8 TEE PVC DRAIN,154,L,,
23-0089,122,None,EA,8 x 8 x 6 RED WYE PVC DRAIN,122,L,,
23-0104,406,None,EA,10 X 4 RED TEE PVC DRAIN,406,L,,
23-0106,360,None,EA,10 X 6 RED TEE PVC DRAIN,360,L,,
23-0108,570,None,EA,10 X 8 RED TEE PVC DRAIN,570,L,,
23-0124,425,None,EA,12 X 4 RED TEE PVC DRAIN,425,L,,
23-0126,500,None,EA,12 X 6 RED TEE PVC DRAIN,500,L,,
23-0128,300,None,EA,12 X 8 RED TEE PVC DRAIN,300,L,,
2301303,1.73,250,,PEPCO 9633 BUBBLER,1.73,L,,
2302429,4.5,250,,PEPCO 896-12(RED) HI-FLO OCTA.,4.5,L,,
23-0301,20.25,402,EA,"3"" STYRENE HHH TEE",20.25,L,"3""",
2303160,2.16,250,,PEPCO QB2 (4 PORT EMITTER),2.16,L,,
2303525,7,250,,PEPCO 856-12(BLK) MED-FLO OCTABUBLR,7,L,,
2303890,4.5,250,,PEPCO 816-12(BLUE) LO-FLO OCTABUBLR,4.5,L,,
23-0401,20.25,402,EA,3 TEE STYRENE,20.25,L,,
2304621,1.25,999,,PEPCO #M04-120 FLEX NIPPLE,1.25,L,,
2305-115,33,510,EA,HARPEPHYLLUM CAFFRUM 15G STD,33,TR,15G,
2305-124,125,507,EA,"HARPEPHYLLUM CAFFRUM 24""   STD",125,TR,"24""",
2305320,1.9,250,,PEPCO 5633 QUADRA BUBBLER,1.9,L,,
23-0601,20.25,402,EA,6 TEE STYRENE,20.25,L,,
2307512,3,999,,PEPCO 39-120 FILTER,3,L,,
2307877,1.25,999,,PEPCO 3/4 ANTI-SIPHON PASV-77H,1.25,CV,,
2308242,0.6,999,,PEPCO 640 SWA COUPLER ADAPTOR,0.6,L,,
2308608,0.55,999,,PEPCO 446 SWTP TEE,0.55,L,,
23-1000,100,420,EA,SIGNATURE 7642 BLACK TOP NON-LOCKING,100,CV,,
23-1010,400,None,EA,10 X 10 X 10 TEE PVC DRAIN,400,L,,
2310-136,370,505,EA,"HARPEPHYLLUM CAFFRA 36""",370,TR,"36""",
23-1020,100,420,EA,SIGNATURE 7643 YELLOW TOP LOCKING,100,CV,,
2310-215,28,510,EA,HARPEPHYLLUM CAFFRUM 15G  MUL,28,TR,15G,
2310-224,95,507,EA,"HARPEPHYLLUM CAFFRUM 24""  MUL",95,TR,"24""",
2310-300,12,520,EA,SEDUM MORGANIANUM 5G,12,GCC,5G,
23-1040,100,420.2,EA,NELSON 7644 PURPLE TOP NON-LOCKING,100,CV,,
23-1060,75,420.2,EA,SIGNATURE 7645 PURPLE TOP LOCKING,105,CV,,
23-1080,40,None,EA,NELSON 7640 QUICK COUPLER KEY,40,CV,,
23-1081,43,None,EA,NELSON 7641 QUICK COUPLER KEY,43,CV,,
23-1210,0,None,EA,12 X 10 RED TEE PVC DRAIN,0,L,,
23-1212,350,None,EA,12 X 12 X 12 TEE PVC DRAIN,350,L,,
23-1301,4,None,EA,3 TEE ABS,4,L,,
23-1401,4,None,EA,4 TEE ABS,4,L,,
23-1601,4,None,EA,6 TEE ABS,4,L,,
2319-005,80,519,EA,OPUNTIA THORNLESS 15G,80,SH,15G,
2319-105,23,520,EA,OPUNTIA ORICOLOR 5G,23,SH,5G,
2319-115,80,519,EA,OPUNTIA GREEN 15G,80,SH,15G,
2319-205,30,520,EA,OPUNTIA FICUS INDICA 5G,30,SH,5G,
2319-215,90,519,EA,OPUNTIA FICUS INDICA 15G,90,SH,15G,
2319-301,4.5,522,EA,OPUNTIA BASILARIS 1G,4.5,SH,1G,
2319-305,26,520,EA,OPUNTIA BIGELOVII 5G,26,SH,5G,
2319-315,90,519,EA,OPUNTIA LITTORALIS 15G,90,SH,15G,
2319-324,400,507.7,EA,"OPUNTIA LITTORALIS 24""",400,SH,"24""",
2319-405,26,520,EA,OPUNTIA LITTORALIS 5G,26,SH,5G,
2319-415,150,519,EA,OPUNTIA PROLIFERA 15G,150,SH,15G,
2319-424,400,507.7,EA,"OPUNTIA PROLIFERA 24""",400,SH,"24""",
2319-505,28,520,EA,OPUNTIA V. SANTA RITA 5G,28,SH,5G,
2319-605,60,520,EA,OPUNTIA BASILARUS 5G,60,SH,5G,
2319-705,25,520,EA,OPUNTIA ENGELMANNI 5G,,,,
2319-901,7,522,EA,ORIGANUM DICTAMNUS 1G,7,GCC,1G,
23-2000,1.9,210.1,EA,NELSON 6404-ADV,1.9,L,,
2320-004,4,524.1,EA,"ORIGANUM MAJORANA 4"" POTS",4,GCC,"4""",
23-2001,0.48,None,EA,NELSON PCS-PRES COMP SCREEN,0.48,L,,
23-2002,21.1,370,EA,NELSON PRO-5512-ADV,21.1,L,,
23-2003,22.3,370,EA,NELSON PRO-6012-ADV,22.3,L,,
23-2004,22.55,370,EA,NELSON PR0-7000-ADV,22.55,L,,
23-2005,41.15,370,EA,NELSON PR0-7503-ADV,41.15,L,,
23-2006,3.35,210,EA,NELSON 6302,3.35,L,,
23-2007,0.6,None,EA,NELSON 7071 15Q,0.6,L,,
23-2008,0.6,None,EA,NELSON 7072 15H,0.6,L,,
23-2009,0.6,None,EA,NELSON 7073 15 TQ,0.6,L,,
23-2010,0.6,None,EA,NELSON 7074 15F,0.6,L,,
2320-101,6,522,EA,ORIGANUM LAEVIGATUM 1G,6,GCC,1G,
2320-104,4,524.1,EA,"ORIGANUM R. ""KENT BEAUTY"" 4"" POT",4,GCC,"4""",
23-2011,0.6,None,EA,NELSON 7075 15TT,0.6,L,,
23-2012,0.6,None,EA,NELSON 7076 15T,0.6,L,,
23-2013,0.6,None,EA,NELSON 7081 15 SQ,0.6,L,,
23-2014,0.6,None,EA,NELSON 7082 15 EST,0.6,L,,
23-2015,0.6,None,EA,NELSON 7083 15 CST,0.6,L,,
23-2016,0.6,None,EA,NELSON 7084 15 SST,0.6,L,,
23-2017,0.6,None,EA,NELSON 7371 12 Q,0.6,L,,
23-2018,0.6,None,EA,NELSON 7372 12H,0.6,L,,
23-2019,0.6,None,EA,NELSON 7373 12 TQ,0.6,L,,
23-2020,0.6,None,EA,NELSON 7374 12 F,0.6,L,,
2320-201,7,522,EA,ORIGANUM MAJORANA 1G,7,GCC,1G,
2320-204,4,524.1,EA,"ORIGANUM VULGARE AUREUM 4"" POT",4,GCC,"4""",
23-2021,0.6,None,EA,NELSON 7375 12 TT,0.6,L,,
23-2022,0.6,None,EA,NELSON 7376 12 T,0.6,L,,
23-2023,0.6,None,EA,NELSON 7271 10 Q,0.6,L,,
23-2024,0.6,None,EA,NELSON 7272 10 H,0.6,L,,
23-2025,0.6,None,EA,NELSON 7274 10F,0.6,L,,
23-2026,0.6,None,EA,NELSON 7281 8 Q,0.6,L,,
23-2028,0.6,None,EA,NELSON 7284 8F,0.6,L,,
23-2029,0.6,None,EA,NELSON PLASTIC NOZZLE,0.6,L,,
23-2030,5.85,210.1,EA,NELSON 6412-ADV,5.85,L,,
2320-301,7,522,EA,ORIGANUM KENT BEAUTY 1G,7,GCC,1G,
2320-304,32,531,,"OSTEO. DARK PRPLE 4"" FLT",32,GCC,"4""",
2320-305,18,520,EA,ORIGANUM VULGARE 5G,18,GCC,5G,
23-2031,11.25,370,EA,NELSON 6000,11.25,L,,
23-2032,8.25,350,EA,NELSON 6001,8.25,L,,
23-2033,83.28,471,EA,NELSON 8438 / 8 STA. CONTROLLER,83.28,POC,,
23-2034,68.2,471,EA,NELSON 8426 6 STA,68.2,L,,
23-2035,12.35,350,EA,NELSON 6000,12.35,L,,
23-2036,20.25,350,EA,NELSON 6012,20.25,L,,
23-2037,10.75,350,EA,NELSON 5500,10.75,L,,
23-2038,75,471,EA,SIGNATURE 8424 (4 STA),75,L,,
23-2039,65,471,EA,NELSON 8434 OD 4 STA,65,L,,
23-2040,39.5,370,EA,NELSON PRO 7500-ADV,39.5,L,,
2320-401,6,522,EA,HEMEROCALLIS BITSY 1G,6,GCC,1G,
2320-404,32,531,,"OSTEO. DEEP YELLOW 4"" FLT",32,GCC,"4""",
23-2041,52,380,EA,"NELSON PRO 7900 2"" RCV",52,CV,"2""",
23-2042,38,380,EA,"NELSON PRO 7900 11/2"" RCV",38,CV,"2""",
23-2043,5.5,210,EA,NELSON 6306 (W/RB NOZZLE),5.5,L,,
23-2044,87,481,EA,NELSON 8429 9 STA,87,L,,
23-2045,67,481,EA,NELSON 8427 7 STA,67,L,,
23-2046,58,481,EA,NELSON 8425 5 STA,58,L,,
23-2047,2.1,250,EA,NELSON 7300 BUBBLER,2.1,L,,
23-2048,0.5,220,EA,NELSON SHRUB NUT,0.5,SH,,
2320-501,3.8,522,EA,HEMEROCALLIS ORANGE 1G,3.8,GCC,1G,
2320-502,3.8,522,EA,HEMERO. RUSSIAN RHAPSODY 1G,3.8,GCC,1G,
2320-503,2.75,522,EA,HEMEROCALLIS LAVANDER 1G,2.75,GCC,1G,
2320-505,10,520,EA,HEMEROCALLIS ORANGE 5G,10,GCC,5G,
2320-601,3,522,EA,HEMERO LITTLE BUSINESS 1G,3,GCC,1G,
2320-605,14,526,EA,BEAUMONTIA GRAND. 5G  STK,14,SH,5G,
2320-701,5,522,EA,HEMERO MINI STELLA 1G,5,GCC,1G,
2320-705,28,520,EA,HEMERO. SALMON MONOW 5G,28,GCC,5G,
2320-801,4,522,EA,HEMERO. EVERGREEN RUST 1G,4,GCC,1G,
2320-805,7.5,520,EA,"HEMEROCALLIS ""BELL ORANGE"" 5G",7.5,GCC,5G,
2320-901,4,522,EA,HEMEROCALLIS 'EASY NED' 1G,4,GCC,1G,
2320-905,9.5,520,EA,HEMEROCALLIS FULVA 5G,9.5,GCC,5G,
2321-001,3.8,522,EA,HEMERO. AURANTICA 1G,3.8,GCC,1G,
2321-005,8.5,520,EA,HEMEROCALLIS HOT LIPS 5G,8.5,GCC,5G,
2321-101,5,522,EA,HEMERO HAPPY RETURNS 1G,5,GCC,1G,
2321-105,4,522,EA,HEMEROCALLIS HOT LIPS 1G,4,GCC,1G,
2321-111,7,522,EA,ECHEVERIA ZORRO 1G,7,GCC,1G,
2321-201,4.5,522,EA,HEMER. QUEEN ISABEL 1G,4.5,GCC,1G,
2321-205,4,522,EA,HEMEROCALLIS SUN TWIST 1G,4,GCC,1G,
2321-207,3.75,519,EA,"HEMER. H."" HUGE HOT RED"" 1G",3.75,GCC,1G,
2321-208,3.9,522,EA,"HEMER. H. ""JOAN SENIOR"" 1G",3.9,GCC,1G,
2321-209,9,520,EA,HEMEROCALLIS HYB. 'JOAN SENIOR' 5G,9,GCC,5G,
2321-301,4,522,EA,"HEMEROCALLIS ""SUNS EYE"" 1G",4,GCC,1G,
2321-305,4.25,522,EA,HEMERO. SUN SPOKES 1G,4.25,GCC,1G,
2321-405,7.8,522,EA,HEMERO MISS VICTORIA 1G,7.8,GCC,1G,
2321-501,3.8,522,EA,HEMEROCALLIS AZTEC GOLD 1G,3.8,GCC,1G,
2321-505,10,520,EA,HEMERO. POINT OF VIEW 5G,10,GCC,5G,
2321-601,7.5,522,EA,HEMEROCALLIS HOT CANARY 1G,7.5,GCC,1G,
2321-605,10,520,EA,HEMERO DWF EVERGREEN YLW 5G,10,GCC,5G,
2321-701,4,522,EA,HEMEROCALLIS PURPLE 1G,4,GCC,1G,
2321-705,9,520,EA,HEMEROCALLIS H. 'LAVENDER DEW' 5G,9,GCC,5G,
2321-801,7,522,,HEMEROCALLIS BURGUNDY 1G,7,GCC,1G,
2321-805,10,520,EA,HEMEROCALLIS WHITE 5G,10,GCC,5G,
2321-901,7,522,,HEMEROCALLIS YELLOW GOLD 1G,7,GCC,1G,
2321-905,10,520,EA,HEMEROCALLIS EVERGREEN BTY 5G,10,GCC,5G,
2322-501,3.8,522,EA,HEMEROCALLIS RED 1G,3.8,GCC,1G,
2322-505,10,520,EA,HEMEROCALLIS RED 5G,10,GCC,5G,
2322-605,11,520,EA,HEMEROCALLIS STARBURST 5G,11,GCC,5G,
2322-705,10,520,EA,HEMEROCALLIS H. RUSSIAN RHAPSODY 5G,10,GCC,5G,
2323-405,9,520,EA,HEMERO. CORDON ROUGE 5G,9,GCC,5G,
2323-501,4,522,EA,HEM. DWARF YELLOW 1G,4,GCC,1G,
2323-505,6.5,520,EA,HEMEROCALLIS AUR DWARF 5G,6.5,GCC,5G,
2323-601,2.7,522,EA,HEMEROCALLIS GOLD 1G,2.7,GCC,1G,
2324-001,3,522,EA,"HEMER. HYBRIDS ""RED"" 1G",3,GCC,1G,
2324-101,4,522,EA,HEMEROCALLIS PEACH 1G,4,GCC,1G,
2324-105,9.75,520,EA,HEMEROCALLIS MNTN VIOLET 5G,9.75,GCC,5G,
2324-201,7,522,EA,"HEMEROCALLIS ""MOND"" 1G",7,GCC,1G,
2324-205,10,520,EA,HEMEROCALLIS PARDON ME 5G,10,GCC,5G,
2324-401,4.75,522,EA,HEMERO. PINK PARFAIT 1G,4.75,GCC,1G,
2324-402,4,522,EA,"HEMEROCALLIS ""PINK DAMASK"" 1G",4,GCC,1G,
2324-501,2.75,522,EA,HEMER. HYBRIDS WHITE 1G,2.75,GCC,1G,
2324-505,10,520,EA,HEMEROCALLIS PINK 5G,10,GCC,5G,
2324-601,4.25,522,EA,HEMEROCALLIS RED RUM 1G,4.25,GCC,1G,
2324-605,10,520,EA,HEMEROCALLIS SHELL PINK 5G,10,GCC,5G,
2325-001,3.5,522,EA,HEMEROCALLIS LADY EVA 1G,3.5,GCC,1G,
2325-005,7.5,520,EA,HEMEROCALLIS LADY EVA 5G,7.5,GCC,5G,
2325-101,2.75,522,EA,HEMEROCALLIS BELL ORANGE 1G,2.75,GCC,1G,
2325-105,9.5,520,EA,HEMERO. 'HYBRID'  YELLOW 5G,9.5,GCC,5G,
2325-201,3.8,522,.,HEMEROCALLIS YELLOW WAVE 1G,3.8,GCC,1G,
2325-205,9,520,EA,"HEMEROCALLIS ""BITSY"" 5G",9,GCC,5G,
2325-221,4,522,EA,HEMERO. LEA BEA ORANGE CRUSH 1G,4,GCC,1G,
2325-303,6.8,520,EA,HEMERO. YELLOW DAYLILIES 3G,6.8,GCC,3G,
2325-305,10,520,EA,HEMEROCALLIS HYBRID 5G,10,GCC,5G,
2325-401,3,522,EA,HEMERO. EVRGRN YELLOW 1G,3,GCC,1G,
2325-405,10,520,EA,HEMEROCALLIS SPECIES 5G,10,GCC,5G,
2325-501,4,522,EA,HEMEROCALLIS YELLOW 1G4,4,GCC,,
2325-505,9,520,EA,HEMEROCALLIS YELLOW 5G,9,GCC,5G,
2325-555,10,520,EA,HEMEROCALLIS 'RUST DWARF' 5G,10,GCC,5G,
2325-601,4,522,EA,HEMEROCALLIS 1G,4,GCC,1G,
2325-605,10,520,EA,HEMEROCALLIS SUN TWIST 5G,10,GCC,5G,
2325-701,3.8,522,EA,HEMEROCALLIS STELLA D'ORO 1G,3.8,GCC,1G,
2325-705,10,520,EA,HEMEROCALLIS STELLA D ORO 5G,10,GCC,5G,
2325-801,3.8,522,EA,HEMERO HYBRID YELLOW 1G,3.8,GCC,1G,
2325-805,9.5,520,EA,HEMEROCALLIS YELLOW DWF 5G,9.5,GCC,5G,
2325-901,4.25,522,EA,"HEMEROCALLIS ""FULVA"" 1G",4.25,GCC,1G,
2325-905,7.5,520,EA,HEM. EVER. YELL. 5G  DWF,7.5,GCC,5G,
2325-911,2.75,522,EA,HEMEROCALLIS LITTLE RICH 1G,2.75,GCC,1G,
2325-921,3.8,522,EA,HEMEROCALLIS TINY TEMPTRESS 1G,3.8,GCC,1G,
2325-931,3.8,522,EA,HEMEROCALLIS RED VELVET 1G,3.8,GCC,1G,
2325-935,9.5,520,EA,HEMEROCALLIS H.RED VELVET 5G,9.5,GCC,5G,
2325-941,5,522,EA,HEMER. TINY PUMPKIN 1G,5,GCC,1G,
2326-001,7,522,EA,ECHEVERIA S. HEN & CHICKS 1G,7,GCC,1G,
2326-004,4,524.1,EA,"ECHEVERIA ""AFTERGLOW"" 4"" POTS",4,GCC,"4""",
2326-005,7.5,520,EA,HEMEROCALLIS OLD ADAGE 5G,7.5,GCC,5G,
2326-100,1,524,EA,ECHEVERIA ELEGANS LINER,1,GCC,,
2326-101,7,522,EA,ECHEVERIA IMBRICATA 1G,7,GCC,1G,
2326-104,4,524.1,EA,"ECHEVERIA ""ELEGANS"" 4"" POTS",4,GCC,"4""",
2326-105,5,522,EA,HEMERO. PANDORAS BOX 1G,5,GCC,1G,
2326-111,7.5,522,EA,"ECHEVARIA HYB. ""MAUNA LOA"" 1G",7.5,GCC,1G,
2326-1124,225,507,EA,"HETEROMELES ARBUTIFOLIA 24""  L/B",225,SH,"24""",
2326-115,36,519,EA,HETEROMELES ARBUTIFOLIA 15G,55,SH,15G,
2326-136,465,505,EA,"HETEROMELES ARB. 36"" MLT",465,SH,"36""",
2326-201,7.5,522,EA,ECHEVARIA GLAUCA 1G,7.5,GCC,1G,
2326-204,4,524.1,EA,"ECHEVERIA ""PERLE VON NURNBER"" 4"" POTS",4,GCC,"4""",
2326-205,5,522,EA,HEMER. H. 'TOUCH OF MIDAS' 1G,5,GCC,1G,
2326-215,55,519,EA,HETEROMELES ARBUTIFOLIA 15G NATURAL,55,SH,15G,
2326-224,225,507,EA,"HETEROMELES ARB. 24""",225,SH,"24""",
2326-301,3.8,522,EA,HEMEROCALLIS SALMON 1G,3.8,GCC,1G,
2326-304,2.5,524.1,EA,"ECHEVERIA BLACK PRINCE 4"" POT",2.5,GCC,"4""",
2326-305,27,520,EA,ECHEVERIA IMBRICATA 5G,27,GCC,5G,
2326-311,7.5,522,EA,ECHEVARIA AFTER GLOW 1G,7.5,GCC,1G,
2326-315,55,519,EA,HETER. ARBUTIFOLIA 15G SHRUB,55,SH,15G,
2326-401,2.75,522,EA,JUSTICIA BRANDAGEANA 1G,2.75,SH,1G,
2326-404,3.5,524.1,EA,"ECHEVERIA PULVINATA 4"" POT",3.5,GCC,"4""",
2326-405,15,520,EA,HEMEROCALLIS BONANZA 5G,15,GCC,5G,
2326-501,4,522,EA,HETEROMELES ARBUTIFOLIA 1G,4,SH,1G,
2326-504,4,524.1,EA,"ECHEVERIA AGAVOIDES 4""",4,GCC,"4""",
2326-505,11.5,520,EA,HETEROMELES ARBUTIFOLIA 5G,11.5,SH,5G,
2326-515,38,519,EA,JUSTICA BRANDEGEANA 15G,38,SH,15G,
2326-601,4.5,522,EA,HEMEROCALLIS HYBRID 1G,4.5,GCC,1G,
2326-604,4,524.1,EA,"ECHEVERIA SEM. 'BLACK' 4"" POT",4,GCC,"4""",
2326-605,12,520,EA,HEMER PREMIUM LEMON YELLOW 5G,12,GCC,5G,
2326-701,2.7,522,EA,"HEMEROCALLIS HYB. ""H.T"" 1G",2.7,GCC,1G,
2326-704,3.5,524.1,EA,"ECHEVERIA PURPLE PEARL 4""",3.5,GCC,"4""",
2326-705,12,520,RS,HEMEROCALLIS  LEMON VISTA 5G,12,GCC,5G,
2326-801,3.5,522,EA,JUSTICIA CALIF. 1G,3.5,SH,1G,
2326-804,4,524.1,EA,"ECHEVERIA HARMSII 4"" POT",4,GCC,"4""",
2326-805,11,520,EA,"HEMERO. ""HAPPY RETURNS"" 5G",11,GCC,5G,
2326-901,7.5,522,EA,"ECHEVERIA  ""BIG PINK"" 1G",7.5,GCC,1G,
2326-905,11,520,EA,JUSTICIA BRANDAGEANA 5G,11,SH,5G,
2327-001,10,520,EA,HELICTOTRICHON SEMP 5G,10,GCC,5G,
2327-005,10,520,EA,HEMERO BLACK EYED STELLA 5G,10,GCC,5G,
2327-101,7.5,522,EA,"ECHEVERIA ""RUFFLE"" 1G",7.5,GCC,1G,
2327-104,,,,"ECHEVERIA RUFFLES 4"" POT",,,,
2327-105,28,520,EA,HEMERO. ALABAMA JUBILEE 5G,28,GCC,5G,
2327-115,350,519,EA,KENTIA PALM  15G MLT,350,TR,15G,
2327-124,1750,507,EA,"KENTIA 24"" PALM (6' BTH)",1750,TR,"24""",
2327-201,10,522,EA,KALANCHOE BLOSSFELDIANA 1G,10,GCC,1G,
2327-202,18,520,EA,KALANCHOE LUCIAE 2G,18,GCC,2G,
2327-204,4,524.1,EA,"KALANCHOE BLO. 'MAGENTA DOUBLE' 4"" POTS",4,GCC,"4""",
2327-205,25,520,EA,KALANCHOE THYRSIFLORA 5G,25,GCC,5G,
2327-206,18,520,EA,KALANCHOE THYRSIFLORA 2G,18,GCC,2G,
2327-210,25,520,EA,"KALANCHOE THYRSIFLORA 10"" POT",25,GCC,"10""",
2327-215,100,519,EA,KALANCHOE BEHARENSIS 15G,100,GCC,15G,
2327-220,280,507,EA,"KALANCHOE BEHARENSIS 20""",280,GCC,"20""",
2327-301,6,522,EA,KALANCHOE THY SOLAR ECLIPSE 1G,6,GCC,1G,
2327-304,4,524.1,EA,"KALANCHOE LUCIA 4"" POT",4,GCC,"4""",
2327-305,25,520,EA,KALANCHOE LUCIAE 5G,25,GCC,5G,
2327-315,35,520,EA,KALANCHOE BEHARENSIS 5G,35,GCC,5G,
2327-320,250,507,EA,"KALANCHOE BEH. FURLESS 20""",250,GCC,"20""",
2327-401,5,522,EA,KALANCHOE LUCIAE 1G,5,GCC,1G,
2327-404,4,524.1,EA,"KALANCHOE PUMILA 4"" POT",4,GCC,"4""",
2327-405,30,520,EA,KALANCHOE ORGYALIS 5G,30,GCC,5G,
2327-415,100,519,EA,KALANCHOE THYRSIFLORA 15G,100,GCC,15G,
2327-501,3.8,522,EA,HEMEROCALLIS STARBURST 1G,3.8,GCC,1G,
2327-504,4,524.1,EA,"KALANCHOE TOMENTOSA 4"" POT",4,GCC,"4""",
2327-505,18,520,EA,"HEM..STRBRST YEL. ""MONOW"" 5G",18,GCC,5G,
2327-511,8,522,EA,KALANCHOE ORGYALIS 1G,8,GCC,1G,
2327-515,25,519,EA,KALANCHOE LUCIAE 5G,25,GCC,5G,
2327-601,3.8,522,EA,HEMEROCALLIS PARDON ME 1G,3.8,GCC,1G,
2327-604,,,,"KALANCHOE CALANDIVA WHITE 4""",,,,
2327-605,35,522,EA,KALANCHOE FANTASTIC 5G,35,GCC,5G,
2327-615,100,519,EA,KALANCHOE T. DESERT ROSE 15G,100,GCC,15G,
2327-701,8,522,EA,HEMERO. ALABAMA JUBILEE 1G,8,GCC,1G,
2327-705,25,520,EA,KALANCHOE THYRSIFLORA 5G,25,GCC,5G,
2327-715,100,519,EA,KALANCHOE ORGYALIS 15G,100,GCC,15G,
2327-801,6.5,522,EA,ECHEVERIA BLACK PRINCE 1G,6.5,GCC,1G,
2327-805,20,520,EA,KALANCHOE THY. 'DESERT ROSE' 5G,20,GCC,5G,
2327-901,6,522,EA,ECHEVERIA ELEGANS 1G,6,GCC,1G,
2327-905,9,520,EA,"HEMERO ""PARDON ME"" 5G",9,GCC,5G,
2328-001,7,522,EA,ECHEVERIA PEACOCKII 1G,7,GCC,1G,
2328-002,12,522,EA,ECHEVERIA VARIETIES 6,12,GCC,,
2328-004,4,524.1,EA,"ECHEVERIA ALBICANS 4"" POT",4,GCC,"4""",
2328-005,10.5,520,EA,"HEMERO. ""GINGERBREADMAN"" 5G",10.5,GCC,5G,
2328-101,8.5,522,EA,ECHEVERIA AGAVOIDES 1G,8.5,GCC,1G,
2328-104,4,524.1,EA,"ECHEVERIA VARIETIES 4"" POT",4,GCC,"4""",
2328-105,11,520,EA,HEMERO. MISS VICTORIA 5G,11,GCC,5G,
2328-201,6.5,522,EA,KECKIELLA ANTIRRHINOIDES 1G,6.5,SH,1G,
2328-205,28,520,EA,HEMERO. SHERWOOD CHEER 5G,28,GCC,5G,
2328-301,8,522,EA,KALANCHOE PUMILA 1G,8,GCC,1G,
2328-305,11,520,EA,JUSTICA SPICERGERA 5G,11,SH,5G,
2328-401,10,522,EA,"ECHEVARIA PULVINATA 6"" POT",10,GCC,"6""",
2328-405,11,520,EA,JUSTICA CALIFORNICA 5G,11,SH,5G,
2328-501,3,522,EA,"HEMEROCALLIS ""HEY THERE"" 1G",3,GCC,1G,
2328-505,10,520,EA,HEMEROCALLIS 'STARBURST RED' 5G,10,GCC,5G,
2328-601,4,522,EA,HEMER TROPICANA TALL 1G,4,GCC,1G,
2328-701,8,522,EA,ECHEVERIA BLUE ROSE 1G,8,GCC,1G,
2328-801,7,522,EA,ECHEVERIA MEXICAN HENS 1G,7,GCC,1G,
2328-901,7,522,EA,ECHEVERIA PAINTED BEAUTY 1G,7,GCC,1G,
2329-001,5.5,522,EA,HEM. LEA BEA ORANGE CRUSH 1G,5.5,GCC,1G,
2329-005,12,520,EA,HESPERALOE YELLOW 5G,12,GCC,5G,
2329-015,50,519,EA,HESPERALOE PARV. 15G,50,GCC,15G,
2329-101,4.3,522,EA,HEMERO. GINGERBREAD MAN 1G,4.3,GCC,1G,
2329-105,11,520,EA,HESPERALOE NOCTURNA 5G,11,GCC,5G,
2329-115,70,519,EA,HESPERALOE PAR. 'BRAKELIGHTS' 15G/7G,70,GCC,15G,
2329-201,3.5,522,EA,HEMERO. MOUNTAIN VIOLET 1G,3.5,GCC,1G,
2329-205,12,520,EA,HESPERALOE DESERT FLAMENCO 5G,12,GCC,5G,
2329-301,3.5,522,EA,HEMEROCALLIS NILES CRANE 1G,3.5,GCC,1G,
2329-305,10,520,EA,HEMEROCALLIS 'PYEWACKET' 5G,10,GCC,5G,
2329-401,3.8,522,EA,HEMEROCALLIS PYEWACKET 1G,3.8,GCC,1G,
2329-405,12,520,EA,HEMEROCALLIS PLUM PERFECT 5G,12,GCC,5G,
2329-501,4,522,EA,"HEMERO. ""YELLOW LOLLIPOP"" 1G",4,GCC,1G,
2329-505,11,520,EA,HESPERALOE PARVIFLORA 5G,11,SH,5G,
2329-601,4,522,EA,HEMEROCALLIS RUST DWF 1G,4,GCC,1G,
2329-605,26,520,EA,HESPERALOE PERPA 'BRAKELIGHTS' 5G,27.5,SH,5G,
2329-701,5,522,EA,HEMEROCALLIS LEMON VISTA 1G,5,GCC,1G,
2329-705,8.5,520,EA,"HEMEROCALLIS ""LEMON DIP"" 5G",8.5,GCC,5G,
2329-801,7.5,522,EA,HESPERALOE BRAKELIGHTS 1G (N.A.bid 5g),7.5,SH,1G,
2329-805,16,520,EA,HESPERALOE 'SANDIA GLOW' 5G,13,SH,5G,
2329-901,5.3,522,EA,HEMER. STRBRST RED MONA 1G,5.3,GCC,1G,
2329-905,28,520,EA,HEME. SUNBRST DBL GOLD  'MONOLD' 5G,28,GCC,5G,
23-3000,1.5,210,EA,"HIT RAINPRO 904 4"" POP UP",1.5,L,"4""",
2330-001,3.5,522,EA,LAMPRANTHUS SPECTABILES 1G,3.5,GCC,1G,
23-3001,5,210,EA,"HIT RAINPRO 906M 6"" POP UP",5,L,"6""",
23-3002,8.25,210,EA,"HIT RAINPRO 912 12"" POP-UP",8.25,L,"12""",
23-3003,3,210,EA,"HIT RAINPRO 904-CKV 4"" POP UP",3,L,"4""",
23-3004,8,210,EA,"HIT RAINPRO 906-CKV 6""  POP UP",8,L,"6""",
23-3005,10.6,210,EA,"HIT RAINPRO 912-CKV 12"" POP-UP",10.6,L,"12""",
2330-101,4,522,EA,HEMERO STARBURST YELLOW 1G,4,GCC,1G,
2330-201,3.5,522,EA,HEMERO. PREM LEMON YELLOW 1G,3.5,GCC,1G,
2330-305,18,520,EA,HEUCHERA MARMALADE 5G,18,GCC,5G,
2330-401,6,522,EA,HEUCHERA 'AMBER WAVES' 1G,6,GCC,1G,
2330-405,0,999,,HEUCHERA 'AMBER WAVES' 5G,0,GCC,5G,
2330-501,3.75,522,EA,HEUCHERA SANGUINEA 1G,3.75,GCC,1G,
2330-505,10,520,EA,HEUCHERA SANGUINEA 5G,10,GCC,5G,
2330-511,16,520,EA,HEUCHERA 'WENDY' 5G,16,GCC,5G,
2330-555,11,520,EA,HEUCHERA S.A. CARDINAL 5G,11,GCC,5G,
2330-601,4,522,EA,HEUCHERIA CANYON BELLE 1G,4,GCC,1G,
2330-602,4,522,EA,HEUCHERIA 'WENDY' 1G,4,GCC,1G,
2330-605,16,520,EA,HEUCHERA CITRONELLE 5G,16,GCC,5G,
2330-701,6,522,EA,HEUCHERA AUTUMN LEAVES 1G,6,GCC,1G,
2330-705,18,520,EA,HEUCHERA AMETHYST MIST 5G,18,GCC,5G,
2330-801,4.6,522,EA,HEUCHERA MAXIMA 1G,4.6,GCC,1G,
2330-804,2.5,524,EA,"HEUCHERA MAXIMA 4""",2.5,GCC,"4""",
2330-805,14,520,EA,HEUCHERA BLK BEAUTY 5G,14,GCC,5G,
2330-901,6,522,EA,HEUCHERA CRIMSON CURLS 1G,6,GCC,1G,
2330-905,12,520,EA,HEUCHERA MAXIMA 5G,10,GCC,5G,
2331-001,4.5,522,EA,HEUCHERA CANYON CHIMES 1G,4,GCC,1G,
2331-101,4.5,522,EA,HEUCHERA SANTA ANA CARDINAL 1G,4,GCC,1G,
2331-105,20,526,EA,ALLAMANDA CATHARTICA 5G STK,20,SH,5G,
2331-115,40,525,EA,ALLAMANDA CARTHARTICA 15G STK,40,SH,15G,
2331-201,4.5,522,EA,HEUCHERA CHOC. RUFFLES 1G,4,GCC,1G,
2331-301,4.4,522,EA,HEUCHERA PALACE PURPLE 1G,3.8,GCC,1G,
2331-401,4.5,522,EA,HEUCHERA X. 'OBSIDIAN' 1G,4.5,GCC,1G,
2331-501,4.5,522,EA,HEUCHERA S. SANTA ANA CARD. 1G.,3,GCC,1G,
2331-505,13,520,EA,HEUCHERA M.PALACE PURPLE 5G,10,GCC,5G,
2331-601,4.5,522,EA,HEUCHERA HYBRIDUS 1G,3.8,GCC,1G,
2331-604,2.5,524.1,EA,ALLIUM AFL. 'PURPLE SENSATION' - BULB,2.5,GCC,,
2331-606,8.5,522,EA,"HEUCHERA 'CATHEDRAL WINDOWS' 6"" POTS",5,GCC,"6""",
2331-701,5,522,EA,HORKELIA CUNEATA 1G,4.1,GCC,1G,
2331-704,2.5,524.1,EA,"ALLIUM 4"" POT",2.5,GCC,"4""",
2331-801,4.5,522,EA,HEUCHERA X. 'MOONLIGHT' 1G,4.5,GCC,1G,
2331-804,2.5,524.1,EA,"MENTHA SPP. 4"" POT",2.5,GCC,"4""",
2331-901,6,522,EA,HOLODISCUS DISCOLOR 1G,6,SH,1G,
2331-904,2.5,524.1,EA,"MENTHA SPICATA 4"" POT",2.5,GCC,"4""",
2332-001,5.5,522,EA,HEUCHERA LEMON LOVE 1G,5.5,GCC,1G,
2333-101,10,522,EA,"KALANCHOE ORANGE 6"" POT",10,GCC,"6""",
2333-106,10,522,EA,"KALANCHOE BLO. 'PURPLE' 6"" POT",10,GCC,"6""",
2333-201,8,522,EA,KALANCHOE THYRISIFLORA 1G,8,GCC,1G,
2333-204,50,530,EA,"KALANCHOE THYRISIFLORA 4"" FLT",50,GCC,"4""",
2333-301,9,522,EA,KALANCHOE BRNZ SCULPTURE 1G,9,GCC,1G,
2333-401,6,522,EA,KALANCHOE DESERT ROSE 1G,6,GCC,1G,
2333-501,6,522,EA,KALANCHOE BEHARENSIS 1G,6,SH,1G,
2333-601,6,522,EA,KALANCHOE BRACTEATA 1G,6,SH,1G,
2334-101,7,522,EA,ECHEVERIA VIOLET QUEEN 1G,7,GCC,1G,
2334-201,6,522,EA,ECHEVERIA 'BLUE CURLS' 1G,6,GCC,1G,
2334-301,6,522,EA,ECHEVERIA 'BIG RED' 1G,6,GCC,1G,
2334-401,7,522,EA,"ECHEVERIA PULIDONIS 6"" POT",7,GCC,"6""",
2334-501,7,522,EA,ECHEVERIA PERLE VON NUREN 1G,7,GCC,1G,
2334-601,7,522,EA,ECHEVERIA 'LIPSTICK' 1G,7,GCC,1G,
2334-701,7.5,522,EA,"ECHEVERIA 'AFTERGLOW' 6"" POT",7.5,GCC,"6""",
2334-801,8,522,EA,ECHEVERIA MARIA 1G,8,GCC,1G,
2334-901,7,522,EA,ECHEVERIA SAHARA 1G,7,GCC,1G,
2335-001,,,,ECHEVERIA ROSEBUD 1G,,,,
2335-501,4,527,EA,HIBBERTIA SCANDENS 1G STK,4,SH,1G,
2335-515,34,525,EA,HIBBERTIA SCANDENS 15G STK,34,SH,15G,
2335-615,35,525,EA,HIBBERTIA VOLUBILIS 15G. STK.,35,SH,15G,
2337-001,7,522,EA,ECHEVERIA PALLIDA 1G,7,GCC,1G,
2340018,0.5,999,,AGRIFIM CT 700 COMP. TEE,0.5,L,,
2340383,0.15,999,,"AGRIFIM S4 5"" STAKE",0.15,TRSTK,"5""",
2340-501,1.79,522,EA,HIBISCUS R-S AGNES GAULT 1G,1.79,SH,1G,
2340-505,6.8,520,EA,HIBISCUS R-S AGNES GAULT 5G,6.8,SH,5G,
2340-515,31,519,EA,HIBISCUS AGNES GAULT 15G,31,SH,15G,
2340-605,10,520,EA,HIBISCUS RED DRAGON 5G,10,SH,5G,
2340-615,50,510,EA,HIBIS. SIN. YELLOW PATIO 15G,50,SH,15G,
2340-715,75,510,EA,HIBISCUS RED 15G PATIO TREE,75,TR,15G,
2340-724,200,507,EA,"HIBISCUS ROSEA 24"" PATIO TREE",200,TR,"24""",
2341-501,4.6,522,EA,HIBISCUS R-S BRIDE 1G,4.6,SH,1G,
2341-505,12,520,EA,HIBISCUS R.S. EMPIRE 5G,12,SH,5G,
2342-505,11,520,EA,HIBISCUS R.S. FULLMOON 5G,11,SH,5G,
2342-515,45,510,EA,"HIBISCUS R-S ""AMOUR"" STD. 15G",45,SH,15G,
2343-515,45,519,EA,HIBISCUS FULLMOON 15G,45,SH,15G,
2343-815,50,510.4,EA,HIBISCUS C FULL MOON 15G PATIO TREE,50,TR,15G,
2344-105,12,520,EA,CORREA DUSKY BELLS 5G,12,SH,5G,
2344-205,10,520,EA,"CORREA ""CARMINE BELLS"" 5G",10,SH,5G,
2344-305,10.5,520,EA,"CORREA ""IVORY BELLS"" 5G",10.5,SH,5G,
2344-405,12,520,E,CORREA 'WYNN'S WONDER' 5G,12,SH,5G,
2344-505,16,520,EA,CORREA RAY'S TANGERINE 5G,16,SH,5G,
2344766,0.1,999,,"AGRIFIM A700 1/2"" PE TUBING",0.1,L,"2""",
2345-015,30,519,EA,"HIBISCUS R.S. ""FIESTA"" 15G",30,SH,15G,
2345-115,35,519,EA,HIBISCUS R.S. MONHOPE 15G,35,SH,15G,
2345132,0.28,999,,AGRIFIM S7 STAKES,0.28,L,,
2345497,4.15,999,,AGRIFIM RSEL 600 RISER SWIVEL ELL,4.15,L,,
2345-501,2.5,522,EA,HIBISCUS R-S BRILLIANT 1G,2.5,SH,1G,
2345-505,8.25,520,EA,HIBISCUS R-S BRILLIANT 5G,8.25,SH,5G,
2345-515,31,519,EA,HIBISCUS R-S BRILLIANT 15G,31,SH,15G,
2345862,0.65,999,,AGRIFIM CEP 16 END PLUGS,0.65,L,,
2346227,5,999,,AGRIFIM PRP 30 PRESSURE REGULATOR,5,L,,
2346593,8.5,999,,AGRIFIM YS 75 FILTER,8.5,L,,
2347323,0.25,999,,AGRIFIM PCP 20 EMITTER,0.25,L,,
2349515,0.2,999,,AGRIFIM TF 436  HYDROFLOW JETS,0.2,L,,
2349880,0.2,999,,AGRIFIM TF 318 HYDROFLOW JET,0.2,L,,
23-5001,28,None,EA,"SIGNATURE 8810 BRASS SWIVEL 3/4""",28,L,"4""",
23-5002,50,None,EA,"SIGNATURE 8812 BRASS SWIVEL 1""",50,L,"1""",
23-5003,50,999,EA,"SIGNATURE 8811 BRASS SWIVEL 1""",50,L,"1""",
2350245,0.85,999,,AGRIFIM S5R8 RISER ASSEMBLIES (STAKE),0.85,TRSTK,,
2350-501,2.6,522,EA,HIBISCUS R-S BUTTERFLY 1G,2.6,SH,1G,
2350-505,8,520,EA,HIBISCUS R-S BUTTERFLY 5G,8,SH,5G,
2350-515,32,519,EA,HIBISCUS R-S BUTTERFLY 15G,32,SH,15G,
2350610,0.2,999,,AGRIFIM R8    EX. RISER,0.2,L,,
2351-505,9,520,EA,"HIBISCUS R-S ""BUTTERBALL"" 5G",9,SH,5G,
2352071,0.7,999,,AGRIFIM CMAP-12 ADAPTER,0.7,L,,
2352-505,7.2,520,EA,HIBISCUS SIN. SALMON DWARF 5G,7.2,SH,5G,
2355-501,1.79,522,EA,HIBISCUS R-S CROWN BOHEMIA 1G,1.79,SH,1G,
2355-505,8.5,520,EA,HIBISCUS R-S CROWN BOHEMIA 5G,8.5,SH,5G,
2355-515,30,519,EA,HIBISCUS R-S CROWN BOHEMIA 15G,30,SH,15G,
23-6008,450,None,EA,12 X 6 ECCENTRIC REDUCER,450,M,,
23-6009,40,999,EA,"4"" X 3"" ECCENTRIC REDUCER",40,M,"4""",
23-6010,55,626.1,EA,"OVERFLO POOL DRAIN PIPE #3001 3"" X NOZZLE FTG.",55,M,"3""",
23-6011,18,999,EA,"4"" X 3"" PVC SCH 40 REDUCER",11.5,M,"4""",
23-60111,18,999,EA,"4"" X 3"" ABS SCH 40 REDUCER",11.25,M,"4""",
23-6012,45,642,EA,"BACKWATER VALVE 4""",45,M,"4""",
23-6013,500,635,EA,12 X 8 ECCENTRIC REDUCER,500,M,,
23-6014,450,None,EA,12 x 4 ECCENTRIC REDUCER,450,M,,
23-6015,140,None,EA,"ECCENTRIC REDUCER 8"" x 4""",140,M,"8""",
23-6016,85,999,EA,ECCENTRIC REDUCER 6x4,85,M,,
23-6017,400,999,EA,ECCENTRIC REDUCER 12 x 8,400,M,,
23-6018,480,999,EA,"FLARED END COUPLING 8""",480,M,"8""",
23-6019,405,999,EA,"ECCENTRIC REDUCER 10"" x 8""",405,M,"10""",
23-6020,130,999,EA,ECCENTRIC REDUCER 8 x 6,130,M,,
23-6021,400,642,ea,"FLARED ADS END, for 10"" pipe",400,M,"10""",
2360-415,35,519,EA,HIBISCUS ARNOTTIANUS 15G,35,SH,15G,
2360-501,1.79,522,EA,HIBISCUS R-S DIAMOND HEAD 1G,1.79,SH,1G,
2360-505,8.5,520,EA,HIBISCUS R-S DIAMOND HEAD 5G,8.5,SH,5G,
2360-515,32,519,EA,HIBISCUS R-S DIAMOND HEAD 15G,32,SH,15G,
2365-501,1.79,522,EA,HIBISCUS R-S GOLDEN DUST 1G,1.79,SH,1G,
2365-505,8,520,EA,HIBISCUS R-S GOLDEN DUST 5G,8,SH,5G,
2365-515,42,519,EA,HIBISCUS R-S GOLDEN DUST 15G,42,SH,15G,
2370-501,1.79,522,EA,HIBISCUS R-S HULA GIRL 1G,1.79,SH,1G,
2370-505,7.5,520,EA,HIBISCUS R-S HULA GIRL 5G,7.5,SH,5G,
2370-515,35,519,EA,HIBISCUS R-S HULA GIRL 15G,35,SH,15G,
2375-501,1.79,522,EA,HIBISCUS R-S KONA 1G,1.79,SH,1G,
2375-505,13,520,EA,HIBISCUS R-S KONA 5G,13,SH,5G,
2375-515,43,519,EA,HIBISCUS R-S KONA 15G,43,SH,15G,
2380-124,1200,507,EA,"HOWEA FORSTERANA 24"" MLT",1200,TR,"24""",
2380-136,4500,505,EA,"HOWEA FORSTERANA 36""  MLT",4500,TR,"36""",
2380-148,9000,503,EA,"HOWEA FORSTERANA 48""  MLT",9000,TR,"48""",
2380-160,5000,503,EA,"HOWEA FORSTERANA 48"" (8' BTH)",5000,TR,"48""",
2380-236,3500,505.2,EA,"HOWEA FORSTERANA 36"" 6' BTH",3500,TR,"36""",
2380-248,4500,503,EA,"HOWEA FORSERIANA 48"" 10' BTH",4500,TR,"48""",
2380-324,1200,507,EA,"HOWEA FORSTERANA 24"" MLT",1200,TR,"24""",
2380-424,1200,507.2,EA,"HOWEA FORSTERIANA 24"" MLT",1200,TR,"24""",
2380-505,25,520,EA,HOWEA FORSTERANA 5G,25,TR,5G,
2380-515,200,519,EA,HOWEA FORSTERANA 15G,200,TR,15G,
2380-615,250,519,EA,HOWEA BELMOREANA 15G,250,TR,15G,
2385-024,180,507,EA,"HYMENOSPORUM FLAVUM 24""   L.B.",180,TR,"24""",
2385-115,36,510,EA,HYMENOSPORUM FLAVUM 15G,36,TR,15G,
2385-124,190,507,EA,"HYMENOSPORUM FLAVUM 24""",190,TR,"24""",
2385-136,475,505,EA,"HYMENOSPORUM FLAVUM 36""  STD",475,TR,"36""",
2385-148,1200,503,EA,"HYMENOSPORUM FLAVUM 48""  STD",1200,TR,"48""",
2390-501,2.75,522,EA,HYPERICUM CALYCINCUM 1G,2.75,GCC,1G,
2390-505,6.5,520,EA,HYPERICUM CALYCINCUM 5G,6.5,GCC,5G,
2390-605,11,520,EA,HYPERICUM MOSERIANUM 5G,11,SH,5G,
24-0000,18,392,EA,"DAYNI 1034 3/4"" ADAPTER",18,L,"4""",
24-0001,18.5,397,EA,"DAYNI 1044 1"" ADAPTER",18.5,L,"1""",
24-0002,2.25,None,EA,"DAYNI 3318C 18"" CABLE",2.25,L,"18""",
24-0003,5,None,EA,DAYNI 2100 BATTERY PACK,5,L,,
24-0004,36.5,471,EA,DAYNI 2005 5 STATION CONTROLLER,36.5,POC,,
24-0005,18,392,EA,"DAYNI 4034R 3/4"" ADAPTOR RI&CH PLAS",18,L,"4""",
24-0006,34.5,471,EA,DAYNI 1001 SINGLE STA. CONTROLLER,34.5,POC,,
24-0007,14.52,380,EA,"DAYNI #DN-2035B SOL. W/18"" CABLE",14.52,L,"18""",
24-0008,3.65,637,EA,DAYNI #DN 2055 SOL.CONTR.MOUNT.BRKT,3.65,L,,
24-0009,1.55,637,EA,DAYNI #DN3320C CABLE CONNECTOR,1.55,L,,
24-0010,53.15,481,EA,DIG 4-STATION CONT.#540-000W,53.15,L,,
2400-105,20,520,EA,DIPLADENIA SPLENDENS 5G  STK,20,SH,5G,
2400-2,7.5,522,EA,DIPLADENIA SPLENDENS 1G,7.5,SH,1G,
24-0020,18,392,EA,DIG DC SOLENOID #337-000,18,L,,
2400-205,18,520,EA,DIPLADENA SPLENDENS 5G,18,SH,5G,
24-0030,2.8,392,EA,DIG 30-926 ADAPTER (FOR RB VALVES),2.8,L,,
24-0031,5,400,EA,DIG 18-028 A.R. VALVE,5,L,,
24-0032,3,400,EA,DIG 18-038 FLUSH VALVE,3,L,,
24-0033,100,635,EA,DIG A1-112 XERI-TUBE (500' ROLL),100,L,,
24-0034,0.4,636.4,LF,DIG A5-512P-CV DRIP TUBE,0.4,L,,
24-0035,0.48,999,EA,DIG GPH-GDTS-140-900 DRIP STAKES,0.48,L,,
24-0036,0.4,999,EA,DIG 700 SERIES FITTINGS,0.4,L,,
24-0037,0.06,639,LF,"DIG 12-049 (1/4"" DRIP TUBING)",0.06,L,"4""",
24-0038,0.22,999,EA,DIG 06-014 EMITTER,0.22,L,,
24-0039,0.35,None,EA,DIG 24-003 TEE,0.35,L,,
24-0040,0.3,None,EA,DIG 24-004 ELL,0.3,L,,
24-0041,0.2,None,EA,DIG 24-025 COMPRESSION ADAPTER,0.2,L,,
24-0042,0.07,None,EA,DIG 25-004 SHORT BARB CONNECTOR,0.07,L,,
24-0043,0.32,None,EA,DIG 24-002 COUPLER,0.32,L,,
24-0044,90,None,EA,"DIG P80-17-205   2""  Y-FILTER",90,L,"2""",
24-0045,14,None,EA,DIG PSI-40-MX-100 PRV,14,L,,
24-0046,13,None,EA,DIG PSIL-30X-075 PRV,13,L,,
24-0047,6.5,251,EA,DIG TOP-010  12 OUTLET EMITTER,6.5,L,,
24-0048,2.25,251,EA,DIG 06-043 BUBBLER,2.25,L,,
24-0049,120,390,EA,DIG 710-ASV-075   (VALVE-CONTR-DC/SOL),120,CV,,
24-0050,78,395,EA,DIG LEIT-1 ASV-075 SOLAR POWERED VALVE,78,CV,,
2400-501,3.8,522,EA,IBERIS SEMPERVIRENS 1G,3.8,GCC,1G,
2400-505,7,520,EA,IBERIS SEMPERVIRENS 5G,7,GCC,5G,
24-0051,87,380,EA,DIG 400A-075 SINGLE STATION BATT. VALVE,87,CV,,
24-0052,120,390,EA,DIG ECO1-ASV-075 (BATT-CONT-VALVE),120,CV,,
24-009,2.48,637,EA,"DAYNI #DN3318C 18"" CABLE",2.48,L,"18""",
24-0110,3.6,None,EA,DAYNI 3305C ADAPTER CABLE 5',3.6,L,,
2404-515,26,519,EA,ILEX AQUIFOLIUM VARIEGATA 15G,26,SH,15G,
2404-615,32,519,EA,ILEX BURF. NANA 15G,32,SH,15G,
2404-715,90,519,EA,ILEX EMERALD COLONNADE 15G,90,SH,15G,
2405-005,9.5,520,EA,ILEX VOMITORIA COLUMN 5G,9.5,SH,5G,
2405-501,2.4,522,EA,ILEX C BURFORDII 1G,2.4,SH,1G,
2405-505,9,520,EA,ILEX C BURFORDII 5G,9,SH,5G,
2405-515,30,519,EA,ILEX C BURFORDII 15G,30,SH,15G,
2405-605,7.5,520,EA,ILEX AQUIF. VAR. 5G,7.5,SH,5G,
2406-505,9.5,520,EA,ILEX C BURFORD. DWARF 5G,9.5,SH,5G,
2407-505,7.5,520,EA,GENISTA RACEMOSA 5G,7.5,SH,5G,
"240"" Tree",50000,520.1,,Very Large Tree,50000,TR,,
24-1000,130,380,EA,"IRRITROL 700 1"" ULTRAFLOW",130,CV,"1""",
24-1001,60,380,EA,"IRRITROL 700- 3/4""  ULTRAFLOW",60,CV,"4""",
24-1002,0.4,639.3,EA,HARDIE SSJ45A,0.4,L,,
24-1003,1.31,639.3,EA,HARDIE SVN516 MIRCO SPINNER,1.31,L,,
24-1004,0.03,639,FT,HARDIE EHD0437-100 1/4 TUBING,0.03,L,,
24-1005,0.06,639,FT,"HARDIE EHD2057-100 1"" TUBING",0.06,L,"1""",
24-1006,0.55,639.3,EA,"HARDIE STAKE IPSO403 12""",0.55,TRSTK,"12""",
24-1007,32,999,EA,HARDIE OMR-30,32,L,,
24-1008,0.18,None,EA,HARDIE STAKE IPS 1004,0.18,TRSTK,,
24-1009,0.06,639,FT,"HARDIE EHD 2057-050 1"" TUBING 50'ROLL",0.06,L,"1""",
24-1010,130,380.2,EA,"IRRITROL 700 1"" W/ RW60 KIT",130,CV,"1""",
24-1011,175,380.2,EA,"IRRITROL 700 1.5"" W/ RW60 KIT",175,CV,"5""",
2410-136,410,505,EA,"ILEX WILSONII 36""  STD",410,TR,"36""",
24-1020,175,380,EA,"IRRITROL 700 1.5"" ULTRAFLOW",175,CV,"5""",
24-1021,180,470,EA,HARDIE RD1200 OUTDOOR,180,L,,
24-1022,28,395,EA,HUNTER AVB-100 AVB (USE AQUALINE),28,POC,,
24-1040,200,380,EA,"IRRITROL 700 2"" ULTRAFLOW",200,CV,"2""",
24-1042,25,380,EA,"IRRITROL 205TF 1"" GLOBE VALVE",25,CV,"1""",
2410-501,2.5,522,EA,ILEX C DAZZLER 1G,2.5,SH,1G,
2410-505,9,520,EA,ILEX C DAZZLER 5G,9,SH,5G,
2410-515,56,519,EA,ILEX C DAZZLER 15G,56,SH,15G,
24-1060,86.75,471,EA,HARDIE 6200,86.75,L,,
2410-605,9.5,520,EA,ILEX V. PRIDE OF HOUSTON 5G,9.5,SH,5G,
2410-615,42,519,EA,ILEX  V. NANA 15G,42,SH,15G,
2410-715,80,519,EA,ILEX CRENATA SKY PENCIL 15G,80,SH,15G,
24-1081,115,471,EA,HARDIE RD 900-EX,115,L,,
24-1082,90,471,EA,HARDIE RAINDIAL RD600  EX,90,L,,
24-1083,52,471,EA,HARDIE HR 6100 6 STA.,52,L,,
24-1084,80,380,EA,"IRRITROL 102 RW 1 1/2""",80,CV,"2""",
24-1085,0.05,None,FT,"HARDIE #EHD1645 1/2"" DIST. TUBING",0.05,L,"2""",
24-1086,0.28,639.3,EA,HARDIE #DPJ02 TURBO-SC EMITTER,0.28,L,,
24-1087,7.57,None,EA,"HARDIE #420-1-150-1 Y FILTER 1""",7.57,L,"1""",
24-1088,0.14,None,EA,9310-210,0.14,L,,
24-1090,13.48,380,EA,"HARDIE HR-1-TF 1"" RCV PLASTIC",13.48,CV,"1""",
24-1092,82,471,EA,HARDIE RD60O-EXT. RAINDIAL CONTROLR,82,L,,
24-1093,185,471,EA,HARDIE RD 900 EXT. RAINDIAL,185,L,,
24-1094,8.5,None,EA,"HARDIE 420 Y-FILTER 3/4""",8.5,L,"4""",
24-1095,112,471,EA,RAINDIAL RD900-IN,112,L,,
24-1096,80,471,EA,RAINDIAL RD600-IN,80,L,,
24-1097,180,471,EA,HARDIE/ IRRITROL RD-1200-IN,180,L,,
24-1098,0.6,250,EA,HARDIE 533 FLOOD BUBBLER,0.6,L,,
24-1099,150,471,EA,HARDIE TC-6IN,150,L,,
24-1100,417.5,470,EA,HARDIE TC1200LX (DISCONTINUED),417.5,L,,
2411-005,10,520,EA,HEBE PATTYS PURPLE 5G,10,SH,5G,
24-1101,210,471,EA,HARDIE TC-9IN,210,L,,
24-1102,9.15,395,EA,"HARDIE 305 1""",9.15,CV,"1""",
24-1103,8,390,EA,"HARDIE 305 3/4""",8,CV,"4""",
24-1104,220,470,EA,HARDIE TC-12EX,220,L,,
24-1105,195,471,EA,HARDIE TC-9EX,195,L,,
24-1106,155,471,EA,HARDIE TC-6EX-B,155,L,,
24-1107,47,380,EA,"HARDIE/ IRRITROL 700-1.5""-RW",47,CV,"5""",
24-1108,65,380,EA,"HARDIE 700-2""-RW",65,CV,"2""",
24-1109,70,380,EA,"HARDIE / IRRITROL700-1""-RW",70,CV,"1""",
24-1110,240,470,EA,HARDIE/ IRRITROL TC-12IN,240,L,,
2411-101,3,522,EA,HEBE AUTUMN GLORY 1G,3,SH,1G,
2411-105,14,520,EA,HEBE FRANCIS VARIEG 5G,14,SH,5G,
24-1120,475,470,EA,HARDIE TC1800LX (DISCONTINUED),475,L,,
24-1140,550,470,EA,HARDIE TC2400LX (DISCONTINUED),550,L,,
24-1141,110,480,EA,HARDIE PED-TC (FOR TC LX II SERIES),110,L,,
24-1142,4.6,380,EA,"HARDIE PR 550 3/4"" PRES. REG.",4.6,L,"4""",
24-1145,45,471,EA,HARDIE/ IRRITROL SD-6 SLIMDIAL,45,L,,
24-1146,46,471,EA,IRRITROL KWIK DIAL 4 STA.,46,L,,
24-1147,115,471,EA,IRRITROL KWIK DIAL 6 STA.,115,L,,
24-1148,100,471,EA,IRRITROL KWIK DIAL 9 STA.,100,L,,
24-1149,145,471,EA,IRRITROL KD12 INT,145,L,,
24-1150,38.35,471,EA,HARDIE H-4000-2 CONTROLLER,38.35,POC,,
2411-501,2.75,522,EA,HEBE LAKE 1G,2.75,SH,1G,
2411-505,7.5,520,EA,HEBE COED 5G,7.5,SH,5G,
24-1151,50,471,EA,IRRITROL JR. MAX 6 STA. CONT.,50,L,,
2411-515,30,519,EA,HEBE BLUE ELF 15G,30,SH,15G,
24-1160,1.35,250,EA,HYDRORAIN 610 BUBBLER,1.35,L,,
2411-601,2.75,522,EA,HEBE PATTY'S PURPLE 1G,2.75,SH,1G,
2411-605,8,520,EA,HEBE BUXIFOLIA 5G,8,SH,5G,
2411-615,40,519,EA,HEBE COED 15G,40,SH,15G,
2411-705,7.5,520,EA,HEBE VERONICA LAKE 5G,7.5,SH,5G,
2411-715,28,519,EA,HEBE VERONICA LAKE 15G,28,SH,15G,
24-1180,65,380,EA,"IRRITROL 102 RW 2""",65,CV,"2""",
2411-805,8,520,EA,HEBE BUXIFOLIA VARIEGATA 5G,8,SH,5G,
2411-815,45,519,EA,HEBE BUXIFOLIA 15G,45,SH,15G,
24-1186,0.25,637.1,EA,HARDIE DPJ04-A TURBO-SC EMITTER,0.25,L,,
24-1187,0.15,639.3,FT,"HARDIE EHW 1650-050 5/8""TUBING",0.15,L,"8""",
2411-915,30,519,EA,HEBE BUXI 15G,30,SH,15G,
24-1200,23.5,390,EA,IRRITROL 311A-.75  A.S. VALVE,23.5,CV,,
2412-505,8,520,EA,HEBE AUTUMN GLORY 5G,8,SH,5G,
24-1300,1.4,210,EA,"HARDIE HS2 2"" POP-UP",1.4,L,"2""",
24-1301,1.5,210,EA,"HARDIE HS4 4"" POP UP",1.5,L,"4""",
24-1302,4.5,210,EA,"HARDIE HS6 6"" POP-UP",4.5,L,"6""",
24-1303,7.19,230,EA,HARDIE HS12-CV/HSN NOZZLE,7.19,L,,
24-1305,0.35,220,EA,HARDIE HS1 SHRUB ADAPTER,0.35,SH,,
2413-415,32,525,EA,HEDERA C. VARIEGATA 15G STK,32,SH,15G,
2413-505,12,526,EA,"HEDERA HELIX ""HAHNS"" 5G STK",12,SH,5G,
2413-515,32,525,EA,HEDERA H. NEEDLEPT. 15G  STK,32,SH,15G,
2414-505,12,520,EA,HEDYCHIUM CORONARIUM 5G,12,GCC,5G,
2414-515,120,519,EA,HEDYCHIUM VAR. ACUMINATUM 15G,120,GCC,15G,
2414-605,120,519,EA,HEDYCHIUM CORONARIUM 15G,120,GCC,15G,
24-1497,16.5,390,EA,"IRRITROL 2600-TF ANGLE VALVE 3/4""",16.5,CV,"4""",
24-1498,14.5,395,EA,"IRRITROL 2713 DPR 1"" A.S. VALVE",14.5,CV,"1""",
24-1499,14,390,EA,"IRRITROL 2700 DPR 3/4"" A.S. VALVE",14,CV,"4""",
24-1500,16,395,EA,"IRRITROL 2713 APR 1"" A.S. VLV",16,CV,"1""",
24-1501,28,637,EA,RICHDEL IE2001 DC LATCHING SOLENOID,28,CV,,
24-1502,68,471,EA,RICHDEL 306PR 6 STA,68,L,,
24-1504,16,390,EA,"IRRITROL 2711 APR  3/4"" A.S. VLV",16,CV,"4""",
24-1505,6.95,395,EA,"RICHDEL 707PR 1"" ANGLE VALVE",6.95,CV,"1""",
24-1506,5.28,390,EA,"RICHDEL 704PR 3/4"" ANGLE VALVE",5.28,CV,"4""",
24-1507,18,395,EA,"IRRITROL 2600TF  1"" ANGLE VALVE",18,CV,"1""",
24-1508,12.5,380,EA,"RICHDEL 205TF 1"" ELEC. RCV. W/FL.CO",12.5,CV,"1""",
24-1509,157.15,471,EA,RICHDEL 508 PR 8 STA.,157.15,L,,
24-1510,57.8,471,EA,RICHDEL R304 PR 4 STA.,57.8,L,,
24-1511,40,471,EA,RICHDEL H-4000-2 CONTROLLER,40,POC,,
24-1512,50,471,EA,RICHDEL H-6000-2 CONTROLLER,50,POC,,
24-1513,170,471,EA,RICHDEL 512 PRI CONTROLLER,170,POC,,
24-1514,9.55,395,EA,"RICHDEL 709PR 1"" MANUAL ANTI-SIPHON",9.55,CV,"1""",
24-1515,75,380,EA,"RICHDEL 217PR-REG 2""",75,CV,"2""",
24-1516,60,380,EA,"RICHDEL 216PR-REG 11/2""",60,CV,"2""",
24-1517,50,380,EA,"RICHDEL 214PR-REG 1""",50,CV,"1""",
24-1518,13.3,None,EA,RICHDEL756 DPR 075 ADAPTER,13.3,CV,,
24-1519,13.3,None,EA,RICHDEL 756 DPR 100 ADAPTER,13.3,CV,,
24-1520,40,395,EA,IRRITROL 2711-APRDK-MF,40,CV,,
2415-501,4.4,522,EA,ILEX C ROTUNDA 1G,4.4,SH,1G,
2415-505,7.5,520,EA,ILEX C ROTUNDA 5G,7.5,SH,5G,
2415-515,42,519,EA,ILEX C ROTUNDA 15G,42,SH,15G,
2415-605,11,520,EA,ILEX C ROTUNDA 5G,11,SH,5G,
2416-001,4.3,522,EA,ILEX VOMITORIA ,4.3,SH,,
2416-101,4.4,522,EA,ILEX WILSONI 1G,4.4,SH,1G,
2416-201,4.5,522,EA,ILEX  VOM. STOKES 1G,4.5,SH,1G,
2416-205,13,520,EA,ILEX MES. 'BLUE GIRL'  5G,13,SH,5G,
2416-301,6.25,522,EA,ILEX BLUE GIRL 1G,6.25,SH,1G,
2416-305,12,520,EA,ILEX CRENATA 5G,12,SH,5G,
2416-315,60,519,EA,ILEX C. 'SKY PENCIL' 15G,60,SH,15G,
2416-405,50,520,EA,ILEX EMERALD COLONNADE 5G,50,SH,5G,
2416-415,50,519,EA,ILEX 'WILL FLEMING' 15G,50,SH,15G,
2416-501,4.4,522,EA,ILEX  VOM. STOKES DWF 1G,4.4,SH,1G,
2416-505,11,520,EA,ILEX VOM. STOKES DWF. 5G,11,SH,5G,
2416-515,42,519,EA,ILEX VOMITORIA STOKES 15G,42,SH,15G,
2416-590,15,520,EA,ILEX VOM. NANA 5G,15,SH,5G,
2416-600,12,520,EA,ILEX AQUIFOLIUM VARIEGATA 5G,12,SH,5G,
2416-605,11,520,EA,ILEX ALTACLARENSIS WILSONII 5G,11,SH,5G,
2416-615,50,519,EA,ILEX ALTACLARENSIS WILSONII 15G,50,SH,15G,
2416-624,190,507,EA,ILEX ALTA. WILSONII 24,190,TR,,
2416-648,1200,503,EA,ILEX 'WILSONII' 48,1200,TR,,
2416-705,11,520,EA,ILEX MESERVEAE 5G,11,SH,5G,
2416-715,48,519,EA,ILEX CRENATA 15G,48,SH,15G,
2416-801,3,522,EA,ILEX CRENATA 'COMP' 1G,3,SH,1G,
2416-805,11,520,EA,ILEX CRENATA 'COMPACTA'  5G,11,SH,5G,
2416-815,30,519,EA,ILEX WILSONII 15G SHRUB,30,SH,15G,
2416-905,25,520,EA,ILEX C SKY PENCIL 5G,25,SH,5G,
2416-915,55,525,EA,ILEX 'WILL FLEMING' STK. 15G,55,SH,15G,
24-2000,100,380,EA,"IRRITROL 100P- 1.5"" CENTURY PLUS",100,CV,"5""",
2420-001,6,522,EA,KALANCHOE SEXANGULARIS 1G,6,GCC,1G,
24-2001,75,380,EA,"IRRITROL 100P-1 1"" CENTURY PLUS",75,CV,"1""",
24-2002,800,380,EA,"IRRITROL FS-B100 1""",800,CV,"1""",
24-2003,65,380,EA,"IRRITROL 102 RW 1""",65,CV,"1""",
24-2004,20,395,EA,"IRRITROL 311A-1""  A.S. VALVE",20,CV,"1""",
24-2005,25,380,EA,IRRITROL 2500TF VALVE,25,CV,,
24-2006,25,380,EA,"IRRITROL 2500T 1""  VALVE",25,CV,"1""",
24-2007,18.2,397,EA,"IRRITROL 300 1"" VALVE ADAPTER",18.2,CV,"1""",
24-2008,16.2,392,EA,"IRRITROL 300 3/4"" VALVE ADAPTER",16.2,CV,"4""",
24-2009,148,470,EA,HARDIE RAINDIAL RD1200 EX,148,L,,
24-2010,109,380,EA,"IRRITROL 102 RW 3""",109,CV,"3""",
24-2011,65,380,EA,"HARDIE 103 1""",65,CV,"1""",
24-2012,800,380,EA,"IRRITROL FSB-125 (1.25"")",800,CV,"25""",
24-2015,75,380,EA,"IRRITROL 216B 1.5"" GLOBE VALVE",75,CV,"5""",
24-2016,250,471,EA,HARDIE TC-15EX,250,L,,
24-2017,270,470,EA,HARDIE TC-18EX,270,L,,
24-2020,45,None,EA,IRRITROL OMR-100 PRESS. REG.,45,L,,
24-2030,141,380,EA,"HARDIE 103 3""",141,CV,"3""",
2420-501,4.5,522,EA,IMPATIENS NEW GUINEA 1G,2.75,GCC,1G,
2420-505,12,520,EA,IMPATIENS OF NEW GUINEA 5G,5.37,GCC,5G,
24-2100,350,471,EA,AQUA CONS HYDRO ETPLS-09/ ANT 90,350,L,,
24-2101,120,471,EA,IRRITROL RD 600-INT 6 STA INDOOR,120,L,,
24-2102,126,638.1,EA,IRRITROL CL-100 CLIMATE LOGIC (WIRELESS),126,L,,
24-2103,150,471,EA,IRRITROL RD 600 EXT,150,L,,
24-2104,200,471,EA,IRRITROL RD-900-EXT,200,L,,
24-2105,85,390,EA,"IRRITROL 217B 2"" GLOBE VALVE",85,CV,"2""",
24-2106,10.9,395,EA,"IRRITROL 2400T 1"" GLOBE VALVE",10.9,CV,"1""",
24-2111,2100,471,EA,AQUA CONSV. ET-36U,2100,L,,
24-2112,2500,471,EA,AQUA CONSV. ET-46U,2500,L,,
24-2114,226.8,638.1,EA,IRRITROL CL-100 WIRELESS WEATHER STATION,140,L,,
24-2115,13.7,None,EA,"IRRITROL 2623DPR  3/4"" VALVE ADAPTER",13.7,CV,"4""",
24-2116,14.7,None,EA,"IRRITROL 2623DPR 1"" VALVE ADAPTER",14.7,CV,"1""",
24-2117,20,None,EA,IRRITROL SA 120 (SURGE ARRESTER),20,L,,
24-2118,30,638.1,EA,IRRITROL RS-500 RAIN SENSOR,30,POC,,
24-2119,50,638,EA,IRRITROL RSF-1000 RAIN SENSOR,50,POC,,
24-2120,250,471,EA,AQUA CONS. ET-6 IN. W/25 FT. SENSOR,250,L,,
24-2121,300,471,EA,AQUA CONS. ET-9 IN. W/25 FT SENSOR,300,L,,
24-2122,400,471,EA,AQUA CONS. ET-14 W/25 FT SENSOR,400,L,,
24-2123,140,638,EA,AQUA-CONS. RTS-1 TR./ REC.,140,L,,
24-2124,800,480,EA,AQUA CONS. ET-24B 24 STA W/25 FT CORD,800,L,,
24-2125,650,480,EA,AQUA CONS. ET-16B  W/25' CORD SS CBNT,650,L,,
24-2126,60,638,EA,AQUACNSRV RR-1 WIRELESS RCVR.,60,L,,
24-2127,115,638,EA,AQUACNSRV RS-1 WIRELESS TRANS.,115,L,,
24-2128,280,471,EA,AQUACNSRV ET-9 (NO SENSOR),280,L,,
24-2129,220,471,EA,AQUA CONS. ET-6 (NO SENSOR),220,L,,
24-2130,360,471,EA,AQUA CONS. ET-14 (NO SENSOR),360,L,,
24-2140,2161,470,EA,IRRITROL MC-30E,2161,L,,
24-2141,550,471,EA,IRRITROL MC-4E CONTROLLER,550,POC,,
24-2219,350,471,EA,HARDIE TC-24EX,350,L,,
2424-105,13,520,EA,IMPATIENS WALL PRIDE 5G,7.5,GCC,5G,
2424-106,11,522,EA,"IMPATIENS WAL. 'F1 HYBRID' 6"" POTS",3.7,GCC,"6""",
2424-501,4.5,522,EA,IMPATIENS WALLERANA WHITE 1G,4,GCC,1G,
2424-505,13,520,EA,IMPATIENS WALLERANA 5G,7.5,GCC,5G,
2424-506,12,522,EA,"IMPATIENS 'WHITE DOUBLE FLOWERS' 6"" POT",6,GCC,"6""",
2424-601,5,522,EA,"IMPATIENS ""TOUCH ME NOT"" 1G",3.4,GCC,1G,
2424-701,4.5,522,EA,IMPATIENS WALL. PINK 1G,3.7,GCC,1G,
2425-105,20,526,EA,IPOMOEA INDICA 5G STK,20,SH,5G,
2425-115,125,528,EA,IPOMOEA ACU. 'BLUE DAWN' 15G ESP,125,SH,15G,
2426-115,40,519,EA,DATURA S. WHITE (BRUGMANSIA) 15G,40,SH,15G,
2426-124,200,507,EA,"BRUGMANSIA CHAS GRIMALDI 24""",200,SH,"24""",
2426-136,400,505,EA,"BRUGMANSIA CHAS. GRIMALDI 36""",400,SH,"36""",
2426-215,40,510,EA,BRUGMANSIA C. GRIMALDI 15G,40,SH,15G,
2426-224,200,507,EA,"BRUGMANSIA VERICOLOR 24""",200,SH,"24""",
2450-103,13,520,EA,IRIS BEARDED FREQ. FLYER 5G,13,GCC,5G,
2450-104,3.5,524.1,EA,IRIS DOUGLASIANA BULB,3.5,GCC,,
2450-204,3.5,524.1,EA,"IRIS DOUGLASIANA 4"" POT",3.5,GCC,"4""",
2450-501,6,522,EA,IRIS DOUGLASIANA 1G,6,GCC,1G,
2450-505,18,520,EA,IRIS DOUGLASIANA WHITE 5G,18,GCC,5G,
2450-601,7,522,EA,IRIS B. GRANDMAS GARDEN 1G,7,GCC,1G,
2450-605,20,520,EA,IRIS FREQUENT FLYER 5G,20,GCC,5G,
2450-701,12,522,EA,IRIS CANYON SNOW 1G,12,GCC,1G,
2450-705,18,520,EA,IRIS DOUGLASIANA PURPLE 5G,18,GCC,5G,
2455-005,12,526,EA,JASMINUM NITIDUM 5G STK,12,SH,5G,
2455-015,33,525,EA,JASMINIUM HUMILE 15G STK,33,SH,15G,
2455-201,5.5,522,,JASMINUM ANGULARE 1G,5.5,SH,1G,
2455-205,15,520,EA,JASMINUM ANGULARE 5G,15,SH,5G,
2455-405,11,520,EA,JASMINUM MESNYI 5G SHRUB,9,SH,5G,
2455-501,6,527,EA,JASMINUM POLYANTHUM 1G STK,5,SH,1G,
2455-505,18,526,EA,JASMINUM POLYANTHUM 5G STK,18,SH,5G,
2455-515,60,525,EA,JASM. POLYANTHUM 15G STK,45,SH,15G,
2455-605,18,526,EA,JASMINUM FLORIDUM 5G  STK,9,SH,5G,
2455-615,125,528,EA,JASMINUM NITIDUM 15G  ESP,85,SH,15G,
2455-705,18,526,EA,JASMINE HUMILE 5G STK,15,SH,5G,
2455-715,18,526,EA,JASMINUM LAURIFOLIUM 5G STK,12,SH,5G,
2455-815,60,525,EA,JASM. NITIDUM 15G STK,33,SH,15G,
2455-915,60,900,EA,JASM. GRANDIFLORUM 15G STK,33,SH,15G,
2456-505,18,526,EA,JASM. GRANDIFLORUM 5G. STK.,12,SH,5G,
2458-101,7,522,EA,KLEINIA PERTRAE 1G,7,GCC,1G,
2458-104,,,,"KLEINEA PERTRAE 4"" POT",,,,
2459-505,18,526,EA,JASMINUM OFFIC 5G STK,10,SH,5G,
2460-005,13,520,EA,KNIPHOFIA 'ECHO ROJO' 5G,13,GCC,5G,
2460-105,13,520,EA,KNIPHOFIA 'BLAZE' 5G,13,GCC,5G,
2460-205,12,520,EA,KNIPHOFIA UVA. 'FLAMENCO' 5G,12,GCC,5G,
2460-305,12,520,EA,KNIPHOFIA HIR. 'FIRE DANCE' 5G,12,GCC,5G,
2460-401,4.5,522,EA,KNIPH. HYBR. LITTLE MAID 1G,4.5,GCC,1G,
2460-405,25,520,EA,KNIPHOFIA UVA. 'MALIBU YELLOW' 5G,25,GCC,5G,
2460-501,4.5,522,EA,KNIPHOFIA UVARIA 1G,4.5,GCC,1G,
2460-505,12,520,EA,KNIPHOFIA UVARIA 5G,12,GCC,5G,
2460-515,60,519,EA,KNIPHOFIA UVARIA 15G,60,GCC,15G,
2460-601,4.5,522,EA,KNIPHOFIA X 'POCO YELLOW' 1G,4.5,GCC,1G,
2460-605,12,520,EA,KNIPHOFIA CHRISTMAS CHEER 5G,12,GCC,5G,
2460-615,75,519,EA,KNIPHOFIA PERCY'S PRIDE 15G,75,GCC,15G,
2460-705,11,520,EA,KNIPHOFIA ORANGE FLAME 5G,10,GCC,5G,
2460-805,11,520,EA,KNIPHOFIA UVARIA (RED) 5G,11,GCC,5G,
2460-905,11,520,EA,KNIPHOFIA UVARIA (ORANGE) 5G,11,GCC,5G,
2461-005,13,520,EA,KNIPHOFIA ALCAZAR 5G,13,GCC,5G,
2461-105,16,520,EA,KNIPHOFIA POCO SUNSET 5G,16,GCC,5G,
2461-205,15,520,EA,KNIPHOFIA NANCY'S RED 5G,15,GCC,5G,
25-0003,3,None,EA,3 COUPLINGS PVC DRAIN,0,L,,
25-0004,4.56,None,EA,4 COUPLINGS PVC DRAIN,4.56,L,,
25-0006,23,None,EA,6 COUPLING PVC DRAIN,23,L,,
25-0008,40,None,EA,8 COUPLINGS PVC DRAIN,0,L,,
25-0010,75,None,EA,10 COUPLINGS PVC DRAIN,0,L,,
25-0012,0,None,EA,12 COUPLINGS PVC DRAIN,0,L,,
250-030,0,None,EA,2 1/2 X 3 NIPPLE - SCH 80 (PVC),0,L,,
250-030BL,0,None,EA,2 1/2 X 3 NIPPLE - SCH 80 (B-LN),0,L,,
250-030BS,26,None,EA,2 1/2 X 3 NIPPLE (BRASS),26,L,,
250-030UV,0,None,EA,2 1/2 X 3 NIPPLE - SCH 80 (UVR),0,L,,
250-040,0,None,EA,2 1/2 X 4 NIPPLE - SCH 80 (PVC),0,L,,
250-040BL,0,None,EA,2 1/2 X 4 NIPPLE - SCH 80 (B-LN),0,L,,
250-040UV,0,None,EA,2 1/2 X 4 NIPPLE - SCH 80 (UVR),0,L,,
250-060,0,None,EA,2 1/2 X 6 NIPPLE - SCH 80 (PVC),0,L,,
250-060BL,0,None,EA,2 1/2 X 6 NIPPLE - SCH 80 (B-LN),0,L,,
250-060BS,33.3,None,EA,2 1/2 X 6 NIPPLE (BRASS),33.3,L,,
250-060UV,0,None,EA,2 1/2 X 6 NIPPLE - SCH 80 (UVR),0,L,,
250-080,0,None,EA,2 1/2 X 8 NIPPLE - SCH 80 (PVC),0,L,,
250-080BL,0,None,EA,2 1/2 X 8 NIPPLE - SCH 80 (B-LN),0,L,,
250-080BS,45.55,None,EA,2 1/2 X 8 NIPPLE (BRASS),45.55,L,,
250-080UV,0,None,EA,2 1/2 X 8 NIPPLE - SCH 80 (UVR),0,L,,
25-0100,150,635,EA,"AQUADUCK AAP-39, 3x9x5' METAL PIPE",150,L,,
250-100,0,None,EA,2 1/2 X 10 NIPPLE - SCH 80 (PVC),0,L,,
250-100BL,0,None,EA,2 1/2 X 10 NIPPLE - SCH 80 (B-LN),0,L,,
250-100BS,0,None,EA,2 1/2 X 10 NIPPLE (BRASS),0,L,,
250-100UV,0,None,EA,2 1/2 X 10 NIPPLE - SCH 80 (UVR),0,L,,
25-0101,150,635,EA,AQUADUCK AAP-5-35P 3x5x5' METAL PIPE,150,L,,
25-0102,69,999,EA,AQUADUCK AAP-35SA 3x5 ADAPTER,69,L,,
25-0103,75,999,EA,AQUADUCK AAP-39SA (3x9 ADAPTER),75,L,,
25-0110,185,999,EA,IPS FLEX PVC CEMENT gal,185,L,,
250-120,4.2,None,EA,2 1/2 X 12 NIPPLE - SCH 80 (PVC),4.2,L,,
250-120BL,0,None,EA,2 1/2 X 12 NIPPLE - SCH 80 (B-LN),0,L,,
250-120BS,63.15,None,EA,2 1/2 X 12 NIPPLE (BRASS),63.15,L,,
250-120UV,0,None,EA,2 1/2 X 12 NIPPLE - SCH 80 (UVR),0,L,,
250-140,0,None,EA,2 1/2 X 14 NIPPLE - SCH 80 (PVC),0,L,,
250-140BL,0,None,EA,2 1/2 X 14 NIPPLE - SCH 80 (B-LN),0,L,,
250-140BS,0,None,EA,2 1/2 X 14 NIPPLE (BRASS),0,L,,
250-140UV,0,None,EA,2 1/2 X 14 NIPPLE - SCH 80 (UVR),0,L,,
250-160,0,None,EA,2 1/2  X 16 NIPPLE - SCH 80 (PVC),0,L,,
250-160BL,0,None,EA,2 1/2 X 16 NIPPLE - SCH 80 (B-LN),0,L,,
250-160BS,0,None,EA,2 1/2 X 16 NIPPLE (BRASS),0,L,,
250-160UV,0,None,EA,2 1/2 X 16 NIPPLE - SCH 80 (UVR),0,L,,
250-180,0,None,EA,2 1/2 X 18 NIPPLE - SCH 80 (PVC),0,L,,
250-180BL,0,None,EA,2 1/2 X 18 NIPPLE - SCH 80 (B-LN),0,L,,
250-180BS,104.76,None,EA,2 1/2 X 18 NIPPLE (BRASS),104.76,L,,
250-180UV,0,None,EA,2 1/2 X 18 NIPPLE - SCH 80 (UVR),0,L,,
25-0201,40,380,EA,"PRO-TRADE 1"" B.V.",,,,
250-240,0,None,EA,2 1/2 X 24 NIPPLE - SCH 80 (PVC),0,L,,
250-240BL,0,None,EA,2 1/2 X 24 NIPPLE - SCH 80 (B-LN),0,L,,
250-240BS,137.73,None,EA,2 1/2 X 24 NIPPLE (BRASS),137.73,L,,
250-240UV,0,None,EA,2 1/2 X 24 NIPPLE - SCH 80 (UVR),0,L,,
250-300,0,None,EA,2 1/2 X 30 NIPPLE - SCH 80 (PVC),0,L,,
250-300BL,0,None,EA,2 1/2 X 30 NIPPLE - SCH 80 (B-LN),0,L,,
250-300BS,170.7,None,EA,2 1/2 X 30 NIPPLE (BRASS),170.7,L,,
250-300UV,0,None,EA,2 1/2 X 30 NIPPLE - SCH 80 (UVR),0,L,,
25-0305,20.25,402,EA,3 COUPLINGS STYRENE,20.25,L,,
250-360,0,None,EA,2 1/2 X 36 NIPPLE - SCH 80 (PVC),0,L,,
250-360BL,0,None,EA,2 1/2 X 36 NIPPLE - SCH 80 (B-LN),0,L,,
250-360BS,203.5,None,EA,2 1/2 X 36 NIPPLE (BRASS),203.5,L,,
250-360UV,0,None,EA,2 1/2 X 36 NIPPLE - SCH 80 (UVR),0,L,,
25-0405,10.17,402,EA,4 COUPLINGS,10.17,L,,
25-0605,20.25,402,EA,6 COUPLINGS STYRENE,20.25,L,,
25-0900,1317.25,470,EA,EMC WATERSAVER WSR4-24-WS-ID5,1317.25,L,,
25-0910,1097.25,470,EA,EMC HERSCH WS4-12-WS-ID5 12 STA,1097.25,L,,
250-CL,0,None,EA,2 1/2 X CLOSE NIPPLE - SCH 80 (PVC),0,L,,
250-CLBS,0,None,EA,2 1/2 X CLOSE NIPPLE (BRASS),0,L,,
25-1000,217,380,EA,GRISWOLD 75 DW-PRV,217,L,,
25-101,6210,490,EA,HS16-DX2-42/DX-03/HS-HW/EVFM-150,6210,L,,
25-102,5842.87,490,EA,HS16-DX2-36/DX-03/HS-HW/EVFM-150,5842.87,L,,
25-1020,217,380,EA,GRISWOLD 100 DW-PRV,217,L,,
25-103,6702.24,490,EA,HS16-DX2-48/DX-03/HS-HW/EVFM-200,6702.24,L,,
25-104,5091,490,EA,HS16-DX2-24/DX-03/HS-HW/EVFM-150,5091,L,,
25-1040,246,380,EA,GRISWOLD 125 DW-PRV,246,L,,
25-105,6645,490,EA,HS16-DX2-48/DX-03/HS-HW/EVFM-150,6645,L,,
25-106,7472.22,490,EA,HS-8-DX2-24/24/DX05/HW,7472.22,L,,
25-1060,281,380,EA,GRISWOLD 150 DW-PRV,281,L,,
25-107,4415.55,490,EA,HS-6-DX2-24/DX05,4415.55,L,,
25-108,8142.22,490,EA,HS-8-DX2-36/24/DX05/HW,8142.22,L,,
25-1080,313,380,EA,"GRISWOLD 200 DW-PRV  2""",313,L,"2""",
25-109,5155.55,490,EA,HS-6-DX2-36/DX05,5155.55,L,,
25-110,6400,490,EA,HS9(S)-DX42-WM-03-HSFSP-100,6400,L,,
25-1100,206,380,EA,"GRISWOLD 2280H - 1""",206,CV,"1""",
25-1104,4830,490,EA,HS16-DX2-12/DX03/HS-HW/EVFM-150,4830,L,,
25-1109,0,490,EA,HYDROSCAPE ASSEMBLY #2,0,L,,
25-111,6000,490,EA,HS6-DX42/DX05,6000,L,,
25-1110,0,490,EA,HYDROSCAPE ASSEMBLY #1,0,L,,
25-1111,0,490,EA,HYDROSCAPE ASSEMBLY #3,0,L,,
25-1112,6700,490,EA,HS1-ETI40S,6700,L,,
25-1113,3872,490,EA,HS-724-DX-18-WM-03-HW/JACK-IRC/PMRKIT,3872,L,,
25-1114,5852,490,EA,HS-724-DX-48-WM-03-HW/JACK-IRC/PMRKIT,5852,L,,
25-1115,4100,490,EA,HS16-LD/RME24/EGS/1-CENTRAL/RM-1SVC-1Y,4100,L,,
25-1116,3500,490,EA,CAI-RM3-24/HFS-150/RSE/MVPV,3500,L,,
25-1117,5000,490,EA,HS16-DX2-30/DX03/HS-HW/EVFM-150,5000,L,,
25-112,0,490,EA,HS-6-DX2-18/DX05,0,L,,
25-1120,222,380,EA,"GRISWOLD 2280J-1 1/4""",222,CV,"4""",
25-113,0,490,EA,HS-8-DX2-40/48 /DX05/HW,0,L,,
25-1140,260,380,EA,"GRISWOLD 2280K-1 1/2""",260,CV,"2""",
25-1150,43,380,EA,GRISWOLD MSP MOIST. SENSOR,43,L,,
25-1159,200,380.2,EA,"GRISWOLD 2000 3/4""",200,CV,"4""",
25-1160,400,380,EA,"GRISWOLD 2280L - 2""",400,CV,"2""",
25-1161,290,380,EA,"GRISWOLD 2000H 1""",290,CV,"1""",
25-1162,324,380,EA,"GRISWOLD 2000J 1 1/4""",324,CV,"4""",
25-1163,391,380,EA,"GRISWOLD 2000K 1 1/2""",391,CV,"2""",
25-1164,500,380,EA,"GRISWOLD 2000L 2""",500,CV,"2""",
25-1165,638,380,EA,"GRISWOLD 2000 3""",638,CV,"3""",
25-1166,380,380,EA,"GRISWOLD 2280M 2-1/2""",380,CV,"2""",
25-1167,359.9,635.4,EA,GRISWOLD CT-30 ENCODER,359.9,L,,
25-1168,63.78,639.4,EA,GRISWOLD DCODE-X DECODER,63.78,L,,
25-1169,880,380.2,EA,"GRISWOLD 2285, 2""",880,CV,"2""",
25-1180,547,380,EA,"GRISWOLD 2230H - 1""",547,CV,"1""",
25-1200,580,380,EA,"GRISWOLD 2230 J - 1 1/4""",580,CV,"4""",
25-1201,1435,470,EA,GRISWOLD GD-20 CONTROLLER,1435,POC,,
25-1202,1488,470,EA,GRISWOLD 2400 / 12 STA. CONTROLLER,1488,POC,,
25-1203,835.33,470,EA,GRISWOLD M STAT II-W/4SETS OF PROBE,835.33,L,,
25-1204,1602,470,EA,GRISWOLD IDC-32,1602,L,,
25-1205,850,380,EA,GRISWOLD MK515 F.S & TRANS/FIT.,850,L,,
25-1206,0,None,EA,GRISWOLD MK3-8503 TRANSMITTER,0,L,,
25-1207,2777,470,EA,GRISWOLD SCANNEX 2SCX-25-W W/PROBES,2777,L,,
25-1208,249,380,EA,"GRISWOLD DWS 2""",249,CV,"2""",
25-1209,217,380,EA,"GRISWOLD DWS 1.5""",217,CV,"5""",
25-1210,171,380,EA,"GRISWOLD DWS 1 1/4""",171,CV,"4""",
25-1211,143,380,EA,"GRISWOLD DWS 1""",143,CV,"1""",
25-1212,127,380,EA,"GRISWOLD DWS 3/4""",127,CV,"4""",
25-1213,764,380,EA,"GRISWOLD 2260 2""",764,CV,"2""",
25-1214,1029,380,EA,"GRISWOLD 2260-L-R-E 2""",1029,CV,"2""",
25-1215,573.75,380,EA,"GRISWOLD 2260-K-R-E 2""",1200,CV,"2""",
25-1216,890,380,EA,"GRISWOLD 2260-K-R-E 1.5""",890,CV,"5""",
25-1220,660,380,EA,"GRISWOLD 2230K - 1.5""",660,CV,"5""",
25-1231,898,380,EA,"GRISWOLD 2160 , 1.5""",898,,"5""",
25-1232,860,380.4,EA,"GRISWOLD 2160-L-RE 2""",860,,"2""",
25-1240,746,380,EA,"GRISWOLD 2230 L - 2""",746,,"2""",
25-1242,500,380,EA,"GRISWOLD 2230 2.5""",500,,"5""",
25-1243,1081,380,EA,"GRISWOLD 2230N 3""",1081,,"3""",
25-1244,349.45,None,EA,GRISWOLD COMM BOARD,349.45,,,
25-1245,583.35,None,EA,GRISWOLD SENSOR BOARD,583.35,,,
25-1246,1079,380,EA,"GRISWOLD #2160N 3""",1079,,"3""",
25-1247,433,470,EA,GRISWOLD GP-12 CONTROLLER,433,POC,,
25-1248,1715,470,EA,GRISWOLD IDC-24,1715,,,
25-1249,685,380,EA,"GRISWOLD 2030M 2 1/2""",685,,"2""",
25-1251,776,380,EA,"GRISWOLD #2160L 2""",776,,"2""",
25-1252,643,380,EA,"GRISWOLD #2160K 11/2""",643,,"2""",
25-1253,927,380,EA,"GRISWOLD #2160M 21/2""",927,,"2""",
25-1254,910,380.2,EA,"GRISWOLD 2260 KE EPOXY N.O. 1.5""",910,,"5""",
25-1255,452,380,EA,"GRISWOLD 2030L 2""",452,,"2""",
25-1256,7870,490,EA,GRISWOLD WIDC T36-S-D-X-H,7870,,,
25-1257,8335,490,EA,GRISWOLD WIDC T48-S-D-X-H,8335,,,
25-1258,7240,490,EA,GRISWOLD WIDC T24-S-D-X-H,7240,,,
25-1259,379,380,EA,"GRISWOLD 2030J  1 1/4""",379,,"4""",
25-1260,750,380,EA,"GRISWOLD 2250H - 1""",750,,"1""",
25-1265,631,380,EA,"GRISWOLD 2000M 2 1/2""",631,,"2""",
25-1266,821,380,EA,"GRISWOLD 2000N 3""",821,,"3""",
25-1280,607,380,EA,"GRISWOLD 2250J  1 1/4""",607,,"4""",
25-1300,660,380,EA,"GRISWOLD 2250K  1.5""",660,,"5""",
25-1301,320,380,EA,"GRISWOLD 2000H-R-A 1"" (RW/ANGLE)",320,,"1""",
25-1302,350,380,EA,"GRISWOLD 2000J-R-A 1-1/4"" (RW/ANGLE)",350,,"4""",
25-1303,370,380,EA,"GRISWOLD 2000K-R-A 1-1/2"" (RW/ANGLE)",370,,"2""",
25-1304,520,380,EA,"GRISWOLD 2000L-R-A 2"" (RW/ANGLE)",520,,"2""",
25-1305,4,None,EA,3 COUPLINGS ABS,4,,,
25-1320,885,380,EA,"GRISWOLD 2250L  2""",885,,"2""",
25-1321,964,380,EA,"GRISWOLD 2250ME 2 1/2"" EPOXY",964,,"2""",
25-1322,80,None,EA,GRISWOLD VALVE EPOXY CHARGE,80,,,
25-1324,770,380,EA,GRISWOLD HSFST-FSS0-FSF2 IDC FLOW SEN.,770,,,
25-1325,443,380.2,EA,"GRISWOLD 2030K 1-1/2""",443,,"2""",
25-1326,1200,380,EA,"GRISWOLD 2265L  2""",1200,,"2""",
25-1327,5500,999,EA,"GRISWOLD 2265Q 6"" MV",5500,,"6""",
25-1328,2200,380.2,EA,"GRISWOLD 2265N-R 3""",2200,,"3""",
25-1339,1200,380.2,EA,"GRISWOLD 2250N  3""",1200,,"3""",
25-1341,860,380.2,EA,"GRISWOLD 2250KE  1.5"" EPOXY",860,,"5""",
25-1342,1007,380.2,EA,"GRISWOLD 2250LE  2"" EPOXY",1007,,"2""",
25-1343,1346,380.2,EA,"GRISWOLD 2260-NE 3"" EPOXY",1346,,"3""",
25-1344,810,380,EA,"GRISWOLD 2250HE 1"" EPOXY",810,,"1""",
25-1345,619,380,EA,"GRISWOLD #2160HE 1"" EPOXY",619,,"1""",
25-1346,570,380,EA,"GRISWOLD 2260-E 1"" NORM. OPEN",570,,"1""",
25-1347,670,380,Ea,"GRISWOLD #2160JE 1.25"" EPOXY",670,,"25""",
25-1348,600,380,EA,"GRISWOLD 2260 1"" NORM. OPEN",600,,"1""",
25-1349,745,380,EA,"GRISWOLD #2160KE 1.5"" EPOXY",745,,"5""",
25-1351,886,380,EA,"GRISWOLD #2160LE 2"" EPOXY",886,,"2""",
25-1353,1046,380,EA,"GRISWOLD #2160ME 2.5"" EPOXY",1046,,"5""",
25-1355,350,380,EA,"GRISWOLD #2280HE 1"" EPOXY",350,,"1""",
25-1357,400,380,EA,"GRISWOLD #2280JE 1.25"" EPOXY",400,,"25""",
25-1359,470,380,EA,"GRISWOLD #2280KE 1.5"" EPOXY",470,,"5""",
25-1361,621,380,EA,"GRISWOLD #2280LE 2"" EPOXY",621,,"2""",
25-1362,934,380,EA,"GRISWOLD 2260-H-E 1"" NORM OPEN",934,,"1""",
25-1363,650,380,EA,"GRISWOLD #2280ME 2.5"" EPOXY",650,,"5""",
25-1365,400,380,EA,"GRISWOLD #2000HE 1"" EPOXY",400,,"1""",
25-1367,475,380,EA,"GRISWOLD #2000JE 1.25"" EPOXY",475,,"25""",
25-1369,560,380,EA,"GRISWOLD #2000KE 1.5"" EPOXY",560,,"5""",
25-1371,600,380,EA,"GRISWOLD #2000LE 2"" EPOXY",600,,"2""",
25-1372,946,380,EA,"GRISWOLD #2000NE 3"" EPOXY",946,,"3""",
25-1373,749,380,EA,"GRISWOLD #2000ME 2.5"" EPOXY",749,,"5""",
25-1374,1200,380,EA,"GRISWOLD #2030NE 3"" RCV",1200,,"3""",
25-1375,636,380,EA,"GRISWOLD #2230HE 1"" EPOXY",636,,"1""",
25-1377,677,380,EA,"GRISWOLD #2230JE 1.25"" EPOXY",677,,"25""",
25-1379,750,380,EA,"GRISWOLD #2230KE 1.5"" EPOXY",750,,"5""",
25-1380,2.85,400,EA,"KBI 3/4"" PBVS-075-GRAY SCH 80 BV (SLIP)",2.85,,"4""",
25-1381,879,380,EA,"GRISWOLD #2230LE 2"" EPOXY",879,,"2""",
25-1383,1009,380,EA,"GRISWOLD #2230ME 2.5"" EPOXY",1009,,"5""",
25-1384,741,380,EA,"GRISWOLD 2230 MP 2.5""",741,,"5""",
25-1385,580,380,EA,"GRISWOLD 2260-H-R-E 1"" NORM OPEN",580,,"1""",
25-1386,1700,380.4,EA,"GRISWOLD 2265M, 2.5""",1700,,"5""",
25-1389,7.6,639.4,EA,NDS UCV-0500-FF RW ADJ CHK VALVE,7.6,,,
25-1390,151,None,EA,GRISWOLD 2-2AA PRESSURE GAUGE KIT,151,,,
25-1391,40,402,EA,"KBI BTU-0750-E 3/4"" SxS or TxT",40,,"4""",
25-1392,50,402,EA,"KBI BTU-1000-E 1"" SxS or TxT",50,,"1""",
25-1393,75,402,EA,"KBI BTU-1250-E 1.25"" SxS or TxT",75,,"25""",
25-1394,103,402,EA,"KBI BTU-1500-E 1.5"" SxS or TxT",103,,"5""",
25-1395,135,402,EA,"KBI BTU-2000-E 2""  SxS or TxT",135,,"2""",
25-1398,4.75,None,EA,"KBI-0500-FM 1/2"" SCH 80 C.V.",4.75,,"2""",
25-1399,17,402,EA,"KBI WLT 1550 1.5"" BV",17,,"5""",
25-1400,100,402,EA,"KBI BTU-V 2 1/2""",100,,"2""",
25-1401,75,402,EA,"KBI BTU-V 2""",75,,"2""",
25-1402,50,381,EA,"KBI BTU-V 1 1/2""",50,,"2""",
25-1403,55,402,EA,"KBI BTU-V 1 1/4""",55,,"4""",
25-1404,35,402,EA,"KBI BTU-V 1""",35,L,"1""",
25-1405,30,402,EA,"KBI BTU-V 3/4""",30,L,"4""",
25-1406,25,402,EA,"KBI BTU-V 1/2""",25,L,"2""",
25-1407,40,637,EA,"NDS 1011-20 SPRING CHECK 2""",40,L,"2""",
25-1408,35,637,EA,"NDS 1011-15 SPRING CHECK 1.5""",35,L,"5""",
25-1409,30,637,EA,"NDS 1011-12 SPRING CHECK 1.25""",30,L,"25""",
25-1410,22,637,EA,"NDS 1011-10 SPRING CHECK 1""",22,L,"1""",
25-1411,10,637,EA,"NDS 1011-07 SPRING CHECK 3/4""",10,L,"4""",
25-1412,18.5,None,EA,"NDS 1011-05 SPRING CHECK 1/2""",18.5,L,"2""",
25-1413,10,402,EA,"KBI WLT-T 1"" PVC 40 BV",10,L,"1""",
25-1414,18,402,EA,"KBI WLT-T 1.5"" PVC 40 BV",18,L,"5""",
25-1415,30,402,EA,"KBI WLT-T 2"" PVC 40 BV",30,L,"2""",
25-1416,8,402,EA,"KBI WLT-T 3/4"" PVC 40 BV",8,L,"4""",
25-1417,13,402,EA,"KBI WLT-T 1.25"" PVC 40 BV",13,L,"25""",
25-1418,19,402,EA,KBI LT-0750-T TT SCH 80 BV,19,,,
25-1419,20,402,EA,KBI LT-1000-T TT SCH 80 BALL VALVE,20,,,
25-1420,34,402,EA,KBI LT-1250-T TT SCH 80 BALL VALVE,34,,,
25-1421,38,402,EA,KBI LT-1500-T TT SCH 80 BALL VALVE,38,,,
25-1422,50,402,EA,KBI LT-2000-T TT SCH 80 BALL VALVE,50,,,
25-1423,7,402,EA,"KBI EBV-1000T BV 1""",7,,"1""",
25-1424,0,480,EA,"KBI WSA-0500-TT 1/2"" O-RING SWING",0,,"2""",
25-1425,0,None,EA,"KBI WSA-0750-TT 3/4"" O-RING SWING",0,,"4""",
25-1426,8,402,EA,"KBI WLT-S 3/4"" PVC 40 BV",8,,"4""",
25-1427,160,380,EA,"RB 300 BPE BRASS 3"" VALVE",160,,"3""",
25-1428,7.5,400,EA,"KBI WLT-T 3/4"" PVC 40 BV",7.5,,"4""",
25-1429,5,639.3,EA,KING 22510 SNAPTAP,5,,,
25-1430,1500,381.2,EA,"KECKLEY SSGFVI-40M-200 2""",1500,,"2""",
25-1431,1660,381.2,EA,"KECKLEY SSGFV-150# 2"" FLGD BASKET",1660,,"2""",
25-1432,600,381.2,EA,"KECKLEY SSD-150-300-40M 1.5""",950,,"5""",
25-1433,8,402,EA,"KBI EBV-1250 -T  BV 1.25""",8,,"25""",
25-1434,4,402.3,EA,"KBI WLT-0500 1/2"" PVC 40 BV",4,,"2""",
25-1435,15,402,EA,"KBI EBV-2000-T, 2"" BV",15,,"2""",
25-1436,1940,380.2,EA,"KECKLEY SSGFV-K 2.5""",1940,,"5""",
25-1437,7.5,402,EA,"KBI EBVG-0750-T PVC B.V. 3/4""",7.5,,"4""",
25-1439,180,380,EA,"HUNTER IBV-101G FS-R 1""",180,,"1""",
25-1440,0,635.6,EA,"KECKLEY SSD 4"" FLANGED BASKET STRAINER",0,,"4""",
25-1441,700,381.2,EA,KECKLEY SSD-150-SSTHRD,700,,,
25-1450,1580,635.6,EA,"KECKLEY SSGFVI-40M-300 3"" FLGD BS",1580,,"3""",
25-1451,400,381.2,EA,"KECKLEY SSD-300-40M-150  1""",400,,"1""",
25-1452,1660,381.2,EA,"KECKLEY SSGFV1-80M-200 2""",1660,,"2""",
25-1453,1305,381.2,EA,"KECKLEY SSD-200-SSTHRD 2""",1305,,"2""",
25-1454,700,381.2,EA,"KECKLEY SSD-075 3/4"" B.S.",700,,"4""",
25-1490,170,471,EA,HUNTER P2C400 outdoor,170,,,
25-1500,13,402,EA,"SPEARS 1"" SCH. 40 BALL VALVE",13,,"1""",
25-1501,210,400,EA,"SPEARS 2023-020 2"" FLGD W/EPDM O-RINGS",210,,"2""",
25-1502,18.5,None,EA,"SPEARS 852-015SR 1.5"" FLANGE",18.5,,"5""",
25-1503,21,None,EA,"SPEARS 852-020SR 2"" FLANGE",21,,"2""",
25-1504,15.25,None,EA,"SPEARS 830-249 2""X 1"" REDUC. COUP",15.25,,"2""",
25-1505,19,None,EA,"SPEARS 830-211 SR 1 1/2"" X 1"" REDUC. COUPLING",19,,"2""",
25-1506,14.75,None,EA,"SPEARS 802-249 2""X2""X1"" REDUC. TEE",14.75,,"2""",
25-1507,14.75,None,EA,"SPEARS 802-211SR 1 1/2""X 1 1/2""X1"" REDUC. TEE",14.75,,"2""",
25-1508,17.85,None,EA,"SPEARS 2"" x 1.5"" RED COUP.",17.85,,"2""",
25-1510,36,402,EA,"SPEARS 1.5"" SCH 40 BALL VALVE",36,,"5""",
25-1511,94.5,381,EA,"SPEARS 2339 BALL VALVE 1 1/2""",94.5,,"2""",
25-1512,882,380,EA,"SPEARS BS-33-S12-020 (2"")",882,,"2""",
25-1513,31.5,None,EA,SPEARS 429-422FE ECCENTRIC 4X3,31.5,,,
25-1514,175,None,EA,HUNTER PCM-900 9 STA MODULE,175,,,
25-1515,6,639.4,EA,"HUNTER HC-50F-50F ADV 1/2""",6,,"2""",
25-1516,110,471,EA,HUNTER PC-300i  INT. BASE MODEL (USE PC-400I),110,,,
25-1517,115,471,EA,HUNTER PC-300 EXT. BASE MODEL (USE PC-400),115,,,
25-1518,48,637,EA,HUNTER PCM-300 3 STA. MODULE,48,,,
25-1519,220,471,EA,HUNTER ET-9 AQUA CONSERVE,220,,,
25-1520,29.5,402,EA,"SPEARS 2"" SCH 40 BALL VALVE",29.5,,"2""",
25-1521,1.1,None,EA,"HUNTER SJ 506 1/2"" X 6""",1.1,,"2""",
25-1522,1.5,None,EA,"HUNTER SJ 512  1/2"" X 12""",1.5,,"2""",
25-1523,1.8,None,EA,"HUNTER SJ 712 3/4"" X 12""",1.8,,"4""",
25-1524,174,999,EA,HUNTER ROAM KIT,174,,,
25-1525,549,999,EA,HUNTER ROAMXL-KIT,549,,,
25-1526,110,481,EA,HUNTER PC-400i 4 STATION BASE UNIT,110,,,
25-1527,129,481,EA,HUNTER PC-400 (OUTDOOR) 4 STA. BASE UNIT,129,,,
25-1528,12.5,999,EA,"HUNTER HSJ-0-3-2-2-12 3/4"" O-ring swing joint",12.5,,"4""",
25-1529,17.25,999,EA,"HUNTER HSJ-1-3-2-2-12, 1"" O-ring swing joint",17.25,,"1""",
25-1530,18,402,EA,"SPEARS 1.25"" SCH 40 BV",18,,"25""",
25-1540,13.5,402,EA,"SPEARS 3/4"" SCH 40 BALL VALVE",13.5,,"4""",
25-1542,110,402.1,EA,"SPEARS 2122, 2"" PVC 80 B.V.",110,,"2""",
25-1543,42,402,EA,"SPEARS 2122 3/4"" PVC 80  B.V.",42,,"4""",
25-1544,42,402,EA,"SPEARS 2122-010  1"" PVC 80 B.V.",42,,"1""",
25-1545,31,402,EA,"SPEARS 2122-050  1/2"" PVC 80 BV",31,,"2""",
25-1546,75,402.1,,"SPEARS 2122 1.5"" BV",42,,"5""",
25-1550,2.5,402,EA,"BALL VALVE 1/2"" SLIP PBVS-050",2.5,,"2""",
25-1560,68.25,402,EA,"SPEARS 2339 BALL VALVE 1.5""",68.25,,"5""",
25-1570,882,380,EA,"SPEARS BS-33 S80 020 W/80 MESH 2""",882,,"2""",
25-1580,0,999,LS,SPEARS INSERT FITTINGS,0,,,
25-1581,8.5,402,EA,"SPEARS SCH 80 SLIP BALL VALVE 1/2"" (PLASTIC)",8.5,,"2""",
25-1582,40,402,EA,"SPEARS 3/4"" SCH. 80 TxT BALL VALVE",40,,"4""",
25-1583,10,402.5,EA,"SPEARS 8722-005 1/2"" BV FLUSH VALVE",10,,"2""",
25-1584,20,402,EA,"SPEARS 8722-010 1"" B.V.",20,,"1""",
25-1585,20,402,EA,"SPEARS 8722-010 1"" B.V.",20,,"1""",
25-1589,15,637,EA,"SPEARS 1520 3/4"" SWING CHK",15,,"4""",
25-1590,24.25,637,EA,"SPEARS S1580-07 3/4"" SPRING CHK",24.25,,"4""",
25-1591,25.25,637,EA,"SPEARS S1580-10  1"" SPRG CHK",25.25,,"1""",
25-1592,26.25,637,EA,"SPEARS S1580-12  1.25"" SPRG CHK",26.25,,"25""",
25-1593,27.35,637,EA,"SPEARS S1580-15  1.5"" SPRG CHK",27.35,,"5""",
25-1594,28.4,637,EA,"SPEARS S1580-20  2"" SPRG CHK",28.4,,"2""",
25-1595,52.5,637,EA,"SPEARS S1580-25  2.5"" SPRG CHK",52.5,,"5""",
25-1596,54.65,637,EA,"SPEARS S1580-30  3"" SPRG CHK",54.65,,"3""",
25-1600,0.38,100,RL,GEOFLOW 16-4-12 DRIPLINE W/ROOTGARD,0.38,,,
25-1601,2.15,380,EA,GEOFLOW AM 40-1/2 AIR/VAC RELIEF VL,2.15,,,
25-1602,1.45,None,EA,GEOFLOW FLUSH VALVE,1.45,,,
25-1603,39,None,EA,"GEOFLOW AP4E WYE FILTER 1""",39,,"1""",
25-1604,28,380,EA,"GEOFLOW APVBK-1 AIR/VAC RELIEF 1""",28,L,"1""",
25-1605,4,None,EA,6 COUPLINGS ABS,4,L,,
25-1606,0.17,None,EA,GEOFLOW CA 600 COMPRESSION FITTING,0.17,L,,
25-1610,1.45,None,EA,GEOFLOW AP CEF GH-H,1.45,L,,
25-1611,28,380,EA,GEOFLOW YD500-34,28,L,,
25-1711,3,999,EA,GEOFLOW AM FV5-41,3,L,,
25-1800,11,None,EA,"DURA E006-4 (1/2"" X 4"" O-RING SWG)",11,L,"2""",
25-1801,13.75,None,EA,"DURA 3/4"" X 8"" SWG ASSBLY UPCHARGE",13.75,L,"4""",
25-1802,18,999,EA,DURA SWING ASBLY. 1-A1312,18,L,,
25-1803,1.1,639.2,EA,DURA 548-007 FLUSH VALVE,1.1,L,,
25-1804,8.5,400,EA,"DURA T1-012G BALL VALVE 1.25""",8.5,L,"25""",
25-1805,2.65,639.2,EA,DURA 533-005 3/4 X 1/2 M.A.,2.65,L,,
25-1806,8,400,EA,"DURA S1-000W 1 1/4"" BALL VALVE PVC",8,L,"4""",
25-1807,12.5,999,EA,"DURA E006-12 (1/2 x 12"" O-RING SWG)",12.5,L,"12""",
25-1808,37,None,EA,"DURA DRI BOX  1204-RN-DB 12"" ROUND w/DIRT SKIRT",37,,"12""",
25-1809,58,None,EA,"DURA DRI BOX  121-DB-2 12"" RECT w/DIRT SKIRT",58,,"12""",
25-1810,3,400,EA,"LASCO 3/4"" PBVS-075-GRAY SCH 80 BV (SLIP)",3,,"4""",
25-1811,25,999,EA,"DURA 1.25"" MANIFOLD COUPLING",25,,"25""",
25-1812,20,999,EA,"DURA 1"" MANIFOLD COUPLING",20,,"1""",
25-1824,26,402,EA,"SPEARS 6621-007 FTGS80SP TxT 3/4"" 2000 BV",26,,"4""",
25-1825,44,402,EA,"SPEARS 6621-010 FTGS80SP TxT 1"" 2000 BV",44,,"1""",
25-1826,60,402,EA,"SPEARS 6621-012 FTGS80SP TxT 1.25"" 2000 BV",60,,"25""",
25-1827,78,402,EA,"SPEARS 6621-015 FTGS80SP TxT 1.5""  2000 BV",78,,"5""",
25-1828,105,402,EA,"SPEARS 6621-020 FTGS80SP TxT 2"" 2000 BV",105,,"2""",
25-1829,24.75,402,EA,"SPEARS 6622-007 FTGS80SP SxS 3/4"" 2000 BV",24.75,,"4""",
25-1830,26.9,402,EA,"SPEARS 6622-010 FTGS80SP SxS 1"" 2000 BV",26.9,,"1""",
25-1831,44,402,EA,"SPEARS 6622-012 FTGS80SP SxS 1 1/4"" 2000 BV",44,,"4""",
25-1832,48,402,EA,"SPEARS 6622-015 FTGS80SP SxS 1 1/2"" 2000 BV",48,,"2""",
25-1833,64,402,EA,"SPEARS 6622-020 FTGS80SP SxS 2"" 2000 BV",64,,"2""",
25-1887,78.75,639,EA,"SPEARS 2.5"" TT SCH 80 PVC UNION",78.75,,"5""",
25-1923,37,402,EA,"SPEARS 6621-005 FTGS80SP TxT 1/2""",37,,"2""",
25-1924,6,999,EA,SPEARS DS-400 DRI-SPLICE WIRE CONN.,6,,,
25-1925,2.2,999,EA,SPEARS DS-100 WIRE CONNECTORS,2.2,,,
25-1926,26,999,EA,SPEARS DS-300 SEALANT (5oz tube),26,,,
25-1927,120,999,EA,SPEARS C-24 CRIMP TOOL,120,,,
25-1994,2700,490,EA,HUNTER IC-2400-SS,2700,,,
25-1995,2300,490,EA,HUNTER IC-2400-SS,2300,,,
25-1996,175,380.7,EA,"HUNTER ICZ-101-LF-40 1"" DRIP VALVE ASS'Y",175,,"1""",
25-1997,68,None,EA,HUNTER AS-40 PSI (ACCU-SYNC)),68,,,
25-1998,1120,490,EA,HUNTER IC-1200-SS OUTDOOR,1120,,,
25-1999,60,410,EA,HUNTER HQ-3RC,60,,,
25-2000,2.5,None,EA,HUNTER INSTRECAIM CAP,2.5,,,
25-2001,200,380.2,EA,"HUNTER ICV  W/ FILTER SENTRY 2""",200,,"2""",
25-2002,10.5,213,EA,"HUNTER PROS-06-CV 6""",10.5,,"6""",
25-2003,20,213,EA,"HUNTER PROS-12-CV 12""",20,,"12""",
25-2004,2.5,250,EA,HUNTER AFB BUBBLER,2.5,,,
25-2005,0.85,210.2,EA,HUNTER PROS-00 (SHRUB),0.85,SH,,
25-2006,4.5,210.2,EA,HUNTER PROS-04-CV,4.5,,,
25-2007,1.35,210.2,EA,HUNTER PROS-00-R (SHRUB RW),1.35,SH,,
25-2008,14.25,210.2,EA,HUNTER PROS-06-CV-R (RW),14.25,,,
25-2009,20,210.2,EA,HUNTER PROS-12-CV-R (RW),20,,,
25-2010,250,380.2,EA,HUNTER ICV-0301G MV,250,,0301G,
25-2011,2.5,None,EA,HUNTER SHRUB ROTOR STAKING KIT,2.5,SH,,
25-2012,90,420.2,EA,HUNTER HQ-44-LRC-R (RW),90,,,
25-2013,140,420,EA,HUNTER HQ-44-LRC,140,,,
25-2014,70,412,EA,HUNTER HQ-33D-LRC-R(RECLAIMED),70,,,
25-2015,75,410,EA,HUNTER HQ-33D-LRC,75,,,
25-2016,140,420.2,EA,HUNTER HQ-44-LRC-AW-R,140,,,
25-2017,1045,400,EA,"HAMMOND IB 645 3"" GV",1045,,"3""",
25-2018,500,471,EA,HUNTER IC-2400PL (OUTDOOR),500,,,
25-2019,47,None,EA,HUNTER HS1 QCV HOSE SWIVEL,47,,,
25-2020,240,400,EA,"HAMMOND IB 645 1.25""G.V.",240,,"25""",
25-2021,70,400,EA,"HAMMOND IB 645 3/4"" G.V.",70,,"4""",
25-2022,124,400,EA,"HAMMOND 8301 1.25"" BV",124,,"25""",
25-2023,116,400.2,EA,"HAMMOND IB 645 1.25"" GV",116,,"25""",
25-2024,325,400.2,EA,"HAMMOND IB 645 2""  GV",325,,"2""",
25-2025,811.13,400.2,EA,"HAMMOND IB 645 2.5""  GV",811.13,,"5""",
25-2026,70,400.2,EA,"HAMMOND IB 645 1""  GV",70,,"1""",
25-2027,275,400,EA,"HAMMOND IB 645 1.5""  GV",275,,"5""",
25-2028,207,400,EA,"HAMMOND 8503, 2"" BV, BRONZE",207,,"2""",
25-2029,14.5,638,EA,"HAMMOND 713 3/4"" BRASS HOSE BIB",14.5,,"4""",
25-2030,190,400,EA,"HAMMOND IB 606-64 1 1/4""",190,,"4""",
25-2031,1015,400,EA,"HAMMOND 8503 3"" B.V. BRONZE",1015,,"3""",
25-2032,119.5,400,EA,"HAMMOND 8501 2"" BV",119.5,,"2""",
25-2033,154.5,400,EA,"HAMMOND 8501 B.V. 1.5""",154.5,,"5""",
25-2034,557,400,EA,"HAMMOND 8501 B.V. 2.5""",557,,"5""",
25-2035,157.5,400,EA,"HAMMOND 8503 1.5""",157.5,,"5""",
25-2036,147.5,400,EA,"HAMMOND 8301 1 1/2"" BV",147.5,,"2""",
25-2037,256.5,400,EA,"HAMMOND 8301 2"" BV",256.5,,"2""",
25-2038,44,400,EA,"HAMMOND 8301-04 1"" BALL VALVE",44,,"1""",
25-2039,60,420,EA,HUNTER 33DRC-QC,60,,,
25-2040,19,213,EA,"HUNTER PROS-06-PRS30-CV-R 6"" (RW)",19,,"6""",
25-2041,46,639.7,EA,HUNTER RZWS-18-50-CV (.50 GPM),46,,,
25-2042,51,639.7,EA,HUNTER RZWS-RCCP-36-25-R,51,,,
25-2043,5,None,EA,HUNTER RZWS-SLEEVE,5,S,,
25-2044,51,639.7,EA,HUNTER RZWS-36-50-CV-R,51,,,
25-2045,12,210.2,EA,HUNTER ECO-ID INDICATOR,12,,,
25-2046,16,210.2,EA,HUNTER ECO-ID-12-R INDICATOR,14.5,,,
25-2053,137,400,EA,"HAMMOND IB 606-32 2"" G.V.",137,,"2""",
25-2054,98,400,EA,"HAMMOND IB 606-32 1.5"" G.V.",98,,"5""",
25-2055,350,400,EA,HAMMOND IB 606-64 2'',350,,,
25-2056,1060,400,EA,HAMMOND IB 606-64 2.5,1060,,,
25-2057,1216,400.3,EA,"HAMMOND IR-1140-6"" GV",1216,,"6""",
25-2058,463,400.2,EA,"HAMMOND IB 606-32 3"" G. V.",463,,"3""",
25-2059,290,400.2,EA,"HAMMOND IB 606-32  2.5"" G.V.",290,,"5""",
25-2060,737,400.3,EA,"HAMMOND IR-1140-4"" G.V.",737,,"4""",
25-2061,55,400,EA,"HAMMOND IB 606-32 1"" G.V.",55,,"1""",
25-2062,73,400,EA,HAMMOND IB 606-32 1 1/4' G.V.,73,,,
25-2063,158,400,EA,"HAMMOND 5111-01 2"" BTRFLY",158,,"2""",
25-2064,620,400,EA,"HAMMOND 8901 BV 3""",620,,"3""",
25-2065,537,400,EA,"HAMMOND 8901 BV 2.5""",537,,"5""",
25-2066,103,400,EA,"HAMMOND 8901 BV 2""",103,,"2""",
25-2067,41.25,400,EA,"HAMMOND 8901, 1.25"" BV",41.25,,"25""",
25-2068,450,402,EA,"HAMMOND 8303A 2"" BV",450,,"2""",
25-2069,150,400,EA,HAMMOND IB 606-64 1,150,CV,,
25-2070,1060,400,EA,"HAMMOND IB 606-64 3""",1060,CV,"3""",
25-2071,300,400,EA,HAMMOND IB 606-64 1.5,300,CV,,
25-2100,67,380.5,EA,HUNTER SURGE PROTECTOR DUAL-S,67,L,,
25-2101,7,402.3,EA,HUNTER PLD-AVR AIR RELIEF,7,L,,
25-2102,1.5,999,EA,HUNTER PCN-10 BUBBLER,1.5,L,,
25-2103,250,469,EA,HUNTER NODE-600 (6 STA. BATT. OP. CTLR),225,L,,
25-2105,4.5,210.3,EA,HUNTER PROS-00-PRS30 SHRUB,4.5,SH,,
25-2106,1420,481,EA,HUNTER HCC-800-SS - 8 STA MOD./SS WALL MNT ENCL,1420,L,,
25-2107,45,638.1,EA,HUNTER WIFI-EXT-KIT,45,L,,
25-2108,100,638.1,EA,HUNTER WRF-CLIK (WIRELESS RAIN/FRZ W/ RCVR),100,L,,
25-2109,2,402.3,EA,HUNTER PLD-BV SHUT OFF VALVE,2,L,,
25-2110,5.5,210.3,EA,HUNTER PROS-00-PRS30-RW,5.5,L,,
25-2111,500,471,EA,HUNTER HCC-800-PL,500,L,,
26-1000,28,390,EA,CHAMPION 466-075,28,CV,,
2610-001,6.5,522,EA,KECKIELLA CORDIFOLIA 1G,6.5,SH,1G,
2610-005,15,520,EA,KECKIELLA ANTIRHINNOIDES 5G,15,SH,5G,
26-1001,39,395,EA,"CHAMPION 200 1"" ANGLE VALVE",39,CV,"1""",
26-1002,25.5,395,EA,"CHAMPION 262 - 1"" AVB (USE AQUALINE 30-2809)",25.5,CV,"1""",
26-1003,30,390,EA,CHAMPION 162-075,30,CV,,
26-1004,45.9,395,EA,CHAMPION CL-100-300RS-100,45.9,CV,,
26-1005,50,398,EA,"CHAMPION 262 1 1/4""",50,CV,"4""",
26-1011,55,639.3,EA,"CHAMPION 200 1.25"" ANGLE VALVE",55,CV,"25""",
26-1012,60,396.1,EA,"CHAMPION 200 1.5"" ANGLE VALVE",60,CV,"5""",
26-1015,80,639.3,EA,"CHAMPION 200 2"" ANGLE VALVE",80,CV,"2""",
26-1020,35,396,EA,CHAMPION 466-100,35,CV,,
26-1030,53,395,EA,CHAMPION CL466-100,53,CV,,
26-1040,24,390,EA,CHAMPION 300-075,24,CV,,
26-1060,28,395,EA,CHAMPION 300-100,28,CV,,
26-1061,65,399,EA,"CHAMPION 300RS-150 1.5""",65,CV,"5""",
26-1062,67.5,380,EA,"CHAMPION BG 2""",67.5,M,"2""",
26-1063,60,380,EA,"CHAMPION BG 1 1/2""",60,M,"2""",
26-1064,37,380,EA,"CHAMPION BG 1""",37,M,"1""",
26-1065,29.15,380,EA,"CHAMPION BG 3/4""",29.15,M,"4""",
26-1066,3.9,None,EA,"CHAMPION 10F BR 3/4"" HOSE TO 1/2""  PIPE  ADAPTER",3.9,L,"4""",
26-1080,22,390,EA,CHAMPION 262-075,22,CV,,
26-1100,22,395,EA,CHAMPION 262-100,22,CV,,
26-1101,26.45,398,EA,CHAMPION 262-125,26.45,CV,,
26-1102,17,390,EA,CHAMP PAA 688-075 (obsolete),17,CV,,
26-1103,18,395,EA,CHAMP PAA 688-100 (obsolete),18,CV,,
26-1104,30,638,EA,CHAMPION 262-150,30,CV,,
26-1105,49,638,EA,CHAMPION 262-200,49,CV,,
26-1106,26.75,390.1,EA,"CHAMPION 200 1 1/4""",26.75,CV,"4""",
26-1107,32.5,399,EA,"CHAMPION 200 1 1/2""",32.5,CV,"2""",
26-1108,47.25,395.1,EA,"CHAMPION 200 2""",47.25,CV,"2""",
26-1109,35,395,EA,CHAMPION 362-100 AVB W/UNION,35,CV,,
26-1110,30,390,EA,CHAMPION 362-075  W/UNION,30,CV,,
2611-101,4,522,EA,HOSTAS DECOR 'THOMAS HOGG' 1G,4,GCC,1G,
2611-105,8,522,EA,HOSTA  BRESSINGHAM BLUE 1G,8,GCC,1G,
26-1111,45,390,EA,CHAMPION 362-012  W/UNION,45,CV,,
26-1112,65,390,EA,CHAMPION 362-150  W/UNION,65,CV,,
26-1113,30,390,EA,CHAMPION 362-075 AVB W/UNION,30,CV,,
26-1114,55,398,EA,CHAMPION 362-125 AVB W/UNION,55,CV,,
26-1120,11.6,390,EA,CHAMPION V19-466P-075,11.6,CV,,
26-1121,18,390,EA,CHAMPION V-19-466-075,18,CV,,
2611-305,25,520,EA,HOSTA X. 'GOLDEN PRAYERS' 5G,25,GCC,5G,
26-1140,18,395,EA,CHAMPION V19-466P-100,18,CV,,
2611-405,25,520,EA,HOSTA X. 'PRAYING HANDS' 5G,25,GCC,5G,
26-1141,22,390,EA,CHAMPION V-19-466-100,22,CV,,
26-1145,1.53,371,EA,CHAMPION P184 (USE PLASTIC NOZZLE),1.53,L,,
26-1150,2.75,371,EA,CHAMPION P186 (USE PLASTIC NOZZLE),2.75,L,,
2611-505,14,520,EA,HOSTA VENTRICOSA 5G,14,GCC,5G,
26-1155,0.25,373,EA,CHAMPION P192 (USE PLASTIC NOZZLE),0.25,L,,
2611-605,15,520,EA,HOSTA V. VARIEGATA 5G,15,GCC,5G,
2611-705,15,520,EA,HOSTA 'HALCYON' 5G,15,GCC,5G,
26-1201,30.8,638,EA,"CHAMPION 262 1 1/2""",30.8,CV,"2""",
26-1300,0.6,None,EA,CHAMPION PROSERIES PLASTIC NOZZLE,0.6,L,,
26-1302,10,410.4,EA,CHAMPION LOOSE KEY HOSE BIB I401LK,10,POC,,
26-1303,26,410.4,EA,CHAMPION B-401 HOSE BIBB,26,POC,,
26-1304,16,639.3,EA,CHAMPION 3/4 VBH HOSE BIB VAC.BRKER,16,POC,,
26-1305,48,410,EA,CHAMPION 2P-QCV-075,48,CV,,
26-1401,25.2,390,EA,"CHAMPION 200 3/4"" ANGLE VALVE",25.2,CV,"4""",
26-1402,20,390,EA,"CHAMPION 262 3/4""",20,CV,"4""",
26-1408,17.5,402,EA,"NIBCO HORIZON BALL VALVE 1/2""",17.5,M,"2""",
2690-101,15,530,EA,"GLACIER IVY 4"" POT 16/FLAT",15,GCC,"4""",
2690-201,4.5,527,EA,GLACIER IVY 1G STK,4.5,GCC,1G,
2690-501,4,522,EA,IVA HAYSIANA 1G,4,GCC,1G,
2690-505,11,520,EA,IVA HAYSIANNA 5G,11,GCC,5G,
2692-000,30,531,EA,GLECHOMA HEDERACEA FLAT (50),30,GCC,,
2692-007,4,524.1,EA,"GLECHOMA HEDERACEA 4"" POT",4,GCC,"4""",
2700-015,60,510,EA,JACARANDA MIM. 15G,33,TR,15G,
2700-024,185,507,EA,"JACARANDA MIMO. 24"" STD",175,TR,"24""",
2700-105,18,513,EA,JACARANDA ACUTIFOLIA 5G STD,13,TR,5G,
2700-115,60,510,EA,JACARANDA ACUTIFOLIA 15G  STD,33,TR,15G,
2700-124,185,507,EA,"JACARANDA ACUT. 24""   STD",115,TR,"24""",
2700-130,280,506,EA,"JACARANDA ACUTIFOLIA 30""  STD",280,TR,"30""",
2700-136,485,505,EA,"JACARANDA ACUTIFOLIA 36"" STD",465,TR,"36""",
2700-137,650,504,EA,"JACARANDA ACUTIFOLIA 42""",650,TR,"42""",
2700-148,1100,503,EA,"JACARANDA ACUTIFOLIA 48"" STD",1100,TR,"48""",
2700-160,2600,501,EA,"JACARANDA ACUTIFOLIA 60"" STD",2600,TR,"60""",
2700-172,5500,500,EA,"JACARANDA ACU. 72"" MLT",5500,TR,"72""",
2700-196,12500,499,EA,"JACARANDA ACUTIFOLIA 96"" STD",12500,TR,"96""",
2700-215,60,510,EA,JACARANDA ACUTIFOLIA 15G MLT,45,TR,15G,
2700-224,185,507,EA,"JACARANDA ACU. 24""  MLT",150,TR,"24""",
2700-230,200,506,EA,"JACARANDA ACUTIFOLIA 30""  MUL",200,TR,"30""",
2700-236,485,505,EA,"JACARANDA ACUTIFOLIA 36"" MLT",380,TR,"36""",
2700-248,1100,503,EA,"JACARANDA ACUTIFOLIA 48"" MLT",1100,TR,"48""",
2700-254,1225,502,EA,"JACARANDA ACUTIFOLIA 54"" STD",1225,TR,"54""",
2700-260,2600,501,EA,"JACARANDA ACUTIFOLIA 60"" MLT",2600,TR,"60""",
2700-272,6200,500,EA,"JACARANDA MIMOSIFOLIA 72""",6200,TR,"72""",
2700-296,10500,499,EA,"JACARANDA MIMOSIFOLIA 96""",10500,TR,"96""",
2700-324,185,507,EA,"JACARANDA ACUTIFOLIA 24""   L/B",100,TR,"24""",
27-0033,0,None,EA,3 WYE PVC DRAIN,0,L,,
2700-336,485,505,EA,"JACARANDA MIMO 36"" STD",465,TR,"36""",
2700-336M,485,505.8,EA,"JACARANDA MIMO. 36"" MLT",465,TR,"36""",
2700-348,1150,503,EA,"JACARANDA MIMO. 48"" STD",1150,TR,"48""",
2700-360,2700,501,EA,"JACARANDA MIMOSIFOLIA 60"" STD",2700,TR,"60""",
2700-424,185,507,EA,"JACARANDA MIMO 24"" MLT",165,TR,"24""",
27-0044,15,None,EA,4 WYE PVC DRAIN,15,L,,
2700-448,1150,503,EA,"JACARANDA MIMOSIFOLIA 48"" MLT",1050,TR,"48""",
2700-460,2850,501,EA,"JACARANDA MIMOSIFOLIA 60"" L/B",2600,TR,"60""",
2700-524,250,507,EA,JACARANDA SAKAI-01 24 MLT,250,TR,,
2700-548,1150,503,EA,"JACARANDA MIMO. 48"" L/B",1100,TR,"48""",
2700-560,3000,501,EA,"JACARANDA MIMOSIFOLIA 60"" MLT",2600,TR,"60""",
2700-648,1150,503,EA,"JACARANDA MIM. 48"" UPRIGHT MLT",1100,TR,"48""",
27-0066,15.6,627.1,EA,"PVC 6"" WYE SWR - 6""",15.6,,"6""",
27-0088,145,None,EA,8 WYE PVC DRAIN,145,,,
2700-915,150,519,EA,BONSAI BLUE JACARANDA 15G,150,,15G,
2701-105,18,520,EA,DURANTE ERE. 'PURPLE' 5G,18,,5G,
2701-115,100,519,EA,DURANTE VARIEGATA 15G,100,,15G,
27-0308,20.25,402,EA,3 45 WYE STYRENE,20.25,,,
27-0408,15.5,999,EA,"4"" WYE PVC 35",15.5,,"4""",
27-0608,34,402,EA,6 45 WYE STYRENE,34,,,
27-1000,45.7,392,EA,"SUPERIOR 800-3/4"" ACTUATOR",45.7,,"4""",
27-1001,683,380,EA,"SUPERIOR 950 3""",683,,"3""",
27-1002,154,380,EA,"SUPERIOR 950 2""",154,,"2""",
27-1003,135,380,EA,"SUPERIOR 950 1.5""",135,,"5""",
27-1004,102,380,EA,"SUPERIOR 950 1 1/4""",102,,"4""",
27-1005,100,380,EA,"SUPERIOR 950 1""",100,,"1""",
27-1006,62,380,EA,"SUPERIOR 950 3/4""",62,,"4""",
27-1007,50,395,EA,"SUPERIOR 800-1""",50,,"1""",
27-1010,750,None,EA,10 WYE PVC DRAIN,750,,,
27-1020,50,397,EA,"SUPERIOR 800-1"" ACTUATOR",50,,"1""",
27-1021,31,392,EA,"SUPERIOR 800 1 1/4""",31,,"4""",
27-1022,65,392,EA,"SUPERIOR 800 1 1/2""",65,,"2""",
27-1023,69.25,392,EA,"SUPERIOR 800 2""",69.25,,"2""",
27-1024,1110,380,EA,"SUPERIOR 3200 2.5""",1110,,"5""",
27-1025,480,380.2,EA,"SUPERIOR 3300-200-RW 2"" NORM. OPEN",480,,"2""",
27-1030,40,395,EA,"SUPERIOR 850 DI 1"" W/ANTI-SIPHON",40,,"1""",
27-1031,175,380,EA,SUPERIOR 850-DIGB-100,175,,,
27-1032,992,470,EA,SUPERIOR STERLING SERIES 36 STA.,992,,,
27-1033,765,470,EA,SUPERIOR STERLING SERIES 30STA.,765,,,
27-1034,455,470,EA,SUPERIOR STERLING SERIES 24 STA,455,,,
27-1035,320,470,EA,SUPERIOR STERLING 18 STA.PED.,320,,,
27-1036,240,470,EA,SUPERIOR STERLING 12 STA. PED.,240,,,
27-1037,150,380,EA,"SUPERIOR 950 DW 1.5""",150,,"5""",
27-1038,220,380,EA,"SUPERIOR 950 DW PRS 1""",220,,"1""",
27-1039,120,380,EA,"SUPERIOR 4000-PRS 1.5""",120,,"5""",
27-1040,88,380,EA,"SUPERIOR 4000-PRS 1""",88,,"1""",
27-1041,43.5,395,EA,SUPERIOR 850-DIAS-100,43.5,,,
27-1042,40.8,390,EA,SUPERIOR 850-DIAS-075,40.8,,,
27-1043,156,380,EA,"SUPERIOR 950 DWPRS 1.25""",156,,"25""",
27-1044,100,380,EA,"SUPERIOR 5000 1""",100,,"1""",
27-1045,110,380,EA,"SUPERIOR 5000 1.5"" VALVE",110,,"5""",
27-1046,100,380,EA,"SUPERIOR 5000 1.25"" VALVE",100,,"25""",
27-1047,110,380.2,EA,"SUPERIOR 4000-PRS-DW 1.25""",110,,"25""",
27-1048,100,380.2,EA,"SUPERIOR 4000-PRS-DW  1""",100,,"1""",
27-1049,295,320,EA,SUPERIOR STERLING 18 STA. WALL MOUNT,295,,,
27-1050,396,380,EA,"SUPERIOR 3100, 2""",396,,"2""",
27-1051,776,380,EA,"SUPERIOR 3100 3""",776,,"3""",
27-1052,776,380,EA,"SUPERIOR 3100 2 1/2""",776,,"2""",
27-1053,257,380,EA,"SUPERIOR 3100 1 1/2""",257,,"2""",
27-1054,112,380,EA,"SUPERIOR 950 DW 1.25""",112,,"25""",
27-1055,200,380,EA,SUPERIOR 950 DW 1,200,,,
27-1056,500,380,EA,"SUPERIOR 3200  1.5"" NORM. CLOSED",500,,"5""",
27-1057,440,380,EA,"SUPERIOR 3300 1.5"" NORM. OPEN",440,,"5""",
27-1058,480,380,EA,"SUPERIOR 3300 2"" NORM. OPEN",480,,"2""",
27-1059,230,380,EA,SUPERIOR 3300 1,230,,,
27-1060,300,380,EA,"SUPERIOR 950 DW PRS 1.5""",300,,"5""",
27-1061,230,380,EA,"SUPERIOR 3100 1""   NO",230,,"1""",
27-1062,210,380,EA,"SUPERIOR 3000 1.5""",210,,"5""",
27-1063,230,380,EA,SUPERIOR 3000 1,230,,,
27-1064,240,380,EA,"SUPERIOR 3100-150-RW 1.5""",240,,"5""",
27-1065,375,380.2,EA,"SUPERIOR 3100-PRS-200-RW-N.O. 2""",375,,"2""",
27-1066,120,380,EA,"SUPERIOR 3200 100RW  1""",120,,"1""",
27-1067,480,380.2,EA,"SUPERIOR 3200-RW  1.5"" NORM. CLOSED",480,,"5""",
27-1068,270,380,EA,"SUPERIOR 3000 2""",270,,"2""",
27-1069,45,380,EA,"SUPERIOR 450 1"" RCV",45,,"1""",
27-1070,280,380,EA,"SUPERIOR 950 DW PRS 3/4""",280,,"4""",
27-1138,170,380,EA,"SUPERIOR 4000-PRS  2""",170,,"2""",
27-1140,160,380,EA,"SUPERIOR 4000-PRS 1.25""",160,,"25""",
27-1141,350,380,EA,"SUPERIOR 950 DW PRS 2""",350,,"2""",
27-1142,150,380.7,EA,SUPERIOR SPV-CZK-100 drip w/BV ,150,,,
27-1156,90,380,EA,SUPERIOR 3200 3/4 '' NORM. CLOSED,90,,,
27-1157,480,380,EA,"SUPERIOR 3200  2"" NORM. CLSD",480,,"2""",
27-1158,145,380,EA,"SUPERIOR 3000-100-RW N.C. 1"" MV",145,,"1""",
27-1159,134,420,EA,SUPERIOR QB44-AT-RC,134,,,
27-1212,400,None,EA,12 WYE PVC DRAIN,400,,,
27-1261,66.45,400,EA,"NIBCO U51TB-E 1"" SCH 80 B.V.",66.45,,"1""",
27-1308,20.25,402,EA,3 45 WYE ABS,20.25,,,
27-1408,20.25,402,EA,4 45 WYE ABS,20.25,,,
27-1608,34,402,EA,6 45 WYE ABS,34,,,
27-1609,53,None,EA,"6"" WYE PVC SDR 35",53,,"6""",
27-2100,95,380,EA,"SUPERIOR 5000 PRS,1""""",95,,"1""",
27-2101,105,380,EA,"SUPERIOR 5000 PRS, 1.25""",105,,"25""",
27-2102,140,380,EA,"SUPERIOR 5000 PRS, 1.50""",140,,"50""",
27-2103,140,380,EA,"SUPERIOR 5000 VALVE 2""",140,,"2""",
27-2104,137,380,EA,SUPERIOR 3100 3/4'' NO,137,,,
27-2105,165,380,EA,"SUPERIOR 3200 1"" NORM CLOSED",101,,"1""",
27-2106,420,380.2,EA,"SUPERIOR 3300-150-RW 1.5""",420,,"5""",
2780-315,48,519,EA,HIBISCUS R-S RED DRAGON 15G,48,,15G,
2780-501,1.79,522,EA,HIBISCUS R-S WHITE WINGS 1G,1.79,SH,1G,
2780-505,8,520,EA,HIBISCUS R-S WHITE WINGS 5G,8,SH,5G,
2780-515,42,519,EA,HIBISCUS R-S WHITE WINGS 15G,42,SH,15G,
2780-605,10,520,EA,"HIBISCUS ""BRIDE"" 5G",10,SH,5G,
2781-105,9,520,EA,HIBISCUS R.S. MORNING GLORY 5G,9,SH,5G,
2781-505,9,520,EA,HIBISCUS R-S RED 5G,9,SH,5G,
2781-605,7.5,520,EA,HIBISCUS R.S. MORNING GLORY 5G,7.5,SH,5G,
2781-805,5.69,520,EA,HIBISCUS R.S. ROSS ESTAY 5G,5.69,SH,5G,
2781-905,5.85,520,EA,HIBISCUS PRESIDENT 5G,5.85,SH,5G,
2782-105,7,520,EA,HIBISCUS R-S SANTANA 5G SHRUB,7,SH,5G,
2782-115,30,519,EA,HIBISCUS R-S SANTANA 15G SHRUB,30,SH,15G,
2782-505,35,519,EA,HIBISCUS SYRIACUS 15G,35,SH,15G,
2782-605,43,519,EA,HIBISCUS R-S 'CALIF. GOLD' 15G,43,SH,15G,
2784-124,250,507,EA,"HIMALAYACALAMUS HOOKERIANUS 24""",250,TR,"24""",
27-9000,700,380,EA,"CLAVAL 136-EGH-01A 3""",700,CV,"3""",
27-9010,400,380,EA,"CLAVAL #136-DG-01A 1""",400,AGG,"1""",
2800-001,4.5,522,EA,JUNI. CHIN. HORIZONTALIS 1G,4.5,GCC,1G,
2800-005,12,520,EA,JUNI. GREEN CARPET 5G,12,,5G,
2800-015,50,510.3,EA,JUNIPER TWISTED CORKSCREW 15G,50,,15G,
2800-024,190,507,EA,JUNIPER SCOPULORUM 24,190,,,
2800-101,4.5,522,EA,JUNIPER CHIN. B. POINT 1G,4.5,,1G,
2800-105,13,520,EA,JUNIPERUS TORULOSA 5G,13,,5G,
2800-111,2.75,522,EA,JUNIPERUS BLUE CREEPER 1G,2.75,,1G,
2800-115,60,510,EA,JUNIPERUS C. TORULOSA 15G,60,,15G,
2800-120,225,507,EA,ELAEOCARPUS DECIPIENS 24,225,,,
2800-124,225,507,EA,ELAEOCARPUS LITTLE EMPORER 24,225,,,
2800-125,185,521,EA,JUNIPERUS CHIN. 'SPARTAN'  24,185,,,
2800-126,140,507,EA,"JUNI.PERUS CHIN. TORULOSA 24""",140,,"24""",
2800-127,140,507,EA,"JUNIPERUS C. TORULOSA 24""  LB",140,,"24""",
2800-136,370,505,EA,"JUNIPERUS C. TORULOSA 36""",370,,"36""",
2800-148,1200,503,EA,ELAEOCARPUS DECIPIENS 48,1200,,,
2800-201,5,522,EA,JUNIPERUS TORULOSA 1G,5,,1G,
2800-205,18,520,EA,JUNIPERUS BAR HARBOR 5G,18,,5G,
2800-215,40,510,EA,JUNIPER CONFERTA 15G,40,,15G,
2800-224,190,507,EA,"JUNIPER TORULOSA 24""",190,,"24""",
2800-236,490,505,EA,ELAEOCARPUS DECIPIENS 36,490,,,
2800-248,1100,503,EA,"JUNIPERUS TORULOSA 48""",1100,,"48""",
2800-301,2.85,522,EA,JUNIPER. C. GLAUCA 1G,2.85,,1G,
2800-303,4.6,522,EA,JUNIPERUS CHINENSIS NANA 1G,4.6,,1G,
2800-305,13,520,EA,JUNIPER C SANTA CRUZ 5G,13,,5G,
2800-315,55,510,EA,JUNIPERUS C. SEA GREEN 15G,55,,15G,
2800-324,150,507,EA,"JUN. CHI. BLUE POINT 24""",150,,"24""",
2800-336,375,505,EA,"JUNI. CHIN. SPARTAN 36""",375,,"36""",
2800-400,13,520,EA,JUNIPERUS C BLUE POINT 5G,13,,5G,
2800-405,50,510.6,EA,JUNIPERUS C. BLUE POINT 15G,50,,15G,
2800-415,32,519,EA,JUN. CHIN GOLD COAST 15G,32,,15G,
2800-424,175,507,EA,"JUNIPERUS SPARTAN 24""",175,,"24""",
2800-436,0.3,636.4,LF,RB LD-09-12-100 EMITTER DRIP LINE,0.3,,,
2800-437,57.75,636.4,LF,"RB LDQ0806100 1/4"" 6"" OC EMITTER TUBING",0.55,,"4""",
2800-501,3.25,522,EA,"JUNI. H. ""PRINCE OF WALES"" 1G",3.25,,1G,
2800-505,5.75,520,EA,JUNIPERUS MAJESTIC BEAUTY 5G,5.75,,5G,
2800-515,38,519,EA,JUNIPERUS CHIN SEA GREEN 15G,38,,15G,
2800-524,180,507,EA,"JUNIPER SPARTAN 24"" CLMN",180,,"24""",
2800-525,48,519,EA,JUNIPERUS BLUE PACIFIC 15G,48,,15G,
2800-536,400,505,EA,"JUNI. SCOPULORIUM TOLLESONS 36""",400,,"36""",
2800-555,13,520,EA,JUNIPERUS BLUE CREEPER 5G,13,,5G,
2800-605,40,510.3,EA,JUNI CHIN COLUMNARIS 15G,40,,15G,
2800-615,48,519,EA,JUNIPERUS OLD GOLD 15G,48,,15G,
2800-624,225,507.3,EA,"JUNIPER GOLD CONE 24""",225,,"24""",
2800-636,550,505,EA,"JUNIPERUS CHI. 'KAIZIKA' 36""",550,,"36""",
2800-701,3.25,522,EA,JUNIPERUS S. TAM. 1G,3.25,,1G,
2800-705,12,520,EA,JUNIPERUS S. TAM. 5G,12,,5G,
2800-715,30,519,EA,JUN. SABINA TAMARISCIFOLIA 15G,30,,15G,
2800-724,185,507,EA,"JUNIP. CHIN. ""SKYROCKET"" 24"" L/B",185,,"24""",
2800-801,4.5,522,EA,JUNIPERUS C. GOLD COAST 1G,4.5,,1G,
2800-805,16,520,EA,JUNIPERUS C ARMSTRONG 5G,16,,5G,
2800-815,30,519,EA,JUNIPERUS C. ARMSTRONG 15G,30,,15G,
2800-824,190,507,EA,"JUNIP. CHIN. ""SKYROCKET"" 24""",190,,"24""",
2800-901,3,522,EA,JUNIPERUS MINT JULEP 1G,3,,1G,
2800-905,13,520,EA,JUNIPERUS C SAN JOSE 5G,13,,5G,
2800-910,13,520,EA,JUNIPERUS H. BLUE CHIP 5G,13,,5G,
2800-915,30,519,EA,JUN. CHIN PFITZ. AUREA 15G,30,,15G,
2800-924,150,507,EA,"JUNIPER VIRGINIANA 24""",150,,"24""",
2800-925,10,520,EA,JUN. C. COLUMNARIS GLAUCA 5G,10,,5G,
2800-935,15,520,EA,JUNIPERUS S. WICHITA BLUE 5G,15,,5G,
2801-005,13,520,EA,JUNI CONF BLUE PACIFIC 5G,13,,5G,
2801-015,40,519,EA,JUNIPER S. ROBUSTA GREEN 15G,40,,15G,
2801-105,80,520,EA,JUNIPER SPARTAN SPIRAL 5G,80,,5G,
2801-115,35,510,EA,JUNIPER CHIN. BLAUW 15G,35,,15G,
2801-124,180,507.6,EA,"JUNIPERUS CHIN BLUE POINT 24""",180,,"24""",
2801-136,370,505.3,EA,"JUNIPERUS CHI. 'BLUE POINT' 36""",370,,"36""",
2801-205,18,520,EA,JUNIPER SKYROCKET 5G,18,,5G,
2801-215,35,519,EA,"JUNI. CHIN. ""SAN JOSE"" 15G",35,,15G,
2801-305,13,520,EA,JUNIPER C PROC. NANA 5G,13,,5G,
2801-315,60,519,EA,JUNIPERUS WICHITA BLUE 15G,60,,15G,
2801-415,120,510,EA,JUNPERUS CHI. 'SPARTAN' 15G SPIRAL,120,,15G,
2801-501,5,522,EA,JUNIPERUS H. WILTONII 1G,5,,1G,
2801-505,15,520,EA,JUNIPERUS OLD GOLD 5G,15,,5G,
2801-515,60,510,EA,JUNPERUS CHI. 'SPARTAN' 15G COLUMNAR,60,,15G,
2801-536,450,505,EA,"JUNIPERUS CHI. 'SPARTAN BLUE' 36"" CLMN",450,,"36""",
2801-605,13,520,EA,JUNIPER GOLD COAST 5G,13,,5G,
2801-615,120,510,EA,JUNPERUS CHI. 'SPARTAN' 15G CONICAL,120,,15G,
2801-715,90,510.3,EA,JUNIPERUS C. 'BLUE POINT' 15G PYRAMID,90,,15G,
2801-805,28,520,EA,JUNIPERUS C. GREY GLEAM 5G,28,,5G,
2801-815,60,519,EA,JUNIPERUS GOLD CONE 15G,60,,15G,
2802-115,55,510,EA,JUNIPERUS VIRGINIANA BLUE ARROW 15G,55,,15G,
2802-405,13,520,EA,JUNIPER H. WILTONI 5G,13,,5G,
2802-501,4,522,EA,JUNIPERUS C. PROCUMBENS 1G,4,,1G,
2802-505,13,520,EA,JUNIPERUS C. PROCUMBENS 5G,13,,5G,
2803-505,13,520,EA,JUNIPERUS MINT JULEP 5G,13,,5G,
2804-515,100,519,EA,JUNIPERUS S. GRAY GLEAM 15G,100,,15G,
2805-105,13,520,EA,JUNIPERUS CONFERTA 5G,13,,5G,
2805-201,8,522,EA,JUNIPERUS COMMUNIS 'MONDAP' 1G,8,,1G,
2805-205,25,520,EA,JUNIPERUS COM. MONDAP 5G,25,GCC,5G,
2805-301,8,522,EA,JUNIPER MOOR-DENSE 1G,8,GCC,1G,
2805-501,3.8,522,EA,JUNIPERUS CONFERTA 1G,3.8,GCC,1G,
2805-515,55,510,EA,JUNIPERUS C. SPARTAN 15G,55,SH,15G,
2805-615,55,510.3,EA,"JUNIPERUS ""SKYROCKET"" 15G",55,SH,15G,
2805-715,48,519,EA,JUNIPERUS  CALIFORNIA 15G,48,SH,15G,
2806-105,13,520,EA,JUNIPERUS H. BLUE CHIP 5G,13,GCC,5G,
2806-205,13,520,EA,JUNIPERUS C. FRUITLANDII 5G,13,SH,5G,
2806-305,13,520,EA,JUNIPERUS C. PFITZ. GLAUCA 5G,13,SH,5G,
2806-401,4.25,522,EA,JUNIPERUS SABINA 'BUFFALO' 1G,4.25,GCC,1G,
2806-405,13,520,EA,JUNIPERUS H. YOUNGTOWN 5G,13,GCC,5G,
2806-505,13,520,EA,JUNIPERUS BUFFALO 5G,13,GCC,5G,
2806-605,11.4,520,EA,"JUNIPERUS ""BALTIC POINT"" 5G",11.4,SH,5G,
2806-705,23,520,EA,JUNIPERUS ICEE BLUE-MONBAR 5G,23,GCC,5G,
28-0980,215,471,EA,RAINMASTER RM 6E,215,,,
28-1000,100,400,EA,"NIBCO T-113 -3/4"" GV",87,,"4""",
2810-005,14,513.5,EA,JUNIP C. SPARTAN COLUMN 5G,14,,5G,
2810-124,175,507.6,EA,"JUNIPERUS CHIN. SPARTAN 24""",175,,"24""",
28-1020,125,400,EA,"NIBCO T-113 - 1"" GV",130,,"1""",
28-1040,235,400,EA,"NIBCO T-113 - 1.25"" GV",190,,"25""",
2810-505,15,520,EA,JUNIPERUS C. SPARTAN 5G,15,,5G,
2810-515,13,520,EA,JUNIPERUS C. PFITZERANA  5G,13,,5G,
28-1060,270,400,EA,"NIBCO T-113 - 1.5"" GV",220,,"5""",
2810-615,100,519,EA,JUNIP. C. SPIRAL ROB. GRN 15G,100,,15G,
28-1080,280,400,EA,"NIBCO T-113 - 2"" GV",226,,"2""",
28-1100,900,400,EA,"NIBCO T-113 - 2.5""  GV",640,,"5""",
2811-024,225,507,EA,"JUNIP. S. SKYROCKET 24"" CLMN",225,,"24""",
2811-124,175,507.3,EA,"JUNI. C. TORULOSA 24"" CLMN",175,,"24""",
28-1116,230,400,EA,"NIBCO T-113-K-1.5""",213.1,,"5""",
28-1117,280,400,EA,"NIBCO T-113-K-2""",256.24,,"2""",
28-1118,900,400,EA,"NIBCO T-113-K-2.5""",740,,"5""",
28-1119,1130,400,EA,NIBCO T-113-K-3,1070,,,
28-1120,1130,400,EA,"NIBCO T-113 - 3""  GV",790,,"3""",
28-1121,68,400,EA,"NIBCO S-113 BRZ GT VALVE 1""",68,,"1""",
28-1122,97.79,400,EA,"NIBCO T-113-K-3/4""",97.79,,"4""",
2811-224,530,507,EA,"JUN. CHI. SPARTAN SPIRAL 24""",530,,"24""",
28-1123,150,400,.,"NIBCO T-113-K-1""",121.2,,"1""",
28-1124,240,400,EA,NIBCO T-113-K-1.25,240,,,
28-1125,6,400,EA,"AMERICAN P200 1"" BALL VALVE",6,,"1""",
28-1126,381,999,EA,"NIBCO F-619-SON 2""",381,,"2""",
28-1127,9,400,EA,"AMERICAN P200 1 1/2"" BALL VALVE",9,,"2""",
28-1128,13,381,EA,"AMERICAN P200 2"" BALL VALVE",13,,"2""",
28-1129,60.93,402,EA,"NIBCO T-585-70 1"" BV",60.93,,"1""",
28-1130,2.6025,402,EA,"NIBCO 4660-S-3/4""",6,,"4""",
28-1131,454,400.3,EA,"NIBCO WD 2000 3"" BUTTERFLY VALVE",454,,"3""",
28-1132,395,400,EA,"NIBCO WD-2000 8"" BUTTERFLY VALVE",395,,"8""",
2811-324,175,507,EA,"JUNIPERUS MOONGLOW 24""",175,,"24""",
28-1133,7,402,EA,"NIBCO 4660-S 1""",7,,"1""",
28-1134,120,402,EA,"NIBCO T-560 BRONZE 1.25"" BV",120,,"25""",
28-1135,581,400.3,EA,"NIBCO F619-400 4""",581,,"4""",
28-1136,250,400,.,"NIBCO F-619 2.5""",250,,"5""",
28-1137,580,400.3,EA,"NIBCO F619-300 3""",580,,"3""",
28-1138,20,402,EA,"NIBCO T-580 3/4"" BV",20,,"4""",
28-1139,27,402,EA,"NIBCO T-580 1""  BV",27,,"1""",
28-1140,43,402,EA,"NIBCO T-580 1.25""  BV",43,,"25""",
28-1141,60,402,EA,"NIBCO T-580 1.5"" BV",63,,"5""",
28-1142,290,402,EA,"NIBCO T-580-70  2"" BV",290,,"2""",
28-1143,840,402,EA,"NIBCO T-580-70 2.5"" BV",840,,"5""",
28-11431,930,402,EA,"NIBCO T-580-70-3""",930,,"3""",
28-1144,190,402,EA,"NIBCO T-580 2"" BV",175,,"2""",
28-1145,584,400.3,EA,"NIBCO WD 2000 4"" BUTTERFLY",584,,"4""",
28-1146,1110,400.3,EA,"NIBCO T-136 3""",1110,,"3""",
28-1147,830,400,EA,"NIBCO T-136   2 .5""",830,,"5""",
28-1148,220,400,EA,"NIBCO F619 2""",220,,"2""",
28-1149,600,400.1,EA,"NIBCO P-619-RW 3"" PUSH ON",600,,"3""",
28-1150,370,400.3,EA,"NIBCO P-619 2.5""",370,,"5""",
2811-505,18,520,EA,JUNIPERUS BLUE POINT 5G CLMN,18,,5G,
28-1151,470,400,EA,"NIBCO P-619 2"" PUSH ON",470,,"2""",
2811-515,100,510,EA,JUNIPERUS C. 'BLUE POINT' 15G CLMN,100,,15G,
28-1152,324,400,EA,"NIBCO WD-2000 2 1/2""",324,,"2""",
28-1153,939,400,EA,"NIBCO T-111 3""",939,,"3""",
28-1154,656,400,EA,"NIBCO T-111 2 1/2""",656,,"2""",
28-1155,263,400,EA,"NIBCO T-111 2""",263,,"2""",
28-1156,207,400,EA,"NIBCO T-111 1 1/2 """,207,,"2""",
28-1157,180,400,EA,"NIBCO T-111 1 1/4""",180,,"4""",
28-1158,124,400,EA,"NIBCO T-111 1""",124,,"1""",
28-1159,91,400,EA,"NIBCO T-111 3/4""",91,,"4""",
28-1160,77,400,EA,"NIBCO T-111 1/2""",77,,"2""",
2811-605,45,520,EA,JUNIPERUS BLUE POINT 5G SPIRAL,45,,5G,
28-1161,363,400,EA,"NIBCO T-136 2""",363,,"2""",
28-1162,290,400.3,EA,"NIBCO F6112-4"" R.T. GV",290,,"4""",
28-1163,754,400,EA,"NIBCO T-590-Y 2.5""  BV",754,,"5""",
28-1164,409,400,EA,"NIBCO T-590-Y 2"" BV",409,,"2""",
28-1165,44,402,EA,"NIBCO T-585 3/4"" BV",44,,"4""",
28-1166,80,400,EA,"NIBCO T-560 1"" BV",80,,"1""",
28-1167,220,400,EA,"NIBCO T-560 2"" BV",220,,"2""",
28-1168,361,402.1,EA,"NIBCO T-619 2""  GV",361,,"2""",
28-1169,40,400,EA,"NIBCO T-595-Y 3/4"" BV",40,,"4""",
28-1170,129,400,EA,"NIBCO T-595-Y 1"" BV",129,,"1""",
28-1171,991,400,EA,"NIBCO T-590-Y 3"" BV",991,,"3""",
28-1172,11,402,EA,"NIBCO 4660-S 1 1/4"" BV",11,,"4""",
28-1173,21,402,EA,"NIBCO 4660-S 2"" BV",21,,"2""",
28-1174,16,402,EA,"NIBCO 4660-S 1 1/2"" BV",16,,"2""",
28-1175,201,400,EA,"NIBCO T-560 1.5"" BV",201,,"5""",
28-1176,21,402.1,EA,"NIBCO 4660T-2""",21,,"2""",
28-1177,17,402.1,EA,"NIBCO 4660T-1.5""",17,,"5""",
28-1178,11,402.1,EA,"NIBCO 4660T-1.25""",11,,"25""",
28-1179,8,402.1,EA,"NIBCO 4660T-1""",8,,"1""",
28-1180,189,402,.,"NIBCO T-580-S6-R-66-LL 1.25""",189,,"25""",
28-1181,99,402,EA,"NIBCO T580-S6-R-66-100 1""",99,,"1""",
28-1182,108,402,EA,"NIBCO T-580-S6-R-66-LL 1""",108,M,"1""",
28-1183,85,402,EA,"NIBCO PC-FP600A-D-LF 1"" B.V.",85,M,"1""",
28-1185,97,402,EA,"NIBCO T-580-70  1.25"" BV",97,M,"25""",
28-1186,44,402,EA,"NIBCO T-580-70  3/4"" BV",44,M,"4""",
28-11861,57,402,EA,"NIBCO T-580-70 1""",57,M,"1""",
28-11862,75,402,EA,"NIBCO S45TB-E 1""",75,M,"1""",
28-11863,120,402,EA,"NIBCO S45TB-E 1.5""",120,M,"5""",
28-1187,46,402,EA,"NIBCO S-580-70 1""",46,M,"1""",
28-1188,750,400,EA,"NIBCO T-619 4"" (Threaded)",750,M,"4""",
28-1189,207,400.2,EA,"NIBCO T-111 1 1/2""  W X-HANDLE",207,M,"2""",
28-1190,128,402,EA,"NIBCO T-580-70  1.5"" BV",128,M,"5""",
28-1191,1350,402,EA,"NIBCO T580-70-66  3""",1350,M,"3""",
28-1192,1120,402,EA,"NIBCO T-580-70-66  2.5"" BV",1120,M,"5""",
28-1193,290,402,EA,"NIBCO T-580-70-66 2"" BV",290,M,"2""",
28-1194,280,402,EA,"NIBCO T-580-70-66 1.5"" BV",280,M,"5""",
28-1195,205,402,EA,"NIBCO T-580-70-66 1.25"" BV",205,M,"25""",
28-1196,101,402,EA,"NIBCO T-580-70-66 1"" BV",101,,"1""",
28-1197,80,402,EA,"NIBCO T-580-70-66 3/4"" BV",80,,"4""",
28-1200,540,403,EA,"NIBCO P-619-RW 3""",540,,"3""",
28-1201,160,402,EA,"NIBCO TFP-600A 2"" BV",160,,"2""",
28-1202,67,402,EA,"NIBCO TFP-600A 1.25"" BV",67,,"25""",
28-1203,151.5,402,EA,"NIBCO TFP-600A 2.5"" BV",395,,"5""",
28-1204,35,402,EA,"NIBCO TFP-600A-1""",35,,"1""",
28-1205,20,402,EA,"NIBCO TFP-600A-N-1""",20,,"1""",
28-1206,100,402,EA,"NIBCO U45-TBE-150 1.5"" (TUBV)",100,,"5""",
28-1207,55,400,EA,"NIBCO TFP-600N 2""",55,,"2""",
28-1208,276,402,EA,"NIBCO TFP-600A-LF-LL 2.5""",276,,"5""",
28-1209,,,,"NIBCO TFP-600A-66-SSHAN 3/4""",,,,
28-1210,101,402,EA,"NIBCO NL95-HOA 1"" BV, (SH, SN)",101,,"1""",
28-1211,170,402,EA,"NIBCO NL95-H0B 1.25"" (WITH SS, SN)",170,,"25""",
28-1212,219,402,ea,"NIBCO NL95-H0C 1.5"" (with SH, SN)",219,,"5""",
28-1213,289,402,ea,"NIBCO NL95-H0D 2"" (with SH, SN)",289,,"2""",
28-1214,95,402.1,EA,"NIBCO TFP-600A 1.5"" BV",95,,"5""",
28-1215,125,402,EA,"NIBCO TFP-600A-LF-LL 1.5""",125,,"5""",
28-1216,190,402,EA,"NIBCO TFP-600A-LF-2""",190,,"2""",
28-1217,620,403,EA,"NIBCO P-619 4"" PUSH ON",620,,"4""",
28-1218,930,403,EA,"NIBCO P-619 6""",930,,"6""",
28-1219,50,402,EA,"NIBCO TFP-600A-LF-1""",50,,"1""",
28-1220,230,400,EA,"NIBCO T-311-YK 3/4"" BRASS ANGLE VALVE",230,,"4""",
28-1221,290,400,EA,"NIBCO T-311-YK 1"" BRASS ANGLE VALVE",290,,"1""",
28-1222,370,400,EA,"NIBCO T-311-YK 1.25"" BRASS ANGLE VALVE",370,,"25""",
28-1223,500,400,EA,"NIBCO T-311-YK 1.5"" BRASS ANGLE VALVE",500,,"5""",
28-1224,770,400,EA,"NIBCO T-311-YK 2"" BRASS ANGLE VALVE",770,,"2""",
28-1225,,,,"NIBCO TFP-600A-LF 1.5""",,,,
28-1235,525,400,EA,"NIBCO F-619-RWS-4""",525,,"4""",
28-1236,526,400.3,EA,"NIBCO F-619-RW-SON-2 1/2""",526,,"2""",
28-1237,380,400,EA,"NIBCO F-619-SON RW 3""",380,,"3""",
28-1237.1,524,400.2,EA,"NIBCO F619-RW-SON 2.5 """,524,,"5""",
28-1238,260,400,EA,"TUFSKIN LUG LB-0200-TNO-BS 2""",260,,"2""",
28-1239,490,402,EA,"TUF-SKIN LUG LB-TNO-BS 6""",490,,"6""",
28-1240,690,400.2,EA,"NIBCO F-619-RWS-SON-4""",690,,"4""",
28-1245,265,380,EA,"CLAYTON 5163-01 MASTER VALVE 2""",265,POC,"2""",
28-1246,222.75,380,EA,"CLAYTON 5160 W/FLOW CONTROL 2 1/2""",222.75,,"2""",
28-1247,132.7,380,EA,"CLAYTON 5160 W/FLOW CONTROL 2""",132.7,,"2""",
28-1248,114.85,380,EA,"CLAYTON 5160 W/FLOW CONTROL 1 1/2""",114.85,,"2""",
28-1249,0.11,None,FT,"CLAYTON 5/16"" HYDRAULIC TUBING",0.11,,"16""",
28-1250,75,400,EA,"CLOW 2"" THREDED GATE VALVE",75,,"2""",
28-1262,189,400,EA,"NIBCO T-590-Y 1.25"" BALL VALVE",189,,"25""",
28-1263,227,400,EA,"NIBCO T-590-Y 1.5"" BV227",227,,"5""",
28-1264,70,400,EA,"NIBCO T-590-Y 1""  BALL VALVE",70,,"1""",
28-1265,900,400.3,EA,"NIBCO LD2000 BUTTERFLY VALVE 3'', flgd, operating nut",626,,,
28-1266,230,400,EA,"NIBCO T-211  GLOBE VALVE  2 1/2""",230,,"2""",
28-1267,941,400.3,EA,"NIBCO F-619-600 6""",941,,"6""",
28-1268,380,400.3,EA,"NIBCO F-639 G.V. 3""",380,,"3""",
28-1269,600,400.3,EA,"NIBCO F-639 G.V.  4""",600,,"4""",
28-1270,100,402,EA,NIBCO UB 1.25'' B.V.,100,,,
28-1271,130,400,EA,"NIBCO UB -1.5"" GATE VALVE",130,,"5""",
28-1272,160,400,EA,"NIBCO UB 2"" GATE VALVE",160,,"2""",
28-1273,302.64,402,EA,"NIBCO T-585-70  2""",302.64,,"2""",
28-1274,185.33,402,EA,"NIBCO T-585-70 1.5""",185.33,,"5""",
28-1275,170,402,EA,"NIBCO T-585-70 1 1/4"" BV",170,,"4""",
28-1276,101,402,EA,"NIBCO T-585-70-66-ST 1""",101,,"1""",
28-1277,55,402,EA,"NIBCO T-585-80-LF 3/4""",55,,"4""",
28-1348,195,400,EA,"NIBCO F-619-RW-SON 2""",350,,"2""",
28-1367,1200,400,EA,"NIBCO F-619-RWS-SON 6""",1200,,"6""",
28-1368,422.09,400.3,EA,"NIBCO F 619 RW-SON-300 (RES WDG) 3""",422.09,,"3""",
28-1369,170,400.3,EA,"NIBCO TI-8 G.V.  4""",170,,"4""",
28-1370,550,400.3,EA,"NIBCO F619-RWS-SON-400 4""",550,,"4""",
28-1371,1800,400,EA,"NIBCO F-619-RWS-SON 8"" FL. GATE VALVE",1800,,"8""",
28-1372,1200,400,EA,"NIBCO F-619-RWS-SON 6"" FL. GATE VALVE",1200,,"6""",
28-1373,525,400,EA,"NIBCO F619-RW-SON-400 4"" FL. GATE VALVE",525,,"4""",
28-1374,422.09,400,EA,"NIBCO F619-RW-SON-300 3"" FL. GV",422.09,,"3""",
28-1375,4,402,EA,"NIBCO 4660-S-1/2""",4,,"2""",
28-1376,6,402,EA,"NIBCO 4660-T-1/2""",6,,"2""",
28-1377,525,402,EA,"NIBCO TFP-600A 3"" BV",525,,"3""",
28-1378,60,999,EA,NIBCO RG32000 HOSE BIBB LOCK,60,,,
28-1379,170,402,,"NIBCO T-13 2"" CHK VLV",170,,"2""",
2820-015,25,519,EA,JUNIPERUS BEAR 15G,25,,15G,
2820-315,50,519,EA,JUNIP. CHIN. COLUMNARIS 15G,50,,15G,
2820-415,150,519,EA,"JUN. CHIN. SPIRAL ""HETZI"" 15G",150,,15G,
2820-515,80,510.3,EA,"JUNIPER CHIN. ""PYRAMID"" 15G",80,,15G,
2820-615,56,519,EA,"JUNIPERUS S. ""MEDORA"" 15G",56,,15G,
2820-715,90,519,EA,JUNIPER MOONGLOW 15G,90,,15G,
2820-815,60,519,EA,JUNIPER BLUE ARROW 15G CLMN,60,,15G,
2821-015,50,519,EA,JUNIPERUS C. STRICTA 15G,50,,15G,
2821-115,40,519,EA,JUNIPER CHIN HETZII 15G,40,,15G,
2821-215,38,519,EA,JUNIPIER CHIN. MONLEP 15G,38,,15G,
2821-315,50,519,EA,JUNIPERUS COM. 'ARNOLD' 15G,50,,15G,
2822-015,25,519,EA,JUNIPERUS ELEPHANT 15G,25,,15G,
2822-024,95,507,EA,"JUNIPERUS ELEPHANT 24""",95,,"24""",
2822-048,950,503,EA,"JUNIPERUS ELEPHANT 48""",950,,"48""",
2822-115,55,510.3,EA,JUNIPER S. SKYROCKET 15G,55,,15G,
2822-215,100,519,EA,JUNIPERUS TOLLESON'S BLUE WEEPING 15G,100,,15G,
2822-224,530,507,EA,"JUNIPERUS SP. SPIRAL 24""",530,SH,"24""",
2822-315,60,510,EA,JUNIPER BLUE ARROW 15G,60,SH,15G,
2822-324,180,507,EA,"JUNIPERUS  TORULOSA 24""",180,TR,"24""",
2822-415,100,519,EA,JUNIPER SPECIMEN 15G,100,TR,15G,
2822-424,180,507,EA,"JUNI. CHIN. SKYROCKET 24""",180,TR,"24""",
2822-436,380,505,EA,"JUNI. CHIN. SPARTAN 36""  TWISTED",380,TR,"36""",
2822-524,530,507,EA,"JUNIPERUS HETZII COLUMNARIS 24"" SPIRAL",530,SH,"24""",
2822-715,40,519,EA,JUNIPER CHIN. HETZII 15G,40,SH,15G,
2823-505,10,520,EA,JUNIPERUS GOLD COAST 5G,10,SH,5G,
2823-605,23,520,EA,JUNIPER BLUE ARROW 5G,23,SH,5G,
2823-705,25,520,EA,JUNIPER MOOR-DENSE 5G,25,SH,5G,
2823-901,4,522,EA,JUNIPERUS CHI. 'SEA GREEN' 1G,4,SH,1G,
2823-905,13,520,EA,JUNIPERUS C SEA GREEN 5G,13,SH,5G,
2824-115,40,519,EA,JUNI. GLD CST SEA GRN 15G,40,SH,15G,
2835-205,14,520,EA,"JUNI. H. ""PRINCE O WALES"" 5G",14,,5G,
2879-015,60,510.3,EA,PODO HENKELII 15G CLMN,60,,15G,
29-0000,5,522,EA,DUDLEYA VIRENS 1G,5,,1G,
29-0001,6,522,EA,DUDLEYA BRITTONII 1G,6,,1G,
29-0002,7.5,522,5,YUCCA WHIPPLE 1G,7.5,,1G,
29-0003,8,522,EA,YUCCA RECURVIFOLIA 1G,8,,1G,
29-0004,3,524.1,EA,"DUDLEYA LANCEOLATA 4""",3,,"4""",
29-0005,21,520,EA,DUDLEYA 'BRITTON II' 5G,21,,5G,
29-0014,3,524.1,EA,"DUDLEYA PULVERULENTA 4""",3,,"4""",
29-0021,6,522,EA,DUDLEYA LANCEOLATA 1G,6,,1G,
29-0031,4.5,522,EA,DUDLEYA PULVERULENTA 1G,4.5,,1G,
29-0032,22,520,EA,DUDLEYA PULVERULENTA 5G,22,,5G,
29-0033,14,520,EA,DUDLEYA  X BUZZ PURPLE 5G,14,,5G,
29-0034,5,None,EA,4 X 3 PVC 35 INCREASER,5,,,
29-0041,,,,DUDLEYA EDULIS 1G,,,,
29-0044,5,999,EA,PVC DRAIN INCREASER 4P07 - 4 X 3,5,,,
29-0046,23,None,EA,PVC SDR 35 6 x 4 REDUCER,23,,,
29-0067,55,None,EA,8 X 4 INCREASER PVC DRAIN,55,,,
29-0068,103,None,EA,8 X 6 INCREASER PVC DRAIN,103,,,
29-0101,7.5,522,ea,HESPEROYUCCA WHIPPLEI 1G,7.5,,1G,
29-0201,8,522,EA,YUCCA COLOR GUARD 1G,8,GCC,1G,
29-0301,8,522,EA,YUCCA 'WALBRISTAR' 1G,8,,1G,
29-0401,7,522,EA,"YUCCA PALLIDA 1G (MtnStates, but no 1g)",7,,1G,
29-0406,10.95,None,EA,PVC DRAIN INCREASER - 6 X 4,10.95,,,
29-0407,20.25,402,EA,3 X 4 INCREASER STYRENE,20.25,,,
29-0607,20.25,402,EA,4 X 6 INCREASER STYRENE,20.25,,,
29-0610,360,None,EA,10 X 6 INCREASERS PVC DRAIN,360,,,
29-0810,351,None,,10 X 8 INCREASERS PVC DRAIN,351,,,
29-0812,551,None,EA,8 x 12 PVC DRAIN INCREASER,551,,,
29-1000,408.31,470,EA,RAINMASTER RM 12E,408.31,,,
29-1012,0,None,EA, INCREASERS PVC DRAIN,0,,,
29-1020,473.92,470,EA,RAINMASTER RM 18EG,473.92,,,
29-1040,595.05,470,EA,RAINMASTER RM 24EG,595.05,,,
29-1060,796.93,470,EA,RAINMASTER RM 30EG,796.93,,,
29-1080,1033.35,470,EA,RAINMASTER RM 36E,1033.35,,,
29-1081,750,380,EA,"RAINMASTER FS-150B 1 1/2"" (BRASS)",750,,"2""",
29-1085,136,480,EA,RAINMASTER PEDESTAL FOR RM/RME CONT,136,,,
29-1090,0,490,EA,RAINMASTER CONTROLLER ASSEMBLY,0,POC,,
29-1094,1400,None,EA,RAINMASTER PRO-MAX REMOTE KIT,1400,,,
29-1095,1275,None,EA,RAINMASTER RT5/RR REMOTE UNIT,1275,,,
29-1096,600,380,EA,"RAINMASTER EVFM-P300 3""",600,,"3""",
29-1097,540,380,EA,"RAINMASTER EVFM-P200 2""",540,,"2""",
29-1098,345,380,EA,RAINMASTER HAWK FS-200,345,,,
29-1099,360,380,EA,RAINMASTER HAWK FS-150,360,,,
29-1100,4510.56,490,EA,RAINMASTER EV-36-SEN W/110V. SS,4510.56,,,
29-1101,490,636,EA,"RAINMASTER EVFM P100 1""",490,,"1""",
29-1102,1.05,430,LF,RAINMASTER RM-CAB-14 CABLE,1.05,,,
29-1103,1.05,430,LF,RAINMASTER RM-CAB-14R (RED),1.05,,,
29-1104,1.05,430,LF,RAINMASTER RM-CAB-14O (ORANGE),1.05,,,
29-1105,1.05,430,LF,RAINMASTER RM-CAB-14G (GREEN),1.05,,14G,
29-1106,1.05,430,LF,RAINMASTER RM-CAB-14B (BLUE),1.05,,,
29-1107,1.05,430,LF,RAINMASTER RM-CAB-14BR (BROWN),1.05,,,
29-1108,1.05,430,LF,RAINMASTER RM-CAB-140P (PURPLE),1.05,,,
29-1109,1.05,430,LF,RAINMASTER RM-CAB-14Y (YELLOW),1.05,,,
29-1110,480,380,EA,RAINMASTER FS-100B,480,,,
29-1111,630,380,EA,"RAINMASTER FS-125  1 1/4""",630,,"4""",
29-1112,440,470,EA,"RAINMASTER RME ""EAGLE"" 12",440,,,
29-1113,621,470,EA,"RAINMASTER RME ""EAGLE"" 18",621,,,
29-1114,900,470,EA,"RAINMASTER RME ""EAGLE"" 24",900,,,
29-1115,1450,470,EA,"RAINMASTER RME ""EAGLE' 36",1450,,,
29-1116,630,380,EA,"RAINMASTER FS-150 1 1/2""",630,,"2""",
29-1117,650,381,EA,"RAINMASTER FS-200 2""",650,,"2""",
29-1118,320,635.2,EA,RAINMASTER RM-GP3-K (ground rod),320,,,
29-1120,193,380,EA,RAINMASTER EV-SEN-ADJ MOIST SENS.,193,,,
29-1121,603.5,380,EA,RAINMASTER EVFM-P400,603.5,,,
29-1122,420,380,EA,RAINMASTER EVFM-P150,420,,,
29-1124,2016.62,470,EA,EV42-PED W/PAINTED PEDESTAL,2016.62,,,
29-1125,2286.67,470,EA,EV48-PED W/PAINTED PEDESTAL,2286.67,,,
29-1126,2036,470,EA,RAINMASTER EVS-36-WM,2036,,,
29-1127,2520,470,EA,RAINMASTER EVS-48-WM,2520,,,
29-1128,1103,470,EA,RAINMASTER EV12,1103,,,
29-1129,1779,470,EA,RAINMASTER EVS-30-WM,1779,,,
29-1130,1557,470,EA,RAINMASTER EVS-24-WM,1557,,,
29-1131,1279,470,EA,RAINMASTER EVS-18-WM,1279,,,
29-1132,286,470,EA,RAINMASTER RM SERIES 12 STA,286,,,
29-1133,212,471,EA,RAINMASTER RM SERIES 6 STA,212,,,
29-1134,2585,470,EA,RAINMASTER DX2-40  WM,2585,,,
29-1135,600,470,EA,RAINMASTER SENTAR SE-18,600,,,
29-1136,1145,470,EA,"RAINMASTER RME ""HAWK"" 36 STA.",1145,,,
29-1137,235,471,EA,RAINMASTER SENTAR SE-4,235,,,
29-1138,245,471,EA,RAINMASTER SENTAR SE-6,245,,,
29-1139,310,471,EA,RAINMASTER SENTAR SE-8,310,,,
29-1140,395,470,EA,RAINMASTER SENTAR SE-12,395,,,
29-1141,765,470,EA,RAINMASTER SENTER SE-24,765,,,
29-1142,985,470,EA,RAINMASTER SENTAR SE-30,985,,,
29-1143,1915,470,EA,RAINMASTER DX24-WM-05,1915,,,
29-1144,2910,470,EA,RAINMASTER DX48-WM-05,2910,,,
29-1145,675,None,EA,RAINMASTER DX-05,675,,,
29-1146,935,470,EA,RAINMASTER DX18-WM-05,935,,,
29-1147,2135,470,EA,RAINMASTER DX30-WM-05,2135,L,,
29-1148,2405,470,EA,RAINMASTER DX36-WM-05,2405,L,,
29-1149,1400,490,EA,RAINMASTER DX6-WM-05,1400,L,,
29-1150,1535,490,EA,RAINMASTER DX12-WM-05,1535,L,,
29-1151,360,471,EA,RAINMASTER RME 4,360,L,,
29-1152,530,471,EA,RAINMASTER RME 8,530,L,,
29-1153,400,380,EA,RAINMASTER EVFM B-100 (BRASS),400,L,,
29-1154,1550,480,EA,RAINMASTER DX6-PPED,1550,L,,
29-1155,200,642,EA,RAINMASTER RMD-1 DECODER,200,L,,
29-1156,380,637,EA,RAINMASTER RMD-4 DECODER,380,L,,
29-1157,300,637,EA,RAINMASTER RMD-2 DECODER,300,L,,
29-1158,650,380,EA,"RAINMASTER EVFM 1 1/2"" BRASS",650,L,"2""",
29-1159,2.25,None,EA,RAINMASTER RMSPLICE -14,2.25,L,,
29-1160,3120.7,490,EA,RB MOUNTED ENCLOSURE CA5-RM1-24SE,3120.7,L,,
29-1166,178,380.5,EA,RAINMASTER RMLA (LIGHTNING ARRESTER),178,,,
29-1201,0,999,EA,RAINMASTER COOL-1 ENCLOSURE,0,,,
29-1202,170,642,EA,RAINMASTER TW-D1 SINGLE DECODER,170,,D1,
29-1203,225,635.2,EA,RAINMASTER TW-D2 DOUBLE DECODER,225,,D2,
29-1204,0,635.2,EA,RAINMASTER TW-D4  QUAD DECODER,0,,D4,
29-1205,0.8,430,LF,RAINMASTER TW-CAB-14 CABLE,0.8,,,
29-1206,2.7,None,EA,RAINMASTER TW SPLICE 14-KIT,2.7,,,
29-1207,1926,481,EA,RAINMASTER EGP8-S - 8 STA SS WM CABINET,1926,,,
29-1208,730,None,EA,RAINMASTER EP8-OPB - 8 STA. MOD.,730,,,
29-1209,1600,None,EA,RAINMASTER EGP-ICENTRAL - 2 YRS.,1600,,,
29-1407,4.93,None,EA,3 X 4 INCREASER ABS,4.93,,,
29-1607,0,999,EA,"ABS INCREASER - 4"" X 6""",0,,"4""",
2920-005,120,510.3,EA,JUNIPER C. SPIRAL 15G,120,,15G,
29-2023,100,401,EA,IRROMETER MOIST. MINI-CLIK II RAINSENSOR,100,POC,,
29-2024,520,470,EA,IRROMETER WMZ-24,520,,,
29-2025,69,401,EA,IRROMETER RA-612,69,,,
29-2026,72,401,EA,IRROMETER RA-624,72,,,
29-2027,527.8,401,EA,IRROMETER SA-IAM ADDRESS MODULE,527.8,,,
29-2028,432.5,401,EA,IRROMETER SA-IMST MOISTURE SENSOR,432.5,,,
29-2029,70.83,401,EA,IRROMETER #812 TGA AUTO TENSIOMETER,70.83,,,
29-2030,45.28,401,EA,IRROMETER #312 TG MANUAL TENSIOMETR,45.28,,,
29-2031,30.3,None,EA,IRROMETER FIELD SERVICE KIT,30.3,,,
29-2032,2700,470,EA,IRROMETER MHS-MOISTURE MGR,2700,,,
29-2033,200,401,EA,IRROMETER WEM-B SOIL MOIST SENS.,200,,,
2920-901,4,522,EA,HEMEROCALLIS 'EASY NED' 1G,4,,1G,
2960-105,11,513,EA,KOELREUTERIA BIPINNATA 5G STD,11,,5G,
2960-115,60,510,EA,KOELREUTERIA BIPIN. 15G STD,60,,15G,
2960-124,185,507,EA,"KOELREUTERIA BIPINNATA 24"" STD",175,,"24""",
2960-136,470,505,EA,"KOEL. BIPINNATA 36""  STD",470,,"36""",
2960-148,1100,503,EA,"KOELREUTERIA BIPINNATA 48"" STD",1100,,"48""",
2960-149,900,503,EA,"KOELRUETERIA BIP. 48"" MLT",900,,"48""",
2960-215,60,510,EA,KOELREUTERIA BIPINNATA 15G MLT,60,,15G,
2960-224,165,507,EA,"KOELREUTERIA BIPINNATA 24"" MLT",165,,"24""",
2960-236,485,505,EA,KOELREUTERIA BIP  36,485,,,
2960-248,1100,503,EA,"KOELREUTERIA BIPINNATA 48"" MLT",1100,,"48""",
29-607,12.65,None,EA,4 X 6  REDUCING COUPLING (USE 29-0046),12.65,,,
2962-115,55,510,EA,KOELREUTERIA PAN. 15G STD,55,,15G,
2962-124,175,507,EA,"KOELREUTERIA PANIC. 24"" STD",175,,"24""",
2962-136,465,505,EA,"KOELREUTERIA PANICULATA 36"" STD",465,,"36""",
2962-148,1100,503,EA,"KOELREUTERIA PANICULATA 48"" STD",1100,,"48""",
2962-215,35,510,EA,KOELREUTERIA PANICULATA 15G MLT,35,,15G,
2962-224,165,507,EA,"KOELREUTERIA PANICULATA 24"" MLT",165,,"24""",
2962-225,2600,501,EA,"KOELREUTERIA BIPINNATA 60"" STD",2600,,"60""",
2962-226,2000,501,EA,"KOELRUETERIA BIP. 60"" MLT",2000,,"60""",
2962-248,2600,501,EA,"KOELREUTERIA PANICULATA 60"" STD",2600,,"60""",
2991-136,480,505,EA,"GREVILLEA ROBUSTA 36""",480,,"36""",
2991-148,1400,503,EA,"GREVILLEA ROBUSTA 48""",1400,,"48""",
2991-236,750,505,EA,"GREVILLEA ROBUSTA 36"" MULTI",750,,"36""",
2991-524,180,507,EA,"GREVILLIA ROBUSTA 24""",180,,"24""",
300-030,0,None,EA,3 X 3 NIPPLE - SCH 80 (PVC),0,,,
300-030BL,0,None,EA,3 X 3 NIPPLE - SCH 80 (B-LN),0,,,
300-030BS,0,None,EA,3 X 3 NIPPLE (BRASS),0,,,
300-030UV,0,None,EA,2 1/2 X 3 NIPPLE - SCH 80 (UVR),0,,,
300-040,0,None,EA,3 X 4 NIPPLE - SCH 80 (PVC),0,,,
300-040BL,0,None,EA,3 X 4 NIPPLE - SCH 80 (B-LN),0,,,
300-040BS,0,None,EA,3 X 4 NIPPLE (BRASS),0,,,
300-040UV,0,None,EA,3 X 4 NIPPLE - SCH 80 (UVR),0,,,
300-060,0,None,EA,3 X 6 NIPPLE - SCH 80 (PVC),0,,,
300-060BL,0,None,EA,3 X 6 NIPPLE - SCH 80 (B-LN),0,,,
300-060BS,0,None,EA,3 X 6 NIPPLE (BRASS),0,,,
300-060UV,0,None,EA,3 X 6 NIPPLE - SCH 80 (UVR),0,,,
300-080,0,None,EA,3 X 8 NIPPLE - SCH 80 (PVC),0,,,
300-080BL,0,None,EA,3 X 8 NIPPLE - SCH 80 (B-LN),0,,,
300-080BS,0,None,EA,3 X 8 NIPPLE (BRASS),0,,,
300-080UV,0,None,EA,3 X 8 NIPPLE - SCH 80 (UVR),0,,,
300-100,0,None,EA,3 X 10 NIPPLE - SCH 80 (PVC),0,,,
300-100BL,0,None,EA,3 X 10 NIPPLE - SCH 80 (B-LN),0,,,
300-100BS,0,None,EA,3 X 10 NIPPLE (BRASS),0,,,
300-100UV,0,None,EA,3 X 10 NIPPLE - SCH 80 (UVR),0,,,
300-120,0,999,EA,NIPPLE - SCH 80 (PVC) - 3 X 12,0,,,
300-1205,1600,380,EA,"CLAVAL 90-48, 2.50""",1600,,"50""",
300-120BL,0,None,EA,3 X 12 NIPPLE (BL),0,,,
300-120BS,0,None,EA,3 X 12 NIPPLE (BRASS),0,,,
300-120UV,0,None,EA,3 X 12 NIPPLE - SCH 80 (UVR),0,,,
300-140,0,None,EA,3 X 14 NIPPLE - SCH 80 (PVC),0,,,
300-140BL,0,None,EA,3 X 14 NIPPLE - SCH 80 (B-LN),0,,,
300-140BS,0,None,EA,3 X 14 NIPPLE (BRASS),0,,,
300-140UV,0,None,EA,3 X 14 NIPPLE - SCH 80 (UVR),0,,,
300-160,0,None,EA,3 X 16 NIPPLE - SCH 80 (PVC),0,,,
300-160BL,0,None,EA,3 X 16 NIPPLE - SCH 80 (B-LN),0,,,
300-160BS,0,None,EA,3 X 16 NIPPLE (BRASS),0,,,
300-160UV,0,None,EA,3 X 16 NIPPLE - SCH 80 (UVR),0,,,
300-180,0,None,EA,3 X 18 NIPPLE - SCH 80 (PVC),0,,,
300-180BL,0,None,EA,3 X 18 NIPPLE - SCH 80 (B-LN),0,,,
300-180BS,0,None,EA,3 X 18 NIPPLE (BRASS),0,,,
300-180UV,0,999,EA,3 X 18 NIPPLE - SCH 80 (UVR),0,,,
300-200,1500,635.3,EA,"CLAVAL 92-01D5 3""",1500,,"3""",
300-201,2000,635.3,EA,"CLAVAL 92-01BD 4""",2000,CV,"4""",
300-202,1000,636,EA,"CLAVAL 92-01D6 2""",1000,CV,"2""",
300-205,1600,380,EA,"CLAVAL 90-48, 2.5"" PRV",1600,CV,"5""",
300-240,0,None,EA,3 X 24 NIPPLE - SCH 80 (PVC),0,M,,
300-240BL,0,None,EA,3 X 24 NIPPLE - SCH 80 (B-LN),0,M,,
300-240BS,0,None,EA,3 X 24 NIPPLE (BRASS),0,M,,
300-240UV,0,None,EA,3 X 24 NIPPLE - SCH 80 (UVR),0,M,,
300-300,0,None,EA,3 X 30 NIPPLE - SCH 80 (PVC),0,M,,
300-300BL,0,None,EA,3 X 30 NIPPLE - SCH 80 (B-LN),0,M,,
300-300BS,0,None,EA,3 X 30 NIPPLE (BRASS),0,M,,
300-300UV,0,None,EA,3 X 30 NIPPLE - SCH 80 (UVR),0,M,,
300-360,0,None,EA,3 X 360 NIPPLE - SCH 80 (PVC),0,M,,
300-360BL,0,None,EA,3 X 36 NIPPLE - SCH 80 (B-LN),0,M,,
300-360BS,0,None,EA,3 X 36 NIPPLE (BRASS),0,M,,
300-360UV,0,None,EA,3 X 36 NIPPLE - SCH 80 (UVR),0,M,,
300-CL,0,None,EA,3 X CLOSE NIPPLE - SCH 80 (PVC),0,M,,
300-CLBL,0,None,EA,3 X CLOSE NIPPLE - SCH 80 (B-LN),0,M,,
300-CLBS,0,None,EA,9302-403,0,M,,
300-CLUV,0,None,EA,3 X CLOSE NIPPLE - SCH 80 (UVR),0,M,,
30-1000,160,635,EA,"STOCKHAM G736 3"" RT/GV",160,M,"3""",
30-1001,245,635.3,EA,"STOCKHAM G736 6"" RT/GV",245,M,"6""",
30-1002,390,635.5,EA,"STOCKHAM G736 8"" RT/GV",390,M,"8""",
30-1003,600,635.6,EA,"STOCKHAM G743 10"" MJ/GV",600,M,"10""",
3010-036,485,505,EA,"LAGERSTROEMIA INDICA 36"" STD.",470,TR,"36""",
30-1004,1800,635.7,EA,"STOCKHAM G743 14"" MJ/GV",1800,M,"14""",
30-1005,6000,635.8,EA,"STOCKHAM G612 18"" FL/GV",6000,M,"18""",
30-1006,197,636,EA,"STOCKHAM G736 4""",197,M,"4""",
30-1010,861,None,EA,SYSTEMATIC HI-5000-4 M.S.PACKAGE,861,L,,
30-1011,190,None,EA,SYSTEMATIC HI-250 1 MOIST. SENS.,190,L,,
30-1012,8,639.2,EA,ELECTRICAL SWEEP,8,L,,
30-1013,70,999,EA,ELECTRIC GFI,70,L,,
3010-136,485,505,EA,"LAGER MUSKOGEE 36"" UPRIGHT MLT",470,TR,"36""",
30-1014,10,999,EA,ELECTRICAL FITTINGS,10,L,,
30-1020,0.58,None,EA,1/2 COUP TT BROWNLINE,0.58,L,,
3010-236,485,505,EA,"LAGER. F MUSKOGEE 36"" MLT",465,TR,"36""",
3010-336,485,505,EA,"LAGERS. F. MUSKOGEE 36"" STD",470,TR,"36""",
30-1040,1,None,EA,3/4 COUP TT BROWNLINE,1,L,,
3010-436,485,505,EA,"LAGERS. F. ""BILOXI"" 36"" STD",470,TR,"36""",
3010-536,485,505,EA,"LAGERSTROMIA FARNESIA 36"" MLT",470,TR,"36""",
30-1060,0.38,None,EA,1/2 COUP SS BROWNLINE,0.38,L,,
3010-636,485,505,EA,"LAGE. IND. SEMINOLE 36"" MLT",440,TR,"36""",
3010-736,485,505,EA,"LAGERSTROEMIA I. HYBRID 36"" MLT",470,TR,"36""",
30-1080,0.5,None,EA,3/4 COUP SS BROWNLINE,0.5,L,,
3010-836,485,505,EA,"LAGER. F. ""ARAPAHO"" 36""",465,TR,"36""",
3010-936,485,505,EA,"LAGER SEMINOLE 36"" STD",440,TR,"36""",
30-1100,0.75,None,EA,1 COUP SS BROWNLINE,0.75,L,,
3011-036,490,505,EA,"LAGER ZUNI 36"" STD",450,TR,"36""",
30-1110,45,186.1,LF,"SLV 8"" SCH 80 PVC",45,S,"8""",
30-1111,22.15,185,LF,"SLV 6"" SCH 80 PVC",22.15,S,"6""",
30-1112,11.6,182,LF,"SLV 4"" SCH 80 PVC",11.6,S,"4""",
30-1113,7.95,172,LF,"SLV 3"" SCH 80 PVC",7.95,S,"3""",
3011-136,450,505,EA,"LAGER WHIT III 36"" MLT",450,TR,"36""",
30-1114,5.95,154,LF,"SLV 2.5"" SCH 80 PVC",5.95,S,"5""",
30-1115,3.9,154,LF,"SLV 2"" SCH 80 PVC",3.9,S,"2""",
30-1116,2.8,144,LF,"SLV 1.5"" SCH 80 PVC",2.8,S,"5""",
30-1117,2.35,134,LF,"SLV 1.25"" SCH 80 PVC",2.35,S,"25""",
30-1118,1.7,124,LF,"SLV 1"" SCH 80 PVC",1.7,S,"1""",
30-1120,1,None,EA,1 1/4 COUP SS BROWNLINE,1,L,,
30-1121,16,187,LF,"SLV PVC 10"" CLASS 200 PIPE",16,S,"10""",
30-1140,1.15,None,EA,1 1/2 COUP SS BROWNLINE,1.15,L,,
30-1160,1.75,None,EA,2 COUP SS BROWNLINE,1.75,L,,
30-1180,4,None,EA,2 1/2 COUP SS BROWNLINE,4,L,,
30-1200,5.5,None,EA,3 COUP SS BROWNLINE,5.5,L,,
30-1220,0.35,None,EA,1/2 90 SS BROWNLINE,0.35,L,,
3012-224,190,507,EA,LAG. F NATCHEZ 24,190,TR,,
3012-324,190,507,EA,LAGER. NATCHEZ  24,190,TR,,
30-1240,0.45,None,EA,3/4 90 SS BROWNLINE,0.45,L,,
3012-424,190,507,EA,LAGER. IND. COMANCHE 24,190,TR,,
30-1260,0.75,None,EA,1 90 SS BROWNLINE,0.75,L,,
30-1280,1.08,None,EA,1 1/4 90 SS BROWNLINE,1.08,L,,
30-1300,1.63,None,EA,1 1/2 90 SS BROWNLINE,1.63,L,,
3013-115,60,510,EA,LAGERSTROEMIA PECOS 15G,60,TR,15G,
30-1320,2.25,None,EA,2 90 SS BROWNLINE,2.25,L,,
3013-215,70,519,EA,LAGERS BURG. COTTON 15G MLT,70,TR,15G,
3013-315,75,510,EA,LAGER DOUBLE FEATURE 15G MLT,75,TR,15G,
30-1340,5.25,None,EA,2 1/2 90 SS BROWNLINE,5.25,L,,
3013-415,75,510,EA,LAGER GAMAD 1 15G MLT,75,TR,15G,
30-1360,8.25,None,EA,3 90 SS BROWNLINE,8.25,L,,
30-1380,2.55,None,EA,1/2 TEE SSS BROWNLINE,2.55,L,,
30-1400,3,None,EA,3/4 TEE SSS BROWNLINE,3,L,,
3014-024,185,507,EA,"LAGER. F. NATCHEZ 24""  STD",160,TR,"24""",
3014-036,490,503,EA,"LAGERS. I TONTO 36"" STD",470,TR,"36""",
3014-115,46.8,510,EA,LAGERS. TUSCARORA 15G STD,60,TR,15G,
3014-124,185,507,EA,"LAGER TUSKEEGEE 24"" MLT",160,TR,"24""",
3014-136,485,503,EA,"LAGERS. I. MUSKOGEE 36 "" STD",450,TR,"36""",
3014-148,1100,503,EA,"LAGERS. I. MUSKOGEE 48"" MLT",1100,TR,"48""",
30-1420,6,None,EA,1 TEE SSS BROWNLINE,6,L,,
3014-224,185,507,EA,"LAG. F TUSCARORA 24"" MLT",175,TR,"24""",
3014-236,550,505,EA,"LAGER PEPPERMINT LACE 36"" MLT",550,TR,"36""",
3014-324,185,507,EA,"LAG. I. POTOMAC 24"" STD",165,TR,"24""",
3014-336,490,505,EA,"LAG. I. POTOMAC 36"" STD",465,TR,"36""",
30-1440,7.5,None,EA,1 1/4 TEE SSS BROWNLINE,7.5,L,,
3014-424,160,507,EA,"LAGER TUSCARORA 24"" DWF MLT",160,TR,"24""",
3014-436,485,505,EA,"LAGERSTR. I. NATCHEZ 36"" STD",470,TR,"36""",
3014-524,185,507,EA,"LAGER. CHEROKEE 24"" STD",160,TR,"24""",
3014-536,485,505,EA,"LAGERS TONTO 36"" MLT",465,TR,"36""",
30-1460,8.5,None,EA,1 1/2 TEE SSS BROWNLINE,8.5,L,,
3014-624,185,507,EA,LAG. F. TUSCARORA 24,185,TR,,
3014-724,190,507,EA,"LAGER. F. ""BILOXI"" 24"" STD",160,TR,"24""",
3014-736,485,505,EA,"LAGER IND CHEROKEE 36""",465,TR,"36""",
30-1480,10,None,EA,2 TEE SSS BROWNLINE,10,L,,
3014-815,60,510,EA,LAGERSTROEMIA CHEROKEE 15G,60,TR,15G,
3014-824,185,507,EA,"LAGERS. I. CHEROKEE 24"" STD",160,TR,"24""",
3014-836,485,505,EA,"LAGERS. F TUSCARORA 36"" MLT",465,TR,"36""",
3014-924,185,507,EA,"LAG. IND. FAUREI 24"" L/B",160,TR,"24""",
3014-936,465,505,EA,"LAGER. TUSCAROSA 36"" STD",465,TR,"36""",
30-1500,14,None,EA,2 1/2 TEE SSS BROWNLINE,14,L,,
3015-124,175,507,EA,"LAGERS. TUSKEEGEE 24"" STD",175,TR,"24""",
30-1520,22,None,EA,3 TEE SSS BROWNLINE,22,L,,
30-1530,3.23,999,EA,1 1/4 X 3/4 90 SS PVC,3.23,L,,
30-1540,0.48,None,EA,1/2 90 ST BROWNLINE,0.48,L,,
30-1560,0.53,None,EA,3/4 90 ST BROWNLINE,0.53,L,,
30-1580,0.53,None,EA,3/4 X 1/2 90 ST BROWNLINE,0.53,L,,
30-1590,0.8,None,EA,1 1/4 X 3/4 90 TT PVC ELL,0.8,L,,
30-1591,2.33,None,EA,1 1/4 X 3/4 90 TS PVC ELL,2.33,L,,
30-1600,0.5,None,EA,1/2 45 SS BROWNLINE,0.5,L,,
30-1620,0.65,None,EA,3/4 45 SS BROWNLINE,0.65,L,,
30-1640,0.82,None,EA,1 45 SS BROWNLINE,0.82,L,,
30-1660,1.28,None,EA,1 1/4 45 SS BROWNLINE,1.28,L,,
30-1680,0.61,None,EA,1 1/2 45 SS BROWNLINE,0.61,L,,
30-1700,2.18,None,EA,2 45 SS BROWNLINE,2.18,L,,
30-1720,6,None,EA,2 1/2 45 SS BROWNLINE,6,L,,
30-1740,9.25,None,EA,3 45 SS BROWNLINE,9.25,L,,
30-1760,0.5,None,EA,1/2 TEE SST BROWNLINE,0.5,L,,
30-1780,0.58,None,EA,3/4 TEE SST BROWNLINE,0.58,L,,
30-1800,10,None,EA,"2"" x 10' lodgepole",10,TRSTK,"2""",
30-1820,1.1,None,EA,1 X 1/2 TEE SST BROWNLINE,1.1,L,,
30-1821,0.7,None,EA,,0.7,,,
30-1822,1.7,None,EA,1 X 1/2 ELL SS,1.7,L,,
30-1840,1.1,None,EA,1 X 3/4 TEE SST BROWNLINE,1.1,L,,
30-1860,1.75,None,EA,1 1/4 X 1/2 TEE SST BROWNLINE,1.75,L,,
30-1880,1.75,None,EA,1 1/4 X 3/4 TEE SST BROWNLINE,1.75,L,,
30-1900,2.63,None,EA,1 1/2 X 1/2 TEE SST BROWNINE,2.63,L,,
30-1920,2.63,None,EA,1 1/2 X 3/4 TEE SST BROWNLINE,2.63,L,,
30-1940,6,None,EA,2 X 1/2 TEE SST BROWNLINE,6,L,,
30-1960,3,None,EA,2 X 3/4 TEE SST BROWNLINE,3,L,,
30-1980,0.4,None,EA,3/4 X 1/2 RB SS BROWNLINE,0.4,L,,
30-2000,0.58,None,EA,1 X 1/2 RB SS BROWNLINE,0.58,L,,
3020-005,18,802,EA,LAGERSTROMIA I. 5G MLT,18,TR,5G,
30-2001,4000,490,EA,PTS SA-10-24,4000,L,,
30-2002,7515,490,EA,PTS SA-20-24/24,7515,L,,
30-2003,19.43,186,FT,"6"" CL 200 RT ALERT (MAIN)",19.43,M,"6""",
3020-030,200,506,EA,"LAGERSTROEMIA F. BILOXI STD 30"" STD",200,TR,"30""",
30-2004,215,635,EA,"CRISPIN PL-20 2""",215,CV,"2""",
30-2005,5.47,170,FT,"3"" CL 200 RT ALERT (MAIN)",5.47,M,"3""",
30-2006,0.81,162,FT,"2 1/2"" CL 200 RT ALERT",0.81,M,"2""",
30-2007,0.54,152,FT,"2"" CL 200 RT ALERT (MAIN)",0.54,M,"2""",
30-2008,0.29,142,FT,"1 1/2"" CL 200 RT ALERT (MAIN)",0.29,M,"2""",
30-2009,0.23,132,FT,"1 1/4"" CL 200 RT ALERT (MAIN)",0.23,M,"4""",
30-2010,0.11,122,FT,"1"" CL 200 RT ALERT (MAIN)",0.11,M,"1""",
3020-105,28,802,EA,"LAGER. ""MONIMP"" 5G STD",28,TR,5G,
30-2011,23.23,187,FT,"SLV 12"" CL 200 PVC (SLEEVE)",23.23,S,"12""",
3020-115,60,510,EA,LAGERSTROEMIA PINK 15G STD,60,TR,15G,
30-2012,22.28,186,FT,"SLV 8"" CL 200 PVC",22.28,S,"8""",
3020-124,160,507,EA,"LAGER. I. PINK 24"" STD",160,TR,"24""",
30-2013,14.8,185,FT,"SLV 6"" CL 200 PVC",14.8,S,"6""",
3020-130,275,506,EA,"LAGERSTROEMIA IND PINK 30"" STD",275,TR,"30""",
3020-136,465,505,EA,"LAGERSTROEMIA I PINK 36"" STD",465,TR,"36""",
30-2014,3.79,182,FT,"SVL 4""  CL 200 PVC PIPE",3.79,S,"4""",
3020-148,1100,503,EA,"LAGERSTROEMIA IND PINK 48"" STD",1100,TR,"48""",
30-2015,3.4,172,FT,"SLV 3"" CL 200 PVC PIPE",3.4,S,"3""",
30-2016,350,635,EA,RB F69300 PULSE DECODER,350,L,,
30-2017,525,380,EA,"DATA IND IRR-228-B-2""",525,L,"2""",
30-2018,565,635,EA,DATA IND 760M TRANSMITTER,565,L,,
30-2019,300,635,EA,DATA IND 800 LARC RELAY,300,L,,
30-2020,0.58,None,EA,1 X 3/4 RB SS BROWNLINE,0.58,L,,
30-2021,56.5,401,EA,IRROMETER RA-18,56.5,L,,
3020-215,60,510,EA,LAGERSTROEMIA PINK 15G MLT,60,TR,15G,
30-2022,68,401,EA,IRROMETER RA-36,68,L,,
3020-224,160,507,EA,"LAG. I. PINK 24"" MLT",160,TR,"24""",
30-2023,0,647,EA,IRRIGATION PUMP GENERIC #1,0,PMP,,
3020-230,250,506,EA,"LAGERSTROEMIA IND PINK 30"" MUL",250,TR,"30""",
30-20231,0,647,EA,IRRIGATION PUMP GENERIC #2,0,PMP,,
30-20232,0,647,EA,IRRIGATION PUMP GENERIC #3,0,PMP,,
3020-236,450,505,EA,"LAGERSTROEMIA I. PINK 36"" MLT",450,TR,"36""",
30-2024,8.5,637,EA,"KBI KSC-0500 1/2"" SLIP SWING CHECK",8.5,CV,"2""",
3020-248,1100,503,EA,"LAGERSTROEMIA I. PINK 48"" MLT",1100,TR,"48""",
30-2025,23,637,EA,"KBI KSC-0750  SLIP SWING CHECK 3/4""",23,CV,"4""",
30-2026,23,637,EA,"KBI KSC-1000 SLIP SWING CHECK 1""",23,CV,"1""",
30-2027,24,637,EA,"KBI KSC-1250 SLIP SWING CHECK 1-1/4""",24,CV,"4""",
30-2028,25,637,EA,"KBI KSC-1500 SLIP SWING CHECK 1-1/2""",25,CV,"2""",
30-2029,38,637,EA,"KBI KSC-2000 SLIP SWING CHECK 2""",38,CV,"2""",
30-2030,60,637,EA,"KBI KSC 3000 3"" SLIP SWING CHECK",60,CV,"3""",
30-2031,35,637,EA,"KBI KSC-2500 SLIP SWG CHK 2.5"" (discontinued)",35,CV,"5""",
3020-315,60,510,EA,LAGERS. MUSKOGEE 15G MLT,60,TR,15G,
30-2032,25000,647,EA,PUMP ASSEMBLY #4,25000,PMP,,
3020-324,160,507,EA,"LAGERS. CENTENNIAL SPIRIT 24"" STD",160,TR,"24""",
30-2040,0.83,None,EA,1 1/4 X 1 RB SS BROWNLINE,0.83,L,,
30-2041,4369.37,635.5,EA,5HP PUMP (PRE-ASSEMBLED),4369.37,PMP,,
3020-415,60,510,EA,LAGERSTROEMIA YUMA 15G MLT,60,TR,15G,
30-2042,400,999,EA,"PUMP MISC FITTINGS, 2""",400,PMP,"2""",
30-2043,650,999,EA,"PUMP FITTINGS 3""",650,PMP,"3""",
3020-515,60,510,EA,LAGERS. COMANCHE 15G MLT,60,TR,15G,
30-2060,0.83,None,EA,1 1/4 X 3/4 RB SS BROWNLINE,0.83,L,,
3020-615,60,510,EA,LAGER PETITE ORCHARD 15G STD,60,TR,15G,
30-2080,0.98,None,EA,1 1/2 X 1 1/4 RB SS BROWNLINE,0.98,L,,
30-2091,865,380,EA,WATERTRONICS FLOW SENSOR,865,POC,,
30-2095,490,635.3,EA,"FOUNTAIN WATERBOX/PUMP KIT 36""",490,PMP,"36""",
30-2096,1500,635.4,EA,SUMP PUMP 1HP,1500,PMP,,
30-2097,700,635.4,EA,SUMP PUMP 1/2 HP,700,PMP,,
30-2098,,,,SUMP PUMP 1/4 HP,,,,
30-2100,0.98,None,EA,1 1/2 X 1 RB SS BROWNLINE,0.98,L,,
30-2103,8.98,180,FT,"4"" CL 200 ALERT RT (MAIN)",8.98,M,"4""",
30-2104,1.29,171,LF,"3"" CL 200 PVC",1.29,M,"3""",
30-2120,1.2,None,EA,2 X 1 RB SS BROWNLINE,1.2,L,,
30-2140,1.2,None,EA,2 X 1 1/2 RB SS BROWNLINE,1.2,L,,
30-2160,2.25,None,EA,2 1/2 X 2 RB SS BROWNLINE,2.25,L,,
30-217,982,481,EA,LEIT X10 CONTROLLER 10 ST W/ LEIT KEY,982,POC,,
30-218,733,481,EA,"LEIT 4004 SOLAR CONTROLLER, 4 STA, W/KEY",733,POC,,
30-2180,2.25,None,EA,2/ 1/2 X 1 1/2 RB SS BROWNLINE,2.25,L,,
30-219,1107,481,EA,"LEIT 4008 CONTROLLER, 8 STA, W/ KEY",1107,POC,,
30-220,63,None,EA,LEMA MICROPOWER ACTUATORS (TYP.),63,L,,
30-2200,2.88,None,EA,3 X 2 1/2 RB SS BROWNLINE,2.88,L,,
30-2205,340,220,EA,"CRISPIN AL-10 1"" AIR VACUUM",340,CV,"1""",
30-221,496,635.3,EA,LEIT 8000 ENCLOSURE,496,L,,
3022-115,60,510,EA,LAGERSTROEMIA I. RED 15G STD,60,TR,15G,
3022-124,160,507,EA,"LAGER. I. RED 24"" STD",160,TR,"24""",
3022-130,275,506,EA,"LAGERSTROEMIA IND RED 30"" STD",275,TR,"30""",
3022-136,465,505,EA,"LAGERSTROEMIA RED 36"" STD",465,TR,"36""",
3022-148,1100,503,EA,"LAGERSTROEMIA IND RED 48"" STD",1100,TR,"48""",
30-222,2100,481,EA,"LEIT XR28  CONTROLLER 28 STA, W/KEY",2100,POC,,
30-2220,2.88,None,EA,3 X 2 RB SS BROWNLINE,2.88,L,,
3022-215,60,510,EA,LAGERSTROEMIA RED 15G MLT,60,TR,15G,
3022-224,160,507,EA,"LAGER NATCHEZ 24"" MLT",160,TR,"24""",
3022-230,350,506,EA,"LAGERS. IND RED 30"" MLT",350,TR,"30""",
3022-236,465,505,EA,"LAGERSTROEMIA I. RED 36"" MLT",465,TR,"36""",
3022-248,1100,503,EA,"LAGERSTROMIA IND RED 48"" MLT",1100,TR,"48""",
30-223,60,None,EA,LEIT LEMA 1521-E RAINBIRD ACTUATOR,60,L,,
30-2230,2.5,639.4,EA,LEIT 30-922 ADAPTER,2.5,L,,
3022-315,60,510,EA,LAGER I. CENTENNIAL SPIRIT 15G,60,TR,15G,
3022-336,450,505,EA,"LAGERS. CHOCTAW 36"" STD",450,TR,"36""",
3022-348,1100,503,EA,"LAGER.'WATERMELON RED' 48"" STD",1100,TR,"48""",
30-224,153,635.1,EA,LEIT MCOLXS MOUNTING COL.,153,L,,
30-2240,2.88,None,EA,3 X 1 1/2 RB SS BROWNLINE,2.88,L,,
3022-415,60,510,EA,LAGERS. WATERMELON 15G,60,TR,15G,
3022-436,450,505,EA,"LAGERS. YUMA 36"" STD",450,TR,"36""",
3022-448,1100,503,EA,"LAGERS WATERMELON RED 48"" MLT",1100,TR,"48""",
30-225,460,480,EA,LEIT 4000 SS ENCLOSURE,460,L,,
3022-515,60,510,EA,LAGER DOUBLE FEATURE 15G MLT,60,TR,15G,
3022-536,465,505,EA,"LAGER. CENTENNIAL SPIRIT 36"" STD",465,TR,"36""",
3022-548,1100,503,EA,"LAGERSTROEMIA 'DYNAMITE' 48"" STD.",1100,TR,"48""",
30-226,1496,481,EA,LEIT XR10 CONTROLLER 10 ST W/LEIT KEY,1496,POC,,
30-2260,0.4,None,EA,3/4 MA TS BROWNLINE,0.4,L,,
3022-624,170,507,EA,"LAGERS.. 'ZUNI' 24"" MLT",170,TR,"24""",
3022-636,550,505,EA,"LAGERSTROEMIA YUMA 36"" MLT",550,TR,"36""",
30-227,3.95,None,EA,LEIT LEMA 1521-S RAINBIRD ACTUATOR,3.95,L,,
3022-724,185,507,EA,LAGERS. I. NATCHEZ 24,185,TR,,
3022-736,490,505,EA,LAGER CENTENNIAL SPIRIT 36 MLT,490,TR,,
30-228,2.25,None,EA,LEIT LEMA 1525-S HUNTER ADAPTOR,2.25,L,,
30-2280,0.5,None,EA,1 MA TS BROWNLINE,0.5,L,,
30-229,1204,490,EA,LEIT XR06 CONTROLLER 6 STW/ LEIT KEY,1204,POC,,
30-2291,1700,481,EA,DIG LEIT 16 STA CONTR W/ RADIO TECH/KEY,1700,L,,
30-2292,140,999,EA,DIG MCOLXL MOUNTING POLE,140,L,,
30-2293,440,999,EA,LEIT HANDHELD REMOTE,440,L,,
30-2300,0.7,None,EA,1 1/4 MA TS BROWNLINE,0.7,L,,
30-231,120,635.1,EA,"LEIT 4000L MOUNTING COLUMN 48""",120,L,"48""",
3023-124,160,507,EA,"LAG. WATERMELON RED 24"" STD",160,TR,"24""",
3023-136,470,505,EA,"LAGER. WATERMELON RED 36"" MLT",470,TR,"36""",
3023-148,1100,503.1,EA,"LAGER. I. 'TUSCARORA' 48"" STD.",1100,TR,"48""",
30-232,70,None,EA,LEIT 1600 HE ACTUATORS,70,L,,
30-2320,0.85,None,EA,1 1/2 MA TS BROWNLINE,0.85,L,,
3023-236,470,505,EA,"LAGERS. WATERMELON RED 36"" STD.",470,TR,"36""",
30-233,3,639.4,EA,LEIT 30-291 ADAPTER,3,L,,
30-2340,1.38,None,EA,2 MA TS BROWNLINE,1.38,L,,
30-2360,3.5,None,EA,2 1/2 MA TS BROWNLINE,3.5,L,,
30-2380,4.5,None,EA,522-136,4.5,L,,
30-2400,1,None,EA,1/2 X 6 NIPPLE UVR,1,L,,
3024-024,160,507,EA,"LAGER. I. WATERMELON RED 24"" STD",160,TR,"24""",
3024-048,1100,503,EA,"LAGERST. F. NATCHEZ 48"" STD",1100,TR,"48""",
3024-115,60,510,EA,LAGERSTROEMIA  I. WHITE 15G STD,60,TR,15G,
3024-124,160,507,EA,"LAG. I. WHITE 24"" STD",160,TR,"24""",
3024-130,275,506,EA,"LAGERSTROEMIA IND WHITE 30"" STD",275,TR,"30""",
3024-136,440,505,EA,"LAGERSTROEMIA I WHITE 36"" STD",440,TR,"36""",
3024-148,1050,503,EA,"LAGERSTROEMIA IND WHITE 48"" STD",1050,TR,"48""",
3024-160,2300,501,EA,"LAGERS. IND. WHITE 60"" STD",2300,TR,"60""",
30-2420,0.8,None,EA,1/2 X 8 NIPPLE UVR,0.8,L,,
3024-215,33,510,EA,LAGERS. WHITE 15G MLT,33,TR,15G,
3024-224,175,507,EA,"LAG. ""WHITT X"" 24"" MLT",175,TR,"24""",
3024-230,400,506,EA,"LAGERSTROEMIA WHITE 30"" MLT",400,TR,"30""",
3024-236,465,505,EA,"LAGERS. I. WHITE 36"" MLT",465,TR,"36""",
3024-248,1050,503,EA,"LAGERSTROEMIA IND WHITE 48"" MLT",1050,TR,"48""",
3024-260,2200,501,EA,"LAGER. I. 'GLENDORA WHITE' 60"" STD",2200,TR,"60""",
3024-315,55,510,EA,LAGERS. TUSCARORA 15G MLT,55,TR,15G,
3024-324,170,507,EA,"LAGERS ARAPAHO 24"" MLT",170,TR,"24""",
3024-336,485,505,EA,LAGER. IND. NATCHEZ 36 MLT,485,TR,,
3024-348,1100,503,EA,"LAGERSTR. NATCHEZ 48"" MLT",1100,TR,"48""",
3024-360,1600,501,EA,"LAGERSTROEMIA MUSKOGEE 60"" MLT",1600,TR,"60""",
30-2440,2.4,None,EA,1/2 X 10 NIPPLE UVR,2.4,L,,
3024-415,60,510,EA,LAGERSTROEMIA BILOXI 15G STD,60,TR,15G,
3024-424,155,507,EA,"LAGER. I. MUSKOGEE 24"" STD",155,TR,"24""",
3024-436,440,505,EA,"LAGER CATAWBA 36"" STD",440,TR,"36""",
3024-448,1100,503,EA,"LAGERSTROMIA FAURIEI 48"" STD",1100,TR,"48""",
3024-460,2500,501,EA,"LAGER NATCHEZ 60"" MLT",2500,TR,"60""",
3024-524,115,507,EA,"LAGER. I GLENDORA WHITE 24"" STD",115,TR,"24""",
3024-536,440,505,EA,"LAGER TUSKEGEE 36"" MLT",440,TR,"36""",
3024-548,1050,503,EA,"LAGE. F. NATCHEZ 48"" UPRIGHT MLT",1050,TR,"48""",
3024-560,2200,501,EA,"LAGERSTROMIA I. 'COMANCHE' 60"" MLT",2200,TR,"60""",
30-2460,1.6,None,EA,1/2 X 12 NIPPLE UVR,1.6,L,,
3024-624,175,507,EA,"LAGER EARLY BIRD L 24"" MLT",175,TR,"24""",
3024-636,465,505,EA,"LAGERSTROEMIA DYNAMITE 36"" STD",465,TR,"36""",
3024-648,1050,503,EA,"LAGERS GLENDORA WHITE 48"" MLT",1050,TR,"48""",
3024-660,2800,501,EA,"LAGERSTROEMIA 'TUSCARORA' 60"" MLT",2800,TR,"60""",
3024-724,175,507,EA,"LAGER RED ROCKET 24"" MLT",175,TR,"24""",
3024-736,430,505,EA,"LAGERSTROEMIA I. 'COMANCHE' 36"" MLT",430,TR,"36""",
30-2480,1.25,None,EA,3/4 X 6 NIPPLE UVR,1.25,L,,
3024-824,220,507,EA,"LAG. PETITE PINK 24"" MLT",220,TR,"24""",
3024-836,440,505,EA,"LAGER. FAU. 'NATCHEZ' 36"" UPRIGHT MLT",440,TR,"36""",
3024-924,155,507,EA,"LAGER I FAUREI PINK 24"" STD",155,TR,"24""",
3024-936,450,505,EA,"LAGERSTROEMIA DYNAMITE 36"" MLT",450,TR,"36""",
30-2500,1.45,None,EA,3/4 X 8 NIPPLE UVR,1.45,L,,
3025-036,450,505,EA,"LAGER CATAWBA 36"" MLT",450,TR,"36""",
3025-115,155,507,EA,"LAG. I. SEMINOLE 24"" BOX",155,TR,"24""",
3025-124,170,507,EA,"LAGER WHITT DYNAMITE 24"" MLT",170,TR,"24""",
3025-136,440,505,EA,"LAGER TUSKEEGEE 36"" STD",440,TR,"36""",
30-2520,2.75,None,EA,"3/4"" x 10"" UVR NIPPLE",2.75,L,"4""",
30-2540,3,None,EA,3/4 X 12 NIPPLE UVR,3,L,,
30-2560,4,None,EA,3/4 X 18 NIPPLE UVR,4,L,,
30-2580,3.23,None,EA,5580-035,3.23,L,,
30-2600,5.3,None,EA,"CHECK VALVE UVR 3/4""",5.3,CV,"4""",
3026-105,12,513,EA,LAGERSTROEMIA I LAVENDER 5G STD,12,TR,5G,
3026-115,55,510,EA,LAGERS. LAVENDER 15G STD,55,TR,15G,
3026-215,55,510,EA,LAGERS. LAVENDER 15G MLT,55,TR,15G,
3026-224,155,507,EA,"LAG. I LAVENDER 24"" MLT",155,TR,"24""",
3026-230,275,506,EA,"LAG. I LAVENDER 30"" MUL",275,TR,"30""",
3026-236,450,505,EA,"LAGERS. I LAVENDER 36"" MLT",450,TR,"36""",
3026-248,830,503,EA,"LAGERS. I LAVENDER 48"" MUL",830,TR,"48""",
3026-315,100,510,EA,LAGER ENDURING SUMMER 15G MLT,,,,
3026-324,115,507,EA,"LAGER. I. ""LIPAN"" 24"" MLT",115,TR,"24""",
3026-348,1100,503,EA,"LAGERSTROEMA I. MUSKOGEE 48"" STD",1100,TR,"48""",
30-2682,300,380,EA,"NETAFIM 3M251T, 1"" METER",300,POC,"1""",
30-2683,35,380.2,EA,NETAFIM 65ARIA-100,35,L,,
30-2684,1.38,127,LF,NETAFIM NLCS CABLE IN CONDUIT,1.38,L,,
30-2685,320,380,EA,"NETAFIM 65ARIB1-B 2.5"" AIR RELIEF",320,L,"5""",
30-2686,137,380.2,EA,"NETAFIM 65ARIB1-0150 (1"")",137,L,"1""",
30-2687,35,380.2,EA,NETAFIM 65ARIA-075,35,L,,
30-2688,135,380.5,EA,NETAFIM NFSP SURGE PROTECTOR,135,,,
30-2689,60,None,EA,NETAFIM GR-K GROUNDING KIT,60,,,
30-2690,0.43,636.4,LF,NETAFIM TLRWP4-1810  TECHLINE (PURPLE),0.43,,,
30-2691,0.43,636.4,LF,NETAFIM TLRWP4-1210 TECHLINE (PURPLE),0.43,,,
30-2692,0.46,636.4,LF,NETAFIM TLRWP6 -1210 TECHLINE (purple),0.46,,,
30-2693,0.4,636.4,LF,"NETAFIM TLCV4-18025 TECHLINE 18"" OC",0.4,,"18""",
30-2694,775,380,EA,"NETAFIM  LHM15TG1-MEL NC 1 1/2""",775,,"2""",
30-2695,115,635.2,EA,NETAFIM NLC-100D SINGLE DECODER,115,,,
30-2696,195,380.5,EA,NETAFIM NLCSP100 LIGHTING ARRESTOR,195,,,
30-2697,326,432,EA,NETAFIM NLCSMS 100 MOISTURE SENSOR,326,,,
30-2698,0.35,636.4,FT,NETAFIM .4 TO .6 GPH TECHLINE,0.35,,,
30-2699,8,637.2,EA,NETAFIM PRV-075 LF 45V2K -35VSK  PRV,8,,LF,
30-2700,20,637.2,EA,"NETAFIM DF075- 3/4"" FILTER (140 MESH)",20,,"4""",
30-2701,145,636.5,EA,"NETAFIM TF10612-300CV 1"" FILTER & TECHLINE 300'",145,,"1""",
30-2702,153,636.5,EA,NETAFIM TF-10-6-12-300 CV FILTER,153,,,
30-2703,60,637.2,EA,"NETAFIM DF100 1"" (80-140 MESH) FLTR",60,,"1""",
30-2704,500,638.6,LF,NETAFIM TLCV4-1210 TECHLINE-1000',500,,,
30-2705,2.5,639.4,EA,NETAFIM TLCV-050-M1-B CHECK VALVE,2.5,CV,,
30-2706,25,638,EA,NETAFIM PRV150 15V2K to 45V2K PRESS REG,25,,,
30-2707,0.5,None,EA,NETAFIM TL TEE,0.5,,,
30-2708,0.33,None,EA,NETAFIM TL ELL,0.33,,,
30-2709,20,642,EA,"NETAFIM DF075 3/4"" (80 to 140 MESH)",20,,"4""",
30-2710,0.5,639.3,EA,NETAFIM WPC20 EMITTER,0.5,,,
30-2711,7,None,EA,"TORO NETAFIM PRV075LF20 3/4"" PR REG",7,,"4""",
3027-115,60,510,EA,LAGERSTROEMIA CATAWBA 15G STD,60,,15G,
30-2712,0.27,636.4,FT,TORO NETAFIM TLDL9-1201 TECHLINE,0.27,,,
3027-124,125,508,EA,"LAG. I. 'CATAWBA' 24"" MLT",125,,"24""",
30-2713,0.66,None,EA,NETAFIM 180 2-WAY ADAPTER,0.66,,,
30-2714,0.45,636.4,LF,NETAFIM TLDL6-1810 TECHLINE,0.45,,,
30-2715,5,402.3,EA,NETAFIM TLSOV SHUT OFF VALVE,5,,,
30-2716,8,637.2,EA,NETAFIM PRV-075 HF 45V2K  to 35V2K PRV,8,,,
30-2717,0.4,636.4,LF,"NETAFIM TLCV26-1210 TECHLINE 24"" OC",0.4,,"24""",
30-2718,140,636.5,EA,"NETAFIM TF10612-300 CV 1"" FILTER/TECHLINE",140,,"1""",
30-2719,390,636.6,EA,NETAFIM TF10612-1000CV FILTER & TECHLINE,390,,,
30-27199,464,None,EA,NETAFIM TF15L612-1000RW FILTER & TECHLINE,464,,,
30-2720,268,638.6,EA,NETAFIM 10918-1000CV,268,,,
30-2721,0.33,None,EA,NETAFIM TL050-MA,0.55,,,
30-2722,0.2,None,EA,NETAFIM TLCOUP,0.2,,,
3027-224,115,507,EA,"LAGERS. I. LAVENDER 24"" STD",115,,"24""",
30-2723,2,None,EA,NETAFIM TL075FTEE,2,,,
30-27235,1.5,999,EA,NETAFIM TL050FTEE,1.5,,,
30-2724,0.36,636.4,LF,"NETAFIM TLCV26-2410 TECHLINE 24"" OC",0.36,,"24""",
30-2725,0.15,639,LF,NETAFIM T806-06010 / LF,0.15,,LF,
30-2726,0.15,None,EA,NETAFIM TLS6 STAPLE,0.15,,,
30-2727,0.4,636.4,LF,"NETAFIM TLCV41810 TECHLINE 18"" OC",0.4,,"18""",
30-2728,0.7,None,EA,NETAFIM TL CROSS,0.7,,,
30-2729,9.3,402.3,EA,NETAFIM TLAVRV AIR/ VAC. RLF W/ TLO75FTEE,10,,,
30-2730,130,400.2,EA,POINT SOURCE 32-ARV-2-KA   A.R.V.,130,,,
30-2731,0.4,636.4,LF,"NETAFIM TLCV6-2410 TECHLINE 24"" OC",0.4,,"24""",
30-2732,0.4,636.4,LF,NETAFIM TLCV4-12025,0.4,,,
3027-324,190,508,EA,LAGER. CATAWBA 24,190,,,
30-2733,0.45,636.4,LF,NETAFIM TLCV26-1810 TECHLINE,0.45,,,
30-2734,0.3,636.4,LF,NETAFIM TLCV BLANK TUBING,0.3,,,
30-2735,1.4,None,EA,AGRICULTURAL PRODUCTS S3TS,1.4,,,
30-2736,0.45,None,EA,KBI FVN-500-6F FLEX NIPPLE,0.45,,,
30-2737,8.4,402.3,EA,RB ARV050 (REPLACES ARVALVEKIT),8.4,,,
30-2738,53,400,EA,"RAINBIRD BV200 FP 2"" BALL VALVE",53,,"2""",
30-2739,24.2,402.3,EA,"NETAFIM TL050MFV-1 AUTO FLSH VLV 1/2"" MPT INLET",24.2,,"2""",
30-2740,80,642,EA,NETAFIM TF-075-612-100-CV FILTER,80,,,
30-2741,0.35,None,EA,NETAFIM TL-075-MA,0.35,,,
30-2742,500,638.6,LF,NETAFIM TLCV6-1210-1000',500,,,
30-2743,450,638.6,LF,NETAFIM TLCV6-1810 TECHLINE-1000',450,,,
30-2744,415,638.6,LF,"NETAFIM TLRWP6-1810 (PURPLE) 1,000'",415,,,
30-2745,0.85,636.4,EA,TORO DL2000 RGP-212-05-E,0.85,,,
30-2746,0.75,636.4,LF,TORO DL2000 RGP-418-05,0.75,,,
30-2747,0.6,636.4,LF,TORO DL-2000-T-MGRG-206 DRIPLINE,0.6,,,
30-2748,8,402.3,EA,TORO T-YD-500-34,8,,,
30-2749,80,420,EA,TORO 100-ATLVC (QCV),80,,,
30-2750,850,470,EA,TORO H-300 18 STATION CONTR.,850,,,
30-2751,85,420,EA,TORO 100-2SLLVC QCV,85,,,
30-2752,55,638.1,EA,TORO RS 1000 (WIRELESS),55,,,
30-2753,130,471,EA,TORO DDC-WP-2-9V (BATT-OP CONT),130,,,
30-2754,190,471,EA,TORO DDC-WP 8-9V (BATT. OP. CONT.),190,,,
30-2755,150,471,EA,TORO DDC-WP-4-9V (BATT. OP. CONT.),150,,,
30-2756,0.35,636.4,LF,NETAFIM TLHCV BLANK TUBING,0.35,,,
30-2757,45,999,EA,TORO 100-MHS (SWIVEL ELL),45,,,
30-2758,49,None,EA,TORO 100-SLK QCV KEY,49,,,
30-2759,260,471,EA,TORO SD-EXT-4-SMARTDIAL-SWAT,260,,,
30-2760,10,639.4,EA,TORO T-DL-MP9 POP-UP INDICATOR,10,,,
30-2761,25,999,EA,TORO DCLS-P (DC LATCH SOLEN),25,,,
30-2762,35,999,EA,TORO 075-MHS (HOSE SWIVEL),35,,,
30-2763,320,471,EA,"TORO EVO-4OD, with EVO-SC/EVO-WS",320,,,
30-2764,40,410,EA,TORO SLSC QUICK COUPLER 3/4',40,,,
30-2765,500,638.6,LF,NETAFIM TLCV9-1210-1000',500,,,
30-2766,15,637.2,EA,"TORO T- ALFD75150-L 3/4""",15,,"4""",
30-2767,15,637.2,EA,"TORO T- ALFD10150-L 1""",25,,"1""",
30-2768,450,638.6,LF,NETAFIM TLCV9-1810-1000',450,,,
30-2769,0.43,636.4,EA,NETAFIM TLRWP9-1810 TECHLINE (PURPLE),0.43,L,,
30-2770,155,481,,TORO EVO-4ID-SC CONTROLLER,155,POC,,
30-2771,33,None,EA,TORO EMOD-04 MODULE,33,L,,
30-2772,80,638.1,EA,TORO EVO-WS WEATHER SENSOR,80,L,,
30-2773,150,471,EA,TORO EVO-4OD-SC CONTROLLER,150,POC,,
30-2774,10,639.4,EA,NETAFIM 10-CV-01 INDICATOR,10,L,,
30-2775,2.5,637,EA,NETAFIM T63042440170-B VALVE/THINLINE,2.5,CV,,
30-2776,590,638.6,LF,NETAFIM TLCVRW-06-18 TECHLINE-1000',590,L,,
30-2777,650,638.6,LF,NETAFIM TLCVRW-06-12 TECHLINE-1000',650,L,,
30-2778,50,637.2,EA,"TORO T- ALFD15150-L 1.5""",50,L,"5""",
30-2779,16,637.2,EA,"TORO T- PMR25-MF PRESS. REG. 3/4""",16,L,"4""",
30-2780,39,637.2,EA,"TORO T- PMR25-HF PRESS. REG. 1 1/4""",39,L,"4""",
30-2781,0,636.4,LF,LABOR FOR DRIP TUBING,0,,,
30-2782,0.3,636.4,LF,"TORO T-PCB1853-18 DRIP LINE (5/8"" BROWN)",0.3,L,"8""",
30-2783,1.85,None,EA,TORO MSBN NOZZLE,1.85,L,,
30-2784,605,638.6,LF,NETAFIM TLHCVXR7-12 DRIPLINE-1000',605,L,,
30-2785,18.5,380,EA,"TORO EZF-26-04 1""",18.5,CV,"1""",
30-2786,95,380,EA,"NETAFIM LVET 1GH2 TF10 6-18 -200CV 1""",95,CV,"1""",
30-2787,95,380,EA,"NETAFIM LVET 1GH2 TF075 6-18-200CV 1""",95,CV,"1""",
30-2788,8,637.2,EA,NETAFIM PRV-075 HF 45V2K- 35V2K   PRV,8,L,,
30-2789,60,380,EA,"NETAFIM LVCZN 10075-LF 3/4""",60,CV,"4""",
30-2790,23,402.3,EA,NETAFIM TLFV-1 AUTO FLSH VLV INSRT INLET,23,L,,
30-2791,140,636.5,EA,NETAFIM TF 10612-300CV FILTER & TECHLINE,140,L,,
30-2792,60,380,EA,"NETAFIM LVCZN10075-HF 3/4""",60,CV,"4""",
30-2793,5,None,EA,NETAFIM TBSOV SHUT OFF VALVE (DISC.?),5,L,,
30-2794,990,380,EA,NETAFIM  HYDROMETER CI FSVO-150N,990,POC,,
30-2795,0.85,639,EA,NETAFIM PC-20 EMITTER,0.85,L,,
30-2796,0.35,636.4,LF,NETAFIM TLR6-1210 (DISC. - USE 30-2861),0.35,L,,
30-2797,60,380.6,EA,NETAFIM LVCZS80010075-HF,60,CV,,
30-2798,390,638.6,EA,NETAFIM TF10612-1000RW FILTER & TECHLINE,390,L,,
30-2799,650,638.6,LF,NETAFIM TLCVRW-09-12-1000',650,L,,
30-2800,0.2,639,LF,AQUAPORE SOAKER HOSE,0.2,L,,
30-2801,2,None,EA,RB MDCFCAP PURPLE FLUSH CAP,0.7,L,,
30-2802,1.5,None,EA,AQUAPORE TYPE FITTINGS (INSERT TYPE),1.5,L,,
30-2803,185,637.2,EA,NETAFIM TF10412-400CV FILTER & TECHLINE,185,L,,
30-2804,1500,380,EA,NETAFIM LS-360CT-15TPGAL0.1 F.S.,1500,,,
30-2805,2660,380,EA,"NETAFIM LS360-CT-02GAL0.1 (2"") F.S.",2660,,"2""",
30-2806,607,638.6,LF,NETAFIM TLHCVXR5-1210-1000',607,,,
30-2807,60,637.2,EA,NETAFIM DF 100-200 (200 MESH),60,,,
30-2808,90,638,EA,NETAFIM DF150-200 (200 MESH) FILTER,90,,,
30-2809,28,395,EA,"AQUALINE AVB-100 1"" ATMOS. VAC. BREAKER",28,,"1""",
30-2810,560,638.6,LF,NETAFIM TLHCVXR5-1810 TECHLINE-1000',560,,,
30-2811,16,637.2,EA,NETAFIM WRPR1-40 PRESSURE REGULATOR,16,,,
3028-115,60,510,EA,LAGERSTROEMIA NATCHEZ 15G STD,60,,15G,
30-2812,136,380,EA,"NETAFIM WM-075-0.1-RS-M 3/4"" METAL METER",136,,"4""",
30-2813,16,637.2,EA,NETAFIM WRPR1-30 PRESS REGULATOR,16,,,
30-2814,136,380,EA,"NETAFIM WM-075-0.1-RS-P 3/4"" PLAS. METER",136,,"4""",
30-2815,120,380,EA,"NETAFIM 65ARIB1-B 1""",160,,"1""",
30-2816,607,638.6,LF,NETAFIM TLHCVXR5-12-1000',607,,,
30-2817,560,638.6,EA,"NETAFIM TLHCVXR7-1810 (1,000')",560,,,
30-2818,65,380.6,EA,"NETAFIM LVCZS8010075-LF 1""",65,,"1""",
30-2819,555,638.6,EA,NETAFIM HCVXR-RW7-1810,555,,,
30-2820,607,638.6,EA,NETAFIM HCVXR-RW7-1210,607,,,
30-2821,431,638.5,EA,NETAFIM TLHCVXR-RWP7-1205 (500'),431,,,
30-2822,4,251,EA,TORO DB-047-PC (thrd bubbler),4,,,
30-2823,4,251,EA,TORO DB-04-PC,4,,,
30-2824,555,638.6,EA,NETAFIM TLHCVXR3-1810,555,,,
30-2825,5,402.3,EA,NETAFIM T12SOV FLUSH (12mm),5,,,
30-2826,3,637,EA,NETAFIM T12FIG8 FLUSH CAP,3,,,
30-2827,65,380.7,EA,"NETAFIM LCVZ-10075-HFHP 1""",65,,"1""",
30-2828,,,,"NETAFIM NCZ-1S 1"" drip valve",,,,
30-2829,300,638.5,,NETAFIM TLCVRW-06-12 (500'),300,,,
30-2830,26,395,EA,AQUALINE AVB-075,26,,,
30-2831,26,402,EA,"AQUALINE BBV-100 1"" ball valve",26,,"1""",
30-2832,825,380.2,,NETAFIM WM-200-10-RS-M,825,,,
30-2833,10,402.3,EA,"NETAFIM TLAVRV AIR-R Wtl050ftee 1/2""",10,,"2""",
30-2843,1700,380.2,EA,NETAFIM FSVO-200N HYDROMETER-FLOW,1700,,,
30-2844,345,638.6,LF,NETAFIM TLRW6-1810 (PURP. STRIPE)-1000',460,,,
30-2845,415,635,EA,NETAFIM NLC3D6 2 WIRE OUTPUT MODULE (6 RCV'S),415,,,
30-2846,89.5,637,EA,NETAFIM NLC3DLD050 SINGLE DECODER (ORANGE),89.5,,,
30-2847,1000,380,EA,"NETAFIM  HYDROMETER #36HM2TG.1-PRMEL 2"" (THR.)",1000,,"2""",
30-2848,1400,380,EA,"NETAFIM  HYDROMETER #36HM3FG.1-PRMEL 3"" (FL.)",1400,,"3""",
30-2849,605,638.6,LF,NETAFIM TLHCVXR7-1210-1000',605,,,
30-2850,0.45,636.4,LF,NETAFIM TLDL9-1810 TECHLINE,0.45,,,
30-2851,410,638.6,LF,NETAFIM TLRW9-1810 (PURP. STRIPE) 1000,410,,,
30-2852,590,638.6,,NETAFIM TLCVRW9-1810 TECHLINE-1000',590,,,
30-2853,1.15,636.4,LF,NETAFIM 08WRAM-06-12,1.15,,,
30-2854,0.5,636.4,LF,NETAFIM TLCVRW-06-24 TECHLINE,0.5,,,
30-2855,0.4,636.4,EA,NETAFIM TLCV9-2410 TUBING,0.4,,,
30-2856,25,637.2,EA,NETAFIM SF100-155 FILTER,25,,,
30-2857,1830,380,EA,"NETAFIM OCTAVE OCT-150N 1.5"" FLOW SENSOR",1830,POC,"5""",
30-2858,2180,380,EA,"NETAFIM OCTAVE OCT-200N 2"" FLOW SENSOR",2180,POC,"2""",
30-2859,1290,380,EA,"NETAFIM HYDROMETER #LHM3FG0205-MEL 3"" (FLG)",1290,,"3""",
30-2860,800,380,EA,"NETAFIM HYDROMETER #LHM2TG1-MEL 2"" (THR)",800,,"2""",
30-2861,0.46,636.4,LF,NETAFIM TLRW6-1210 (PURP. STRIPE),0.46,,,
30-2862,0.23,639.3,EA,NETAFIM SPCV10 - 1.0 GPH SELF PIERCING EMITTER,0.23,,,
30-2863,300,380,EA,"NETAFIM WM-100-RS-M 1"" METER",300,,"1""",
30-2864,0.23,639.3,EA,NETAFIM SPCV20 - 2.0 GPH SELF PIERCING EMITTER,0.23,,,
30-2865,0.23,639.3,EA,NETAFIM SPCV05 - .5 GPH SELF PIERCING EMITTER,0.23,,,
30-2866,0.46,639,EA,NETAFIM PCDJ20 TECHFLOW EMITTER,0.46,,,
30-2867,0.11,636.4,LF,"NETAFIM PE060-070 1/2"" POLY TUBE (LF)",0.11,,"2""",
30-2868,560,638.6,EA,"NETAFIM TLHCVXR-RW7-1810 (1,000')",560,,,
30-2869,670,638.6,EA,"NETAFIM TLHCVXR-RW7-1210 (1,000')",670,,,
30-2870,400,638.5,EA,NETAFIM TLEZ4-6-500 TECHLINE,400,,,
30-2871,570,380,EA,NETAFIM WM-150 WATER METER,570,,,
30-2872,670,638.6,,NETAFIM TLHCVXR-RW5-1210,670,,,
3029-115,45,510,EA,LAGERSTROEMIA SEMINOLE 15G,45,,15G,
3030-115,65,510,EA,ZELKOVA SERRATA 15G STD,65,,15G,
3030-124,150,507,EA,"ZELKOVA S. ""VILLAGE GRN"" 24"" STD",150,,"24""",
3030-125,200,507,EA,"ZELKOVA SERRATA 24"" STD",200,,"24""",
3030-136,500,505,EA,"ZELKOVA  ""VILLAGE GRN"" 36"" STD",500,,"36""",
3030-148,950,503,EA,"ZELKOVA S. ""VILLIAGE GREEN"" 48"" STD",950,,"48""",
30-3020,1.5,639.3,EA,SANDBAGS,1.5,,,
30-3021,1.4,639.3,EA,GRAVELBAGS,1.4,,,
3030-224,210,507,EA,"ZELKOVA SER. 'GOLD FALLS' 24""",210,,"24""",
30-3025,7.8,637.2,EA,GRAVEL BASIC IN BAGS 1 C. F. (SMALL QTY'S),10,GRAV,,
30-3026,30,637.2,EA,"GRAVEL PORCELAIN 1""-2"", 44# BAG",30,GRAV,"1""",
30-3027,100,635,TN,DECORATIVE GRAVEL (size & type TBD),100,GRAV,,
30-3028,400,635,TN,DECORATIVE GRAVEL EXP. (size & type TBD),400,GRAV,,
3030-324,300,507,EA,"ZELKOVA CITY SPRITE 24"" STD",300,TR,"24""",
3030-336,500,505,EA,"ZELKOVA SERRATA 36"" STD",500,TR,"36""",
3031-101,4,522,EA,ZEPHYRANTHUS CANDIDA 1G,4,GCC,1G,
30-3120,60,639.2,EA,SILT FENCE (3' x 100' ROLL),60,FFAB,,
3031-201,3.8,522,EA,ZINNIA X 'SAHARA YELLOW' 1G,3.8,GCC,1G,
30-3121,35,635.2,LF,STRAW  WATTLE (25' LENGTHS),35,FFAB,,
30-3122,30,905,EA,"POULTRY 1"" NETTING (3' X 150')",30,FFAB,"1""",
30-3123,130,635,EA,RESINET PLASTIC MESH FENCE (4'x100'),130,FFAB,,
30-3124,175,635,EA,NORPLEX GREEN MESH FENCE (4'x100'),175,FFAB,,
30-3125,130,635,EA,RESINET MESH FENCE (4x100) green,130,FFAB,,
30-3126,55,635,EA,ORANGE MESH FENCE (4 x 100'),55,FFAB,,
30-3127,80,639.2,EA,"WIRE-BACKED SILT FENCE BLK, 3'x100'",80,FFAB,,
30-3128,,,,"PLYWOOD 1/2""",,,,
3071-301,5.5,522,EA,OPUNTIA VIOLACEA 1G,5.5,SH,1G,
3100-001,4.3,522,EA,LANTANA 'PATRIOT (TM) PETITE' RAINBOW 1G,3.6,GCC,1G,
3100-101,4.3,522,EA,LANTANA MONT. ALBA 1G,3.6,GCC,1G,
3100-201,4.3,522,EA,LANTANA M. CONFETTI  1G,4,GCC,1G,
3100-301,4.3,522,EA,LANTANA WHITE LIGHTNING 1G,4,GCC,1G,
3100-302,9,520,EA,LANTANA CAM. CONFETTI 2G,9,GCC,2G,
3100-305,10,520,EA,LANTANA M. ALBA 5G,10,GCC,5G,
3100-401,4.3,522,EA,LANTANA NEW GOLD 1G,4,GCC,1G,
3100-404,2.5,524,EA,"LANTANA NEW GOLD 4"" POT",2.5,GCC,"4""",
3100-405,10,520,EA,LANTANA MONT. 'WHITE' 5G,10,GCC,5G,
3100-500,2.5,524,EA,"LANTANA MONTEVIDENSIS 4""POT",2,GCC,"4""",
3100-501,4,522,EA,LANTANA MONTEVIDENSIS 1G,4,GCC,1G,
3100-502,8,520,EA,LANTANA MONTEVIDENSIS 2G,8,GCC,2G,
3100-504,2.5,524.1,EA,"LANTANA LITTLE LUCKY 4"" POT",2.5,GCC,"4""",
3100-505,11,520,EA,LANTANA MONTEVIDENSIS 5G,10,GCC,5G,
3100-555,11,520,EA,LANTANA M. RADIATION 5G,11,GCC,5G,
3100-560,4.3,522,EA,LANTANA M. CONFETTI 1G,3.5,GCC,1G,
3100-565,11,520,EA,LANTANA SELLOWIANA 5G,10,GCC,5G,
3100-575,11,520,EA,LANTANA SEL. 'WHITE' 5G,9,GCC,5G,
3100-590,11,520,EA,LANTANA CAM. 'CONFETTI' 5G,10.5,GCC,5G,
3100-601,4.3,522,EA,LANTANA  SPREADING SUNSET 1G,4,GCC,1G,
3100-605,11,520,EA,LANTANA C. SUNRISE 5G,9,GCC,5G,
3100-606,11,520,EA,LANTANA CAM. SUNSHINE 5G,7.5,GCC,5G,
3100-701,4.3,522,EA,LANTANA SPREADING SUNSHINE 1G,3.6,GCC,1G,
3100-705,9.75,520,EA,"LANTANA ""SPREADING SUNSHINE"" 5G",9.75,GCC,5G,
3100-801,3.75,522,EA,LANTANA  M. DWF. WHITE 1G,3.75,GCC,1G,
3100-805,11,520,EA,LANTANA MONT.SPREADING SUNSET 5G,7,GCC,5G,
3100-901,4.3,522,EA,LANTANA M. TRAILING PURPLE 1G,3.5,GCC,1G,
3100-905,11,520,EA,LANTANA M. WHITE LIGHTNING 5G,7,GCC,5G,
3101-001,4,522,EA,LANTANA SPREADING WHITE 1G,4,GCC,1G,
3101-005,15,520,EA,LANTANA BANDITO 5G,15,GCC,5G,
3101-101,3.6,522,EA,LANTANA MISS HUFF 1G,3.6,GCC,1G,
3101-105,11,520,EA,LANTANA M DWRF YELLOW 5G,9,GCC,5G,
3101-205,11,520,EA,LANTANA GOLD MOUND 5G,10,GCC,5G,
3101-305,11,520,EA,LANTANA 'NEW GOLD' 5G,10,GCC,5G,
3101-315,40,519,EA,LANTANA NEW GOLD 15G,40,GCC,15G,
3101-405,28,520,EA,LANTANA C MONIKE 5G,28,GCC,5G,
3101-501,4.3,522,EA,LANTANA DWARF YELLOW 1G,3.6,GCC,1G,
3101-505,11,520,EA,LANTANA C. LEMON SWIRL 5G,10,GCC,5G,
3101-515,44,519,EA,LANTANA DWF YELLOW 15G,44,GCC,15G,
3101-605,15,520,EA,LANTANA LUSCIOUS GRAPE 5G,15,GCC,5G,
3101-705,10.5,520,EA,LANTANA C. IRENE 5G,10.5,GCC,5G,
3101-805,11,520,EA,LANTANA MISS HUFF 5G,11,GCC,5G,
3102-501,4.3,522,EA,LANTANA DWARF ORANGE 1G,3,GCC,1G,
3103-015,,,,LANTANA NEW GOLD 15G,,,,
3103-501,4.3,522,EA,"LANTANA C. ""CREAM CARPET"" 1G",3.25,GCC,1G,
3103-505,11,520,EA,LANTANA CREAM CARPET 5G,8,GCC,5G,
3103-605,12,520,EA,LANTANA C. AMERICAN RED 5G,12,GCC,5G,
3103-615,40,519,EA,LANTANA C. 'AMERICAN RED' 15G,40,GCC,15G,
3103-715,45,519,EA,LANTANA C. BANDITO 15G,45,GCC,15G,
3104-001,4,522,EA,LANTANA SELLOWIANA 1G,4,GCC,1G,
3104-011,7,522,EA,"LANTANA C. ""MONIKE"" 1G",7,GCC,1G,
3104-201,3.8,522,EA,LANTANA SUNBURST 1G,3.8,GCC,1G,
3104-301,8,522,EA,LANTANA CHAPEL HILL YELLOW 1G,8,GCC,1G,
3104-401,4,522,EA,LANTANA C. SUNRISE 1G,4,GCC,1G,
3104-501,3,522,EA,LANTANA C. AFRICAN RED 1G,3,GCC,1G,
3104-505,9.5,520,EA,LANTANA M. LAVEND SWIRL 5G,9.5,GCC,5G,
3104-601,2.75,522,EA,LANTANA C. SUNSET 1G,2.75,GCC,1G,
3104-605,15,520,EA,LANTANA C. 'CHAPEL HILL YELLOW' 5G,15,GCC,5G,
3104-701,4,522,EA,LANTANA CAMARA 1G,4,GCC,1G,
3104-702,9,522,EA,LANTANA C. MONIKE-T.G.COMPACT 1G,9,GCC,1G,
3104-705,11,520,EA,LANTANA CAMARA 5G,10,GCC,5G,
3104-711,8,522,EA,"LANTANA C. ""MONIKE"" 1G",8,GCC,1G,
3104-801,2.75,522,EA,LANTANA CAM. SUNSHINE 1G,2.75,GCC,1G,
3104-901,3,522,EA,LANTANA CONFETTI 1G,3,GCC,1G,
3105-001,4.5,522,EA,LANT. BANDANA LEMON ZEST 1G,4.5,GCC,1G,
3105-005,28,520,EA,LANTANA X. 'MONET' 5G,28,GCC,5G,
3105-101,8.6,522,EA,LANTANA MONMA 1G,8.6,GCC,1G,
3105-115,13,520,EA,LAURUS NOBILIS 5G,13,SH,5G,
3105-201,3.8,522,EA,LANTANA AMERICAN RED 1G,3.8,GCC,1G,
3105-205,25,520,EA,LAURUS MONRIK 5G,25,SH,5G,
3105-401,3.5,522,EA,LANTANA GOLD MOUND 1G,3.5,GCC,1G,
3105-501,4,522,EA,LANTANA M. LAVENDER SWIRL 1G,4,GCC,1G,
3105-505,7.5,520,EA,LANTANA M DWARF CARNIVAL 5G,7.5,GCC,5G,
3105-601,4,522,EA,LANTANA M. LEMON SWIRL 1G,4,GCC,1G,
3105-701,3.6,522,EA,LANTANA 'DALLAS RED' 1G,3.6,GCC,1G,
3105-801,5,522,EA,LANTANA BANDITO 1G,5,GCC,1G,
3105-901,5,522,EA,LANTANA LITTLE LUCKY 1G,5,GCC,1G,
3105-905,8,520,EA,LANTANA M. RAINBOW 5G,8,GCC,5G,
3106-505,28,520,EA,"LANTANA M. ""MONSWEE"" 5G",28,GCC,5G,
3106-605,28,520,EA,LANTANA M. MONINE 5G,28,GCC,5G,
3107-501,3.5,522,EA,LANTANA M RADIATION 1G,3.5,GCC,1G,
3108-501,4,522,EA,LANTANA GOLD RUSH 1G,4,GCC,1G,
31-0999,42,None,EA,HELIOTROPE SOLENOID/ADAPTER,42,L,,
31-1000,670,471,EA,HELIOTROPE TROPE 1600 8STA SOLAR,670,L,,
31-1001,2400,470,EA,CALSENSE 2000-16,2400,L,,
31-1002,1925,470,EA,CALSENSE 2000-24,1925,L,,
3110-024,175,507,EA,"LAURUS N. 'SARATOGA' 24"" MLT",175,TR,"24""",
31-1003,3400,470,EA,CALSENSE 2100-32,3400,L,,
3110-036,475,505,EA,"LAURUS N. SARATOGA 36"" STD.",475,TR,"36""",
31-1004,2100,470,EA,CALSENSE 2100-12,2100,L,,
31-1005,65,638.1,EA,WCS RAINGUARD SHUT DOWN SENSOR,65,L,,
31-1006,53.18,381,EA,"HONEYWELL BRKMN FY32T1096 BSKT STNR 2""",53.18,POC,"2""",
31-1007,260,380,EA,"HONEYWELL DSO5 1028 PRV 1""",260,POC,"1""",
31-1008,440,380,EA,"HONEYWELL DS05 1085  PRV 1.25""",440,POC,"25""",
31-1009,3800,470,EA,CALSENSE 2100-40 STA.,3800,L,,
31-1010,2420,470,EA,CALSENSE 2000-32,2420,L,,
3110-105,50,519,EA,LAURUS NOBILIS 15G (SHRUB),50,SH,15G,
31-1011,53,635,EA,RAINMASTER 24PC PERM.R.C.CONN.,53,L,,
3110-115,60,510,EA,LAURUS NOBILIS 15G STD,60,TR,15G,
31-1012,1430,470,EA,CALSENSE 2000-12,1430,L,,
3110-124,180,507,EA,"LAURUS NOBILIS 24"" STD",180,TR,"24""",
31-1013,621,480,EA,RAINMASTER COOL-1 ENCLOSURE,621,L,,
3110-136,470,505,EA,"LAURUS NOBILIS 36"" STD",470,TR,"36""",
31-1014,25,638.1,EA,HUNTER MINI-CLIK II,25,,,
31-1015,70,635,EA,WCS RGVR-S RAIN GUARD ENCLOSURE,70,,,
31-1016,2995,490,EA,WCS NBIC-48-FS(W/RG & 12 MOIST SEN),2995,,,
31-1017,3550,490,EA,WCS NBIC-60-CSS/FS (COMES W/15 MS),3550,,,
31-1018,135,380,EA,WCS HSAS ADD'L MOISTURE SENSORS,135,,,
31-1019,0,490,EA,WCS ETIC ASSEMBLY,0,,,
31-1020,3805,490,EA,WCS ETIC-32-CSS-FS-1,3805,,,
31-1021,3285,490,EA,WCS ETIC-24-CSS-FS-1,3285,,,
3110-215,60,510.5,EA,LAURUS NOBILIS 15G CLMN,60,,15G,
31-1022,1710,490,EA,WCS ETIC 16 CSS-FS,1710,,,
3110-224,175,507,EA,"LAURUS N. ""SARATOGA"" 24"" STD",175,,"24""",
31-1023,135,None,EA,WCS PSR (PUMP START RELAY),135,PMP,,
3110-236,475,505,EA,"LAURUS NOBILIS 36"" L/B",475,,"36""",
31-1024,3000,490,EA,WCS NBIC-40-CSS-FS,3000,,,
31-1025,1420,490,EA,WCS NBIC-12-CSS-FS,1420,,,
31-1026,1555,490,EA,WCS NBIC-16-CSS-FS,1555,,,
31-1027,1915,490,EA,WCS NBIC-24-CSS-FS,1915,,,
31-1028,2880,490,EA,WCS NBIC-36-CSS-FS-RR,2880,,,
31-1029,3715,490,EA,WCS NBIC-56-CSS-FS,3715,,,
31-1030,1735,490,EA,WCS NBIC-20-CSS-FS,1735,,,
31-1031,2700,490,EA,WCS SA-36-CSS,2700,,,
3110-315,55,519,EA,LAURUS SARATOGA 15G STD,55,,15G,
31-1032,2550,490,EA,WCS SA-32-CSS,2550,,,
3110-324,180,507,EA,"LAURUS NOBILIS 24"" CLMN",180,,"24""",
31-1033,2250,490,EA,WCS SA-24-CSS,2250,,,
3110-336,475,505,EA,"LAURUS NOBILIS 36"" CLMN",475,,"36""",
31-1034,165,None,EA,WCS FS OPTION,165,,,
31-1035,195,None,EA,WCS MVR OPTION,195,,,
31-1036,2736,490,EA,WCS ETIC-36-CSS-FS,2736,,,
31-1037,3178,490,EA,WCS ETIC-44-CSS-FS,3178,,,
31-1038,1770,490,EA,WCS ETIC 28-WM,1770,,,
31-1039,110,None,EA,WIRELESS RAIN SENSOR (R&D),110,POC,,
3110-415,45,519,EA,LAURUS NOB. SARATOGA 15G CLMN,45,,15G,
3110-424,165,507,EA,"LAURUS NOBLIS 24"" L/B",165,,"24""",
3110-436,475,505,EA,"LAURIS NOBILIS 36"" MLT",475,,"36""",
3110-515,125,510,EA,LAURUS N. 'MONRIK' 15G CLMN (MONROVIA),125,,15G,
3110-524,175,507,EA,"LAURUS NOBILIS 24"" MLT",175,,"24""",
31-1060,1070,380.3,EA,CALSENSE CS-2W-MOIST (MOISTURE SENSOR),1070,,,
31-1061,4635,470,EA,CALSENSE ET1-32 DR,4635,,,
3110-615,55,510,EA,LAURUS NOBILIS 15G MULTI,55,,15G,
31-1062,251,380.3,EA,IRROMETER TGA-12 OR TGA-18,251,,,
3110-624,175,507,EA,"LAURUS NOBILIS 24"" CLMN",175,,"24""",
31-1063,165,380,EA,"MATCO B4 BUTTERFLY VALVE 3""",165,,"3""",
31-1064,140,None,EA,"HARCO 4"" BL FLANGE X GASKETED",140,,"4""",
31-1065,250,380,EA,"MATCO B4 BUTTERFLY VALVE 2.5""",250,,"5""",
31-1066,210,999,EA,"MATCO 1.5"" B4 BUTTERFLY VALVE",210,,"5""",
31-1069,1300,480,EA,LEMEUR STBF 8000 A240/T304,1300,,,
31-1070,1360,480,EA,LEMUER LE-SG-A GRN CONTR ENCL,1360,,,
31-1071,650,481,EA,"LE MUER MODEL ""A-JR"" PAINTED ENCL.",650,,,
3110-715,70,519,EA,LAURUS LITTLE RAGU 15G,70,,15G,
31-1072,690,481,EA,"LE MUER MODEL ""A-JR"" S.S. ENCLOSURE",690,,,
3110-724,165,507,EA,"LAURUS NOBLIS 24"" (SHRUB FORM)",165,SH,"24""",
31-1073,1350,480,EA,"LEMEUR BFSS-214 3"" RPBD ENCLOSURE",1350,,"3""",
31-1074,160,380,EA,"MATCO B3-RWG BUTTERFLY VALVE 3""",160,,"3""",
31-1075,171,380,EA,"MATCO B3-RWG BUTTERFLY VALVE 4""",171,,"4""",
31-1076,72,400,EA,"MATCO 2.5"" IMPORT BALL VALVE",72,,"5""",
31-1077,153,380,EA,"MATCO 758 T11, 4"" BALL VALVE",153,,"4""",
31-1078,61,380,EA,"MATCO 758 T10, 3"" BALL VALVE",61,,"3""",
31-1079,60,380,EA,"MATCO 758  T09, 2.5"" BV",60,,"5""",
31-1080,800,380,EA,"CALSENSE CSFM-B 1""",800,,"1""",
31-1081,860,380,EA,"CALSENSE CSFM-B 1.25""",860,,"25""",
31-1082,3700,470,EA,CALSENSE ET-1 40 STA,3700,,,
3110-824,160,507,EA,"LAURUS SARATOGA 24"" CLMN",160,,"24""",
31-1083,3300,470,EA,CALSENSE ET-1 32 STA,3300,,,
31-1084,2400,470,EA,CALSENSE ET2000-16,2400,,,
31-1085,2068,490,EA,HS1-IDC-8-HSCOMB-HSSB8-HSFST-FSS/FI,2068,,,
31-1086,388.9,636,EA,CALSENSE #G MOISTURE GAUGE,388.9,,,
31-1087,3540,635.4,EA,"CALSENSE ETG GAGE, ETGE ENCL. & G INTERFACE",3540,,,
31-1088,2060,470,EA,CALSENSE ET-12-MD,2060,,,
31-1089,2244,470,EA,CALSENSE ETI-24,2244,,,
31-1090,4040,470,EA,CALSENSE ET1-24-MDR,4040,,,
31-1091,2775,470,EA,CALSENSE ET1-24-MD,2775,,,
31-1092,3791,470,EA,CALSENSE ET1-12-DR-SSE-R,3791,,,
3110-924,190,507,EA,"LAURUS N. 'SARATOGA' 24"" PYRAMID FORM",190,,"24""",
31-1093,2200,None,EA,CALSENSE RRC-RR REMOTE UNIT,2200,,,
31-1094,3249,470,EA,CALSENSE ETI-16-DR-RR-ANT1-RR,3249,,,
31-1095,2850,470,EA,CALSENSE ET1-24-G,2850,,,
31-1096,9700,490,EA,CALSENSE ET2000-40MR/RR/SSE-R/RET-RR/FM3,9700,,,
31-1097,7000,490,EA,CALSENSE ET2000-40M/RR/SSE-R,7000,,,
31-1098,740,636,EA,CALSENSE RAIN BUCKET RB-1,740,,,
31-1099,290,None,EA,TP-110 TRANSIENT PROTECTION,290,,,
31-1100,1180,380,EA,"CALSENSE CSFM-B - 1.5""",1180,,"5""",
31-1101,1060,380,EA,"CALSENSE FM-1.5"" PL. F.S.",1060,,"5""",
31-1102,450,380,EA,"CALSENSE FSI-T15-001 1.5"" F.S.",450,,"5""",
31-1103,1000,999,EA,CALSENSE CONTROLLER FIELD UPGRADE,1000,POC,,
31-1104,2200,999,EA,CALSENSE CS-3 HUB-S UPGRADE,2200,,,
31-1105,2130,999,EA,CALSENSE CS3-GR OPTION,2130,,,
31-1106,1230,999,EA,CALSENSE CS3-RR REMOTE,1230,,,
31-1107,1050,380,EA,"CALSENSE FM-U-1"" Flow Sensor",1000,POC,"1""",
31-1108,195,380,EA,"HONEYWELL DS05 1055 3/4"" PRV",195,,"4""",
31-1109,250,380,EA,"HONEYWELL BRAUKMAN DS05-1089 1""",250,,"1""",
31-1110,720,635.1,EA,CALSENSE WIND GAUGE WG-1,720,L,,
31-1111,110,380,EA,"HONEYWELL (BRAUKMANN) DSO6 PRV 1""",110,POC,"1""",
31-1112,950,380,EA,"CALSENSE FM-2U 2"" FLOW METER",950,POC,"2""",
3111-124,175,507,EA,"LAURUS NOB. 'MONEM' (TM) 24"" STD.",175,TR,"24""",
31-1118,300,635.2,EA,CALSENSE CS-2W-2ST (dual decoder),300,L,,
31-1119,500,635.2,EA,CALSENSE CS-2W-POC  (FS & MV DECODER),500,POC,,
31-1120,950,380,EA,"CALSENSE CSFM-B - 2""",950,POC,"2""",
31-1121,360,380.5,EA,CALSENSE TP-110 SURGE PROT.,360,L,,
31-1130,370,635,EA,CALSENSE STICK LR-STICK,370,L,,
31-1140,1000,380,EA,"CALSENSE CSFM-B - 3""",1000,POC,"3""",
31-1160,930,380,EA,"CALSENSE CSFM-B-  2""",930,POC,"2""",
31-1176,21.5,380,EA,"MATCO 754-T 1 1/2"" BALL VALVE",21.5,M,"2""",
31-1177,125,400,EA,"MATCO 514 1.5"" BV",125,M,"5""",
31-1178,7,400,EA,MATCO 770T05-NLA BV 1,,M,,
31-1180,22,380,EA,"MATCO 754 TO8, 2"" BALL VALVE",22,,"2""",
31-1181,44,380,EA,"MATCO 770T, 2"" BALL VALVE",44,,"2""",
31-1185,233,380,EA,"MATCO 759-TLF 2.5"" BALL VALVE",233,,"5""",
31-1186,140,380,EA,"MATCO 759 2"" BALL VALVE",140,,"2""",
31-1187,80,380,EA,"MATCO 759 1.5"" BALL VALVE",80,,"5""",
31-1188,15,402,EA,"MATCO NORCA 759  3/4"" BV",15,,"4""",
31-1189,37,637.2,EA,"MATCO 521 BRASS CHK VLV, 1.25""",37,,"25""",
31-1190,60,380,EA,"MATCO 759 1"" BV",,,,
31-1200,65,None,EA,RAINGUARD SSTEEL ENCLOSURE,65,,,
31-1201,550,480,EA,RAINBIRD CE-FL ENCLOSURE,550,,,
31-1240,970,380,EA,"CALSENSE CSFM-B-2.5""",970,,"5""",
31-1300,0,490,EA,CALSENSE CONTROLLER ASSEMBLY,0,POC,,
31-1301,800,380,EA,CALSENSE FB-BX INSERT FLOW SENSOR (NEED SADDLE),800,POC,,
31-1400,0,490,EA,WEATHERTRAK CONTROLLER ASSEMBLY,0,POC,,
3115-001,7,522,EA,CALYSTEGIA MACROSTEGIA 1G,7,,1G,
3115-005,8.5,520,EA,LEPTOSPERMUM SCOPARIUM 5G,8.5,,5G,
3115-015,35,519,EA,LEPTO LAEVIGATUM L.B. 15G,35,,15G,
3115-105,7,520,EA,LEPTOSPERMUM S PINK CASCADE 5G,7,,5G,
3115-205,7.5,520,EA,LEPTOSP. LAEVIGATUM 5G,7.5,,5G,
3115-415,30,519,EA,LEPTO LAEVIGATUM 15G,30,,15G,
3115-501,2.75,522,EA,LEPTOSPERMUM S HELENE STRY 1G,2.75,,1G,
3115-505,7,520,EA,LEPTOSPERM. S HELENE STRY 5G,7,,5G,
3115-515,42,519,EA,LEPTOSPERMUM HELEN STRY. 15G,42,,15G,
3115-615,33,519,EA,"LEPTOS. S. ""NANUM RURA"" 15G",33,,15G,
3115-715,38,519,EA,LEPTOSPER. GAIETY GIRL 15G,38,,15G,
3115-801,8,522,EA,CALYOPHUS HARTWEGII 1G,8,,1G,
3115-805,15,520,EA,CALYCANTHUS OCCIDENTALIS 5G,15,,5G,
3115-901,3.8,522,EA,CALYLOPHUS BERLANDIERII 1G,3.8,,1G,
3115-905,12,520,EA,CALLUNA VULGARIS 5G,12,,5G,
3116-105,8,520,EA,LEPTOSPERMUM S PINK PEARL 5G,8,,5G,
3116-205,8,520,EA,LEPTOSP. RUBY GLOW DWF 5G,8,,5G,
3116-305,11,520,EA,LEPTO. GAIETY GIRL 5G,11,,5G,
3117-015,50,519,EA,DASYLIRION QUADRANGULATUM 15G,50,,15G,
3117-101,4.5,522,EA,PACHYSANDRA TERMINALS 1G,4.5,,1G,
3117-105,40,520,EA,PACHYCEREUS MARGINATUS 5G single,40,,5G,
3117-124,250,507.2,EA,"DASYLIRION LONGISSMA 24""",250,,"24""",
3117-201,10,522,EA,PACHYCEREUS PRINGLEI 1G mlt,10,,1G,
3117-205,40,520,EA,PACHYCEREUS MARGINATUS 5G MLT,40,,5G,
3117-215,75,519,EA,PACHYPODIUM LAMEREI 15G MLT,75,,15G,
3117-224,625,507,EA,"PACHYPODIUM LAMEREI 24"" MLT",625,,"24""",
3117-248,6250,503,EA,"PACHYPODIUM LAMEREI 48"" (FIELD DUG - GOOD EARTH)",6250,,"48""",
3117-415,180,519,EA,PACHYCEREUS MARGINATUS 15G single,180,,15G,
3117-424,600,521,EA,"PACHYCEREUS MARGINATUS 24"" single",600,,"24""",
3117-515,180,519,EA,PACHYCEREUS MARGINATUS 15G MLT,180,,15G,
3117-524,620,507,EA,"PACHYCEREUS PRINGELII 24"" mlt",620,,"24""",
3117-615,180,519,EA,PACHYCEREUS SCHOTTII MONSTROSUS 15G,,,,
3117-624,625,507,EA,"PACHYCEREUS MARGINATUS 24"" MLT",625,,"24""",
3118-001,8,522,EA,PACHYVERIA LITTLE JEWEL 1G,8,,1G,
3118-101,3.8,522,EA,PAEONIA CALIFORNICA 1G,3.8,,1G,
3118-201,8,522,EA,LEPECHINIA FRAGRANS 1G,8,,1G,
31-2000,90,380,EA,"HYDRORAIN 102-2FC 2""",90,,"2""",
31-2001,0.2,100,LF,"HYDRORAIN BLU-LOCK 1/2"" PURPLE FLEX",0.2,,"2""",
31-2002,3,639.2,EA,HYDRORAIN BLD-050-BX-50 FLUSH VALVE,3,,,
31-2003,2,None,EA,"HYDRORAIN BLU-LOCK TEE 1/2"" (401-005)",2,,"2""",
31-2004,0.83,None,EA,"HYDRORAIN BLU-LOCK 1/2"" ELL TO THRD (407-005)",0.83,,"2""",
31-2005,0.42,110,LF,"HYDRORAIN BLULOCK 3/4"" PIPE (P-075-CR-1X)",0.42,,"4""",
31-2006,0.55,120,LF,"HYDRORAIN BLULOCK 1"" PIPE (P-100-CR-1X)",0.55,,"1""",
31-2007,2.35,999,EA,"HYDRORAIN BLULOCK 3/4"" TEE (401-007)",2.35,,"4""",
31-2008,4.1,999,EA,"HYDRORAIN BLULOCK 1"" TEE (401-010)",4.1,,"1""",
31-2009,2.53,999,EA,HYDRORAIN BLULOCK RED.TEE 3/4x1/2 (402-101),2.53,,,
31-2010,3.05,999,EA,"HYDRORAIN BLULOCK ELL 1"" (406-010)",3.05,,"1""",
31-2011,1.75,999,EA,HYDRORAIN BLULOCK ELL 3/4 (406-007),1.75,,,
31-2012,1.3,999,EA,HYDRORAIN BLULOCK ELL 3/4x1/2 (407-101),1.3,,,
3120-121,5,522,EA,LEPTO.SPURMUM SCO. KEATLEYI 1G,5,,1G,
3120-124,150,507,EA,"LEPTOSPERMUM SCOPARIUM 24"" MLT",150,,"24""",
31-2013,2.57,999,EA,"HYDRORAIN BLULOCK COUP 1"" (429-010)",2.57,,"1""",
3120-131,2.8,522,EA,LEPTOSPERMUM SCOPARIUM 1G,2.8,,1G,
3120-136,430,505,EA,"LEPTOSPERMUM LAEVIGATUM 36""",430,,"36""",
31-2014,1.64,999,EA,HYDRORAIN BLULOCK COUP 3/4 (429-007),1.64,,,
31-2015,1.87,999,EA,"HYDRORAIN BLULOCK ADAPT 1"" (436-010)",1.87,,"1""",
31-2016,1.9,999,EA,"HYDRORAIN BLULOCK CAP 1"" (447-010)",1.9,,"1""",
31-2017,1.23,999,EA,"HYDRORAIN BLULOCK CAP 3/4"" (447-007)",1.23,,"4""",
31-2018,3.6,999,EA,"HYDRORAIN BLULOCK RELEASE 1"" (RTL-100)",3.6,,"1""",
31-2019,3.6,999,EA,HYDRORAIN BLULOCK RELEASE 3/4 (RTL-075),3.6,,,
31-2020,11.7,999,EA,HYDRORAIN BLULOCK CUTTER (BLB-CUT),11.7,,,
31-2021,170,481,EA,HYDRORAIN 400-WF-B-HYVE 8 STA in/out,170,,,
31-2022,65,638,EA,"HYDRORAIN-ORBIT 57071, WIRELESS RAIN",65,,,
3120-224,130,508,EA,"LEPTO. SCOP. SNOW WHITE STD. 24""",130,,"24""",
31-2023,180,481,EA,HYDRORAIN 410-WF-9 B-HYVE,180,,,
3120-236,450,505,EA,"LEPTOSPERMUM S. 'RUBY GLOW' 36""",450,,"36""",
31-2031,900,1000,LF,"STAINLESS STEEL 2""x 4' BOLLARD",450,,"2""",
3120-324,175,507,EA,"LEPTO. SCOP. DARK SHADOWS 24""",175,,"24""",
3120-424,220,507,EA,"LEPTO RUBY GLOW 24"" PATIO TREE",220,TR,"24""",
3120-501,3,522,EA,LEPTOSPERMUM S RUBY GLOW 1G,3,,1G,
3120-505,9.5,520,EA,LEPTO. S. RUBY GLOW  5G,9.5,,5G,
3120-515,42,519,EA,LEPTOSPERMUM  RUBY GLOW 15G,42,,15G,
3120-524,175,507,EA,"LEPTOSPERMUM SCOPARIUM 24"" STD",175,,"24""",
3120-615,30,519,EA,LEPTOSPERMUM HORIZONT. 15G,30,,15G,
3120-715,28,519,EA,LEPT. SCOP. APPLE BLOSSOM 15G,28,,15G,
3120-901,3,522,EA,LEPTOSPERMUM LAEVIGATUM 1G,3,,1G,
3121-124,200,507,EA,"CALOCEDRUS DECURRENS 24""",200,,"24""",
3121-136,475,505,EA,"CALOCEDRUS DECURRENS 36"" STD",475,,"36""",
3124-101,7,520,EA,TERRA COTTA 2 GAL BABY DAYLILIES,7,GCC,2G,
3125-415,65,519,EA,LEPTO RUBY GLOW 15G PATIO,65,SH,15G,
3125-501,2.1,522,EA,LEPTOSPERMUM S SNOW WHITE 1G,2.1,SH,1G,
3125-505,10,520,EA,LEPTOSPERMUM SNOW WHITE 5G,10,SH,5G,
3125-515,29,519,EA,LEPTOSPERMUM S SNOW WHITE 15G,29,SH,15G,
3126-315,190,519,EA,LEPTOSPERMUM BONSAI L.B.15G,190,SH,15G,
3127-305,7.5,520,EA,LEPTOSPERMUM L. REEVES 5G,7.5,SH,5G,
3127-315,45,519,EA,LEPTOSPERMUM SCOPARIUM 15G,45,SH,15G,
3128-101,4.5,522,EA,LESSIGNIA SILVER CARPET 1G,4.5,GCC,1G,
3129-115,32,510,EA,LAG. F. SEMINOLE 15 G. STD,32,TR,15G,
3129-148,830,503,EA,"LAGERSTROEMIA F. SEMINOLE 48"" STD",830,TR,"48""",
3129.148,830,503,EA,"LAGERSTROEMIA F. SEMINOLE 48"" MLT",830,TR,"48""",
3129-215,33,510,EA,"LAGER. I. ""FAUEREI"" 15G MLT",33,TR,15G,
3129-248,830,503,EA,"LAGERSTROEMIA F. SEMI 48""",830,TR,"48""",
3129-315,60,510,EA,LAGER. FAUREI 15 STD,60,,,
3129-415,100,510,EA,LAGER CHICA RED 15G MLT,100,,15G,
3129-417,40,510,EA,LAG IND FAUREI 15G L/B,40,,15G,
3129-424,115,507,EA,"LAGER. FAUREI 24"" MLT",115,,"24""",
3129-515,60,510,EA,LAGERS. SUNNY RED 15G MLT,60,,15G,
3129-524,180,507,EA,"LAGER PETITE SNOW 24"" MLT",180,,"24""",
3129-615,80,510,EA,LAGER ACOMA 15G MLT,80,,15G,
3129-624,160,507,EA,"LAGERSTROEMIA MIAMI 24"" MLT",160,,"24""",
3129-715,60,510,EA,LAGER 'WHIT II' DYNAMITE 15G MLT,60,,15G,
3129-815,65,510,EA,LAGER. DOUBLE FEATURE RED 15G MLT,65,,15G,
3130-024,215,507,EA,"LIGUSTRUM JAP. 24"" CLMN",215,,"24""",
3130-124,185,507,EA,LIGUSTRUM JAPONICA 24,185,,,
3130-125,275,506,EA,"LIGUSTRUM JAP.STD.30""",275,,"30""",
3130-126,485,505,EA,LIGUSTRUM JAPONICUM 36,485,,,
3130-136,485,505,EA,LIGUSTRUM JAPONICUM 36,485,,,
3130-224,175,507.2,EA,LIGUSTRUM TEX. 24,175,,,
3130-324,180,507.6,EA,"LIGUSTRUM JAP. 24"" MLT",180,,"24""",
3130-424,165,507,EA,"LIGUSTRUM J. 'TEXANUM' 24"" STD.",165,,"24""",
3130-501,4,522,EA,LIGUSTRUM JAPONICUM 1G,4,,1G,
3130-505,11,520,EA,LIGUSTRUM JAPONICUM 5G,11,,5G,
3130-515,40,519,EA,LIGUSTRUM JAPONICUM 15G,40,,15G,
3130-605,18,520,EA,LIGUSTRUM SUWANNEE RIVER 5G,18,,5G,
3130-624,215,507.6,EA,"LIGUSTRUM TEX 24"" PYRAMID",215,,"24""",
3130-705,20,520,EA,LIGUSTRUM JAPONICUM 5G CLMN,20,,5G,
3131-005,12,520,EA,LAVATERA X CLEMENTII INOVERA 5G,12,,5G,
3131-105,15,520,EA,LIGUSTRUM J. TEX. 5G CLMN,20,,5G,
3131-124,165,507,EA,"LIGUSTRUM LUCIDUM 24"" STD",165,,"24""",
3131-125,215,507,EA,"LIGUSTRUM LUCID. 24"" PYRAMID",215,,"24""",
3131-126,215,507,EA,"LIGUSTRUM LUCIDUM 24"" CLMN",215,,"24""",
3131-201,3.8,522,EA,LIGULARIA TUSS.1 GAL,3.8,,1G,
3131-205,15,520,EA,LIGULARIA D. AUREO-MACULATA 5G,15,,5G,
3131-224,225,507.6,EA,"LIGUSTRUM TEX  24""  SPIRAL",225,,"24""",
3131-301,3.8,522,EA,LIGULARIA T. AUREO MACULATA 1G.,3.8,,1G,
3131-305,11,520,EA,LAVATERA ASSURGENT. 5G,11,,5G,
3131-405,15,520,EA,LIGULARIA DENTATA 5G,15,,5G,
3131-505,11,520,EA,LAVATERA BICOLOR 5G,11,,5G,
3131-605,12,520,EA,LAVATERA CLEM. INOVERA 5G,12,,5G,
3131-705,12,520,EA,LAVANDULA CANARIENSIS 5G,12,,5G,
3131-801,4,522,EA,LAVATERA MARITIMA 1G,4,,1G,
3131-805,11.5,520,EA,LAVATERA MARITMA 5G,11.5,,5G,
3131-905,18,520,EA,LIGULARIA GIGANTEA 5G,18,,5G,
3132-024,210,507,EA,"LIGUSTRUM TEXANUM 24"" CLMN",210,,"24""",
3135-004,5,524.1,EA,"PERILLA CRISPA 4"" POT",,,,
3135-015,40,519,EA,LIMONIUM PEREZII 15G,40,,15G,
3135-115,100,519,EA,PEROVSKIA ATRIPLICFOLIA 15G,100,,15G,
3135-501,3.8,522,EA,LIMONIUM PEREZII 1G,3.8,,1G,
3135-505,11,520,EA,LIMONIUM PEREZII 5G,11,,5G,
3135-601,2.8,522,EA,LIMONIUM LATIFOLIUM 1G,2.8,,1G,
3135-701,5.5,522,EA,LIMONIUM CALIFORNICUM 1G,5.5,,1G,
3135-705,15,520,EA,PEROVSKIA LITTLE SPIRE 5G,15,,5G,
3135-805,15,520,EA,PEROVSKIA BLUE SPIRE 5G,15,,5G,
3135-901,4,522,EA,PEROVSKIA ATRIPLICFOLIA 1G,4,,1G,
3135-905,15,520,EA,PEROVSKIA BLUE SPIRE 5G,15,,5G,
3135-915,15,520,EA,PEROVSKIA ATRIPLICFOLIA 5G,15,,5G,
31-9998,510,380.2,,SITE ONE GTFS-200C F.S.,510,,,
31-9999,350,380,EA,SITE ONE UFM-100P FLOW SENSOR,350,POC,,
32-0000,1.2,None,EA,VILLA TREE STRAP #3724,1.5,TR,,
32-0001,0.05,430,LF,"PULL ROPE 3/8"" NYLON",0.05,,"8""",
32-0002,141.3,999,EA,PUMP START RELAY,141.3,PMP,,
32-0003,1.5,None,EA,VILLA TREE STRAP #3718,1.5,TR,,
32-0005,0,470,EA,RB SITE CONTROLLER,0,POC,,
32-0006,1,490,EA,SITE ONE GREENTECH ASSEMBLY #1,1,,,
32-0007,0,490,EA,SITE ONE GREENTECH ASSEMBLY #2,0,,,
32-0008,0,490,EA,SITE ONE GREENTECH ASSEMBLY #3,0,,,
32-0009,1.5,None,EA,VILLA TREE STRAP #2024,1.5,TR,,
32-0010,4310,490,EA,PTS CA5-RB1-24/MVR/HFS-150,4310,,,
32-0011,210,637.2,EA,RB FD-101TURF FIELD DECODER SINGLE VALVE,195,,,
32-0012,260,637.2,EA,RB FD-102 TURF FIELD DECODER TWO VALVE,260,SD,,
32-0013,400,635.2,EA,RB FD 401- TURF FIELD DECODER FOUR VALVE,400,SD,,
32-0014,600,635.2,EA,RB FD 601-TURF FIELD DECODER SIX VALVE,600,SD,,
32-0015,1020,637.2,EA,RB SD 210 TURF SENSOR DECODER / ANALOG / DIG,1020,SD,,
32-0016,190,380.5,EA,RB LSP1-TURF LINE SURGE PROT./500' MAX,190,SD,,
32-0017,415,637.2,EA,RB PULSE DECODER,415,,,
32-0018,270,637.2,EA,RB FD-202 TURF DECODER TWO VALVES,270,SD,,
32-0019,15960,490,EA,CONTROLLER ASSEMBLY #1,0,POC,,
32-0020,15960,490,EA,CONTROLLER ASSEMBLY #2,0,POC,,
32-0021,0,490,EA,CONTROLLER ASSEMBLY #3,0,POC,,
32-0022,0,490,EA,CONTROLLER ASSEMBLY #4,0,POC,,
32-0023,0,490,EA,CONTROLLER ASSEMBLY #5,0,POC,,
32-0024,0,490,EA,CONTROLLER ASSEMBLY #6,0,POC,,
32-0025,25000,647,EA,PUMP ASSEMBLY #1,25000,PMP,,
32-0026,25000,647,EA,PUMP ASSEMBLY #2,25000,PMP,,
32-0027,25000,647,EA,PUMP ASSEMBLY #3,25000,PMP,,
32-0028,0,647,EA,PUMP ASSEMBLY #4,0,PMP,,
32-0029,0,490,EA,CONTROLLER ASSEMBLY #7,0,POC,,
32-0030,0,490,EA,CONTROLLER ASSEMBLY #8,0,POC,,
32-0031,0,490,EA,CONTROLLER ASSEMBLY #9,0,POC,,
32-0032,0,490,EA,CONTROLLER ASSEMBLY #10,0,POC,,
32-0033,0,490,EA,CONTROLLER ASSEMBLY #11,0,POC,,
32-0034,0,647,EA,PUMP ASSEMBLY #5,0,PMP,,
32-0035,1,490,EA,JDGT CONTROLLER ASSEMBLY #1,1,POC,,
32-0036,1,490,EA,JDGT CONTROLLER ASSEMBLY #2,1,POC,,
32-0037,1,490,EA,JDGT CONTROLLER ASSEMBLY #3,1,POC,,
32-0038,1,490,EA,JDGT CONTROLLER ASSEMBLY #4,1,POC,,
32-0039,1,490,EA,JDGTRMV2-S1 SOLAR ASSEMBLY,1,,,
32-0040,1,490,EA,JDGT RMV2-S2 SOLAR ASSEMBLY,1,,,
32-0041,100,999,EA,PUMP REPAIR,100,PMP,,
32-0042,7800,490,EA,JDGT RMV-2 -H HARDWIRED CONTROLLER,7800,POC,,
32-0043,5000,490,EA,JDGT RMV-2-R RADIO CONTROLLER,5000,POC,,
32-0044,0,490,EA,CONTROLLER ASSEMBLY #12,0,POC,,
32-0045,0,490,EA,CONTROLLER ASSEMBLY #14,0,POC,,
32-0046,0,490,EA,CONTROLLER ASSEMBLY #19,0,POC,,
32-0047,0,490,EA,CONTROLLER #1,0,POC,,
32-0048,0,490,EA,CONTROLLER #2,0,POC,,
32-0049,0,490,EA,CONTROLLER #3,0,POC,,
32-0050,210,642,EA,JDGT RMD-1 DECODER,210,,,
32-0051,575,637.2,EA,SDI SENSOR DECODER & INTERFACE,575,,,
32-0052,125,637.2,EA,ITS OPT SINGLE VALVE FIELD DECODER,125,,,
32-0053,105,635.2,EA,RB GR-K GROUND ROD KIT,105,,,
32-0054,48,220,EA,RB RWS M-B-1402,48,,,
32-0055,0,470,EA,RB ESPLXIVM (60 STA.),0,,,
32-0056,0,470,EA,RB ESPLXIVMP (PRO 240 STA.),0,,,
32-0057,135,637.2,EA,RB LXIVMSOL RCV SOLENOID DECODER,135,,,
32-0058,400,637.2,EA,RB LXIVMSEN FS SOLENOID DECODER,400,,,
32-0059,185,380.5,EA,RB LXIVMSD SURGE PROTECTOR,185,,,
32-0060,2650,637.2,EA,RB IQ-NCC NETWORK COMM CARTRIDGE,2650,,,
32-0061,0,637.2,EA,RB PSR110-IVM PUMP START RELAY,0,PMP,,
32-0062,600,481,EA,RB LXMM METAL CABINET,0,,,
32-0063,800,480,EA,RB LXMM-PED METAL PEDESTAL,0,,,
32-0064,1200,481,EA,RB LXMMSS SS METAL CABINET,1370,,,
32-0065,1400,480,EA,RX LXMMSS-PED SS PEDESTAL,0,,,
32-0066,310,380,EA,"RB IVM-PESB-100 - 1"" W/ IVM SOLENOID DECODER",310,,"1""",
32-0067,340,380,EA,"RB IVM-PESB-150 - 1.5"" W/ IVM SOLENOID DECODER",340,,"5""",
32-0068,155,637.2,EA,RB IVMDEC DECODER (non-RB valves),155,,,
32-0069,210,637.2,EA,RB IVMSL DECODER,210,,,
32-0070,175,380.4,EA,RB IVMSP SURGE PROTECTOR,144,,,
32-0071,950,637.2,ea,RB IVMSEN (flow sensor decoder),943,POC,,
32-0072,90,637.2,EA,IMPERIAL GRD-K GROUND ROD,90,,,
32-0073,1020,637.2,EA,RB SDI-10TURF flow sensor decoder,1020,POC,,
32-0074,210,637.2,EA,RB DEC-1 DECODER,210,,,
32-0075,1020,637.2,EA,RB SSDI SENSOR DECODER-INTERFACE,1020,,,
32-0076,580,380,EA,ITS IFS-150F FLOW SENSOR,580,POC,,
32-0077,2100,635.2,EA,RB IQ SPREAD RADIO,2100,L,,
32-0078,925,635.2,EA,RB RS232 COMM CARTRIDGE,925,L,,
32-0079,285,999,EA,"RB 3"" OMNI ANTENNA",285,L,"3""",
32-0080,500,999,EA,IMPERIAL TECH CONTR. MODIFICATION,500,L,,
32-0081,2460,471,EA,RB IQ-4614B,2460,L,,
32-0082,950,637.2,,RB IVMSD SENSOR DECODER,,,,
32-0083,,,,RAINBIRD PUMP #1,,,,
32-0084,,,,RAINBIRD PUMP START UP,,,,
32-0507,0,None,EA,"1/2"" CONDUIT SPLICE BOX",0,L,"2""",
32-0600,190,638.1,EA,SENSOR GUARD W/MINICLIK (SGMC),190,L,,
32-1000,54,None,EA,NDS 318BCRBLK 13x20 (JUMBO -BLK/BLK),101,CV,,
32-1001,46.5,999,EA,"NDS 313BCRBLK RECT 14""  BOX, W/ RW STAMP",50,CV,"14""",
32-1002,33,999,EA,"NDS 312BCRBLK RD 10"" BOX,  W/ RW STAMP",33,CV,"10""",
32-1003,83,None,EA,NDS 318BC 13 X 20 JUMBO GRN,83,CV,,
32-1004,50,None,EA,"NDS 314BCB 14"" X 19"" RECT. BOX (GRN/GRN)",50,CV,"14""",
32-1005,10,635.11,EA,TIE INTO EXISTING LATERALS,10,L,,
32-1006,640,470,EA,OASIS KOALA 42 WALL MNT.,640,,,
32-1007,45,None,EA,"GROUNDING ROD (COPPER), 1/2"" X 8'",45,,"2""",
32-1008,25,635.11,EA,TIE INTO COPPER STUB,25,,,
32-1009,100,635.3,EA,TIE INTO EXISTING MAINLINE,100,M,,
32-1010,6.5,637,EA,"6"" ROUND VALVE BOX",6.5,,"6""",
32-1011,1.4,639.1,EA,BRICK PAVER,1.4,,,
32-1012,450,635,EA,"GROUND PLATE GRP-3, 4x36"" (incl powerset)",450,,,
32-1020,18,None,EA,"NDS 112BC (10"" RND GREEN GENERIC)",18,,"10""",
32-1021,40,None,EA,"NDS RD VALVE BOX GREEN, 12""",40,,"12""",
32-1027,1335,480,EA,STRONGBOX SBBC-22CR BF ENCL,1335,,,
32-1028,2600,480,EA,STRONGBOX SBBC 40CR BF ENCL,2600,,,
32-1029,430,999,EA,NDS 326PBCBR (17 x 30 PURPLE),430,,,
32-1030,390,999,EA,NDS 326 BCB (17x30 GREEN JUMBO),390,,,
32-1031,760,636,EA,STRONGBOX QP-30BF CONC PAD,515,,,
32-1032,445,635.3,EA,STRONGBOX QP-16 CONC. PAD,445,,,
32-1033,2680,480,EA,STRONGBOX SSBC-40 ALHP ENCL (box type),2680,,,
32-1034,2000,490,EA,STRONGBOX 16SSW-WALL,2000,,,
32-1035,550,999,EA,POLAR BARRIER PBR19-XX-28-G,550,,,
32-1036,550,None,EA,POLAR BEARIER PBR19-48-34,550,,,
32-1037,1450,480,EA,STRONGBOX SBBC-30CR BF ENCL,1450,,,
32-1038,550,999,EA,POLAR BARRIER PBR 19-42-28,550,,,
32-1039,1700,635.4,EA,LEMEUR #168 CLAM SHELL ENCLOSURE,1700,,,
32-1040,925,480,EA,ALLSPEC VB-3630,925,,,
32-1040.1,1000,480,EA,ALLSPEC BFE 3030 (30x30x18 BF ENCL),1000,,,
32-1041,1490,480,EA,STRONGBOX SB-16SSW WALL MOUNT,1490,,,
32-1042,900,480,,STRONGBOX SB-18CR,900,,,
32-1043,3200,490,EA,STRONGBOX SB 16SS TOP ENTRY CABINET,3200,,,
32-1044,945,480,EA,STRONGBOX LD-18SW WALL MT,945,,,
32-1045,110,999,EA,STRONGBOX RGVS,110,,,
32-1046,420,999,EA,NDS 326 BCDBW (17x30 BLK),420,,,
32-1047,550,638,EA,POLAR BARRIER PBB-45,550,,,
32-1048,550,638,EA,POLAR BEARIER PBR16-19-46,550,,,
32-1049,1800,635.4,EA,LEMEUR #168 S.S. DOUBLE CLAM SHELL,1800,,,
32-1050,330,481,EA,LAMAX MK 7 WALL MOUNT VANDAL PROOF,330,,,
32-1051,950,480,EA,"LEMEUR 18""X42""X30"" S.S. RPBD ENCL.",950,,"18""",
32-1052,1540,480,EA,"LEMEUR 30""X84""X42"" S.S. RPBD ENCL.",1540,,"30""",
32-1053,1600,635.4,EA,"LEMEUR BFSS 2"" BACKFLOW ENCLOSURE",1600,POC,"2""",
32-1054,1200,635.4,EA,LEMEUR LBF-SS-99 ENCLOSURE,1200,,,
32-1055,1600,380,EA,LEMEUR RBF-56-SS ENCLOSURE,1600,,,
32-1056,0.24,None,EA,MARKING FLAG,0.24,,,
32-1057,0.01,639.1,LF,YELLOW CAUTION WARNING,0.01,,,
32-1058,90,635.4,LF,BLUE POTABLE WATER CAUTION TAPE-1000',90,,,
32-1059,1500,635.3,EA,STRONGBOX SB-16SSW WALL MOUNT,1500,,,
32-1060,500,480,EA,LAMAX MK 2,500,,,
32-1061,700,480,EA,STAINLESS STEEL SINGLE WIDE ENCLOSU,700,,,
32-1062,425,480,EA,HOFFMAN 20X16X6 SS BOX,425,,,
32-1063,6000,480,EA,HS-1 CONTROLLER CABINET,6000,POC,,
32-1064,2150,480,EA,STRONGBOX SBBC-22SS BF ENCL,2150,,,
32-1065,4425,470,EA,HS9-ISC32H,4425,,,
32-1066,2110,480,EA,STRONGBOX SB-18SSW WALL MOUNT,2110,,,
32-1067,1000,490,EA,STRONGBOX SB-18SS/CSA-52  ENCL.,1000,,,
32-1068,3800,490,EA,STRONGBOX SB-24SS/CSA-52 120V. MET.,3800,,,
32-1069,3800,490,EA,STRONGBOX SB-24D/SS/CSA-52  DOUBLE,3800,,,
32-1070,4800,480,EA,STRONGBOX SBBC-40SS BF ENCL,4800,,,
32-1071,2110,480,EA,STRONGBOX VIT SB-18SS,2110,,,
32-1072,1700,480,EA,STRONGBOX SBBC-45AL ENCL. (box-type),1700,,,
32-1073,1450,480,EA,STRONGBOX SBBC-30CR BF ENCL,1450,,,
32-1074,3500,480,EA,STRONGBOX-18D/CSA-52/ SS BACK TO BACK,3500,,,
32-1075,2400,480,EA,STRONGBOX BC-45CR (EXPANDED METAL),2400,,,
32-1076,1900,480,EA,STRONGBOX SBBC-40 AL (box type),1900,,,
32-1077,2700,480,EA,STRONGBOX SBBC-60 AL ENCL (box type),2700,,,
32-1078,2450,480,EA,STRONGBOX SBBC-30SS BF ENCL,2450,,,
32-1079,2000,480,EA,STRONGBOX SBBC-45CR BF ENCL,2000,,,
32-1080,0.11,430,EA,RECLAIMED WATER TAPE,0.12,,,
32-1081,0.12,430,FT,METALLIC LOCATER TAPE - RW,0.12,,,
32-10815,0.12,430,LF,DETECTABLE WARNING TAPE (DOM),0.12,,,
32-1082,15,None,EA,CAUTION TAPE ROLL (1000'),15,,,
32-1083,3750,480,EA,STRONGBOX SBBC-45SS BF ENCL,3750,,,
32-1084,5740,470,EA,CALSENSE ET1-40-LR-ANT4,5740,,,
32-1085,3000,480,EA,STRONGBOX BC-75CR BF (EXPANDED METAL),3000,,,
32-1086,2772.8,490,EA,HS8-EV18-H,2772.8,,,
32-1087,215,None,EA,RSE,215,,,
32-1088,4218.5,470,EA,HS7-2132 BACKPLATE ONLY,4218.5,,,
32-1089,5083.5,490,EA,HS1-2132,5083.5,,,
32-1090,9489.7,490,EA,HS5-2132/32,9489.7,,,
32-1091,5638,490,EA,HS1-2140,5638,,,
32-1092,2923.35,490,EA,HS1-IDC32M,2923.35,,,
32-1093,2002.25,380,EA,HSFSP SIGNET FLOW SENSING PK,2002.25,,,
32-1094,749,None,EA,HSCOMB IDC COMM BOARD W/ RJ11,749,,,
32-1095,635,None,EA,HSSB8 IDC SENSOR BOARD,635,,,
32-1096,3486.7,490,EA,HS2-MC24/24,3486.7,,,
32-1097,4865,490,EA,HS1-ETI-24G,4865,,24G,
32-1098,5038,490,EA,HS1-ET1-32H,5038,,,
32-1099,6193,490,EA,HS9-2116/MS INCLUDES RJI OPTION,6193,,,
32-1100,3422,490,EA,HS1-2124,3422,,,
32-1101,250,None,EA,MVR,250,,,
32-1102,3136.27,490,EA,HS8-EV24-H,3136.27,,,
32-1103,4095,490,EA,HS6-DX36WMS,4095,,,
32-1104,3886,490,EA,HS9-IDC16H,3886,,,
32-1105,4100,490,EA,HS9-IDC8H (Discontinued),4100,,,
32-1106,835,None,EA,HS-MSB,835,L,,
32-1107,4492.25,490,EA,HS2-ISC-12/24,4492.25,L,,
32-1108,2871.15,490,EA,HS6-EV24-H,2871.15,L,,
32-1109,2321,490,EA,HS6-EV12-H,2321,L,,
32-1110,180,None,EA,RRC12,180,L,,
32-1111,1227.2,490,EA,HS1-TC6EX-H,1227.2,L,,
32-1112,5643.25,490,EA,HS8-EVS24/EV18-H,5643.25,L,,
32-1113,3413.45,490,EA,HS6-EVS24-H,3413.45,L,,
32-1114,1689,490,EA,HSI-MC18H,1689,L,,
32-1115,250,None,EA,HTC (REPLACES OPTION A FAN),250,L,,
32-1116,2045,490,EA,HS7-EV24H BACKPLATE ONLY,2045,L,,
32-1117,4098,490,EA,HS6-EVS32-H,4098,L,,
32-1118,3352.25,490,EA,HS1-2116H CONTROLLER,3352.25,POC,,
32-1119,3123.5,490,EA,HS1-2112H,3123.5,L,,
32-1120,4324.45,490,EA,HS1 CS ET 24 CONTROLLER,4324.45,POC,,
32-1121,5572.22,490,EA,HS1 CS ET 40 CONTROLLER,5572.22,POC,,
32-1122,4462.25,490,EA,HS5-MC36/36,4462.25,L,,
32-1123,1717.5,None,EA,HSRADPKG,1717.5,,,
32-1124,250,None,EA,MVP,250,,,
32-1125,3889,490,EA,HS6-IDC32S (SATELLITE),3889,,,
32-1126,3300,490,EA,ELECTRICAL PEDESTAL,3300,,,
32-1127,4017,490,EA,HS8-EV36,4017,,,
32-1128,1025,None,EA,ETG (CALSENSE ET GAGE),1025,,,
32-1129,575,None,EA,ETGE (ET GAGE ENCL),575,,,
32-1130,2175,490,EA,HS1-ISC12H,2175,,,
32-1131,790,None,EA,HFSO-200P,790,,,
32-1132,2837,490,EA,HS1-RM36ES,2837,,,
32-1133,1873,490,EA,HS1-RM18EH,1873,,,
32-1134,1605,490,EA,HS1-RM12EH,1605,,,
32-1135,859,None,EA,MLC4-36,859,,,
32-1136,1460,481,EA,ET WATER 202W-8  ( WITH 1 YEAR SERVICE),1460,,,
32-1137,795,None,EA,MLC4-12,795,,,
32-1138,3517,490,EA,HS6-EV32-H,3517,,,
32-1139,4223,490,EA,HS9-EV-24-SAT,4223,,,
32-1140,2460,490,EA,HS1-ISC16H,2460,,,
32-1141,4430,490,EA,HS9-IDC-24H,4430,,,
32-1142,650,None,EA,HSFST,650,,,
32-1144,1517,None,EA,HSFSP-ENC1,1517,,,
32-1145,889,999,EA,HIGH FLOW SHUT OFF 1.5,889,,,
32-1146,3476,490,EA,HS6-ISC32H,3476,,,
32-1147,7030,490,EA,HS6/IDC32H/HSFSPENC1/MVP/RRC/HSCOMB,7030,,,
32-1148,16,None,EA,HSP HS-GND (GROUNDING KIT),16,,,
32-1149,5250,490,EA,HSP SB-24SS/120/EV/DX24-WM-03-HW,5250,,,
32-1150,2750,490,EA,HSP SB-16SS/DX24-SB-00-HW,2750,,,
32-1151,5635,490,EA,HSP HS1/ETI-40-G/H/HTC/2RRC,5635,,,
32-1152,5000,490,EA,HSP HS1/ET1-32-G/H/HTC/RRC,5000,,,
32-1154,1625,490,EA,HSP HS1/RME-6/H/HTC/RRC,1625,,,
32-1155,1975,490,EA,HS1-RM24H,1975,,,
32-1156,760,None,EA,MLC4-24,760,,,
32-1157,8720,490,EA,HS5-ET1-12/40-H,8720,,,
32-1158,7350,490,EA,HS5-ET1-24/24-H,7350,,,
32-1159,6200,490,EA,HS5-ET1-12/16-H,6200,,,
32-1160,200,490,EA,RRC24,200,,,
32-1161,8300,490,EA,HS5-ET1-24/24-GH,8300,,,
32-1162,7150,490,EA,HS5-ET1-12/16-GH,7150,,,
32-1163,1700,490,EA,HS1-TC12LH,1700,,,
32-1164,2990,490,EA,HS1-ISC24H,2990,,,
32-1165,870,380,EA,HFSO-100,870,,,
32-1166,6635,490,EA,HS6/IDC-16H/HD15FSPE-200 W/OPTIONS,6635,,,
32-1167,6770,490,EA,HS6/IDC-24H/HD15FSPE-200 W/OPTIONS,6770,,,
32-1168,5940,490,EA,HS7/IDC-24H/HD15FSPE-200 W/OPTIONS,5940,,,
32-1169,7465,490,EA,HS9/IDC-8H/HD15FSPE-200 W/OPTIONS,7465,,,
32-1170,7780,490,EA,HS9/IDC-24H/HD15FSPE-200 W/OPTIONS,7780,,,
32-1171,7915,490,EA,HS9/IDC-24H/HD15FSPE-200 W/OPTIONS,7915,,,
32-1172,2510,490,EA,HSP HS6/DX6H-WM/RSE/MVP/HS-GND,2510,,,
32-1173,5335,490,EA,HSP HS6/DX48H-03-WM/RSE/MVP/HS-GND,5335,,,
32-1174,3990,490,EA,HSP HS6/DX24H-03-WM/RSE/MVP/HS-GND,3990,,,
32-1175,3470,490,EA,HSP HS6/DX12H-03-WM/RSE/MVP/HS-GND,3470,,,
32-1176,3730,490,EA,HS9/DX6H-WM/RSE/MVP/HS-GND,3730,,,
32-1177,6555,490,EA,HS9/DX48H-03-WM/RSE/MVP/HS-GND,6555,,,
32-1178,5205,490,EA,HS9/DX24H-03-WM/RSE/MVP/HS-GND,5205,,,
32-1179,4685,490,EA,HS9/DX12H-03-WM/RSE/MVP/HS-GND,4685,,,
32-1180,2255,490,EA,HS1-MC24+B,2255,,,
32-1181,0.25,430,LF,TRACER WIRE #12,0.25,,,
32-1182,5750,490,EA,HS9-DX18-H w/DX18-WM-03,5750,,,
32-1183,2750,490,EA,HS6-DX12-WMS,2750,,,
32-1184,520,400.3,EA,"LASCO V40101N-SC 4"" SLO CLOSE SCH 80 BV",520,,"4""",
32-1185,150,402,EA,"LASCO V2010NF-SC 2"" SOCKET X FLANGE BALL VLV",150,,"2""",
32-1186,19.95,999,EA,"LASCO T532-212 O-RING SWG 1/2""",19.95,,"2""",
32-1187,16.8,999,EA,"LASCO T732-212 O-RING SWG 3/4""",16.8,,"4""",
32-1188,57.75,999,EA,"LASCO G13T-212 O-RING SWG 1""",57.75,,"1""",
32-1189,550,400.3,EA,"LASCO V30101N-SC 3"" SLO-CLOSE SCH 80 BV",550,,"3""",
32-1190,635,402,EA,"LASCO V27101N-SC  2.5""  SLO CLOSE SCH 80 BV",635,,"5""",
32-1191,280,402,EA,"LASCO V20101N-SC SLO-CLOSE 2"" SCH 80 BV",280,,"2""",
32-1192,154,402,EA,"LASCO V14101N-SC SLO-CLOSE 1.25"" BV",154,,"25""",
32-1193,1.3,999,EA,LASCO INSERT FITTINGS UP-CHARGE,1.3,,,
32-1194,800,480,EA,LEMEUR LBF-99 (GREEN),800,,,
32-1195,7,None,EA,HUNTER MP1000 ROTATOR NOZZLE,7,,,
32-1196,7,None,EA,HUNTER MP2000 ROTATOR NOZZLE,7,,,
32-1197,7,None,EA,HUNTER MP3000 ROTATOR NOZZLE,7,,,
32-1198,154,402,EA,"LASCO V17101N-SC SLO-CLOSE-1.5"" SCH. 80 BV",154,,"5""",
32-1199,121,402,EA,"LASCO V10101N-SC SLO-CLOSE 1"" BV",121,,"1""",
32-1200,47.25,999,EA,"LASCO G13S-218 1"" SWING ASSBLY",47.25,,"1""",
32-1201,6,999,EA,HUNTER MP-RCS-515 (RT. CRNR),6,,,
32-1202,36.75,999,EA,LASCO G132-218,36.75,,,
32-1203,2240,480,EA,GUARDSHACK CGS-2-SS-LSB,2240,,,
32-1204,185,636,EA,GUARDSHACK ENCPAD EP-2,185,,,
32-1205,900,480,EA,GUARDSHACK GS-1-LSB PAINTED,900,,,
32-1206,1000,480,EA,GUARDSHACK GS-2-LSB PAINTED,1000,,,
32-1207,1880,480,EA,GUARDSHACK CGS-1-SS-LSB,1880,,,
32-1208,3500,480,EA,GUARDSHACK CGS-4-SS-LSB,3500,,,
32-1209,950,480,EA,GUARDSHACK HGS-3 CR,950,,,
32-1210,325,380,EA,WATER METER BOX (CONC/POLYMER),325,,,
32-1211,0.05,430,LF,DOMESTIC WATER TAPE,0.05,L,,
32-1212,2000,480,EA,GUARDSHACK CGS-3-SS-LSB,2000,POC,,
32-1213,6,402,EA,"LASCO V10691N 491 SERIES 1"" SCH 80 BV",6,M,"1""",
32-1214,1850,480,EA,SMCYF 44X45X18 GREEN ENCLOSURE,1850,CV,,
32-1215,19,402,EA,"LASCO V10191N SUPER 'C' 1"" SCH 80 BV",19,M,"1""",
32-1216,2800,480,EA,SENTRY  SMAX  BACKFLOW ENCLOSURE,2800,POC,,
32-1217,25,402,EA,"LASCO V14191N SUPER 'C' 1.25"" SCH 80 BV",25,M,"25""",
32-1218,14.5,402,EA,"LASCO V08191N SUPER 'C' 3/4"" SCH 80 BV",14.5,M,"4""",
32-1219,32,402,EA,"LASCO V17191N SUPER 'C' 1.5"" SCH 80 BV",32,M,"5""",
32-1220,43.1,402,EA,"LASCO V20191N SUPER 'C' 2"" SCH 80 BV",43.1,M,"2""",
32-1221,0,480,EA,GUARDSHACK CGS-1.5-SS-LSB (discontinued),0,POC,,
32-1222,950,480,EA,GUARDSHACK GS-4G-LSB painted,950,POC,4G,
32-1223,800,480,EA,GUARDSHACK GS-3 PAINTED,800,POC,,
32-1224,850,480,EA,"GUARDSHACK BP-4, (lift off, ptd)",850,POC,,
32-1225,1000,380,EA,LEMEUR RBF-118 PTD BF CAGE,1000,POC,,
32-1226,1100,380,EA,LEMEUR RBF-128 PTD BF CAGE,1100,POC,,
32-1227,920,380,EA,LEMEUR RBF-99 PTD BF CAGE,920,POC,,
32-1228,1050,380,EA,LEMEUR LBF-128 (PTD),1050,POC,,
32-1229,960,380,EA,LEMEUR LBF-118 (PTD),960,POC,,
32-1230,6,999,EA,HUNTER MP-RCS-515 (LT CRNR),6,L,,
32-1231,3600,470,EA,HUNTER A2C-1200PP - plastic ped,3600,L,,
32-1232,360,637,EA,HUNTER A2M-600 - 6 STA. MOD.,360,L,,
32-1233,216,471,EA,HUNTER I2C-800PL - 8 STA BASE PLAS. CAB.,216,L,,
32-1234,630,471,EA,HUNTER I2C-800M - 8 STA. BASE METAL CAB.,630,L,,
32-1235,1053,471,EA,HUNTER I2C-800SS - 8 STA. BASE S.S. CAB.,1053,L,,
32-1236,2103,471,EA,HUNTER I2C-800PP - 8 STA. BASE PLAS. PED.,2103,L,,
32-1237,380,637,EA,HUNTER I2C-PED - METAL,380,L,,
32-1238,714,637,EA,HUNTER ICC-PED-SS,714,L,,
32-1239,46,637,EA,HUNTER EZ-1 SINGLE DECODER,46,L,,
32-1240,130,638.1,EA,HUNTER WIFIKIT FOR ICC2 CTLR,130,L,,
32-1241,41,370,EA,HUNTER I-20-06-SS-PRB-R,41,L,,
32-1242,40,370,EA,"HUNTER I-20-12-CV (W/CHK VALVE 12"" POP)",40,L,"12""",
32-1243,24,370,EA,"HUNTER I-20-04-CV (4"")",24,L,"4""",
32-1244,1950,481,EA,HUNTER A2C-1200SS - SS WALL MT,1950,L,,
32-1245,2600,490,EA,STRONGBOX SB-1852-SS CABINET,2600,L,,
32-1246,300,470,EA,HUNTER A2C-1200M (gray metal box),1090,L,,
32-1247,270,999,EA,HUNTER A2C-WIFI,270,L,,
32-1248,1300,470,EA,HUNTER A2C-1200P (plastic WM cabinet),1030,L,,
32-1250,0.24,430,LF,TRACER WIRE #14,0.24,L,,
32-1251,3900,480,EA,STRONGBOX SBBC-75-CR,3900,POC,,
32-1252,9760,470,EA,STRONGBOX COMBO PED MPE-A16-10K,9760,L,,
32-1253,2655,481,EA,HUNTER A2C-75D-PED-SS,2655,L,,
32-1254,1480,481,EA,HUNTER A2C-75D-P (WALL MOUNT),1480,L,,
32-1255,550,999,EA,HUNTER A2C-D75 (75 STAT. MODULE),550,L,D75,
32-1256,2300,481,EA,HUNTER A2C-75D-PP,,,,
32-1258,700,635.1,EA,GUARDSHACK WE-2 wall mt enclosure,700,L,,
32-1259,650,480,EA,GUARDSHACK GS-BP-2G,650,POC,2G,
3217-315,45,519,EA,LEPTO LAEVIGATUM REEVSII 15G,45,TR,15G,
32-1820,765,380,EA,PTS HFS-200,765,L,,
32-1996,1620,490,EA,"ALLSPEC AS-18, CONTR. CAB CR (18x12x36)",1620,L,,
32-1997,1200,480,EA,ALLSPEC BFE-5430 (54x30x18W) PTD ENCL,1200,POC,,
32-1998,690,480,EA,ALLSPEC VB-2424,690,CV,,
32-1999,1470,480,EA,ALLSPEC VB-SS-3030,1470,CV,,
32-2000,2.45,999,EA,"ALLSPEC EPOXY CTD J-HK, 18""",2.45,HDR,"18""",
32-2001,4140,490,EA,ALLSPEC ASTT-8100-SS CABINET (solar),4140,L,,
32-2002,4140,490,EA,ALLSPEC ASTT-8100 TAN (solar),4140,L,,
32-2104,213,395,EA,"CRISPIN UL-10, 1"" AIR VACUUM",213,M,"1""",
32-2204,213,220,EA,"CRISPIN IC-10 1"" AIR VACUUM",213,M,"1""",
32-2220,70,999,EA,METAL VINE BRACKETS,70,SH,,
32-2221,80,637.2,EA,METAL POST,80,TRSTK,,
32-2222,50,637.1,EA,METAL TUBE MISC,50,,,
32-2223,1000,999,,METAL PANELS,1000,,,
32-2304,14,999,EA,"CRISPIN AIR RELIEF VALVE 3/4""",14,M,"4""",
32-2305,335,999,EA,"CRISPIN IC-10A AIR RELIEF VALVE 2""",335,M,"2""",
32-3024,2235,635.8,EA,PTS MZ64 (HYDROMANAGER HMZ-364),2235,L,,
32-3025,700,380,EA,PTS HFS-150,700,L,,
32-3026,11740,490,EA,PTS SA-20-24/CCU,11740,L,,
32-3027,6590,490,EA,CA5-CS2-16-LPP-MVR-FM150 PAINTED,6590,L,,
32-3033,13210,490,EA,PTS SA-50-24/CCU,13210,L,,
32-3034,1855,635.8,EA,PTS MZ43 (HYDROMANAGER),1855,L,,
32-3037,2115,635.8,ea,PTS MZ44 (HYDROMANAGER HMZ-244),2115,L,,
32-3038,1117,380,EA,PTS HFS-300,1117,L,,
32-3042,1105,None,EA,PTS HFS 1.25B,1105,L,,
32-3043,6280,490,EA,CA5-CS2-24-LPP-MVR-FM/150,6280,L,,
32-3045,1105,635,EA,PTS HFS-200,1105,L,,
32-4000,1400,480,EA,STRONGBOX SBBC-30AL ENCL (box type),1400,POC,,
32-4001,7270,490,EA,PTS SA6-RB1-32/LPP/MSP/FS-125/RRA,7270,L,,
32-4002,9270,490,EA,PTS CA5-RM3-30+18/LPP/FM150/MVR2,9270,L,,
32-4003,7170,490,EA,PTS CA5-RM3-24+30/LPP/FM150/MVR2,7170,L,,
32-4004,5650,490,EA,PTS CA5-RM3-24/LPP/FM150,5650,L,,
32-4005,4985,490,EA,PTS CA5-RM3-6/LPP/FM100,4985,L,,
32-4006,4433,490,EA,CA5-RM3-18,4433,L,,
32-4007,3069,490,EA,STRONGBOX SB-24SS,3300,L,,
32-4025,430,380,EA,DATA IND 250B-1 (BRASS),430,L,,
32-4026,450,380,EA,DATA IND 250B-1.25 (BRASS),450,L,,
32-4027,480,380,EA,DATA IND 250B-1.5 (BRASS),480,L,,
32-4100,3600,480,EA,STRONGBOX SBBC-75 ALHP ENCL (box type),3600,POC,,
32-4101,1500,480,EA,STRONGBOX BC-30CR (EXPANDED METAL) BF ENCL,1500,POC,,
32-4102,5255,480,EA,STRONGBOX SBBC-75SS BF ENCL,5255,POC,,
32-4103,2950,480,EA,STRONGBOX SBBC-20SS HIGH PROFILE,2950,POC,,
32-4104,150,999,EA,VIT PCBF20SS - PURPLE PAINT FOR SBBC-20SS,150,POC,,
32-4105,450,636,EA,STRONGBOX QP-20BF QUICK PAD,450,POC,,
32-4106,133,999,EA,VIT ENCVIT SOLAR SYNC ENCLOSURE,133,L,,
32-4107,550,999,EA,POLAR BARRIER PBB-30 SLIP ON,550,,,
32-4108,590,636,EA,STRONGBOX QP-22BF QUICK PAD,590,,,
32-4109,250,999,EA,STRONGBOX SRSE rainsensor enclosure,250,POC,,
32-4110,2950,480,EA,STRONGBOX SBBC-20SS-P2X (purple),2950,,,
32-5000,6520,490,EA,PTS SA-20-12/24,6520,,,
32-50004,6600,490,EA,PTS/SA6-RBI-32/LPP/MSP/FS200,6600,,,
32-50005,6800,490,EA,PTS/SA6-RBI-32/LPP/MSP/MVR/FS150,6800,,,
32-50006,15658,490,EA,PTS/SA6-RBI-32+C28/LPP/MSP/MVR/FS15,15658,,,
32-50007,6554,490,EA,PTS SA6-RB1-32/LPP/MSP/FS150,6554,,,
32-5001,7500,490,EA,PTS CA5-CS1-40/HFS-100/MVR/LPP,7500,,,
32-5002,14867,490,EA,PTS SA5-RB1-40+C6/FS-150/MSP/LPP/SRSE,14867,L,,
32-5003,6676.1,490,EA,SA5-RB1-12/MVR/FS150/LPP/MSP,6676.1,L,,
32-5004,9430,490,EA,SA6-RB-C28/LPP/MSP,9430,L,,
32-5005,9236.2,490,EA,SA5-RB1-24+24/2MVR/FS200/LPP/MSP,9236.2,L,,
32-5009,4190,490,EA,CA5-RB1-32/MVP/RRA/LPP,4190,L,,
32-5010,8950,490,EA,PTS CA8-CS1-32/32-2RRA,8950,L,,
32-5011,2360,490,EA,CA10-RBI-24/HFS/LPP,2360,L,,
32-5012,8852.2,490,EA,SA5-RB1-16/24-/2MVR/FS200/LPP/MSP,8852.2,L,,
32-5022,508,None,EA,PTS MS,508,L,,
32-5023,10547,490,EA,PTS SA6-RB1-32+C6/LPP/MSP/HFS-125/RRA,10547,L,,
32-5026,465,380,EA,"DATA IND. 220P, 1""",465,L,"1""",
32-5027,7150,490,EA,MCA6-CS-ET2000-12/DR/TP-1/TP-110/FM-1.25B,7150,L,,
32-5028,525,380,EA,"DATA IND 220P 1.5""",525,L,"5""",
32-5029,1900,380,EA,DATA IND. FS-250,1900,L,,
32-5030,2000,380,EA,DATA IND. FS-300,2000,L,,
32-5031,695,380,EA,"DATA IND 220B 2 1/2"" FLOW SENSOR",695,POC,"2""",
32-5033,4,630.2,EA,"NDS #13 4"" ROUND GREEN",4,CV,"4""",
32-5034,475,380,EA,DATA IND IR220P-200,475,L,,
32-5038,192.22,None,EA,PTS LSR,192.22,L,,
32-5039,250,None,EA,GREENTECH  SERVICE CALL,250,,,
32-5040,75,380.5,EA,"GREENTECH GR-K, GROUND ROD KIT",75,L,,
32-5041,4725,490,EA,SA1-RB1-24 / MSP /LPP / MVR,4725,L,,
32-5042,17980,636.2,EA,PTS PUMP IBC610A-3-2-2.5 LE/VAULT-S,17980,PMP,,
32-5044,1101,None,EA,PTS HFS-125,1101,L,,
32-5045,4582.25,490,EA,PTS SA-25-32,4582.25,L,,
32-5046,140,380.5,EA,GREENTECH WT-HAS-H2O L.A.,140,L,,
32-5047,950,480,EA,PTS SB-24SS,950,L,,
32-5048,1750,480,EA,PTS SB-24SS/120V,1750,L,,
32-5049,6873,490,EA,PTS SA-80-48MR,6873,L,,
32-5050,3474,490,EA,PTS SA-10-CCU-J,3474,L,,
32-5053,7482,490,EA,PTS CA-210-2124/2132,7482,L,,
32-5055,1610,380,EA,DATA IND FS-100,1610,L,,
32-5056,440,380,EA,DATA IND FSB-100 (BRASS),440,L,,
32-5060,2750,490,EA,CA-RM50-24MR,2750,L,,
32-5061,7283.1,490,EA,SA5-RB1-24/MVR/FS200/LPP/MSP,7283.1,L,,
32-5063,21859,490,EA,SA5-RB1-40+C28/FS-200/MSP/LPP/PSR,21859,L,,
32-5064,4900,490,EA,PTS-SA-20-24 (DBL.WIDE/SINGLE CONTR,4900,L,,
32-5065,415,None,EA,PTS COST TO PAINT ENCLOSURE,415,,,
32-5066,9177,490,EA,PTS SA2-RB1-40/FS-200/MSP/LPP/PSR/TRC-RCAT,9177,L,,
32-5067,8857,490,EA,PTS SA6-RB1-40/FS-200/MSP/LPP/PSR/TRC-RCAT,8857,L,,
32-5068,18204,635.5,EA,GREEN TECH PUMP IBC810A-7.5-2.5LE/VAULT-S/PRV,18204,PMP,,
32-5069,7848,635.5,EA,PTS PUMP IBGA5-1.5-2-2,7848,PMP,,
32-5070,7975,635.5,EA,PTS PUMP BEPGA6-2-2-2,7975,PMP,,
32-5071,7599,635.5,EA,PTS PUMP IBGA5-3/4-2-2,7599,PMP,,
32-5072,7616,635.5,EA,PTS PUMP IBGA5-1-2-2,7616,PMP,,
32-5073,0,999,EA,GREENTECH MISC EQUIPMENT,0,,,
32-5074,615,635.2,EA,"RB GRP-K 96"" GROUND PLATE/100# POWERSET",615,L,"96""",
32-5075,310,635.2,EA,"RB GRP-3, 36"" GRND PLT w/50# POWERSET",310,L,"36""",
32-5076,83000,636.9,EA,GREENTECH WATER HARVEST PUMP,83000,PMP,,
32-5077,190,637.2,EA,GREENTECH WTD-H1 DECODER,175,L,,
32-5078,0.85,430,LF,GREENTECH CAB-14 CABLE,0.85,L,,
32-5079,500,380,EA,GT FS-100P FLOW SENSOR,500,POC,,
32-5080,660,380,,GT FSVC-100P FLOW SENSOR,660,POC,,
32-5084,670,None,EA,PTS SED,670,L,,
32-5085,1660,380,EA,DATA IND FS-200,1660,L,,
32-5086,800,380,EA,"RB FS 200B (Brass Flow Sensor) 2""",800,POC,"2""",
32-5090,690,380,EA,RB FS-150B FLOW SENSOR,690,POC,,
32-5091,650,380,EA,"RB FS-100B 1"" BRASS FLOW SENSOR",650,POC,"1""",
32-5092,464,380,EA,RB FS-100P FLOW SENSOR,464,POC,,
32-5093,690,380,EA,RB FS-150P FLOW SENSOR,690,POC,,
32-5094,10265,490,EA,PTS SA5-RB1-24/FS-150/MSP/LPP/SRSE,10265,L,,
32-5095,7871.6,490,EA,PTS SA-10-CCU,7871.6,L,,
32-5096,7592.2,490,EA,PTS SA-42-24 COM/24 COM,7592.2,L,,
32-5097,631,380,EA,DATA IND FS-125,631,L,,
32-5098,181.5,None,EA,PTS MSP,181.5,L,,
32-5099,100,None,EA,PTS LPP,100,L,,
32-5100,450,380,EA,RB FS-200P FLOW SENSOR (PLASTIC),450,POC,,
32-5101,10547,490,EA,PTS SA6-RB1-24+C6/LPP/MSP/FS-125/RRA,10547,L,,
32-5102,7650,490,EA,PTS SA6-RB2-24/RMP/LPP/LFS-150,7650,L,,
32-5103,1640,380,EA,DATA IND FS-150,1640,L,,
32-5104,8285,490,EA,PTS SA-50-12/24,8285,L,,
32-5105,6100,490,EA,CA2-RM3-24+18/HFS-200/RSE/MVPV/MVR/RSR/RRA,6100,L,,
32-5106,4800,490,EA,CA1-RM3-36/HFS-125/RSE/MVPV/RRA,4800,L,,
32-5107,4200,490,EA,CA1-RM3-30/HFS-125/RSE/MVPV/RRA,4200,L,,
32-5108,3800,490,EA,CA1-RM3-24/HFS-125/RSE/MVPV/RRA,3800,L,,
32-5109,11040,490,EA,PTS SA-20-12/CCU,11040,L,,
32-5111,1400,None,EA,PTS IWM-32,1400,L,,
32-5112,3330,490,EA,PTS SA-10-24PAR,3330,L,,
32-5113,5420,490,EA,PTS SA-50-24PAR,5420,L,,
32-5114,6840,490,EA,PTS SA-50-12PAR/24PAR,6840,L,,
32-5115,7355,490,EA,PTS SA-50-24PAR/24PAR,7355,L,,
32-5116,4950,490,EA,CA1-RBI-40/FS200/LPP,4950,L,,
32-5117,8750,490,EA,SA5-RB1-32/FS200/MVR/LPP,8750,L,,
32-5123,220,None,EA,PTS RSR (CAN USE AS MVR ALSO),220,L,,
32-5127,280,None,EA,PTS MVPV,280,L,,
32-5131,10890,490,EA,PTS SA-50-CCU,10890,L,,
32-5132,5820,490,EA,PTS SA-20-24PAR/24PAR,5820,L,,
32-5133,5270,490,EA,PTS SA-20-24PAR/16PAR,5270,L,,
32-5135,6800,490,EA,PTS SA-50-24PAR/16PAR,6800,L,,
32-5138,4700,490,EA,PTS CA5-RB1-8+40,4700,L,,
32-5140,12000,490,EA,PTS SA6-RB1-40+C6/FS-50/MSP/LPP/TRC-RCA,12000,L,,
32-5141,100,635.2,EA,RB FSMLXME FLOW SMART MODULE,100,L,,
32-5155,650,380,EA,DATA FS-150B (BRASS),650,L,,
32-5199,3660,490,EA,SA1-RB1-24 RB ESP-24 SAT MVR-LPP,3660,L,,
32-5200,48,251,EA,RB RWS-M-BCG TRWS,48,L,,
32-5240,4100,490,EA,CA1-CS2-24/RRA,4100,L,,
32-5241,8900,490,EA,CA2-CS2-24+32/2RRA,8900,L,,
32-5242,5080,490,EA,CA1-CS2-32/RRA,5080,L,,
32-5243,7650,490,EA,CA2-CS2-24+24/2RRA,7650,L,,
32-5244,10290,490,EA,CA2-CS1-32+32/2RRA/LPP,10290,L,,
32-5245,9520,490,EA,CA2-CS1-32+24/2RRA/LPP,9520,L,,
32-5246,4750,490,EA,CA1-CS1-24/RRA/LPP,4750,L,,
32-5300,8000,490,EA,PTS SA5-RB1 ASSEMBLY,8000,L,,
32-5900,533.5,635,EA,DATA IND FLOW MONITER 1000,533.5,L,,
32-5901,350,380,EA,"DATA IND 220P 4""",350,L,"4""",
32-5902,320,380,EA,"DATA IND 220P 3""",320,L,"3""",
32-5903,360,380,EA,"DATA IND 220P 2""",360,L,"2""",
32-6000,12370,636.2,EA,PT PUMP IBC610A-5-2-2.5 ATT,12370,PMP,,
32-6002,245,None,EA,PTS MVP,245,L,,
32-6010,195,None,EA,5795-505,195,,,
32-6015,11609,490,EA,SA5-RB1-40/FS-200 / MSP / LPP / PSR,11609,L,,
32-6050,4710,490,EA,SA-50-24E PTS SATELLITE ASSY,4710,L,,
32-6051,880,490,EA,SCH-24 COMMUNICATIONS BOARD,880,L,,
32-6060,1250,480,EA,SAFECAGE SC2 GREEN BF CAGE,1250,POC,,
32-8000,99.3,380,EA,"HYDROVISOR HV-7"" 20-30 CB",99.3,L,"7""",
32-8001,495,380,EA,WCS HYDROVISOR TENSIOMETER HS1P-4,495,L,,
32-8002,200,380,EA,HYDROVISOR HV-2,200,L,,
3280-136,450,505,EA,"LIGUSTRUM TEXANUM 36"" CLMN",450,SH,"36""",
3280-148,1400,503,EA,"LIGUSTRUM J. TEX. ""PYRAMID 48""",1400,SH,"48""",
3280-215,80,519,EA,"LIGUSTRUM TEX. ""PYRAMID"" 15G",80,SH,15G,
32-8030,1566,380,EA,HYDROSAVER #HSIP-12 MOISTURE SENSOR,1566,L,,
32-8040,1200,635.6,EA,HYDROSAVER #HS1P-6 MOISTURE SENSOR,1200,L,,
3280-501,4,522,EA,LIGUSTRUM TEXANUM 1G,4,SH,1G,
3280-505,11,520,EA,LIGUSTRUM TEXANUM 5G,11,SH,5G,
3280-515,40,519,EA,LIGUSTRUM TEXANUM 15G,40,SH,15G,
3280-555,50,520,EA,LIGUSTRUM J. TEX. 5G PYRAMID,50,SH,5G,
3280-615,28,519,EA,LIGUSTRUM T. SILVER STAR 15G,28,SH,15G,
3281-015,45,519,EA,LIG. TEX. 15G CLMN FORM,45,SH,15G,
3281-115,50,519,EA,LIGUSTRUM JAPONICUM 15G CLMN,50,SH,15G,
3281-124,110,507,EA,"LIGUSTRUM LUCIDUM 24"" MLT",110,TR,"24""",
3281-136,440,505,EA,"LIGUSTRUM LUCIDUM 36"" STD",440,TR,"36""",
3281-148,1150,503,EA,"LIGUSTRUM LUCIDUM 48""",1150,,"48""",
3281-215,60,519,EA,LIGUSTRUM TEXANUM 15G CONICAL FORM,60,,15G,
3281-315,60,519,EA,LIGUSTRUM JAP JACK FROST 15G,60,,15G,
3281-336,360,505,EA,"LIGUSTRUM JAPONICA 36"" MLT",360,,"36""",
3281-415,55,519,EA,LIGUSTRUM S. SUNSHINE 15G,55,,15G,
3281-505,13,513,EA,LIGUSTRUM LUCIDUM  5G,13,,5G,
3281-515,60,519,EA,LIGUSTRUM TEX. 15G PYRAMID,60,,15G,
3281-615,35,510,EA,LIGUSTRUM LUCIDUM 15G  STD,35,,15G,
3281-630,275,506,EA,"LIGUSTRUM LUCIDUM 30""",275,,"30""",
3281-715,50,519,EA,LIGUSTRUM TEX. 15G CLMN,50,,15G,
3281-815,32,519,EA,LIGUSTRUM LUCIDUM 15G  SHRUB,32,SH,15G,
3281-915,60,510.5,EA,LIGUSTRUM JAPONICA 15G STD.,60,,15G,
3282-501,1.53,522,EA,LIGUSTRUM VICARYI 1G,1.53,,1G,
3282-505,6,520,EA,LIGUSTRUM VICARYI 5G,6,,5G,
3282-515,50,519,EA,LIGUSTUM J TEXANUM 15G STK,50,,15G,
3300-000,2,524,EA,LIPPIA NOD. L. 'KURAPIA' PLUGS,2,,,
3300-001,5,522,EA,LIPPIA NOD. L. 'KURAPIA' 1G,5,,1G,
3300-105,18,520,EA,LIQUIDAMBAR STYRACIFLUA 5G,18,,5G,
3300-115,55,510,EA,LIQUIDAMBAR STYRACIFLUA 15G,55,,15G,
3300-124,155,507,EA,"LIQUIDAMBAR STYRACIFLUA 24""",155,,"24""",
3300-130,230,506,EA,"LIQUIDAMBAR STYRACIFLUA 30""",230,,"30""",
3300-136,450,505,EA,"LIQUIDAMBAR STYRACIFLUA 36""",450,,"36""",
3300-142,650,504,42,"LIQUIDAMBER STY PALO ALTO 42""",650,,"42""",
3300-148,1100,503,EA,"LIQUIDAMBAR STYRACILUA 48""",1100,,"48""",
3300-160,2800,501,EA,"LIQUIDAMBER STY. 60""",2800,,"60""",
3300-236,440,505,EA,"LIQUID STY FESTIVAL 36""",440,,"36""",
3300-248,1050,503,EA,"LIQU. ROTUNDILOBA 48"" L/B",1050,,"48""",
3301-115,55,510,EA,LIQUIDAMBER S. ROTUNDILOBA 15G,55,,15G,
3301-124,180,507,EA,"LIQUID. S. ROTUNDILOBA 24"" STD",180,,"24""",
330-124,330,507,EA,"UMBELLULARIA CALIF. 24"" MLT",330,,"24""",
330-136,550,505,EA,UMBELULARIA CALIFORNIA 36,550,,,
33-017,60,534,CY,AGUINAGA FOREST FLOOR HUMUS,60,,,
33-018,58,534.1,CY,AGUINAGA FOREST FLOOR MULCH,58,,,
33-019,29,534.1,CY,"LADERA ""BACKFILL"" MIX",29,,,
33-020,60,534.1,YD,"AGUINAGA FOREST FLR .5""-1.5""",60,,"5""",
33-021,45,534.1,CY,"TIERRA VERDE FOREST MULCH 1""-3""",45,,"1""",
3302-101,4.5,516,EA,LIQUIDAMBAR S BURGUNDY 1G,4.5,,1G,
3302-105,12,513,EA,LIQUIDAMBAR S BURGUNDY 5G,12,,5G,
3302-115,33,510,EA,LIQUIDAMBAR S BURGUNDY 15G,33,,15G,
3302-124,115,507,EA,"LIQUIDAMBAR S BURGUNDY 24""",115,,"24""",
3302-136,350,505,EA,"LIQUIDAMBAR S BURGUNDY 36""",350,,"36""",
3302-148,830,503,EA,"LIQUIDAMBAR S BURGUNDY 48""",830,,"48""",
33-022,45,534.1,EA,TVI SENDERO MULCH,45,,,
33-023,45,534.1,CY,TVI SENDERO MULCH,45,,,
33-024,45,534.1,CY,"TVI IRVINE MULCH 1/2""-2"" GRIND MULCH",45,,"2""",
33-025,50,534,CY,AGUINAGA GPS2 soil amendment,,,,
3303-136,440,505,EA,LIQUIDAMBER ROTUNDILOBA 36'' STD,440,,,
3304-115,32,510,EA,LIQUIDAMBAR S FESTIVAL 15G,32,,15G,
3304-124,115,507,EA,"LIQUIDAMBAR S FESTIVAL 24""",115,,"24""",
3304-136,450,505,EA,"LIQUIDAMBER FESTIVAL 36""",450,,"36""",
3306-105,10,513,EA,LIQUIDAMBAR S PALO ALTO 5G,10,,5G,
3306-115,33,510,EA,LIQUIDAMBAR PALO ALTO 15G,33,,15G,
3306-124,115,507,EA,"LIQUIDAMBAR  PALO ALTO 24""",115,,"24""",
3306-130,280,506,EA,"LIQUIDAMBAR STY. PALO ALTO 30""",280,,"30""",
3306-136,350,505,EA,"LIQUIDAMBAR S PALO ALTO 36""",350,,"36""",
3306-142,650,504,EA,"LIQUIDAMBER STY PALO ALTO 42""",650,,"42""",
3306-148,830,503,EA,"LIQUIDAMBAR S PALO ALTO 48""",830,,"48""",
3306-196,9800,499,EA,"LIQUIDAMBAR S. PALO ALTO 96""",9800,,"96""",
33-0717,75,638.5,EA,HUNTER HDL-BLNK-500 ROLL,,,,
3308-136,440,505,EA,"LIQUIDAMBER  ROTUNDILOBA 36""",440,,"36""",
3308-236,430,505,EA,"LIQ. ROTUNDILOBA 36"" L/B",430,,"36""",
33-0999,18.5,999,EA,27-0-0 CALC. AMMON. NITRATE (50# BAG),18.5,,"0"" cal",
33-1000,15,570,EA,IRON SULFATE 50# BAG,15,,,
33-1001,18,None,EA,NITRA KING 50# BAG,18,,,
33-1002,22,None,EA,SUPER IRON 50 # BAG,22,,,
33-1003,4.5,637,LB,BROADLEAF P4 POLYMER LBS,4.5,,,
33-1004,18,570,EA,0-45-0 50# BAG,18,,,
33-1005,20,570,EA,31-0-0 PAREX 50# BAG,20,,,
33-1006,40,637,GA,OPEN-ALL GALLON,40,,,
33-1007,20,570,EA,IRONITE 50# BAG,20,,,
33-1008,20,None,EA,MILORGANITE 50# BAG,20,,,
33-1009,40,999,BA,NITROFORM BLUE CHIP 38-0-0,40,,,
33-1010,25,999,EA,K-MAG 0-0-22 (50# BAG),25,,,
33-1011,22,999,EA,MAGNESIUM SULFATE- 50LB BAG,22,,,
33-1012,0.55,None,EA,"30"" GRO-STRAIT TREE TIE",0.55,TR,"30""",
33-1013,12,570,EA,CALC. CARB. LIMESTONE 50#,12,,,
33-1014,35,637.2,EA,MEXICAN BLACK PEBBLES / .5 CF BAG,35,,,
33-10141,80,637.2,EA,MEXICAN PEBBLE POLISHED/ .5 CF BAG,80,,,
33-1015,150,635,TN,PALM SPRINGS GOLD FINES DG,150,TR,,
33-1016,95,635,TN,"RIVER COBBLE 4""-8"" (TON)",95,GRAV,"4""",
33-10161,95,635,TN,"RIVER COBBLE 1"" - 3""",95,GRAV,"1""",
33-1017,100,635,TN,"COBBLE 12"" FOR RIP RAP",100,GRAV,"12""",
33-1018,400,635,TN,"LA PLAYA PEBBLE 3"" TO 5""",400,,"3""",
33-1019,400,635,TN,"MEXICAN BEACH PEBBLE BLK 1"" - 2""",400,,"1""",
33-1020,18.56,570,EA,SOIL SULFUR,23.8,,,
33-1021,115,635,BG,"CRYSTAL BLUE MED. 3/4"" GLASS",115,,"4""",
33-1022,60,547,TN,GAIL PRO-GOLD BOCCE MIX,60,,,
33-1023,400,635,TN,"MEXICAN BEACH ROJA, 3/8""",400,,"8""",
33-1024,110,635,TN,"LAVA ROCK BLACK  3/4""",110,GRAV,"4""",
33-1025,40,635,EA,BEACH BUFF PEBBLES/BAG,40,,,
33-1026,490,635,TN,"IRONWOOD PEBBLE, 1/4""",490,,"4""",
33-1027,2000,635,TN,"LAVA BEACH PEBBLES 4""-6""",2000,,"4""",
33-1028,275,635,TN,"DOS RIOS GRAVEL 3/8""",275,GRAV,"8""",
33-1029,460,640,TN,"MEXICAN BEACH BLACK 1/2""-1""",460,,"2""",
33-1030,250,640,TN,"GOLDEN GATE QUARTZITE 1/2""",250,,"2""",
33-1031,350,640,TN,"IRON MOUNTAIN GRAVEL 3/8""",350,GRAV,"8""",
33-1032,215,640,TN,"APACHE BROWN 3/4"" GRAVEL",130,GRAV,"4""",
33-1033,360,640,TN,"BEACH BUFF COBBLE 3"" - 5""",360,GRAV,"3""",
33-1034,150,640,TN,"HICKORY CREEK CRUSHED GRAVEL 3/4""",150,GRAV,"4""",
33-1035,300,635,TN,"BAJA CRESTA RUBBLE 9"" MINUS",300,,"9""",
33-1036,320,640,TN,"BLACK BEACH PEBBLE 1""-2""",320,GRAV,"1""",
33-1037,475,640,TN,"LA PAZ BEACH 1/2"" - 1"" GRAVEL",475,GRAV,"2""",
33-1038,115,640,TN,"CALIF. GOLD 3/8""",115,GRAV,"8""",
33-1039,125,640,TN,"PALM SPRINGS PEBBLE 3/4""",125,TR,"4""",
33-1040,8,570,EA,DOLOMITE LIME,8,AMM,,
33-1041,875,547,TN,HAR-TRU GREEN CLAY BOCCE MIX,875,AGG,,
33-1042,5900,490,EA,HYDROSCAPE HS-16/DX42-03/HS GND,5900,CV,,
33-1043,215,640,TN,"APACHE SUNSET 3/4"" GRAVEL",150,GRAV,"4""",
33-1044,50,637.2,EA,"NARA BLACK LAVA ROCK, 50#/.5cf",50,GRAV,,
33-1049,130,635,EA,G3 TOPICAL DG STABILIZER (5G),130,AGG,5G,
33-1051,35,638,EA,APPLIED ENG. 1015T1B2B BLK RECLAIM,35,CV,,
33-1052,19,639.2,EA,"APPLIED ENG. 910L1B2B 10"" RD. BLACK RECLAIM",19,CV,"10""",
33-1053,10,None,EA,APPLIED ENG. 610L-1B2B,10,CV,,
33-1054,34,None,EA,APPLIED ENGRG BLACK RECT (1015T1B2B),34,CV,,
33-1055,19,None,EA,APPLIED ENGRG RD BLACK (910L1B2B),19,CV,,
33-1056,11,None,EA,APPLIED ENGRG BLK SM RD (6101B2B),11,CV,,
33-1057,250,635.1,EA,APPLIED ENGRG 1730-15-B2B VAULT (black),250,CV,,
33-1058,0,637.2,EA,"APPLIED ENGRG 8"" VAULT EXTENSION",0,CV,"8""",
33-1059,280,635.1,EA,APPLIED ENGRG 1730-18-B2B BLK,280,CV,,
33-1060,5,565,EA,"12"" SQUARE STEP STONE",5,,"12""",
33-1061,31,567,EA,"24"" SQ. STEP STONE",31,,"24""",
33-1062,17,566,EA,"18"" X 24"" NAT. GRY STEPPER",17,,"18""",
33-1063,31,567,EA,"24"" SQ. STEP STONE - NATURAL GRAY",31,,"24""",
33-1064,385,640,TN,"CRIVA MIXED PEBBLE 1/4"" (SUPER SAX)",385,,"4""",
33-1065,8010.9,490,EA,HS8-DX2448WMS,8010.9,,,
33-1066,6344.55,490,EA,HS8-DX2424WMS,6344.55,,,
33-1067,360,635,TN,"MEXICAN BEACH BLACK 3""-5""",360,,"3""",
33-1072,4750,500,EA,"CINN CAMPHORA 72""  STD.",4750,,"72""",
33-1080,5,565,EA,"12"" ROUND STEP STONE",5,,"12""",
33-1081,15,566,EA,"18"" SQ STEP STONE",15,,"18""",
33-1082,25,566,SF,FLAGSTONE STEPPER / SF COST,25,,SF,
33-1083,45,567,EA,"30"" SQ. CONCRETE STEPPER",45,,"30""",
33-1084,16,566,EA,"18"" ROUND STEPPER",16,,"18""",
33-1085,16,566,EA,"STEP STONE 18"" ROUND",16,,"18""",
33-1086,35,567,EA,"24"" ROUND STEP STONE GREY",35,,"24""",
33-1087,50,567,EA,"36"" SQUARE STEP STONE",50,,"36""",
33-1088,60,567,EA,BASALT 2' x 2' STEPSTONE,60,,,
33-1090,1.7,999,EA,CONCRETE WALL CAP (8x16x2),1.7,,,
33-1096,900,None,EA,CALSENSE REMOTE # RRe-TRAN,900,,,
33-1100,8,None,.,CONCRETE REDI-MIX 60# BAG,8,,,
33-1101,750,999,EA,CONCRETE WASHOUT BIN,750,,,
33-1102,475,640,TN,"LOMPOC RUBBLE 3""-6""  (WHITEWATER)",475,,"3""",
33-1103,350,640,TN,"BAJA CRESTA RUBBLE 1""-3""",350,,"1""",
33-1104,350,640,TN,"BAJA CRESTA RUBBLE 6""-12""",350,,"6""",
33-1105,215,640,TN,"APACHE BROWN 3/8"" CRUSHED",125,,"8""",
33-1106,52,637,EA,"LAVA ROCK 2""-5"" for fire pits (50#)",52,GRAV,"2""",
33-1108,100,999,EA,"SONO TUBE, 36"" x 3'",100,,"36""",
33-1109,170,637.2,EA,"REBAR CAGE (24"" x 4' DEEP)",170,,"24""",
33-1110,2.2,None,EA,"REBAR STRAIGHT #4 X 36""",2.2,,"36""",
33-1120,2,None,EA,"REBAR J-HOOK #4 X 18""",2,,"18""",
33-1130,2.5,None,EA,"REBAR STRAIGHT #4 X 48""",2.5,,"48""",
33-1135,100,635,TN,"GLACIER PEBBLE 3/4""",100,,"4""",
33-1136,161,635,TN,"GLACIER PEBBLE 3/8"" SUPER SACK (SWB)",161,,"8""",
33-1137,155,635,TN,WHITE ICE 3/4 (also in 1.5''),155,,,
33-1138,35,635,TN,#8 GRAVEL,35,GRAV,,
33-1140,1.8,None,EA,"REBAR STRAIGHT #4 X 24""",1.8,,"24""",
33-1141,1.5,None,EA,"REBAR STRAIGHT #3 X 24""",1.5,,"24""",
33-1142,2.4,639.3,LF,"1"" REBAR",2.4,,"1""",
33-1150,15,570,EA,BEST SOIL BUSTER,15,,,
33-1160,25,570,EA,12-12-12 50# BAG,44,,,
33-1161,28,570,EA,6-20-20 50# BAGS,28,,,
33-1162,14,570,EA,16-6-8 50# BAG,14,,,
33-1163,14,570,EA,10-10-10 50# BAG,14,,,
33-1164,44,570,EA,16-16-16 FERTILIZER 50# BAG,44,FERT,,
33-1165,34,570,EA,20-20-20  50# BAGS,34,,,
33-1167,40,570,EA,AMMONIUM PHOSPHATE 16-20-0  50# BAGS,40,,,
33-1168,35,570,EA,"23-4-4 FERTILIZER, 50#",35,FERT,,
33-1169,26.35,570,EA,"9-9-9 FERTILIZER, 50#",26.35,FERT,,
33-1170,52,None,EA,REDDY STAKE 9'  SYSTEM  (LODGEPOLE),52,TRSTK,,
33-1171,42,None,EA,REDDY STAKE 7' SYSTEM,42,TRSTK,,
33-1172,37,999,EA,11' MEGA STAKE SYSTEM,37,TRSTK,,
33-1176,25,570,EA,AMM PHOSPHATE 16-20-0 50# BAGS,25,,,
33-1177,7.5,570,EA,"CEMENT, 50# BAG",7.5,,,
33-1180,7.53,None,EA,"LODGEPOLE 2"" X 10'",9.65,,"2""",
33-1181,0.5,639.3,EA,"1"" X 1"" 60"" TREATED STAKE",0.5,TRSTK,"1""",
33-1182,5.5,559,LF,"EDGEPERM 3/16"" x 5.5"" ALUM HDR (IMPERIAL)",7,,"16""",
33-1183,7,559,LF,"PERMALOC 3/16"" x 5.5"" ALUM HDR",7,,"16""",
33-1184,45,999,EA,"LODGEPOLE POST, 6"" X 6'",45,,"6""",
33-1185,12,561,LF,"CLEANLINE 3/16 x 8"" BLACK ALUM HDR",12,,"8""",
33-1186,9,559,LF,"SURE-LOC 1/8"" X 4"" X 16' PAINTED STEEL (BLACK)",9,,"8""",
33-1187,9,559,LF,"SURE-LOC 3/16"" X 4"" X 16' PAINTED STEEL (BLACK)",9,,"16""",
33-1188,5.5,559,LF,"SURE-LOC 1/8"" X 4"" X 16' ANOD. ALUM. (BLACK)",5.5,,"8""",
33-1189,5.5,559,LF,"SURE-LOC 3/16"" X 4"" X 16' ANOD. ALUM. (BLACK)",5.5,,"16""",
33-1190,11,561,LF,"BORDER CONCEPTS STEEL 1/4"" X 5"" BROWN",11,,"4""",
33-1191,,,,"ALUM HDR 1/8"" x 4"", BROWN",,,,
33-1192,,,,"BORDER CONCEPTS 1/4"" x 5"" RAW STEEL",,,,
33-1193,,,,"BORDER CONCEPTS 1/4"" x 4"" RAW STEEL (16')",,,,
33-1200,6,None,EA,"LODGEPOLE 2"" x 8'",6,,"2""",
33-1201,0.75,546,FT,SUPER-EDGE LAWN EDGING,0.75,HDR,,
33-1210,9.36,None,EA,"LODGEPOLE 2"" X 12'",12,,"2""",
33-1211,50,None,EA,"LODGEPOLE 4"" X 12"" (C&E LUMBER)",50,,"4""",
33-1212,4,None,EA,"LODGEPOLE 2"" x 6' TREATED (SITE ONE)",4,,"2""",
33-1218,0,None,EA,1 X 2 X 18 REDWOOD STAKE,0,TRSTK,,
33-1219,0.55,550,LF,"REDWOOD BENDERBOARD 1/4"" X 4""",0.55,HDR,"4""",
33-1220,0.55,550,EA,"BENDERBOARD 1/4"" X 4"", 2 PLY",0.55,HDR,"4""",
33-1221,0.55,550,EA,"BENDERBOARD 1/4 X 4 , 2 PLY, STEEL",0.55,HDR,,
33-1222,0.55,552,EA,"BENDERBOARD 1/4 X 4 , 4 PLY",0.55,HDR,,
33-1223,0.55,553,EA,"BENDERBOARD 1/4 X 4 , 4 PLY, STEEL",0.55,HDR,,
33-1224,6.25,559,LF,"PERMALOC CLEANLINE 3/16"" x 4"" BLK ANOD. W/ STKS",6.25,,"16""",
33-1225,7,559,EA,"SURE-LOC 1/8"" x 5.5"" ALUM BLACK",7,,"8""",
33-1235,20,635,CY,LADERA MULCH,20,,,
33-1236,5,546,LF,EPIC BENDA-BOARD 2' X 4',5,,,
33-1237,3.6,639,EA,STL HEADER STK (BORDER CONCEPTS),3.6,HDR,,
33-1240,1.2,554,EA,"REDWOOD 1 X 4 , 1 PLY",1.2,,,
33-1241,1.2,552,EA,"REDWOOD 1 X 4, 1 PLY, STEEL",1.2,,,
33-1242,2.4,556,EA,"REDWOOD 1 X 4 , 2 PLY",2.4,,,
33-1243,2.4,557,EA,"REDWOOD 1 X 4 , 2 PLY, STEEL",2.4,,,
33-1244,1.6,554,LF,"REDWOOD 1x4, PRESS. TREATED",1.6,,,
33-1245,2.8,558,LF,"REDWOOD 2x4, PRESS. TREATED",2.8,,,
33-1246,527.5,562,LF,P.T. 2 x 8 x 10' REDWOOD,527.5,,,
33-1247,7,637,EA,"METAL FORMING STAKES 2"" x 18""",7,,"2""",
33-1260,2.5,558,EA,REDWOOD 2 X 4,2.25,,,
33-1261,2,559,EA,"REDWOOD 2 X 4, STEEL STKS",2,,,
33-1262,5,559,EA,"ALUM EDGING 1/8"" X 4"" BLK",5,HDR,"8""",
33-1263,6,562,LF,"REDWOOD HEADER 2"" X 12""",6,HDR,"2""",
33-1264,3.15,560,LF,"REDWOOD HEADER 2"" X 6""",3.15,HDR,"2""",
33-1265,1.6,558,LF,"REDWOOD HDR. 1"" X 6""",1.6,,"1""",
33-1266,11,561,LF,EPIC STEEL EDGING 3/16 X 5 BBA-16 NATURAL,11,HDR,,
33-1267,5.25,559,LF,"SURE-LOC E-Z EDGE-BRNZ ALUM 1/8""x4""",5.25,,"8""",
33-1268,11,561,LF,"JDR DURAEDGE 1/4"" X 5"" STL",11,,"4""",
33-1269,1.8,558,LF,"HEADER, 2 x 4, WOLMANIZED",1.8,HDR,,
33-1270,5.5,559,LF,"CURV-RITE 3000 1/8"" X 5.5"" BLK ALUM",5.5,,"8""",
33-1271,15,561,LF,"JDR DURAEDGE HEAVY DUTY 1/4"" X 6"" BLK",15,,"4""",
33-1272,8,559,LF,"JDR DURAEDGE STEEL 7GA.x 4"" BLK",8,,"4""",
33-1273,6,562,EA,"P.T. DOUG FIR, 2"" x 12""",6,,"2""",
33-1275,11,559,LF,COYOTE 3/16 x 4 STEEL EDGING,11,HDR,,
33-1276,11,561,LF,"COLMET 1012-6 12g x 6"" x 10'",11,,"6""",
33-1277,50,640,TN,"GRAVEL 3"" MINUS",50,GRAV,"3""",
33-1278,50,640,TN,"GRAVEL/ CRUSHED STONE 3/8""",40,GRAV,"8""",
33-1279,10,546,FT,B.C. 3/16 X 4 GREEN METAL HEADER,10,HDR,,
33-1280,0.35,None,EA,REDWOOD STAKE 1 X 2 X 12,0.35,TRSTK,,
33-1281,3.75,522,EA,"STEEL FORM STAKE 12""",3.75,TRSTK,"12""",
33-1282,4,635.2,LF,REDWOOD TOT LOT EDGE,4,,,
33-1283,1.5,546,FT,BLACK DIAMOND EDGING,1.5,HDR,,
33-1284,3.5,560,EA,"REDWOOD HEADER 2"" X 6""",3.5,HDR,"2""",
33-1285,3.2,None,EA,"REDWOOD STAKE 2 X 4 X 24""",3.2,TRSTK,"24""",
33-1286,2.25,None,EA,"REDWOOD STAKE 2 X 4 X 18""",2.25,TRSTK,"18""",
33-1287,5.75,559,LF,"PERMALOC ALUM HDR 1/8"" x 4"" W/STKS",4.5,,"8""",
33-1287A,6.25,559,LF,"PERMALOC ALUM. HDR 3/16"" x 4"" W/ STKS",6.25,,"16""",
33-1288,5,546,FT,EPIC BENDA BOARD PLASTIC  2' x 4',5,,,
33-1289,0.6,None,EA,HEADER PLASTIC STK. 1 X 2 X 12,0.6,HDR,,
33-1290,2.2,546,FT,BEND-A-BOARD WOOD FLEX 1 X 4,2.2,HDR,,
33-1291,11,559,FT,"RYERSON 1/8"" STEEL EDGING",9,HDR,"8""",
33-1292,6,546,FT,"CURV-RITE 4"" ALUM EDGING",5.5,HDR,"4""",
33-1293,9,559,LF,"EDGEDURA STEEL 3/16"" X 4"" BLK (IMPERIAL)",9,HDR,"16""",
33-1294,11,559,FT,B.C. 3/16 STEEL HEADER,10,HDR,,
33-1295,2.2,546,LF,"PSP PLASTIC 1"" x 4"" HEADER",2.2,HDR,"1""",
33-1296,4.25,546,LF,"PSP PLASTIC 2"" X 4""",4.25,HDR,"2""",
33-1297,2.3,558,LF,"REDWOOD HEADER BOARD 1"" X 8""",2.3,HDR,"1""",
33-1298,40,546.1,20,EDGE KING 1 x 4 x 20' PL. HDR. OLY-OLA,40,HDR,,
33-1299,7,546,LF,"BEND A BOARD PLASTIC 2"" x 6""",7,HDR,"2""",
33-1300,19,534.1,EA,TOPPER / NITROFIR CY,19,AMM,,
33-1301,50,640,TN,"GRAVEL 1"" to 3""",50,GRAV,"1""",
33-1302,47,635.2,TN,"GRAVEL 3/4""",47,GRAV,"4""",
33-13025,48,635.2,TN,"#57 CLEAN 3/4"" GRAVEL",48,GRAV,"4""",
33-1303,42,635.2,TN,CLASS 2 AGGREGATE BASE,42,AGG,,
33-13035,17,635.2,TN,RECYCLED CLASS 2 BASE,23,AGG,,
33-13036,46,635.2,TN,"CLASS 2 ""PERMEABLE"" BASE",46,AGG,"2""",
33-1304,0.2,641,SF,FILTER FABRIC 4oz (Mirafi 140n),0.2,FFAB,,
33-1305,25,639.2,EA,"WATTLE ROLL (9"" x 25')",25,FFAB,"9""",
33-1306,4.2,560,EA,"REDWOOD HEADER 2"" x 8""",4.2,HDR,"2""",
33-1307,0.15,641,SF,MIRIFI 500X FILTER FABRIC (PER S.F.),0.15,FFAB,,
33-1308,4,546,FT,"EPIC 1"" X 6"" RECY. HEADER",4,HDR,"1""",
33-1309,60,547,TN,"DESERT GOLD CRUSHED 3/4"" MINUS",60,AGG,"4""",
33-1310,500,640,TN,"SUNBURST PREMIUM COBBLE 1""- 3""",500,GRAV,"1""",
33-1311,45,635,CY,TOPPER,45,AMM,,
33-1312,200,640,TN,"SANTA FE COBBLE 4"" to 8""",200,GRAV,"4""",
33-1313,350,537.4,EA,"TYPAR BIOBARRIER 12"" x 102' ROLL",350,FFAB,"12""",
33-1314,200,640,TN,"SANTE FE COBBLE 2"" to 4""",200,GRAV,"2""",
33-1315,50,567,EA,FLAGSTONE PIECES (3-4 SF) (taken from pallets),50,BOL,SF,
33-1316,0.5,999,EA,"WATTLE STAKES (1"" X 24"")",0.5,,"1""",
33-1317,190,635,EA,"FLAGSTONE PAVERS (4 sf square, Cougar)",190,,SF,
33-1318,42,640,TN,"GRAVEL #2  (1.5"" SIZE)",42,GRAV,"5""",
33-1319,250,640,TN,"SANTA ROSA COBBLE 2""-3""",250,GRAV,"2""",
33-1320,150,None,EA,GRO-PWR 7 GRM PLNT TABS (BOX/1250),150,,,
33-1321,10,999,EA,TOPPER IN BAGS,10,,,
33-1322,140,640,TN,"DESERT GOLD 3/8"" CRSHD GRAVEL",140,GRAV,"8""",
33-1323,130,635,TN,"NEW CALIF GOLD 1/2"" GRAVEL",130,GRAV,"2""",
33-1324,200,640,TN,"SANTA FE COBBLE 2""-4""",200,GRAV,"2""",
33-1325,45,640,TN,"GRAVEL 2""-4"" ANGULAR",45,GRAV,"2""",
33-1326,14,566,EA,"VALORI #VP-SS18X18 18"" SQ. GRIS/SANDWASH",14,,"18""",
33-1327,6.1,565,EA,"VALORI #VP-SS12X12 12"" SQ. GRIS/SANDWASH",6.1,,"12""",
33-1328,6.1,565,EA,"VALORI #VP-SS12R 12"" RND. GRIS/SANDWASH",6.1,,"12""",
33-1329,14,566,EA,"VALORI #VP-SS18R 18"" RND. GRIS/SANDWASH",14,,"18""",
33-1330,200,636,EA,NATURE EXPLORE CEDAR ROUNDS 1 SET =10SF,200,,,
33-1331,90,640,TN,"SIERRA RIVER COBBLE 4"" to 8"" (SWB)",90,GRAV,"4""",
33-1332,36,635.2,TN,"GRAVEL 3/8""",36,GRAV,"8""",
33-1333,35.88,635.2,TN,"GRAVEL #57 (3/4-1"") CLEAN",46,GRAV,"1""",
33-1334,33,565,EA,VALORI VP-SS24x24 GRIS STEPSTONE,33,,,
33-1335,125,640,TN,"DESERT SPICE 3/4"" (12t increments)",125,,"4""",
33-1336,0.18,641,SF,FILTER FABRIC 6oz (Mirafi 160n),0.25,FFAB,,
33-1337,0.25,641,SF,FILTER FABRIC 8oz,0.25,FFAB,,
33-1338,,,,"GRAVEL 1/2"" CRUSHED ROCK",,,,
33-1340,1.5,None,EA,"3"" ADS PERF W/DRAIN SOCK FT",1.5,,"3""",
33-1341,1.6,625,LF,"4"" ADS PERF. W/ SOCK",1.6,,"4""",
33-1342,0.26,999,FT,"FILTER SOCK FOR 4"" OR LESS DPIPE",0.26,,"4""",
33-1343,1.5,999,LF,"3"" ADS PERF PIPE",1.5,,"3""",
33-1344,0.5,999,LF,FILTER SOCK FOR 6,0.5,,,
33-1360,3.5,None,EA,"3"" ADS CAP",3.5,,"3""",
33-1371,0.13,642.2,SF,VISQUEEN 10 MIL SQ FT,0.13,,,
33-1372,220,635.5,EA,VISQUEEN 10 MIL. (20 X 100 ROLL),220,,,
33-1373,25,None,EA,HENRY'S ASPHALT  EMULSION 5G,25,,5G,
33-1374,0.08,642.2,SF,VISQUEEN 6 MIL (SF),0.08,,SF,
33-1375,1,660,SF,POND LINER 30MIL (see Layfield product),1,,,
33-1376,1.3,660,SF,POND LINER 45 MIL,1.3,,,
33-1377,60,999,EA,POND LINER TAPE (25'),60,,,
33-1378,50,999,EA,POLYETHYLENE TAPE 10 MIL,50,,,
33-1380,3,None,EA,"8"" TWIST N' TIE BAG",3,,"8""",
33-1400,25,None,EA,MASTER LOCK #2491,25,,,
33-1404,255,638.5,EA,LS PRODUCTS EZ-ID-CV-12-500,,,,
33-1420,0.6,None,EA,"3"" HG NAILS",0.6,,"3""",
33-1440,0.6,None,EA,"1"" HG ROOF NAILS",0.6,,"1""",
33-1445,0,None,EA,12' X 25' TARP W/EYELETS,0,,,
33-1460,0.6,None,EA,"2"" HG NAILS",0.6,,"2""",
33-1480,0.6,None,EA,"1"" CONCRETE NAILS",0.6,,"1""",
33-1500,0.6,None,EA,"1 1/4"" DRY-WALL SCREW",0.6,,"4""",
33-1520,0.6,None,EA,"2"" SCREW - NAIL",0.6,,"2""",
33-1525,0,None,EA,3D GALV. NAILS BOX,0,,,
33-1526,7,None,EA,6D NAILS GALV. BOX,7,,,
33-1527,0,None,EA,8D GALV. NAILS BOX,0,,,
33-1528,2.5,None,LB,6D NAILS,2.5,,,
33-1529,85,999,EA,"5D (1.75"") BRIGHT NAIL (50 LB)",85,,"75""",
33-1530,1.5,None,LB,16D GALVANIZED NAILS,1.5,,,
33-1539,16,999,EA,VINE TIE PACK (25 CT),16,,,
33-1540,60,None,EA,VINE TIES BOX,60,,,
33-1541,425,462,EA,VINE TRELLIS,425,,,
33-1560,12.6,None,EA,SANDVIK SAW,12.6,,,
33-1580,2.25,None,EA,TINY TIM SAW,2.25,,,
33-1600,3.75,None,EA,ZAC HAC SAW,3.75,,,
33-1601,8.5,522,EA,PEDILANTHUS MACROCARPUS 1G,8.5,,1G,
33-1605,26,520,EA,PEDILANTHUS BRACTEATUS 5G,26,,5G,
33-1620,3.5,539,EA,ARBOR GUARD,3.5,,,
33-1640,185,537.1,EA,DEEP ROOT UB 24-2 CARTON,185,,,
33-1641,200,635,EA,DEER SCRAM TUB,200,,,
33-1642,150,635,EA,RABBIT SCRAM TUB,150,,,
33-1643,95,519,EA,PEDILANTHUS BRACTEATUS 15G,95,,15G,
33-1644,35,531,FL,PEL PEL PINK (IVY GER 50 PER FLT),35,,,
33-1647,35,531,FL,PEL. PEL RED (50/ FLAT),35,,,
33-1660,8.5,None,EA,1/2 X 50' HOSE,8.5,,,
33-1680,150,None,EA,11 GG GALV WIRE 100# COIL (3200'),150,,,
33-1700,47,None,EA,21-GRAM AGRIFORM TABS (500/BOX),47,,,
33-1701,3.12,546,LF,"EPIC BEND-A-BOARD 1"" X 6"" PLAS HDR",4,,"1""",
33-1702,2.25,546,LF,"EPIC BEND-A-BOARD 1"" X 4"" TEAK BROWN",2.25,,"1""",
33-1703,7,559,LF,"SURE-LOC 3/16"" X 5.5"" SURE EDGE ALUM/-BRZ",7,,"16""",
33-1704,10,559,LF,"COYOTE LS 'RAWEDGE' 1/8"" x 4"" ROLLED/NAT steel",10,,"8""",
33-1705,0.12,None,EA,GRO POWER 7G PLANT TABS (EACH),0.12,,7G,
33-1706,0,None,EA,WOODACE PLANT TABS,0,,,
33-1707,5.75,559,LF,"PERMALOC CLEANLINE 1/8"" x 5.5"" BRONZE",5.75,,"8""",
33-1709,28.5,561,,"PERMALOC 3/16x12"" BLACK",28.5,,,
33-1710,20,639.3,,EDGE RIGHT EDGE GUARD,20,,,
33-1720,8,570,EA,GYPSUM 50# BAG,8,,,
33-1721,64,570,EA,BONE MEAL 40# BAG,64,,,
33-1725,7.5,None,ea,BEST SOIL BUSTER 50# bag,7.5,,,
33-1726,60,999,EA,"BEST PAKS (20-10-5), box of 500",60,,,
33-1730,53,570,EA,TRIPLE SUPERPHOSPHATE (0-45-0),53,,,
33-1739,140,635,EA,"RONSTAR 50 LB (3# per 1,000 sf)",140,,SF,
33-1740,31,570,EA,GRO-PWR PREM. GRN 40% IRON(50#),31,,,
33-1741,45,None,EA,ENDO NET MYCORRIHIAZAE 10 LBS /BAG,45,,,
33-1742,7.5,570,EA,AG. GROUND LIMESTONE 50#,7.5,,,
33-1743,165,999,EA,SPECTICLE PRE-EMERGENT (50#),165,,,
33-1744,30,999,EA,MOTION OIL SURFACTANT (1G),30,,1G,
33-1745,120,999,EA,OXADIAZON 2G (50#),120,,2G,
33-1746,270,999,EA,LIFELINE LIQUID HERBICIDE 2.5g,270,,5G,
33-1747,3150,999,EA,SUPPRESS HERBICIDE EC (30g),3150,,30G,
33-1748,100,635,EA,SCRIMMAGE SURFACTANT 1G,100,,1G,
33-1749,975,635.7,EA,DIMENSION 2EW pre-emergent 2.5g,975,,5G,
33-1750,20,570,EA,GRO-POWER F. & B. 3-12-3  (50#),20,,,
33-1751,39,570,EA,GRO-POWER PLUS 4% SULFUR,50,,,
33-1752,245,635.4,EA,GALLERY 75 DF-SC pre-emergent case (24#),245,,,
33-1753,3400,636.2,EA,LIFELINE LIQUID HERB (30G drum),3400,,30G,
33-1754,70,635,EA,"DIMENSION 270G 50# (2-3#/1,000)",70,FERT,270G,
33-1759,10,559,LF,"COYOTE PERF-EDGE 4"" HEADER",10,HDR,"4""",
33-1760,120,None,EA,WELD-ON GAL 2705 LOW CLR CEMENT,120,L,,
33-1761,50,None,EA,WELDON CLR CEMENT - QUART 2705,50,L,,
33-1780,150,None,EA,WELD-ON GAL P-70 PRIMER PURPLE,150,L,,
33-1781,38,None,EA,WELD-ON P-70 PRIMER PRPL QT,38,L,,
33-1800,18.96,None,EA,BROWNLINE GLUE GAL,18.96,L,,
33-1810,0,207.2,EA,"BL TREE DRIP LAYOUT 24""",0,TR,"24""",
33-1815,5,207.3,EA,"BL TREE DRIP LAYOUT 36""",5,TR,"36""",
33-1820,0.4,None,EA,"30"" CINCH TIE OR 30"" EZ BAND",0.4,TRSTK,"30""",
33-1830,15,570,EA,SINGLE SUPERPHOSPHATE 50#,15,FERT,,
33-1840,8,None,EA,WELD-ON EMPTY QUART CAN,8,L,,
33-1860,9,None,EA,WELD-ON BRUSH APPLICATOR,9,L,,
33-1880,3,None,EA,ELECTRICAL TAPE,3,L,,
33-1881,9,999,EA,CAN of FOAM FILL,,,,
33-1900,10,None,EA,DUCT TAPE,10,,,
33-1920,2.5,None,EA,"TEFLON TAPE, 3/4 x 45'",2.5,L,,
33-1940,1.05,None,EA,SANDVIK BLADES,1.05,,,
33-1942,0,None,EA,225 HANDVIK HACKSAW HANDLE,0,,,
33-1944,9.75,570,EA,PEAT MOSS 4'CU.FT. BAGS,9.75,,,
33-1960,0.3,None,EA,9400,0.3,,,
33-1961,165,None,EA,"GLUE GRAY, #711 GAL",165,,711G,
33-1962,150,None,EA,"PRIMER PURPLE, P-70 GAL",150,,70G,
33-1963,150,None,EA,"GLUE CLEAR, GAL",150,,,
33-1964,8,None,EA,"GLUE CAN, 1QT",8,,,
33-1965,10,None,EA,GLUE BRUSH,10,,,
33-1966,40,None,EA,"GLUE CLEAR, 1 QT",40,,,
33-1967,40,None,EA,"PRIMER PURPLE, P-70 QT",40,,,
33-1968,50,None,EA,"GLUE GRAY, 711 QT",50,,,
33-1969,50,None,EA,"GLUE RED HOT, 1 QT",50,,,
33-1980,1,None,EA,ZAC HAC BLADES,1,,,
33-2000,15,None,EA,PENTITE SEALER,15,,,
33-2020,1.26,None,EA,PENTITES,1.75,,,
33-2040,8,None,EA,BROWNLINE UVR 1/2 CHECK VALVE,8,CV,,
33-2080,14.9,None,EA,RECTOR-SEAL QT,14.9,,,
33-2100,1.6,None,EA,4 OZ FLUX,1.6,,,
33-2120,12.5,None,EA,SOLDER #1,12.5,,,
33-2140,34.75,None,EA,"KENYON 48"" GREAT RAKE",34.75,,"48""",
33-2160,3700,500,EA,"CINNAMOMUM CAMPHORA 72""  MULTI",3700,,"72""",
33-2180,15.33,None,EA,UNION LEVEL HEAD RAKE,15.33,,,
33-2185,5.25,None,EA,"7"" LEAF RAKE",5.25,,"7""",
33-2187,6.25,None,EA,"19"" LEAF RAKE",6.25,,"19""",
33-2200,26.85,None,EA,UNION ALIODWGS SCOOP SHOVEL,26.85,,,
33-2205,340,380,EA,"CRISPIN AL-10 1"" AIR VACUUM",340,,"1""",
33-2206,0,999,,"CRISPIN AL-10 1"" AIR VACUUM",0,,"1""",
33-2207,541,220,EA,"CRISPIN CR-AL20   2"" AIR VACUUM",541,,"2""",
33-2220,13.05,None,EA,"ZAC 5"" TRENCH SHOVEL",13.05,,"5""",
33-2240,6.75,None,EA,UNION SQUARE SHOVEL,6.75,,,
33-2245,0,None,EA,HOE-MATIC W/LONG HANDLE,0,,,
33-2247,0,None,EA,HAND HOE-MATIC,0,,,
33-2260,6.75,None,EA,UNION ROUND SHOVEL,6.75,,,
33-2280,8.3,None,EA,HOEMATIC,8.3,,,
33-2300,8,None,EA,ZAC HAND PICK,8,,,
33-2320,55,None,EA,JACKSON WHEELBARROW,55,,,
33-2340,120,None,EA,PUNCHLOK P-1 TOOL,120,,,
33-2360,4.75,None,EA,PICK HANDLE,4.75,,,
33-2380,2.5,None,EA,PUNCHLOK P-6,2.5,,,
33-2381,1.15,None,EA,PUNCH LOKS P-8,1.15,,,
33-2385,1.15,None,EA,PUNCH LOKS P-8,1.15,,,
33-2400,0.65,None,EA,#32 HOSE CLAMP,0.65,,,
33-2420,0.7,None,EA,#36 HOSE CLAMP,0.7,,,
33-2440,13,None,EA,"LA BRUSH 137X-24"" BROOM",13,,"24""",
33-2460,40,None,EA,3/4 X 75' HOSE,40,,,
33-2480,7,None,EA,RAILROAD PICK HEAD 6#,7,,,
33-2481,0,None,EA,"PICK HEAD,MATTOCK",0,,,
33-2500,170,None,EA,WELD-ON GAL 2711 LOW GREY CEMENT,170,,,
33-2501,50,None,EA,WELD-ON GREY CEMENT - QUART 2711,50,,,
33-2510,170,None,EA,WELD-ON GAL 2721 LOW BLU CEMENT,170,,,
33-2520,5,None,EA,9 VOLT BATTERY,5,,,
33-2540,3.5,None,EA,OATEY GLUE CADDY,3.5,,,
33-2550,0.04,None,EA,4308,0.04,,,
33-2560,3.41,None,BX,"1"" PAN HEAD SCREWS  100/BX",3.41,,"1""",
33-2570,2.77,None,BX,"1"" PLASTIC ANCHORS  100/ BX",2.77,,"1""",
33-2580,5,None,EA,"1""X 1"" X 30"" GALV ANGLE IRON STAKE",5,TRSTK,"1""",
33-2581,3.5,None,EA,"3/4"" X 30"" GALV. STAKE",3.5,TRSTK,"4""",
33-2582,6,None,EA,"GALV STAKE  3/4"" X 36""",6,TRSTK,"4""",
33-2583,7,None,EA,"GALV STAKE 1"" x 30""",7,TRSTK,"1""",
33-2584,4.25,999,EA,"GALV STAKE 1/2"" X 30""",4.25,TRSTK,"2""",
33-2585,,,,"CHANNEL STK, 2"" x 1"" x 36""",,,,
33-2600,30,None,EA,CONTROLLER REPAIR,30,POC,,
33-2601,5,None,EA,"ELECTRICAL SWEEP 1/2"" (SCH 40)",5,,"2""",
33-2602,2.5,None,EA,"ELECTRICAL SWEEP 3/4"" (SCH 40)",3.35,,"4""",
33-26021,8.85,None,EA,"ELECTRICAL SWEEP 3/4"" (SCH 80)",8.85,,"4""",
33-2603,5.2,None,EA,"ELECTRICAL SWEEP 1"" (SCH 40)",5.2,,"1""",
33-26031,13.45,None,EA,"ELECTRICAL SWEEP 1"" (SCH 80)",13.45,,"1""",
33-2604,7.3,None,EA,"ELECTRICAL SWEEP 1.25"" (SCH 40)",7.3,,"25""",
33-26041,18.2,None,EA,"ELECTRICAL SWEEP 1.25"" (SCH 80)",18.2,,"25""",
33-2605,9.8,None,EA,"ELECTRICAL SWEEP 1.5"" (SCH 40)",9.8,,"5""",
33-26051,26.75,None,EA,"ELECTRICAL SWEEP 1.5"" (SCH 80)",26.75,,"5""",
33-2606,20,None,EA,"ELECTRICAL SWEEP 2"" (SCH 40)",13.5,,"2""",
33-26061,40,None,EA,"ELECTRICAL SWEEP 2"" (SCH 80)",36.2,,"2""",
33-2607,29.75,None,EA,"ELECTRICAL SWEEP 2.5"" (SCH 40)",29.75,,"5""",
33-26071,71.8,None,EA,"ELECTRICAL SWEEP 2.5"" (SCH 80)",71.8,,"5""",
33-2608,38.92,None,EA,"ELECTRICAL SWEEP 3"" (SCH 40)",41.85,,"3""",
33-26081,135.45,None,EA,"ELECTRICAL SWEEP 3"" (SCH 80)",135.45,,"3""",
33-2609,70.8,None,EA,"ELECTRICAL SWEEP 4"" (SCH 40)",70.8,,"4""",
33-26091,219.9,None,EA,"ELECTRICAL SWEEP 4"" (SCH 80)",219.9,,"4""",
33-2610,10,999,EA,"ELECTRICAL COUPLING 4""",10,,"4""",
33-2701,320,471,EA,RACHIO 3 SMART 16 sta controller,320,POC,,
33-3000,27,570,EA,GRO-PWR 12-8-8 SLOW RELEASE 40#,27,,,
33-3001,50,570,EA,GRO-POWER PLUS 5-3-1,50,,,
33-3002,28,570,EA,6-24-24   (50# BAG),28,,,
33-3003,30,638,CY,SOUTHWEST PERFORM,30,,,
33-3004,11.25,570,BG,LANDTECH GENERAL SOIL ACTIVATOR,11.25,,,
33-3005,26,534.1,CY,KELLOGG'S NITRO MULCH,26,,,
33-3006,34,638,CY,KELLOGGS GROMULCH,34,,,
33-3007,8.88,570,EA,CALCIUM NITRATE 16-0-0 80# BAG,8.88,,,
33-3008,46,534.1,CY,KELLOGS XERIMULCH,46,,,
33-3009,23.5,570,EA,GRO-PWR F & B 3-12-12 (40#),23.5,,,
33-3010,25,534.1,CY,"SEQUOIA FOREST PRODUCTS ""OGC"" MULCH",25,,,
3330-105,18,513,EA,LIRIODENDRON TULIPIFERA 5G STD,18,,5G,
33-3011,40,534.1,CY,SEQUOIA FOREST HUMUS CY.,40,,,
3330-115,60,510,EA,LIRIODENDRON TULIPIFERA 15G STD,60,TR,15G,
33-3012,55,637.2,CY,BIO-SWALE SOIL MIX #1 (cy),55,SP,,
3330-124,165,507,EA,"LIRIODENDRON TULIP. 24"" STD",165,TR,"24""",
33-3013,23,635.2,EA,GRO POWER F & B (20# BAG),23,FERT,,
3330-136,490,505,EA,LIRIODENDRON TULIP. 36,490,TR,,
33-3014,21,534.1,CY,BLUE RIBBON SOIL AMEND (FINEGRIND),21,AMM,,
3330-148,1100,503,EA,"LIRIODENDRON TULIP. 48"" STD",1100,TR,"48""",
33-3015,17,534.1,CY,RECY.DBL.GRIND GREEN WASTE MULCH,17,AMM,,
33-3016,70,534.1,CY,GORILLA HAIR CY,70,AMM,,
3330-160,2600,501,ea,"LIRIODENDRON TULIPIFERA 60"" STD.",2600,TR,"60""",
33-3017,20,534.1,CY,SOCAL MULCH FOREST BLEND,20,AMM,,
33-3018,64,570,EA,POTASSIUM SULFATE 0-0-50 50#,64,FERT,,
33-3019,45,538,TN,#2 SAND - EL TORO BLDG.,45,AGG,,
33-3020,22.14,None,EA,SARVON (PER GAL.),22.14,AMM,,
33-3021,55,570,BG,AMMONIUM NITRATE 33.5-0-0 50#,55,FERT,,
33-3022,405,637,EA,PAM SOIL DRAIN (40# PAIL) $8.10/#,405,,,
3330-224,140,507,EA,"LIRIODENDRON T. 'ARNOLD' 24"" MLT",175,,"24""",
33-3023,13.2,570,BG,BANDINI 7-7-7-,13.2,,,
3330-236,465,505,EA,"LIRIODENDRON ARNOLD 36"" STD",465,,"36""",
33-3024,18,570,BG,BANDINI 15-15-15,18,,,
3330-248,1100,503,EA,"LIRIODENDRON TULIP. 48"" MLT",1100,,"48""",
33-3025,95,640,TN,"SAN GABRIEL RIVER ROCK 4""-8""",95,GRAV,"4""",
33-3026,45,635.2,BG,UREA FORMALDEHYDE (46-0-0),45,,,
33-3027,30,570,EA,AMMON. SULFATE 21-0-0,30,,,
33-3028,50,635.2,TN,PLAYGROUND SAND (WEST COAST),50,,,
33-3029,64,570,EA,POTASSIUM NITRATE 50#,64,,,
33-3030,9,None,LT,VAM 80 INOCULUM,9,,,
33-3031,64,570,EA,POTASSIUM NITRATE 13.75-0-45 BAG,64,,,
33-3032,135,570,EA,ACTIVATED CHARCOAL/CARBON 40#,135,,,
3330-324,175,507,EA,"LIRIODENDRON ARNOLD 24"" STD",175,,"24""",
33-3033,60,635,TN,GREEN ROCK RECYCLED GRAVEL,60,GRAV,,
33-3034,23,534.1,CY,SOCAL MULCH PREM FOREST BLEND,23,,,
33-3035,28,534.1,CY,AGRI SERVICES FOREST MULCH,28,,,
33-3036,75,534.1,EA,AGUINAGA 'PLAYGROUND MULCH',75,,,
33-3037,37,635.2,TN,PLAYGROUND SAND (GAIL),37,,,
33-3038,45,534.1,EA,ARTESIA PLAYGROUND CHIPS,45,,,
33-3039,580,635,EA,PAM SOIL DRAIN 55# BG ($8.44/#),580,,,
33-3040,580,635,A,PAM COMPLETE GREEN 55# BAG,580,,,
33-3041,55,637.2,CY,BIO-SWALE SOIL MIX #2,55,,,
33-3042,50,637.2,CY,BOXED TREE SOIL MIX,50,TR,,
33-3043,50.5,534.1,CY,SOCAL MULCH BLACK CITRUS,50.5,,,
33-3051,0.01,570,EA,TRIPLE 9,0.01,,,
33-3060,9,639.4,EA,PUTTING GREEN SAND #60 (50 lb bag),9,,,
33-3080,0,None,EA,"30"" HAND RAKE",0,,"30""",
33-3207,35,570,EA,TRI-C HUMID PLUS 50 LB. BAG,35,,,
33-3208,75.1,570,EA,TRI-ENDO 120 10 LB BAG,75.1,,,
33-3209,200,999,EA,TRI-C MYCO DRENCH (1# BG),200,,,
33-378,0.5,660,SF,"LAYFIELD EL6040 LINER (148""x1,000')",0.5,,"148""",
33-379,1638,636.1,EA,LAYFIELD 30mil HDPE LINER (20.5 x 200),2000,,,
33-380,20,999,EA,"LAYFIELD HDPE TAPE (4"" x 100')",20,,"4""",
33-381,2400,636.1,EA,LAYFIELD 30mil PVC LINER (20.5x200),2400,,,
33-382,550,999,EA,DEMTECH HEAT GUN (option for Layfield seams),550,,,
33-383,600,635.5,EA,LAYFIELD 20 MIL LINER (10x100),600,,,
3340-501,4,522,EA,LIRIOPE GIGANTEA 1G,4,,1G,
3340-505,10,520,EA,LIRIOPE GIGANTEA 5G,10,,5G,
3340-515,28,519,EA,LIRIOPE GIGANTEA 15G,28,,15G,
3340-605,15,520,EA,LIRIOPE MONROE WHITE 5G,15,,5G,
3340-705,11,520,,LIRIOPE MAJESTIC PURPLE 5g,11,,5G,
33-4500,8.3,None,EA,VIT SPRINKLER STABILIZER SS24-VIT,8.3,,,
3345-001,3.55,522,EA,"LIRIOPE MUSC. ""MONROE WHITE"" 1G",3.55,,1G,
33-4501,2.5,999,EA,VIT RS-18,2.5,,,
33-4510,0.85,None,EA,"VIT ST9 SPRINKLER TIES 9""",0.85,,"9""",
33-4511,1450,None,EA,"VIT SBBC-30""CR-G B.F. ENCLOSURE",1450,,"30""",
33-45112,3500,999,EA,VIT MPS-A-16-10K (SS) METER PED.,3500,,,
33-4512,555,636,EA,VIT PED-18SS,555,,,
33-4518,175,635.4,EA,BROOKS 1218 EXTENSION  NO GRATE,175,,,
33-4520,7.75,None,EA,VIT PIPE STABILIZER #PS-18,7.75,,,
33-4521,13,None,EA,"VIT ""RAPID TYPE"" GUY ANCHOR",13,,,
33-4522,4000,480,EA,VIT MPS-A-10K-TPC S.S. METER,4000,,,
33-4523,7.5,None,EA,VIT PIPE STABILIZER #PS24,7.5,,,
33-4524,6.25,999,EA,VIT PIPE STABILIZER #PS-12,6.25,,,
33-4525,0.7,None,EA,VIT HW27 TREE WIRE TIE,0.7,TR,,
33-4526,0.75,None,EA,VIT HW36 TREE WIRE TIE,0.75,TR,,
33-4530,950,480,EA,RAINMAN RMBF-42-SS BACKFLOW ENCL.,950,POC,,
33-4540,745,480,EA,RAINMAN RM-24-SS CONTROLLER ENCL.,745,POC,,
3345-401,2.75,522,EA,LIRIOPE MAJESTIC 1G,2.75,,1G,
33-4541,735,480,EA,RAINMAN RM1-18SS ENCLOSURE,735,,,
33-4542,930,480,EA,RAINMAN TMI-SS ENCLOSURE,930,,,
33-4550,32,None,EA,BROOKS #3-HL CONC. VLV BOX,32,,,
3345-500,14,531,EA,LIRIOPE MUSCARI FLAT,14,,,
3345-501,4,522,EA,LIRIOPE MUSCARI 1G,4,,1G,
3345-504,3,524.1,EA,"LIRIOPE MUSCARI 4"" POT",3,,"4""",
3345-505,10,520,EA,LIRIOPE MUSCARI 5G,10,,5G,
33-4551,2800,635.7,EA,"BROOKS 3636 B36 W/TRFC GRT & FRM (2,300#)",2800,,,
3345-510,8,520,EA,LIRIOPE SPICATA 5G,8,,5G,
3345-515,40,519,EA,LIRIOPE MUSCARI 15G,40,,15G,
33-4552,1700,None,EA,"BROOKS 36X36 12"" DEEP EXTEN. (1100 LBS)",1700,,"12""",
33-4553,1700,635.7,EA,BROOKS 2424-B30 W/ADA TR. GRATE,1700,,,
33-4554,98,None,EA,CARSON 1419-12-4 PULL BOX,98,,,
33-4555,60,None,EA,G5BOX & G5C TRAFFIC CONC BOX,60,,,
33-4556,702,635.4,EA,"BROOKS 2424 T24 (24"" CB, 24"" DEEP) box only",650,,"24""",
33-4557,1500,635.6,EA,BROOKS 2424-B30  W/ TRAFFIC GRATE,1500,,,
33-4558,500,637.2,EA,"BROOKS 2424-L24 (24"" EXTENSION)",500,,"24""",
3345-600,14,531,EA,LIRIOPE JAPONICA FLT,14,,,
3345-605,9.5,520,EA,LIRIOPE M. MAJESTIC 5G,9.5,,5G,
3346-515,50,519,EA,FEIJOA SELLOWIANA 15G MLT,50,,15G,
3347-124,300,507,EA,"LITCHI CHINENSIS 24""",300,,"24""",
3349-124,300,507.2,EA,"OPUNTIA FICUS THORNLESS 24""",250,,"24""",
33-5000,15,None,EA,CHANNEL LOK 420G,15,,420G,
33-5010,5,None,EA,WIRE STRIPPER,5,,,
33-5020,1.5,None,EA,SCREWDRIVER,1.5,,,
33-5030,25,None,EA,HAND SLEDGE HAMMER,25,,,
33-5040,250,999,EA,MIRADRAIN 6000 (4'x 50' roll),250,,,
33-5050,31.5,999,EA,MIRADRAIN QUICKDRAIN FITTINGS,31.5,,,
3350-501,4.4,522,EA,LIRIOPE M BIG BLUE 1G,4,,1G,
3350-505,11,520,EA,LIRIOPE BIG BLUE 5G,9.5,,5G,
33-5051,180,607,EA,"NDS 1830 18"" SQ. GRATE with ADAPTER",180,,"18""",
33-5052,120,None,EA,"NDS 1811 18"" SQ. GRT GREEN",120,,"18""",
33-5053,177,635.1,EA,"NDS 1882 -2 OPENINGS 18"" SQ CB",177,L,"18""",
33-5054,187,635.1,EA,"NDS 1804 - 4 OPENINGS 18"" SQ CB",187,L,"18""",
33-5055,94,637.1,EA,"NDS 1816 9"" RISER FOR 18"" CB",94,L,"9""",
33-5056,90,639.4,EA,"NDS 1881 18"" ATR GRT BLK",90,L,"18""",
33-5057,570,639.4,EA,NDS 1815 18,570,L,,
33-5058,90,619,EA,"NDS 1830 18"" SQ ADAPTER",90,L,"18""",
33-5059,450,None,EA,"NDS 1815 18"" GALV. GRATE",450,L,"18""",
33-5060,0,639.6,LF,DEEP DIG (DRAINS) OVER 4',0,L,,
33-5070,3.5,None,EA,3M SCOTCHLOK DBR-Y6 CONN.,3,L,,
33-5071,3.5,None,EA,RB DBRY WIRE CONN. ( UP-CHARGE),2.34,L,,
33-5072,3.5,999,EA,3M SCOTCHLOK 3570 CONN,6.2,L,,
33-5084,,,,"U-BOLT, #304 SS",,,,
3355-005,9.5,520,EA,LIRIOPE SILVERY SUNPROOF 5G,9.5,GCC,5G,
3355-501,4.4,522,EA,LIRIOPE M SILVERY SUNPROOF 1G,4.4,GCC,1G,
3356-002,10,520,EA,LIRIOPE SPICATA  2G,10,GCC,2G,
3356-501,4,522,EA,LIRIOPE MUSC VAR 1G,4,GCC,1G,
3356-505,9.5,520,EA,LIRIOPE MUSC VAR 5G,9.5,GCC,5G,
3356-601,4,522,EA,LIRIOPE 'ROYAL PURPLE' 1G,4,GCC,1G,
3356-605,10,520,EA,"LIRIOPE S.""SILVER DRAGON"" 5G",10,GCC,5G,
3357-501,4.25,522,EA,LIRIOPE S SILVER DRAGON 1G,4.25,GCC,1G,
3357-502,4,522,EA,LIRIOPE SPICATA 1G,4,GCC,1G,
33-6000,4,637,EA,NDS CV-0500-FF CHECK VALVE,4,CV,,
33-6001,5.7,637,EA,NDS CV-0750-FF CHECK VALVE,5.7,CV,,
3364-101,3.75,522,EA,LOTUS SCOPARIUS 1G,3.75,GCC,1G,
3364-105,13,520,EA,LOTUS MACUALATUS 5G,13,GCC,5G,
3364-201,3.8,522,EA,LUPINUS ARGENTEUS 1G,3.8,GCC,1G,
3364-205,12,520,EA,LUPINUS NANUS 5G,12,GCC,5G,
3364-301,4,522,EA,LOTUS MAC. NEW GOLD FLASH 1 G,4,GCC,1G,
3364-401,4.35,522,EA,LOTUS HEERMANNII 1G,4.35,GCC,1G,
3364-501,3.8,522,EA,LUPINUS BICOLOR 1G,3.8,GCC,1G,
3364-505,16,520,EA,LUPINUS BICOLOR 5G,16,GCC,5G,
3364-601,4.25,522,EA,LOTUS BERTHELOTII 1G,4.25,GCC,1G,
3365-004,2.5,524.1,EA,"LONICERA JAP 4"" POT",2.5,SH,"4""",
3365-115,45,525,EA,LONICERA 'HALLS' 15G STK,45,SH,15G,
3365-215,35,900,EA,"LONICERA ""HECKROTTII"" 15G STK.",35,SH,15G,
3365-315,55,525,EA,LONICERA 'HALLS' KRISTIN'S GOLD 15G,55,SH,15G,
3365-500,0.5,524,EA,LONICERA JAP LINER,0.5,SH,,
3365-501,4,527,EA,LONICERA J HALL 1G STK,4,SH,1G,
3365-502,15,531,EA,MYOPORUM PARVIFOLIUM FLAT,15,GCC,,
3365-503,25,531,EA,CHONDRUS CRISPUS FLATS,25,GCC,,
3365-505,18,526,EA,LONICERA J HALLS 5G STK,18,SH,5G,
3365-515,45,525,EA,LONICERA JAP HALL 15G STK.,45,SH,15G,
3365-550,0.65,524,EA,LONICERA SUBSPICATA LINER,0.65,SH,,
3365-600,1.6,524,EA,SISYRINCHIUM BELLUM LINER,1.6,GCC,,
3365-601,14,531,EA,SOLEIROLIA SOLEIROLII FLATS,14,GCC,,
3365-605,45,526,EA,LONICERA J. HILDEBRAND. 5G STK,45,SH,5G,
3365-701,4,522,EA,SOLEIROLIA SOLEIROLII 1G,4,GCC,1G,
3365-705,60,900,EA,LONICERA HILDEBRAND 15G STK,60,SH,15G,
3365-801,5,522,EA,LONICERA HISPIDULA 1G,5,SH,1G,
3366-015,150,519,EA,LOPHOCEREUS SCHOTTII 15G,150,SH,15G,
3366-115,,,,LOPHOCEREUS MARGINATUS 15G,,,,
3366-515,125,528,EA,LONICERA JAP HALL 15G ESP,125,SH,15G,
3370-015,105,528,EA,LONICERA HILDEBRANDIANA 15 ESP,105,SH,,
3370-101,3.8,522,EA,SOLIDAGO CALIFORNICA 1G,3.8,GCC,1G,
3370-115,28,510,EA,LIVISTONA CHINENSIS 15G,28,TR,15G,
3370-124,95,507,EA,"LIVISTONA CHINESIS 24""",95,TR,"24""",
3370-401,6.5,522,EA,LYCIUM CALIFORNICUM 1G,6.5,SH,1G,
3370-501,4.5,527,EA,LONICERA JAP PURPUREA 1G STK,4.5,SH,1G,
3370-505,18,526,EA,LONICERA JAP PURP. 5G STK,18,SH,5G,
3374-101,3.8,522,EA,GAILLARDIA X GRAND 1G,3.8,GCC,1G,
3374-201,3.8,522,EA,GAILLARDIA ARI. 'BIJOU' 1G,3.8,GCC,1G,
3374-301,3.8,522,EA,GAILLARDIA 'GOBLIN' 1G,3.8,GCC,1G,
3374-401,5,522,EA,GAILLARDIA AZ. SUN 1G,5,GCC,1G,
3375-501,5,527,EA,MACFADYENA UNG.-CATI 1G STK,5,SH,1G,
3375-505,18,526,EA,MACF. UNGUIS-CATI  5G STK,18,SH,5G,
3375-515,60,525,EA,MACF. UNGUIS-CATI 15G STK,60,SH,15G,
34-0000,141.45,636,EA,HYDROSCAPE RRC24 RADIO REMOTE,141.45,L,,
34-0001,281.75,636,EA,HYDROSCAPE RRC56 RADIO REMOTE,281.75,L,,
34-0002,8102,490,EA,HS16-S-DX36/DX03/DXRF/HSEV/RAD-F/GS,8102,L,,
34-1000,3211.15,635.8,EA,PAC. HORT. #AV-8597-X FERT. INJ.,3211.15,FERT,,
3420-024,165,507,EA,"MAGN. G. 'BRACKEN'S BROWN BEAUTY' 24"" STD.",165,TR,"24""",
3420-036,350,505,EA,"MAGNOLIA GRAND. 36"" MULTI",350,TR,"36""",
3420-105,18,513,EA,MAGNOLIA GRANDIFLORA 5G,18,TR,5G,
3420-115,60,510,EA,MAGNOLIA GRAND. 15G STD,60,TR,15G,
3420-120,25900,499.2,EA,"MAGNOLIA ST. MARY 120""",25900,TR,"120""",
3420-124,185,507,EA,"MAGNOLIA GRAND. 24"" STD",185,TR,"24""",
3420-130,280,506,EA,"MAGNOLIA GRANDIFLORA 30"" STD",280,TR,"30""",
3420-136,460,505,EA,"MAGNOLIA GRANDIFLORA 36"" STD",460,TR,"36""",
3420-137,650,504,EA,"MAGNOLIA GRANDIFLORA 42""",650,TR,"42""",
3420-148,1150,503,EA,"MAGNOLIA GRANDIFLORA 48"" STD",1150,TR,"48""",
3420-149,830,503,EA,"MAGNOLIA GRANDIFLORA 48""  L.B.",830,TR,"48""",
3420-160,1900,501,EA,"MAGNOLIA GRANDIFLORA 60"" STD",1900,TR,"60""",
3420-172,5000,500,EA,"MAGNOLIA GRAND. STD. 72""",5000,TR,"72""",
3420-205,7.5,None,EA,LAMINATION,7.5,,,
3420-215,60,528,EA,MAGNILIA GRAND. 15G STK,38,TR,15G,
3420-224,185,507.6,EA,"MAGNOLIA G. ALTA 24"" STD",185,TR,"24""",
3420-236,475,505,EA,"MAGN. DD BLANCHARD 36"" STD",475,TR,"36""",
3420-248,1150,503,EA,"MAGNOLIA D.D.BLANCHARD 48"" STD",1150,TR,"48""",
3420-260,2500,501,EA,"MAGN. G. SAM SUMMERS 60"" STD",2500,TR,"60""",
3420-272,3800,500,EA,"MAGNOLIA GRAND. ST. MARY 72"" STD",3800,TR,"72""",
3420-305,18,513,EA,MAGNOLIA GRAND. STELLATA 5 GAL,12,TR,5G,
3420-315,65,510,EA,MAGNOLIA DD BLANCHARD 15G STD,65,TR,15G,
3420-324,190,507,EA,"MAGN. DD BLANCHARD 24"" STD",180,TR,"24""",
3420-336,470,505,EA,"MAGNOLIA STELLATA 36"" STD.",470,TR,"36""",
3420-348,1200,503,EA,"MAGNOLIA RUSSET 48"" L/B",830,TR,"48""",
3420-360,1800,501,EA,"MAGN. LITTLE GEM 60""  L.B.",1800,TR,"60""",
3420-372,5500,500,EA,"MAGN SAM SUMMERS 72"" STD",5500,TR,"72""",
3420-424,190,507,EA,MAGNOLIA DD BLANCHARD MLT,180,TR,,
3420-436,480,505,EA,"MAGNOLIA SOUTHERN CHARM 36"" STD",480,TR,"36""",
3420-460,2500,501,EA,"MAGNOLIA RUSSETT 60"" STD",2500,TR,"60""",
3420-472,4500,500,EA,"MAGNOLIA 'D.D. BLANCHARD' 72"" STD.",4500,TR,"72""",
3420-515,125,528,EA,MAGNOLIA ST. MARY 15G ESP,125,TR,15G,
3420-524,185,507,EA,"MAGNOLIA SOUTHERN CHARM 24"" STD",185,TR,"24""",
3420-536,470,505,EA,"MAGNOLIA DD BLANCHARD 36"" L/B",470,TR,"36""",
3420-560,1500,501.2,EA,"MAGN. GRANDIFLORA 60"" L/B",1500,TR,"60""",
3420-615,125,528,EA,MAGNOLIA GRAND.15G ESP.,125,TR,15G,
3420-660,2000,501,EA,"MAGNOLIA ST. MARY 60"" STD",2000,TR,"60""",
3420-760,2500,501,EA,"MAGN. D.D. BLANCHARD 60"" STD",2500,TR,"60""",
3421-115,60,510,EA,"MAGNOLIA G. ""ST. MARY"" 15G",60,TR,15G,
3421-130,275,506,EA,"MAGNOLIA ST. MARY 30"" STD",275,TR,"30""",
3421-136,480,505,EA,"MAGNOLIA G. LITTLE GEM 36"" STD",480,TR,"36""",
3422-024,180,508,EA,"MAGNOLIA GRAND. 24"" MLT",180,TR,"24""",
3422-124,475,527.5,EA,"MAGN. G. ST. MARY'S 24"" ESP.",475,TR,"24""",
3422-315,125,528,EA,MAGNOLIA  LITTLE GEM 15G. ESP,125,TR,15G,
3422-324,475,527.5,EA,"MAGNOLIA G. LITTLE GEM 24"" ESP",475,TR,"24""",
3422-405,12,501,EA,MAGNOLIA G LITTLE GEM 5G L/B,12,TR,5G,
3422-415,60,510,EA,MAGNOLIA G LITTLE GEM 15G L/B,60,TR,15G,
3422-424,185,507,EA,"MAGN G. LITTLE GEM 24"" L/B",185,TR,"24""",
3422-425,180,507,EA,"MAGNOLIA G. ""LITTLE GEM""  24""",180,TR,"24""",
3422-430,300,506,,"MAGNOLIA G LITTLE GEM 30""  L/B",300,TR,"30""",
3422-435,475,505,EA,"MAGNOLIA G. ""LITTLE GEM"" 36""",475,TR,"36""",
3422-436,475,505,EA,"MAGNOLIA G LITTLE GEM 36"" MLT",475,TR,"36""",
3422-448,1200,503,EA,"MAGNOLIA G. LITTLE GEM 48"" L/B",1200,TR,"48""",
3422-524,475,527.5,EA,"MAGNOLIA GRANDIFLORA 24"" ESP",475,TR,"24""",
3422-536,485,505,EA,"MAGNOLIA LITTLE GEM 36"" L/B",485,TR,"36""",
3422-548,1150,503,EA,"MAGNOLIA G. LITTLE GEM 48"" MLT",1150,TR,"48""",
3422-624,185,507.6,EA,"MAGN. LITTLE GEM 24"" MLT",185,TR,"24""",
3422-724,200,507,EA,"MAGN. ""TIMELESS BEAUTY"" 24"" STD",200,TR,"24""",
3422-924,185,507,EA,"MAGN. G. LITTLE GEM 24""  NATURAL",185,TR,"24""",
3423-115,415,525,EA,"WISTERIA CHINENSIS 24"" STK",415,SH,"24""",
3424-105,18,513,EA,MAGNOLIA MAJESTIC BEAUTY 5G STD,18,TR,5G,
3424-115,34,510,EA,MAGN. MAJESTIC BEAUTY 15G STD,34,TR,15G,
3424-124,180,507,EA,"MAG. MAJESTIC BTY 24"" STD",180,TR,"24""",
3424-130,200,506,EA,"MAGNOLIA MAJESTIC BEAUTY 30""  STD",200,TR,"30""",
3424-136,460,505,EA,"MAGNOLIA MAJ. BEAUTY 36"" STD",460,TR,"36""",
3424-148,1150,503,EA,"MAGNOLIA MAJ. BEAUTY 48"" STD",1150,TR,"48""",
3424-160,1800,501,EA,"MAGN. MAJESTIC BEAUTY 60"" MLT",1800,TR,"60""",
3424-224,185,507,EA,"MAGNOLIA LITTLE GEM 24"" CLMN",185,TR,"24""",
3424-236,350,505,EA,"MAGNOLIA MAJ. BEAUTY 36"" MLT",350,TR,"36""",
3424-248,1150,503,EA,"MAGNOLIA MAJ. BEAUTY 48"" MLT",1150,TR,"48""",
3425-115,40,510,EA,MAGNOLIA SOULGIANA 15G,40,TR,15G,
3425-124,250,507,EA,"MAGNOLIA SOULANGIANA 24"" MLT",250,TR,"24""",
3425-215,40,510,EA,MAGNOLIA SOUL. ALBA 15G,40,TR,15G,
3425-224,200,507,EA,"MAGN. SOUL. LILLIPUTIAN 24""",200,TR,"24""",
3425-315,40,510,EA,MAGNOLIA S.. BROZZONI 15G,40,TR,15G,
3425-501,4.5,522,EA,MAHONIA AQUIFOLIUM 1G,4.5,SH,1G,
3425-505,20,520,EA,MAHONIA AQUIFOLIUM 5G,20,SH,5G,
3425-515,42,519,EA,MAHONIA AQUIFOLIUM 15G,42,SH,15G,
3425-605,20,520,EA,MAHONIA FORTUNEI 5G,20,SH,5G,
3425-615,60,519,EA,MAHONIA AQUIFOLIUM COMP 15G,60,SH,15G,
3425-705,20,520,EA,MAHONIA AQUI. ORG FLAME 5G,20,SH,5G,
3425-715,60,519,EA,MAHONIA  FORTUNEI 15G,60,SH,15G,
3425-836,470,505,EA,"MAGNOLIA SOULANGIANA 36"" L/B",470,TR,"36""",
3425-837,185,507,EA,"MAGNOLIA G ST. MARY 24"" STD",185,TR,"24""",
3425-848,1100,503,EA,"MAGNOLIA G ST. MARY 48"" STD",1100,TR,"48""",
3425-936,465,505,45,"MAGNOLIA G ST. MARY 36"" STD",465,TR,"36""",
3426-105,12,513,EA,MAGNOLIA G SAM SOMMERS 5G STD,12,TR,5G,
3426-115,35,510,EA,MAGNOLIA SAM SOMMERS 15G STD,35,TR,15G,
3426-124,180,507,EA,"MAGN. SAM. SOMMERS 24"" STD",180,TR,"24""",
3426-130,200,506,EA,"MAGNOLIA G SAMUEL SOMMER 30""STD",200,TR,"30""",
3426-136,475,505,EA,"MAGN. SAM. SOMMERS 36"" STD",475,TR,"36""",
3426-148,1150,503,EA,"MAGN. G  SAM SOMMER 48"" STD",1150,TR,"48""",
3426-336,470,505,EA,"MAGNOLIA SAM.SOMMERS 36"" MLT",470,TR,"36""",
3426-501,5,522,EA,MAHONIA AQUIFOLIUM COMP 1G,5,SH,1G,
3426-505,20,520,EA,MAHONIA AQUIFOLIUM COMP 5G,20,SH,5G,
3427-124,250,507,EA,"MAHONIA LOMARIFOLIA 24"" L/B",250,SH,"24""",
3427-505,23,520,EA,MAHONIA LOMARIFOLIA 5G,23,SH,5G,
3427-506,23,520,EA,MAHONIA NEVINII 5G,23,SH,5G,
3427-507,5,522,EA,MAHONIA LOMARIFOLIA 1G,5,SH,1G,
3427-508,5,522,EA,MAHONIA REPENS 1G,5,SH,1G,
3427-515,90,519,EA,MAHONIA LOMARIFOLIA 15G,90,SH,15G,
3427-615,90,507,EA,MAHONIA LOMARIFOLIA 15G MLT,90,SH,15G,
3427-805,11,520,EA,MAHONIA REPENS 5G,11,SH,5G,
3428-036,375,505,EA,"MAGNOLIA  RUSSETT 36"" MLT",375,TR,"36""",
3428-105,6,513,EA,MAGNOLIA G RUSSETT 5G  STD,6,TR,5G,
3428-115,65,510,EA,MAGNOLIA G RUSSETT 15G  STD,65,TR,15G,
3428-124,180,507,EA,"MAGNOLIA G RUSSETT 24"" STD",180,TR,"24""",
3428-130,200,506,EA,"MAGNOLIA G RUSSETT 30""  STD",200,TR,"30""",
3428-136,360,505,EA,"MAGNOLIA G RUSSETT 36"" STD",480,TR,"36""",
3428-142,710.53,504,EA,"MAGNOLIA GRANDIFLORA RUSSET 42""",710.53,TR,"42""",
3428-148,830,503,EA,"MAGNOLIA GRANDIFLORA RUSSET 48""",830,TR,"48""",
3428-501,3.5,522,EA,MAHONIA NEVINII 1G,3.5,SH,1G,
3428-601,4.5,522,EA,"MAHONIA ""GOLDEN ABUNDANCE"" 1G",4.5,SH,1G,
3428-605,20,520,EA,MAHONIA GOLDEN ABUNDANCE 5G,20,SH,5G,
3428-615,60,519,EA,MAHONIA GOLDEN ABUNDANCE 15G,60,SH,15G,
3430-101,3.6,522,EA,FESTUCA OVINA GLAUCA 1G,3.6,GCC,1G,
3430-104,4,524.1,EA,"FESTUCA OVINA GLAUCA 4""",4,GCC,"4""",
3430-201,4,522,EA,FESTUCA RUBRA 1G,4,GCC,1G,
3430-224,185,507,EA,"MAGNOLIA S ALEXANDRINA 24"" STD",185,TR,"24""",
3430-236,385,505,EA,"MAGNOLIA S ALEXANDRINA 36"" MLT",385,TR,"36""",
3430-301,3.7,522,EA,FESTUCA CINERARIA (DUSTY MILLER) 1G,3.7,GCC,1G,
3430-401,4,522,EA,FESTUCA BEYOND BLUE 1G,4,GCC,1G,
3430-501,4,522,EA,FESTUCA RUB. 'MOLATE' 1G,4,GCC,1G,
3430-601,4.5,522,EA,FESTUCA RIVER HOUSE BLUES 1G,4.5,GCC,1G,
3432-148,850,503,EA,MAGN. RUSTICA RUBRA 48'' STD,850,TR,,
3432-215,35,510,EA,MAGNOLIA S RUSTICA RUBRA 15G,35,TR,15G,
3432-336,350,505,EA,MAGN. RUSTICA RUBRA 36'' L/B,350,TR,,
3434-215,40,510,EA,MAGNOLIA STELLATA 15G,40,TR,15G,
3434-224,185,507,EA,"MAGNOLIA STELLATA 24"" MLT",185,TR,"24""",
350-2501,4,522,EA,SCABIOSA ATROPURPUREA 1G,4,GCC,1G,
35-1000,2100,490,EA,P.U.P. USPI-M015-100TB/SS IRR PED,2100,POC,,
35-1001,3700,490,EA,PUP METER ENCL. (USPIL-M100-12CTB-SD-SS),3700,POC,,
35-1005,11,520,EA,NASSELLA TEN. 'PONY TAILS' 5G,11,GCC,5G,
35-1006,2000,490,EA,MYERS PEDESTAL (GENERAL IN-TRACT),2000,POC,,
35-1007,3000,480,EA,MYERS MUEG-1-M285X (SS),3000,POC,,
35-1008,2500,480,EA,MYERS MEUG D-1 SS (DOUBLE WIDE),2500,L,,
35-1009,3500,480,EA,MYERS MEUG-I-M-X 110V..(SS),3500,L,,
35-1113,1,524,EA,"ELYMUS TRITICOIDES 3-1/2""LINER",1,GCC,"2""",
35-1114,1.6,524,EA,"FESTUCA MAIREI 2"" LINER",1.6,GCC,"2""",
35-1115,1.25,524,EA,"NASELLA LEPIDA 2-1/2"" LINER",1.25,GCC,"2""",
35-1116,1.25,524,EA,"NASELLA PULCHRA 2-1/2"" LINER",1.25,GCC,"2""",
35-1117,11,520,EA,NASELLA TENUISSIMA 5G,11,GCC,5G,
35-1118,5,522,EA,NASELLA LEPIDA 1G,5,GCC,1G,
35-1119,1.5,524,EA,"MUHLENBERGIA RIGENS 2"" LINER",1.5,GCC,"2""",
35-1120,4,522,EA,NASELLA PULCHRA 1G,4,GCC,1G,
35-1121,4,522,EA,NASELLA TENNUISSIMA 1G,4,GCC,1G,
35-1122,1,524,EA,NASELLA CERNUA PLUGS,1,GCC,,
35-1123,1.25,524,EA,NASELLA LEPIDA PLUGS,1.25,GCC,,
35-1124,1.25,524,EA,NASELLA PULCHRA  PLUGS,1.25,GCC,,
35-1125,1,524,EA,LINER/PLUG REPLACMENTS,1,,,
35-1126,1.25,524,EA,NASELLA PULCHRA PLUGS,1.25,,,
35-1127,4,522,EA,NASELLA CERNUA 1G,4,,1G,
35-1128,2.5,524.1,EA,"FESTUCA MAIREI 4"" POT",2.5,,"4""",
35-1129,15,520,EA,NASELLA LEPIDA 5G,15,,5G,
3524-236,380,505,EA,"MAYTENUS B. GREEN SHOWERS 36""",380,,"36""",
3525-105,18,520,EA,FREESIA HYBRID 5G,18,,5G,
3530-001,10.5,520,EA,FESTUCA G. ELIJAH BLUE 5G,10.5,,5G,
3530-101,3.5,522,EA,FESTUCA G. GOLDEN TOUPEE 1G,3.5,,1G,
3530-105,7.5,520,EA,FESTUCA OVINA 5G,7.5,,5G,
3530-111,4,522,EA,FESTUCA IDA. 'SISKIYOU BLUE' 1G,4,,1G,
3530-201,3.25,522,EA,FESTUCA MUELLERI 1G,3.25,,1G,
3530-204,4,524,EA,"FESTUCA IDAHOENSIS 4"" POT",4,,"4""",
3530-205,9.5,520,EA,FESTUCA OVINA GLAUCA 5G,9.5,,5G,
3530-301,3.25,522,EA,"FESTUCA OVI. ""BLAUSILBER"" 1G",3.25,,1G,
3530-305,12.5,520,EA,FESTUCA MAIREI 5G,12.5,,5G,
3530-401,4,522,EA,FESTUCA MAIREI 1G,4,,1G,
3530-405,18,520,EA,FESTUCA BOULDER BLUE 5G,18,BOL,5G,
3530-501,4.75,522,EA,FESTUCA GLAUCA 1G,4,,1G,
3530-505,11,520,EA,FESTUCA CINEREA 5G,11,,5G,
3530-601,1.9,522,EA,FESTUCA CALIF. ROSE POT,1.9,,,
3530-604,3,524.1,EA,"FESTUCA CALIFORNIA 4"" POT",3,,"4""",
3530-605,12,520,EA,FESTUCA G. 'SISKIYOU BLUE' 5G,10,,5G,
3530-701,4.4,522,EA,FESTUCA CALIFORNICA 1G,4,,1G,
3530-801,1.5,524,EA,"FESTUCA RUBRA 2 1/4"" LINER",1.5,,"4""",
3530-901,4.5,522,EA,FESTUCA G. 'SILBERREIHER 1G,3.25,,1G,
3531-101,4.75,522,EA,JUNIPERUS SABINA ARCADIA 1G,3,,1G,
3531-105,15,520,EA,JUNIPERUS S. ARCADIA 5G,15,,5G,
3531-201,5,522,EA,JUNIPER S BROADMOOR 1G,3.25,,1G,
3531-205,12,520,EA,JUNIPERUS S. BROADMOOR 5G,12,,5G,
3531-301,5,522,EA,JUNIPERUS H. 'BLUE CHIP' 1G,5,,1G,
3531-305,25,520,EA,JUNIPERUS BLUE POINT 5G PYRAMID,25,,5G,
3532-101,7,522,EA,FREMONTODENDRON CALIF. 1G,7,,1G,
3532-105,15,520,EA,FREMONT. CALIFORNICUM 5G,15,,5G,
3532-201,7,522,EA,FREMONT. CA. KEN TAYLOR 1G,7,,1G,
3532-205,15,520,EA,FREMONT. MEXICANUM. 5G,15,,5G,
3532-305,25,520,EA,FREMONT CALIF GLORY 5G,25,,5G,
3532-405,18,520,EA,FREMONT. KEN TAYLOR 5G,18,,5G,
3532-415,75,519,EA,FREMONT. CA. DECUMBENS 15G,75,,15G,
3532-505,70,519,EA,FREMONT. CALIFORNIA  15G,70,,15G,
3532-515,24,519,EA,JUNIPERUS CHIN MINT JULIP 15G,24,,15G,
3532-615,27,519,EA,JUNIPERUS CHIN. SEA GREEN 15G,27,,15G,
3533-505,12,520,EA,FUCHSIA TRIP. GART. BON. 5G,12,,5G,
3533-615,50,519,EA,FUSCHIA HYBRID 15G,50,,15G,
3533-715,75,519,EA,FUSCHIA GARTENMEISTER 15G,75,,15G,
3533-805,15,520,EA,"FUCHSIA ""G. BONSTEAD"" 5G",15,,5G,
3535-101,4.25,522,EA,FESTUCA ELIJAH BLUE 1G,4.25,,1G,
3535-201,4.75,522,EA,FESTUCA IDAHOENSIS 1G,4.75,,1G,
3535-301,4,522,EA,FESTUCA R. 'MOLATE BLUE' 1G,4,,1G,
3535-501,8,527,EA,MANDEVILLA ALICE DU PONT 1G,8,,1G,
3535-505,22,526,EA,MANDEVILLA A. DUPONT 5G STK,22,,5G,
3535-515,70,525,EA,MAND. ALICE DU PONT 15G STK,70,,15G,
3535-604,12.75,524.1,EA,"MANDEVILLA PINK 4"" POT",12.75,,"4""",
3535-605,24,526,EA,MAND. RED RIDING HOOD 5G STK,24,,5G,
3535-615,70,528,EA,MAND SPLENDENS 15G STK,70,,15G,
3535-705,45,529,EA,"MANDEVILLEA ""LAXA"" 5G ESP",45,,5G,
3535-715,75,528,EA,MANDEVILLEA SUNMANDEHO 15G STK,75,,15G,
3535-805,24,526,EA,MANDEVILLA MAGIC DREAM 5G STK,24,,5G,
3535-815,75,528,EA,MAND. 'SUN PARASOL GIANT WHITE' 15G STK,75,,15G,
3535-905,25,526,EA,MANDEVILLA X 'WHITE DELIGHT' 5G STK,25,,5G,
3536-000,45,531,FL,"MANDEVILLA ""RED RIDING HOOD"" FLAT",45,,,
3536-101,8,522,EA,MANDEVILLA S. RED RIDING HOOD 1G,8,,1G,
3536-505,15,520,EA,MANDEVILLA SPLENDENS 5G,15,,5G,
3536-515,70,519,EA,MANDEVILLA SPLENDENS 15 GAL,70,,15G,
3536-905,,,,MANGAVE LAVENDER LADY 5G,,,,
3540-101,2.28,516,EA,MARKHAMIA HILDE 1GAL,2.28,,1G,
3540-105,6.99,513,EA,MARKHAMIA HILDE 5GAL,6.99,,5G,
3540-115,38,510,EA,MARKHAMIA HILDEBRANTIA 15G,38,,15G,
3540-124,125,507,EA,"MARKHAMIA HILDE 24"" L/B",125,,"24""",
3540-160,1800,501,EA,"MARKHAMIA HILDEBRANTIA 60"" L/B",1800,,"60""",
3542-101,2.12,516,EA,MAYTENUS BOARIA 1GAL,2.12,,1G,
3542-105,6.5,513,EA,MAYTENUS BOARIA 5GAL,6.5,,5G,
3542-115,35,510,EA,MAYTENUS BOARIA 15 GAL,35,,15G,
3542-124,110,507,EA,"MAYTENUS BOARIA 24"" STD",110,,"24""",
3542-136,360,505,EA,"MAYTENUS BOARIA 36"" STD",360,,"36""",
3542-148,1200,503,EA,"MAYTENUS BOARIA 48"" STD",1200,,"48""",
3545-101,5,516,EA,MAYTENUS BOARIA 1G MLT,5,,1G,
3545-105,12,513,EA,MAYTENUS BOARIA 5G MLT,12,,5G,
3545-115,35,510,EA,MAYTENUS BOARIA 15G MLT,35,,15G,
3545-124,115,507,EA,"MAYTENUS BOARIA 24"" MLT",115,,"24""",
3550-1112,400,505.1,EA,"MELAMPODIUM LEUCANTHUM 36""",400,,"36""",
3550-115,33,510,EA,MELALEUCA LEUC. 15G STD,33,,15G,
3550-124,165,507,EA,"MELALEUCA LEUC. 24"" SINGLE",165,,"24""",
3550-136,460,505,EA,"MELALEUCA LEUC. 36""  SINGLE",460,,"36""",
3550-148,1080,503,EA,"MELALEUCA LEUC. 48"" SINGLE",1080,,"48""",
3550-215,33,510,EA,MELALEUCA LEUC. 15G MLT,33,,15G,
3550-224,155,507,EA,"MELALEUCA LEUC. 24"" MLT",155,,"24""",
3550-230,260,506,EA,"MELALEUCA LEUC. 30""  MUL",260,,"30""",
3550-236,460,505,EA,"MELALEUCA LEUC. 36"" MLT",460,TR,"36""",
3550-247,1080,503,EA,"MELALUECA QUIN. 48""  SINGLE",1080,TR,"48""",
3550-248,1080,503,EA,"MELALEUCA LEUC. 48"" MLT",1080,TR,"48""",
3550-260,1700,501,EA,"MELALEUCA LEUC. 60"" MUL",1700,TR,"60""",
3550-315,33,510,EA,MELALEUCA LEUC. 15G STD,33,TR,15G,
3550-324,160,507,EA,"MELA LEUC 24"" STD",160,TR,"24""",
3550-336,475,505,EA,"MELALEUCA LINARIFOLIA 36"" MLT",475,TR,"36""",
3550-348,1080,503,EA,"MELALUECA QUIN 48"" MLT",1080,TR,"48""",
3550-360,2350,501,EA,"MELALEUCA QUIN. 60"" SINGLE",2350,TR,"60""",
3550-424,160,507.6,EA,"MELALEUCA QUIN 24"" L/B",160,TR,"24""",
3550-436,450,505,EA,"MELALEUCA QUIN 36"" SINGLE",450,TR,"36""",
3550-448,1100,503,EA,"MELALEUCA QUIN. 48"" SINGLE",1100,TR,"48""",
3550-460,1800,501,EA,"MELALEUCA LINARIFOLIA 60"" MLT",1800,TR,"60""",
3550-524,175,507,EA,"MELALEUCA QUIN. 24"" MLT",175,TR,"24""",
3550-536,450,505,EA,"MELALUECA QUIN 36"" MLT",450,TR,"36""",
3550-548,1000,503,EA,"MELALEUCA ARMILLARIS 48""",1000,TR,"48""",
3550-560,2600,501,EA,"MELALEUCA NESOPHILA 60"" SINGLE",2600,TR,"60""",
3550-636,350,505,EA,"MELALUECA QUIN. 36"" L/ B",350,TR,"36""",
3550-648,1070,503,EA,"MELALUECA QUIN 48"" UPRIGHT MLT",1070,TR,"48""",
3550-736,450,505,EA,"MELALUECA QUIN 36"" UPRIGHT MULTI",450,TR,"36""",
3551-036,475,505,EA,"MELALEUCA NESOFILA 36"" MLT/ L.B.",475,TR,"36""",
3551-101,4.5,516,EA,MELALEUCA LINARIIFOLIA 1G,4.5,TR,1G,
3551-105,12,513,EA,MELALEUCA LINARIIFOLIA 5G,12,TR,5G,
3551-115,60,510,EA,MELALEUCA LINARIIFOLIA 15G,60,TR,15G,
3551-124,175,507,EA,"MELALEUCA LINARIFOLIA  24"" SINGLE",175,TR,"24""",
3551-136,470,505,EA,"MELALEUCA LINAR. 36"" SINGLE",470,TR,"36""",
3551-148,830,503,EA,"MELALEUCA LINARIFOLIA 48"" MLT",830,TR,"48""",
3551-154,1500,502,EA,"MELALEUCA LINARIFOLIA 54"" MLT",1500,TR,"54""",
3551-224,165,507,EA,"MELALEUCA LINARIFOLIA 24"" MLT",165,TR,"24""",
3551-236,360,505,EA,"MELA. LINARIFOLIA 36""  MLT",360,TR,"36""",
3551-260,2500,501,EA,"MELALEUCA LINARIFOLIA 60"" MLT",2500,TR,"60""",
3551-336,360,505,EA,"MELA. LINARFOLIA 36"" L/B",360,TR,"36""",
3551-348,850,503,EA,"MELALEUCA LINAR. 48"" SINGLE",850,TR,"48""",
3551-501,5,522,EA,MELALEUCA ARMILLARIS 1G,5,TR,1G,
3551-601,5.25,522,EA,MELICA  IMPERFECTA 1G,5.25,GCC,1G,
3552-101,3.5,522,EA,MELALEUCA NESOPHILA 1G,3.5,TR,1G,
3552-105,13,520,EA,MELALEUCA NESOPHILA 5G,13,TR,5G,
3552-115,60,519,EA,MELALEUCA NESOPHILA 15G L/B,60,TR,15G,
3552-124,165,507,EA,"MELALEUCA NESOPHILA 24"" SINGLE",165,TR,"24""",
3552-126,1100,503,EA,"MELALEUCA LINARIFOLIA 48"" SINGLE",1100,TR,"48""",
3552-215,55,510,EA,MELALEUCA NESOPHILA 15G MLT,55,TR,15G,
3552-224,175,507,EA,"MELALEUCA NESOPHILA 24"" MLT",175,TR,"24""",
3552-230,200,506,EA,"MELALEUCA NESOPHILA 30""  MUL",200,TR,"30""",
3552-236,480,505,EA,"MELA. NESOPHILA 36"" MLT",480,TR,"36""",
3552-248,830,503,EA,"MELALEUCA NESOPHILA 48"" MLT",830,TR,"48""",
3552-336,370,505,EA,"MELALUECA ARMILLARIS 36"" MLT",370,TR,"36""",
3553-105,12,513,EA,MELALEUCA QUINQUENERVA 5G,12,TR,5G,
3553-115,60,510,EA,MELALEUCA QUIN. 15G STD,60,TR,15G,
3553-124,165,507,EA,"MELALEUCA QUIN. 24"" SINGLE",165,TR,"24""",
3553-136,350,505,EA,"MELALEUCA QUIN. 36"" MLT",350,TR,"36""",
3553-215,55,510,EA,MELALEUCA QUIN. 15G MLT,55,TR,15G,
3553-236,470,505,EA,"MELALUECA NESOPHILA 36"" STD",470,TR,"36""",
3553-248,1080,503,EA,MELALEUCA QUIN. 48 MLT,1080,TR,,
3553-260,2500,501,EA,"MELALEUCA QUINQUENERVIA 60"" MLT",2500,TR,"60""",
3553-315,55,510.5,EA,MELALEUCA QUIN. 15G MLT,55,TR,15G,
3570-101,5,516,EA,METROSIDEROS EXCELSUS 1G STD,5,TR,1G,
3570-105,18,513,EA,METROSIDEROS EXCELSUS 5G STD,18,TR,5G,
3570-115,55,510,EA,METROSIDEROS EXCELSUS 15G STD,55,TR,15G,
3570-124,185,507,EA,"METROSIDEROS EXCELSUS 24"" STD",185,TR,"24""",
3570-201,5,516,EA,METROSIDEROS EXCELSUS 1G MLT,5,TR,1G,
3570-205,18,513,EA,METROSIDEROS EXC. 5G MLT,18,TR,5G,
3570-215,55,510,EA,METROSIDEROS EXCELSUS 15G MLT,55,TR,15G,
3570-224,170,507,EA,"METROSIDEROS EXC. 24"" MLT",170,TR,"24""",
3571-000,2.3,524,EA,MIMULUS CARDINALIS LINER,2.3,GCC,,
3571-001,1.5,524,EA,MIMULUS AURANTIACUS LINER,1.5,GCC,,
3571-101,6.6,522,EA,MIMULUS PUMPKIN 1G,5,GCC,1G,
3571-105,18,520,EA,MIMULUS JACK 5G,18,GCC,5G,
3571-201,6.6,522,EA,MIMULUS GUTTATUS 1G,4.5,GCC,1G,
3571-205,18,520,EA,MIMULUS CARDINALIS 5G,16,GCC,5G,
3571-301,6,522,EA,MIMULUS A. JACK 1G,6,GCC,1G,
3571-305,,,,MIMULUS JELLY BEAN ORG. 5G,,,,
3571-501,6.6,522,EA,MIMULUS LONGIFLORUS 1G,3.5,GCC,1G,
3571-505,18,520,EA,MIMULUS HYBRIDUS 5G SHRUB,11,SH,5G,
3571-601,6.6,522,EA,MIMULUS AURANTIACUS 1G,4.3,GCC,1G,
3571-605,18,520,EA,MIMULUS LONGIFLORIS 5G,13,GCC,5G,
3571-701,6.6,522,EA,MIMULUS CARDINALIS 1G,3.5,GCC,1G,
3571-705,18,520,EA,MIMULUS AURANTIACUS 5G,18,GCC,5G,
3571-801,4.5,522,EA,"MILIUM EFFUSUM ""AUREUM' 1G",4.5,GCC,1G,
3572-501,3.2,522,EA,MURRAYA EXOTICA 1G,3.2,SH,1G,
3572-505,10,520,EA,MURRAYA EXOTICA 5G,10,SH,5G,
3572-515,50,519,EA,MURRAYA EXOTICA 15G,50,SH,15G,
3572-605,8,520,EA,MURRAYA PANICULATA 5G,8,SH,5G,
3572-615,29,519,EA,MURRAYA PANICULATA 15G,29,SH,15G,
3573-115,115,519,EA,MUSA SUMATRANA 15G,115,TR,15G,
3574-115,125,519,EA,MUSA ENSETE 15G,125,TR,15G,
3580-105,12,520,EA,METROSIDEROS TOM. 5G SHRUB,12,SH,5G,
3580-205,9,520,EA,METROSIDEROS COLINA 5G,9,SH,5G,
3580-215,36,510,EA,METROSIDEROS TOM. 15G MLT,36,TR,15G,
3580-224,170,507,EA,"METROSIDEROS TOMEN. 24"" MLT",170,TR,"24""",
3580-305,22,520,EA,METRO. COL. SPRING FIRE 5G,22,SH,5G,
3580-315,75,510,EA,METRO. COLLINA 'SPRING FIRE' 15G,75,SH,15G,
3582-105,25,513,EA,FRUIT TREE 5G,25,TR,5G,
3582-115,90,510,EA,FRUIT TREE 15G,90,TR,15G,
3597-101,4,522,EA,MONARDELLA SUBGLABRA 1G,4,GCC,1G,
3597-105,14,520,EA,MONARDELLA SUBGLABRA 5G,14,GCC,5G,
3599-005,12.5,520,EA,FARFUGIUM J. AUREA-MAC. 5G,12.5,GCC,5G,
35-9905,12.5,520,EA,FARFUGIUM JAP AUREO MACULATUM 5G,12.5,GCC,5G,
3599-101,4.35,522,EA,MUHLENBERGIA CAPILLARIS 1G,4,GCC,1G,
3599-105,12,520,EA,MUHL. LINDHAMAERII 5G,12,GCC,5G,
3599-115,55,519,EA,MUHL. LINDHAMAERII 15G,55,GCC,15G,
3599-201,4,522,EA,MUHLENBERGIA L. LENI 1G,4,GCC,1G,
3599-205,12,520,EA,MUHLENBERGIA LIND. LENI 5G,12,GCC,5G,
3599-215,60,519,,MUHLENBERGIA LENCA 15g,60,GCC,15G,
3599-301,5,522,EA,MUHLENBERGIA WHITE CLOUD 1G,5,GCC,1G,
3599-305,14,520,EA,MUHLENBERGIA C. 'WHITE CLOUD' 5G,14,GCC,5G,
3599-401,4,522,EA,MUHLENBERGIA 'LENCA' 1G,4,GCC,1G,
3599-405,11,520,EA,MUHLENBERGIA CAPILLARIS 5G,11,GCC,5G,
3599-501,4,522,EA,MUHLENBERGIA RIGENS 1G,4,GCC,1G,
3599-505,8,520,EA,MUHLENBERGIA RIGENS 5G,10,GCC,5G,
3599-515,48,519,EA,MUHLENBERGIA RIGENS 15G,48,GCC,15G,
3599-601,4,522,EA,MUHLENBERGIA LINDHEIMERI 1G,4,GCC,1G,
3599-605,8.8,520,EA,MUHLENBERGIA C. REGAL MIST 5G,11,GCC,5G,
3599-615,60,519,EA,MUHLENBERGIA CAPILLARIS 15G,60,GCC,15G,
3599-701,4.25,522,EA,MUHLENBERGIA CAP. 'REGAL MIST' 1G,4.25,GCC,1G,
3599-703,16,520,EA,MUHLENBERGIA LENCA 3G,16,GCC,3G,
3599-705,10,520,EA,MUHL. LIND. AUTUMN GLOW 5G,10,GCC,5G,
3599-801,4.1,522,EA,MUHLENBERGIA RIGENS 1G,4.1,GCC,1G,
3599-804,1.6,524.1,EA,"MUHLENBERGIA RIGENS 4"" POT",1.6,GCC,"4""",
3599-805,11,520,EA,MUHLENBERGIA CAP. 'PINK CLOUD' 5G,11,GCC,5G,
3599-901,5,522,EA,MUHLENBERGIA C. PINK CLOUD 1G,5,GCC,1G,
3599-905,12,520,EA,MUHLENBERGIA DUBIA 5G,10,GCC,5G,
3600-005,11,520,EA,MUHLENBERGIA LENCA 5G,10,GCC,5G,
3600-024,275,507,EA,"MORUS N. BLACK BEAUTY 24""",275,TR,"24""",
3600-036,475,505,EA,"MORUS ALBA (FRUITLESS) 36"" STD.",475,TR,"36""",
3600-048,1200,503,EA,"MORUS ALBA 48""  STD",1200,TR,"48""",
3600-103,5,524.1,EA,MONARDELLA MACRANTHA LINER (BUY 1G?),5,GCC,1G,
3600-105,10,520,RA,MUHLENBERGIA CAP. 'IRVINE' 5G,10,GCC,5G,
3600-124,155,507,EA,"MORUS ALBA (FRUITLESS) 24"" STD",155,TR,"24""",
3600-205,12,520,EA,MUHLENBERGIA EME. 'EL TORO' 5G,12,GCC,5G,
3600-305,15,520,EA,MUHLENBERGIA PLUMETASTIC 5G,15,GCC,5G,
3600-500,0.7,524,EA,MYOPORUM PACIFICA LINERS,0.7,GCC,,
3600-501,3.75,522,EA,MYOPORUM PACIFICA 1G,3,GCC,1G,
3600-5011,3.75,522,EA,"MYOPORUM P. ""SOUTH COAST"" 1G",3,GCC,1G,
3600-505,9,520,EA,MYOPORUM PACIFICA 5G,9,GCC,5G,
3600-506,9.5,520,EA,MYOPORUM LAETUM 5G,7.5,SH,5G,
3600-605,9,520,EA,MYOPORUM SOUTH COAST 5G,9,GCC,5G,
3600-705,9.5,520,EA,MYOPORUM 'PUTAH CREEK' 5G,9.5,GCC,5G,
3600-805,9.5,520,EA,MYOPORUM PINK 5G,9,GCC,5G,
3601-501,3.5,522,EA,MYOPORUM P. PROSTRATUM 1G,3.5,GCC,1G,
3601-601,4,522,EA,MYOP. P. BURGUNDY CARPET 1G,4,GCC,1G,
3605-001,3.75,522,EA,MYOPORUM PARVIFOLIUM 1G,3.75,GCC,1G,
3605-500,18.5,531,EA,MYOP. PARV. PROSTRATA FLAT,15,GCC,,
3605-501,3.75,522,EA,MYOPORUM PARV. WHITE 1G,3.3,GCC,1G,
3605-505,10,520,EA,MYOPORUM PARVIFOLIUM 5G,10,GCC,5G,
3605-600,18.5,531,EA,"MYOPORUM ""PUTAH CREEK"" FLAT",15,GCC,,
3605-601,3.8,522,EA,MYOPORUM P. PUTAH CREEK 1G,3.8,GCC,1G,
3605-604,2.25,524.1,EA,"MYOPORUM PUTAH CRK 4"" POT",2.25,GCC,"4""",
3605-700,22,531,EA,JUNIPERUS EMERALD SPREADER FLT,22,GCC,,
3605-701,3.75,522,EA,"MYOPORUM PARV. ""PINK"" 1G",3.5,GCC,1G,
3605-702,18.5,531,EA,"MYOPORUM PARV. ""PINK"" FLT",15,GCC,,
3606-101,3.75,522,EA,MYOPORUM L. CARSONII 1G,3,SH,1G,
3606-105,9.5,520,EA,MYOPORUM CARSONI 5G,7.5,SH,5G,
3606-124,180,507,EA,"MYOPORUM LAETUM CARSONI 24"" STD",180,SH,"24""",
3606-136,350,505,EA,MYOPORUM LAETUM CARSONII 36'',350,SH,,
3606-501,4,522,EA,MYOPORUM LAETUM 1G,4,SH,1G,
3609-515,35,519,EA,MYOPORUM LAETUM 15G,35,SH,15G,
3609-615,,,,MYOPORUM PUTAH CREEK 15G,,,,
3610-501,3.7,522,EA,MYRSINE AFRICANA 1G,3.7,SH,1G,
3610-505,11.5,520,EA,MYRSINE AFRICANA 5G,10,SH,5G,
3610-515,43,519,EA,MYRSINE AFRICANUS 15G,43,SH,15G,
3611-105,11.5,520,EA,MYRICA CALIFORNICA 5G,10,SH,5G,
3611-115,43,510,EA,MYRICA CALIFORNICA 15G,43,SH,15G,
3611-501,5.5,522,EA,ATRIPLEX SEMIBACCATA 1G,4,SH,1G,
3611-505,12,520,EA,ATRIPLEX GLAUCA 5G,12,SH,5G,
3611-601,4,522,EA,ATRIPLEX LENTIFORMIS 1G,4,SH,1G,
3620-124,250,507,EA,"MYRTUS COMM. 24"" TOPIARY",250,SH,"24""",
3620-405,11,520,EA,MYRTUS COMMUNIS 5G,10,SH,5G,
3620-501,5,522,EA,MYRTUS COM. COMPACTA 1G,5,SH,1G,
3620-505,12,520,EA,MYRTUS COMMUNIS COMP 5G,10,SH,5G,
3620-515,42,519,EA,MYRTUS COMMUNIS COMP 15G,42,SH,15G,
3620-605,12,520,EA,MYRTUS COMM. COMP. VAR. 5G,10.5,SH,5G,
3620-615,50,519,EA,MYRTUS COMMUNIS 15G,50,SH,15G,
3620-715,100,519,EA,MYRTUS COMM VARIEGATA 15G,100,SH,15G,
3621-103,0.5,524,EA,NARCISSUS BULB,0.5,GCC,,
3630-015,43,519,EA,NANDINA DOM. 'BLUSH PINK' 15G,43,SH,15G,
3630-115,50,519,EA,NANDINA FIREPOWER 15G,50,SH,15G,
3630-401,5,522,EA,NANDINA DOM. FIREPOWER 1G,5,SH,1G,
3630-405,15,520,EA,"NANDINA DOM. ""FIREPOWER"" 5G",10,SH,5G,
3630-501,4.3,522,EA,NANDINA DOMESTICA 1G,3.6,SH,1G,
3630-505,11,520,EA,NANDINA DOMESTICA 5G,10,SH,5G,
3630-515,42,519,EA,NANDINA DOMESTICA 15G,40,SH,15G,
3630-605,28,520,EA,NANDINA D. WOODS DWF. 5G,28,SH,5G,
3630-705,28,520,EA,"NANDINA ""AKA"" 5G",28,SH,5G,
3630-805,28,520,EA,NANDINA JAYTEE HARBOR BELLE 5G,28,SH,5G,
3630-905,28,520,EA,NANDINA ROYAL PRINCESS 5G,28,SH,5G,
3640-005,15,520,EA,NANDINA BLUSH PINK 5G,15,SH,5G,
3640-105,20,520,EA,NANDINA SIENNA SUNRISE 5G,20,SH,5G,
3640-205,24,520,EA,NANDINA MONUM 5G,,,,
3640-501,4.4,522,EA,NANDINA D COMPACTA 1G,3,SH,1G,
3640-505,11,520,EA,NANDINA D COMPACTA 5G,9.5,SH,5G,
3640-515,40,519,EA,NANDINA D COMPACTA 15G,40,SH,15G,
3640-605,22,520,EA,NANDINA PLUM PASSION 5G,22,SH,5G,
3640-705,18,520,EA,NANDINA FIREPOWER 5G,18,SH,5G,
3650-501,5.5,522,EA,NANDINA D GULF STREAM 1G,5.5,SH,1G,
3650-505,16,520,EA,NANDINA D GULF STREAM 5G,16,SH,5G,
3650-515,55,519,EA,NANDINA D GULF STREAM 15G,55,SH,15G,
3660-501,5,522,EA,NANDINA  HARBOUR DWARF 1G,5,SH,1G,
3660-505,13,520,EA,NANDINA D HARBOUR DWARF 5G,13,SH,5G,
3660-515,45,519,EA,NANDINA HARBOUR DWARF 15G,45,SH,15G,
3670-501,4.5,522,EA,NANDINA D NANA PURPUREA 1G,3,SH,1G,
3670-505,11,520,EA,NANDINA D NANA PURP. 5G,9.5,SH,5G,
3670-515,42,519,EA,NANDINA D NANA PURPUREA 15G,29,SH,,
3670-615,55,519,EA,NANDINA  'PLUM PASSION' 15G,55,SH,15G,
3670-715,75,519,EA,NANDINA LEMON LIME 15G,75,SH,15G,
3670-815,65,519,EA,NANDINA SIENNA SUNRISE 15G,65,SH,15G,
3671-501,6,522,EA,NANDINA D. MOON BAY 1G,6,SH,1G,
3671-505,22,520,EA,NANDINA D MOON BAY 5G,22,SH,5G,
3671-506,17,520,EA,NANDINA D. 'GOLDEN GODESS' 5G,17,SH,5G,
3671-515,65,519,EA,NANDINA D MOON BAY 15G,65,SH,15G,
3671-601,7,522,EA,NANDINA D. MONFAR 1G,7,SH,1G,
3671-605,24,520,EA,NANDINA D. MONFAR 5G,24,SH,5G,
3671-701,4.4,522,EA,NANDINA 'NANA' 1G,3.8,SH,1G,
3671-705,12,520,EA,NANDINA 'LEMON LIME' 5G,12,SH,5G,
3701-101,5.5,522,EA,OPUNTIA LITTORALES 1G,5.5,SH,1G,
3701-102,5,522,EA,OPUNTIA LITT PADS,3.25,SH,,
3701-201,5.5,522,EA,OPUNTIA PROLIFERA 1G,5.5,SH,1G,
3701-301,8,522,EA,OPUNTIA VIO. 'SANTA RITA' 1G,8,SH,1G,
3790-515,32,519,EA,NERIUM OLEANDER PET PINK 15G,32,SH,15G,
3790-615,45,519,EA,NERIUM OLE. 'PETITE PINK' 15G,45,SH,15G,
37926,225,999,,RAIN SHUT OFF W/ENCL,225,L,,
3810-130,260,506,EA,"NERIUM OLEANDER PINK 30""  STD",260,TR,"30""",
3812-130,200,506,EA,"NERIUM OLEANDER RED 30"" STD",200,,"30""",
3814-130,225,506,EA,"NERIUM OLEANDER WHITE 30""  STD",225,,"30""",
3814-136,360,505,EA,"NERIUM OLE. WHITE 36"" STD",360,,"36""",
3814-236,350,505,EA,"NIRIUM O. SISTER AGNES 36"" STD WHITE",350,,"36""",
3814-336,360,505,EA,"NERIUM OLEANDER ALGIERS 36""",360,,"36""",
3815-501,3.5,522,EA,NERIUM OLE CASABLANCA 1G,3.5,,1G,
3815-505,9,520,EA,NERIUM OLE CASABLANCA 5G,9,,5G,
3815-515,30,519,EA,NERIUM OLE CASABLANCA 15G,30,,15G,
3816-536,360,505,EA,"NERIUM OLE""HARDY RED"" 36""",360,,"36""",
38-2001,140,380.5,EA,JDGT RMLA (LIGHTNING ARRESTOR),140,,,
3820-501,3.5,522,EA,NERIUM OLE LITTLE RED 1G,3.5,,1G,
3820-505,9,520,EA,NERIUM OLE LITTLE RED 5G,9,,5G,
3825-501,3.5,522,EA,NERIUM OLE MRS ROEDING 1G,3.5,,1G,
3825-505,9,520,EA,NERIUM OLE MRS ROEDING 5G,9,,5G,
3825-515,34,519,EA,NERIUM OLE MRS ROEDING 15G,34,,15G,
3826-505,9,520,EA,NERIUM OLE. ALGIERS RED 5G,9,,5G,
3827-501,3.5,522,EA,NERIUM OLEANDER ALGIERS 1G,3.5,,1G,
3827-505,8.5,520,EA,NERIUM OLE. ALGIERS PINK 5G,8.5,,5G,
3827-601,3.5,522,EA,NERIUM OLEANDER TANGIERS 1G,3.5,,1G,
3827-605,8.5,520,EA,NERIUM OLEANDER TANGIERS 5G,8.5,,5G,
3827-615,32,519,EA,NERIUM OLE TANGIERS 15G,32,,15G,
3828-505,9,520,EA,NERIUM OLE HAWAII 5G,9,,5G,
3830-501,3.5,522,EA,NERIUM OLE PETITE PINK 1G,3.5,,1G,
3830-505,10.5,520,EA,NERIUM OLE PETITE PINK 5G,10.5,,5G,
3835-501,3.5,522,EA,NERIUM OLE PETITE SALMON 1G,3.5,,1G,
3835-505,8.5,520,EA,NERIUM OLE PETITE SALMON 5G,8.5,,5G,
3835-515,32,519,EA,NERIUM OLE PETITE SALMON 15G,32,,15G,
3840-501,3.5,522,EA,NERIUM OLE PINK 1G,3.5,,1G,
3840-505,8,520,EA,NERIUM OLE PINK 5G,8,,5G,
3840-515,32,519,EA,NERIUM OLE PINK 15G,32,,15G,
3845-501,5,516,EA,NERIUM OLE PINK 1G STD,5,,1G,
3845-505,10,513,EA,NERIUM OLE PINK 5G STD,10,,5G,
3845-515,32,510,EA,NERIUM OLE PINK 15G STD,32,,15G,
3845-524,115,507,EA,"NERIUM OLE PINK 24"" STD",115,,"24""",
3845-536,360,505,EA,"NERIUM OLEANDER PINK 36"" STD",360,,"36""",
3846-105,20,520,EA,YUCCA WHIPPLEI 5G,20,,5G,
3846-205,45,520,EA,YUCCA BRIGHT STAR 5G,45,,5G,
3846-215,90,519,EA,YUCCA GLO. 'BRIGHT STAR' 15G,90,,15G,
3846-305,20,520,EA,YUCCA IVORY TOWER 5G,20,,5G,
3846-315,90,519,EA,YUCCA PALLIDA 15G,90,,15G,
3846-405,35,520,EA,YUCCA F. COLOR GUARD 5G,35,GCC,5G,
3846-415,95,519,EA,YUCCA RUPICOLA 15G,95,,15G,
3846-505,15,520,EA,YUCCA PENDULA GLAUCA 5G,15,,5G,
3846-515,90,519,EA,YUCCA RIGIDA 15G,90,,15G,
3846-601,7.5,522,EA,YUCCA F. GOLDEN SWORD 1G,7.5,,1G,
3846-605,25,520,EA,YUCCA F. GOLDEN SWORD 5G,25,,5G,
3846-615,95,519,EA,YUCCA F. GOLDEN SWORD 15G,95,,15G,
3846-705,20,520,EA,YUCCA ROSTRATA 5G,20,,5G,
3846-715,90,519,EA,YUCCA G VARIEGATED 15G,90,,15G,
3846-805,20,520,EA,YUCCA RECURVIFOLIA 5G,20,,5G,
3846-815,125,519,EA,YUCCA BREVIFOLIA 15G,125,,15G,
3846-824,300,507,EA,"YUCCA ELEPHANTIPES 24"" BOX",300,,"24""",
3846-905,25,520,EA,YUCCA REC. 'GOLD RIBBONS' 5G,25,,5G,
3846-924,690,507,EA,"YUCCA ROSTRATA 24""",690,,"24""",
3846-936,5000,505.2,EA,"YUCCA ROSTRATA 36""",5000,,"36""",
3847-001,4,522,EA,MISCANTHUS S. YAKU-JIMA 1G,4,,1G,
3847-005,10,520,EA,MISCANTHUS EVGRN MAIDEN 5G,10,,5G,
3847-015,4,520,EA,MISCANTHUS ADAGIO 1G,4,,1G,
3847-101,3.5,522,EA,MISCANTHUS S. 'STRICTUS' 1G,3.5,,1G,
3847-105,12,520,EA,MISCANTHUS MORNING LIGHT 5G,12,,5G,
3847-111,3.5,522,EA,MISCANTHUS VARIGAETUS 1G,3.5,,1G,
3847-201,5,522,EA,MISCANTHUS MORN MIST 1G,5,,1G,
3847-205,9.36,520,EA,MISCANTHUS SIN. VARIEG. 5G,12,,5G,
3847-301,4.25,522,EA,MISCANTHUS TRANSMORRISONENSIS 1G,4.25,,1G,
3847-305,13,520,EA,MISCANTHUS S. ADAGIO 5G,13,,5G,
3847-315,55,519,EA,MISCANTHUS TRANSMORRISONENSIS 15G,55,,15G,
3847-401,4,522,EA,MISCANTHUS SENTINEL 1G,4,,1G,
3847-405,12,520,EA,MISCANTHUS SIN. YAKUSHIMA 5G,12,,5G,
3847-411,4.5,522,EA,MISCANTHUS 'YAKU JIMA' 1G,4.5,,1G,
3847-415,46,519,EA,MISCANTHUS 'GRACILLIMUS' 15G,46,,15G,
3847-505,10.5,520,EA,MISCANTHUS TRANS 5G,10.5,,5G,
3847-515,50,519,EA,MISCANTHUS PURPURESCENS 15G,50,,15G,
3847-605,9.5,520,EA,MISCANTHUS GIGANTEUS 5G,9.5,,5G,
3847-615,45,519,EA,MISCANTHUS SIN. VARIEGATUS 15G,45,,15G,
3847-701,4.2,522,EA,MISCANTHUS SIN. 'MORNING LIGHT' 1G,4.2,,1G,
3847-705,12,520,EA,MISCANTHUS KIRK ALEX 5G,12,,5G,
3847-715,46,519,EA,MISCANTHUS MORN LIGHT 15G,46,,15G,
3847-805,17,520,EA,MISCANTHUS GRACILLIMUS 5G,17,,5G,
3847-815,55,519,EA,MISCANTHUS LITTLE ZEBRA 15G,55,,15G,
3848-005,10,520,EA,MISCANTHUS VARIEGATUS 5G,10,,5G,
3850-501,3.5,522,EA,NERIUM OLE RED 1G,3.5,,1G,
3850-505,8.5,520,EA,NERIUM OLE RED 5G,8.5,,5G,
3850-515,42,519,EA,NERIUM OLE RED 15G,42,,15G,
38-5505,12.5,520,EA,WOODWARDIA FIMBRIATA 5G,12.5,,5G,
38-5515,45,999,EA,WOODWARDIA FIMBRIATA 15G,45,,15G,
3855-501,5,516,EA,NERIUM OLE RED 1G STD,5,,1G,
3855-505,10,513,EA,NERIUM OLE RED 5G STD,10,,5G,
3855-515,34,510,EA,NERIUM OLE RED 15G STD,34,TR,15G,
3855-524,115,507,EA,"NERIUM OLE RED 24"" STD",115,TR,"24""",
3860-501,3.5,522,EA,NERIUM OLE SISTER AGNES 1G,3.5,SH,1G,
3860-505,8.5,520,EA,NERIUM OLE SISTER AGNES 5G,8.5,SH,5G,
3860-515,32,519,EA,NERIUM OLE SISTER AGNES 15G,32,SH,15G,
3860-615,32,510,EA,NERIUM O. SISTER AGNES 15G STD,32,TR,15G,
3865-501,5,516,EA,NERIUM OLE WHITE 1G STD,5,TR,1G,
3865-505,12,513,EA,NERIUM OLE WHITE 5G STD,12,TR,5G,
3865-515,55,510,EA,NERIUM OLE WHITE 15G STD,55,TR,15G,
3865-524,115,507,EA,"NERIUM OLE WHITE 24"" STD",115,TR,"24""",
3865-548,1100,503,EA,"NERIUM OLEANDER WHT 48"" STD",1100,TR,"48""",
3865-715,43,519,EA,NERIUM OLE. WHITE 15G,43,SH,15G,
3880-501,4,522,EA,NIEREMBERGIA HIPPO VIO 1G,4,GCC,1G,
3890-115,125,519,EA,NOLINA RECURVATA 15G,125,TR,15G,
3890-215,100,519,EA,NOLINA CISMONTANA 15G,100,SH,15G,
3891-105,25,520,EA,NOTOCACTUS LENINGHAUSII 5G,25,GCC,5G,
3891-115,200,519,EA,NOLINA MICROCARPA 15G,200,SH,15G,
3891-124,450,507.2,EA,"NOLINA PARRYI 24""",450,SH,"24""",
3891-215,200,519,EA,NOLINA NELSONI 15G,200,SH,15G,
3891-224,500,507.7,EA,"NOLINA NELSONII 24""",500,SH,"24""",
39-1111,1710,490,EA,WCS ETIC-12-MVR-CCR,1710,L,,
3920-015,60,510,EA,OLEA EUR. FRUITLESS 15G,60,TR,15G,
3920-024,175,507,EA,"OLEA EUROPEA 24"" STD",175,TR,"24""",
3920-036,475,505.1,EA,"OLEA E. WILSONII 36"" MLT",475,TR,"36""",
3920-048,1200,503,EA,"OLEA EUROPA 48"" STD",1200,TR,"48""",
3920-060,4400,501,EA,OLEA E. 'SWAN HILL' 60,4400,TR,,
3920-100,1200,501,EA,OLEA EUROPA MLT B&B 15' x 15',1200,TR,B&B,
3920-101,1200,503,EA,OLEA EUR. - MLT B&B 12'-14',1200,TR,B&B,
3920-102,1250,503,EA,OLEA EUROPA MLT B&B 12' X 12',1250,TR,B&B,
3920-103,1500,501,EA,OLEA EUROPA MLT B&B 16' X 16',1500,TR,B&B,
3920-115,55,510,EA,OLEA EUROPA 15G MLT,55,TR,15G,
3920-120,2100,501,EA,OLEA EUR. 20' X 20' F.G. L/B,2100,TR,,
3920-124,315,507,EA,"OLEA E. ""SWAN HILL"" 24"" MLT",315,TR,"24""",
3920-136,600,505,EA,"OLEA EUROPA 36"" MLT",600,TR,"36""",
3920-142,680,504,EA,"OLEA EUROPAEA 42"" MLT",680,TR,"42""",
3920-143,700,504,EA,"OLEA EUR WILSONII 42"" MLT",700,TR,"42""",
3920-148,2830,503,EA,"OLEA SWAN HILL 48"" STD",2830,TR,"48""",
3920-149,2200,503,EA,"OLEA EUR. FRUITLESS 48""  MLT",2200,TR,"48""",
3920-151,2300,503,EA,"OLEA EUR. FRUITLESS 48"" F.G.",2300,TR,"48""",
3920-154,1300,502,EA,"OLEA EUROPAEA 54"" MLT",1300,TR,"54""",
3920-160,4400,501,EA,OLEA E. SWAN HILL 60,4400,TR,,
3920-172,7500,500,EA,"OLEA EUROPA 72"" MLT",4500,TR,"72""",
3920-184,10800,498,EA,"OLEA EUROPEA 84"" MLT",10800,TR,"84""",
3920-205,12,513,EA,SAPIUM SEBIFERUM 5G STD,12,TR,5G,
3920-215,60,510,EA,OLEA EUROPA SWAN HILL 15G,60,TR,15G,
3920-216,150,507,EA,"OLEA EUR 24"" L.B./ MLT",150,TR,"24""",
3920-224,165,507,EA,"OLEA E. MAJESTIC BTY 24"" MLT",165,TR,"24""",
3920-236,900,505,EA,"OLEA SWAN HILL 36"" MLT",900,TR,"36""",
3920-248,1000,503,EA,"OLEA EURO  48"" L/B MLT",1000,TR,"48""",
3920-254,1500,502,EA,"OLEA EURO. FRUITLESS 54"" MLT",1500,TR,"54""",
3920-260,2150,501,EA,"OLEA EUROPAEA 60"" MLT",2150,TR,"60""",
3920-261,1600,501,EA,OLEA EURO. FIELD GROWN (18 x 18),1600,TR,,
3920-262,1250,501,EA,"OLEA EURO FIELD GROWN (60"" box size )",1250,TR,"60""",
3920-263,1000,503,EA,"OLEA EURO FIELD GROWN (48"" box size)",1000,TR,"48""",
3920-264,2500,501,EA,"OLEA 'WILSONII' 18' X 18' F.G. MLT (60"")",2500,TR,"60""",
3920-265,6250,501,EA,"OLEA EUR. 'ANCIENT' - FIELD GROWN (60"" SIZE)",6250,TR,"60""",
3920-272,7500,500,EA,"OLEA WILSON 72"" MLT",5500,TR,"72""",
3920-315,40,510,EA,OLEA EUR FRUITLESS 15G L/B,40,TR,15G,
3920-324,190,507,EA,"OLEA ""LITTLE OLLIE"" 24""",190,SH,"24""",
3920-336,900,505.8,EA,"OLEA SWAN HILL 36"" MLT",900,TR,"36""",
3920-348,1800,503,EA,"OLEA E. FRUITLESS 48""  MLT",1800,TR,"48""",
3920-360,1600,501,EA,"OLEA EUROPA 60"" STD",1600,TR,"60""",
3920-372,8750,500,EA,OLEA SWAN HILL 72,6500,TR,,
3920-415,190,507,EA,OLEA WILSONII 24,190,TR,,
3920-424,200,507,EA,OLEA WILSON-PONTO 24,200,TR,,
3920-436,600,505,EA,"OLEA EUROPA 36"" STD",600,TR,"36""",
3920-448,1300,503.1,EA,"OLEA E. 'WILSONII' 48"" STD",1300,TR,"48""",
3920-460,2500,501,EA,"OLEA MISSION 60"" MLT",2500,TR,"60""",
3920-515,60,510,EA,"OLEA E. ""WILSONII"" 15G STD",60,TR,15G,
3920-524,180,507,EA,"OLEA WILSON 24"" STD",180,TR,"24""",
3920-536,450,505,EA,"OLEA EURO. FRUITLESS 36"" MLT",450,TR,"36""",
3920-548,2200,503.2,EA,OLEA SWAN HILL 48,2200,TR,,
3920-560,2650,501,EA,"OLEA EUR. 'MANZANILLO' 60"" LB",2650,TR,"60""",
3920-605,15,520,EA,OLEA 'MONTRA' (LITTLE OLLIE) 5G,15,SH,5G,
3920-615,55,519,EA,OLEA EURO. 'LITTLE OLLIE' 15G SHRUB,55,SH,15G,
3920-624,190,507,EA,"OLEA 'LITTLE OLLIE' 24"" MLT",190,SH,"24""",
3920-636,600,505,EA,"OLEA WILSON-PONTO 36"" MLT",600,TR,"36""",
3920-648,1092,503,EA,"OLEA WILSONII 48"" MLT",1375,TR,"48""",
3920-660,3000,501,EA,OLEA WILSON 60,3000,TR,,
3920-701,7.5,522,EA,OLEA LITTLE OLLIE 1G,7.5,SH,1G,
3920-705,15,520,EA,"OLEA ""LITTLE OLLIE"" 5G",15,SH,5G,
3920-715,50,510,EA,"OLEA  ""MAJESTIC BEAUTY"" 15G MLT",50,TR,15G,
3920-724,350,507,EA,"OLEA E. 'SWAN HILL' 24"" STD",350,TR,"24""",
3920-736,550,505,EA,"OLEA EUR. 'MAJESTIC BEAUTY' 36"" MLT",550,TR,"36""",
3920-748,1300,503,EA,"OLEA WILSON-PONTO 48"" MLT",1300,TR,"48""",
3920-760,3000,501,EA,OLEA EUR. 'WILSONII' 60,3000,TR,,
3920-815,55,519,EA,OLEA 'MONTRA' (LITTLE OLLIE) 15G,55,SH,15G,
3920-836,490,505,EA,OLEA 'WILSONII' - FRUITLESS - 36,490,TR,,
3920-860,3000,501,EA,OLEA WILSON 60,3000,TR,,
3920-915,65,510,EA,OLEA EUR. 'MAJESTIC BEAUTY' 15G STD.,65,TR,15G,
3920-936,490,505.3,EA,OLEA E. WILSONII 36,490,TR,,
3920-960,4400,501,EA,OLEA  'SWAN HILL' 60,4400,TR,,
3921-115,70,510,EA,OLEA 'MONTRA' (LITTLE OLLIE) 15G PATIO TREE,70,TR,15G,
3921-215,65,510,EA,OLEA EUROPEA 15G L/B,65,TR,15G,
3921-236,625,505,EA,"OLEA ""BONITA"" FRUITLESS 36"" MLT",625,TR,"36""",
3921-237,600,505,EA,"OLEA EUROPA 'FRUITLESS' 36"" MLT",600,TR,"36""",
3921-238,450,505,EA,"LAG. IND.'MUSKOGEE' 36"" MLT",450,TR,"36""",
3921-239,600,506,EA,"ACER PALMATUM 36""  STD.",600,TR,"36""",
3921-240,490,506,EA,BETULA PENDULA 36,490,TR,,
3921-241,185,507,EA,LAGER. 'MUSKOGEE' 24,185,TR,,
3921-242,485,506,EA,LAG. INDICA 'MUSKOGEE' 36,485,TR,,
3921-315,50,510,EA,OLEA EUROPA 15G STD,50,TR,15G,
3921-336,490,505.1,EA,"OLEA EUROPA 'WILSONII' 36"" MLT",490,TR,"36""",
3921-436,1000,505,EA,"OLEA SWAN HILL 36"" STD",1000,TR,"36""",
3921-548,1200,503,EA,BETULA PENDULA 48,1200,TR,,
3921-549,1200,503,EA,BETULA PENDULA 48,1200,TR,,
3921-560,2800,501.2,EA,BETULA ALBA 60,2800,TR,,
3921-824,190,507,EA,BETULA PENDULA 24,190,TR,,
3921-936,490,505,EA,BETULA PENDULA 36,490,TR,,
3922-424,185,507,EA,LAG. F. TUSCARORA 24,185,TR,,
3922-524,225,507,EA,"LAGERSTROEMIA 'PILLAG-V' 24"" STD",225,TR,"24""",
3922-624,200,507,EA,"LAGERSTROEMIA 'WHITT II' 24"" STD.",200,TR,"24""",
3922-724,225,507,EA,"LAGER PILLAG-V  24"" MLT",225,TR,"24""",
3925-001,4.4,522,EA,OPHIOPOGON JAP NANA 1G,4.4,GCC,1G,
3925-101,7,522,EA,OPHIOPOGON P. NIGRESCENS 1G,7,GCC,1G,
3925-104,35,530,EA,"OPHIOPOGON P. NIGRESCENS 4"" FLT",35,GCC,"4""",
3925-501,4.3,522,EA,OPHIOPOGON JAPONICUS 1G,4.3,GCC,1G,
3925-505,12,520,EA,OPHIOPOGON JAPONICUS 5G,12,GCC,5G,
3925-601,5.5,522,EA,OPHIPOGON J. SILVER MIST 1G,5.5,GCC,1G,
3925-605,12,520,EA,OPHIOPOGON ARABICANS 5G,12,GCC,5G,
3925-701,7.5,522,EA,OPHIOPOGON PLAN. EBKNIZAM 1G,7.5,GCC,1G,
3925-705,3,522,EA,CABBAGE OMAMENTAL 1G,3,GCC,1G,
3925-805,9,520,EA,OPHIOPOGON J. VARIEGATA 5G,9,GCC,5G,
3925-905,10,520,EA,OPHIOPOGON JAP. NANA 5G,10,GCC,5G,
3926-501,4,522,EA,OPHIOPOGON JAP. VARIEGATA 1G,4,GCC,1G,
3949-101,7,522,EA,OSCULARIA DELTOIDES 1G,7,GCC,1G,
3950-101,4.4,522,EA,WESTRINGEA NFL25 1G,,SH,1G,
3950-115,55,519,EA,WESTRINGIA FRU. 'SORRENTO COAST' 15G,55,SH,15G,
3950-124,250,507,EA,"OSMANTHUS FRAGRANS 24"" STD.",250,SH,"24""",
3950-201,4.3,522,EA,WEST. F. 'MORNING LIGHT' 1G,4.3,SH,1G,
3950-205,50,519,EA,WESTRINGIA FRUITCOSA 15G,48,SH,15G,
3950-211,4.25,522,EA,WESTRINGIA FRUITICOSA 1G,4.25,SH,1G,
3950-215,52,519,EA,WEST. F. MORNING LIGHT 15G,52,SH,15G,
3950-301,5.5,522,EA,WESTRINGIA MUNDI 1G,5.5,SH,1G,
3950-305,52,519,EA,WESTRINGIA FR. SMOKEY 15G,52,SH,15G,
3950-315,52,519,EA,WESTRINGIA ROSMARINFORMIS 15G,52,SH,15G,
3950-401,4.8,522,EA,WESTRINGIA 'LOW HORIZON' 1G,4.8,SH,1G,
3950-415,52,519,EA,WESTRINGIA MORNING LIGHT 15G,52,SH,15G,
3950-501,4.5,522,EA,OSMANTHUS FRAGRANS 1G,3.5,SH,1G,
3950-505,14,520,EA,OSMANTHUS FRAGRANS 5G,14,SH,5G,
3950-515,42,519,EA,OSMANTHUS FRAGRANS 15G,42,SH,15G,
3950-601,4.8,522,EA,WESTRINGIA 'GREY BOX' 1G,4.8,SH,1G,
3950-615,52,519,EA,WESTRINGIA 'GREY BOX' 15G,52,SH,15G,
3950-701,4.5,522,EA,WESTRINGIA SMOKEY 1G,4.5,SH,1G,
3950-715,52,519,EA,WESTRINGIA BLUE GEM 15G,52,SH,15G,
3950-801,4.5,522,EA,WESTRINGIA BLUE GEM 1G,4.5,SH,1G,
3950-815,52,519,EA,WESTRINGEA MUNDI 15G,52,SH,15G,
3950-900,1200,547,CY,OYSTER SHELL RAIN COUNTRY BLEND,1200,GRAV,,
3950-901,400,547,TN,OYSTER SHELL-DG BLEND (KRC),400,AGG,,
3950-902,400,547,TN,OYSTER SHELL/DG BLEND (SWB),400,AGG,,
3950-903,400,547,TN,OYSTER SHELL/DG MIX SILVER (earthstone),400,AGG,,
3950-904,40,640,EA,"3/4"" GRAY ANGULAR CRUSHED GRAVEL",40,GRAV,"4""",
3950-905,560,547,TN,BOCCE BLEND,560,AGG,,
3950-915,52,519,EA,WESTRINGEA LOW HORIZON 15G,52,SH,15G,
3951-501,3.8,522,EA,WESTRINGIA ROSMARIN. 1G,3.8,SH,1G,
3951-505,13,520,EA,WESTRINGIA ROSMARINIFORMIS 5G,11,SH,5G,
3951-515,35,525,EA,OSMANTHUS HET VARIEGATA 15G,35,SH,15G,
3951-604,3,524.1,EA,"OTHONNA CAPENSIS 4"" POT",3,GCC,"4""",
3951-605,13.5,520,EA,WESTRINGIA F. SMOKEY 5G,13.5,SH,5G,
3951-615,90,519,EA,OTATEA ACUMINATA AZTECORUM 15G,90,SH,15G,
3952-215,52,519,EA,WESTRINGIA WYNNABIE GEM 15G,52,SH,15G,
3953-164,14,531,EA,WEDELIA TRILOBATA FLATS,14,GCC,,
3960-115,38,510,EA,SAPIUM SEBIFERUM 15 GAL TREE,38,TR,15G,
3960-500,2,524,EA,OSTEOSPERMUM FRUITCOSUM - LINER,2,GCC,,
3960-501,3.5,522,EA,OSTEOSPERMUM FRUITCOSUM 1G,3.5,GCC,1G,
3960-505,9.5,520,EA,OSTEOSPERMUM FRUTICOSUM 5G,9.5,GCC,5G,
3960-601,3.8,522,EA,OSTEOSPERMUM WHIRLYGIG 1G,3.8,GCC,1G,
3960-701,6,522,,OSTEO. FLOWER PWR 1G,6,GCC,1G,
3960-801,6,522,,OSTEO MARGARITA ORG 1G,6,GCC,1G,
3960-901,,,,OSTEOSPERMUM SERENITY 1G,,,,
3970-100,0,999,EA,OVERTIME,0,,,
40-0001,20,600,EA,NDS 201 SPEE-D-BASIN,20,L,,
40-0002,144,635.1,EA,"NDS 1882 SER. C.B 18""X18""",144,L,"18""",
40-0003,500,637,EA,NDS 2413 SQ. CAST IRON GRATE,500,L,,
40-0004,390,636,EA,NDS 2400 CATCH BASIN,390,L,,
40-0005,4.95,632,EA,"NDS 1888 8"" BASIN ADAPTOR",4.95,L,"8""",
40-0006,18,605,EA,"NDS 2410 - 6"" BASIN ADAPTOR",18,L,"6""",
40-0007,10,None,EA,"NDS 1266 - 6"" ADAPTER OUTLET",10,L,"6""",
40-0008,21,617,EA,NDS 640 6 X 4 ADAPTER W/ BLK. GRATE,21,L,,
40-0009,525,637,EA,"NDS 2415 24"" GALV. GRATE",525,L,"24""",
40-0010,200,635,EA,DRAINLINE CONNECT TO STORMDRAIN,200,L,,
40-0011,380,637,EA,"NDS 2411 SQ. GRATE 24""",380,L,"24""",
4000-115,45,525,EA,POLYGONUM ALBERTII 15 GAL. STK,45,SH,15G,
40-0012,17,None,EA,"NDS 1889 8"" OFFSET ADAPATER",17,L,"8""",
40-0020,150,636,EA,REMOVE PLUG & JOIN EX. DRAIN,150,L,,
400-030,0,None,EA,4 X 3 NIPPLE - SCH 80 (PVC),0,L,,
400-030BL,0,None,EA,4 X 3 NIPPLE - SCH 80 (B-LN),0,L,,
400-030BS,0,None,EA,4 X 3 NIPPLE (BRASS),0,L,,
400-030UV,0,None,EA,4 X 3 NIPPLE - SCH 80 (UVR),0,L,,
400-040,0,None,EA,4 X 4 NIPPLE - SCH 80 (PVC),0,L,,
4000-405,18,526,EA,PANDOREA JAS. 'LADY DI' 5G STK,18,SH,5G,
400-040BL,0,None,EA,4 X 4 NIPPLE - SCH 80 (B-LN),0,L,,
400-040BS,0,None,EA,4 X 4 NIPPLE (BRASS),0,L,,
400-040UV,0,None,EA,4 X 4 NIPPLE - SCH 80 (UVR),0,L,,
4000-415,45,525,EA,PANDOREA JAS. 'LADY DI' 15G STK,45,SH,15G,
4000-501,5,527,EA,PANDOREA JASM. ALBA 1G STK,5,SH,1G,
4000-505,18,526,EA,PANDOREA J. ALBA 5G STK.,18,SH,5G,
4000-515,60,525,EA,PANDOREA JASM. ALBA 15G STK,60,SH,15G,
400-060,0,None,EA,4 X 6 NIPPLE - SCH 80 (PVC),0,L,,
4000-605,18,526,EA,PANDOREA PANDORANA 5G STK,18,SH,5G,
400-060BL,0,None,EA,4 X 6 NIPPLE - SCH 80 (B-LN),0,L,,
400-060BS,0,None,EA,4 X 6 NIPPLE (BRASS),0,L,,
400-060UV,0,None,EA,4 X 6 NIPPLE - SCH 80 (UVR),0,L,,
4000-615,125,528,EA,PANDOREA J. ROSEA 15G ESP,125,SH,15G,
4000-715,33,525,EA,PANDOREA J. VARIEGATA 15G STK,33,SH,15G,
400-080,0,None,EA,4 X 8 NIPPLE - SCH 80 (PVC),0,L,,
400-080BL,0,None,EA,4 X 8 NIPPLE - SCH 80 (B-LN),0,L,,
400-080BS,0,None,EA,4 X 8 NIPPLE (BRASS),0,L,,
400-080UV,0,None,EA,4 X 8 NIPPLE - SCH 80 (UVR),0,M,,
400-100,0,None,EA,4 X 10 NIPPLE - SCH 80 (PVC),0,M,,
400-100BL,0,None,EA,4 X 10 NIPPLE - SCH 80 (B-LN),0,M,,
400-100BS,0,None,EA,4 X 10 NIPPLE (BRASS),0,M,,
400-100UV,0,None,EA,4 X 10 NIPPLE - SCH 80 (UVR),0,M,,
4001-124,300,527.5,EA,"PANDOREA JASM 24"" STK",300,SH,"24""",
400-115,80,528,EA,CESTRUM NOCTURNUM 15G  ESP,80,SH,15G,
400-120,0,None,EA, 4 X 12 NIPPLE - SCH 80 (PVC),0,M,,
400-120BL,0,None,EA,4 X 12 NIPPLE - SCH 80 (B-LN),0,M,,
400-120BS,0,None,EA,4 X 12 NIPPLE (BRASS),0,M,,
400-120UV,0,None,EA,4 X 12 NIPPLE - SCH 80 (UVR),0,M,,
400-140BL,0,None,EA,4 X 14 NIPPLE - SCH 80 (B-LN),0,M,,
400-140BS,0,None,EA,4 X 14 NIPPLE (BRASS),0,M,,
400-140UV,0,None,EA,4 X 14 NIPPLE - SCH 80 (UVR),0,M,,
4001-515,60,525,EA,PANDOREA JASM. ROSEA 15G STK,60,SH,15G,
400-160,0,None,EA,4 X 16 NIPPLE - SCH 80 (PVC),0,M,,
400-160BL,0,None,EA,4 X 16 NIPPLE - SCH 80 (B-LN),0,M,,
400-160BS,0,None,EA,4 X 16 NIPPLE (BRASS),0,M,,
400-160UV,0,None,EA,4 X 16 NIPPLE - SCH 80 (UVR),0,M,,
400-180,0,None,EA,4 X 18 NIPPLE - SCH 80 (PVC),0,M,,
400-180BL,0,None,EA,4 X 18 NIPPLE - SCH 80 (B-LN),0,M,,
400-180BS,0,None,EA,4 X 18 NIPPLE (BRASS),0,M,,
400-180UV,0,None,EA,4 X 18 NIPPLE - SCH 80 (UVR),0,M,,
400-240,0,None,EA,4 X 24 NIPPLE - SCH 80 (PVC),0,M,,
400-240BL,0,None,EA,4 X 24 NIPPLE - SCH 80 (B-LN),0,M,,
400-240BS,0,None,EA,4 X 24 NIPPLE (BRASS),0,M,,
400-240UV,0,None,EA,4 X 24 NIPPLE - SCH 80 (UVR),0,M,,
400-300,0,None,EA,4 X 30 NIPPLE - SCH 80 (PVC),0,M,,
400-300BL,0,None,EA,4 X 30 NIPPLE - SCH 80 (B-LN),0,M,,
400-300BS,0,None,EA,4 X 30 NIPPLE (BRASS),0,M,,
400-300UV,0,None,EA,4 X 30 NIPPLE - SCH 80 (UVR),0,M,,
400-360,0,None,EA,4 X 36 NIPPLE - SCH 80 (PVC),0,M,,
400-360BL,0,None,EA,4 X 36 NIPPLE - SCH 80 (B-LN),0,M,,
400-360BS,0,None,EA,4 X 36 NIPPLE (BRASS),0,M,,
400-360UV,0,None,EA,4 X 36 NIPPLE - SCH 80 (UVR),0,M,,
400-CL,0,None,EA,4 X CLOSE NIPPLE - SCH 80 (PVC),0,M,,
400-CLBL,0,None,EA,4 X CLOSE NIPPLE - SCH 80 (B-LN),0,M,,
400-CLBS,0,None,EA,4 X CLOSE NIPPLE (BRASS),0,M,,
400-CLUV,0,None,EA,4 X CLOSE NIPPLE - SCH 80 (UVR),0,M,,
40-1000,6.61,None,EA,"3"" TEE PVC SDR 35",6.61,M,"3""",
401-005,0.51,None,EA,1/2 TEE SSS,0.51,L,,
401-005BL,0,None,EA,1/2 TEE SSS (B-LN),0,L,,
401-005UV,2.53,None,EA,1/2 TEE SSS (UVR),2.53,L,,
401-007,0.6,None,EA,3/4 TEE SSS,0.6,L,,
401-007BL,0,None,EA,3/4 TEE SSS (B-LN),0,L,,
401-007UV,2.97,None,EA,3/4 TEE SSS (UVR),2.97,L,,
401-010,1.11,None,EA,1'' TEE  SCH40 PVC,1.11,L,,
401-010BL,0,None,EA,1 TEE SSS (B-LN),0,L,,
401-010UV,5.93,None,EA,1 TEE SSS (UVR),5.93,L,,
401-012,1.73,None,EA,1 1/4 TEE SSS,1.73,L,,
401-012BL,0,None,EA,1 1/4 TEE SSS (B-LN),0,L,,
401-012UV,8.18,None,EA,1 1/4 TEE SSS (UVR),8.18,L,,
401-015,2.11,None,EA,1 1/2 TEE SSS,2.11,L,,
401-015BL,0,None,EA,1 1/2 TEE SSS (B-LN),0,L,,
401-015UV,11.71,None,EA,1 1/2 TEE SSS (UVR),11.71,L,,
40-1020,8.5,None,EA,"PVC SDR 35 4"" TEE",8.5,M,"4""",
401-020,3.07,None,EA,2 TEE SSS,3.07,M,,
401-020BL,0,None,EA,2 TEE SSS (B-LN),0,M,,
401-020UV,0,None,EA,DPI,0,M,,
401-025,10.11,None,EA,2 1/2 TEE SSS,10.11,M,,
401-025BL,0,None,EA,2 1/2 TEE SSS (B-LN),0,M,,
401-025UV,39.49,None,EA,2 1/2 TEE SSS (UVR),39.49,M,,
401-030,13.29,None,EA,3 TEE SSS,13.29,M,,
401-030BL,0,None,EA,3 TEE SSS (B-LN),0,M,,
401-030UV,50.8,None,EA,3 TEE SSS (UVR),50.8,M,,
40-1036,330,None,EA,CARSON H-1118-12-PP POL-CONC (box & lid),330,CV,,
40-1037,160,None,EA,CARSON H-1118-P1 POL-CONC LID ONLY,160,CV,,
40-1038,315,None,EA,CARSON H-910-10 RD POL-CONC (box & lid),315,CV,,
40-1039,97,None,EA,CARSON H-910-P1 POL-CONC LID,97,CV,,
40-1040,6,None,EA,"3"" 90 PVC SDR 35",6,M,"3""",
401-040,24.04,None,EA,4 TEE SSS,24.04,M,,
401-040BL,0,None,EA,"4""  TEE SSS (B-LN)",0,M,"4""",
401-040UV,0,None,EA,4 TEE SSS (UVR),0,M,,
40-1045,10,None,EA,"MISSION RUBBER 4"" CAP (0704-015)",10,M,"4""",
40-1046,65,637.7,EA,"SLOPE GUARD (Century), for 15g tree",65,TR,15G,
40-1047,965,635.2,EA,"MITERED DRAIN GRATE 12MD3P-G   12""",965,,"12""",
40-1048,6300,636,EA,CARSON 3660-24,6300,CV,,
40-1050,250,636,EA,CARSON BROOKS 1730-18,250,CV,,
401-050,28,None,EA,"PVC SDR 35 6"" 90",28,M,"6""",
40-1051,2,None,EA,"AMETEK 6"" LOCKING VALVE BOX",2,CV,"6""",
40-1052,170,999,EA,CARSON 1220-12-4B (GREEN) JUMBO,170,,,
40-1053,2035,400,EA,"CARSON 2424-24"" GREEN, WITH LID",2035,,"24""",
40-1054,28.5,None,EA,"CARSON 910-10-4B BLK 10"" w/BOLT/RW",65,,"10""",
40-1055,51,None,EA,CARSON 1419 BLACK w/BOLT IRWD RW,98,,,
40-1056,2400,400,EA,CARSON 2424-36 GREEN,2400,,,
40-1057,200,None,EA,CARSON 1220-12-4BP-VIOLET w/BOLT (JUMBO),200,,,
40-1058,67.5,999,EA,CARSON 1220-12-4B (BLACK) JUMBO,170,,,
40-1059,245,999,EA,CARSON 1324-1085 JUMBO VIOLET w/bolt,245,,,
40-1060,6.75,None,EA,"4"" 90 PVC SDR 35",6.75,,"4""",
401-060,23.4,999,EA,"6"" TEE PVC SDR 35",28,,"6""",
40-1070,90,637.7,EA,"SLOPE GUARD 24"" TREE",90,TR,"24""",
401-070,27.5,None,EA,"6"" 45 ELL PVC SDR 35",27.5,,"6""",
40-1071,125,637.7,EA,"SLOPE GUARD 36"" TREE",125,TR,"36""",
401-071,40,None,EA,"6"" CROSS TEE PVC SDR 35",40,,"6""",
40-1072,140,637.7,EA,"SLOPE GUARD 48"" TREE",140,TR,"48""",
40-1073,165,637.7,EA,"SLOPE GUARD 60"" TREE",165,TR,"60""",
40-1074,40,637.1,ea,SLOPE GUARD 5g,40,,5G,
40-1075,30,637.2,EA,"MITERED DRAIN GRATE 3"" GRN",30,,"3""",
40-1076,30,637.2,EA,"MITERED DRAIN GRATE 3"" BROWN",30,,"3""",
40-1077,48,637.2,EA,"MITERED DRAIN GRATE 4"" GRN",48,,"4""",
40-1078,90,637.2,EA,"MITERED DRAIN GRATE 4"" BLK",90,,"4""",
40-1079,75,637.2,EA,"MITERED DRAIN GRATE 3"" BLK",75,,"3""",
40-1080,6,None,EA,"3"" 45 PVC SDR 35",6,,"3""",
40-1100,4.75,None,EA,"4"" 45 PVC SDR 35",4.75,,"4""",
401-101,0.69,None,EA,3/4 X 3/4 X 1/2 TEE SSS,0.69,,,
40-1110,34,380.2,EA,APPLIED ENGRG. 1015T-2G,34,L,2G,
40-1120,6,None,EA,"3"" 22 PVC SDR 35",6,L,"3""",
401-130,1.17,None,EA,1 X 1 X 1/2 TEE SSS,1.17,L,,
401-131,1.2,None,EA,1 X 1 X 3/4 TEE SSS,1.2,L,,
40-1140,5.35,None,EA,"4"" 22 PVC SDR 35",5.35,L,"4""",
40-1160,6,None,EA,"3"" WYE PVC SDR 35",6,L,"3""",
401-166,1.9,None,EA,1 1/4 X 1 1/4 X 1/2 TEE SSS,1.9,L,,
401-167,1.65,None,EA,1 1/4 X 1 1/4 X 3/4 TEE SSS,1.65,L,,
401-168,0,999,EA,"SSS TEE PVC - 1 1/4"" X 1""",0,L,"4""",
40-1180,15.5,None,EA,"4"" WYE PVC SDR 35",15.5,L,"4""",
40-1200,2.34,None,EA,"3"" SAN TEE PVC SDR 35",2.34,L,"3""",
401-209,3.33,None,EA,1 1/2 X 1 1/2 X 1/2 TEE SSS,3.33,L,,
401-210,0,None,EA,1 1/2 X 1 1/2 X 3/4 TEE SSS,0,L,,
401-211,0,999,EA,"SSS TEE PVC - 1 1/2"" X 1""",0,L,"2""",
401-212,0,999,EA,"SSS TEE PVC - 1 1/2"" X 1 1/4""",0,,"2""",
40-1220,8.84,None,EA,"4"" SAN TEE PVC SDR 35",8.84,,"4""",
40-1240,7,None,EA,PVC 3 X 4 INCREASER PVC 35,4,,,
401-247,0,None,EA,2 X 2 X 1/2 TEE SSS,0,,,
401-248,0,None,EA,2 X 2 X 3/4 TEE SSS,0,,,
401-249,0,999,EA,TEE SSS - 2 X 1,0,,,
401-250,0,999,EA,TEE SSS - 2 X 1 1/4,0,,,
401-251,0,999,EA,TEE SSS - 2 X 1 1/2,0,,,
40-1260,17.5,None,"1,",PVC 4 X 6 INCREASER PVC 35,17.5,,,
40-1280,3.5,None,EA,"PVC SDR 35 COUPLING 3""",3.5,,"3""",
401-287,0,999,EA,"SSS TEE PVC - 2 1/2"" X 1/2""",0,,"2""",
401-288,0,999,EA,"SSS TEE PVC - 2 1/2"" X 3/4""",0,,"2""",
401-289,0,999,EA,TEE SSS - 2 1/2 X 1,0,,,
401-290,0,999,EA,TEE SSS - 2 1/2 X 1 1/4,0,,,
401-291,0,999,EA,TEE SSS - 2 1/2 X 1 1/2,0,,,
401-292,0,999,EA,TEE SSS - 2 1/2 X 2,0,,,
40-1300,4.5,None,EA,"PVC SDR 35 COUP 4""",4.5,,"4""",
40-1320,3770,500,EA,"MELALEUCA LEUC. 72"" MLT",3770,,"72""",
401-333,0,999,EA,"SSS TEE PVC, - 3"" X 1/2""",0,,"3""",
401-334,0,999,EA,TEE SSS - 3 X 3/4,0,,,
401-335,0,999,EA,TEE SSS - 3 X 1,0,,,
401-336,0,999,EA,TEE SSS - 3 X 1 1/4,0,,,
401-337,0,999,EA,TEE SSS - 3 X 1 1/2,0,,,
401-338,0,999,EA,TEE SSS - 3 X 2,0,,,
40-1340,3.6,None,EA,"PVC 4"" CAP SDR 35",3.6,,"4""",
40-1341,12,999,EA,"PVC 6"" CAP, SDR 35",12,,"6""",
40-1342,40,999,EA,"PVC 8"" CAP SDR 35",40,,"8""",
40-1350,4,None,EA,"PVC 3"" CAP SDR 35",4,,"3""",
40-1351,7,999,EA,"PVC SDR 35 4"" FEMALE ADAPTER",7,,"4""",
40-1360,16,630,EA,"NDS 909B 3"" BRASS GRATE",16,,"3""",
40-1361,125,999,EA,"ACO DRAIN KS50 MINIKLASSIK CHANNEL 39.37""",125,,"37""",
40-1362,107,999,EA,ACO DRAIN MINIKLASSIK S.S. SLOTTED GRATE,107,,,
40-1363,18,999,EA,ACO DRAIN KS50 S.S. CLOSENG END CAP,18,,,
40-1370,60,638,EA,"NDS D-200 FRAME W/ DS232 GRATE (24"")",60,,"24""",
40-1380,32,630,EA,"NDS 910B 4"" BRASS GRATE",32,,"4""",
40-1381,65,635.2,EA,"NDS 908PC 4""  RD CHROME GRATE W/COLLAR",65,,"4""",
40-1385,140,630.2,EA,"NDS 918B 6"" BRASS GRATE",140,,"6""",
40-1386,140,635.11,EA,"NDS 919 PB 6"" BRASS GRATE",140,,"6""",
40-1387,145,630,EA,"NDS 920B 6"" BRASS SQ. GRT (3""outlet)",145,,"6""",
40-1388,145,999,EA,"NDS 923 BRASS GRATE 6""",145,,"6""",
40-1389,141,630,EA,"NDS 921B 6"" STN BRS GRT (FIT SPEE D BASIN",141,,"6""",
40-1390,140,630,EA,"NDS 919PB 6"" POLISHED BRASS GRT",140,,"6""",
40-1391,105,630,EA,"NDS 914PB POLISHED BRASS 5"" SQ.",105,,"5""",
40-1392,20,999,EA,ACO GRATE #430,20,,,
40-1393,50,630,EA,"NDS 910PB 4"" ROUND SATIN BRASS",50,,"4""",
40-1394,145,630,EA,"NDS 922 6"" PB DECK DRAIN GRATE",145,,"6""",
40-1395,145,630,EA,"NDS 923 PB 6"" SQ. DECK DRAIN",145,,"6""",
40-1396,55,999,EA,"NDS 915 9"" GALV STL GRATE",55,,"9""",
40-1397,5.5,999,EA,"NDS 911 STYRENE 4"" GRATE WHT",5.5,,"4""",
40-1400,6.24,630.5,EA,DOWNSPOUT 2 X 3 X 4 (PVC 35),8,,,
40-1401,9,630.6,EA,DOWNSPOUT 2 X 3 X 4 (SCH 40),9,,,
40-1410,21,637.2,EA,NDS 420 POP-UP DRAIN EMITTER,10.8,,,
40-1411,18,999,EA,NDS 950 9 X 9 SQ GRATE,18,,,
40-1412,7,630.2,EA,"NDS #4, 6"" SQUARE BLACK",7,,"6""",
40-1413,8,630.2,EA,"NDS #5, 6"" SQUARE GREEN",8,,"6""",
40-1414,70,630,EA,"NDS 906PB 4"" POLISH BRASS DROP-IN",70,,"4""",
40-1415,28,636,EA,NDS 1200 12 X 12 CATCH BASIN,28,,,
401-415,0,999,EA,"SSS TEE PVC - 4"" X 1/2""",0,,"4""",
40-1416,1.75,None,EA,NSD #08 PLACE ON TEE W/FILTER CLOTH,1.75,,,
401-416,0,999,EA,"SSS TEE - 4"" X 3/4""",0,,"4""",
401-417,0,999,EA,"SSS TEE - 4"" X 1""",0,,"4""",
40-1418,12,635.2,EA,NDS 413P & 41P8 CO ADAPTER AND PLUG,12,,,
40-1420,18.4,600.1,EA,NDS 101 SPEE-D-BASIN,18.4,,,
401-420,0,999,EA,"SSS TEE PVC - 4"" X 2""",0,,"4""",
40-1421,5.5,None,EA,NDS 107BC (DRIP BOX BLACK/GRN COVER),5.75,,,
40-1422,5.5,639.4,EA,NDS 107BCR (DRIP BOX BLACK/PURP. COVER),5.5,,,
401-422,0,999,EA,"SSS TEE PVC - 4"" X 3""",0,,"4""",
40-1423,17,None,EA,NDS 250 SPEE-D-BASIN,17,,,
40-1424,30,601,EA,NDS 300 SPEE-D-BASIN,30,,,
40-1425,34,601,EA,NDS 350 SPEE-D-BASIN (4 OUTLETS),34,,,
40-1426,5,639.2,EA,NDS 107B (DRIP BOX BLACK/BLK COVER),5,,,
40-1427,4,639.2,EA,"NDS 107PBCR (PURP BOX, PURP CVR)",5.5,,,
40-1428,4.5,999,EA,NDS 108BC 6'' grn/grn,4.5,,,
40-1429,22,630,EA,"NDS 1040 10"" RD GRN GRATE",,,"10""",
40-1440,10,630.3,EA,"NDS #50  6"" ROUND GREEN",10,,"6""",
40-1441,10,630.3,EA,"NDS #40 6"" ROUND BLACK",10,,"6""",
40-1442,10,630.3,EA,"NDS #60 6"" ROUND GREY",10,,"6""",
40-1443,10,630.3,EA,"NDS #60S 6""ROUND SAND",10,,"6""",
40-1444,6,630.2,EA,"NDS #5  6"" SQUARE GREEN",6,,"6""",
40-1445,33,633.1,EA,"NDS 400 CHANNEL (4', with grate)",33,,,
40-1446,50,630,EA,"NEWPORT BRASS 233-405/01 4"" BRASS DECK DRAIN",50,,"4""",
40-1450,3,None,EA,"NDS #16 3"" ROUND GREEN FLAT",3,,"3""",
40-1460,4,630.2,EA,"NDS #13 4"" ROUND GREEN",4,,"4""",
40-1461,5,630,EA,"NDS #11 4"" ROUND BLACK",5,,"4""",
40-1462,4.5,630.2,EA,"NDS #14  3"" ROUND BLACK",4.5,,"3""",
40-1463,4,630.2,EA,"NDS #12 4"" ROUND GREY",4,,"4""",
40-1464,4.5,639.2,EA,"STYRENE #911 4"" DROP-IN  GRATE",4.5,L,"4""",
40-1465,5,630.2,EA,"NDS #13S 4"" ROUND SAND",5,L,"4""",
40-1480,5,630.2,EA,"NDS #1 4"" SQUARE GREEN",5,L,"4""",
40-1481,0.3,999,EA,"NDS 229 SS SCREWS FH#8X1""",0.3,L,,
40-1482,4,630.2,EA,"NDS #7  5"" SQ GRATE",4,L,"5""",
40-1500,16,630.3,EA,"NDS #81 6"" ATRIUM GREY",16,L,"6""",
40-1501,14.02,630.3,EA,"NDS #80 6"" ATRIUM GREEN",16,L,"6""",
40-1502,16,630.3,EA,"NDS #90  6"" ATRIUM BLACK",16,L,"6""",
40-1503,6,630.2,EA,"NDS #4  6"" SQUARE BLACK",6,L,"6""",
40-1504,350,630.3,EA,"NDS #90B 6"" ATRIUM BRASS",350,L,"6""",
40-1520,11.25,630.2,EA,"NDS #78 4"" ATRIUM BLACK",11.25,L,"4""",
40-1521,10.79,630.2,EA,"NDS #75 4"" ATRIUM GREEN",11,L,"4""",
40-1522,33,999,EA,NDS 375PR GRAV. B.W. VALVE,33,L,,
40-1523,10,630.2,EA,"NDS #76 4"" ATRIUM  GRAY",10,L,"4""",
40-1527,195,630.2,EA,NDS #78B BRASS ATRIUM 4,195,,,
40-1530,1.2,None,EA,"NDS DFP911 WHT DROP-IN 4"" GRATE",1.2,,"4""",
40-1540,6,630.2,EA,"NDS #72 3"" ATRIUM GREEN",6,,"3""",
40-1541,6,630.2,EA,"NDS #74 3"" ATRIUM BLACK",6,,"3""",
40-1558,49,637.2,EA,NDS 1220 SUMP BOX COVER,49,,,
40-1559,22,None,EA,"NDS 112 BC (10"" GRN GENERIC)",22,,"10""",
40-1560,31.2,None,EA,NDS 1212 SQ.GRATE GREEN,40,,,
40-1561,43,None,EA,"NDS 1211 12"" SQ. GRATE BLACK",43,,"12""",
40-1562,32,None,EA,"NDS 1210 12"" SQ. GRATE GREY",32,,"12""",
40-1563,80,999,EA,NDS 113 BCE 14x9 PULL BOX,80,,,
40-1564,44,999,EA,NDS 114BC (RECT GENERIC),44,,,
40-1565,85,999,EA,NDS 113BCBLK RECT BOX (BLK),85,,,
40-1580,57,None,EA,"NDS 1280 12"" SQ. ATRIUM GREEN",57,,"12""",
40-1581,57,None,EA,"NDS 1290  12"" SQ. ATRIUM BLACK",57,,"12""",
40-1599,6,651.1,EA,"NDS 772  7"" SQ. GRATE (FITS SPEE-D)",6,,"7""",
40-1600,39.5,605,EA,NDS 1230 12x12 ADAPTER,35,,,
40-1601,44,610,EA,NDS 1200 12 X 12 CATCH BASIN,44,,,
40-1602,25,None,EA,"NDS 1212  12"" SQ. GRATE GREEN",25,,"12""",
40-1603,149,None,EA,NDS 1215 12X12 GALV. STEEL GRATE,149,,,
40-1604,21.5,None,EA,"NDS 1221 12x12x8 ADAPTER (8"")",21.5,,"8""",
40-1605,510,639.3,EA,"NDS 1214 MANGANESE BRNZ 12"" GRT",510,,"12""",
40-1606,51,610.1,EA,"NDS 1225 12"" X 12""  CB",51,,"12""",
40-1607,18,639.3,EA,"NDS 1216 6"" EXTENSION",18,,"6""",
40-1608,110,999,EA,"NDS 1213 12"" x 12"" C.I. GRT",110,,"12""",
40-1609,26,638,EA,NDS D6 ROUND GRATE CI,26,,D6,
40-1610,40,638,EA,"NDS 917 SC 4"" CHROME GRATE",40,,"4""",
4016-101,4.2,522,EA,TAGETES LEMONII 1G,4.2,,1G,
40-1611,49,610,EA,"NDS 1203 12 X 12 X 12,  3 HOLE C.B.",49,,,
40-1612,51,610,EA,NDS 1204 (4 HOLE C.B.),51,,,
40-1613,100,639.3,EA,NDS 1219 W/ 1220,100,,,
40-1620,5.85,None,EA,NDS 1243 3 x 4 OUTLET,5.85,,,
40-1621,3,999,EA,NDS 1244 4x3 ADAPTER OUTLET,3,,,
40-1622,4.5,None,EA,NDS 1206 ADAPTER PLUG,4.5,,,
40-1623,6,999,EA,NDS 1245 OFFSET UNIV. OUTLET,6,,,
40-1630,30,610,EA,NDS 1200 12 X 12 CATCH BASIN,30,,,
40-1631,41.75,637.2,EA,NDS 1200FF FILTER INSERT,41.75,,,
40-1640,7.5,None,EA,"NDS 1266 6"" OUTLET",7.5,,"6""",
40-1641,175,636,EA,"WHITE CAP 113-DB12124 12"" CB W/GRATE",175,,"12""",
40-1642,75,635.1,EA,"WHITE CAP 113-DB08083 8"" CB W/ GRATE",75,,"8""",
40-1643,275,636,EA,"WHITE CAP 113-DB16164 16"" CB  W/ GRATE",275,,"16""",
40-1644,75,999,EA,"NDS 840 12"" X 20"" SHALLOW CHANNEL DRAIN",75,,"12""",
40-1646,80,639.3,EA,"NDS 847 LIGHT TRAFFIC GRATE 12"" X 20"" #840/843",80,,"12""",
40-1647,28,None,EA,NDS 841 END CAP FOR #840 CHANNEL,28,,,
40-1648,850,635.11,EA,"BROOKS 18"" GALV PKWY GRATE ADA",850,,"18""",
40-1650,175,630,EA,BROOKS 3HL VALVE BOX W/ CI GRATE,175,,,
40-1651,66.3,639.2,EA,BROOKS CB-1 ROUND,35,,,
40-1652,55,652,EA,BROOKS IPB BOX W/ CONC. LID,55,,,
40-1653,40,639.3,EA,BROOKS CB-3STD RECT.,40,,,
40-1654,25,639.2,EA,BROOKS #36 LARGER RECT.,25,,,
40-1655,52,635.1,EA,"AGRIPERM TREE GRATE 47X47 12""-20""",52,TR,"12""",
40-1656,175,638,EA,BROOKS 3-RT BODY/C.I. COVER,175,,,
40-16561,90,638,EA,BROOKS 1-RT BODY/ C.I. COVER,90,,,
40-1657,2600,635.6,EA,CARSON 2460-18 W LID,2600,,,
40-1658,2800,625,EA,BROOKS 36PBB P.B W/36PCC233 (MARKED STREET LIGHT),2800,,,
40-1659,180,565.2,EA,BROOKS CB38 BODY W/38MB LID,180,,,
40-1660,4.35,620,EA,"ABS SDR 35 3"" SOLID",4.35,,"3""",
40-1661,2.1,620,LF,"3"" PVC SDR 35 SOLID",2,,"3""",
40-1662,2.1,625.2,LF,"3"" PVC SDR 35 PERF (with fabric/gravel)",2.15,GRAV,"3""",
40-1663,95,635.11,EA,BROOKS 1-RD W/ TG CI GRATE,95,,,
40-1664,650,635.11,EA,"BROOKS 18"" PAINTED STEEL PKWY GRATE",650,,"18""",
40-1665,2.5,154,LF,"ABS 2"" SEWER",1.2,,"2""",
40-1666,2.15,620,LF,"3"" PVC SDR 35 PERF (pipe only)",2.15,,"3""",
40-1680,5.25,625,EA,"ABS SDR 35 4"" SOLID",5.25,,"4""",
40-1681,3,625,LF,"PVC 4"" SDR 35 (GREEN) SEWER PIPE",3,,"4""",
40-1682,9.6,627,LF,"GREEN SEWER SDR 35 6""",9.6,,"6""",
40-1700,4.35,620,EA,"ABS SDR 35 3"" PERF",4.35,,"3""",
40-1720,5.4,625,EA,"ABS SDR 35 4"" PERF",5.4,,"4""",
40-1730,10,627,FT,"ABS SDR 35 6"" SOLID PIPE",10,,"6""",
40-1734,98,None,EA,CARSON 1419-12-4BG GREY COLOR,98,GCC,,
40-1735,102,999,EA,CARSON 1419-12-3B GREEN W/BOLT,102,,,
40-1736,60,999,EA,CARSON 910-10-4B GREEN W/ SS BOLT,60,,,
40-1737,70,999,EA,CARSON 910-10-4BP VIOLET W/ SS BOLT,70,,,
40-1738,100,999,EA,CARSON 1419-12-4BP VIOLET W/ SS BOLT,100,,,
40-1739,98,635.2,EA,CARSON 1419-12-4BS SAND COLOR,98,GCC,,
40-1740,180,None,EA,"CURB CORES 1-3, 3.5""",180,,"5""",
40-1741,60,635.2,EA,"CARSON 910-10-4BS 10"" SAND",60,,"10""",
40-1742,12,None,EA,"CARSON 708-9-RP (7"" PURPLE)",12,,"7""",
40-1743,26,None,EA,"CARSON 809-9-4P 7"" PURPLE",26,,"7""",
40-1744,98,999,EA,CARSON 1419-12-4B-BLK w/bolt,98,,,
40-1745,60,999,EA,CARSON 910-10-4B-BLK,60,,,
40-1746,11.5,None,EA,"CARSON 708-9-4 (7"" BLK BOX/GRN LID)",11.5,,"7""",
40-1747,26.5,None,EA,"CARSON 809-9-4B 7"" BLK",26.5,,"7""",
40-1748,26.5,999,EA,"CARSON 809-9-4G 7"" GRN",26.5,,"7""",
40-1749,2760,635.6,EA,CARSON 2448-18 VAULT,2760,,,
40-1750,6000,635.6,EA,CARSON 2460-48,6000,,,
40-1751,3800,635.6,EA,CARSON 2448-30,3800,,,
40-1752,110,None,EA,"CURB CORES 3-5, 3.5""",110,,"5""",
40-1753,750,635.4,EA,CARSON 2424-18 W/ COVER,1100,,,
40-1754,1015,635.5,EA,CARSON 2436-18 W/ COVER,1015,,,
40-1755,60,635.2,EA,CARSON 910-4B GREY W/ SS BOLT,60,,,
40-1756,500,999,EA,CARSON 1730 BOX,500,CV,"1730"" box",
40-1757,2200,635.4,EA,CARSON 2424-30 BLACK (RW),2200,CV,,
40-1758,58,None,EA,CARSON JUMBO BLACK,58,CV,,
40-1759,1460,635.4,EA,CARSON 2436-30 VAULT (gray),1460,CV,,
40-1760,95,None,EA,"CURB CORES 5-10, 3.5""",80,L,"5""",
40-1761,250,None,EA,"WALL CORE, 4.5""",250,L,"5""",
40-1762,275,None,EA,"WALL CORE, 3.5""",275,L,"5""",
40-1763,4700,635.6,EA,CARSON 2460-30 VAULT,4700,CV,,
40-1764,98,999,EA,CARSON 1419-12-3B-BLK,98,CV,,
40-1765,2600,635.6,EA,CARSON 2460-18 W LID - GRAY COLORED,2600,CV,,
40-1766,2035,635.4,EA,CARSON 2424-18 W/ GRAY BOLT DOWN T COVER,2035,CV,,
40-1767,1015,635,EA,CARSON 2436-24 VAULT,1015,CV,,
40-1768,,,,CARSON 809-9-4 ECONO DELUXE,,,,
40-1769,,,,"CARSON 1520-18, w/1419 LID",,,,
40-1780,70,None,EA,"CURB CORES 10 +, 3.5""",60,L,"5""",
40-1781,125,637.8,EA,"CURB CORE, WEDGE CURB, 3.5""",125,L,"5""",
40-1796,225,999,EA,"CURB CORES, 1-2, 4.5""",225,,"5""",
40-1797,130,999,EA,"CURB CORE 3-5, 4.5""",130,,"5""",
40-1798,95,999,EA,"CURB CORE, 5-10, 4.5""",95,,"5""",
40-1799,75,999,EA,"CURB CORES, 10+, 4.5""",75,,"5""",
40-1800,240,None,EA,"COMPLETE CORES 1, 3.5""",240,,"5""",
40-1820,200,None,EA,"COMPLETE CORES 2-3, 3.5""",200,,"5""",
40-1840,175,None,EA,"COMPLETE CORES 4+, 3.5""",175,,"5""",
40-1860,4.5,None,EA,"3"" MISC PVC 35 FIT",4.5,,"3""",
40-1880,6,None,EA,"4"" MISC PVC SDR 35 DRAIN FITTING",6,,"4""",
40-1881,19,999,EA,"GREEN SEWER 4"" ELL",19,,"4""",
40-1890,55,None,ea,"6"" MISC PVC 35 DRAIN FIT",55,,"6""",
40-1891,65,999,EA,GREEN SEWER 6x4 WYE,65,,,
40-1898,275,999,EA,"NYOPLAST 24"" BASIN W/ DOMED GRATE",275,,"24""",
40-1899,370.5,636,EA,"BREAK INTO CATCH BASIN (12"")",475,,"12""",
40-1900,280.8,636,EA,"BREAK INTO CATCH BASIN (8"")",360,,"8""",
40-1901,100,999,EA,NDS DURA SLOPE MISC PARTS,100,,,
40-1902,300,636,EA,"BREAK INTO CATCH BASIN (4""-6"")",300,,"4""",
40-1903,275,999,EA,"NYOPLAST 24"" DUCTILE IRON GRATE",275,,"24""",
40-1904,240,635.2,EA,"NDS DURA SLOPE DS-091 4"" x 4' SECTION",240,,"4""",
40-1905,75,999,EA,NDS DURA 661 GREY GRATE ADA 2' SECTIONS,68,,,
40-1906,23,639.4,EA,NDS DURA SLOPE DS-224 END CAP,23,,,
40-1907,26,639.4,EA,"NDS DURA SLOPE DS-227 4"" OUT-END CAP",26,,"4""",
40-1908,50,637,EA,NDS DURA SLOPE DS-200 FRAME  (2'),50,,,
40-1909,100,999,EA,NDS DURA SLOPE DS-231 IRON GRT 2',100,,,
40-1910,180,635,EA,"TIE INTO DRAINLINE  8""",150,,"8""",
40-1911,250,635,EA,"TIE INTO DRAINLINE  10""",250,,"10""",
40-1912,25,635.2,EA,TIE INTO DRAINLINE  4,10,,,
40-1913,500,635,EA,"TIE INTO DRAINLINE  12""",500,,"12""",
40-1914,60,635,EA,"TIE INTO DRAINLINE 6""",60,,"6""",
40-1915,780,635.8,EA,"TIE INTO EXISTING 18"" RCP",500,,"18""",
40-1916,20,635,EA,"TIE INTO EXPENSIVE DRAINLINE  4""",20,,"4""",
40-1917,80,635,EA,"TIE INTO EXPENSIVE DRAINLINE  6""",80,,"6""",
40-1918,140,635,EA,"TIE INTO EXPENSIVE DRAINLINE  8""",140,,"8""",
40-1919,250,635,EA,"TIE INTO EXPENSIVE DRAINLINE 10""",250,,"10""",
40-1920,400,635,EA,"TIE INTO DRAINLINE 12""",400,,"12""",
40-1921,500,635.2,EA,"TIE INTO EXISTING 24"" RCP",500,,"24""",
40-1922,95,999,EA,NDS DURA SLOPE DS-228 GALV. STEEL GRATE (2'),95,,,
40-1923,75,639.4,EA,NDS DURA SLOPE DS-670 PLASTIC HEEL PROOF (2'),50,,,
40-1924,500,635,EA,"TIE INTO EXISTING 30"" RCP",500,,"30""",
40-1925,75,999,EA,"NDS DURASLOPE DS-670 GRT, 2'",50,,,
40-1930,60,634,EA,"18"" ABS SDR 35 SOLID",60,,"18""",
40-1931,26,634,LF,"18""SCH 40 DRAIN PIPE",26,,"18""",
40-1932,40,634,LF,"18"" PVC SDR 35 DRAIN PIPE",40,,"18""",
40-1940,20,628,EA,"15"" ABS SDR 35 SOLID",20,,"15""",
40-1950,18.75,629.11,FT,"12"" ABS SDR 35 SOLID",18.75,,"12""",
40-1960,13.75,631,FT,"10"" ABS SDR 35 SOLID",13.75,,"10""",
40-1969,14,632,LF,"8"" PVC SCH 80  DRAIN PIPE SOILD",14,,"8""",
40-1970,16,632,FT,"8"" ABS SDR 35 SOLID",16,,"8""",
40-1971,30,629.11,FT,"12"" PVC SDR 35 GREEN PIPE",30,,"12""",
40-1972,9.5,632.11,FT,"8"" PVC SDR 35 SOLID",9.3,,"8""",
40-1973,5.5,627,FT,"6"" PVC SDR 35 SOLID",5,,"6""",
40-1974,2.3,625,FT,"4"" PVC SDR 35 SOLID",2.3,,"4""",
40-1975,2.3,625.2,FT,"4"" PVC SDR 35 PERF W/GRAVEL/FILTER",2.3,GRAV,"4""",
40-1975.1,2.3,999,LF,"4"" SDR 35 PERF PIPE",2.3,,"4""",
40-1976,5,621,FT,"3"" PVC SCH 40 SOLID",5,,"3""",
40-1977,10,632,FT,"8"" PVC SDR 35 PERF.",10,,"8""",
40-1978,5.5,626,FT,"ABS SCH 40/DWV 4""",5.5,,"4""",
40-1979,9,627.1,FT,"ABS SCH 40/DWV 6""",9,,"6""",
40-1980,1000,None,EA,"18"" MISC PVC 35 DRAIN FIT",1000,,"18""",
40-1981,4.29,627,EA,"6"" PVC SDR 35 PERF.",5.5,,"6""",
40-1982,21.2,631.11,FT,"10"" PVC SDR 35 SOLID (green)",21.2,,"10""",
40-1983,2.81,621,FT,"3"" PVC SCH 40 PERF DRAIN PIPE",2.81,,"3""",
40-1984,21.55,632,FT,"8"" SCH 40 PERF PIPE",21.55,,"8""",
40-1985,800,None,EA,"PVC 40 18"" FITTING",800,,"18""",
40-1989,10.5,185,LF,"6"" CL 52 DUCTILE IRON STRGHT/NO FIT",10.5,,"6""",
40-1990,750,None,EA,"15"" MISC PVC 35 DRAIN FIT",750,,"15""",
40-1991,3.7,182,LF,"4"" VCP (CLAY) PIPE (SEWER) W/O FTTG",3.7,,"4""",
40-1992,1.55,627,FT,"6"" ADS POLYSTYRENE SOLID",1.55,,"6""",
40-1993,15.25,632,EA,"8"" CL 52 DUCTILE IRON PIPE(18'LGTH)",15.25,,"8""",
40-1994,41,628,LF,"15"" PVC SDR 35 SOLID",41,,"15""",
40-1995,7.65,185,LF,"6"" VCP (CLAYl PIPE (SEWER) W/O FITTINGS",7.65,,"6""",
40-1996,800,None,EA,"15"" PVC 40 FITTING",800,,"15""",
40-1997,30.65,999,LF,"24"" N-12 PERF. PIPE",30.65,,"24""",
40-1998,145,999,EA,"N-12  24"" X 6' PERF. PIPE SECTION",145,,"24""",
40-2000,840,None,EA,"12"" MISC PVC 35 DRAIN FIT",480,,"12""",
402-005,0.69,None,EA,1/2 TEE SST,0.69,,,
402-005BL,0,None,EA,1/2 TEE SST (B-LN),0,,,
402-005UV,2.81,None,EA,1/2 TEE SST (UVR),2.81,,,
402-007,1.06,None,EA,3/4 TEE SST,1.06,,,
402-007BL,0,None,EA,3/4 TEE SST (B-LN),0,,,
402-007UV,3.23,None,EA,3/4 TEE SST (UVR),3.23,,,
40-2010,450,None,EA,"10"" MISC PVC 35 DRAIN FIT",250,,"10""",
402-010,1.97,None,EA,"1"" TEE SST PVC",1.97,,"1""",
402-010BL,3.5,None,EA,1 TEE SST (B-LN),0,,,
402-010UV,4,None,EA,1 TEE SST (UVR),9.17,,,
40-2020,125,None,EA,"8"" MISC PVC 35 DRAIN FIT",150,,"8""",
40-2030,4.5,None,EA,NDS 247 CHANNEL END CAP,4.5,,,
40-2040,23,None,EA,NDS 2384 CHANNEL 90 ELL SAND,23,L,,
40-2041,12.25,631.2,FT,"NDS EZ-1001F 10"" W/ 4"" CORR. PIPE",12.25,L,"10""",
40-2042,10,631.3,FT,"NDS EZ-1001F 10"" W/ NO PIPE",10,L,"10""",
40-2043,44,637.2,EA,NDS 2381 FABRICATED 90 CORNER & GRATE,44,L,,
40-2044,45,637.2,EA,"NDS 2351 7"" FABRICATED GRATE /OUTLET",45,L,"7""",
40-2045,65,637.2,EA,NDS 2371 FABRIICATED TEE W/GRATE,65,L,,
40-2046,65,647.2,EA,NDS 2301 FABRICATED 45 ELBOW,65,L,,
40-2047,8.45,631.2,LF,"NDS EZ-0701F 3"" CORR. PIPE",8.45,L,"3""",
40-2048,7,999,ea,"NDS 3C05 corrugated coupling 3""",7,L,"3""",
40-2049,6,999,EA,"NDS 3C06 3"" END CAP",6,L,"3""",
40-2050,4.5,None,EA,NDS 248 CHANNEL COUP,4.5,L,,
40-2051,7.25,999,EA,"NDS 351  3"" ADAPTER",7.25,L,"3""",
40-2052,7.6,999,EA,"NDS 451  4"" ADAPTER",7.6,L,"4""",
40-2060,90,633,EA,NDS 410 (10' channel only),90,L,,
40-2070,29,None,EA,"NDS 234 2' CHANNEL X 4"" BOTTOM OUT",29,,"4""",
40-2075,23,637.2,EA,NDS 241 2' CHANNEL GRATE GREY,23,,,
40-2080,33,637.2,EA,NDS 244 2' CHANNEL GRATE SAND,33,,,
40-2085,9,637,EA,"NDS 249 OFF SET END OUTLET 3""-4""",9,,"3""",
40-2090,20,None,EA,NDS 251 2' CHANNEL GRATE BRICK RED,20,,,
40-2091,80,None,EA,"NDS 252CI RAW IRON 4"" X 2' CHANNEL GRATE",80,,"4""",
40-2095,20,638,EA,DRAIN MANIFOLD FOR CURB CORES,20,,,
40-2096,25,999,EA,DRAINS TO OCEAN SIGN,25,,,
402-101,1.25,None,EA,3/4 X 3/4 X 1/2 TEE REDUCING SST,1.25,,,
402-101BL,1.75,None,EA,3/4 X 3/4 X 1/2 TEE SST (UVR),1.75,,,
402-101UV,3.66,None,EA,3/4 X 3/4 X 1/2 TEE SST (UVR),3.66,,,
40-2110,19,400.2,EA,"APPLIED ENGRG #910 10"" ROUND",19,,"10""",
402-130,1.65,None,EA,1 X 1 X 1/2 TEE REDUCING SST,1.65,,,
402-130BL,0,None,EA,1 X 1 X 1/2 TEE SST (B-LN),0,,,
402-130UV,6.19,None,EA,1 X 1 X 1/2 TEE SST (UVR),6.19,,,
402-131,1.97,None,EA,1 X 1 X 3/4 TEE REDUCING SST,1.97,,,
402-131BL,0,None,EA,1 X 1 X 3/4 TEE SST (B-LN),0,,,
402-131UV,6.19,None,EA,1 X 1 X 3/4 TEE SST (UVR),6.19,,,
40-2140,50,644,FT,NDS 8003 MICRO CHANNEL/GRATE  10' (GRAY),50,,,
40-2143,16,None,EA,"NDS 212B W/ 211-CRG10"" RND GRN/RCLM",16,,,
40-2144,50,None,EA,"NDS 314B W/313-CRG 14""X 19"" GRN/RCLM",50,,"14""",
40-2145,33,None,EA,"NDS 111PBCR 10"" RD, PURPLE",18,,"10""",
40-2146,52,None,EA,"NDS 314PBCR 14"" RECT, PURPLE",52,,"14""",
40-2147,85,None,EA,NDS 318PBCBR 13x20 PURPLE (JUMBO),85,,,
40-2150,0.9,None,EA,NDS 230  MICRO STAKE,0.9,TRSTK,,
40-2160,1.25,None,EA,NDS 8481 MICRO COUPLER,1.25,,,
402-166,4.5,None,EA,1 1/4 X 1 1/4 X 1/2 TEE REDUCE SST,4.5,,,
402-166BL,0,None,EA,1 1/4 X 1 1/4 X 1/2 TEE SST (B-LN),0,,,
402-166UV,9.86,None,EA,1 1/4 X 1 1/4 X 1/2 TEE SST (UVR),9.86,,,
402-167,3.29,None,EA,1 1/4 X 1 1/4 X 3/4 TEE REDUCE SST,3.29,,,
402-167BL,0,None,EA,1 1/4 X 1 1/4 X 3/4 TEE SST (B-LN),0,,,
402-167UV,9.86,None,EA,1 1/4 X 1 1/4 X 3/4 TEE SST (UVR),9.86,,,
402-168,0,999,EA,"SST TEE PVC - 1 1/4"" X 1""",0,,"4""",
40-2170,0.95,None,EA,NDS 8473 MICRO END PLUG (GRAY),0.95,,,
40-2171,0.95,None,EA,NDS 8472 MICRO END PLUG (SAND),0.95,,,
40-2180,7,None,EA,NDS 8503 MICRO BOTTOM OUTLET (GRAY),7,,,
40-2181,7,None,EA,NDS 8502 MICRO BOTTOM OUTLET (SAND),7,,,
40-2190,4.5,None,EA,NDS 8383 MICRO ELL/GRATE (GRAY),4.5,,,
40-2191,4.5,None,EA,NDS 8382 MICRO ELL/GRATE (SAND),4.5,,,
402-209,5.6,None,EA,1 1/2 X 1 1/2 X 1/2 TEE SST,5.6,,,
402-209BL,0,None,EA,1 1/2 X 1 1/2 X 1/2 TEE SST (B-LN),0,,,
402-209UV,14.81,None,EA,1 1/2 X 1 1/2 X 1/2 TEE SST (UVR),14.81,,,
402-210,4.07,None,EA,1 1/2 X 1 1/2 X 3/4 TEE SST,4.07,,,
402-210BL,0,None,EA,1 1/2 X 1 1/2 X 3/4 TEE SST (B-LN),0,,,
402-210UV,14.81,None,EA,1 1/2 X 1 1/2 X 3/4 TEE SST (UVR),14.81,,,
402-211,0,999,EA,"SST TEE - 1 1/2"" X 1""",0,,"2""",
402-212,0,999,EA,"SST TEE - 1 1/2"" X 1 1/4""",0,,"2""",
402-213,0.7,None,EA,"1 1/2"" X 1/2"" ELL SS",0.7,,"2""",
402-247,7,None,EA,2 X 2 X 1/2 TEE SST,7,,,
402-247BL,0,None,EA,2 X 2 X 1/2 TEE SST (B-LN),0,,,
402-247UV,16.91,None,EA,2 X 2 X 1/2 TEE SST (UVR),16.91,,,
402-248,5.13,None,EA,2 X 2 X 3/4 TEE SST,5.13,,,
402-248BL,0,None,EA,2 X 2 X 3/4 TEE SST (B-LN),0,,,
402-248UV,16.91,None,EA,2 X 2 X 3/4 TEE SST (UVR),16.91,,,
402-249,0,999,EA,"SST TEE PVC - 2"" X 1""",0,,"2""",
4025-501,5,522,EA,PARTHENOCISSUS TRICUSP 1G STK,5,,1G,
4025-502,5,522,EA,PARTHENOCISSUS QUIN. 1G STK,5,,1G,
4025-505,17,520,EA,PARTH. TRICUSP 5G STK,17,,5G,
4025-515,60,519,EA,PARTHENOCISSUS TRI. 15G STK,60,,15G,
4025-605,18,526,EA,PARTH. VITACEA 5G STK,18,,5G,
4025-705,60,529,EA,PARTH. TRICUSP 5G ESP (not grown),60,,5G,
4025-715,120,528,EA,PART TRI. 15G ESP (not grown),120,,15G,
4025-805,18,520,EA,PARTH. TRI. 'VEITCHII' 5G STK,18,,5G,
4025-905,18,520,EA,PARTH HACIENDA CREEPER 5G STK,18,,5G,
4026-505,18,526,EA,PARTHENOCISSUS QUINQUEFOLIA 5G STK,18,,5G,
4026-515,60,519,EA,PARTHENOCISSUS Q. 15G STK,60,,15G,
40-3000,8,None,EA,NDS 41P8 W/4P11 CO PLUG,8,,,
40-3010,9,617,EA,"PVC 6"" X 6"" SQ. HUB ADAPTER",9,,"6""",
40-3011,4.25,639.4,EA,"NDS 270 2"" ATRIUM GRATE",4.25,,"2""",
4039-115,50,519,EA,PROTEA CYNAROIDES 15 GAL,50,,15G,
40-4000,26,615,EA,NDS 900 CATCH BASIN,26,,,
40-4001,40,651,EA,NDS 932  9x9 HUB ADAPTER (use 930),40,,,
40-4002,48,None,EA,"NDS 981 9"" ATRIUM GRT GRN",40,,"9""",
40-4003,26,635,EA,NDS 900-4 CATCH BASIN 4 OUTLET,26,,,
40-4004,250,635.11,EA,"CURB-O-LET ROLLED CURB OUTLET 24""",250,,"24""",
40-40041,300,635.11,EA,CURB-O-LET TCD312-NS,300,,,
40-4005,2,999,EA,NDS 933 ADAPTER BUSHING,2,,,
40-4006,390,635,EA,NDS 2400 CATCH BASIN,390,,,
40-4007,15.5,999,EA,"NDS 900FF 9"" DROP-IN FILTER",15.5,,"9""",
40-4008,,,,CURB-O-LET DEVICE,,,,
40-4009,0.12,999,EA,NDS SS1 STAPLE,0.12,,,
40-4010,30,615,EA,NDS 930 HUB ADAPTER,30,,,
4040-101,5,522,EA,PHLOMIS FRUTICOSA 1G,5,,1G,
4040-105,10,520,EA,PHLOMIS FRUTICOSA 5G,12.5,,5G,
40-4011,20,616,EA,NDS 931 DEEP HUB ADAPTER,20,,,
4040-115,50,519,EA,PHLOMIS FRUTICOSA 15G,50,,15G,
40-4012,27,None,EA,"NDS 980 9"" BLK FLAT GRATE",27,,"9""",
40-4013,55,999,EA,"NDS 913 9"" DUCTILE IRON GRATE",55,,"9""",
40-4014,385,630,EA,"NDS 930B 9"" BRASS GRATE",385,L,"9""",
40-4019,40,None,EA,"NDS 981 9"" BLK  ATR. GRT",40,L,"9""",
40-4020,34,None,EA,"NDS 990 9"" GREEN GRT FLT",27,L,"9""",
4040-205,16,520,EA,PHLOMIS LANATA 5G,16,SH,5G,
40-4021,20,None,EA,"NDS 980 9"" BLK. FLAT GRT",20,L,"9""",
4040-215,100,519,EA,PHLEBODIUM AUREUM 15G,100,SH,15G,
40-4022,37,999,EA,"NDS 991 9"" GREEN ATRIUM GRT",37,L,"9""",
40-4023,30,None,EA,"NDS 999 9"" GRAY FLT GRATE",30,L,"9""",
40-4024,75,None,EA,NDS 552B SAT. BRS. GRATE PER FT,75,L,,
40-4025,62,644,FT,NDS 500 MINI CHANNEL (6' SECTION),62,L,,
40-4026,30,None,FT,NDS 544 CHANNEL SAND GRATE (3'),30,L,,
40-4027,30,None,FT,NDS 542 3' CHNL GRATE GRN,30,L,,
40-40271,25,637.1,LF,"NDS 541 GRAY PL 3"" CHAN GRT (3 ')",25,L,"3""",
40-40272,30,637.1,EA,NDS 540 3' WHITE CHANNEL GRATE,30,L,,
40-4028,14,None,.,"NDS 547 3"" CHANNEL END CAP",14,,"3""",
40-4029,5.5,None,EA,"NDS 3"" CHANNEL COUPLING",5.5,,"3""",
40-40291,14,None,EA,"NDS 548 3"" CHANNEL COUPLING",14,,"3""",
40-40292,17,637.1,EA,"NDS 546 END ADAPTER 2"" to 4""",17,,"2""",
40-4030,19,617,EA,"NDS 637 6 X 6 x 6"" ADAPTER W/ BLK GRATE",19,,"6""",
40-40302,26,617,EA,NDS 639 6 X 6 ADAPTER W/ GRAY GRATE,26,,,
40-4031,65,644,EA,"NDS 550 3' LONG 3"" CHANNEL W/ BTM OUTLET",65,,"3""",
40-4032,14,639.2,EA,NDS 529 PK OF 64 STAINLESS SCREWS,14,,,
40-40321,11,None,EA,"NDS 533 2"" TO 4"" SPIGOT ADAPTER",11,,"2""",
40-4034,28,637.1,EA,NDS 5380 FAB. CORNER 90 W/GRATE,28,,,
40-4035,48,637,ea,"NDS 555CI, 12"" long CI grate",48,,"12""",
40-4036,48,637,EA,"NDS 554CI, 12"" C.I. GRATE",48,,"12""",
40-4040,31,610.1,EA,"NDS 1200 CB (2) 4""OUT W/O GRATE",31,,"4""",
40-4041,46,639.2,EA,"NDS 800 5"" DEEP CHAN. DRN x 39""",46,,"5""",
40-4042,85,639.2,EA,NDS 837 8,85,,,
40-4043,90,638,EA,"NDS 832 8"" PRO SER.BOTTOM / SIDE OUTLET",90,,"8""",
40-4044,40,639.2,EA,NDS 831 8,40,,,
4040-44,45,635.2,EA,"NDS 710 3"" x 39""  3/4"" CHANNEL DRAIN",45,,"3""",
40-4045,135,603,EA,NDS FWAS24 FLO-WELL (LEACH BOX),135,,,
4040-45,14,637,EA,"NDS 714 3"" x 20"" CHANNEL GRATE",14,,"3""",
40-4046,32,635,EA,NDS FWSD69 SURFACE DRAIN INLET,32,,,
4040-46,3.5,639.3,EA,"NDS 713 3"" END CAP / OUTLET",3.5,,"3""",
40-4047,83.5,638,EA,NDS FWSPS3 FLO-WELL SIDE PANELS,83.5,,,
4040-47,4.7,639.3,EA,"NDS 712 3"" END CAP",4.7,,"3""",
40-4048,350,638,EA,NEENAH FOUNDRY R-4351D,350,,,
40-4049,11,639.2,EA,NDS FWFF67 POROUS FABRIC WRAP,11,,,
40-4050,27,639.2,EA,NDS FWBP24 24' FLO-WELL BOTTOM,27,,,
40-40-51,36,None,EA,"NDS 822 SIDE OUTLET FOR 5"" PRO TRENCH",36,,"5""",
40-4051,66,638,LF,"NDS 864  5"" CHANNEL DRN KIT (40"" PIECE)",66,,"5""",
40-4052,99,638,LF,"NDS 828  5"" NYLON TRAFFIC GRATE (LF)",99,,"5""",
40-4053,14,None,EA,"NDS 811  5"" CHANNEL DRN OUTLET",14,,"5""",
40-4054,70,638,EA,NDS 833 8,70,,,
40-4055,800,636,EA,BROOKS 18x18x24 W/ PKWY ADA GRATE,800,,,
40-40551,500,635.3,EA,"BROOKS 1818 T18 (18"" CB, 18"" DEEP) box only",500,,"18""",
40-40552,550,635.3,EA,"BROOKS 1818 T24 (18"" CB, 24"" DEEP) box only",550,,"18""",
40-4056,30,605,EA,NDS 1200 NGB ADJ CATCH BASIN,30,,,
40-4057,9,None,EA,"NDS 451 CORUGTED TO SDR 4"" ADPT",9,,"4""",
40-4058,3.85,999,EA,"NDS 4"" EZ FLOW CORRIG. SNAP CAP",3.85,,"4""",
40-4059,4,999,EA,NDS 1207 OPEN SLIDE,4,,,
40-4060,1515,636,EA,BROOKS 24 x 24.CB./PKWY ADA GRATE,1515,,,
40-4061,2800,636,EA,BROOKS 36x36 CC CB w/IRON GRATE,2800,,,
40-4062,780,635.11,EA,"BROOKS 24"" GALV PKWY GRATE ADA",935,,"24""",
40-4063,400,635.1,EA,"BROOKS 1818 L12 (18"" CB, 12"" DEEP) box only",400,,"18""",
40-4064,600,636,EA,"BROOKS 1818 L24 (18"" CB, 24"" DEEP) box only",600,,"18""",
40-4065,450,636,,"BROOKS 1212 T18 (12"" CB,  18"" DEEP) box only",450,,"12""",
40-4066,490,636,EA,EISEL 12 X 12 CONC. BOX w/C.I. GRATE,490,,,
40-4067,380,636,EA,"BROOKS 1212 T12 (12"" CB, 12"" DEEP) box only",380,,"12""",
40-4068,250,635.11,EA,BROOKS 1212 STEEL TRAFFIC GRATE,250,,,
40-40681,280.8,635.11,EA,"BROOKS 12"" GALV PKWY GRATE ADA",360,,"12""",
40-40682,450,999,EA,"BROOKS 12"" HEELPROOF STEEL GRATE",450,,"12""",
40-40683,150,635,EA,"BROOKS 1212  12"" base bottom only",150,,"12""",
40-40684,250,636,EA,BROOKS 18 x18 BASE,250,,,
40-40685,800,635.11,EA,"BROOKS 24"" TRAFFIC GRATE",800,,"24""",
40-4069,450,636,EA,EISEL 18X18X24 CONC. BOX W/ FRAME,450,,,
40-4070,22,630,EA,"NDS 475, 4"" ABS BACKWATER VALVE",22,,"4""",
40-4071,400,636,EA,BROOKS 722,400,,,
40-4072,109.2,630,EA,"NDS 918B 6"" BRASS DECK DRAIN",140,,"6""",
40-4073,105,630,EA,"NDS 914PB 5"" SQ BRASS DECK DRAIN",105,,"5""",
40-4074,600,635,EA,EISEL 18 X 18 ADA GRATE W/ 4 BOLTS,600,,,
40-4075,350,635.3,EA,CORRUGATED CATCH BASIN W/LID,350,,,
40-4076,970,638,EA,"URBAN ACCSESSORIES 6"" x 10' VIPER GRATE",970,,"6""",
40-4077,42,635,EA,"CONCRETE DRAIN BOX 10""X10"" W/GRATE",42,,"10""",
40-4078,21.5,605,EA,"NDS 1221 12x12 ADAPTER (8"")",21.5,,"8""",
40-4079,75,630,EA,"NDS 913B  5"" BRASS DECK DRAIN",75,,"5""",
40-40791,32,630,EA,NDS 910-B BRASS GRATE,32,,,
40-4080,7.35,600,EA,"NDS 8"" RD. SD-201 CATCH BASIN W/GRA",7.35,,"8""",
40-4081,60,630,EA,"ZURN SUPER-FLO 5"" SQ. BRONZE GRATE",60,,"5""",
40-4082,240,635,EA,ALHAMBRA FOUNDRY A-2273 INLET,240,,,
40-4083,26,604,EA,NDS 1225 SUMP BOX W/ FLAT GRATE,26,,,
40-4084,84,630,EA,"ZURN 5"" ROUND BRONZE DECK DRAIN",84,,"5""",
40-4085,37.5,635,EA,"ALHAMBRA FOUNDRY A-2010 12"" CAST IR",37.5,,"12""",
40-4086,150,630,EA,SMITH 4025A ROUND BRONZE DECK DRAIN,150,,,
40-4087,372.25,635.3,EA,HAWS 6611 SAND TRAP,372.25,,,
40-4088,28,642,EA,"SPLASH BLOCK CONCRETE 24""",30,,"24""",
40-4089,95,630,EA,"ZURN 1400 SER 6"" SQ GRATE",95,,"6""",
40-4090,11,630.3,EA,"NDS #20 8"" ROUND GREEN",11,,"8""",
40-4091,185,999,EA,"ZURN 140-10 10"" BRASS ROUND GRATE",185,,"10""",
40-4092,10,630.3,EA,"NDS #10 8"" ROUND BLACK",10,,"8""",
40-4093,11,630.3,EA,"NDS #30S 8"" ROUND SAND",11,,"8""",
40-4094,11,630.3,EA,"NDS #30 8"" ROUND GREY",11,,"8""",
40-4095,75,630,EA,"ZURN Z-400-ZB-VP 6"" BRASS GRATE",75,,"6""",
40-4096,55,635.1,EA,"NYOPLAST 10"" DRAIN BASIN",55,,"10""",
40-4097,85,638,EA,"NYOPLAST 10"" DUCTILE IRON GRATE",85,,"10""",
40-4098,70,603,EA,"NYOPLAST 10"" DOMED GRATE",70,,"10""",
40-4099,101,999,EA,NDS 922PB SLOT DRAIN,101,,,
40-4100,6,630.2,EA,"NDS 772 (7""SQ.) SQ. GRATE",6,,"7""",
40-4101,9,600,EA,"NDS 201 SPEE-D-BASIN 6""",9,L,"6""",
40-4102,1400,420,EA,"ZURN Z1360-34-2-DP14-VB-RK HYDRANT 3/4""",1400,POC,"4""",
40-4103,1000,None,EA,"FOSSIL FILTER FF-240D 24"" X 24""",1000,FFAB,"24""",
40-4104,20,639.2,EA,"ACO #421 QL GRATE (5""x18"")",20,L,"5""",
40-4105,225,999,EA,ALHAMBRA FDRY A-2012-14-14 (GRT/FRM),225,L,,
40-4106,8.5,None,EA,"NDS 882- 8"" SQ. GREEN GRATE",8.5,L,"8""",
40-4107,1260,630,EA,"SMITH 8"" 7012 BACKWATER VALVE",1260,L,"8""",
40-4108,441.67,635.1,EA,"NYOPLAST 12"" BASIN W/FLAT GRATE 2-OTLTS",441.67,L,"12""",
40-4109,315,638,EA,"URBAN ACCESSORIES 8""SQ. CI GRATE STD-ADA",315,L,"8""",
40-4110,360,638,EA,"URBAN ACCESSORIES 12"" SQ IC GRATE STD-ADA",360,L,"12""",
4041-105,26,520,EA,PEDILANTHUS MACROCARPUS 5G,26,SH,5G,
40-4111,750,635.4,EA,EISEL 24x24x24 C.B. W/ PKWY IRON GRT,750,L,,
4041-115,95,519,EA,PEDILANTHUS MACROCARPUS 15G,95,SH,15G,
40-4112,550,636,EA,"BROOKS 1212 T24 (12"" CB, 24"" DEEP) box only",550,CV,"12""",
40-4113,265,999,EA,ALHAMBRA FDRY FRM & BICYCLE GRT,265,L,,
40-4114,470,635.3,EA,"BROOKS 1218 L25 (12"" CB, 25"" DEEP) box only",470,CV,"12""",
40-4115,350,None,EA,BROOKS 12x18 PKWY GRATE,350,L,,
40-4116,750,999,EA,FOSSIL FILTER FG-M-12,750,FFAB,,
40-4117,550,635.1,EA,"BROOKS 2424 L12  (24""x12"" DEEP)",550,CV,"24""",
40-4118,500,635.1,EA,"BROOKS 1818 L18 (18"" CB, 18"" DEEP) box only",500,CV,"18""",
40-4119,107,637,EA,"NDS 823 C.I. CHANNEL GRT (20"")",107,L,"20""",
40-4120,9,999,EA,NDS 812 CHANNEL END CAP,9,L,,
40-4121,47,999,EA,NDS 834 CHANNEL END CAP,47,L,,
40-4122,390,635,EA,"ZURN Z415-VP-G-DOME 6"" (ATRIUM)",390,L,"6""",
40-4123,325,635,EA,"ZURN ZB415-6B-VP 6""  FLAT",325,L,"6""",
40-4124,30,635,EA,"NDS 625 6"" POP-UP W/ SPEE-D-BASIN",30,L,"6""",
40-4125,350,999,EA,BROOKS 12x18 TRAFFIC GRATE,350,L,,
40-4126,600,635.2,EA,"SMITH 2911 12"" GRATE/FRAME",600,L,"12""",
40-4127,65,630.3,EA,"ZURN CO-AB3 5.25"" cleanout",65,L,"25""",
40-4128,1575,635,EA,BIOCLEAN BC-DF4 FILTER,1575,FFAB,,
40-4129,2800,999,EA,"BIOCLEAN 24"" INSERT FILTER",2800,FFAB,"24""",
40-4130,25,999,EA,"NDS 814 LT TRAFFIC CHANNEL GRATE (20"")",25,L,"20""",
40-4131,260,635,EA,"ALHAMBRA FDRY A-2010 18"" CI GRATE",260,L,"18""",
40-4132,455,635.2,EA,"NYLOPLAST 15"" INLINE DRN - FLAT GRATE - 8"" OUT",455,L,"15""",
40-4133,455,635.2,EA,"NYLOPLAST 15"" INLINE DRN - FLAT GRATE - 4"" OUT",455,L,"15""",
40-4134,150,999,EA,"ALHAMBRA FDRY A-2010 18"" FRAME",150,L,"18""",
40-4135,,,,ZURN CO-2450 CLEAN OUT,,,,
40-4138,34,635.2,EA,"EISEL #437 CONC BOX 12x20, CONC LID",34,CV,,
40-4139,65,635.2,EA,EISEL #1R ROUND CONC W/CONC LID,65,CV,,
40-4140,170,635.2,EA,EISEL E60BPB BOX (17x30),170,CV,,
40-4141,55,630,EA,"ZURN FD2211-ST 4"" GRATE",55,L,"4""",
40-4142,88,635.2,EA,"EISEL #437 MB CONC BOX, METAL LID",88,CV,,
40-4143,65,635.2,EA,"EISEL 1R RD CONC BOX, w/W1RCI C.I. LID",65,CV,,
40-4144,800,635.2,ea,"EISEL 363MB RECT VALVE BOX, with conc lid",800,CV,,
40-4145,80,635.2,ea,"EISEL 3MB rect box, with 3CC conc lid",80,CV,,
40-4146,120,635.2,ea,"EISEL 3MB rect box, with 3CI iron lid",120,CV,,
40-4147,375,635.3,EA,BROOKS 1218-T12,375,CV,,
40-4148,65,635.2,ea,"EISEL 1R conc BOX, w/W1RIG metal grt",65,CV,,
40-4150,750,999,EA,BROOKS #12 FOSSIL FILTER,750,FFAB,,
40-4151,275,635.11,EA,BROOKS 1212TG STEEL TRAFFIC GRATE #18,275,L,,
40-4152,370,635,EA,BROOKS 1212-L18 LOWER SECTION,370,CV,,
40-4158,475,603,EA,"NYOPLAST 2808AG (8"") w/domed grate",475,L,"8""",
40-4159,1100,619,ea,"NYOPLAST 2818AG (18"") w/1899-CGD domed grt",1100,L,"18""",
40-4160,200,630,EA,ZURN Z415 BODY-ZN400-5S SQ GRATE,200,L,,
40-4161,450,635.2,EA,ZURN ZF199 METAL FLAPPER,450,L,,
40-4162,315,630,EA,ZURN Z121-VP-G,,L,,
40-4170,40,635.2,EA,J&R V1-R CONC. BOX (CLEANOUT),40,CV,,
40-4171,30,999,EA,J&R V1-RT CAST IRON COVER,30,CV,,
40-4172,29,999,EA,J&R D1-RT SLOTTED C.I. GRATE,29,L,D1,
40-4173,177,639.2,EA,NDS 838 heavy duty grate,177,L,,
40-4174,6,999,EA,NDS 829B SS screws (40),6,L,,
40-4210,47,644,EA,NDS 8002 MICRO CHANNEL/GRATE  10' (SAND),47,L,,
40-4211,4,None,EA,NDS 8601 MICRO HOLD-DOWN CLIP,4,L,,
40-5000,3.5,626,FT,"4"" PVC SCH 40 DRAIN",6.5,L,"4""",
4050-005,18,526,EA,PASSIFLORA ALAT. 5G STK,18,SH,5G,
40-5001,3.6,625.4,FT,"4"" PVC SCH 40 PERF W/GRAVEL-FILTER",6.5,GRAV,"4""",
40-5002,21,629.12,FT,"12"" PVC SCH 40 DRAIN PIPE",21,L,"12""",
40-5003,40,629,FT,"12"" SCH 80 PVC DRAIN PIPE",40,L,"12""",
40-5004,15.5,631.1,FT,"10"" PVC SCH 40 DRAIN PIPE",15.5,L,"10""",
40-5005,13,632.1,FT,"8"" PVC SCH 40 DRAIN PIPE",11.5,L,"8""",
40-5006,3.5,625,FT,"4"" PVC SCH 40 PERF PIPE",6.5,L,"4""",
405-007BS,0,999,EA,"TEE (BRASS) - 3/4""",0,L,"4""",
40-5009,0,637.2,EA,MISC CAST IRON FITTINGS,0,L,,
40-5010,6.5,627.1,FT,"6"" PVC SCH 40 DRAIN SOLID",11,L,"6""",
4050-105,10,526,EA,PASSIFLORA INCENSE 5GAL STK,10,SH,5G,
405-010BS,0,999,EA,"TEE (BRASS) - 1""",0,L,"1""",
40-5011,6,190,LF,"CAST IRON PIPE 3""",6,L,"3""",
40-5012,45,628,EA,"15"" PVC SDR 35 SOLID",45,L,"15""",
405-012BS,0,999,EA,"TEE (BRASS) - 1 1/4""",0,L,"4""",
40-5013,5,626,LF,"4"" HDPE PIPE (WATERTIGHT)",5,L,"4""",
40-5014,7.5,627.1,LF,"6"" HDPE PIPE (WATERTIGHT)",7.5,L,"6""",
40-5015,12.5,632.11,LF,"8"" HDPE PIPE (WATERTIGHT)",12.5,L,"8""",
405-015BS,0,999,EA,"TEE (BRASS) - 1 1/2""",0,L,"2""",
40-5016,13,629,LF,"12"" HDPE PIPE (WATERTIGHT)",13,L,"12""",
40-5017,20.65,634,LF,"18"" HDPE PIPE (SOILTIGHT)",20.65,L,"18""",
40-5018,13.75,631,LF,"10"" HDPE PIPE ( WATERTIGHT)",13.75,L,"10""",
40-5019,2.25,626,FT,"HDPE 4"" PERFORATED PIPE (WATERTIGHT)",2.25,L,"4""",
40-5020,7,627.1,LF,"6"" PVC SCH 40 PERFORATED",12,L,"6""",
4050-205,13,526,EA,PASSIFLORA VITIFOLIA 5G STK,13,SH,5G,
405-020BS,0,999,EA,"TEE (BRASS) - 2""",0,L,"2""",
40-5021,20,627.1,LF,"6"" PVC SCH 80 DRAIN PIPE SOLID",20,L,"6""",
40-5022,2.25,621,LF,"3"" HDPE PIE (WATERTITE)",2.25,L,"3""",
40-5023,5.5,626,LF,"PVC SDR 26 4"" SEWER PIPE",5.5,L,"4""",
40-5024,110,999,EA,"PVC SDR 26 4"" WYE",110,L,"4""",
40-5025,88,999,EA,"PVC SDR 26 4"" 90",88,L,"4""",
4050-501,5,527,EA,PASSIFLORA EDULIS 1G STK,5,SH,1G,
4050-505,18,526,EA,PASSIFLORA EDULIS 5G STK,18,SH,5G,
4050-515,60,525,EA,PASSIFLORA EDULIS 15G STK,60,SH,15G,
4051-124,160,507,EA,"PAUROTIS WRIGHTII 24""",160,TR,"24""",
40-5199,2400,636.1,EA,"JENSEN DI-2436, PED GRATE",2400,L,,
40-5200,1400,636,EA,"JENSEN 24 x 24 x 24D,w/GRATE",1400,L,,
40-5201,1650,635.4,EA,JENSEN 24 x 24 x 36 W/ GRATE,1650,L,,
40-5202,0,638,EA,FOSSIL FILTER FOR JENSEN 24X24,0,L,,
40-5203,470,635.4,EA,JENSEN 12x12x12 W/PED. GRATE,470,L,,
40-5204,2500,636.1,EA,JENSEN 36 x 36 w/PED GRATE,2500,L,,
40-5205,3600,635.5,EA,JENSEN W-45 w/ SPRING ASS. LID,3600,CV,,
40-5206,20,617,EA,NDS 641  6 X 4 ADAPTER W/ GRN. GRATE,20,L,,
40-5207,14,630.3,EA,"NDS #90 6""  ATRIUM BLACK",14,L,"6""",
40-5208,20,617,EA,NDS 642 6 x 4 ADAPTER W/GREY GRT,20,L,,
40-5209,140,635.2,EA,"NDS 918SC 6"" SATIN BRASS GRATE",140,L,"6""",
40-5210,4.5,630.2,EA,"NDS #1 4"" SQUARE BLACK",4.5,L,"4""",
40-5211,5800,636,EA,KEMCO CATCH BASIN #300,5800,L,,
40-5212,657,635.2,EA,NDS 2413 24X24 CAST IRON GRATE,657,L,,
40-5213,26,999,EA,"NDS 820 5"" X 20"" SHALLOW CHAN. DRN",26,L,"5""",
40-5214,390,639.3,EA,"NDS 1230B 12"" SQ. BRASS GRATE",390,L,"12""",
40-5215,75,630,EA,"NDS 913P SATIN BRASS 5"" SQ.",75,L,"5""",
40-5216,5,402,EA,"NDS MIP PLASTIC BV 1/2""",5,L,"2""",
40-5217,22,637.2,EA,NDS 421 POP-UP EMITTER W/ ELBOW,22,L,,
40-5218,33,999,EA,"NDS 312BCB 10"" ROUND (GRN/GRN)",33,CV,"10""",
40-5219,30,999,EA,"NDS 311BCBLK (10"" RD BLK)",30,CV,"10""",
40-5220,50,999,EA,NDS 314BCBBLK (14x19 BLK),50,CV,,
40-5221,37,999,EA,NDS 312PBCBR 10'' PURPLE ,37,CV,,
4055-004,27,531,EA,"GERANIUM SANGUINEUM 4"" POTS",27,GCC,"4""",
4055-101,7.5,522,EA,GERANIUM PINK SPICE 1G,7.5,GCC,1G,
4055-104,27,531,EA,"GERANIUM RED 4""POTS FLT",27,GCC,"4""",
4055-107,25,520,EA,"GERANIUM ""PINK SPICE' 5G",25,GCC,5G,
4055-201,3.5,522,EA,GERANIUM JOHNSON BLUE 1G,3.5,GCC,1G,
4055-204,30,530,EA,"GERANIUM TRAILING RED 4"" POT FLAT",30,GCC,"4""",
4055-301,5,522,EA,GERANIUM CHOCOLATE CANDY 1G,5,GCC,1G,
4055-304,24,531,FL,GERANIUM WHITE (50 PER FLAT),24,GCC,,
4055-401,4,522,EA,GERANIUM MACORHIZUM 1G,4,GCC,1G,
4055-404,27,530,EA,"GERANIUM BLUE 4"" POT FLAT",27,GCC,"4""",
4055-406,8,522,EA,"GERANIUM VISCOSISSIMUM 6"" POT",8,GCC,"6""",
4055-414,27,530,EA,"GERANIUM PINK 4"" FLAT",27,GCC,"4""",
4055-501,3.75,522,EA,PELARGONIUM HORT 1G,3.75,GCC,1G,
4055-505,25,520,EA,PELARGONIUM GERANIUM HORT 5G,25,GCC,5G,
4055-601,4,522,EA,PELARG. DOM. LADY WASH. 1G,4,GCC,1G,
4055-605,25,520,EA,PELARGONIUM TOMENTOSUM 5G,25,GCC,5G,
4055-701,3.75,522,EA,PELARG. SANGUINEUM 1G,3.75,GCC,1G,
4055-702,3.75,522,EA,PELARG.VNCVR CENTENNIAL 1G,3.75,GCC,1G,
4055-705,25,520,EA,PELARGONIUM RED 5G,25,GCC,5G,
4055-801,3.75,522,EA,PELARGONIUM SALMON 1G,3.75,GCC,1G,
4055-805,25,520,EA,GERANIUM X 'BROOKSIDE' 5G,25,GCC,5G,
4055-810,3,522,EA,GERANIUM INCANUM 1G,3,GCC,1G,
4055-811,6,522,EA,"GERANIUM S.""STRIATUM"" 1G",6,GCC,1G,
4055-901,3.5,522,EA,GERANIUM SANGUINIUM 1G,3.5,GCC,1G,
4055-905,25,520,EA,GERANIUM JOHNSON BLUE 5G,25,GCC,5G,
4055-906,4,522,EA,"GERANIUM SANGUINIUM 6"" POT",4,GCC,"6""",
4055-910,25,520,EA,GERANIUM INC. CRANESBILL 5G,25,GCC,5G,
4055-911,6,522,EA,GERANIUM X ROZANNE 1G,6,GCC,1G,
4056-001,5,522,EA,GERANIUM SCENTED LADY PLYMOUTH 1G,5,GCC,1G,
4056-101,4.4,522,EA,GERANIUM WHITE 1G,4.4,GCC,1G,
4056-201,4.6,522,EA,GERANIUM CIN. 'BALLERINA' 1G,4.6,GCC,1G,
4056-301,5,522,EA,GERANIUM NEW HAMPSHIRE PURPLE 1G,5,GCC,1G,
4056-401,4.5,522,EA,PELARG. ROSE PINK 1G,4.5,GCC,1G,
4056-501,6.5,522,EA,GERANIUM MAX FREI 1G,6.5,GCC,1G,
4056-601,,,,PELARGONIUM CRISPUM 1G,,,,
406-005,0.41,None,EA,1/2 90 ELL SS,0.41,L,,
406-005BL,0,None,EA,1/2 90 ELL SS (B-LN),0,L,,
406-005UV,2.03,None,EA,1/2 90 ELL SS (UVR),2.03,L,,
406-007,0.46,None,EA,3/4 90 ELL SS,0.46,L,,
406-007BL,0,None,EA,0740-501,0,L,,
406-007UV,2.53,None,EA,3/4 90 ELL SS (UVR),2.53,L,,
406-010,0.83,None,EA,"PVC 40 90 ELL ST 1""",0.83,L,"1""",
4060-101,3,522,EA,PELARGONIUM BURGUNDY 1G,3,GCC,1G,
4060-102,18,520,EA,PELARGONIUM PELT. 2G,18,GCC,2G,
4060-104,27,531,EA,"GERANIUM WHITE 4""POTS (16 COUNT)",27,GCC,"4""",
406-010BL,0,None,EA,1 90 ELL SS (B-LN),0,L,,
406-010UV,4.21,None,EA,1 90 ELL SS (UVR),4.21,L,,
406-012,2.03,None,EA,1 1/4 90 ELL SS,2.03,L,,
406-012BL,0,None,EA,1 1/4 90 ELL SS (B-LN),0,L,,
406-012UV,6.07,None,EA,1 1/4 90 ELL SS (UVR),6.07,L,,
406-015,2.17,None,EA,1 1/2 90 ELL SS,2.17,L,,
406-015BL,0,None,EA,1 1/2 90 ELL SS (B-LN),0,L,,
406-015UV,9.16,None,EA,1 1/2 90 ELL SS (UVR),9.16,L,,
406-020,3.4,None,EA,2 90 ELL SS,3.4,L,,
4060-201,3.5,522,EA,PELARGONIUM PURPLE 1G,3.5,GCC,1G,
406-020BL,0,None,EA,2 90 ELL SS (B-LN),0,L,,
406-020UV,12.67,None,EA,2 90 ELL SS (UVR),12.67,L,,
406-025,10.36,None,EA,2 1/2 90 ELL SS,10.36,L,,
406-025BL,0,None,EA,2 1/2 90 ELL SS (B-LN),0,L,,
406-025UV,29.6,None,EA,2 1/2 90 ELL SS (UVR),29.6,L,,
406-030,12.4,None,EA,3 90 ELL SS,12.4,L,,
4060-301,6,522,EA,PELARGONIUM BALCON RED 1G,6,GCC,1G,
406-030BL,0,None,EA,3 90 ELL SS (B-LN),0,L,,
406-030UV,46.54,None,EA,3 90 ELL SS (UVR),46.54,L,,
406-040,22.16,None,EA,4 90 ELL SS,22.16,L,,
4060-401,4,522,EA,PELARGONIUM PEL. 'RAGTIME' 1G,4,GCC,1G,
406-040BL,0,None,EA,4 90 ELL SS (B-LN),0,L,,
406-040UV,119.79,None,EA,4 90 ELL SS (UVR),119.79,L,,
4060-501,3.75,522,EA,"PELARGONIUM PELTA ""PINK"" 1G",3.75,GCC,1G,
4060-502,3.75,522,EA,PELARGONIUM P. WHITE 1G,3.75,GCC,1G,
4060-503,4.5,522,EA,PELAGONIUM P. LAVENDER 1G,4.5,GCC,1G,
4060-504,5,522,EA,"PELAGONIUM BALCON LAVENDER 6"" POT/1G",5,GCC,"6""",
4060-505,25,520,EA,PELARGONIUM P. GERAN. 5G,25,GCC,5G,
4060-506,6,522,EA,"PELARGONIUM PELTATUM 6"" POT",6,GCC,"6""",
406-060,0,999,EA,"SS 90 ELL - 6""",0,L,"6""",
4060-601,3.75,522,EA,"PELARGONIUM PELTA ""RED"" 1G",3.75,GCC,1G,
4060-701,7,522,EA,PELARGONIUM TOMENTOSA 1G,7,GCC,1G,
4060-706,3.75,522,EA,"PELA. PEL. 'RAINBOW WHITE' 6"" POT",3.75,GCC,"6""",
4060-801,7,522,EA,PELA. 'VERONICA CONTRERAS' 1G,7,GCC,1G,
4064-001,4.5,522,EA,PENSTEMON HERTOPHYLLUS 1G,4.5,GCC,1G,
4064-012,4.5,522,EA,PENSTEMON H. BLUE BEDDER 1G,4.5,GCC,1G,
4064-101,4.5,522,EA,PENSTEMON SPECTABILIS 1G,4.5,,1G,
4064-105,18,520,EA,PENSTEMON ANTIRRHINIODES 5G,18,,5G,
4064-201,5,522,EA,PENSTEMON 'MARGARITA BOP' 1G,5,,1G,
4064-205,18,520,EA,PENSTEMON MARGARITA BOP 5G,18,,5G,
4064-301,6.5,522,EA,PENSTEMON EATONII 1G,6.5,,1G,
4064-305,15,520,EA,PENSTEMON PARRYI 5G,15,,5G,
4064-401,4.5,522,EA,PENSTEMON APPLE BLOSSOM 1G,4.5,,1G,
4064-405,16,520,EA,PENSTEMON PSEUDOSPECTABILIS 5G,16,,5G,
4064-501,4.5,522,EA,PENSTEMON 1G,4.5,,1G,
4064-505,18,520,EA,PENSTEMON ALBERTINUS 5G,18,,5G,
4064-601,4.5,522,EA,"PENSTEMON H. ""GARNET"" 1G",4.5,,1G,
4064-605,18,520,EA,PENSTEMON DARK TOWERS 5G,18,,5G,
4064-701,4.5,522,EA,PENSTEMON BLACKBIRD 1G,4.5,,1G,
4064-801,4.5,522,EA,PENSTEMON CENTRANTHIFOLIS 1G,4.5,,1G,
4064-805,18,520,EA,PENSTEMON CENTRAN. 5G,18,,5G,
4065-001,3.75,522,EA,PENN. SET. EATON CANYON 1G,3.75,,1G,
4065-005,12.5,520,EA,PENNISETUM CENTRANTHIFOLIS 5G,10,,5G,
4065-101,4.5,522,EA,PENNISETUM FAIRY TAILS 1G,4.5,,1G,
4065-105,4.5,522,EA,PENNISETUM SET. RUBRUM 1G,3,,1G,
4065-121,4.5,522,EA,PENNSTEMON H. MARGARITA BOP 1G,4.5,,1G,
4065-201,4.5,522,EA,PENNISETUM THUN. RED BUTTONS 1G,4.5,,1G,
4065-205,12.5,520,EA,PENNISETUM CUPREUM 5G.,10,,5G,
4065-301,4,522,EA,PENNISETUM RED RIDING HD 1G,4,,1G,
4065-305,4.7,522,EA,PENNISETUM S. DWF RED 1G,3.5,,1G,
4065-345,11,520,EA,"PENNISETUM ""BUNNY TAILS"" 5G",11,,5G,
4065-401,4.7,522,EA,PENN. S. HAMELN 1G,3.7,,1G,
4065-405,14,520,EA,"PENNISETUM ""HAMLIN"" 5G",11,,5G,
4065-415,50,519,EA,PENNISETUM 'FAIRY TAILS' 15G,50,,15G,
4065-445,13,520,EA,"PENNISETUM ""FAIRY TALES"" 5G",11,,5G,
4065-501,4.3,522,EA,PENNISETUM SETACEUM 1G,4.3,,1G,
4065-505,12.5,520,EA,PENNISETUM SETACEUM 5G,10,,5G,
4065-515,45,519,EA,PENNISETUM SETACEUM 15G,40,,15G,
4065-601,4.3,522,EA,PENNISETUM CUPREUM 1G,4.3,,1G,
4065-605,12.5,520,EA,PENNISETUM A. HAMLIN 5G,11,,5G,
4065-615,42,519,EA,PENNISETUM EATON CYN 15G,42,,15G,
4065-625,12.5,520,EA,PENNISETUM S. EATON CYN 5G,11,,5G,
4065-701,4.5,522,EA,PENN. S. RUBRUM 1G,3.8,,1G,
4065-705,11,520,EA,PENNISETUM S. RUBRUM 5G,11,,5G,
4065-706,13.5,520,EA,PENNISETUM A. LITTLE BUNNY 5G,13.5,,5G,
4065-715,43,519,EA,PENNISETUM SPATHIOLATUM 15G,43,,15G,
4065-801,7,522,EA,PENNISETUM FIREWORKS 1G,7,,1G,
4065-803,11,520,EA,PENNISETUM RUBRUM 3G,11,,3G,
4065-805,12.5,520,EA,PENNISETUM ALOP. ,11.5,,,
4065-815,43,519,EA,PENNISETUM S. RUBRUM 15G,43,,15G,
4065-901,4.5,522,,PENNISETUM M. BUNNY TAILS 1G,4.5,,1G,
4065-905,12.5,520,EA,PENNISETUM S. RUBRUM 5G,11,,5G,
4065-915,45,519,EA,PENNISETUM A. 'HAMELN 15G,45,,15G,
4066-001,4.5,522,EA,PENNISETUM RED BUNNY TAILS 1G,4.5,,1G,
4066-005,12.5,520,EA,PENN. SET. DWARF RED 5G,11,,5G,
4066-101,4.25,522,EA,PENNISETUM LITTLE BUNNY 1G,4.25,,1G,
4066-105,14,520,EA,PENNISETUM FIREWORKS 5G,13,,5G,
4066-201,4.5,522,EA,PENSTEMON 'FIREBIRD' 1G,4.5,,1G,
4066-205,18,520,EA,PENSTEMON FIREBIRD 5G,18,,5G,
4066-305,13.5,520,EA,PENNISETUM 'RED BUNNY TAILS' 5G,13.5,,5G,
4066-401,4.5,522,EA,PENNISETUM TALL TAILS 1G,4.5,,1G,
4066-501,4.25,522,EA,PENNISETUM ALOPECUROIDES 1G,4.25,,1G,
4067-101,4.5,522,EA,PENST APPLE BLOSSOM 1G,4.5,,1G,
4067-501,4.5,522,EA,PENNISETUM ORIENTALE 1G,4.5,,1G,
4067-505,11,520,EA,PENNISETUM ORIENTALE 5G,11,,5G,
4067-601,4,522,EA,PENNISETUM CAUDATUM 1G.,4,,1G,
4067-701,4,522,EA,PENNISETUM MESSAICUM 1G,4,,1G,
4067-705,11,520,EA,PENNISETUM MESSAICUM 5G,11,,5G,
4067-801,4.5,522,EA,PENSTEMON SPECTABILIS 1G,4.5,,1G,
4067-805,18,520,EA,PENSTEMON SPECTABILIS 5G,18,,5G,
4067-901,4.5,522,EA,PENSTEMON G. MIDNIGHT 1G,4.5,,1G,
4067-903,2.5,524.1,EA,PENSTEMON SPECTABILIS LINER,2.5,,,
4068-101,4,522,EA,PEROVSKIA BLUE SPIRE 1G,4,,1G,
4068-201,4,522,EA,PEROVSKIA 'LITTLE SPIRE' 1G,4,,1G,
4069-105,13,520,EA,PHILADELPH MINN.SNOWFLAKE 5G,13,,5G,
407-005,0.51,None,EA,1/2 90 ELL ST,0.51,,,
407-005BL,0,None,EA,1/2 90 ELL ST (B-LN),0,,,
407-005UV,2.65,None,EA,1/2 90 ELL ST (UVR),2.65,,,
407-007,0.6,None,EA,3/4 90 ELL ST,0.6,,,
407-007BL,0,None,EA,3/4 90 ELL ST (B-LN),0,,,
407-007UV,2.97,None,EA,3/4 90 ELL ST (UVR),2.97,,,
407-010,0,999,EA,"SXT 90 ELL PVC - 1""",0,,"1""",
4070-105,15,520,EA,PHILODENDRON PERTUSUM 5G,15,,5G,
407-012,0,999,EA,"SXT 90 ELL PVC - 1 1/4""",0,,"4""",
407-015,0,999,EA,ST 90 ELL - 1.5,0,,,
407-020,0,999,EA,ST 90 ELL - 2,0,,,
407-025,0,999,EA,ST 90 ELL - 2.5,0,,,
407-030,0,999,LS,SWPPPS,0,,,
4070-415,55,519,EA,PHILODENDRON ' XANADU' 15G,55,,15G,
4070-501,4.7,522,EA,PHILODENDRON SELLOUM 1G,3,,1G,
4070-505,12,520,EA,PHILODENDRON SELLOUM 5G,9.5,,5G,
4070-515,42,519,EA,PHILODENDRON SELLOUM 15G,42,,15G,
4070-521,3.5,522,EA,PHILODENDRON SCANDENS 1G,3.5,,1G,
4070-524,95,507,EA,"PHILODENDRON SELLOUM 24""",95,,"24""",
4070-601,5,522,EA,PHILODENDRON LEWISII 1G,5,,1G,
4070-605,15,520,EA,PHILODENDRON XANADU 5G,15,,5G,
4070-615,42,519,EA,PHILODEND. BIPINNATIFIDUM 15G,42,,15G,
4070-701,5,522,EA,PHILODENDRON XANADU 1G,5,,1G,
4070-715,70,519,EA,PHILODENDRON CONGO RED 15G,70,,15G,
407-101,0.61,None,EA,3/4 X 1/2 90 ELL ST,0.61,,,
407-101BL,0,None,EA,3/4 X 1/2 90 ELL ST (B-LN),0,,,
407-101UV,3.9,None,EA,3/4 X 1/2 90 ELL ST (UVR),3.9,,,
407-130,0,999,EA,"ST 90 ELL - 1"" X 1/2""",0,,"1""",
407-131,2.5,None,EA,PVC 1 X 3/4 90 ELL ST,2.5,,,
407-131BL,0,None,EA,1 X 3/4 90 ELL ST (B-LN),0,,,
407-131UV,5.34,None,EA,1 X 3/4 90 ELL ST (UVR),5.34,,,
407-168,0,999,EA,"ST 90 ELL - 1 1/4"" X 1""",0,,"4""",
4075-005,25,520,EA,PHORMIUM PINK STRIPE 5G,25,,5G,
4075-015,65,519,EA,PHORM. T. WILLIAMII VAR 15G,65,,15G,
4075-105,25,520,EA,PHORMIUM SURFER 5G,25,,5G,
4075-115,70,519,EA,PHORMIUM 'RAINBOW QUEEN' 15G,70,,15G,
4075-205,25,520,EA,PHORMIUM PLATT'S BLACK 5G,25,,5G,
4075-305,25,520,EA,"PHORMIUM ""MORTICIA"" 5G",25,,5G,
4075-403,22,520,EA,PHORMIUM GOLDEN RAY 3G,22,,3G,
4075-501,4.5,522,EA,PHORMIUM TENAX 1G,4.5,,1G,
4075-505,12,520,EA,PHORMIUM TENAX 5G,12,,5G,
4075-515,65,519,EA,PHORMIUM T. AMAZING RED 15G,65,,15G,
4075-516,65,519,EA,PHORMIUM T MORTICIA 15G,65,,15G,
4075-601,5,522,EA,PHORMIUM T. 'SURFER' 1G,5,,1G,
4075-605,25,520,EA,PHORMIUM COOKIANUM 5G,25,,5G,
4075-615,65,519,EA,PHORMIUM T. JACK SPRAT 15G,65,,15G,
4075-705,25,520,EA,PHORMIUM T. GREEN BTY 5G,25,,5G,
4075-715,65,519,EA,PHORM. CREAM DELIGHT 15G,65,,15G,
4075-801,5.8,522,EA,PHORM. T. SUNDOWNER 1G,5.8,,1G,
4075-805,25,520,EA,PHORMIUM T. SUNDOWNER 5G,25,,5G,
4075-815,65,519,EA,PHORMIUM T. SUNDOWNER 15G,65,,15G,
4075-901,5.5,522,EA,PHORM. T MAORI MAIDEN  1G,5.5,,1G,
4075-905,25,520,EA,PHORMIUM T. TINY TIM 5G,25,,5G,
4075-915,65,519,EA,PHORMIUM GOLD SWORD 15G,65,,15G,
4076-001,65,519,EA,"PHORMIUM ""TRICOLOR"" 15G",65,,15G,
4076-005,25,520,EA,"PHORM. ""CRÈME DELIGHT"" 5G",25,,5G,
4076-015,60,519,EA,PHORM. RAINBOW WARRIOR 15G,60,,15G,
4076-105,25,520,EA,"PHORMIUM""APRICOT QUEEN"" 5G",25,,5G,
4076-115,65,519,EA,PHORMIUM FLAMINGO 15G,65,,15G,
4076-201,5,522,EA,PHORM T. PINK STRIPE 1G,5,,1G,
4076-205,25,520,EA,PHORMIUM FLAMINGO 5G,25,,5G,
4076-215,65,519,EA,PHORMIUM EVERGREEN 15G,65,,15G,
4076-301,5,522,EA,PHORM T. DAZZLER 1G,5,,1G,
4076-305,25,520,EA,"PHORM. ""PURPLE QUEEN"" 5G",25,,5G,
4076-315,55,519,ea,PHORMIUM T PURPUREA 15G,55,,15G,
4076-405,25,520,EA,PHORMIUM T. EVENING GOLD 5G,25,,5G,
4076-415,65,519,EA,PHORMIUM SHIRAZ 15G,65,,15G,
4076-501,4.5,522,EA,PHORMIUM COMPACTUM 1G,4.5,,1G,
4076-505,11,520,EA,PHORMIUM T. RUBRUM 5G,11,,5G,
4076-515,55,519,EA,PHORMIUM T. RUBRUM 15G,55,,15G,
4076-605,25,520,EA,"PHORMIUM ""DARK DELIGHT"" 5G",25,,5G,
4076-615,65,519,EA,PHORMIUM T. DARK DELIGHT 15G,65,,15G,
4076-705,25,520,EA,PHORMIUM MAORI SUNRISE 5G,25,,5G,
4076-715,70,519,EA,PHORMIUM SURFER 15G,70,,15G,
4076-805,25,520,EA,PHORMIUM T. TOM THUMB 5G,25,,5G,
4076-815,65,519,EA,PHORMIUM BLACK ADDER 15G,65,,15G,
4076-901,5,522,EA,PHORMIUM T. TINY TIM 1G,5,,1G,
4076-905,25,520,EA,PHORMIUM TRI-COLOR 5G,25,GCC,5G,
4077-005,25,520,EA,PHORM. CREAM DELIGHT 5G,25,,5G,
4077-015,57,519,EA,PHORM. AMAZING RED 15G,57,,15G,
4077-105,25,520,EA,PHORMIUM T DWF RED 5G,25,,5G,
4077-115,65,519,EA,PHORMIUM T. DWRF RED 15 G,65,,15G,
4077-205,25,520,EA,PHORMIUM JUBILEE 5G,25,,5G,
4077-305,5.5,522,EA,PHORM. T. APRICOT QUEEN 1G,5.5,,1G,
4077-405,18,520,EA,PHORMIUM MARGARET JONES 5G,18,,5G,
4077-501,5.5,522,EA,PHORMIUM MAORI QUEEN 1G,5.5,,1G,
4077-505,25,520,EA,PHORMIUM MAORI QUEEN 5G,25,,5G,
4077-515,65,519,EA,PHORMIUM MAORI QUEEN 15G,65,,15G,
4077-905,25,520,EA,PHORMIUM TINY RANGER 5G,25,,5G,
4078-015,60,519,EA,PHORM. T. PINK STRIPE 15G,60,,15G,
4078-105,25,520,EA,PHORMIUM TOM THUMB 5G,25,,5G,
4078-115,65,519,EA,PHORM. TOM THUMB 15G,65,,15G,
4078-205,25,520,EA,PHORM. T. MONROVIA RED 5G,25,,5G,
4078-305,25,520,EA,PHORMIUM BLACK ADDER 5G,25,,5G,
4078-415,65,519,EA,PHORMIUM APRICOT QUEEN 15G,65,,15G,
4078-501,5.5,522,EA,PHORMIUM MAORI CHIEF 1G,5.5,,1G,
4078-505,25,520,EA,PHORMIUM MAORI CHIEF 5G,25,,5G,
4078-515,50,519,EA,PHORMIUM TENAX GREEN 15G,50,,15G,
4078-615,65,519,EA,PHORMIUM GREEN BEAUTY 15G,65,,15G,
4078-715,65,519,EA,PHORMIUM T. APRICOT QUEEN 15G,65,,15G,
4078-815,65,519,EA,PHORMIUM RED-DK GREEN 15G,65,,15G,
4079-005,25,520,EA,PHORM. DUSKY CHIEF 5G,25,,5G,
4079-105,25,520,EA,PHORMIUM MAORI MAIDEN 5G,25,,5G,
4079-115,65,519,EA,PHORMIUM DUET 15G,65,,15G,
4079-305,27,520,EA,PHORMIUM CHOCOLATE 5G,27,,5G,
4079-405,25,520,EA,"PHORMIUM T. ""DAZZLER"" 5G",25,,5G,
4079-406,25,520,EA,"PHORMIUM T. ""FIREBIRD"" 5G",25,,5G,
4079-501,5,522,EA,PHORMIUM DUET 1G,5,,1G,
4079-505,25,520,EA,PHORMIUM DUET 5G,25,,5G,
4079-515,65,519,EA,PHORMIUM T MAORI MAIDEN 15G,65,,15G,
4079-615,57,519,EA,PHORM. MAORI SUNRISE 15G,57,,15G,
4079-715,57,519,EA,PHORM. FIRE BIRD 15G,57,,15G,
4079-805,70,519,EA,PHORMIUM 'MONROVIA RED' 15G,70,,15G,
4079-815,65,519,EA,PHORMIUM MARGARET JONES 15G,65,,15G,
4079-905,25,520,EA,PHORM. T. 'GRN BEAUTY' 5G,25,,5G,
408-005,1.01,None,EA,1/2 90 ELL TT,1.01,,,
408-005UV,3.37,999,EA,1/2 90 ELL TT (UVR),3.37,,,
408-007,1.49,None,EA,3/4 90 ELL TT,1.49,,,
408-007BS,17,None,EA,3/4 90 ELL (BRASS),17,,,
408-007UV,10.51,999,EA,"90 ELL  SS (UVR)- 3/4""",10.51,,"4""",
408-010,4.33,None,EA,1 90 ELL TT,4.33,,,
408-010BS,25,None,EA,1 90 ELL (BRASS),25,,,
408-011,3.75,None,EA,"PVC SCH. 80 1"" ELL",3.75,,"1""",
408-012,4.64,None,EA,1 1/4 90 ELL TT,4.64,,,
408-012BS,40,None,EA,1 1/4 90 ELL (BRASS),40,,,
408-013,1.53,None,EA,1 90 ELL  SxT,1.53,,,
408-014,3,999,EA,"PVC 80 3/4"" ELL",3,,"4""",
408-015,5.87,None,EA,1 1/2 90 ELL TT,5.87,,,
408-015BS,51,None,EA,1 1/2 90 ELL (BRASS),51,,,
408-020,8.91,None,EA,2 90 ELL TT,8.91,,,
408-020BS,83,None,EA,2 90 ELL (BRASS),83,,,
408-025BS,31.38,None,EA,2 1/2 90 ELL (BRASS),31.38,,,
4080-305,20,520,EA,PHORMIUM BRONZE BABY 5G,20,,5G,
408-030BS,0,None,EA,3 90 ELL (BRASS),0,,,
4080-401,5,522,EA,PHORM. DUSKY CHIEF 1G,5,,1G,
4080-405,25,520,EA,PHORM GUARDSMAN 5G,25,,5G,
408-040BS,0,None,EA,4 90 ELL (BRASS),0,,,
4080-501,3.5,522,EA,PHORM. T ATROPURPUREUM 1G,3.5,,1G,
4080-505,12,520,EA,PHORMIUM T ATROPURP. 5G,12,,5G,
4080-515,43,519,EA,PHORM. ATROPURPUREUM 15G,43,,15G,
4080-516,60,519,EA,PHORMIUM ATRO. COMP. 15G,60,,15G,
4080-615,65,519,EA,PHORM. WINGS OF GOLD 15G,65,,15G,
4080-715,58,519,EA,PHORMIUM ATRO COMPACTA 15G,58,,15G,
4081-305,25,520,EA,PHORMIUM COLENSOI 5G,25,,5G,
4081-415,65,519,EA,PHORMIUM COLENSOI 15G,65,,15G,
4081-501,4.5,522,EA,PHORMIUM YELLOW WAVE 1G,4.5,,1G,
4081-505,25,520,EA,PHORMIUM YELLOW WAVE 5G,25,,5G,
4081-515,65,519,EA,PHORMIUM YELLOW WAVE 15G,65,,15G,
4081-601,5.5,522,EA,PHORMIUM JACK SPRAT 1G,5.5,,1G,
4081-605,25,520,EA,PHORMIUM JACK SPRAT 5G,25,,5G,
4081-701,6,522,EA,PHORMIUM WINGS OF GOLD 1G,6,,1G,
4081-705,25,520,EA,PHORM. T. WILLIAMII VAR. 5G,25,,5G,
4081-706,20,520,EA,PHORMIUM T. AMAZING RED 5G,20,,5G,
4081-805,25,520,EA,"PHORMIUM ""MORTICIA"" 5G",25,,5G,
4081-815,60,519,EA,PHORMIUM T. GRN BEAUTY 15G,60,,15G,
4081-905,28,520,EA,PHORMIUM ED CARMAN 5G,28,,5G,
4082-001,5.6,522,EA,PHORM. T. ATRO. DWARF 1 GAL,5.6,,1G,
4082-505,12,520,EA,PHORM. ATRO. DWF PURPLE 5G,12,,5G,
4084-515,65,519,EA,PHORMIUM T. BRONZE BABY 15G,65,,15G,
4085-201,6,522,EA,PHORMIUM T. ED CARMAN 1G,6,,1G,
4085-301,5,522,EA,PHORM. MAORI SUNRISE 1G,5,,1G,
4085-401,6,522,EA,PHORMIUM TOM THUMB 1G,6,,1G,
4085-501,3.8,522,EA,PHORMIUM T BRONZE 1G,3.8,,1G,
4085-505,11,520,EA,PHORMIUM T BRONZE 5G,11,,5G,
4085-506,18,520,EA,PHORMIUM T. BRNZ BEAUTY 5G,18,,5G,
4085-515,55,519,EA,PHORMIUM T BRONZE 15G,55,,15G,
4085-516,60,519,EA,PHORMIUM 'BRONZE BEAUTY' 15G,60,,15G,
4085-601,7,522,EA,PHORMIUM BLACK ADDER 1G,7,,1G,
4085-605,25,520,EA,PHORMIUM RAINBOW QUEEN 5G,25,,5G,
4085-615,18,520,EA,PHORMIUM BRONZE BABY 5G,18,,5G,
4086-001,4.5,522,EA,PHORMIUM T. DWRF BRNZ 1G,4.5,,1G,
4086-002,4,522,EA,PHORMIUM T. RUBRUM 1G,4,,1G,
4086-505,12,520,EA,PHORMIUM T DWF BRONZE 5G,12,,5G,
4086-515,65,519,EA,PHORMIUM COOKIANUM 15G,65,,15G,
4086-615,65,519,EA,PHORMIUM PLATT'S BLACK 15G,65,,15G,
4086-705,25,520,EA,PHORMIUM T. 'EVENING GLOW' 5G,25,,5G,
4086-715,65,519,EA,PHORMIUM T. EVENING GLOW 15G,65,,15G,
4087-215,25,520,EA,PHORMIUM T. GREEN BEAUTY 5G,25,,5G,
4087-505,5.5,522,EA,PHORMIUM T. BRONZE BABY 1G,5.5,,1G,
40-9000,51.5,639.2,EA,"GALCON 006-000 3/4""-1""",51.5,,"4""",
4090-015,65,519,EA,PHORM. T. WILLIAMSII VARG. 15G,65,,15G,
4090-501,3.5,522,EA,PHORMIUM T VARIEGATUM 1G,3.5,,1G,
4090-505,12,520,EA,PHORMIUM T VARIEGATUM 5G,12,,5G,
4090-515,55,519,EA,PHORMIUM T VARIEGATUM 15G,55,,15G,
4090-601,4.5,522,EA,PHORMIUM TEN. 'AMAZING RED' 1G,4.5,,1G,
4091-515,65,519,EA,PHORMIUM MAJESTIC QUEEN 15G,65,,15G,
4095-501,3.7,522,EA,PHOTINIA FRASERI 1G,3.7,,1G,
4095-505,10,520,EA,PHOTINIA FRASERI 5G,10,,5G,
4095-515,42,519,EA,PHOTINIA FRASERI 15G,42,,15G,
4095-605,15,520,EA,PHOTINIA RED ROBIN 5G,15,,5G,
4095-615,29,519,EA,PHOTINIA INDIAN PRINCESS 15G,29,,15G,
4095-705,28,520,EA,PHOTINIA BIRMINGHAM 5G,28,,5G,
4095-715,33,519,EA,"PHOTINIA F.""SUNDOWNER"" 15G",33,,15G,
4095-815,30,519,EA,PHOTINIA RUBRA 15G,30,,15G,
4095-915,45,519,EA,PHOTINIA SERRULATA 15G,45,,15G,
4096-501,3,522,EA,PHOTINIA F. INDIAN PRINCESS 1G,3,,1G,
4096-505,7.5,520,EA,PHOTINIA INDIAN PRINCESS 5G,7.5,,5G,
40-9985,35,None,EA,"MULTI-FLO 12"" TEE",35,,"12""",
40-9986,17,None,EA,"MULTI-FLO 12"" COUPLER",17,,"12""",
40-9987,22,None,EA,"MULTI-FLO 12"" SIDE OUTLET #12004",22,,"12""",
40-9988,12,None,EA,"MULTI-FLO 12"" END CAP #12000",12,,"12""",
40-9989,22,None,EA,"MULTI-FLO 12"" END OUTLET",22,,"12""",
40-9991,8.75,182.1,LF,"MULTI-FLOW DRAIN 18"" (150' SECTION)",8.75,,"18""",
40-9992,25,None,EA,"MULTI FLOW FITTINGS 6"" WYE,C.O., CROSS",25,,"6""",
40-9993,25,None,EA,"MULTI FLOW FITTINGS  12'"" WYE,C.O.,CROSS",25,,,
40-9994,40,None,EA,"MULTI FLOW FITTINGS 18"" WYE,C.O.,CROSS",40,,"18""",
40-9995,30,None,EA,"MULTI FLOW FITTINGS 18"" COUP.,END,SIDE OUTLET",30,,"18""",
40-9996,20,None,EA,"MULTI FLOW FITTINGS 12"" COUP.,END,SIDE OUTLET",20,,"12""",
40-9997,12,None,EA,"MULTI FLOW FITTINGS 6"" COUP.,END,SIDE OUTLET",12,,"6""",
40-9998,6.9,182.1,FT,"MULTI-FLOW DRAIN 12"" (150' SECTIONS)",6.9,,"12""",
40-9999,18,None,EA,PVC 4 x 6 INCREASER PVC 40,18,,,
4100-0003,60,510,EA,QUERCUS SUBER 15G,60,,15G,
41-0001,18.5,531,EA,GAZANIA RIGENS FLATS,17,,,
41-0002,17,531,EA,VERONICA REPENS FLATS,17,,,
41-0011,17,531,EA,GAZ. MIT. ,17,,,
41-0105,12,520,EA,ACHILLEA MILLEFOLIUM 5G,11,,5G,
41-0116,17,531,FL,PRATIA PENUNCULATA FLAT,17,,,
41-0201,4.5,522,EA,ACHILLEA M. 'PAPRIKA' 1G,4.5,,1G,
41-0204,2.5,524,EA,"ACHILLEA MILLEFOLIUM 4""",2.5,,"4""",
41-0205,11,520,EA,ACHILLEA MILL. PAPRIKA 5G,11,,5G,
41-0304,2.25,524.1,EA,"ACHILLEA 'MOONSHINE' 4"" POTS",2.25,,"4""",
41-0305,12,520,EA,ACHILLEA TOMENTOSA 5G,12,,5G,
41-0405,17,520,EA,ACHILLEA MOONSHINE 5G,17,,5G,
41-0505,18,520,EA,ACHILLEA AGERATA 5G,18,,5G,
41-0605,15,520,EA,ACHILLEA PINK GRAPEFRUIT 5G,15,,5G,
41-0999,1.25,524,EA,OPHIOPOGON JAP. LINER,1.25,,,
41-1000,14,531,EA,NEEDLE POINT IVY FLAT,14,,,
41-1001,14,531,FL,CERASTIUM TOMENTOSA FLATS,14,,,
41-1002,14,531,FL,POTENTILLA FLAT,14,,,
41-1003,14,531,FL,CAMPANULA POSCHARSKYANA FLATS,14,,,
41-1004,16,531,EA,TRAC JAS FLAT (64 PER FLAT),16,,,
41-1005,14,531,EA,POTENTILLA VERNA FLAT,14,,,
41-1006,16,531,EA,OPHIOPOGON JAPONICA FLAT,16,,,
41-1007,14,531,EA,DELOSPERMA ALBA FLAT,14,,,
41-1008,16,531,EA,VERBENA PERUVIANA FLAT,16,,,
41-1009,20,531,EA,DELOSPERMA COOPERII FLT (48 PER),20,,,
41-1010,14,531,EA,VERBENA 'PURPLE' FLATS,14,,,
41-1011,14,531,EA,POTENTILLA TAB. FLAT,14,,,
41-1012,15,531,FL,TRACHY ASIATICUM FLT (50 PER FLAT),15,,,
41-1013,14,531,EA,MALEOPHORA CROCEA RED FLATS,14,,,
41-1014,15.5,531,EA,OPHIOPOGON JAP VARIEGATED FLAT,15.5,,,
41-1015,16,531,EA,TRAC. ASIAN FLAT (50 PER FLAT),16,,,
41-1016,35,530,EA,"ARTEMESIA P. ""DAVID CHOICE"" 4"" FLAT",35,,"4""",
41-1017,16,531,EA,OPHIOPOGON JAP. 'NANA' FLAT,16,,,
41-1018,35,531,EA,RUSCHIA NANA FLATS (64/),35,,,
41-1020,18.5,531,EA,HAHNS IVY FLAT,14,,,
41-1021,14,531,FL,"HEDERA ""GLACIER"" FLAT",14,,,
41-1022,30,531,EA,CAREX GLAUCA FLATS,30,,,
41-1023,15,531,EA,ACACIA REDOLENS FLAT,15,,,
41-1024,14,531,FL,HEDERA H. NEEDLEPOINT FLAT,14,,,
41-1025,20,530,EA,"HEDERA NDLPT. VARIEG. 4"" FLATS",20,,"4""",
41-1026,20,530,EA,"HEDERA GLACIER 4"" FLAT",20,,"4""",
41-1031,4,522,EA,DELOSPERMA COOPERI 1G,4,,1G,
41-1032,18,520,EA,DELOSPERMA COOPERI 2G,18,,2G,
41-1040,14,531,EA,BACCHARIS TWIN PEAKS FLAT,14,,,
41-1041,14,531,EA,BACCHARIS PIGEON POINT FLAT,14,,,
41-1042,15,531,EA,BACCHARIS T STARN FLAT,15,,,
41-1059,14,531,FL,LONICERA HALLIANA FLAT,14,,,
41-1060,18.5,531,EA,HONEYSUCKLE FLATS (LONICERA JAP.),14,,,
41-1080,11,531,EA,CARPOBROTUS EDULIS CUTTINGS - 50/FLAT,11,,,
41-1090,14,531,EA,LIMONIUM PEREZII FLATTED,14,,,
41-1093,4,524.1,EA,"THYMUS PSEUDO  4"" POTS",4,,"4""",
41-1094,4,524.1,EA,"THYMUS VULGARIS 4"" POTS",4,,"4""",
41-1095,14,531,EA,FESTUCA RUBRA FLATS,14,,,
41-1096,14,531,EA,ROSMARY O. HUNT.BLUE CARP. FLT,14,,,
41-1097,14,531,EA,FESTUCA ELIJAH BLUE FLAT,14,,,
41-1098,18.5,531,EA,ROSM HUNT CARPET FLT,15,,,
41-1100,14,531,EA,FRAGARIA CHILOENSIS FLAT,14,,,
41-1101,14,531,EA,OSTEOSPERMUM FRUIT FLATS,14,,,
41-1102,14,531,EA,CAMPANULA POSCHARSKYANA FLATS,14,,,
41-1103,14,531,FL,DROSANTHEMUM HISPIDUM FLTS,14,,,
41-1104,14,531,FL,DROSANTHEMUM FLORIBUNDA FLTS,14,,,
41-1105,14,531,EA,"SAGINA SUBULATA ""IRISH MOSS"" FLT",14,,,
41-1106,16,531,EA,HERNIARIA G. GREEN CARPET FLT (36 plg ct),16,,,
41-1107,14,531,FT,FESTUCA OVINA GLAUCA FLAT,14,,,
41-1108,14,531,FT,LAMP SPEC'PALE PINK' FLT,14,,,
41-1109,16,531,FL,SEDUM ANGLICUM FLATS,16,,,
41-1110,14,531,EA,MESEMBRYANTHEMUM ROSEA FLAT,14,,,
41-1111,14,531,EA,DUCHESNEA INDICA FLAT,14,,,
41-1112,14,531,FL,AJUGA R. ATROPURPUREA FLATS,14,,,
41-1113,35,531,FT,PELA PEL (IVY GER. 50 PER FLT),35,,,
41-1114,35,531,EA,PELA PEL SALMON  FLATS (50 PER),35,,,
41-1115,35,531,EA,PELA PEL WHITE FLATS (50 PER),35,,,
41-1116,14,531,FL,G.C. MISC.,14,,,
41-1117,14,531,FL,CAMP PORS FLATS,14,,,
41-1118,15,531,FL,"EXP. G.C. 4""POTS/FLTS",15,,"4""",
41-1119,5,522,EA,SEDUM SPURIUM 1G,4.5,,1G,
41-1120,14,531,EA,ROSEMARY FLAT,14,,,
41-1121,14,531,EA,ROSM. O. PROSTRATUS FLAT,14,,,
41-1122,16,531,EA,LANTANA FLATS (64 FLAT),16,,"64""Flt",
41-1123,19,531,EA,DYMONDIA MARGARETAE FLT,16,,,
411-123,750,999,EA,"CITRUS ""KUMQUAT"" 24"" STD",750,,"24""",
41-1124,15,531,EA,"CARPOBROTUS ""PIG DWARF"" 4"" POTS",15,,"4""",
41-1125,14,531,EA,PURPLE ALLYSUM FLAT,14,,,
41-1126,16,531,EA,LANTANA ALBA FLATS (64/FLAT),16,,,
41-1127,19,522,EA,"DYMONDIA M. ""SILVER CARPET"" FLT",14,,,
41-1128,20,530,EA,"PELAR.PEL. CORAL DOUBLE 4"" FLTS",20,,"4""",
41-1129,20,531,EA,SEDUM BLUE SPRUCE FLATS,20,,,
41-1130,4.5,522,EA,"SEDUM SPATH. ""CAPE BLANCO"" 1G",4.5,,1G,
41-1131,20,531,EA,SEDUM BLUE CARPET FLT,20,,,
41-1132,16,531,EA,SEDUM R. ANGELINA FLAT,16,,,
41-1133,16,531,EA,AJUGA REPTANS FLAT,16,,,
41-1134,4,524.1,EA,"SEDUM SPATH PURPUREUM 4""",4,,"4""",
41-1135,38,519,EA,CEANOTHUS G. HORIZONTALIS 15G,38,,15G,
41-1136,0.25,531,EA,CEANOTHUS YANKEE POINT FLATS,0.25,,,
41-1137,,,,LANTANA CONFETTI FLAT,,,,
41-1140,14,531,EA,VINCA MAJOR FLAT,14,,,
41-1141,14,531,EA,"DUCHESNEA INDICA ""GC"" FLT",14,,,
41-1142,18,531,FL,SEDUM MIXED FLATS,18,,,
41-1143,25,531,FL,CAMPANULA PORTENSCHLAGIANA FLATS,25,,,
41-1144,14,531,EA,ROSMARINUS OFF. 'LOCKWOOD DE FOREST' FLAT,14,,,
41-1151,14,531,EA,"SEDUM SPURIUM ""RED CARPET"" FLATS",14,,,
41-1160,15,531,EA,VINCA MINOR FLAT,15,,,
41-1200,18.5,531,EA,GAZANIA MIT YELLOW FLAT,14,,,
41-1201,18.5,531,EA,GAZANIA MIT WHITE FLAT,14,,,
41-1202,12,520,EA,ARMERIA MARITIMA 5G,12,,5G,
41-1203,14,531,EA,BABY'S TEARS FLATS,14,,,
41-1204,14,531,EA,LAURENTIA (ISOTOMA) FLUVIATILIS,14,,,
41-1205,17,531,FL,PACHYSANDRA TERMINALIS FLTS,17,,,
41-1206,18.5,531,EA,GAZANIA LEUCO. WHITE FLAT,14,,,
41-1207,4.5,522,EA,GAZANIA RIGENS 1G,3.6,,1G,
41-1210,14,531,FL,CHRYSANTHEMUM 'DWARF' FLTS,14,,,
41-1211,14,531,EA,POLYGONUM CAPITATUM FLATS,14,,,
41-1212,14,531,EA,LYSIMACHIA NUMMULARIA (FLATTED),14,,,
41-1213,14,531,FT,ARCTOTHECA CALENDULA FLATS,14,,,
41-1214,18.5,531,EA,GAZANIA FIESTA RED FLATS,14,,,
41-1216,4,523,EA,"HERBS  4"" POTS",4,,"4""",
41-1217,7,522,EA,"HERBS 6"" POTS",7,,"6""",
41-1218,5,524.1,EA,"VEGETABLES 4"" POTS",5,,"4""",
41-1219,3.8,522,EA,1G HERBS/VEGGIES,3.8,,1G,
41-1220,18.5,531,EA,GAZANIA SUNRISE YELLOW FLT,14,,,
41-1225,7.25,520,EA,AMERI MARTIMA 5G,7.25,,5G,
41-1234,16,531,EA,"THYMUS V. ""ARGENTEUS"" FLAT",16,,,
41-1240,14,531,EA,ROSE ICEPLANT FLAT,14,,,
41-1241,14,531,EA,ACHILLEA MILLE. ROSEA FLATS (50),14,,,
41-1242,14,531,FL,"THYMUS PSEUDOLANUGINARUS, FLT",14,,,
41-1243,14,531,FL,"THYMUS VULGARIS, FLAT",14,,,
41-1244,16,531,FL,SENECIO MANDRALISCAE FLAT (50 PER),16,,,
41-1245,14,531,FL,ENGLISH IVY FLAT,14,,,
41-1246,15,531,EA,THYMUS PRAECOX - FLATS,15,,,
41-1247,20,520,EA,SENECIO VITALIS 5G,20,,5G,
41-1248,15,531,EA,THYMUS CITRIODORUS FLT,15,,,
41-1249,18.5,531,EA,GAZANIA TRAILING ORANGE FLAT,14,,,
41-1250,4.5,522,EA,ACHILLEA MILLEFOLIUM 1G,4.5,,1G,
41-1251,6,522,EA,ACORUS GRAMINEUS 1G,6,,1G,
41-1252,14,531,EA,THYMUS PRAECOX ARCTICIUS FLTS,14,,,
41-1253,18,531,EA,SENECIO CHALK STICKS FLAT,18,,,
41-1254,18.5,531,EA,GAZANIA TRAILING YELLOW FLT,14,,,
41-1255,14,531,EA,CONVOLVULUS MAURITANICUS FLATS,14,,,
41-1256,18,520,EA,ACORUS GRAMINEUS 'OGON' 5G,18,,5G,
41-1257,55,531,EA,ACHILLEA TOMENTOSA LINER FLAT (72),55,,,
41-1258,22,531,EA,CHAMAEMELUM NOBILE FLAT (64),22,,,
41-1260,14,531,EA,APTENIA CORD. (RED APPLE) FLT,14,,,
41-1261,6,522,EA,ACORUS GRAMINEUS OGON 1G,6,,1G,
41-1264,3,524.1,EA,"APTENIA CORD 4"" POTS",3,,"4""",
41-1265,16,531,FL,LANTANA MONT FLATS,16,,,
41-1266,4.25,522,EA,ACHILLEA 'MOONSHINE' 1G,4.25,,1G,
41-1270,3.25,522,EA,"ACHILLEA M. ""SALMON BEAUTY"" 1G",3.25,,1G,
41-1271,4,522,EA,ACHILLEA 'LAVENDER BEAUTY' 1G,4,,1G,
41-1278,14,531,EA,HYPERICUM CALY FLAT,14,,,
41-1279,18.5,531,EA,GAZANIA COPPER KING FLAT,14,,,
41-1280,0.85,532,EA,MEDALLION SOD (0-7995),0.85,SD,,
41-1281,0.7,532,SF,SANTA ANA HYBRID BERMUDA,0.7,,,
41-1282,2.15,532,SF,BENTGRASS SOD (Agrostis Pallens),2.15,SD,,
41-1283,0.8,532,SF,MARATHON II SOD (0-7999 SF),0.8,SD,SF,
41-1284,0.8,532,SF,MARATHON II SOD (8000 + SF),0.8,SD,SF,
41-1285,1.05,532,SF,HILLSIDE FINE FESCUE SOD (West Coast),1.05,SD,,
41-1286,18.5,531,FL,GAZANIA AZTEC WHITE FLAT (CLUMPING),14,,,
41-1287,0.75,532,SF,PENNBLUE SOD,0.75,SD,,
41-1288,1.25,532,SF,PACIFIC WILDFLOWER MIX SOD,1.25,SD,,
41-1289,0.7,532,SF,GN-1 HYBRID BERMUDA SOD,0.7,SD,,
41-1290,0.9,532,SF,PACIFIC NO-MOW SOD,0.9,SD,,
41-1291,0.7,532,SF,TIFWAY 2 HYBRID BERMUDA,0.7,,,
41-1292,1.6,524,SF,FESTUCA CALIF. PLUGS,1.6,,,
41-1293,0.7,532,SF,RYE SOD FROM WEST COAST,0.7,SD,,
41-1294,0.7,532,SF,ELITE PLUS SOD BY A.G.,0.7,SD,,
41-1295,1,532,SF,MARATHON #3 SOD,1,SD,,
41-1296,1,532,SF,MARATHON LITE SOD,1,SD,,
41-1297,4,532,SF,KURAPIA SOD (West Coast),4,SD,,
41-1298,4,800.1,SF,ARTIFICIAL TURF,4,SD,,
41-1299,1.5,532,S.,ZOYSIA SOD,1.5,SD,,
41-1300,1,532,SF,MEDALLION SOD (8000+),0.89,SD,,
41-1301,1,532,SF,MEDALLION SOD W/ BONZAI (PAC. SOD),0.85,SD,,
41-1302,0.78,532,SF,BALLPARK SOD BY A.G.,0.78,SD,,
41-1303,3.35,532,SF,NATIVE PRESERVATION MIX SOD,3.35,SD,,
41-1304,0.8,532,SF,AG TIFTUF FESCUE/BERMUDA,0.8,,,
41-1305,0.7,532,SF,WEST COAST TIFTUF BERMUDA,0.65,,,
41-1320,1.6,532,UM,DICONDRA (NOT GROWN ANYMORE),1.6,,,
41-1321,15,531,EA,DICONDRA FLATS,15,,,
41-1322,90,999,EA,FESCUE SEED (10 LBs),90,,,
41-1340,0.7,532,SF,SOD DWARF FESCUE (1-7999),0.7,SD,,
41-1341,0.7,532,SF,DWARF FESCUE EDEN SOD,0.7,SD,,
41-1360,0.7,532,SF,SOD DWARF FESCUE  (8000+),0.7,SD,,
41-1370,1.6,532,SF,ST. AUGUSTINE SOD,1.25,SD,,
41-1371,0.75,532,SF,CELEBRATION BERMUDA (A-G Sod),0.75,SD,,
41-1380,0.75,532,SF,TIFGREEN BERMUDA,0.7,,,
41-1381,0.7,532,SF,TIFWAY 419 SOD,0.7,SD,,
41-1382,1.1,524,EA,UC VERDE BUFFALO GRASS PLUGS,1.1,,,
41-1390,1,532,SF,PASPALUM SOD,0.95,SD,,
41-1391,0.7,532,SF,BANDERA BERMUDA (WEST COAST),0.7,,,
41-1392,1.1,532,SF,FESTUCA RUBRA (SOD),1.1,SD,,
41-1393,2.25,532,SF,BUFFALO GRASS (SOD),2.25,SD,,
41-1394,1.25,532,SF,BARENBRUG RTF TALL FESCUE,1.25,,,
41-1395,0.7,532,SF,WEST COASTER TALL FESCUE,0.7,,,
41-1420,99.8,None,EA,BLAZON 2.5 GAL,99.8,,5G,
41-1440,99.94,None,EA,FUSILADE 2000 GAL,99.94,,2000G,
41-1460,16.25,None,EA,RUBBER BOOTS PR,16.25,,,
41-1480,90.2,None,EA,COVER-ALLS CARTON,90.2,,,
41-1500,15.2,None,EA,SPRAY FILM B GAL,15.2,,,
41-1501,9,None,EA,SPRAY PAINT; ORANGE MARKING,9,,,
41-1520,31.92,None,EA,SOLVEX GLOVES DOZEN,31.92,,,
41-1601,3.6,522,EA,GAZANIA 'MITSUWA YELLOW' 1G,3.6,,1G,
41-1604,2.5,524.1,EA,"GAZANIA 4"" POT",2.5,,"4""",
41-1611,4.5,522,EA,GAZANIA 'FIESTA RED' 1G,3.6,,1G,
41-1701,5.4,522,EA,ACHILLEA ISLAND PINK 1G,5.4,,1G,
41-1801,5,522,EA,ACHILLEA SONOMA COAST 1G,5,,1G,
4119-001,4,522,EA,SEDUM RUBROTINCTUM 1G,4,,1G,
4119-004,4,524.1,EA,"SEDUM NUSSBAUMERIANUM 4"" POTS",4,,"4""",
4119-006,8,522,EA,"SEDUM 'BLUE SPRUCE' 6"" POT",8,,"6""",
41-1901,4,522,EA,ACHILLEA TERRA COTTA 1G,4,,1G,
4119-101,4.5,522,EA,SEDUM AUTUMN JOY 1G,4.5,,1G,
4119-104,4,524.1,EA,"SEDUM R. ANGELINA 4"" POT",4,,"4""",
4119-105,14,520,EA,SEDUM NUSSBAUMERIANUM 5G,14,,5G,
4119-106,10,522,EA,"SEDUM MOR. 'BURRITO' 6"" POT",10,,"6""",
41-1911,4,522,EA,ACHILLEA TOMENTOSA 1G,4,,1G,
4119-111,7,522,EA,SEDUM TETRACTINUM 1G,7,,1G,
4119-201,6.5,522,EA,SEDUM VOODOO 1G,6.5,,1G,
4119-204,4,524.1,EA,"SEDUM FIRESTORM 4""",4,,"4""",
4119-205,15,520,EA,SEDUM REF. 'BLUE SPRUCE' 5G,15,,5G,
41-1921,4.2,522,EA,ACHILLEA T. 'KING GEORGE' 1G,4.2,,1G,
4119-301,6.5,522,EA,SEDUM F. ORACLE 1G,6.5,,1G,
4119-304,,,,"SEDUM BLUE SPRUCE 4"" FLT",,,,
4119-305,12,520,EA,SEDUM RUB. 'LEMON BALL' 5G,12,,5G,
41-1931,4.5,522,EA,ACHILLEA HYBRIDS - YELLOW 1G,4.5,,1G,
4119-401,6,522,EA,SEDUM MORGANIANUM 1G,6,,1G,
4119-405,12,520,EA,SEDUM SPU. 'DRAGON'S BLOOD' 5G,12,,5G,
4119-406,10,522,EA,"SEDUM MORGANIANUM 6"" POT",10,,"6""",
41-1941,4.5,522,EA,ACHILLEA 'CHERISE QUEEN' 1G,4.5,,1G,
4119-501,7,522,EA,SEDUM S. BRILLIANT 1G,7,,1G,
41-1951,5,522,EA,ACHILLEA BURNT SAFFRON 1G,5,,1G,
4119-601,7,522,EA,SEDUM 'FIRECRACKER' 1G,7,,1G,
4119-701,7,522,EA,SEDUM 'ANGELINA & LIME' 1G,7,,1G,
4119-705,16,520,EA,SEDUM ANGELINA 5G,16,,5G,
4119-801,7,522,EA,SEDUM RUP. 'ANGELINA' 1G,7,,1G,
4119-901,7,522,EA,"SEDUM MAK. ""LIMELIGHT"" 1G",7,,1G,
41-2000,0.19,639.3,EA,FLOWERING BULBS,0.19,,,
4120-001,7,522,EA,SEDUM 'BURRITO' 1G,7,,1G,
41-2001,3.6,522,EA,DUCHESNA INDICA 1G,3.6,,1G,
41-2005,15,520,EA,SEDUM SPECTABILE 5G,15,,5G,
412-005,1.24,None,EA,1/2 90 STREET ELL ST,1.24,,,
412-005M,0.33,None,EA,1/2 90 STREET ELL ST MRLX,0.33,,,
412-005UV,4.1,None,EA,1/2 90 STREET ELL (UVR),4.1,,,
412-007,2.25,None,EA,3/4 90 STREET ELL ST,2.25,,,
412-007BL,5,None,EA,3/4 90 STREET ELL ST (B-LN),5,,,
412-007BS,21,None,EA,3/4 90 STREET ELL (BRASS),21,,,
412-007M,1,None,EA,MARLEX 3/4 STREET ELL,1,,,
412-007UV,5.04,None,EA,3/4 90 STREET ELL (UVR),5.04,,,
412-010,0,999,EA,90 STREET ELL PVC - 1,0,,,
4120-101,7,522,EA,SEDUM FUIDA GLOW 1G,7,,1G,
412-010BS,35,None,EA,1 90 STREET ELL (BRASS),35,,,
412-010M,0,999,EA,90 STREET ELL MARLEX - 1,0,,,
4120-124,350,507,EA,"PHOENIX CANARIENSIS 24"" BOX",350,,"24""",
412-012BS,41,999,EA,"90 STR ELL (BRASS) - 1 1/4""",41,,"4""",
4120-136,600,505.2,EA,"PHOENIX CANARIENSIS 36"", 2' TRUNK",600,,"36""",
412-015BS,71,999,EA,"90 STR ELL (BRASS) - 1 1/2""",71,,"2""",
4120-201,8,522,EA,SEDUM AURORA 1G,8,,1G,
412-020BS,117,999,EA,"90 STR ELL (BRASS) - 2""",117,,"2""",
4120-301,,,,SEDUM STIRNG OF FISH HOOKS 1G,,,,
4120-401,7,522,,SEDUM COPPERTONE 1g,7,,1G,
4120-501,7,522,EA,SEDUM DENDRIODEUM 1g,,,,
41-2101,35,531,FL,CARISSA M. GREEN CARPET FLAT,35,,,
41-2102,1.7,524,EA,CARISSA GREEN CARPET LINER,1.7,,,
41-2105,18,520,EA,SEMPERVIVUM 'ROYAL RUBY' 5G,18,,5G,
41-2109,16,531,EA,SEDUM SPURIUM FLATS,16,,,
41-2110,25,531,EA,SEDUM PACHYCLADOS FLAT,25,,,
41-2111,5,522,EA,SEDUM VERA JAMESON 1G,5,,1G,
41-2112,14,531,EA,SEMPERVIRENS TECTORUM FLATS,14,,,
41-2113,5.8,522,EA,SEDUM RUB. JELLY BEAN 1G,5.8,,1G,
41-2114,6.5,522,EA,SEMPERVIVUM TECT GREENII 1G,6.5,,1G,
41-2115,6.5,522,EA,SEMPERVIVUM 'COMMANDER HAY' 1G,6.5,,1G,
41-2116,20,531,EA,SEDUM JELLY BEANS FLAT,20,,,
41-2201,5,522,EA,SEDUM NUSSBAUMERIANUM 1G,5,,1G,
41-2206,10,522,EA,"SEDUM NUSSBAUMERIANUM 6"" POT",10,,"6""",
41-2211,7,522,EA,SEDUM RUPESTRE 1G,7,,1G,
41-2212,16,531,EA,SEDUM RAZZLEBERY FLT,16,,,
41-2220,18.5,531,EA,GAZANIA SPLENDENS YELLOW FLAT,14,,,
41-2221,18.5,531,EA,GAZANIA SPLENDENS 'WHITE' FLATS,14,,,
41-2222,14,531,EA,CAMPANULA PORSCH. FLATS,14,,,
41-2223,30,531,FL,ARCTOSTAPH. 'EMERALD CARPET' - FLAT,20,,,
41-2224,30,531,EA,ARCTO. CARAMEL SUR FLT,,,,
41-2231,8,522,EA,"SEDUM SPECTABILE 6"" POT",8,,"6""",
41-2241,8,522,EA,SEDUM METEOR 1G,8,,1G,
41-2251,7,522,EA,SEDUM KAMTSCHATICUM VARIEGATUM 1G,7,,1G,
41-2258,8,522,EA,"SEDUM KAMTSCHATICUM VARIEGATUM 8"" POT",8,,"8""",
41-2261,6,522,,SEDUM COMMIXTUM 1G,,,,
41-2271,6,522,,SEDUM MAKINOI OGIN 1G,,,,
41-2345,18,531,EA,THYMUS SERPHYLLUM FLAT,18,,,
41-2346,20,531,FL,THYMUS SER. 'ELFIN' FLAT,20,,,
4124-002,547.5,380,EA,FLOMEC QS200-15 FLOW SENSOR,540,POC,,
4124-003,510,380,EA,"FLOMEC QS200-10 1"" F.S.",510,,"1""",
4125-205,25,520,EA,PHOENIX ROEBELENII 5G MLT,25,,5G,
4126-115,60,510,EA,PHOENIX RECLINATA 15G,60,,15G,
4126-124,250,507,EA,"PHOENIX RECLINATA 24"" MLT",250,,"24""",
4126-136,300,505,EA,"PHOENIX RECLINATA 36""",300,,"36""",
4126-148,1500,503,EA,"PHOENIX RECLINATA 48"" MLT",1500,,"48""",
4126-260,5000,501,EA,"PHOENIX RECLINATA 60"" MLT, 4-6' BT",5000,,"60""",
4126-272,7500,500,EA,"PHOENIX RECLINATA 72"" MLT, 8-12' BTH",7500,,"72""",
4126-336,1000,505.2,EA,"PHOENIX RECLINATA 36"" MLT (HI BRANCH)",1000,,"36""",
4126-372,9000,500,EA,"PHOENIX RECLINATA 72"" MLT, 12' - 18' BTH",9000,,"72""",
4128-105,25,520,EA,PHOENIX ROEBELENII 5 GAL,25,,5G,
4128-115,90,519,EA,PHOENIX ROEBELENII 15G,90,,15G,
4128-124,250,507,EA,"PHOENIX ROEBELENII 24"" SINGLE",250,,"24""",
4128-130,500,506,EA,"PHOENIX ROEBELENII 30"" BOX",500,,"30""",
4128-136,500,505,EA,"PHOENIX ROEBELENII 36"" SINGLE",500,,"36""",
4128-215,75,519,EA,PHOENIX ROEBELENII 15G MLT,75,,15G,
4128-224,300,544,EA,"PHOENIX ROEBELENII 24"" MLT",300,,"24""",
4128-236,600,505,EA,"PHOENIX ROEBELENII 36"" MLT",600,,"36""",
4128-248,1500,504,EA,"PHOENIX ROEBELENII 48"" MLT",1500,,"48""",
4128-324,300,544,EA,"PHOENIX ROEBELENII 24"" DBL TRUNK MULTI",300,,"24""",
4128-336,600,505,EA,"PHOENIX ROEBELENII 36"" TRIPLE MLT",600,,"36""",
4128-424,350,544,EA,"PHOENIX ROEBELENII 24"" TRI TRUNK MULTI",350,,"24""",
4129-124,250,507,EA,"PHOENIX ROEB. 24""  (30""X30"")",250,,"24""",
414-005,0,999,EA,"SIDE OUTLET 90 ELL - 1/2""",0,,"2""",
414-010,0,999,EA,SIDE OUTLET 90 ELL - 1,0,,,
414-101,0,999,EA,SIDE OUTLET 90 ELL - 3/4 X 3/4 X 1/2,0,,,
41-5005,20,None,LF,"12"" CMP",20,,"12""",
417-005,0.69,None,EA,1/2 45 ELL SS,0.69,,,
417-005BL,0,None,EA,1/2 45 ELL SS (B-LN),0,,,
417-005TT,0,None,EA,1/2 45 ELL SS,0,,,
417-005UV,2.81,None,EA,1/2 45 ELL SS (UVR),2.81,,,
417-007,1.46,None,EA,3/4 45 ELL SS,1.46,,,
417-007BL,0,None,EA,3/4 45 ELL SS (B-LN),0,,,
417-007BS,0,None,EA,3/4 45 ELL (BRASS),0,,,
417-007TT,0,None,EA,3/4 45 ELL SS,0,,,
417-007UV,3.66,None,EA,3/4 45 ELL SS (UVR),3.66,,,
417-010,1.74,None,EA,1 45 ELL SS,1.74,,,
417-010BL,0,None,EA,1 45 ELL SS (B-LN),0,,,
417-010BS,5,None,EA,1 45 ELL (BRASS),5,,,
417-010UV,4.4,None,EA,1 45 ELL SS (UVR),4.4,,,
4170-115,45,510,EA,PHOTINIA FRASERI 15G STD,45,,15G,
417-012,2.44,None,EA,1 1/4 45 ELL SS,2.44,,,
4170-124,150,507,EA,"PHOTINIA FRASERI 24"" STD",150,,"24""",
417-012BL,0,None,EA,1 1/4 45 ELL SS (B-LN),0,,,
417-012UV,7.13,None,EA,1 1/4 45 ELL SS (UVR),7.13,,,
4170-136,380,505,EA,"PHOTINA FRASERI  36"" STD",380,,"36""",
417-015,3.04,None,EA,1 1/2 45 ELL SS,3.04,,,
417-015BL,0,None,EA,1 1/2 45 ELL SS (B-LN),0,,,
417-015UV,8.6,None,EA,1 1/2 45 ELL SS (UVR),8.6,,,
417-020,2.91,None,EA,2 45 ELL SS,2.91,,,
417-020BL,0,None,EA,2 45 ELL SS (B-LN),0,,,
417-020UV,12.29,None,EA,2 45 ELL SS (UVR),12.29,,,
4170-215,45,519,EA,PHOTINIA RED ROBIN 15G,45,,15G,
417-025,10.37,None,EA,2 1/2 45 ELL SS,10.37,,,
417-025BL,0,None,EA,2 1/2 45 ELL SS (B-LN),0,,,
417-025UV,33.83,None,EA,2 1/2 45 ELL SS (UVR),33.83,,,
417-030,16.1,None,EA,3 45 ELL SS,16.1,,,
417-030BL,0,None,EA,3 45 ELL SS (B-LN),0,,,
417-030UV,52.13,None,EA,3 45 ELL SS (UVR),52.13,,,
4170-315,125,528,EA,PHOTINIA RED ROBIN 15G ESP,125,,15G,
4170-324,450,527.5,EA,"PHOTINIA RED ROBIN 24"" ESP",450,,"24""",
417-040,22.16,None,EA,4 45 ELL SS,22.16,,,
417-040BL,0,None,EA,4 45 ELL SS (B-LN),0,,,
417-040UV,0,None,EA,4 45 ELL SS (UVR),0,,,
417-060,0,999,EA,"SS 45 ELL PVC - 6""",0,,"6""",
4171-124,165,507,EA,"PHOTINIA SERRULATA 24"" STD",165,,"24""",
4176-315,60,519,EA,PHORM. T. DUSTY CHIEF 15G,60,,15G,
4176-415,65,519,EA,PHORMIUM JUBILEE 15G,65,,15G,
4176-515,65,519,EA,PHORMIUM GUARDSMAN 15G,65,,15G,
4178-515,65,519,EA,PHORM. TEN. MAORI CHIEF 15 G,65,,15G,
4178-615,65,519,EA,PHORMIUM MAORI SUNRISE 15G,65,,15G,
4178-715,65,519,EA,PHORMIUM 'BLONDIE' 15G,65,,15G,
4178-815,65,519,EA,PHORMIUM 'CHOCOLATE' 15G,65,,15G,
4190-124,150,507,EA,"PICEA PUNGENS ""KOSTER"" 24""",150,,"24""",
4200-101,2.12,516,EA,PINUS BRUTIA 1GAL,2.12,,1G,
4200-105,18,513,EA,PINUS BRUTIA 5G,18,,5G,
4200-115,60,510,EA,PINUS BRUTIA 15G,60,,15G,
4200-124,165,507,EA,"PINUS BRUTIA 24""",165,,"24""",
4201-115,35,511,EA,PLATANUS MEXICANA 15G STD,35,,15G,
4201-336,410,505.6,EA,"PLATANUS ACER 'MEXICANA' 36"" STD",410,,"36""",
4202-001,4.5,522,EA,PLECTHRANTHUS C. MARGINATA 1G,4.5,,1G,
4202-201,4.5,522,EA,PLECTHRANTHUS AMB. 1G,4.5,,1G,
4202-206,7,522,EA,"PLECTHRANTHUS CILIATUS 6"" POT",7,,"6""",
4202-301,7,522,EA,PLEIOBLASTUS FORTUNEI 1G,7,,1G,
4203-001,2.7,522,EA,CALIBRACHOA 1G,2.7,,1G,
4203-115,45,519,EA,CAESALPINA PULCHERRIMA 15G,45,,15G,
4203-215,55,519,EA,CAESALPINA MEXICANA 15G,55,,15G,
4203-301,5,522,EA,CAESALPINIA GILLIESII 1G,5,,1G,
4203-315,45,519,EA,CAESALPINA GILLIESII 15G,45,,15G,
4203-555,12,520,EA,CAESAPLINIA GILLIESII 5G,12,,5G,
4204-101,3.8,522,EA,WESTRINGIA WYNABBE GEM 1G,3.8,,1G,
4204-505,13.5,520,EA,WEST. F. 'MORNING LIGHT' 5G,12.5,,5G,
4206-130,250,506,EA,"PINUS HALEPENSIS BRUTIA 30""",250,,"30""",
4206-136,440,505,,"PINUS HALEPENSIS BRUTIA 36""",440,,"36""",
4206-148,1050,503,EA,"PINUS HALEPENSIS BRUTIA 48""",1050,,"48""",
4206-172,5600,500,EA,"PINUS HALEPENSIS 72""",5600,,"72""",
4206-224,220,507,EA,"PINUS SABINIANA 24""",220,,"24""",
4206-236,520,505,EA,"PINUS SABINIANA 36""",520,,"36""",
4208-105,18,513,EA,PINUS CANARIENSIS 5G,18,,5G,
4208-115,55,510,EA,PINUS CANARIENSIS 15G,55,,15G,
4208-124,185,507,EA,"PINUS CANARIENSIS 24""",175,,"24""",
4208-130,280,506,EA,"PINUS CANARIENSIS 30""",280,,"30""",
4208-136,470,505,EA,"PINUS CANARIENSIS 36""",470,,"36""",
4208-148,1080,503,EA,"PINUS CANARIENSIS 48""",1080,,"48""",
4208-160,2500,501,EA,"PINUS CANARIENSIS 60""",2500,,"60""",
4208-172,5000,500,EA,"PINUS CANARIENSIS 72""",5000,,"72""",
4208-224,120,507,EA,"PINUS COULTERI 24""",120,,"24""",
4208-248,850,503,EA,"PINUS COULTERI 48""",850,,"48""",
4208-501,4.5,516,EA,PINUS CANARIENSIS 1G,4.5,,1G,
4208-515,45,510,EA,PINUS COULTERI 15G,45,,15G,
4209-105,40,520,EA,FEROCACTUS SPECIES RED 5G,40,,5G,
42-1000,10,530,EA,"CALENDULA FLAT - 4"" POTS",10,,"4""",
42-1001,20,530,FL,"PEL PEL WHITE 4"" POTS",20,,"4""",
42-1002,16,530,FL,"HEDERA HELIX 4"" POT FLAT",16,,"4""",
42-1003,20,530,EA,"PELARGONIUM BALCON 4"" FLATS",20,,"4""",
42-1004,20,530,EA,"PELA HORTORUM (4""POT) FLTS",20,,"4""",
42-1005,30,530,EA,VERBENA PINK 4,30,,,
42-1006,12,530,EA,"VERBENA PURPLE 4""POTS",12,,"4""",
42-1007,20,530,FL,"PEL. PELT. BALKAN 4 "" POTS",20,,"4""",
42-1008,18,530,FL,"HEDERA H. NEEDLEPOINT 4"" FLT",18,,"4""",
42-1009,20,530,EA,"PELARGONIUM GALILEE 4"" FLATS",20,,"4""",
42-1010,14,531,EA,HEDERA VARIEGATED FLAT (64),14,,,
4210-101,4,516,EA,PINUS ELDARICA 1G,4,,1G,
4210-105,18,513,EA,PINUS ELDARICA 5G,18,,5G,
42-1011,,,,"VERBENA RED 4"" FLT",,,,
4210-115,65,510,EA,PINUS ELDARICA 15G,65,,15G,
42-1012,,,,"CONVOLVULUS MAURITANICUS 4"" FLT",,,,
4210-124,140,507,EA,"PINUS ELDARICA 24""",175,,"24""",
4210-130,250,506,EA,"PINUS ELDARICA 30""",250,,"30""",
4210-136,485,505,EA,PINUS ELDARICA 36,485,,,
4210-142,650,503,EA,"PINUS ELDARICA 42""",650,,"42""",
4210-148,1200,503,EA,"PINUS ELDARICA 48""",1080,,"48""",
4210-160,2400,501,EA,"PINUS ELDARICA 60""",2400,,"60""",
4210-172,5600,500,EA,"PINUS ELDARICA 72""",5600,,"72""",
42-1018,15,531,FL,"RED IVY GERANIUM 4"" POTS",15,,"4""",
42-1019,18,531,FL,"LOBELIA ERINUS 4"" POTS",18,,"4""",
42-1020,10,530,EA,"PRIMULA MALACOIDES FLAT-4"" POTS",10,,"4""",
42-1021,2.5,524,EA,ECHEVERA IMBRICATA LINER,2.5,,,
42-1022,1,524,EA,MYOPORUM PARV. LINER,1,,,
4210-224,155,507,EA,"PINUS ELDARICA 24"" L/B",155,,"24""",
4210-236,470,505,EA,"PINUS ELDARICA 36"" L/B",470,,"36""",
4210-260,2400,501,EA,"PINUS ELDARICA 60"" MLT",2400,,"60""",
4210-336,470,505,EA,"PINUS HALEPENSIS 36"" L/B",470,,"36""",
42-1040,10,530,EA,"PANSY FLAT - 4"" POTS",10,,"4""",
42-1060,10,530,EA,"ENGLISH DAISY FLAT 4"" POTS",10,,"4""",
42-1080,10,530,EA,"DIANTHUS FLAT 4"" POTS",10,,"4""",
42-1100,10,530,EA,"LOBELIA FLAT 4"" POTS",10,,"4""",
42-1110,18,530,FL,"LOBELIA FLAT ""CRYSTAL PALACE"" 4"" POTS",18,,"4""",
42-1120,10,530,EA,"POPPY FLAT 4 "" POTS",10,,"4""",
42-1140,10,530,EA,"RANUNCULUS FLAT 4"" POTS",10,,"4""",
42-1160,10,530,EA,"SNAP DRAGON FLAT 4"" POTS",10,,"4""",
42-1180,10,530,EA,"BEGONIA RICH. FLAT 4"" POTS",10,,"4""",
42-1200,16,530,EA,"BEGONIA GREEN LEAF PINK FLAT 4 "" POTS",16,,"4""",
4212-105,18,513,EA,PINUS HALEPENSIS 5G,18,,5G,
4212-106,6,516,EA,PINUS HALEPENSIS 1G,6,,1G,
4212-115,60,510,EA,PINUS HALEPENSIS 15G,50,,15G,
4212-124,185,507,EA,"PINUS HALEPENSIS 24""",175,,"24""",
4212-130,250,506,EA,"PINUS HALEPENSIS 30""",250,,"30""",
4212-136,470,505,EA,"PINUS HALEPENSIS 36""",470,,"36""",
4212-142,730,504,EA,"PINUS HALEPENSIS 42""",730,,"42""",
4212-148,1100,503,EA,"PINUS HALEPENSIS 48""",1100,,"48""",
42-1215,25,531,EA,COPROSMA KIRKII FLATS,14,,,
42-1216,17,531,EA,MYOPORUM PACIFICA FLATS,15,,,
4212-160,2800,501,EA,"PINUS HALEPENSIS 60""",2400,,"60""",
42-1220,16,530,EA,"BEGONIA GREEN LEAF WHITE FLAT 4"" POTS",16,,"4""",
4212-36L,470,505.3,EA,"PINUS HALEPENSIS 36""",470,,"36""",
42-1240,25,530,EA,"IMPATIENS FLAT 4"" POTS",11,,"4""",
42-1241,25,530,FL,"IMPATIENS WALLERIANA 4"" POT FLT",10,,"4""",
42-1242,38,530,EA,SUNPATIENS 4'' FLT,,,,
42-1260,25,530,EA,"MARIGOLDS FLAT 4"" POTS",10,,"4""",
42-1280,20,530,EA,"PETUNIA FLAT 4 "" POTS",14,,"4""",
42-1284,22,530,EA,"PETUNIA CALIBRACHOA 4"" FLT",,,,
42-1300,20,530,EA,"BEGONIA BRONZE LEAF RED FLAT 4"" POT",10,,"4""",
42-1304,22,530,EA,"BEGONIA HIEMALIS 4"" POT FLT",,,,
42-1320,20,530,EA,"BEGONIA BRONZE LEAF WHITE FLAT 4"" POT",10,,"4""",
42-1340,20,530,EA,"BEGONIA BRONZE LEAF PINK FLAT 4"" POT",10,,"4""",
42-1360,20,530,EA,"BEGONIA GREEN LEAF RED FLAT 4"" POTS",16,,"4""",
42-1380,18,530,EA,"VINCA ROSEA FLAT 4"" POTS",18,,"4""",
42-1381,18,530,FL,"VINCA MINOR 4"" POTS",18,,"4""",
42-1382,14,531,FL,SEDUM RUBROTINCTUM FLATS (54 COUNT),14,,,
42-1400,20,530,EA,"PRIMULA POLYANTHA FLAT 4"" POTS",10,,"4""",
4214-105,18,513,EA,PINUS PINEA 5G,18,,5G,
4214-108,19300,499.2,EA,"PINUS PINEA 108""",19300,,"108""",
4214-115,60,510,EA,PINUS PINEA 15G,55,,15G,
4214-124,190,507,EA,"PINUS PINEA 24""",175,,"24""",
4214-136,480,505,EA,"PINUS PINEA 36""",480,,"36""",
4214-142,750,504,EA,"PINUS PINEA 42""",750,,"42""",
4214-148,1100,503,EA,"PINUS PINEA 48""",1100,,"48""",
4214-160,2800,501,EA,"PINUS PINEA 60""",2800,,"60""",
4214-172,5600,500,EA,"PINUS PINEA 72""",5600,,"72""",
4214-184,7500,500,EA,"PINUS PINEA 84""",7500,,"84""",
42-1420,16,530,EA,"ALYSSUM FLAT 4"" POTS",16,,"4""",
42-1421,17,530,EA,ALYSSUM DIRT FLAT,17,,,
4214-224,175,507,EA,"PINUS NIGRA 24"" L/B",175,,"24""",
4214-236,520,505,EA,"PINUS NIGRA 36"" L/B",520,,"36""",
4214-36L,480,505.3,EA,"PINUS PINEA 36""",480,,"36""",
42-1440,10,530,EA,"STOCK FLAT 4"" POTS",10,,"4""",
42-1450,19,530,EA,"VERBENA PERUVIANA 4"" POTS (FLAT)",19,,"4""",
42-1460,10,530,EA,"AGERTUM FLAT 4""POTS",10,,"4""",
4215-101,2.12,516,EA,PINUS RADIATA (MONTEREY) 1GAL,2.12,,1G,
4215-105,18,513,EA,PINUS RADIATA (MONTEREY) 5G,18,,5G,
4215-115,55,510,EA,PINUS RADIATA (MONTEREY) 15G,55,,15G,
4215-124,190,507,EA,"PINUS RADIATA (MONTEREY) 24""",190,,"24""",
4215-136,480,505.1,EA,"PINUS BRUTIA 36""",480,,"36""",
4218-105,7.48,513,EA,PINUS ROXBURGHII 5 GAL,7.48,,5G,
4218-115,65,510,EA,PINUS ROXBURGHII 15G,65,,15G,
4218-124,95,507,EA,"PINUS ROXBURGHII 24""",95,,"24""",
4218-136,500,505,EA,"PINUS ROXBURGHII 36""",500,,"36""",
4220-100,695,504,EA,"PINUS CANARIENSIS 42""",695,,"42""",
4220-101,6,516,EA,PINUS THUNBERGIANA 1G,6,,1G,
4220-105,18,513,EA,PINUS THUNBERGIANA 5G,18,,5G,
4220-110,1110,502,EA,"PINUS CANARIENSIS 54""",1110,,"54""",
4220-115,55,510,EA,PINUS THUNBERGIANA 15G,55,,15G,
4220-124,200,507,EA,"PINUS THUNBERGIANA 24""",200,,"24""",
4220-136,550,505,EA,"PINUS THUNBERGIANA 36"" STD",550,,"36""",
4220-148,1400,503,EA,"PINUS THUNBERGIANA 48"" STD",1400,,"48""",
4220-160,2700,501,EA,"PINUS THUNBERGIANA 60"" STD",2700,,"60""",
4220-236,650,505,EA,"PINUS THU. 'THUNDERHEAD' 36"" STD",650,,"36""",
4220-324,1500,507,EA,"PINUS THUN. BONSAI 24""",1500,,"24""",
4220-424,160,507.2,EA,"PINUS MUGO MUGO 24""",160,,"24""",
4222-105,25,513,EA,PINUS TORREYANA 5G,25,,5G,
4222-115,70,510,EA,PINUS TORREYANA 15G,70,,15G,
4222-124,220,507,EA,"PINUS TORREYANA 24""",220,,"24""",
4222-136,550,505,EA,"PINUS TORREYANA 36 """,550,,"36""",
4222-224,350,507,EA,"PINUS S. 'GLAUCA NANA' 24"" TOPIARY",350,,"24""",
4228-115,425,508,EA,"RHAPIS EXCELSA 20"" TUB",425,,"20""",
4228-236,1200,505,EA,"RHAPIS EXCELSA 36"" MLT",1200,,"36""",
4229-105,45,520,EA,RHAPIS EXCELSA 5G,45,,5G,
4229-115,250,519,EA,RHAPIS EXCELSA 15G (4'-5'medium),250,,15G,
4229-215,400,519.1,EA,RHAPIS EXCELSA 15G MLT (6' tall),400,,15G,
4235-705,13.5,520,EA,ABUTILON HYB. 'WHITE' 5G,13.5,,5G,
4239-505,18,520,EA,ROSA HYB. 'SPANISH RED' 5G,18,,5G,
4240-105,18,513,EA,PISTACIA CHINENSIS 5G STD,18,,5G,
4240-115,55,510,EA,PISTACIA CHINENSIS 15G STD,55,,15G,
4240-124,190,507,EA,PISTACIA CHINENSIS 24,190,,,
4240-136,490,505,EA,PISTACIA CHINENSIS 36,490,,,
4240-148,1250,503,EA,PISTACIA CHINENSIS 48,1250,,,
4240-160,3200,501,EA,PISTACIA CHINENSIS 60,3200,,,
4240-215,60,510,EA,PISTACIA CHINENSIS 15G MLT,60,,15G,
4240-224,190,507,EA,PISTACIA CHINENSIS 24,190,,,
4240-236,490,505,EA,PISTACIA CHINENSIS 36,490,,,
4240-248,1200,503,EA,PISTACIA CHINENSIS 48,1200,,,
4240-260,3200,501,EA,PISTACIA CHINENSIS 60,3200,,,
4240-324,190,507,EA,PISTACIA CHI. 'RED PUSH' 24,190,,,
4240-336,490,505,EA,PISTACIA CHI. 'RED PUSH' 36,490,,,
4240-436,490,505,EA,PISTACIA CHI. 'KEITH DAVEY' 36,490,,,
4240-555,15,520,EA,PITHECELLO BIUM MEXICANA 5G,15,,5G,
4240-736,490,505,EA,PISTACIA CHINENSIS 36,490,,,
4242-005,11,520,EA,PITT T. WHEELERS DWF 5G,11,,5G,
4246-001,4,522,EA,TYPHA DOMENGENSIS 1G,4,,1G,
4246-005,18,520,EA,TYPHA LATTFOLIA  5G,18,,5G,
4246-101,4.5,522,EA,TYPHA LATTIFOLIA 1G,4.5,,1G,
4246-201,3.8,522,EA,TYPHA ANGUSTIFOLIA 1G,3.8,,1G,
4250-115,45,519,EA,PITTOSPORUM EUGENIOIDES 15G,45,,15G,
4250-215,55,510,EA,PITT PHILLYREOIDES 15G STD,55,,15G,
4250-501,4,522,EA,PITTOSPORUM TOBIRA 1G,4,,1G,
4250-505,11,520,EA,PITTOSPORUM TOBIRA 5G,11,,5G,
4250-515,42,519,EA,PITTOSPORUM TOBIRA 15G,42,,15G,
4250-524,175,521,EA,PITTOSPORUM TOBIRA 24,175,,,
4250-601,20,520,EA,PITT. TEN. SILVER SHEEN 5G,20,,5G,
4250-605,,,,PITT TASMAN RUFFLES 5G,,,,
4250-701,4.25,522,EA,PITT. TURNERS 1G,4.25,,1G,
4250-801,20,520,EA,PITTOSPORUM SILVER MAGIC 5G,20,,5G,
4251-401,4.5,522,EA,PITTOSPORUM T. COMPACTA 1G,4.5,,1G,
4251-505,11,520,EA,PITT EUGENIODES 5G,11,,5G,
4252-515,40,519,EA,PITTOSPORUM  VARIEGATA 15G,40,,15G,
4254-501,4,522,EA,PITT.T. WHEELERS DWF 1G,4,,1G,
4254-505,11,520,EA,PITTOSPORUM WHEELERII 5G,11,,5G,
4254-515,42,519,EA,PITTOSPORUM  WHEELERII 15G,42,,15G,
4256-405,11,520,EA,PITT. T. TURNERS VAR DWF 5G,11,,5G,
4256-501,4.25,522,EA,PITT. CREME DE MINT 1G,4.25,,1G,
4256-505,11,520,EA,PITT. CREME DE MINT 5G,11,,5G,
4256-515,42,519,EA,PITTOSPORUM CREME DE MINT 15G,42,,15G,
4256-605,11,520,EA,PITTOSPORUM EUGENIOIDES 5G,11,,5G,
4256-615,43,519,EA,PITTOSPORUM EUGENIOIDES 15G,43,,15G,
4256-705,11,520,EA,PITTOSPORUM TURNERS 5G,11,,5G,
4257-005,11,520,EA,PITT. T. VARIEG. DWF 5G (TURNERS),11,,5G,
4257-105,26,520,EA,PITT SHIMA 5G,26,,5G,
4257-501,4.2,522,EA,PITTOSPORUM T VARIEGATA 1G,4.2,,1G,
4257-505,11,520,EA,PITTOSPORUM VARIEGATA 5G,11,,5G,
4257-605,60,519,EA,PITT. T. MARJORIE CHANNON 15G,60,,15G,
4258-101,5,516,EA,PITTOSPORUM UND. 1G STD,5,,1G,
4258-105,20,513,EA,PITTOSPORUM UND. 5G STD,20,,5G,
4258-115,55,510,EA,PITT. UNDULATUM 15G STD,55,,15G,
4258-124,140,507,,"PITTOSPORUM UND. 24"" STD",140,,"24""",
4258-136,500,505,EA,PITTOSPORUM UND. 36,500,,,
4258-148,1200,503,EA,"PITT. UNDULATUM 48"" STD",1200,,"48""",
4258-201,5,516,EA,PITTOSPORUM UND. 1G MLT,5,,1G,
4258-205,14,520,EA,PITTOSPORUM UND. 5G MLT,14,,5G,
4258-215,55,510,EA,PITT. UNDULATUM 15G MLT,55,,15G,
4258-224,140,507,EA,"PITTOSPORUM UND. 24"" MLT",140,,"24""",
4258-248,1250,503,EA,PITTOSPORUM UND.48,1250,,,
4258-301,4.6,522,EA,PENNISETUM SPATHEOLATUM 1G,4.6,,1G,
4258-305,11,999,EA,PENNISETUM ORNAMENTALIS 5G,11,,5G,
4258-315,42,519,EA,PITTOSPORUM CRASS. COMP. 15G,42,,15G,
4258-324,175,507,EA,"PITT PHYLLYRAEOIDES 24"" STD",175,,"24""",
4258-336,400,505,EA,"PITT. PHILLYREOIDES 36"" STD",400,,"36""",
4258-401,11,522,EA,"PITT TOB ""SHIMA"" 1G",11,,1G,
4258-405,20,520,EA,PENSTEMON GLOXINIODES 5G,20,,5G,
4258-415,90,519.1,EA,YUCCA RED 15G,90,,15G,
4258-500,18,520,EA,PENST. PIN. PRAIRIE SPLEN. 5G,18,,5G,
4258-505,20,520,EA,PENSTEMON PURDYI 5G,20,,5G,
4258-515,90,519,EA,YUCCA LINEARIFOLIA 15G,90,,15G,
4258-605,25,520,EA,PITTOSPORUM ELFIN 5G,25,,5G,
4258-615,500,519,EA,YUCCA ROSTRATA 15G,500,,15G,
4258-715,90,519,EA,YUCCA FIL. 'IVORY TOWER' 15G,90,,15G,
4258-805,12.5,520,EA,PENNISETUM SPATHIOLATUM 5G,12.5,,5G,
4258-815,90,519,EA,YUCCA ELEPHATIPES 15G,90,,15G,
4259-005,14,520,EA,PITTOSPORUM C. NANA 5G,14,,5G,
4259-015,90,519,EA,YUCCA WHIPPLEI 15G,90,,15G,
4259-024,450,507,EA,"YUCCA WHIPPLLEI 24""",450,,"24""",
4259-025,90,519,EA,YUCCA WHIPPLEI PARISHII 15G,90,,15G,
4259-048,1800,503,EA,"YUCCA GLORIOSA 48"" MLT",1800,,"48""",
4259-105,28,520,EA,YUCCA BACCATA 5G (mtn states),28,,5G,
4259-115,90,519,EA,YUCCA RECURVIFOLIA 15G,90,,15G,
4259-124,450,507,EA,"YUCCA GIGANTEA 24""",450,,"24""",
4259-136,5000,505,EA,"YUCCA RECURVIFOLIA 36"" MLT",5000,,"36""",
4259-148,6000,503,EA,"YUCCA GLORIOSA 48""",6000,,"48""",
4259-160,3500,501,EA,"YUCCA G. VARIEGATA 60""",3500,,"60""",
4259-215,90,519,EA,YUCCA BACCATA 15G,90,,15G,
4259-224,250,507.2,EA,"YUCCA GLORIOSA 24"" MLT",250,,"24""",
4259-225,90,519,EA,YUCCA MARGINATA 15G,90,,15G,
4259-236,3000,505,EA,"YUCCA GLORIOSA 36"" MLT",3000,,"36""",
4259-260,8000,501,EA,"YUCCA BREVIFOLIA 60""",8000,,"60""",
4259-305,15,520,EA,YUCCA GLORIOSA 5G,15,,5G,
4259-315,90,519,EA,YUCCA GLORIOSA 15G,90,,15G,
4259-324,450,507,EA,"YUCCA RECURVIFOLIA 24"" MLT",450,,"24""",
4259-336,5000,505,EA,"YUCCA VARIEG MLT 36"" (8' TALL)",5000,,"36""",
4259-405,27,520,EA,YUCCA PALLIDA 5G (MtnStates),27,,5G,
4259-415,38,519,EA,"PITT. TEN. ""NIGRICANS"" 15G",38,,15G,
4259-424,200,507,EA,"PITT. SLVR SHEEN 24"" UPRIGHT",200,,"24""",
4259-436,5000,505.2,EA,"YUCCA ALICIA  36""",5000,,"36""",
4259-505,16,520,EA,PITTOSP. CRASS COMPACTA 5G,16,,5G,
4259-506,3.5,522,EA,PITTOSP. CRASS NANA 1G,3.5,,1G,
4259-508,17,520,EA,YUCCA FILAMENTOSA 5G,17,,5G,
4259-512,3,520,EA,"COREOPSIS V. ""MOONBEAM"" 1G",3,,1G,
4259-515,43,519,EA,PITTOSPORUM CRASS NANA 15G,43,,15G,
4259-524,170,507,EA,"PITT. CRASS. COMPACTA 24"" STD.",170,,"24""",
4259-536,375,505,EA,"PITTOSPORUM CRASS VARI 36""",375,,"36""",
4259-615,26,519,EA,YUCCA BACCATA 5G,26,,5G,
4259-624,2500,507,EA,"YUCCA LINEARIFOLIA 24"" (6' O.H.)",2500,,"24""",
4259-625,90,519,EA,YUCCA ELATA 15G,90,,15G,
4259-715,50,519,EA,PITTOSPORUM TENUIFOLIUM 15G,50,,15G,
4259-716,60,519,EA,PITTOSPORUM TENUIFOLIUM 15G CLMN,60,,15G,
4259-724,165,507,EA,"PITT. TENUIFOLIUM 24""",165,,"24""",
4259-725,200,507,EA,PITT. TEN. SILVER SHEEN 24'',200,,,
4259-736,425,505,EA,"PITT. T. SILVER SHEEN 36""",425,,"36""",
4259-815,90,519,EA,YUCCA ALOIFOLIA VARIEGATA 15G,90,,15G,
4259-824,175,507,EA,"PITT NANA 24"" STD",175,,"24""",
4259-915,90,519,EA,YUCCA FILAMENTOSA 15G,90,,15G,
4259-924,220,507.2,EA,"PITT MARJORIE CHANNON 24""",220,,"24""",
4260-015,70,519,EA,PITTOSPORUM OLIVE TWIST 15G,70,,15G,
4260-115,75,519,EA,PITT. GOLF BALL 15G,75,,15G,
4260-505,11,520,EA,PITT. T. CREAM DE MINT 5G,11,,5G,
4261-001,13,522,EA,PITT. T. GOLF BALL 1G,13,,1G,
4261-402,24.5,568,EA,PITT TEN GOLF BALL 2G,24.5,,2G,
4261-505,13,520,EA,PITTOSPORUM TENUIFOLIUM 5G,13,,5G,
4261-605,20,520,EA,PITT. T. MARJORIE CHANNON 5G,20,,5G,
4261-615,65,519,EA,PITT. TEN. SILVER SHEEN 15G,65,,15G,
4261-705,22,520,EA,PITT. TEN. GOLF BALL 5G,22,,5G,
4261-715,70,519,EA,PITTOSPORUM SILVER MAGIC 15G,70,,15G,
4261-805,28,520,EA,"PITT. TEN. ""GOLF BALL KOHUHU"" 5G (MONROVIA)",28,,5G,
4261-905,28,520,EA,PITTOSPORUM GOLD STAR 5G,28,,5G,
4262-015,100,519,EA,YUCCA SAPPHIRE SKIES 15G,100,,15G,
4262-505,8.5,520,EA,COREOPSIS V. 'MOONBEAM' 5G,8.5,,5G,
4262-555,11,520,EA,COREOPSIS GRANDIFLORA 5G,11,,5G,
4285-305,13,520,EA,PITT. UNDULATUM 5G SHRUB,13,SH,5G,
429-005,0.29,None,EA,1/2 COUPLING,0.29,,,
429-005BL,0,None,EA,1/2 COUPLING SLIP (B-LN),0,,,
429-005UV,2.1,None,EA,1/2 COUPLING SLIP (UVR),2.1,,,
429-007,1,None,EA,3/4 COUPLING SLIP,1,,,
429-007BL,0,None,EA,3/4 COUPLING SLIP (B-LN),0,,,
429-007UV,2.81,None,EA,3/4 COUPLING SLIP (UVR),2.81,,,
429-010,1.74,None,EA,1 COUPLING SLIP,1.74,,,
429-010BL,0,None,EA,1 COUPLING SLIP (B-LN),0,,,
429-010UV,4.21,None,EA,1 COUPLING SLIP (UVR),4.21,,,
429-012,1.24,None,EA,1 1/4 COUPLING SLIP,1.24,,,
429-012BL,0,None,EA,1 1/4 COUPLING SLIP (B-LN),0,,,
429-012UV,5.67,None,EA,1 1/4 COUPLING SLIP (UVR),5.67,,,
429-015,1.33,None,EA,1 1/2 COUPLING SLIP,1.33,,,
429-015BL,0,None,EA,1 1/2 COUPLING SLIP (B-LN),0,,,
429-015UV,6.5,None,EA,1 1/2 COUPLING SLIP (UVR),6.5,,,
429-020,1.49,999,EA,COUPLING - 2,1.49,,,
429-020BL,0,None,EA,2 COUPLING SLIP (B-LN),0,,,
429-020UV,0,None,EA,32-1072,0,,,
429-025,4.48,None,EA,2 1/2 COUPLING SLIP,4.48,,,
429-025BL,0,None,EA,2 1/2 COUPLING SLIP (B-LN),0,,,
429-025UV,22.53,None,EA,2 1/2 COUPLING SLIP (UVR),22.53,,,
429-030,7,None,EA,3 COUPLING SLIP,7,,,
429-030BL,0,None,EA,3 COUPLING SLIP (B-LN),0,,,
429-030UV,31,None,EA,3 COUPLING SLIP (UVR),31,,,
429-040,10.17,None,EA,4 COUPLING SLIP,10.17,,,
429-040BL,0,None,EA,4 COUPLING SLIP (B-LN),0,,,
429-040UV,81.01,None,EA,4 COUPLING SLIP (UVR),81.01,,,
429-060,0,999,EA,COUPLING - 6,0,,,
4291-601,4.2,522,EA,SALVIA L. VICTORIA BLUE 1G,4.2,,1G,
4299-315,180,519,EA,"RHAPIS EXCELSA 15G-12"" pot (3-4'' TALL)",180,,"12""",
4300-048,1150,503,EA,"PLAT. RACEMOSA 48"" L/B",1150,,"48""",
430-005BL,0,None,EA,1/2 COUPLING FT X FT (BL),0,,,
430-005UV,3.23,None,EA,1/2 COUPLING FT X FT,3.23,,,
430-007,0.97,None,EA,3/4 COUPLING FT x FT,0.97,,,
430-007BL,0,None,EA,3/4 COUPLING FT X FT (BL),0,,,
430-007BS,0,None,EA,3/4 COUPLING (BRASS),0,,,
430-007UV,5.67,None,EA,3/4 COUPLING FT X FT,5.67,,,
430-010,0.94,None,EA,1 COUPLING FT X FT,0.94,,,
4300-101,3,516,EA,PLATANUS ACERIFOLIA 1 GAL,3,,1G,
4300-105,11,513,EA,PLATANUS ACERIFOLIA 5 GAL,11,,5G,
430-010BS,0,None,EA,1 COUPLING (BRASS),0,,,
4300-115,60,510,EA,PLATANUS ACER. 15G MLT,60,,15G,
4300-124,185,507,EA,PLATANUS ACERIFOLIA 24'' MLT,185,,,
430-012BS,40,None,EA,1 1/4 COUPLING (BRASS),40,,,
4300-136,485,505,EA,PLATANUS ACERFOLIA 36,485,,,
4300-148,1150,503,EA,PLATANUS ACERIFOLIA 48,1150,,,
430-015BS,0,None,EA,1 1/2 COUPLING (BRASS),0,,,
4300-184,11000,498,EA,"PLATANUS RACEMOSA  84"" MLT",11000,,"84""",
4300-196,15000,499,EA,"PLATANUS RACEMOSA 96"" MLT",15000,,"96""",
430-020BS,50,None,EA,2 COUPLING (BRASS),50,,,
4300-215,60,510,EA,PLATANUS ACER.15G STD,60,,15G,
4300-224,185,507,EA,PLATANUS ACERIFOLIA 24'' STD,185,,,
4300-236,485,505,EA,PLATANUS ACERFOLIA 36'' STD,485,,,
4300-324,185,507,EA,PLATANUS ACER 24'' STD,185,,,
4300-336,490,505,EA,PLATANUS ACE. 'COLUMBIA' 36 STD,485,,,
4300-348,1100,503,EA,"PLATANUS ACE. 'COLUMBIA' 48"" STD",1100,,"48""",
4300-424,175,507,EA,"PLATANUS A. ""WRIGHTII"" 24"" BOX",175,,"24""",
4300-436,475,505,EA,"PLATANUS MEXICANA 36"" STD",475,,"36""",
4300-448,1150,503,EA,PLATANUS ACE. 'COLUMBIA' 48 STD,1150,,,
4300-460,2900,501,EA,PLATANUS MEXICANA 60'' STD,2900,,,
4300-536,485,505,EA,PLATANUS ACE. 'COLUMBIA' 36,485,,,
4300-548,1150,503,EA,PLATANUS MEXICANA 48,1150,,,
4300-636,485,505,EA,PLATANUS A COLUMBIA 36,485,,,
4301-115,60,510,EA,AESCULUS CALIFORNICA 15G,60,,15G,
4301-124,195,507,EA,AESCULUS CALIFORNICA 24,195,,,
4301-136,525,503,EA,"AESCULUS CALIFORNICA 36"" STD.",525,,"36""",
4301-215,100,510.2,EA,PLEOMELE REFLEXA 15G,100,,15G,
4301-224,185,507,EA,"AESCULUS CALIFORNICA 24"" STD",185,,"24""",
4302-101,8,522,EA,JUGLANS CALIFORNICA 1G,8,,1G,
4302-105,22,513,EA,JUGLANS CALIFORNICA 5G STD,22,,5G,
4302-115,60,510,EA,JUGLANS CALIFORNICA 15G,60,,15G,
4302-148,1400,503,EA,"JUGLANS CALIFORNIA 48""",1400,,"48""",
4302-160,3000,501,EA,"JUGLANS CALIFORNIA 60""",3000,,"60""",
4303-015,90,519,EA,PLATYCLADUS EMERALD GRN 15G,90,,15G,
4304-000,20,531,FL,JUNCUS PATENS FLAT,20,,,
4304-001,4.3,522,EA,JUNCUS PATENS 1G,4.3,,1G,
4304-005,16,520,EA,JUNCUS BLUE DART 5G,,,,
4304-015,60,519,EA,JUNCUS BLUE DART 15G,,,,
4304-101,5,522,EA,JUNCUS EFFUSUS 1G,5,,1G,
4304-105,16,520,EA,JUCUS SPIRALIS 5G,,,,
4304-115,180,507,EA,"JUGLANS CALIFORNICA 24""",180,,"24""",
4304-124,250,507,EA,"JUGLANS NIGRA 24""",250,,"24""",
4304-136,550,505,EA,"JUGLANS CALIFORNICA 36""",550,,"36""",
4304-200,1.3,524,EA,JUNCUS MEXICANUS - PLUGS,1.3,,,
4304-201,6,522,EA,JUNCUS MEXICANUS 1G,6,,1G,
4304-204,2,524.1,EA,"JUNCUS MEXICANUS 4"" POTS",2,,"4""",
4304-301,5,522,EA,JUNCUS BUFONIUS 1G,5,,1G,
4304-401,5,522,EA,JUNCUS EFF. BIG TWISTER 1G,5,,1G,
4304-501,3.9,522,EA,JUNCUS PATENS ELK BLUE 1G,5,,1G,
4304-505,16,520,EA,JUNCUS INFLEXUS BLUE ARROWS 5G,16,,5G,
4304-601,4.8,522,EA,JUNCUS ACUTUS 1G,4.8,,1G,
4304-605,16,520,EA,JUNCUS EFFUSUS 5G,16,,5G,
4304-615,75,519,EA,JUNCUS BLUE ELK 15G,75,,15G,
4304-701,5,522,EA,JUNCUS EFFUSUS QUARTZ CRK 1G,5,,1G,
4304-705,12,520,EA,JUNCUS ACUTUS 5G,12,,5G,
4304-805,13.5,520,EA,JUNCUS PATENS 5G,13.5,,5G,
4304-905,15,520,EA,JUNCUS PATENS ELK BLUE 5G,15,,5G,
4306-101,5,516,EA,PLATANUS ACER BLOODGOOD 1G,5,,1G,
4306-105,18,513,EA,PLATANUS ACER BLOODGOOD 5G,18,,5G,
4306-115,60,510,EA,PLATANUS A. BLOODGOOD 15G LB,60,,15G,
4306-124,185,507,EA,PLAT. ACER BLOODGOOD 24,185,,,
4306-130,200,506,EA,"PLATANUS ACER BLOODGOOD 30"" STD",200,,"30""",
4306-136,485,505,EA,"PLAT. ACER BLOODGOOD 36"" STD",465,,"36""",
4306-142,850,504,EA,PLAT ACER BLOODGOOD 42 ,850,,,
4306-148,1150,503,EA,PLAT. ACER BLOODGOOD 48,1150,,,
4306-160,2800,501,EA,PLAT. ACER BLOODGOOD 60,2800,,,
4306-172,,,,"PLATANUS ACERIFOLIA 72"" STD",,,,
4306-184,,,,"PLATANUS ACERIFOLIA 84"" STD",,,,
4306-224,185,507,EA,PLATANUS A. BLOODGOOD 24,185,,,
4306-236,485,505,EA,PLATANUS A BLOODGOOD 36,485,,,
4306-242,700,504,EA,"PLATANUS ACER BLOODGOOD 42"" MUL",700,,"42""",
4306-248,1100,503,EA,"PLATANUS A. BLOODGOOD 48"" MLT",1100,,"48""",
4306-260,2800,501,EA,PLATANUS ACER BLOODGOOD 60,2800,,,
4306-324,190,507,EA,PLATANUS MEXICANA 24,190,,,
4306-336,485,505,EA,PLATANUS ACER YARWOOD 36,485,,,
4306-348,1100,503,EA,"PLATANUS A. YARWOOD 48"" MLT",1100,,"48""",
4306-360,2400,501,EA,"PLATANUS ACERFOLIA 60"" L/B",2400,,"60""",
4306-424,185,507,EA,PLATANUS ALAMO 24,185,,,
4306-436,465,505,EA,"PLATANUS ALAMO 36"" STD",465,,"36""",
4306-448,1150,503,EA,PLATANUS ACERIFOLIA 48,1150,,,
4306-460,2800,501,EA,PLATANUS A. COLUMBIAN 60,2800,,,
4306-536,485,505,EA,PLATANUS WRITGHTII 36,485,,,
4306-548,1150,503,EA,PLATANUS A. YARWOOD 48,1150,,,
4306-560,2800,501,EA,PLATANUS ACER. COLUMBIAN 60,2800,,,
4306-572,7000,500,EA,"PLATANUS ACER. 72"" MLT",7000,,"72""",
4306-648,1150,503,EA,PLATANUS ACE. 'COLUMBIA' 48,1150,,,
4306-660,2800,501,EA,PLATANUS RACEMOSA 60,2800,,,
4308-101,5.5,516,EA,PLATANUS RACEMOSA 1G,5.5,,1G,
4308-105,18,513,EA,PLATANUS RACEMOSA 5G,18,,5G,
4308-115,60,510,EA,PLATANUS RACEMOSA 15G STD,60,,15G,
4308-124,185,507,EA,PLATANUS RACEMOSA 24,185,,,
4308-136,485,505,EA,PLATANUS RACEMOSA 36,485,,,
4308-148,1100,503,EA,"PLATANUS RACE 48"" STD",1100,,"48""",
4308-160,2500,501,EA,"PLATANUS RACE 60"" STD",2500,,"60""",
4308-172,7000,500,EA,"PLATANUS RACEMOSA 72"" STD",7000,,"72""",
4308-174,7000,500,EA,"PLATANUS RACE. 72"" MLT",7000,,"72""",
4308-201,6,516,EA,PLATANUS RACEMOSA 1G MLT,6,,1G,
4308-205,18,513,EA,PLATANUS RACEMOSA 5G MLT,18,,5G,
4308-206,485,505,EA,PLAT ACE YARDWOOD 36,485,,,
4308-215,60,510,EA,PLATANUS RACEMOSA 15G MLT,60,,15G,
4308-224,185,507,EA,PLATANUS RACEMOSA 24,185,,,
4308-230,270,506,EA,"PLATANUS RACEMOSA 30""  MUL",270,,"30""",
4308-236,485,505,EA,PLATANUS RACEMOSA 36,485,,,
4308-242,600,504,EA,"PLATANUS RACEMOSA 42""  MLT",600,,"42""",
4308-248,1175,503,EA,PLATANUS RACEMOSA 48,1175,,,
4308-260,2800,501,EA,PLATANUS RACE. 60,2800,,,
4308-272,5000,500,EA,"PLATANUS RACEMOSA 72"" L/B",5000,,"72""",
4308-315,65,510,EA,PLATANUS OCCIDENTALIS 15G,65,,15G,
4308-324,185,507,EA,PLATANUS RACE. 24,185,,,
4308-348,1150,503,EA,PLATANUS RACEMOSA 48,1150,,,
4308-372,5000,500,EA,"PLATANUS RACEMOSA 72"" STD",5000,,"72""",
4308-415,60,510.5,EA,PLATANUS RACEMOSA 15G L/B,60,,15G,
4308-424,185,507,EA,PLATANUS ACE. 'COLUMBIA' 24,185,,,
4308-448,1200,503,EA,PLATANUS MEXICANA 48,1200,,,
4308-524,185,507,EA,PLATANUS ACE. 'COLUMBIA' 24,185,,,
4308-724,185,507,EA,PLATANUS RACE. 24,185,,,
4308-736,490,505,EA,PLATANUS RACEMOSA 36,490,,,
4308-836,450,505,EA,"PLATANUS RAC. 'ROBERTS' 36"" STD.",450,,"36""",
4309-160,2900,501,EA,PLATANUS RACEMOSA 60,2900,,,
4309-172,5000,500,EA,PLATANUS RACEMOSA 72,5000,,,
4309-260,2900,501,EA,PLATANUS MEXICANA 60,2900,,,
4310-115,60,510,EA,PLATANUS A. YARWOOD 15G,60,,15G,
4310-124,185,507,EA,PLATANUS A. BLOODGOOD 24,185,,,
4310-324,185,507,EA,PLATANUS ACER YARWOOD 24,185,,,
4311-115,45,519,EA,PSIDIUM LITTORALE 15G SHRUB,45,SH,15G,
4311-124,190,507,EA,PSIDIUM LITTORALE 24,190,,,
4311-148,1250,503,EA,PSIDIUM LITTORALE MULTI 48,1250,,,
4311-205,15,513,EA,PSIDIUM CATTLEIANUM 5G MLT,15,,5G,
4311-215,45,510,EA,PSIDIUM CATTLEIANUM 15G MLT,45,,15G,
4311-224,190,507,EA,PSUDIUM LITTORALE 24,190,,,
4315-148,1200,503,EA,QUERCUS ILEX 48,1200,,,
4315-160,3100,501,EA,"QUERCUS ILEX 60"" STD",3100,,"60""",
4315-248,1200,503,EA,QUERCUS ILEX 48,1200,,,
4315-260,3100,501,EA,"QUERCUS ILEX 60"" MLT",3100,,"60""",
4315-336,490,505,EA,QUERCUS 'WISLIZENI' 36,490,,,
4315-348,1200,503,EA,QUERCUS ILEX 48,1200,,,
4315-438,1080,503,EA,"QUERCUS 'WISLIZENI' 48""",1080,,"48""",
4321-517,12,520,EA,ABUTILON VESUVIUS RED 5G,12,,5G,
4325-501,5.2,522,EA,ABUTILON PALMERI 1G,5.2,,1G,
4325-515,45,519,EA,ABUTILON HYBRIDUM 15G,45,,15G,
4325-516,12,520,EA,ABUTILON HYBRIDUM 5G,12,,5G,
4325-517,12,520,EA,ABUTILON MOON GLOW 5G,12,,5G,
4328-115,175,508,EA,"BAMBUSA 'GOLDEN GODDESS' 20"" TUB",175,,"20""",
4328-201,8,522,EA,BAMBUSA ALPHONSE CARR 1G,8,,1G,
4328-215,95,519,EA,BAMBUSA M. ALPHONSE KARR 15G,95,,15G,
4328-315,120,519,EA,SEMIARUNDINARIA F. NARIHIRI 15G,120,,15G,
434945,0.25,999,,TORO 850-XX  FUNNY PIPE,0.25,,,
435-005,0,999,EA,"FEMALE ADAPTER - 1/2""",0,,"2""",
435-007,0,None,EA,1791-248,0,,,
435-010,1.14,None,EA,1 COUPLING,1.14,,,
435-012,0,999,EA,FEMALE ADAPTER - 1.25,0,,,
435-015,0,999,EA,FEMALE ADAPTER - 1.5,0,,,
435-020,0,999,EA,FEMALE ADAPTER - 2,0,,,
4350-501,3.25,522,EA,PLUMBAGO A. CAPENSIS 1G,3.25,,1G,
4350-505,10,520,EA,PLUMBAGO AUR.(CAPENSIS) 5G,10,,5G,
4350-515,40,519,EA,PLUMBAGO AUR. (CAPENSIS) 15G,40,,15G,
4350-601,7,522,EA,PLUMBAGO AUR. MONOTT 1G,7,,1G,
4350-605,8.5,520,EA,PLUMBAGO CAPENSIS DWF 5G,8.5,,5G,
4350-615,40,519,EA,PLUMBAGO AUR. 'MONOTT' 15G,40,,15G,
4350-701,4,522,EA,PLUMBAGO IMPERIAL BLUE 1G,4,,1G,
4350-705,10,520,EA,"PLUMBAGO ""ROYAL CAPE"" 5G",10,,5G,
435-074,0,999,EA,FEMALE ADAPTER - 1/2 X 3/4,0,,,
4350-805,22,520,EA,PLUMBAGO AUR. MONOTT 5G,22,,5G,
4350-905,12,520,EA,PLUMBAGO IMPERIAL BLUE 5G,12,,5G,
435-101,0,999,EA,FEMALE ADAPTER - 3/4 X 1/2,0,,,
435-102,0,999,EA,FEMALE ADAPTER - 3/4 X 1,0,,,
435-131,0,999,EA,FEMALE ADAPTER - 1 X 3/4,0,,,
4358-136,600,505,EA,"PUNICA GRANATUM 36""  STD",600,,"36""",
4358-401,7,522,EA,PUNICA GRANATUM CHICO 1G,7,,1G,
4358-424,220,507,EA,"PUNICA GRANATUM NANA 24"" MLT",220,,"24""",
4358-505,13,520,EA,"PUNICA GRANATUM ""NANA"" 5G",13,,5G,
4358-515,60,519,EA,PUNICA GRANATUM NANA 15G,60,,15G,
4358-524,220,507,EA,"PUNICA GRANATUM 24"" STD",220,,"24""",
4358-624,250,507,EA,"PUNICA G. WONDERFUL 24"" MLT",250,,"24""",
4358-724,220,507,EA,"PUNICA G. CA SUNSET 24"" STD",220,,"24""",
4358-824,240,507,EA,"PUNICA GRA. 'NANA' 24"" STD",240,,"24""",
436-005,0.37,None,EA,1/2 MALE ADAPTOR,0.37,,,
436-007,0.57,None,EA,3/4 MALE ADAPTOR,0.57,,,
436-007BL,0,None,EA,3/4 MALE ADAPTER (B-LN),0,,,
436-007UV,2.23,None,EA,3/4 MALE ADAPTER (UVR),2.23,,,
436-010,1.01,None,EA,1 MALE ADAPTOR,1.01,,,
436-010BL,0,None,EA,1 MALE ADAPTER (B-LN),0,,,
436-010UV,2.81,None,EA,1 MALE ADAPTER (UVR),2.81,,,
4360-115,120,519,EA,PLUMERIA R. SAMOAN FLUFF 15G,120,,15G,
436-012,1.24,None,EA,1 1/4'' MALE ADAPT PVC,1.24,,,
4360-124,950,507,EA,"PLUMERIA  24"" MLT",950,,"24""",
436-012BL,0,None,EA,1 1/4 MALE ADAPTER (B-LN),0,,,
436-012UV,0,None,EA,2155,0,,,
4360-136,1750,505.3,EA,"PLUMERIA 36"" MLT.",1750,,"36""",
436-015,1.67,None,EA,1 1/2 MALE ADAPTOR,1.67,,,
436-015BL,0,None,EA,1 1/2 MALE ADAPTER (B-LN),0,,,
436-015UV,4.79,None,EA,1 1/2 MALE ADAPTER (UVR),4.79,,,
436-020,2.17,None,EA,2 MALE ADAPTOR,2.17,,,
436-020BL,0,None,EA,2 MALE ADAPTER (B-LN),0,,,
436-020UV,7.76,None,EA,2 MALE ADAPTER (UVR),7.76,,,
436-025,6.71,None,EA,2 1/2 MALE ADAPTER,6.71,,,
436-025BL,0,None,EA,2 1/2 MALE ADAPTER (B-LN),0,,,
436-025UV,19.71,None,EA,2 1/2 MALE ADAPTER (UVR),19.71,,,
436-030,9.41,None,EA,3 MALE ADAPTER,9.41,,,
436-030BL,0,None,EA,3 MALE ADAPTER (B-LN),0,,,
436-030UV,25.34,None,EA,3 MALE ADAPTER (UVR),25.34,,,
4360-505,50,520,EA,PLUMERIA OBTUSA 5G,50,,5G,
4360-515,120,519,EA,PLUMERIA OBTUSA 15G,120,,15G,
436-074,0,999,EA,MALE ADAPTER - 1/2 X 3/4,0,,,
436-101,0,999,EA,MALE ADAPTER - 3/4 X 1/2,0,,,
4365-005,13,520,EA,POA PRATENSIS 5GL,13,,,
4365-101,5,522,EA,POA SECUNDA  SSP. 1 GAL.,5,,1G,
4370-005,11,520,EA,RAPHIOLEPIS UMB. MINOR 5G,11,,5G,
4370-105,18,513,EA,PODOCARPUS GRACILIOR 5G STD,18,,5G,
4370-115,60,510,EA,PODOCARPUS GRACILIOR 15G STD,60,,15G,
4370-124,175,507,EA,"PODOCARPUS GRAC. 24"" STD",175,,"24""",
4370-130,300,506,EA,"PODOCARPUS GRACILIOR 30"" STD",300,,"30""",
4370-136,475,505,EA,"PODOCARPUS GRACILIOR 36"" STD",475,,"36""",
4370-148,1080,503,EA,"PODOCARPUS GRACILIOR 48"" STD.",1080,,"48""",
4370-149,470,505,EA,"PODOCARPUS HENKELII 36"" STD",470,,"36""",
4370-160,2700,501,EA,"PODOCARPUS GRACILIOR 60"" MLT",2700,,"60""",
4370-172,6000,500,EA,"PODOCARPUS GRACILIOR STD 72""",6000,,"72""",
4370-205,18,513,EA,PODOCARPUS GRACILIOR 5G MLT,18,,5G,
4370-215,50,510,EA,PODOCARPUS GRACILIOR 15G MLT,50,,15G,
4370-224,185,507,EA,"PODOCARPUS GRACILIOR 24"" MLT",185,,"24""",
4370-236,450,505,EA,"PODOCARPUS GRACILIOR 36"" MLT",450,,"36""",
4370-248,1130,503,EA,"PODOCARPUS GRACILIOR 48"" MLT",1130,,"48""",
4370-260,2800,501,EA,"PODOCARPUS GRA. 60"" STD",2800,,"60""",
4370-305,18,513,EA,PODOCARPUS GRACILIOR 5G CLMN,18,,5G,
4370-315,60,510.3,EA,PODOCARPUS GRACILIOR 15G CLMN,60,,15G,
4370-324,195,507,EA,"PODO. GRAC. 24"" CLMN",195,,"24""",
4370-336,460,505,EA,"PODOCARPUS MACROPHYLLUS 36"" MLT",460,,"36""",
4370-348,1100,503,EA,"PODOCARPUS MACRO 48"" CLMN",1100,,"48""",
4370-405,35,520,EA,PODOCARPUS X 'ICEE BLUE' 5G CLMN,35,,5G,
4370-424,250,507,EA,"PODO. ELONG. 'MONMAL' 24"" CLMN",250,,"24""",
4370-436,475,505,EA,"PODOCARPUS GRAC. 36"" CLMN",475,,"36""",
4370-448,1080,503,EA,"PODOCARPUS GRAC. 48"" L.B.",1080,,"48""",
4370-524,380,527.5,EA,"PODOCARPUS GRACILIOR 24"" ESP.",380,,"24""",
4370-536,470,505,EA,"PODOCARPUS GRAC. 36"" L/B",470,,"36""",
4370-548,1100,503,EA,"PODOCARPUS GRAC 48"" CLMN",1100,,"48""",
4370-605,45,529,EA,PODOCARPUS M MAKI 5G ESP,45,,5G,
4370-615,125,528,EA,PODOCARPUS M. MAKI 15G ESP,125,,15G,
4370-636,700,505,EA,"PODO ICEE BLUE 36"" CLMN",700,,"36""",
437-101,0.6,None,EA,3/4 X 1/2 REDUCER BUSH,0.6,,,
437-101BL,0,None,EA,3/4 X 1/2 REDUCER BUSH SS (B-LN),0,,,
437-101UV,2.23,None,EA,3/4 X 1/2 REDUCER BUSH SS (UVR),2.23,,,
4371-124,190,507.6,EA,"PODOCARPUS HENKELII 24"" CLMN",190,,"24""",
4371-215,50,510,EA,PODOCARPUS G. ELONGATUS 15G,50,,15G,
437-130,1.53,None,EA,1 X 1/2 REDUCER BUSH,1.53,,,
437-130BL,0,None,EA,1 X 1/2 REDUCER BUSH SS (B-LN),0,,,
437-130UV,3.23,None,EA,1 X 1/2 REDUCER BUSH SS (UVR),3.23,,,
437-131,204,None,EA,1 X 3/4 REDUCER BUSH,204,,,
437-131BL,0,None,EA,1 X 3/4 REDUCER BUSH SS (B-LN),0,,,
437-131UV,3.23,None,EA,1 X 3/4 REDUCER BUSH SS (UVR),3.23,,,
437-166,0,None,EA,MISC FITTING,0,,,
437-166UV,0,999,EA,REDUCER BUSHIND SS (UVR) - 1 1/4 X 1/2,0,,,
437-167,3.23,None,EA,1 1/4 X 3/4 REDUCER BUSH,3.23,,,
437-167BL,0,None,EA,1 1/4 X 3/4 REDUCER BUSH SS (B-LN),0,,,
437-167UV,4.66,None,EA,1 1/4 X 3/4 REDUCER BUSH SS (UVR),4.66,,,
437-168,1.46,None,EA,1 1/4 X 1 REDUCER BUSH,1.46,,,
437-168BL,0,None,EA,1 1/4 X 1 REDUCER BUSHING SS (BL),0,,,
437-168UV,1.46,None,EA,1 1/4 X 1 REDUCER BUSH SS,1.46,,,
4371-824,450,527.5,EA,"PODOCARPUS HENKELII 24"" ESP",450,,"24""",
4372-024,170,507,EA,"PODO HENKELII 24"" CLMN",170,,"24""",
437-209,1.13,None,EA,1 1/2 X 1/2 REDUCER BUSH,1.13,,,
437-210,1.54,None,EA,1 1/2 X 3/4 REDUCER BUSH,1.54,,,
4372-105,13,513,EA,PODOCARPUS HENKELII 5G STD,13,,5G,
437-210BL,0,None,EA,SAND,0,,,
437-210UV,5.5,None,EA,1 1/2 X 3/4 REDUCER BUSH SS (UVR),5.5,,,
437-211,1.54,None,EA,1 1/2 X 1 REDUCER BUSH,1.54,,,
4372-115,60,510,,PODOCARPUS HENKELII 15G STD,60,,15G,
437-211BL,0,None,EA,1 1/2 X 1 REDUCER BUSH SS (B-LN),0,,,
437-211UV,5.5,None,EA,1 1/2 X 1 REDUCER BUSH SS (UVR),5.5,,,
437-212,1.54,None,EA,1 1/2 X 1 1/4 REDUCER BUSH,1.54,,,
4372-124,185,507,EA,"PODOCARPUS HENKELII 24"" STD",185,,"24""",
437-212BL,0,None,EA,1 1/2 X 1 1/4 REDUCER BUSH SS (B-LN),0,,,
437-212UV,5.5,None,EA,1 1/2 X 1 1/4 REDUCER BUSH SS (UVR),5.5,,,
4372-130,300,506.2,EA,"PODOCARPUS HENKELII 30"" STD",300,,"30""",
4372-205,15,520,EA,PODOCARPUS HENKELII 5G CLMN,15,,5G,
4372-215,60,510,EA,PODOCARPUS HENKELII 15G,60,,15G,
4372-236,470,505,EA,"PODOCARPUS HENKELII 36"" CLMN",470,,"36""",
4372-315,125,528,EA,PODOCARPUS HENKELII 15G ESP,125,,15G,
4372-336,470,505.1,EA,"PODOCARPUS MAC. 36"" CLMN",470,,"36""",
437-241,0,999,EA,REDUCER BUSHING - 4 X 2 1/2,0,,,
4372-415,140,510,EA,PODO. ICEE BLUE 15G CLMN,140,,15G,
437-247,0,999,EA,REDUCER BUSHING - 2 X 1/2,0,,,
437-248,0,999,EA,REDUCER BUSHING - 2 X 3/4,0,,,
437-249,2.54,None,EA,2 X 1 REDUCER BUSH SS,2.54,,,
437-249BL,0,None,EA,2 X 1 REDUCER BUSH SS (B-LN),0,,,
437-249UV,6.77,None,EA,2 X 1 REDUCER BUSH SS (UVR),6.77,,,
437-250,2.54,None,EA,2 X 1 1/4 REDUCER BUSH,2.54,,,
437-250BL,0,None,EA,2 X 1 1/4 REDUCER BUSH SS (B-LN),0,,,
437-250UV,6.77,None,EA,2 X 1 1/4 REDUCER BUSH SS (UVR),6.77,,,
437-251,4.49,None,EA,2 X 1 1/2 REDUCER BUSH,4.49,,,
437-251BL,0,None,EA,2 X 1 1/2 REDUCER BUSH SS (B-LN),0,,,
437-251UV,6.77,None,EA,2 X 1 1/2 REDUCER BUSH SS (UVR),6.77,,,
4372-615,130,519,EA,PODOCARPUS E. MONMAL ICEE BLUE 15G,130,,15G,
4372-715,100,519,EA,PODOCARPUS 'ICEE BLUE' 15G L/B,100,,15G,
437-287,0,999,EA,REDUCER BUSH - 21/2 X 1/2,0,,,
437-288,0,999,EA,REDUCER BUSH - 21/2 X 3/4,0,,,
437-288UV,0,999,EA,"REDUCER BUSH SS (UVR) - 2 1/2"" X 3/4""",0,,"2""",
437-289,0,999,EA,REDUCER BUSH - 21/2 X 1,0,,,
437-289UV,0,999,EA,"REDUCER BUSHING SS (UVR) - 2 1/2"" X 1""",0,,"2""",
437-290,4.07,None,EA,2 1/2 X 1 1/4 REDUCER BUSH,4.07,,,
437-290BL,0,None,EA,1459-815,0,,,
437-290UV,12.67,None,EA,2 1/2 X 1 1/4 REDUCER BUSH SS (UVR),12.67,,,
437-291,4.07,None,EA,2 1/2 X 1 1/2 REDUCER BUSH,4.07,,,
437-291BL,0,None,EA,2 1/2 X 1 1/2 REDUCER BUSH SS (B-LN),0,,,
437-291UV,0,None,EA,2 1/2 X 1 1/2 REDUCER BUSH SS (UVR),0,,,
437-292,4.07,None,EA,2 1/2 X 2 REDUCER BUSH,4.07,,,
437-292BL,0,None,EA,2 1/2 X 2 REDUCER BUSH SS (B-LN),0,,,
437-292UV,12.67,None,EA,2 1/2 X 2 REDUCER BUSH SS (UVR),12.67,,,
4372-995,35,513,EA,PODOCARPUS ELONGATUS 'MONMAL' 5G,35,,5G,
437-334,0,999,EA,REDUCER BUSHING - 3 X 3/4,0,,,
437-335,0,999,EA,REDUCER BUSHING - 3 X 1 1/4,0,,,
437-335UV,0,999,EA,"REDUCER BUSH SS (UVR) - 3"" X 1""",0,,"3""",
437-336UV,0,999,EA,"REDUCER BUSHING SS (UVR) - 3"" X 1 1/4""",0,,"3""",
437-337,0,999,EA,REDUCER BUSHING - 3 X 1 1/2,0,,,
437-338,6.02,None,EA,3 X 2 REDUCER BUSH SS,6.02,,,
437-338BL,0,None,EA,3 X 2 REDUCER BUSH SS (B-LN),0,,,
437-338UV,16.2,None,EA,3 X 2 REDUCER BUSH SS (UVR),16.2,,,
437-339,6.02,None,EA,3 X 2 1/2 REDUCER BUSH SS,6.02,,,
437-339BL,0,None,EA,3 X 2 1/2 REDUCER BUSH SS (B-LN),0,,,
437-339UV,16.2,None,EA,3 X 2 1/2 REDUCER BUSH SS (UVR),16.2,,,
4374-105,18,513,EA,PODOCARPUS MACRO. 5G STD,18,,5G,
4374-115,60,510.3,EA,PODOCARPUS MACRO 15G CLMN,60,,15G,
4374-124,136,507,EA,"PODO. MACROPHYLLUS 24"" STD",180,,"24""",
4374-130,300,506.2,EA,"PODOCARPUS MACRO. 30"" STD",300,,"30""",
437-420,0,999,EA,REDUCER BUSHING - 4 X 2,0,,,
437-422,9.83,None,EA,DRAIN REDUCER COUPLING 4x3 SS,9.83,,,
4374-224,195,507,EA,"PODOCARPUS MAC. 24"" CLMN",195,,"24""",
437-422BL,0,None,EA,4 X 3 REDUCER BUSH SS (B-LN),0,,,
437-422UV,69.76,None,EA,4 X 3 REDUCER BUSH SS (UVR),69.76,,,
4374-324,225,507,EA,"PODO CRYSTAL BLUE 24"" CLMN",225,,"24""",
4374-420,250,507,EA,"PODOCARPUS ICEE BLUE 20"" CLMN (VC)",250,,"20""",
4374-424,300,507,EA,"PODO ICEE BLUE 24"" CLMN",300,,"24""",
4374-715,125,528,EA,PODOCARPUS MACRO 15 ESP,125,,,
4375-101,4,522,EA,PODOCARPUS M. MAKI 1G,4,,1G,
4375-105,18,520,EA,PODOCARPUS MACRO. MAKI 5G,18,,5G,
4375-115,60,510.3,EA,PODOCARPUS M. MAKI 15G CLMN,60,,15G,
4375-124,190,507,EA,"PODOCARPUS M. MAKI 24"" L/B",190,,"24""",
4375-125,190,507,EA,"PODO. MAC. MAKI 24"" CLMN",190,,"24""",
4375-205,18,520,EA,PODOCARPUS M. MAKI 5G CLMN,18,,5G,
4375-224,190,507,EA,"PODOCARPUS HENKELII 24"" NAT. UPRIGHT",190,,"24""",
437-528,0,999,EA,REDUCER BUSHING - 6 X 2,0,,,
4375-324,195,507,EA,"PODOCARPUS MAC. 'MAKI' 24"" NAT. UPRIGHT",195,,"24""",
4376-115,60,510,EA,PODOCARPUS M MAKI 15G STD,60,,15G,
4376-124,180,507,EA,PODOCARPUS M MAKI 24'' STD,180,,,
4377-115,230,519,EA,RAVENALA MADAGASCARIENSIS 15G,230,,15G,
4377-124,600,507,EA,"RAVENALA MADAGASCARIENSIS 24""",600,,"24""",
4378-001,,,,RATIBIDA COLUMNIFERA 1G,,,,
4379-101,10,522,EA,POLEMONIUM BRISE D'ANJOU 1G,10,,1G,
4380-101,2.12,516,EA,POPULUS NIGRA ITALICA 1GAL,2.12,,1G,
4380-105,12,513,EA,POPULUS NIGRA ITALICA 5GAL,12,,5G,
4380-115,33,510,EA,POPULUS NIGRA ITALICA 15GAL,33,,15G,
4380-124,160,507,EA,"POPULUS NIGRA ITALICA 24""",160,,"24""",
4380-130,300,506,EA,"POPULUS NIG. ITAL. 30""",300,,"30""",
4380-136,450,505,EA,"POPULUS NIGR. ITAL. 36""",450,,"36""",
4380-148,850,503,EA,"POPULUS NIGRA ITALICA 48""",850,,"48""",
4380-201,7,516,EA,POPULUS BALSAMIFERA TRI 1G,7,,1G,
4381-101,7,516,EA,POPULUS FREMONTII 1G,7,,1G,
4381-105,15,520,EA,POPULUS FREMONTI 5G,15,,5G,
4381-115,55,510,EA,POPULUS FREM. 15G L/B,55,,15G,
4381-124,175,507,EA,"POPULUS FREMONTII 24""",175,,"24""",
4381-136,480,505,EA,"POPULUS FREMONT 36""",480,,"36""",
4381-148,890,503,EA,"POPULUS FREMONT 48""",890,,"48""",
4381-224,120,507,EA,"POPULUS FREMONT (SEEDLESS MALE) 24""",120,,"24""",
438-130UV,0,999,EA,"REDUCER BUSHING ST (UVR) - 1"" X 1/2""",0,,"1""",
438-131UV,0,999,EA,"REDUCER BUSHING ST (UVR) - 1"" X 3/4""",0,,"1""",
4382-101,5,522,EA,PORTULACARIA AFRA 1G,5,,1G,
4382-104,2.5,524.1,EA,"PORTULACARIA AFRA VARIEGATED 4"" POT",2.5,,"4""",
4382-105,14,520,EA,PORTULACARIA AFRA 5G,14,,5G,
4382-115,42,519,EA,PORTULACARIA AFRA VARIGATA 15G,42,,15G,
4382-201,9,522,EA,PORTULACARIA AFRA VARIEG 1G,9,,1G,
4382-205,18,520,EA,PORTULACARIA VARIEG 5G,18,,5G,
4382-215,45,519,EA,PORTULACARIA AFRA MINIMA 15G,45,,15G,
4382-301,5,522,EA,PORTULACARIA AFRA MINIMA 1G,5,,1G,
4382-315,42,519,EA,PORTULACARIA AFRA 15G,42,,15G,
4382-401,5,522,EA,PORTULACARIA A. 'PROSTRATE' 1G,5,,1G,
4391-001,55,522,EA,NYMPHAEA SPECIES BARE ROOT,55,,BR,
439-101,0,999,EA,REDUCER BUSHING TXT - 3/4 X 1/2,0,,,
4391-124,140,507,EA,"NYSAA SYLVATICA STD. 24"" BOX",140,,"24""",
4391-201,6,522,EA,NYMPHAEA LOTUS 1G,6,,1G,
4391-205,18,520,EA,NYMPHAEA LOTUS 5G,18,,5G,
439-130,0,999,EA,REDUCER BUSHING TXT - 1 X 1/2,0,,,
439-131,0,999,EA,REDUCER BUSHING TXT - 1 X 3/4,0,,,
4391-601,4,522,EA,SANTOLINA ROSMARINFOLIA 1G,4,,1G,
4400-105,18,520,EA,PODOCARPUS MACRO 5G CLMN,18,,5G,
4400-115,60,519,EA,PODOCARPUS MACRO. 15G STD,60,,15G,
4405-215,53,510,EA,ABUTILON H. RED 15G PATIO TREE,53,TR,15G,
44-5823,5544,650,EA,HAWS #3511-FR-HAWS-6518.2FR (BLACK),5544,,,
44-5824,930,650,EA,HAWS #3376,930,,,
44-5825,3900,650,EA,HAWS #3380,3900,,,
44-5826,100,None,EA,MISC DRINKING FOUNTAIN MATERIAL,100,,,
44-5827,2440,650,EA,HAWS #3377 DRINKING FTN.,2440,,,
44-5828,420,999,EA,HAWS 4010 FOUNTAIN,420,,,
44-5829,4700,650,EA,HAWS DRINKING FOUNTAIN,4700,,,
447-005,0.37,999,EA,"CAP SLIP - 1/2""",0.37,,"2""",
447-007,0.43,999,EA,"CAP SLIP - 3/4""",0.43,,"4""",
447-010,0.69,999,EA,CAP SLIP - 1,0.69,,,
447-012,0.97,999,EA,CAP SLIP - 1.25,0.97,,,
447-015,1.06,999,EA,CAP SLIP - 1.5,1.06,,,
447-020,1.29,999,EA,CAP SLIP - 2,1.29,,,
4480-048,830,503,EA,"PRUNUS CAROLINIANA 48"" STD",830,,"48""",
448-005,0,999,EA,"THREADED CAP - 1/2""",0,,"2""",
448-007,0,999,EA,"THREADED CAP - 3/4""",0,,"4""",
448-010,0,999,EA,THREADED CAP - 1,0,,,
4480-115,60,510,EA,PRUNUS BLIREIANA 15G,60,,15G,
448-012,0,999,EA,THREADED CAP - 1.25,0,,,
4480-124,125,507,EA,"PRUNUS BLIREIANA 24""",125,,"24""",
4480-130,275,506,EA,"PRUNUS BLIREIANA 30""",275,,"30""",
4480-136,370,505,EA,"PRUNUS BLIREIANA 36""",370,,"36""",
4480-148,1100,503,EA,"PRUNUS BLIREIANA 48""",1100,,"48""",
448-015,0,999,EA,THREADED CAP - 1.5,0,,,
4480-160,1800,501,EA,"PRUNUS CAROLINIANA 60""",1800,,"60""",
448-020,0,999,EA,THREADED CAP - 2,0,,,
4480-224,125,507,EA,"PRUNUS BLIREIANA RUBRA 24""",125,,"24""",
4480-324,115,507,EA,"PRUNUS THUNDERCLOUD 24""",115,,"24""",
4480-424,250,507,EA,"PRUNUS SALICINA 24""",250,,"24""",
448062,2.2,999,,9 VOLT BATTERY,2.2,,,
4481-215,80,519,EA,PRUNUS ILICIFOLIA 15G,80,,15G,
4481-705,20,513,EA,PRUNUS ILICIFOLIA 5G,20,,5G,
4482-024,155,507,EA,"PRUNUS CARO COMP. 24"" CLMN",155,,"24""",
4482-101,3.5,522,EA,PRUNUS CARO COMP 1G,3.5,,1G,
4482-105,9.5,520,EA,PRUNUS CARO COMP 5G,9.5,,5G,
4482-115,55,519,EA,PRUNUS C. COMPACTA 15G,55,,15G,
4482-124,180,507,EA,"PRUNUS CARO COMP 24"" STD",180,,"24""",
4482-130,300,None,EA,"PRUNUS CAROL. COMPACTA 30"" STD",300,,"30""",
4482-136,460,505.3,EA,"PRUNUS C. COMPACTA 36"" CLMN",460,,"36""",
4482-224,125,509,EA,"PRUNUS CAR. KWANZAN 24"" STD",125,,"24""",
4482-236,460,505,EA,"PRUNUS CAR. COMP. 36"" NATURAL",460,,"36""",
4482-315,60,510.3,EA,PRUNUS C. COMPACTA 15G CLMN,60,,15G,
4482-324,185,507,EA,PRUNUS CAR. COMP. 24,185,,,
4482-330,440,506,EA,"PRUNUS CAR. COMP. 30"" CLMN",440,,"30""",
4482-336,350,505,EA,"PRUNUS CAR. KWANZAN 36"" STD.",350,,"36""",
4482-436,460,505,EA,"PRUNUS CAROL. 36"" CLMN",460,,"36""",
4482-924,250,507,EA,"PRUNUS ILICIFOLIA 24"" STD",250,,"24""",
4482-936,380,505,EA,"PRUNUS ILICIFOLIA LYONII  36""",380,,"36""",
4483-124,140,507,EA,"PRUNUS CAMPANULATA 24"" STD",140,,"24""",
4484-024,125,507,EA,"PRUNUS SERRULATA 24""",125,,"24""",
4484-115,33,510,EA,PRUNUS KRAUTER VESUVIUS 15G,33,,15G,
4484-124,165,507,EA,"PRUNUS C KRAUTER VES. 24""",165,,"24""",
4484-136,450,505,EA,"PRUN. C. KRAUTER VESUV. 36""",450,,"36""",
4484-142,900,504,EA,"PRUNUS C. KRAUTER VESUVIUS 42""",900,,"42""",
4484-148,830,503,EA,"PRUNUS C KRAUTER VESUVIUS 48""",830,,"48""",
4484-224,170,507,EA,"PRUNUS KRAUTER VES. 24"" L/B",170,,"24""",
4484-236,450,505,EA,"PRUNUS KRAUTER VES. 36"" MLT",450,,"36""",
4484-324,115,507,EA,"PRUNUS PISSARDII 24""",115,,"24""",
4484-336,485,505,EA,"PRUN. CAR. BR.& TIGHT 36"" STD.",475,,"36""",
4484-424,165,509,EA,"PRUNUS C KRAUTER VES. 24"" L/B",165,,"24""",
4484-505,12,513,EA,PRUNUS C KRAUTER VESVIUS 5G,12,,5G,
4484-515,30,510,EA,PRUNUS C. KRAUTER VESUVIUS 15G,30,,15G,
4484-524,155,507,EA,"PRUNUS KRAUTER VESUVIUS 24""",155,,"24""",
4484-615,55,519,EA,PRUNUS S. KWANZAN 15G,55,,15G,
4484-624,225,507,EA,"PRUNUS AMANOGAWA 24""",225,,"24""",
4484-724,115,507,EA,"PRUNUS C. ATROPURPUREA 24"" L/B",115,,"24""",
4484-924,185,507,EA,"PRUNUS C. 'BRIGHT N TIGHT' 24"" CLMNB",180,,"24""",
4485-036,485,505,EA,"PRUN. C. BRIGHT + TIGHT 36"" CLMN",475,,"36""",
4485-115,33,510,EA,PRUNUS THUNDERCLOUD 15G,33,,15G,
4485-124,450,507,EA,"MICHELIA FOGGII ALLSPICE 24"" STD",450,,"24""",
4485-136,850,505,EA,"MICHELIA DOLTSOPA 36"" STD",850,,"36""",
4485-148,1800,503,EA,"MICHELIA DOLTSOPA 48""",1800,,"48""",
4485-215,150,519,EA,MICHELIA FOGGII ALLSPICE 15G,150,,15G,
4485-236,900,505,EA,"MICHELIA CHAMPACA 'ALBA' 36""",900,,"36""",
4485-315,250,519,EA,MICHELIA CHAMPACA 'ALBA 15G,250,,15G,
4485-401,6,522,EA,PRUNUS ILICIFOLIA 1G,6,,1G,
4485-501,4,522,EA,PRUNUS CAROLINIANA 1G,4,,1G,
4485-505,10.5,513,EA,PRUNUS CAROLINIANA 5G,10.5,,5G,
4485-515,50,510,EA,PRUNUS CAROLINIANA 15G STD,50,,15G,
4485-516,55,519,EA,PRUNUS CAROLINIANA 15G,55,,15G,
4485-517,50,510.3,EA,PRUNUS CAROLINIANA 15G CLMN,50,,15G,
4485-524,210,507,EA,"PRUNUS CAROLINIANA 24"" STD",210,,"24""",
4485-525,150,507,EA,"MICHELIA DOTSOPA 24""",150,,"24""",
4485-536,465,505,EA,"PRUNUS CAROLINIANA 36"" STD",465,,"36""",
4485-624,210,507,EA,"PRUNUS CARO. 24"" CLMN",210,,"24""",
4485-625,210,507,EA,"PRUNUS CAROLINIANA  24""",210,,"24""",
4485-626,210,507,EA,"PRUNUS CAROLINIANA 24"" L/B",210,,"24""",
4485-636,450,505,EA,"PRUNUS C.""THUNDER CLOUD"" 36""",450,,"36""",
4485-648,1050,503,EA,"PRUNUS C. THUNDERCLOUD 48"" MLT-L/B",1050,,"48""",
4485-660,2100,501,EA,"PRUNUS C. THUNDERCLOUD 60"" MLT-L/B",2100,,"60""",
4486-115,33,510,EA,PRUNUS C ATROPURPUREA 15G,33,,15G,
4486-116,230,800,RL,GRASSRINGS 80SF. PER ROLL,230,,,
4486-124,115,507,EA,"PRUNUS C ATROPURPUREA 24""",115,,"24""",
4486-125,275,506,EA,"PRUNUS ATROPURPUREA 30""",275,,"30""",
4486-136,350,505,EA,"PRUNUS C ATROPURPUREA 36""",350,,"36""",
4486-148,830,503,EA,"PRUNUS C ATROPURPUREA 48""",830,,"48""",
4486-336,350,505,EA,"PRUNUS C ATROPURP. 36"" L/B",350,,"36""",
4486-505,15,513,EA,PRUNUS C. ATROPURPUREA 5G,15,,5G,
4486-524,175,507,,"PRUNUS CERASIFERA 24""",175,,"24""",
4486-536,460,505.8,EA,"PRUNUS CERASIFERA 36"" MLT",460,,"36""",
4487-101,6,522,EA,PRUNUS C. BRIGHT & TIGHT 1G,6,,1G,
4487-505,13,520,EA,PRUNUS C. BRIGHT N TIGHT 5G,13,,5G,
4487-515,58,510.3,EA,PRUNUS C BRIGHT N TIGHT 15G,58,,15G,
4487-524,170,521,EA,"PRUNUS C. 'BRIGHT N TIGHT' 24"" STD.",170,,"24""",
4487-530,450,506,EA,"PRUNUS BR. & TIGHT 30""",450,,"30""",
4487-605,13,520,EA,PRUNUS C. BRIGHT N TIGHT 5G CLMN,13,,5G,
4487-615,60,510.3,EA,PRUNUS 'BRIGHT N TIGHT' 15G CLMN,60,,15G,
4487-624,144,507,EA,"PRUNUS C. 'BRIGHT N TIGHT' 24"" CLMN",180,,"24""",
4487-724,200,507,EA,"PRUNUS C. 'MONUS' 24"" STD.",200,,"24""",
448793,330,469,,RB TBOS-BT6 battery-op controller,330,POC,,
4488-505,14,520,EA,PRUNUS LAUR ZABELIANA 5G,14,,5G,
4489-115,55,510.3,EA,PRUNUS CAROL.15G PYRAMID,55,,15G,
4489-505,10,513,EA,PRUNUS CAR. COMPACTA 5G CLM,10,,5G,
4490-105,20,520,EA,PRUNUS ILLICIFOLIA 5G,20,,5G,
4490-115,60,510,EA,PRUNUS LYONII 15G,60,,15G,
4490-124,285,507,EA,"PRUNUS LYONII 24""",285,,"24""",
4490-215,75,510,EA,PRUNUS X 'DREAM CATCHER' 15G,75,,15G,
4490-505,14,520,EA,PRUNUS LYONII 5G,14,,5G,
4492-505,18,520,EA,"PRUNUS L.""OTTO LUYKEN"" 5G",18,,5G,
45,0,None,EA,MISC,0,,,
4502-005,75,525,EA,PYROSTEGIA VENUSTA 15G STK,75,,15G,
4502-015,135,528,EA,PYROSTEGIA VENUSTA 15G ESP,135,,15G,
4502-105,20,526,EA,PYROSTEGIA VENUSTA 5G STK,20,,5G,
4502-115,50,519,EA,PYROSTEGIA VENUSTA 15G SHRUB,50,SH,15G,
4504-348,1050,503,EA,"PYRUS C. "" BRADFORD"" 48"" STD",1050,,"48""",
45-1330,4700,470,EA,REWATER 21 STATION CONTR.,4700,,,
45-1331,2,639.9,EA,REWATER 12 GPH EMITTER,2,,,
45-1332,0.3,636.4,LF,REWATER 20MM TUBING,0.3,,,
45-1333,0.4,999,EA,REWATER 20MM COMP FITTINGS,0.4,,,
45-1334,45,380.2,EA,"REWATER T-2500 1"" VALVE",45,,"1""",
4551-111,4,522,EA,LOBULARIA MARITIMA 1G,4,,1G,
4560-124,190,507,EA,PROSOPIS CHILENSIS 24,190,,,
4560-136,485,505,EA,PROSOPIS CHILENSIS 36,485,,,
4560-148,1150,503.1,EA,PROSOPIS CHILENSIS 48,1150,,,
4560-160,2800,501,EA,PROSOPIS CHILENSIS 60,2800,,,
4560-224,190,507,EA,PROSOPIS ALBA COLORADO 24,190,,,
4560-236,490,505,EA,PROSOPIS GLANDULOSA 36,490,,,
4560-248,1200,503,EA,PROSOPIS PHOENIX 48,1200,,,
4560-324,190,507,EA,PROSOPIS CHILENSIS 24,190,,,
4560-336,490,505,EA,PROSOPIS GLANDULOSA 36,490,,,
4560-424,190,507,EA,PROSOPIS GLANDULOSA 24,190,,,
4560-436,500,505,EA,PROSOPSIS C. 'PHOENIX' 36,500,,,
4560-501,60,510,EA,PROSOPIS CHILENSIS 15G STD,60,,15G,
4560-515,65,510,EA,PROSOPIS VELUTINA 15G,,,,
4560-524,190,507,EA,PROSOPIS GRAN. 'MAVERICK' 24,190,,,
4560-536,470,505,EA,"PROSOPIS CHILENSIS 36"" STD.",470,,"36""",
4560-615,70,510,EA,PROSOPIS G. TORREYANA 15G MLT,50,,15G,
4560-624,190,507,EA,PROSOPIS X 'PHOENIX' 24,190,,,
4560-715,60,510,EA,PROSOPIS 'PHOENIX' 15G MLT,60,,15G,
4560-724,190,507,EA,PROSOPIS GLANDULOSA 24,190,,,
4590-115,60,510,EA,PYRUS C. ARISTOCRAT 15G,60,,15G,
4590-124,190,507,EA,PYRUS C. ARISTOCRAT 24,190,,,
4590-130,280,506,EA,"PYRUS CALL ARISTOCRAT 30""",280,,"30""",
4590-136,490,505,EA,PYRUS C. ARISTOCRAT 36,490,,,
4590-148,1200,503,EA,PYRUS CALL. ARIS. 48,1200,,,
4590-236,490,505,EA,PYRUS C. RED SPIRE 36,490,,,
4591-124,190,507,EA,PYRUS C. 'CHANTICLEER' 24,190,,,
4591-148,1200,503,EA,PYRUS CALLERYANA 48,1200,,,
4591-224,185,507,EA,PYRUS CALLERYANA 24,185,,,
4592-115,55,510,EA,PYRUS CALL BRADFORD 15G,55,,15G,
4592-124,175,507,EA,"PYRUS CALL BRADFORD 24""",175,,"24""",
4592-136,465,505,EA,"PYRUS CALL BRADFORD 36"" STD",465,,"36""",
4592-215,36,510,EA,PYRUS CALL REDSPIRE 15G,36,,15G,
4592-224,120,507,EA,"PYRUS C. 'RED SPIRE' 24""",120,,"24""",
4592-315,36,510,EA,PYRUS C. DANCER 15G STD,36,,15G,
4592-324,115,507,EA,"PYRUS C. BRADFORD 24"" MULTI",115,,"24""",
4592-424,155,507,EA,"PYRUS CALL. 'CAPITOL' 24"" STD",155,,"24""",
4592-636,490,505,EA,PYRUS CALL. CAPITOL 36,490,,,
4593-124,190,507,EA,PYRUS C. 'CHANTICLEER' 24,190,,,
4594-105,18,513,EA,PYRUS KAWAKAMII 5GAL STD,18,,5G,
4594-115,60,510,EA,PYRUS KAWAKAMII 15G STD,60,,15G,
4594-124,190,507,EA,PYRUS KAWAKAMII 24,190,,,
4594-130,220,506,EA,"PYRUS KAWAKAMII 30""",220,,"30""",
4594-136,490,505,EA,PYRUS KAWAKAMII 36,490,,,
4594-148,1200,503,EA,PYRUS KAWAKAMII 48,1200,,,
4594-160,2800,501,EA,PYRUS KAWAKAMII 60,2800,,,
4594-205,6,513,EA,PYRUS KAWAKAMII 5GAL MUL,6,,5G,
4594-215,37,510,EA,PYRUS KAWAKAMII 15G MLT,37,,15G,
4594-224,100,507,EA,"PYRUS KAWAKAMII 24"" MUL",100,,"24""",
4594-236,450,505,EA,"PYRUS KAWAKAMII 36"" MLT",450,,"36""",
4594-248,830,503,EA,"PYRUS KAWAKAMII 48"" MUL",830,,"48""",
4594-260,1800,501,EA,"PYRUS KAWAKAMII 60"" MUL",1800,,"60""",
4594-315,55,510,EA,PYRUS CHANTICLEER 15G STD,55,,15G,
4595-001,3,522,EA,"PYRACANTHA ""RED ELF"" 1G",3,,1G,
4595-015,45,525,EA,PYRACANTHA SANTA CRUZ 15G STK,45,,15G,
4595-405,10,520,EA,PYRACANTHUS COCCINEA 5G,10,,5G,
4595-415,30,519,EA,PYRACANTHA COCCINEA  15 GAL,30,,15G,
4595-501,4,522,EA,PYRACANTHA SANTA CRUZ 1G,4,,1G,
4595-505,10,520,EA,PYRACANTHA SANTA CRUZ 5G,10,,5G,
4595-515,40,519,EA,PYRACANTHA SANTA CRUZ 15G,40,,15G,
4595-555,7.5,520,EA,PYRACANTHA 'LA JOLLA' 5G,7.5,,5G,
4595-601,3,522,EA,"PYRACANTHA ""TINY TIM"" 1G",3,,1G,
4595-605,7.5,520,EA,"PYRACANTHA ""TINY TIM"" 5G",7.5,,5G,
4595-715,40,525,EA,PYRACANTHA KOIDZUMI VICTORY 15GAL STK.,40,,15G,
4595-801,3,522,EA,"PYRACANTHA ""RUBY MOUND"" 1G",3,,1G,
4595-805,10,520,EA,"PYRACANTHA ""RUBY MOUND"" 5G",10,,5G,
4595-815,40,525,EA,"PYRACANTHA C, GRABER 15 G STK",40,,15G,
4595-901,4,522,EA,PYRACANTHA COC. LOWBOY 1G,4,,1G,
4595-915,40,525,EA,PYRACANTHA  GRABERI 15G STK,40,,15G,
4596-136,465,505,EA,"PYRUS C. CHANTICLEER 36"" STD",465,,"36""",
4596-236,125,507,EA,"PRUNUS C. ATROPUPUREA 36""  MLT",125,,"36""",
4596-336,825,505,EA,"PRUNUS 'COT N CANDY' 36""",825,,"36""",
4596-436,825,505,EA,"PRUNUS 'PLATYCARPA' 36""",825,,"36""",
4596-505,7.5,520,EA,PYRACANTHA RUBY MOUND 5G,7.5,,5G,
4597-505,7.5,520,EA,PYRACANTHA KOIDZEEMII 5G,7.5,,5G,
4598-505,8,520,EA,PYRACANTHA RED ELF 5G,8,,5G,
4599-115,60,510,EA,PERSIMMON,60,,,
4605-405,9.2,520,EA,PENNISETUM HAMLIN 5G,9.2,,5G,
46-1000,0.8,None,FT,LOW VOLT LIGHT WIRE 12/2,0.8,,,
46-1001,27,638,EA,LUMA GL 23 RIVIERA,27,,,
46-1002,11.5,None,EA,LUMA PAR 36QWFL LAMP 36 WATT,11.5,,,
46-1003,237.5,635,EA,LUMA TO 24V-500VA1 XFORMER/TIMER,237.5,,,
46-1004,0.27,639,FT,LUMA 12-3 WIRE,0.27,,,
46-1005,57,638,EA,LUMA GL 88 DAYTONA,57,,,
46-1006,6,None,EA,LUMA PL13-3600K LAMP,6,,,
46-1007,27.5,638,EA,"LUMA JAMAICA 8"" LIGHTS",27.5,,"8""",
46-1008,1,None,EA,LUMA 1156SC LAMP 26 WATT,1,,,
46-1009,3.5,None,EA,LUMA GA05 STAKES,3.5,,,
46-1010,0.9,430,LF,#6 COPPER THHN WIRE - BLACK (110V),0.9,,,
4610-101,6,516,EA,QUERCUS AGRIFOLIA 1G NATURAL,6,,1G,
4610-105,18,513,EA,QUERCUS AGRIFOLIA 5G STD,18,,5G,
4610-108,22000,499,EA,"QUERCUS AGRIFOLIA 108"" MLT",22000,,"108""",
46-1011,0.9,430,LF,#6 COPPER THHN WIRE - WHITE (110V),0.9,,,
4610-115,65,510,EA,QUERCUS AGRIFOLIA 15G STD,55,,15G,
46-1012,0.9,430,LF,#6 COPPER THHN WIRE - GREEN (110V),0.9,,,
4610-120,27500,499.2,EA,"QUERCUS AG 120"" MLT",27500,,"120""",
4610-124,190,507,EA,"QUERCUS AGRIFOLIA 24"" STD",180,,"24""",
4610-136,490,505,EA,"QUERCUS AGRIFOLIA 36"" STD",475,,"36""",
4610-142,750,504,EA,"QUERCUS AGRIF. 42""",750,,"42""",
4610-148,1200,503,EA,"QUERCUS AGRIFOLIA 48"" STD",1200,,"48""",
4610-149,1200,503,EA,"QUERCUS AGRIFOLIA 48"" L/B",1200,,"48""",
4610-160,3000,501,EA,"QUERCUS AGRIFOLIA 60"" STD",3000,,"60""",
4610-161,3100,501,EA,"QUERCUS AGRI. 60"" L/B",3100,,"60""",
4610-184,13000,498.1,EA,"QUERCUS AGRIFOLIA 84"" MLT",13000,,"84""",
4610-215,20,513,.,QUERCUS AGRIFOLIA 5G MLT,20,,5G,
4610-236,475,505,EA,"QUERCUS AGRIFOLIA 36"" MLT",475,,"36""",
4610-248,1200,503,EA,"QUERCUS AGRIFOLIA 48"" MLT",1200,,"48""",
4610-260,3100,501,EA,"QUERCUS AGRIFOLIA 60"" MLT",3100,,"60""",
4610-272,7500,500,EA,"QUERCUS AGRI. 72"" MLT",8000,,"72""",
4610-273,7500,500,EA,"QUERCUS AGRI. 72"" STD",8000,,"72""",
4610-274,7500,500,EA,"QUERCUS AGRI. 72"" L/B",8000,,"72""",
4610-284,13000,498,EA,"QUERCUS AGRIFOLIA 84"" MLT",13000,,"84""",
4610-296,19500,499,EA,"QUERCUS AGRI 96"" MLT",19500,,"96""",
4610-324,200,507,EA,"QUERCUS ENGLEMANII 24"" NAT.",200,,"24""",
4610-336,475,505,EA,"QUERCUS LOBATA 36"" STD",475,,"36""",
4610-348,1200,503,EA,"QUERCUS LOBATA 48"" MLT",1200,,"48""",
4610-360,3200,501,EA,"QUERCUS LOBATA 60"" MLT",3200,,"60""",
4610-372,7500,500,EA,"QUERCUS LOBATA 72"" STD",8000,,"72""",
4610-384,13000,498,EA,"QUERCUS AGRI. 84"" MLT",13000,,"84""",
4610-415,63,510,,QUERCUS AGRIFOLIA 15G LB,63,,15G,
4610-448,1200,503,EA,"QUERCUS LOBATA 48"" STD",1200,,"48""",
4610-460,3100,501,EA,"QUERCUS VIRG. CATHEDRAL 60"" STD",3100,,"60""",
4610-615,70,510,EA,QUERCUS ENGELMANII 15G MLT,70,,15G,
4610-715,60,511,EA,QUERCUS PILUSTRIS 15G STD,60,,15G,
4610-724,180,507,EA,"QUERCUS AGR. 24""  L/B",180,,"24""",
4610-736,475,505,EA,"QUERCUS AGRIFOLIA 36"" L/B",475,,"36""",
4610-748,1300,503,EA,"QUERCUS ENGELMANII 48""",1300,,"48""",
4610-760,3300,501,EA,"QUERCUS ENGELMANII 60""",3300,,"60""",
4610-805,20,513,EA,QUERCUS DUMOSA 5G,20,,5G,
4610-815,50,510,EA,QUERCUS CHRYSOLEPSIS 15G,50,,15G,
4610-824,180,507,EA,"QUERCUS AGRI 24"" MLT",180,,"24""",
4610-848,1300,503,EA,"QUERCUS TOMENTELLA 48"" L/B",1300,,"48""",
4610-915,480,505,EA,"QUERCUS COCCINEA 36""",480,,"36""",
4610-924,175,507,EA,"QUERCUS AGRIFOLIA 24"" LB",175,,"24""",
4611-105,18,513,EA,QUER. VIRGINIANA HERITAGE 5G,18,,5G,
4611-115,60,510,EA,QUER. VIRG HERITAGE 15G,60,,15G,
4611-215,20,513,EA,QUERCUS AGRIFOLIA LB 5G,20,,5G,
4611-501,8,516,EA,QUERCUS BERBERIDIFOLIA 1G (DUMOSA),8,,1G,
4611-515,55,510,EA,QUERCUS DUMOSA 15G,55,,15G,
4611-815,50,510,EA,QUERCUS KELOGGII 15G,50,,15G,
4615-024,200,507,EA,QUERCUS LOBATA 24,200,,,
4615-101,6,516,EA,QUERCUS ILEX 1G,6,,1G,
4615-105,20,513,EA,QUERCUS ILEX 5G,20,,5G,
4615-115,60,510,EA,QUERCUS ILEX 15G STD,60,,15G,
4615-124,180,507,EA,"QUERCUS ILEX 24"" STD",180,,"24""",
4615-136,490,505,EA,QUERCUS ILEX 36,490,,,
4615-205,18,513,EA,QUERCUS BERBERIDIFOLIA 5G TREE,18,TR,5G,
4615-224,195,507,EA,QUERCUS SUBER 24,195,,,
4615-236,490,505,EA,QUERCUS ILEX 36,490,,,
4615-324,190,507,EA,QUERCUS ILEX 24,190,,,
4615-424,190,507,EA,QUERCUS V. CATHEDRAL 24,190,,,
4615-524,200,507,EA,"QUERCUS CHRYSOLEPIS 24""",200,,"24""",
4615-624,200,507,EA,QUERCUS KELLOGGII 24,200,,,
4615-724,200,507,EA,QUERCUS PALUSTRIS 24,200,,,
4615-824,,,,"QUERCUS BERBERDIFOLIA 24""",,,,
4630-036,475,505,EA,"QUERCUS VIRG HERITAGE 36"" MLT",475,,"36""",
4630-101,5,516,EA,QUERCUS VIRGINIANA 1G,5,,1G,
4630-105,20,513,EA,QUERCUS VIRIGIANA 5G,20,,5G,
4630-115,60,510,EA,QUERCUS VIRGINIANA 15G,60,,15G,
4630-124,175,507,EA,"QUERCUS VIRGINIANA 24"" STD",175,,"24""",
4630-136,490,505,EA,QUERCUS VIRGINIANA 36,490,,,
4630-138,490,505.6,EA,QUERCUS VIRGINIANA 36,490,,,
4630-148,1450,503,EA,"QUERCUS VIRGINIANA 48"" STD",1450,,"48""",
4630-172,7500,500,EA,"QUERCUS VIRGINIANA 72"" MLT",7500,,"72""",
4630-196,17500,499,EA,"QUERCUS VIRGINIANA 96"" MLT",17500,,"96""",
4630-236,500,505,EA,QUERCUS PALUSTRIS 36,500,,,
4630-248,1400,503,EA,"QUERCUS VIRG HERITAGE 48"" STD",1400,,"48""",
4630-272,8000,500,EA,"QUERCUS SUBER 72""",8000,,"72""",
4630-336,500,505,EA,QUERCUS SUBER 36,500,,,
4630-348,1200,503,EA,"QUERCUS VIR. 'CATHEDRAL' 48"" STD",1200,,"48""",
4630-372,7500,500,EA,"QUERCUS VIRGINIANA 72"" STD",7500,,"72""",
4630-436,500,505,EA,"QUERCUS ENGELMANII 36"" MLT",500,,"36""",
4630-472,8000,500,EA,"QUERCUS ILEX  72"" MLT",8000,,"72""",
4630-536,490,505,EA,QUERCUS VIRG. CATHEDRAL 36,490,,,
4630-636,490,505,EA,QUERCUS SUBER 36,490,,,
4630-660,3100,501,EA,"QUERCUS VIRGINIANA 60"" STD",3100,,"60""",
4630-736,490,505,EA,QUERCUS VIRG HERITAGE 36,490,,,
4630-760,3100,501,EA,"QUERCUS VIRGINIANA 60"" MLT",3100,,"60""",
4630-836,490,505,EA,QUERCUS VIRGINIANA 36,490,,,
4630-848,1300,503,EA,"QUERCUS TOMENTELLA 48""",1300,,"48""",
4630-860,2750,501,EA,"QUERCUS AGR. 60"" UPRIGHT MLT",2750,,"60""",
4630-936,500,505,EA,QUERCUS SUBER 36,500,,,
4630-948,1200,503,EA,"QUERCUS SUBER 48""",1200,,"48""",
4630-960,3100,501,EA,"QUERCUS LOBATA 60"" STD.",3100,,"60""",
4640-501,7,522,EA,RHAMN. CAL. 1G (HI MORTALITY),7,,1G,
4640-901,7,522,EA,RHAMNUS C. MOUND SAN BRUNO 1G,7,,1G,
4641-000,1,522,EA,RHAMNUS CROCEA LINER,1,,,
4641-501,7,522,EA,RHAMNUS CROCEA 1 GAL,7,,1G,
4641-502,7,522,EA,RHAMNUS ILICIFOLIA 1G,7,,1G,
4642-000,2.55,522,EA,RHAMN. CALIF. EVE CASE LINER,2.55,,,
4642-115,60,519,EA,RHAMNUS C. LEATHERLEAF' 15G,60,,15G,
4642-136,440,505,EA,"RHAMNUS ALATERNUS 36"" MLT",440,,"36""",
4642-215,60,519,EA,RHAMNUS CALIFORNICA 15G,60,,15G,
4642-315,60,519,EA,RHAMNUS ILICIFOLIA 15G,60,,15G,
4642-501,5,522,EA,RHAMN. CALIF. EVE CASE 1G,5,,1G,
4642-505,12.8,520,EA,RHAMNUS CALIF. EVE CASE 5G,16,,5G,
4642-515,60,519,EA,RHAMNUS CAL. EVE CASE 15G,60,,15G,
4642-605,9.6,520,EA,RHAMINUS ALATERNUS VAR. 5G,12,,5G,
4642-615,125,519,EA,RHAMNUS ALATERNUS VARIG 15G,125,,15G,
4642-705,18,520,EA,RHAMNUS ILICIFOLIA 5G,18,,5G,
4643-000,0.75,524,EA,FICUS PUMILA LINER,0.75,,,
4700-001,4.4,522,EA,"RHAP. UMBELLATA ""MINOR"" 1G",4,,1G,
4700-101,7,522,EA,RAPHIOLEPIS BAY BREEZE 1G,7,,1G,
4700-105,20,520,EA,RHAPHIOLEPIS BAY BREEZE 5G,20,,5G,
4700-115,45,519,EA,RHAP I. OVATA 15G SHRUB,33,SH,15G,
4700-201,4,522,EA,ROSMARINUS O. IRENE 1G,4,,1G,
4700-301,4.4,522,EA,RHAP UMBELLATA GULF GRN 1G,3.75,,1G,
4700-501,4.4,522,EA,RAPH. IND BALLERINA 1G,3.7,,1G,
4700-505,11,520,EA,RHAPHIOLEPIS BALLERINA 5G,10,,5G,
4700-515,42,519,EA,RHAPHIOLEPIS BALLERINA 15G,42,,15G,
4700-615,43,519,EA,RHAPHIOLEPIS PINK DANCER 15G,43,,15G,
4701-501,4,522,EA,RHAPIOLEPIS I SPRINGTIME 1G,4,,1G,
4701-505,10,520,EA,RHAPHIOLEPIS SPRINGTIME 5G,10,,5G,
4701-515,40,519,EA,RHAPHIOLEPIS SPRINGTIME 15G,40,,15G,
4701-516,75,519,EA,RHAP. SPRG RAPTURE' MONREY' 15G,75,,15G,
4701-517,55,519,EA,RHAP. 'SPRING RAPTURE' 15G,55,,15G,
4702-501,4.4,522,EA,RHAPIOLEPIS I PINK CLOUD 1G,3,,1G,
4702-505,11,520,EA,RHAPHIOLEPIS PINK CLOUD 5G,8.5,,5G,
4702-515,30,519,EA,RHAPHIOLEPIS PINK CLOUD 15G,30,,15G,
4705-001,4.3,522,EA,RHAPHIOLEPIS CLARA 1G,4,,1G,
4705-105,12,520,EA,PHORMIUM X 'SUNSET' 5G,12,,5G,
4705-205,25,520,EA,PHORM. T. GOLD SWORD 5G,25,,5G,
4705-305,25,520,EA,PHORMIUM T. RAINBOW WARRIOR 5G,25,,5G,
4705-405,25,520,EA,PHORMIUM WINGS OF GOLD 5G,25,,5G,
4705-501,4.3,522,EA,RAPHIOLEPIS I CLARA 1G,4,,1G,
4705-505,11,520,EA,RHAPHIOLEPIS CLARA 5G,11,,5G,
4705-515,40,519,EA,RHAPHIOLEPIS CLARA 15G,40,,15G,
4705-605,11,520,EA,RHAPHIOLEPIS DANCER 5G,9.5,,5G,
4710-115,60,510,EA,QUERCUS LOBATA 15G,60,,15G,
4710-501,4.4,522,EA,RAPHIOLEPIS COATES CRIM 1G,3,,1G,
4710-505,11,520,EA,RHAPHIOLEPIS COATES CRIMSON 5G,8,,5G,
4710-515,42,519,EA,RHAPH. COATES CRIMSON 15G,30,,15G,
4712-105,11,520,EA,RHAPHIOLEPIS I. ALBA 5G,10,,5G,
4712-115,40,519,EA,RHAPHIOLEPIS I. 'ALBA' 15G,40,,15G,
4712-305,11,520,EA,RHAPHIOLEPIS MAGNIFICENT 5G,11,,5G,
4712-405,11,520,EA,RHAP PINK DANCER 5G,10,,5G,
4712-505,28,520,EA,RHAP. PINK PRINCESS 5G (MONROVIA),28,,5G,
4713-505,25,520,EA,RHAP. INDIAN PRINCESS 5G (MONROVIA),25,,5G,
4715-105,12,520,EA,RAPHIOLEPIS TAYLOR'S DWF 5G,8,,5G,
4715-501,4.4,522,EA,RHAPH. I ENCHANTRESS 1G,3.25,,1G,
4715-505,11,520,EA,RHAPH. ENCHANTRESS 5G,9.5,,5G,
4715-515,42,519,EA,RHAPHIOLEPIS ENCHANTRESS 15G,42,,15G,
4720-501,4.4,522,EA,RAPHIOLEPIS JACK EVANS 1G,4,,1G,
4720-505,11,520,EA,RHAPHIOLEPIS JACK EVANS 5G,9.5,,5G,
4720-515,40,519,EA,RHAPHIOLEPIS JACK EVANS 15G,40,,15G,
4720-615,,,,RAPH. ELEANOR TABOR 15G,,,,
4721-501,4,522,EA,RAPH. SPRING  RAPTURE 1G,4,,1G,
4721-502,12,520,EA,RAPH. SPRING RAPTURE 2G,12,,2G,
4721-505,12,520,EA,RHAPH. SPRING RAPTURE 5G,12,,5G,
4721-506,28,520,EA,RHAPH. SPRG RAPTURE 'MONREY' 5G,28,,5G,
4721-515,75,510.4,EA,RHAPH. MAJ. BEAUTY 15 G (PATIO),75,,15G,
4721-615,60,519,EA,"RHAP U. ""RUTRHAP 1"" 15G",60,,"1""",
4721-715,80,519,EA,RHAPHIOLEPIS X 'MONTIC' 15G,80,,15G,
4730-001,4.4,522,EA,RHAP I. PINK LADY 1 G,3,,1G,
4730-115,42,519,EA,RHAP UMBELLATA MINOR 15G,42,,15G,
4730-215,150,528,EA,RHAP. MAJ BEAUTY 15G ESP,150,,15G,
4730-315,45,519,EA,RHAP GULF GREEN 15G,45,,15G,
4730-501,4.4,522,EA,RAPHIOLEPIS I PINK LADY 1G,4,,1G,
4730-505,11,520,EA,RHAPHIOLEPIS PINK LADY 5G,10,,5G,
4730-515,40,519,EA,RHAPHIOLEPIS PINK LADY 15G,40,,15G,
4730-605,11.5,520,EA,RHAPHIOLEPIS U. MINOR 5G,11.5,,5G,
4730-705,12,520,EA,RHAPH. U.M. GULF GREEN 5G,12,,5G,
4730-805,11,520,EA,RHAPHIOLEPIS CONOR/EL TABOR 5G,11,,5G,
4732-501,4.4,522,EA,RAPHIOLEPIS PINKIE 1G,3,,1G,
4732-505,11,520,EA,RHAPHIOLEPIS PINKIE 5G,11,,5G,
4732-515,40,519,EA,RHAPHIOLEPIS PINKIE 15G,40,,15G,
4732-605,28,520,EA,RHAPHIOLEPIS MONTO 5G,28,,5G,
4732-705,28,520,EA,RHAPH. BLUEBERRY MUFFIN 5G,28,,5G,
4732-905,11,520,EA,RHAPH. ROSEA DWF 5G,8,,5G,
4733-505,11,520,EA,RAPH I. ROSEA DWARF 5G,7.5,,5G,
4734-105,15,513,EA,RHAPH. MAJ. BEAUTY 5G STD,15,,5G,
4734-115,60,510,EA,RHAPH. MAJ. BEAUTY 15G STD,60,,15G,
4734-124,190,507,EA,"RHAPH. MAJ BEAUT 24""  STD",175,,"24""",
4734-130,300,506,EA,"RHAPHIOLEPIS I MAJ.BEAUTY 30""",300,,"30""",
4734-136,450,505,EA,"RAPH. MAJ. BEAUTY 36"" STD (TM?)",450,,"36""",
4734-148,1100,503,EA,"RHAP MAJ BEAUTY 48"" STD",1100,,"48""",
4734-205,11,520,EA,RHAPHIOLEPIS I. 'RUBY COMPACTA' 5G,11,,5G,
4734-215,50,510,EA,RHAPH. MAJ. BTY 15G MLT (TM?),50,,15G,
4734-224,150,507,EA,"RHAPHIOLEPIS PINK LADY 24"" STD",150,,"24""",
4734-236,580,505,EA,"RHAPH. MAJ. BEAUTY 36"" MLT",580,,"36""",
4734-336,625,505,EA,"RHAPH. MAJ. BEAUTY 36"" STD",625,,"36""",
4735-001,4.4,522,EA,"RHAP IND. ""INDIAN"" 1G",3,,1G,
4735-415,43,519,EA,RHAPHIOLEPIS MAGNIFICENT 15G,43,,15G,
4735-501,4,522,EA,RHAP  MAJESTIC BEAUTY 1G,4,,1G,
4735-505,11,520,EA,RHAPH. MAJESTIC BEAUTY 5G,11,,5G,
4735-515,45,519,EA,RHAPH. MAJ. BEAUTY 15G SHRUB,45,SH,15G,
4747-515,80,528,EA,COTONEASTER LACTEUS ESP. 15G,80,,15G,
4777-505,11,520,EA,RAPHIOLEPIS OVATA COMP. 5G,8,,5G,
4777-605,11,520,EA,RHAPHIOLEPIS OVATA 5G,8,,5G,
4790-115,45,520,EA,RHAPIS HUMILIS 5G MLT,45,,5G,
4790-124,450,507,EA,"RHAPIS HUMILIS 24"" MLT",450,,"24""",
4790-136,1200,505,EA,"RHAPIS HUMILIS 36"" MUL",1200,,"36""",
4790-515,130,519,EA,RHAPIS HUMILIS 15G,130,,15G,
4791-105,15,520,EA,RHODODENDRON X 'SNEEZY (H-2) 5G (MONROVIA),15,,5G,
4791-501,4.5,522,EA,RHUS INTEGRIFOLIA 1G,4.5,,1G,
4791-505,17,520,EA,RHUS INTEGRIFOLIA 5G,17,,5G,
4791-515,55,519,EA,RHUS INTEGRIFOLIA 15G,55,,15G,
4791-801,5,522,EA,RHOICISSUS CAPENSIS 1G,5,,1G,
4791-901,8,522,EA,RHIPSALIS BACCIFERA 1G,8,,1G,
4792-005,14.4,520,EA,RHAMNUS C. MOUND SAN BRUNO 5G,18,,5G,
4792-015,60,519,EA,RHAMNUS MOUND SAN BRUNO 15G,60,,15G,
4792-505,15,520,EA,RHAMNUS CALIFORNICA 5G,15,,5G,
4792-605,15,520,EA,"RHAMNUS C."" LITTLE SUR"" 5G",15,,5G,
4792-705,18,520,EA,RHAMNUS CROCEA 5G,18,,5G,
4799-005,12,520,EA,LEUCOPHYLLUM Z. 'CIMARRON' (TM) 5G,12,,5G,
4799-105,14,520,EA,LEUCODENDRON JESTER 5G,14,,5G,
4799-115,80,519,EA,LEUCODENDRON JESTER 15G,80,,15G,
4799-205,40,520,EA,LEUCODENDRON 'EBONY' 5G,40,,5G,
4799-305,40,520,EA,LEUCODENDRON 'RED GEMS' 5G,40,,5G,
4799-405,15,520,EA,LEUCODENDRON S WINTER RED 5G,15,,5G,
4799-505,40,520,EA,LEUCODENDRON HAWAII SUNRISE 5G,40,,5G,
4800-001,5.5,522,EA,LEYMUS TRITICOIDIES ,4.5,,,
4800-105,11,520,EA,LEUCOPHYLLUM GREEN CLOUD  5G,11,,5G,
4800-115,45,519,EA,LEUCOPHYLUM WHITE CLOUD 15G,,,,
4800-201,5.5,522,EA,LEYMUS TRITICOIDES 1G,4.4,,1G,
4800-205,3,522,EA,LEUCOPHYLLUM FRUT DWF 1G,3,,1G,
4800-215,45,519,EA,LEUCOPHYLLUM 'GREEN CLOUD' 15G,45,,15G,
4800-301,5.5,522,EA,"LEYMUS TRIT.""RIO"" 1G",4.5,,1G,
4800-305,40,520,EA,LEUCODENDRON SAFARI SUNSET 5G,40,,5G,
4800-315,75,519,EA,LEUCODENDRON SAFARI SUNSET 15G,75,,15G,
4800-401,5.5,522,EA,LEYMUS C. CANYON PRINCE 1G,5.5,,1G,
4800-405,15,520,EA,CONDROPETALUM TECTORUM 5G,15,,5G,
4800-415,45,519,EA,LEUCOPHYLLUM 'RIO BRAVO' 15G,45,,15G,
4800-501,3.5,522,EA,COLOCASIA ESCULENTA 1G,3.5,,1G,
4800-505,18,520,EA,COLOCASIA ANT. BLACK MAJIC 5G,18,,5G,
4800-515,40,519,EA,COLOCASIA ESCULENTA 15G,40,,15G,
4800-600,7.2,522,EA,CNEORIDIUM DUMOSUM 1G,7.2,,1G,
4800-605,18,520,EA,COLOCASIA ESCULENTA 5G,18,,5G,
4800-615,55,519,EA,COLOCASIA ANT. BLACK MAJIC 15G,55,,15G,
4800-701,13,520,EA,LEYMUS C.  CANYON PRINCE 5G,10,,5G,
4800-705,13,520,EA,LEYMUS CONDENSATUS 5G,9.5,,5G,
4800-715,45,519,EA,LEUCOPHYLLUM F. COMPACTA 15G,45,,15G,
4800-801,8,522,EA,CONDEA EMORYI 1G,8,,1G,
4801-005,11,520,EA,LEUCOPHYLLUM LAE. LYNN'S LEGACY' 5G,11,,5G,
4801-015,45,519,EA,LEUCOPHYLLUM Z. 'CIMARRON' (TM) 15G,45,,15G,
4801-105,10,520,EA,LEUCOPHYLLUM F. COMPACTA 5G,10,,5G,
4801-205,9.5,520,EA,LEUCOPHYLLUM FRUTES. 5G,9.5,,5G,
4801-215,42,519,EA,LEUCOPHYLLUM FRUTES 15G,42,,15G,
4801-301,3.75,522,EA,LEUCOPHYLLUM LAEVIGATUM 1G,3.75,,1G,
4801-305,9.5,520,EA,LEUCOPHYLLUM LAEVIGATUM 5G,9.5,,5G,
4801-315,80,519,EA,LEUCODENDRON GOLD STRIKE 15G,80,,15G,
4801-405,12,520,EA,LEUCOPHYLLUM L. RIO BRAVO 5G,15,,5G,
4801-501,4,522,EA,LEUCOPHYLLUM FRUT. 1G,4,,1G,
4801-502,4,522,EA,LEUCOPHYLLUM GREEN CLOUD 1G,4,,1G,
4801-505,10,520,EA,LEUCOPHYLLUM FRUTESCENS 5G,10,,5G,
4801-515,44,519,EA,LEUCOPHYLLUM FRU. 'SILVER CLOUD' 15G,44,,15G,
4801-601,3.5,522,EA,LEUCOPHYLLUM F. RAIN CLOUD 1G,3.5,,1G,
4801-605,9.5,520,EA,"LEUCOPHYLLUM ""THUNDERCLOUD"" 5G",9.5,,5G,
4801-615,40,519,EA,"LEUCOPHYLUM ""THUNDERCLOUD"" 15G",40,,15G,
4801-701,3,522,EA,LEUCOPHYLUM F. WHITE CLOUD 1G,3,,1G,
4801-705,10,520,EA,LEUCOPHYLLUM LANGMANI 5G,10,,5G,
4801-801,3.75,522,EA,LEUCOPHYLLUM CANDIDUM 1G,3.75,,1G,
4801-805,10,520,EA,LEUCOPHYLLUM SAFARI SUNSET 5G,10,,5G,
4801-815,45,519,EA,LEUCOPHYLLUM LAEVIGATUM 15G,45,,15G,
4801-905,25,520,EA,LEUCOPHYLLUM CLOUDBANK GINNY 5G,25,,5G,
4801-915,50,519,EA,LEUCOPHYLLUM LAE. 'LYNN'S LEGACY' 15G,50,,15G,
4802-005,10,520,EA,LEUCOPHYLLUM 'BRAVEHEART' 5G,10,,5G,
4802-015,55,510,EA,RHUS LANCEA 15G L/B,55,,15G,
4802-101,3.5,522,EA,LEUCOPHYLLUM F. WHITE CLOUD 1G,3.5,,1G,
4802-105,10.5,520,EA,LEUCOPHYLLUM WHITE CLOUD 5G,10.5,,5G,
4802-115,60,510,EA,RHUS LANCEA 15G STD,60,,15G,
4802-124,175,507,EA,"RHUS SEARSIA LANCEA 24"" STD",175,,"24""",
4802-130,300,506,EA,"RHUS LANCEA 30"" STD",300,,"30""",
4802-136,465,505,EA,"RHUS LANCEA 36"" STD",465,,"36""",
4802-142,550,504,EA,"RHUS LANCEA 42"" STD",550,,"42""",
4802-148,1100,503,EA,"RHUS LANCEA 48"" STD",1100,,"48""",
4802-160,2200,501.1,EA,"RHUS LANCEA 60"" STD",2200,,"60""",
4802-205,18,513,EA,RHUS LANCEA 5G MLT,18,,5G,
4802-215,55,510,EA,RHUS LANCEA 15G MLT,55,,15G,
4802-224,155,507,EA,"RHUS LANCEA 24"" MLT",155,,"24""",
4802-230,250,506,EA,"RHUS LANCEA 30"" MUL",250,,"30""",
4802-236,465,505,EA,"RHUS LANCEA 36""  MLT",465,,"36""",
4802-248,1050,503,EA,"RHUS LANCEA 48"" MLT",1050,,"48""",
4802-260,2200,501,EA,"RHUS LANCEA 60"" MLT",2200,,"60""",
4802-305,15,520,EA,LEUCOPHYLUM CANDIDUM 5G,15,,5G,
4802-336,450,505,EA,"RHUS LANCEA 36"" L/B",450,,"36""",
4802-348,1050,503,EA,"RHUS LANCEA 48"" STD",1050,,"48""",
4802-436,465,505,EA,"RHUS LANCEA 36"" STD",465,,"36""",
4802-448,1100,503,EA,"RHUS LANCEA 48"" UPRIGHT MULTI",1100,,"48""",
4802-501,4.5,516,EA,RHUS LANCEA 1G STD,4.5,,1G,
4802-505,18,513,EA,RHUS LANCEA 5G STD,18,,5G,
4802-515,55,510,EA,RHUS LANCEA 15G STD,55,,15G,
4802-524,175,507,EA,"RHUS LANCEA 24"" STD",175,,"24""",
4802-536,465,505,EA,"RHUS LANCEA 36"" UPRIGHT MLT",465,,"36""",
4802-705,15,520,EA,LEUCOSPERMUM FLAME GIANT 5G,15,,5G,
4802-715,60,519,EA,LEUCOSPERMUM FLAME GIANT 15G,60,,15G,
4802-805,14,520,EA,LEUCOSPERMUM FLAME SPIKE 5G,14,,5G,
4802-905,10,520,EA,LEUCOSPERMUM 'TOTTOM HYBRID' 5G,10,,5G,
4810-136,470,505,EA,"RHUS LAURINA 36"" STD",470,,"36""",
4810-501,6,522,EA,RHUS LAURINA 1G,6,,1G,
4810-505,18,520,EA,RHUS LAURINA 5G,18,,5G,
4810-515,38,519,EA,RHUS LAURINA 15G,38,,15G,
481-315,60,519,EA,PHORMIUM T. GREEN BTY 15G,60,,15G,
4815-501,4.5,522,EA,RHUS OVATA 1G,4.5,,1G,
4815-505,15,520,EA,RHUS OVATA 5G,15,,5G,
4815-515,48,519,EA,RHUS OVATA 15G,48,,15G,
4815-601,4.25,522,EA,RHUS TRILOBATA 1G,4.25,,1G,
4816-015,50,519,EA,RIBES SPECIOSUM 15G,50,,15G,
4816-105,13,520,EA,RIBES CALIFORNICA 5G,13,,5G,
4816-205,15,520,EA,RIBES AUR. GRACILLIMUM 5G,15,,5G,
4816-305,15,520,EA,RIBES AUREM 5G,15,,5G,
4816-405,18,520,EA,RIBES A. MEGACARPUS 5G,18,,5G,
4816-501,4.5,522,EA,RIBES SPECIOSUM 1G,4.5,,1G,
4816-505,13,520,EA,RIBES SPECIOSUM 5G,13,,5G,
4816-601,17,520,EA,RIBES V SPOONERS MESA 5G,17,,5G,
4816-605,13,520,EA,RIBES FUSCHIA 5G,13,,5G,
4816-705,13,520,EA,RIBES NEVADENSE 5G,13,,5G,
4816-901,5,522,EA,RIBES SANGUINEUM 1G,5,,1G,
4817-501,5.3,522,EA,RIBES AUREUM  1G,5.3,,1G,
4819-005,15,526,EA,PYRACANTHA C. LALANDEA 5G STK,15,,5G,
4820-136,450,505,EA,"ROBINIA  PURPLE ROBE 36"" STD",450,,"36""",
4820-148,850,503,EA,"ROBINIA ""PURPLE ROBE"" 48"" STD",850,,"48""",
4820-505,9.75,520,EA,ROBINIA PURPLE ROBE 5GAL,9.75,,5G,
4820-515,34,510,EA,ROBINIA PURPLE ROBE 15G STD,34,,15G,
4820-524,165,507,EA,"ROBINIA PURPLE ROBE 24"" STD",165,,"24""",
4820-615,50,510,EA,ROBINIA PSEUDO. LACE LADY 15G STD,50,,15G,
4820-815,45,519,EA,ROSA 15G,45,,15G,
4821-001,5,522,EA,"ROSA ""ROSY CARPET"" 1G",5,,1G,
4821-015,50,900,EA,ROSA ALTISSIMO 15G STK,50,,15G,
4821-101,5,522,EA,ROSA ELSIE 1G,5,,1G,
4821-105,17,520,EA,ROSA SP. WHITE SIMPLICITY  5G,17,,5G,
4821-115,35,510,EA,ROBINIA IDAHOENSIS 15G,35,,15G,
4821-124,155,507,EA,"ROBINIA IDAHOENSIS 24"" NAT.",155,,"24""",
4821-136,490,505,EA,ROBINIA IDAHOENSIS 36,490,,,
4821-205,15,520,EA,"ROSA ""CECIL BRUNER"" 5G",15,,5G,
4821-215,45,525,EA,"ROSA ""CECIL BRUNER 15G STK",45,,15G,
4821-224,125,507,EA,"ROBINIA PSEUDOACACIA 24""",125,,"24""",
4821-301,5,522,EA,ROSA  FLR.CRPT NOATRAUM 1G (PINK),5,,1G,
4821-305,18,526,EA,ROSA CECIL BRUNER PINK 5G STK,18,,5G,
4821-315,60,519,EA,ROSA F. 'BRILLIANT PINK' 15G,60,,15G,
4821-401,5,522,EA,ROSA  FLR. CRPT. NOARE 1G (RED),5,,1G,
4821-405,17,520,EA,"ROSA ""KNOCK-OUT"" 5G",17,,5G,
4821-415,45,519,EA,ROSA GOLDSTRUCK 15G,45,,15G,
4821-501,4,522,EA,ROSA CALIFORNICA 1G,4,,1G,
4821-505,12,526,EA,ROSA ALTISMO CLIMBER 5G. STK.,12,,5G,
4821-515,60,519,EA,ROSA NOVAROSPOP 15G,60,,15G,
4821-601,6.5,522,EA,ROSA NOALA 1G (CORAL PINK CARPET),6.5,,1G,
4821-605,28,520,EA,ROSA KNOCKOUT RED 5G,28,,5G,
4821-615,50,525,EA,"ROSA F. ""DUSTY MILLER' 15G STK",50,,15G,
4821-705,50,520,EA,ROSA X DAM. VAR. 'SEMPERFLORENS' 5G,50,,5G,
4821-805,28,520,EA,ROSA 'RADSUNNY YELLOW' 5G,28,,5G,
4821-905,15,520,EA,ROSA FLR CRPT NOASHNEE 5G (WHITE),15,,5G,
4822-101,4.5,522,EA,RORIPPA NASTURTIUM 1 G,4.5,,1G,
4822-501,7.5,522,EA,ROMNEYA COULTERI 1G,7.5,,1G,
4822-505,20,520,EA,ROMNEYA COULTERI 5G,20,,5G,
4822-601,7,522,EA,ROMNEYA WHITE CLOUD 1G,7,,1G,
4822-615,75,519,EA,ROMNEYA COULTERI 15G,75,,15G,
4823-005,18,520,EA,ROSA NOVAROSPOP 5G,18,,5G,
4823-105,18,520,EA,ROSA MEIRADENA 5G,18,,5G,
4823-205,,,,ROSA ICEBURG BURGUNDY 5G,,,,
4823-505,17,520,EA,ROSA M.JEEPERS CREEPERS 5G.,17,,5G,
4825-002,13,568,EA,ROSA FLR. CRPT. CAPE COD 2G,13,,2G,
4825-003,18,568,EA,"ROSA FLR CRPT ""TUMBLING WATERS"" 2G",18,,2G,
4825-004,10.4,520,EA,ROSA FLWR CARPET RED 5G,15,,5G,
4825-005,15,520,EA,"ROSA FLR CRPT. ""NOALESA"" 5G (YELLOW)",15,,5G,
4825-015,50,519,EA,"ROSA ""CAREFREE BEAUTY"" 15G",50,,15G,
4825-101,4.5,527,EA,ROSA BANK. LUTEA 1G STK,4.5,,1G,
4825-102,13,568,EA,ROSA FLR. CRPT NOATRAUM  2G (PINK),13,,2G,
4825-103,13,568,EA,ROSA FLWR CRPT NOARE 2G (RED),13,,2G,
4825-105,15,520,EA,"ROSA FLR CRPT ""NOARE"" 5G (RED)",15,,5G,
4825-1115,35,525,EA,ROSA  MARGO KOSTER 15G STK,35,,15G,
4825-201,6.5,522,EA,ROSA 1G,6.5,,1G,
4825-202,13,568,EA,ROSA FLWR CRPT. RED 2G,13,,2G,
4825-203,14,520,EA,ROSA FLOWER CARPET RED 3G,14,,3G,
4825-205,15,520,EA,"ROSA FLR CARP ""CORAL PINK"" 5G",15,,5G,
4825-215,45,525,EA,ROSA F. CLIMBING ICEBERG 15G STK,45,,15G,
4825-302,13,568,EA,ROSA FLR. CRPT SCARLET 2G,13,,2G,
4825-305,19.5,520,EA,"ROSA FLWR CRPT ""JACRULAV"" 5G",19.5,,5G,
4825-315,35,525,EA,ROSA F. ICEBERG 15G STK,35,,15G,
4825-401,5,522,EA,ROSA FLWR CRPT RED 1G,5,,1G,
4825-402,16,568,EA,ROSA FLWR CRPT RED RIBBONS 2G,16,,2G,
4825-405,15,520,EA,ROSA FLWR CARP. PINK 5G,15,,5G,
4825-406,15,520,EA,ROSA FLR CRPT NOATRAUM 5G (PINK),15,,5G,
4825-407,11,520,EA,SENECIO MANDRALISCAE 5G,11,,5G,
4825-415,60,525,EA,ROSA B. ALBA PLENA 15G STK,60,,15G,
4825-501,4.5,527,EA,ROSA BANKS ALBA PLENA 1G STK,4.5,,1G,
4825-502,28,568,EA,ROSA DOUBLE KNOCKOUT 2G,28,,2G,
4825-505,13,526,EA,ROSA B. ALBA PLENA 5G STK,13,,5G,
4825-515,45,525,EA,ROSA BANKS. ALBA PLENA 15G STK,45,,15G,
4825-555,5,522,EA,ROSA FLRL CPT. APPLEBLOSSOM 1G,5,,1G,
4825-601,5.5,522,EA,ROSA RED RIBBONS 1G,5.5,,1G,
4825-602,28,568,EA,ROSA RADRAZZ 2G,28,,2G,
4825-605,18,526,EA,ROSA B. LUTEA YLW 5G STK,18,,5G,
4825-6115,35,525,EA,ROSA P. 'MARGO KOSTER' 15G STK,35,,15G,
4825-615,45,525,EA,ROSA B. LUTEA YLW 15G STK,45,,15G,
4825-616,1.25,522,EA,ROSA CAL  SUPER CELL,1.25,,,
4825-617,1.25,522,EA,RUBU URS  SUPER CELL,1.25,,,
4825-625,50,519,EA,ROSA F. RED SIMPLICITY 15G,50,,15G,
4825-701,4.5,522,EA,RUBUS URSINUS 1G,4.5,,1G,
4825-702,13,568,EA,ROSA FLR CARPT AMBER 2G (NOA97400A),13,,2G,
4825-705,10,520,EA,"ROSA BANK. 'LUTEA""  5G",10,,5G,
4825-706,10.4,520,EA,ROSA FLR CARP. WHITE 5G,15,,5G,
4825-715,45,519,EA,ROSA POLY. CECILLE BRUN 15G,45,,15G,
4825-725,450,527.5,EA,"ROSA BANKS. 'LUTEA 24""  ESP",450,,"24""",
4825-801,5,522,EA,RUBUS BLACK SATIN 1G,5,,1G,
4825-805,15,520,EA,"ROSA FLR CRPT ""NOASCHNE"" 5G (WHITE)",15,,5G,
4825-815,34,525,EA,ROSA HANDEL 15G STK,34,,15G,
4825-825,65,519,EA,ROSE PATIO TREE 15G,65,TR,15G,
4825-905,12,526,EA,ROSA BANKS WHITE ROSE 5G STK,12,,5G,
4825-912,18,520,EA,ROSA HYBRID (YELLOW) 5G,18,,5G,
4825-915,50,519,EA,"ROSA HYBRID ""MR. LINCOLN"" 15G",50,,15G,
4826-005,17,520,EA,"ROSA ""BABY BLANKET"" 5G",17,,5G,
4826-015,9.36,520,EA,ROSA ICEBERG 5G,12,,5G,
4826-101,5,522,EA,"ROSA FL. ""ICEBERG"" 1G (verify)",5,,1G,
4826-105,18,520,EA,ROSA T&C AUGUSTA PINK 5G,18,,5G,
4826-115,50,519,EA,ROSA MEIDILAND 15G SHRUB,50,SH,15G,
4826-116,16,520,EA,ROSA MEIDILAND RED 1G (BUY 5G),16,,1G,
4826-117,6,522,EA,ROSA MEIDILAND WHITE 1G,6,,1G,
4826-118,16,520,EA,ROSA MEIDILAND PINK 1G (BUY 5G),16,,1G,
4826-124,175,525,EA,"ROSA F. CEC. BRUNER 24"" . STK.",175,,"24""",
4826-157,18,520,EA,ROSA X MEID. WHITE 5G,18,,5G,
4826-158,15,520,EA,ROSA X MEID. PINK 5G,15,,5G,
4826-201,4.5,527,EA,ROSA B. CECILE BRUNER 1G STK,4.5,,1G,
4826-205,25,520,EA,ROSA FLOR. ICEBERG 5G PATIO,25,,5G,
4826-215,45,525,EA,ROSA EDEN CLIMBING 15G STK,45,,15G,
4826-2215,35,525,EA,"ROSA F.""GOLDEN SHWRS"" 15G STK",35,,15G,
4826-301,14,522,EA,ROSA RADRAZZ 1G,14,,1G,
4826-305,12,520,EA,ROSA FLOR. PLAYBOY 5G,12,,5G,
4826-315,45,519,EA,ROSA FLORIBUNDA PLAYBOY 15G,45,,15G,
4826-405,13,520,EA,ROSA FLOR. ICEBERG 5G,13,,5G,
4826-415,40,519,EA,ROSA F. ICEBERG 15G,40,,15G,
4826-416,38,525,EA,ROSA F. ICEBERG 15G STK,38,,15G,
4826-426,30,999,EA,ROSA PATIO TREE 5G,30,TR,5G,
4826-505,17,520,EA,ROSA B. CECILE BRUNNER 5G,17,,5G,
4826-515,45,519,EA,ROSA F. ICEBERG 15G,45,,15G,
4826-535,45,519,EA,ROSA HYBRID TEA 15G,45,,15G,
4826-536,16,520,EA,ROSA TRUMPETER 5G,16,,5G,
4826-555,19,520,EA,ROSA CORAL DRIFT 5G,19,,5G,
4826-601,15,522,EA,"ROSA ""RISE N SHINE' 1G",15,,1G,
4826-605,12,520,EA,"ROSA MEIKROTAL ""SCARLET"" 5G",12,,5G,
4826-615,45,525,EA,ROSA FLORIBUNDA 15G STK,45,,15G,
4826-701,13,522,EA,"ROSA ""WINSOME' 1G",13,,1G,
4826-705,18,520,EA,ROSA BALLERINA 5G,18,,5G,
4826-715,75,528,EA,ROSA B. CECILE BRUNNER 15G ESP,75,,15G,
4826-801,19,520,EA,ROSA RADRAZZ 5G,19,,5G,
4826-805,15,520,EA,ROSA T&C OLD CHARLSTON WHITE 5G,15,,5G,
4826-815,40,900,EA,ROSA WHITE DAWN 15G,40,,15G,
4826-901,5,522,EA,ROSA FLR CRPT NOAMEL 1G (SOFT PINK),5,,1G,
4826-905,15,520,EA,"ROSA FLR CRPT ""PINK"" 5G",15,,5G,
4826-915,38,900,EA,ROSA F. 'CLIMB CRIM. GLRY' 15G,38,,15G,
4827-001,5,522,EA,ROSA 'RADCON' (PINK KNOCKOUT FL CRPT) 1G,5,,1G,
4827-005,18,520,EA,"ROSA ""BRASS BAND"" 5G",18,,5G,
4827-015,125,900,EA,ROSA B. LUTEA 15G ESP.,125,,15G,
4827-101,6,522,EA,ROSA 'NOASPLASH' 1G,6,,1G,
4827-105,23,520,EA,ROSA MYSTIC FAIRY 5G,23,,5G,
4827-115,45,900,EA,ROSA RED CLIMBING  15G STK,45,,15G,
4827-205,18,520,EA,ROSA ICEBERG RED 5G,18,,5G,
4827-215,45,519,EA,"ROSA FLOR. ""SPANISH RED"" 15G",45,,15G,
4827-305,13,520,EA,ROSA ICEBERG WHITE 5G,13,,5G,
4827-315,60,519,EA,ROSA FLOR. VARIETIES 15G,60,,15G,
4827-405,15,520,EA,ROSA FLR CRPT PINK SPLASH 5G,15,,5G,
4827-415,50,525,EA,ROSA CRWN PRINC. MARG. 15G STK,50,,15G,
4827-505,15,526,EA,ROSA B. SNOWFLAKE 5G STK,15,,5G,
4827-515,35,528,EA,"ROSA F. ""LADY BANKS"" 15G STK",35,,15G,
4827-605,15,526,EA,"ROSA ""DREAM WEAVER"" 5G STK",15,,5G,
4827-615,36,525,EA,ROSA F. CECILLE BRUN.15G STK,36,,15G,
4827-705,18,526,EA,"ROSA ""NEW DAWN"" 5G STK",18,,5G,
4827-715,125,900,EA,"ROSA F.""LADY BANKS"" 15G ESP.",125,,15G,
4827-805,15,520,EA,ROSA FLORIBUNDA 5G,15,,5G,
4827-815,45,519,EA,ROSA FLOR. ICEBERG 15G,45,,15G,
4827-905,13,526,EA,"ROSA ""GOLDEN SHWRS"" 5G STK",13,,5G,
4827-915,75,900,EA,ROSA WHT. DAWN 15G STD,75,,15G,
4828-005,36,525,EA,ROSA B. YELLOW 15G STK,36,,15G,
4828-015,95,525,EA,ROSA F. ICEBERG 15G ESP,95,,15G,
4828-105,45,525,EA,ROSA BANKSAII WHITE 15G STK,45,,15G,
4828-115,95,525,EA,ROSA LACE CASCADE 15G ESP,95,,15G,
4828-205,80,525,EA,"ROSA ""JOSEPHS COAT"" 15G STK",80,,15G,
4828-215,50,525,EA,ROSA BUFF BEAUTY 15G STK,50,,15G,
4828-315,70,528,EA,ROSA CITY OF YORK 15G STK,70,,15G,
4828-405,28,526,EA,ROSA SALLY HOLMES 5G STK,28,,5G,
4828-415,55,525,EA,ROSA LAVENDER CLIMBING 15G STK,55,,15G,
4828-505,12,520,EA,ROSA M. RED RIBBON 5G,12,,5G,
4828-515,65,519,EA,ROSA F. ICEBERG 15G PATIO TREE,65,TR,15G,
4828-615,125,528,EA,ROSA B. ALBA 15G ESP,125,,15G,
4828-715,42,519,EA,ROSA ICEBERG WHITE 15G,42,,15G,
4828-815,60,525,EA,ROSA CALIFORNIA 15G STK,60,,15G,
4828-905,18,520,EA,ROSA ICEBERG PINK 5G,18,,5G,
4828-915,50,519,EA,ROSA MEIDILAND 'CORAL' 15G SHRUB,50,SH,15G,
4829-005,18,520,EA,SENECIO BARBERTONICUS 5G,18,,5G,
4829-015,75,510,EA,ROSA SP 15G PATIO TREE,75,TR,15G,
4829-105,10,520,EA,SENECIO CINERARIA 5G,10,,5G,
4829-115,17,520,EA,ROSA 'BRILLIANT PINK ICEBERG' 5G,17,,5G,
4829-204,2,524.1,EA,"SENECIO CYLINDRICUS 4"" POT",2,,"4""",
4829-205,17,520,EA,SENECIO TALINOIDES 5G,17,,5G,
4829-212,6,522,EA,SENECIO CYLINDRICUS 1G,6,,1G,
4829-215,50,519,EA,ROSA 'MEIDILAND RED' 15G SHRUB,50,SH,15G,
4829-305,17,520,EA,ROSA X 'NOARE' P.P. #11308 5G (FLR CRPT RED),17,,5G,
4829-306,3.6,522,EA,SENECIO SERPENS 1G,4.5,,1G,
4829-315,60,519,EA,ROSA FLOWER CARPET 'RED' 15G,60,,15G,
4829-405,22,520,EA,SENECIO DECARYI 5G,22,,5G,
4829-415,75,519,EA,ROSA 'DOUBLE DELIGHT' 15G PATIO TREE,75,TR,15G,
4829-501,4.5,522,EA,RUELLA PENINSULARIS 1G,4.5,,1G,
4829-505,15,520,EA,SENECIO SERPENS 5G,15,,5G,
4829-515,65,525,EA,ROSA 'RADWIN' -15G STK,65,,15G,
4829-551,4.5,522,EA,RUELLIA B. KATIE 1G,4.5,,1G,
4829-555,16,520,EA,RUELLIA PENINSULARIS 5G,16,,5G,
4829-601,5.5,522,EA,RUSSELLA EQUISETIFORMIS 1G,5.5,,1G,
4829-605,14,520,EA,RUSSELIA EQUISETIFORMIS 5G,14,,5G,
4829-701,6,522,EA,RUSCHIA L. NANA 1G,6,,1G,
4829-705,13,520,EA,SENECIO ANTEUPHORBIUM 5G,13,,5G,
4829-801,5,522,EA,RUDBECKIA FUL. 'GOLDSTURM' 1G,5,,1G,
4829-805,11,520,EA,SENECIO CYLINDRICUS 5G,11,,5G,
4830-405,15,520,EA,ROSA FLR CRPT RED 5G,15,,5G,
4842-001,18,568,EA,ROSA FLR CRPT PEBBLE BCH 2G,18,,2G,
4842-002,18,568,EA,ROSA FLR CRPT CAPE COD 2G,18,,2G,
4849-905,18,520,EA,ROSA ICEBERG YELLOW 5G,18,,5G,
4850-124,220,507,EA,"SAMBUCUS MEXICANA 24""",220,,"24""",
4850-136,480,505,EA,"SAMBUCUS MEXICANA 36"" STD.",480,,"36""",
4850-501,6,522,EA,SAMBUCUS MEXICANA 1G,6,,1G,
4850-515,15,513,EA,SAMBUCUS MEXICANA 5G.,15,,5G,
4850-705,11,513,EA,SAMBUCUS MEXICANA 5G NAT.MLT,11,,5G,
4871-501,3.15,522,EA,RIBES INDECORUM 1 GAL,3.15,,1G,
4872-000,2.55,524,EA,RIBES VIBURNIFOLIUM LINER,2.55,,,
4872-005,17,520,EA,RIBES MALV. MONTARA ROSE 5G,17,,5G,
4872-501,4,522,EA,RIBES VIBURNIFOLIUM 1G,4,,1G,
4872-505,13,520,EA,RIBES VIBURNIFOLIUM 5G,13,,5G,
4872-515,50,519,EA,RIBES SANGUINEUM 15G,50,,15G,
4872-615,55,519,EA,RIBES VIBURNIFOLIUM 15G,55,,15G,
4872-715,140,528,EA,RIBES S. GLUNTINOSUM 15G ESP,140,,15G,
4900-001,5,522,EA,ROSA FLOWER CARPET RED 1G,5,,1G,
4900-005,19.5,520,EA,"ROSA SPEC. ""GRAND PRIZE"" 5G",19.5,,5G,
4900-011,5,522,EA,ROSA FLOWER CARPET WHITE 1G,5,,1G,
4900-015,50,519,EA,"ROSA SPP. ""RED BUSH ROSE"" 15G",50,,15G,
4900-101,14,568,EA,"ROSA CARPET ""WHITE"" 2G",14,,2G,
4900-105,16,520,EA,ROSA HYBRID TEA ROSES 5G,16,,5G,
4900-115,65,519,EA,ROSA FLWR CRPT NOASCHNE WHT 15G,65,,15G,
4900-215,50,519,EA,HYBRID TEA ROSES 15G,50,,15G,
4900-305,18,520,EA,"ROSA PINK ""NOATRAUM""  5G (PINK)",18,,5G,
4900-306,15,520,EA,ROSA FLR CRPT NOAMEL 5G (SOFT PINK),15,,5G,
4900-405,18,520,EA,ROSA BONICA 5G,18,,5G,
4900-415,36,None,EA,ROSA 'ROYAL BONICA' 15G,36,,15G,
4900-505,15,520,EA,ROSES SHRUB 5G,15,SH,5G,
4900-515,45,519,EA,ROSES SHRUB 15G,45,SH,15G,
4900-605,18,520,EA,ROSA  5G,18,,5G,
4900-615,50,519,EA,"ROSA SPEC. ""GRAND PRIZE"" 15G",50,,15G,
4900-625,18,520,EA,ROSA 'RALPHS CREEPER' 5G,18,,5G,
4900-705,15,520,EA,ROSA BANKSIAE SHRUB 5G,15,SH,5G,
4900-715,50,519,EA,"ROSA F. ""HONEY PERFUME"" 15G.",50,,15G,
4900-805,28,520,EA,"ROSA ""LIVING EASY"" YELLOW 5G",28,,5G,
4900-815,44,519,EA,ROSA ICEBERG BURGANDY 15G,44,,15G,
4900-905,15,520,EA,ROSA KALEIDOSCOPE 5G,15,,5G,
4900-915,50,519,EA,ROSA FLO. 'LIVIN' EASY' 15G,50,,15G,
4901-005,20,520,EA,ROSA TOWN & COUNTRY NAPA 5G,20,,5G,
4901-105,20,520,EA,ROSA SM. SATIN THORNLESS T-ROSE 5G,20,,5G,
4901-202,13,568,EA,ROSA FLOWER CARPET 'PINK SUPREME 2G,13,,2G,
4901-205,18,520,EA,ROSA TESSLAR RED 5G,18,,5G,
4901-302,14,568,EA,ROSA TESSLAR RED 2G,14,,2G,
4901-305,18,520,EA,ROSA TESSLAR WHITE 5G,18,,5G,
4901-402,13,568,EA,ROSA FLOWER CARPET 'YELLOW' 2G,13,,2G,
4901-405,18,520,EA,ROSA 'ALNWICK' (AUSGRAB) 5G,18,,5G,
4901-505,18,520,EA,ROSA 'WINDERMERE' (AUSHOMER) 5G,18,,5G,
4901-801,5,522,EA,ROSMARINUS BARBEQUE 1G,5,,1G,
4902-000,1,522,EA,CLEOME ISOMERIS LINER,1,,,
4902-101,4,522,EA,CLERODENDRUN UGADENSE 1G,4,,1G,
4902-105,12,520,EA,CLERODENDRUM UGADENSE 5G,12,,5G,
4902-112,5,522,EA,SALVIA APIANA 1G,5,,1G,
4902-113,3.5,522,EA,CLEOME ISOMERIS 1G,3.5,,1G,
4902-201,4.5,522,EA,SALVIA BALSAMISP 1G,4.5,,1G,
4902-602,4.2,522,EA,SALVIA VICTORIA BLUE 1G,4.2,,1G,
4902-701,6,522,EA,SALVIA SONOMENSIS 1G,6,,1G,
4902-801,4.5,522,EA,SALVIA ALBA 1G,4.5,,1G,
4903-005,15,520,EA,SESLERIA AUTUMNALIS 5G,15,,5G,
4904-415,45,519,EA,ROSA EASY GOING 15G,45,,15G,
4904-501,9,522,EA,ROSE SHRUB 1G,9,SH,1G,
4904-505,25,513,EA,ROSE TREE 5 GAL STD,25,TR,5G,
4904-515,85,510,EA,ROSE TREE 15G,85,TR,15G,
4904-615,60,510,EA,"ROSA ""WEEPING CHINA DOLL"" 15G STD",60,,15G,
4904-715,50,519,EA,ROSA MEIRADENA 15G,50,,15G,
4905-001,4.1,522,EA,ROSEMARY HUNT. CRPT. 1G,3.8,,1G,
4905-005,11,520,EA,ROSEMARY HUNT. CRPT. 5G,10,,5G,
4905-015,42,519,EA,ROSM. O TUSCAN BLUE 15G CLMN,31,,15G,
4905-100,1.6,524,EA,ROSM. HUNT. CARPET LINER,1.25,,,
4905-101,4.2,522,EA,ROSM. O. MISS JESSUPS UP. 1G,3,,1G,
4905-104,18,524.1,FL,"ROSM. OFF. IRENE 4"" POTS",18,,"4""",
4905-105,11,520,EA,ROSM. O. 'TUSCAN BLUE' 5G COLUMNAR,9,,5G,
4905-1115,29,519,EA,"ROSM. ""PROSTRATUS"" 15G",29,,15G,
4905-115,44,519,EA,ROSMARINUS KEN TAYLOR 15G,44,,15G,
4905-201,4.2,522,EA,ROSMARINUS ARP 1G,3.5,,1G,
4905-204,3,524.1,EA,"ROSM HUNT CARPET 4"" POT",3,,"4""",
4905-205,11,520,EA,ROSMARY OFF. UPRIGHT 5G,7.5,,5G,
4905-305,11,520,EA,ROSMARINUS OFF.'BOULE' 5G,9.5,,5G,
4905-401,4.3,522,57,ROSMARINUS O TUSCAN BLUE 1G,3.7,,1G,
4905-405,11,520,EA,ROSM. O. TUSCAN BLUE 5G,10,,5G,
4905-415,35,519,EA,ROSM. OFF. HILL HARDY 15G,35,,15G,
4905-501,4,522,EA,ROSMARINUS OFFICINALIS 1G,4,,1G,
4905-503,2.75,522,EA,ROSM. O. LOCKWOOD DE FOREST 1G,2.75,,1G,
4905-505,10,520,EA,ROSMARINUS OFFICINALIS 5G,10,,5G,
4905-506,9.5,520,EA,"ROSM. O. ""MISS JESSUPS UPRT 5G",9.5,,5G,
4905-515,40,519,EA,ROSM. O TUSCAN BLUE 15G,40,,15G,
4905-601,3.3,522,EA,ROSM. OFF. HUNT. BLUE 1G,3.3,,1G,
4905-602,7,568,EA,ROSMARINUS HUNT. CARPET 2G,7,,2G,
4905-605,11,520,EA,ROSMARY O. COLL. INGRAM 5G,10,,5G,
4905-615,50,519,EA,ROSM. OFF. 15G PYRAMID,50,,15G,
4905-701,4.1,522,EA,ROSMARINUS OFF. BUELLI 1G,3.3,,1G,
4905-705,10.5,520,EA,ROSMARINUS O. IRENE 5G,7.5,,5G,
4905-715,41,519,EA,"ROSM. ""MISS JESSUPS"" UPRIGHT 15G",35,,15G,
4905-801,4.1,522,EA,ROSEMARINUS BLUE SPIRES 1G,3.8,,1G,
4905-805,10.5,520,EA,ROSM. O. HUNTINGTON BLUE 5G,7.5,,5G,
4905-815,40,519,EA,"ROSM. ""BLUE SPIRES"" 15G",40,,15G,
4905-905,11,520,EA,ROSMARY OFF. KEN TAYLOR 5G,11,,5G,
4905-915,40,519,EA,ROSMARINUS OFFICINALIS 15G,40,,15G,
4906-005,10,520,EA,ROSMARINUS BLUE SPIRES 5G,10,,5G,
4906-101,4,522,EA,ROSM. COLL. INGRAM 1G,3,,1G,
4906-105,8.5,520,EA,ROSM. LOCKWOOD DE FOREST 5G,8.5,,5G,
4906-115,5,522,EA,SALICORNIA SUBTERMINALIS 1G,5,,1G,
4906-124,190,507,EA,"SALIX BABYLONICA 24"" STD",190,,"24""",
4906-136,500,505,EA,"SALIX BABYLONICA 36""",500,,"36""",
4906-148,1200,503,EA,"SALIX BABYLONICA 48""",1200,,"48""",
4906-154,2100,502,EA,"SALIX BABYLONICA 54""",2100,,"54""",
4906-501,6,516,EA,SALIX BABYLONICA 1G,6,,1G,
4906-505,18,513,EA,SALIX BABYLONICA 5G,18,,5G,
4906-515,55,510,EA,SALIX BABYLONICA 15G,55,,15G,
4906-601,5,522,EA,SALIX GOODDINGII 1G SHRUB,5,SH,1G,
4906-605,34,519,EA,ROSMARINUS OFF IRENE 15G,34,,15G,
4906-615,55,510,EA,SALIX GOODINGII 15g,55,,15G,
4906-701,5,522,EA,SALIX LAEVIGATA 1G,5,,1G,
4907-001,3.7,522,EA,ROSM. O. KEN TAYLOR 1G,3.7,,1G,
4907-105,10,520,EA,ROSM.  PROSTRATA 5G,10,,5G,
4907-205,8.4,520,EA,ROSMARINUS O. 'ROMAN BEAUTY' 5G,10.5,,5G,
4907-305,8.5,520,EA,ROSMARINUS OFF. 'ARP' 5G,8.5,,5G,
4907-315,42,519,EA,ROSMARINUS OFF. 'ARP' 15G,42,,15G,
4907-405,9,520,EA,ROSM. O. 'TUSCAN BLUE' 5G PYRAMID,9,,5G,
4907-415,55,519,EA,ROSMARINUS 'ROMAN BEAUTY' 15G,55,,15G,
4907-501,3.8,522,EA,ROSMARINUS  OFF. 'PROSTRATUS' 1G,3.8,,1G,
4907-505,20,520,EA,SALIX HINDSIANA 5G,20,,5G,
4907-515,50,510,EA,SALIX LASIOLEPIS 15G,50,,15G,
4907-601,4.75,522,EA,ROSMARINUS 'ROMAN BEAUTY' 1G,4.75,,1G,
4907-705,18,520,EA,SALIX EXIGUA 5G,18,,5G,
4908-501,2.75,522,EA,ROSMARINUS O. IRENE 1G,2.75,,1G,
4908-505,18,513,EA,SALIX LASIOLEPIS 5G,18,,5G,
4909-501,5,522,EA,HAKONECHLOA MACRA 'ALL GOLD' 1G,5,,1G,
4909-505,7.5,520,EA,HAKEA SAUVEOLENS 5G,7.5,,5G,
4909-515,80,510,EA,HAKEA LAURINA 15G,80,,15G,
4909-524,180,507,EA,"HAKEA LAURINA 24"" LB",180,,"24""",
4909-601,5,522,EA,HAKONECHLOA M. 'BENI KAZE' 1G,5,,1G,
4909-605,25,520,EA,HAKONECHLOA MAC. 'AUREOLA' 5G,25,,5G,
4910-124,500,507,EA,"VEITCHI SOLEDAD 24""",500,,"24""",
4911-001,,,,HYLOTELEPHIUM SPECTABILE 1G,,,,
4920-004,35,524.1,FL,"SALVIA OFF. 4"" POT FLAT",35,,"4""",
4920-005,12,520,EA,SALVIA NAVAJO RED BRIGHT 5G,12,,5G,
4920-101,4.2,522,EA,SALVIA 'POZO BLUE' 1G,4.2,,1G,
4920-105,12,520,EA,SALVIA NAVAJO PURPLE DARK 5G,12,,5G,
4920-111,5,522,EA,SALVIA LEU. PT SAL SPREADER 1G,5,,1G,
4920-201,4.75,522,EA,SALVIA MRS. BEARD 1G,4.75,,1G,
4920-205,14,520,EA,"SALVIA ""ALLEN CHICKERING"" 5G",14,,5G,
4920-301,10,522,EA,SALVIA SPATHACEA 1G,10,,1G,
4920-302,11,520,EA,SALVIA SPATHACEA 5G,11,,5G,
4920-305,11,520,EA,SALVIA CHAMAEDRYOIDES 5G,11,,5G,
4920-401,4.5,522,EA,SALVIA CHAMAEDRYOIDES 1G,4.5,,1G,
4920-4012,4,522,EA,SESLERIA  AUTUMNALIS 1G,5,,1G,
4920-4013,2.5,524.1,EA,"SESLERIA AUTUMNALIS 4"" POT",2.5,,"4""",
4920-4014,5,522,EA,SESLERIA CAERULEA 1G,5,,1G,
4920-404,2.75,524.1,EA,"SESLERIA GREEN LEE 4"" POT",2.75,,"4""",
4920-405,12,520,EA,SALVIA DORA CHOICE,12,,,
4920-4101,5,522,EA,SESLERIA GREEN LEE 1G,5,,1G,
4920-4105,15,520,EA,SESLERIA GREENLEE 5G,15,,5G,
4920-4201,5,522,EA,SESLERIA GREENLEE HYBRID 1G,5,,1G,
4920-4205,15,520,EA,SESLERIA AUTUMNALIS 5G,,,,
4920-424,2.75,524.1,EA,"SESLERIA CAMPO AZUL 4"" POT",2.75,,"4""",
4920-501,4,522,EA,SALVIA CLEVELANDII 1G,4,,1G,
4920-502,4,522,EA,SALVIA CHAMAECYPARISSUS 1G,4,,1G,
4920-505,11,520,EA,SALVIA CLEVELANDII 5G,11,,5G,
4920-515,11,520,EA,SALVIA OFFICINALIS 5G,10,,5G,
4920-601,4,522,EA,SALVIA OFFIC PURP 1G,4,,1G,
4920-605,11,520,EA,SALVIA OFFIC. PURP 5G,11,,5G,
4920-701,4.5,522,EA,SALVIA DORA'S CHOICE 1G,4.5,,1G,
4920-705,11.5,520,EA,SALVIA L. SANTA BARBARA 5G,11.5,,5G,
4920-801,5,522,EA,"SALVIA ""BEES BLISS"" 1G",5,,1G,
4920-805,5,522,EA,"SALVIA ""ALLEN CHICKERING"" 1G",5,,1G,
4920-901,5,522,EA,SALVIA WINFRED GILLMAN 1G,5,,1G,
4920-905,11,520,EA,SALVIA WINFRED GILMAN 5G,11,,5G,
4921-001,4,522,EA,"SALV L. ""SANTA BARBARA"" 1G",4,,1G,
4921-005,14,520,EA,SALVIA MYSTIC SPIRES BLUE 5G,14,,5G,
4921-105,12,520,EA,SALVIA CHIAPENSIS 5G,12,,5G,
4921-115,40,519,EA,SALVIA L. PURPLE VELVET 15G,40,,15G,
4921-205,11,520,EA,SALVIA MELLIFERA 5G,11,,5G,
4921-215,45,519,EA,SALVIA MELLIFERA 15G,45,,15G,
4921-305,12,520,EA,SALVIA L. PT SAL SPREADER 5G,12,,5G,
4921-315,60,519,EA,SALVIA RED STAR 15G,60,,15G,
4921-405,11,520,EA,SALVIA O. HOT LIPS 5G,11,,5G,
4921-415,45,519,EA,SALVIA L. POZO BLUE 15G,,,,
4921-501,4,522,EA,SALVIA LEUCANTHA 1G,4,,1G,
4921-505,11,520,EA,SALVIA LEUCANTHA 5G,11,,5G,
4921-515,45,519,EA,SALVIA LEUCANTHA 15G,45,,15G,
4921-601,4.2,522,EA,SALVIA L. VICTORIA BLUE 1G,4.2,,1G,
4921-605,11,520,EA,SALVIA LEU. PURP. VELVET 5G,11,,5G,
4921-615,45,519,EA,SALVIA ALLEN CHICK 15G,,,,
4921-701,11,520,EA,SALVIA LEU. MIDNIGHT 5G,11,,5G,
4921-705,11,520,EA,SALVIA MICROPHYLLA 5G,11,,5G,
4921-715,45,519,EA,SALVIA LEU. 'MIDNIGHT' 15G,45,,15G,
4921-805,11,520,EA,SALVIA LEUCANTHA 5G,11,,,
4921-815,60,519,,SALVIA G. HEATWAVE 15G,,,,
4921-905,12,520,EA,SALVIA MEL. 'TERA SECA' 5G,12,,5G,
4922-005,18,520,EA,SALVIA PATENS 5G,18,,5G,
4922-105,12,520,EA,CYTISUS RACEMOSUS 5G,12,,5G,
4922-1115,15,520,EA,CYPERUS PROLIFER 5G,15,,5G,
4922-115,45,519,EA,CYTISUS RACEMOSUS 15G,45,,15G,
4922-205,13,520,EA,SALVIA AUTUMN SAGE 5G,13,,5G,
4922-305,15,520,EA,SALVIA ALBA 5G,15,,5G,
4922-405,11,520,EA,SALVIA PINK PROFUSION 5G,11,,5G,
4922-505,13,520,EA,SALVIA INDIGO SPIRES 5G,13,,5G,
4922-605,13,520,EA,SALVIA MRS. BEARD 5G,13,,5G,
4923-004,18,524.1,FL,"STIPA TENUISSIMA 4"" POTS",18,,"4""",
4923-101,4,522,EA,STIPA PULCHRA 1G,4,,1G,
4923-105,12,520,EA,STIPA TENUISSIMA 5G,12,,5G,
4923-201,4,522,EA,STIPA TENUISSIMA 1G,4,,1G,
4923-205,12,520,EA,STIPA PULCHRA 5G,12,,5G,
4923-305,20,520,EA,SALVIA LYRATA 5G,20,,5G,
4923-405,12,520,EA,STIPA ARUNDINACEA 5G,12,,5G,
4924-004,3.5,524.1,FL,"SATUREJA MONTANA 4"" POTS",3.5,,"4""",
4924-101,6,522,EA,SATUREJA CHANDLERI 1G,6,,1G,
4925-101,4.2,522,EA,SALVIA OFF. TRICOLOR 1G,4.2,,1G,
4925-115,45,525,EA,"ROSA ""CECIL BRUNER"" 15G SHRUB",45,SH,15G,
4925-305,14,520,EA,SALVIA ULIGINOSA 5G,14,,5G,
4925-401,4.2,522,EA,SALVIA G. FURMAN'S RED 1G,4.2,,1G,
4925-405,11,520,EA,SALVIA NEM. 'MAY NIGHT' 5G,11,,5G,
4925-501,4,522,EA,SALVIA GREGII 1G,4,,1G,
4925-505,11,520,EA,SALVIA GREGII 5G,11,,5G,
4925-601,4,522,EA,SALVIA GREGII PURPLE 1G,4,,1G,
4925-605,11,520,EA,SALVIA G FURMAN'S RED 5G,11,,5G,
4925-611,4.2,522,EA,SALVIA G. FURMAN'S RED 1G,4.2,,1G,
4925-615,90,519,EA,YUCCA FIL. 'COLOR GUARD' 15G,90,GCC,15G,
4925-701,4.2,522,EA,SALVIA MILLIFERA 1G,4.2,,1G,
4925-705,11,520,EA,SALVIA PINK 5G,11,,5G,
4925-801,4.2,522,EA,SALVIA O. PURPURASCENS 1 G.,4.2,,1G,
4925-805,11,520,EA,SALVIA O TRICOLOR 5 GAL,11,,5G,
4925-901,4.2,522,EA,SALVIA VERTICULATA 1G,4.2,,1G,
4925-905,14,520,EA,SALVIA 'BEES BLISS' 5G,11,,5G,
4926-501,1.5,524,EA,SALVIA SPATHACEA LINER,1.5,,,
4926-505,11,520,EA,SALVIA G. SIERRA LINDA 5G,11,,5G,
4927-315,50,519,EA,SALVIA 'FURMANS RED' 15G,50,,15G,
4927-415,55,519,EA,SALVIA LEU. 'POINT SAL SPREADER' 15G,55,,15G,
4927-501,4.2,522,EA,SALVIA LEUCOPHYLLA 1G,4.2,,1G,
4927-515,42,519,EA,SALVIA LEUCOPHYLLA 15G,42,,15G,
4927-601,4.2,522,EA,SALVIA L. MIDNIGHT 1G,4.2,,1G,
4927-611,4.2,522,EA,SALVIA MICRO. MARASCHINO 1G,4.2,,1G,
4927-615,43,519,EA,SALVIA SPATHACEA  15G,43,,15G,
4927-701,4.2,522,EA,SALVIA TERA SECA 1G,4.2,,1G,
4927-715,47,519,EA,SALVIA CLEVELANDII 15G,47,,15G,
4927-801,4.2,522,EA,SALVIA CHAVA 1G,4.2,,1G,
4927-815,50,519,EA,SALVIA SANTA BARBARA 15G,50,,15G,
4927-901,4.2,522,EA,SALVIA COLUMBARIAE 1G,4.2,,1G,
4927-915,55,519,EA,SALVIA CLE. 'WINNIFRED GILMAN' 15G,55,,15G,
4928-005,16,520,EA,SALVIA EAST FRIESLAND 5G,16,,5G,
4928-105,11,520,EA,SALVIA G. 'HEATWAVE' 5G,11,,5G,
4928-205,18,520,EA,SALVIA F. EVOLUTION,18,,,
4928-305,16.5,520,EA,SALVIA APIANA 5G,16.5,,5G,
4928-405,11,520,EA,SALVIA POZO BLUE 5G,11,,5G,
4928-501,4.2,522,EA,SALVIA FARINACEA 1G,4.2,,1G,
4928-505,11,520,EA,SALVIA GREGII ,11,,,
4928-515,45,519,EA,SALVIA GREGGII SIERRA LINDA 15G,45,,15G,
4928-601,4,522,EA,SALVIA M. HOT LIPS 1G,4,,1G,
4928-605,12,520,EA,SALVIA FARINACEA 5G,12,,5G,
4928-701,4.5,522,EA,SALVIA 'BON BON' 1G,4.5,,1G,
4928-705,11,520,EA,SALVIA MEXICANA 5G,11,,5G,
4928-805,16.5,520,EA,SALVIA API. 'COMPACTA' 5G,16.5,,5G,
4928-905,12,520,EA,SALVIA ROYAL BUMBLE 5G,12,,5G,
4929-005,11,520,EA,SALVIA NEM. 'BALYRICLU' 5G,11,,5G,
4929-105,17,520,EA,SANSEVIERIA TRIFASCIATA 5G,17,,5G,
4929-115,110,519,EA,SANSEVERIA TRIFASCIATA 15G,110,,15G,
4929-201,7.5,522,EA,SANSEVERIA BLACK CORAL 1G,7.5,,1G,
4929-205,30,520,EA,SANSEVIERIA ZEYLANICA 5G,30,,5G,
4929-215,90,519,,SANSEVERIA LAURENTII 15g,90,,15G,
4929-301,,,,SANSEVIERIA ZEYLANICA 1G,,,,
4929-305,35,520,EA,SANSEVERIA LAURENTII 5G,35,,5G,
4929-405,35,520,EA,SANSEVIERIA MOONSHINE 5G,35,,5G,
4929-505,35,520,EA,SANSEVIERIA CYL. 'SKYLINE' 5G,35,,5G,
4929-605,40,520,EA,SANSEVIERIA BLACK GOLD 5G,40,,5G,
4929-705,35,520,EA,SANSEVIERIA T. 'SILVER QUEEN' 5G,35,,5G,
4930-001,4.4,522,EA,SANTOLINA P. NEAPOLITANA 1G,3.5,,1G,
4930-005,14,520,EA,SANTOLINA P. NEAPOLITANA 5G,14,,5G,
4930-101,4.5,522,EA,SANTOLINA V. MORNING MIST 1G,3.5,,1G,
4930-201,6.5,522,EA,SANSEVERIA TRIFASCIATA 1G,6.5,,1G,
4930-301,4.5,522,EA,SANTOLINA NANA 1G,4,,1G,
4930-501,4.5,522,EA,SANTOLINA VIRENS 1G,3.5,,1G,
4930-505,11,520,EA,SANTOLINA VIRENS 5G,9.5,,5G,
4930-515,45,519,EA,SANTOLINA VIRENS 15 GAL,40,,15G,
4931-100,14,531,EA,SANTOLINA CHAM. FLATS,14,,,
4931-101,14,531,EA,SANTOLINA VIRENS FLATS,14,,,
4931-501,4.4,522,EA,SANTOLINA CHAM. 1G,4,,1G,
4931-505,11,520,EA,SANTOLINA CHAMAECYP. 5G,10,,5G,
4935-501,4.8,522,EA,SARCOCCOOCA RUSCIFOLIA 1G,1.63,,1G,
4935-505,12.5,520,EA,SARCOCCOCA RUSCIFOLIA  5G,10.5,,5G,
4935-515,40,519,EA,SARACOCOCA RUSCIFOLIA 15 GAL.,40,,15G,
4935-605,7.5,520,EA,SARCOCCOCA HUMILIS 5 GAL,7.5,,5G,
4936-002,14,531,FL,SCAEV. MAUVE CLUSTER FLAT,14,,,
4936-003,18,531,FL,PHYLA NODIFOLIA (LIPPIA) FLATS,18,,,
4936-501,4.5,522,EA,SCAEVOLA MAUVE CLUSTER 1G,3.5,,1G,
4936-505,13,520,EA,SCAEVEOLA MAUVE CLUSTERS 5G,13,,5G,
4936-601,4.5,522,EA,SCAEVOLA BLUE WONDER 1G,4.5,,1G,
4936-605,13,520,EA,SCAEVOLA BLUE WONDER 5G,13,,5G,
4936-701,5,522,EA,SCAEVOLA NEW WONDER 1G,5,,1G,
4940-115,70,519,EA,SCHEFFLERA ACTINOPHYLLA 15G,70,,15G,
4940-124,175,507,EA,"SCHEFFLERA ARBORICOLA 24""",175,,"24""",
4940-130,225,506,EA,"SCHEFFLERA ARBORICOLA 30""",225,,"30""",
4940-136,500,505,EA,"SCHEFFLERA ACTINOPHYLLA 36""",500,,"36""",
4940-215,65,519,EA,SCHEFFLEREA PUEKLERI 15G,50,,15G,
4940-224,190,507,EA,"SCHEFFLERA PUECHLERI 24""",190,,"24""",
4940-236,550,505,EA,"SCHEFFLERA PUECKLERI 36"" MLT",550,,"36""",
4940-315,70,510,EA,SCHEFFLERA ELEGANTISSIMA 15G,70,,15G,
4940-324,225,507,EA,"SCHEFFLERA ELEGANTISSIMA 24""",225,,"24""",
4940-501,6,516,EA,SCHEFFLERA ARBORICOLA  1G,4.5,,1G,
4940-505,18,513,EA,SCHEFFLERA ARBORICOLA 5G,12,,5G,
4940-515,70,510,EA,SCHEFFLERA ARBORICOLA 15G,70,,15G,
4941-515,70,510,EA,SCHEFFLERA PUECKLERI 15G,45,,15G,
4949-001,6,522,EA,THYMUS VULGARIS 1G,6,,1G,
4949-101,5.5,522,EA,THYMUS CITRIODORUS 1G,3.3,,1G,
4949-105,14,522,EA,THYMUS CAMPHORATUS 5G,14,,5G,
4949-201,5.5,522,EA,THYMUS SERPHYLLUM 1G,4.3,,1G,
4949-204,3.4,524.1,EA,"THYMUS SERPHYLLUM 4"" POT",3.4,,"4""",
4949-205,14,520,EA,THYMUS SERPHYLLUM 5G,14,,5G,
4949-301,4.4,522,EA,THYMUS PINK FLOWERING 1G,4.4,,1G,
4949-401,6,522,EA,THYMUS PSEUDOLANUGINARUS 1G,6,,1G,
4949-501,6.5,522,EA,THYMUS PRAECOX ARCTICUS 1G,6.5,,1G,
4949-502,13,522,EA,THYMUS VULGARIS 5G,13,,5G,
4949-601,5,522,EA,THYMUS SILVER QUEEN 1G,5,,1G,
4960-101,5,522,EA,SCHOENOPLECTUS AMERICANUS 1G,5,,1G,
4960-201,8,522,EA,SCHLUMBERGERA TRUNCATA 1G,8,,1G,
498-007BS,9,None,EA,3/4 UNION (BRASS),9,,,
4980-101,4.8,522,EA,RANUNCULUS CALIFORNICUS 1G,3.8,,1G,
498-010BS,11.1,None,EA,1 UNION (BRASS),11.1,,,
498-012BS,16.25,None,EA,1 1/4 UNION (BRASS),16.25,,,
498-015BS,19.2,None,EA,1 1/2 UNION (BRASS),19.2,,,
498-020BS,153,None,EA,2 UNION (BRASS),153,,,
498-025BS,58,None,EA,2 1/2 UNION (BRASS),58,,,
498-030BS,0,None,EA,3 UNION (BRASS),0,,,
498-040BS,0,None,EA,4 UNION (BRASS),0,,,
5000,0,None,EA,PLANTING,0,,,
5000-024,185,507,EA,SCHINUS MOLLE 24'',185,,,
5000-101,6,516,EA,SCHINUS MOLLE 1G STD,4,,1G,
5000-105,18,513,EA,SCHINUS MOLLE 5G STD,18,,5G,
5000-115,60,510,EA,SCHINUS MOLLE 15G STD,60,,15G,
5000-124,185,507,,SCHINUS MOLLE 24,185,,,
5000-130,300,506,EA,"SCHINUS MOLLE 30"" STD",300,,"30""",
5000-136,485,505,EA,SCHINUS MOLLE 36,485,,,
5000-137,485,505,EA,SCHINUS MOLLE 36,485,,,
5000-142,500,504,EA,"SCHINUS MOLLE 42"" STD",500,,"42""",
5000-148,1150,503,EA,"SCHINUS MOLLE 48"" STD",1150,,"48""",
5000-154,1100,501,EA,"SCHINUS MOLLE  54"" STD",1100,,"54""",
5000-160,2700,501,EA,"SCHINUS MOLLE 60"" STD",2700,,"60""",
5000-172,3500,500,EA,"SCHINUS MOLLE 72"" L.B.",3500,,"72""",
5000-184,10400,498,EA,"SCHINUS MOLLE 84"" MLT",10400,,"84""",
5000-196,10000,499,EA,"SCHINUS MOLLE 96"" MLT",10000,,"96""",
5000-205,18,513,EA,SCHINUS MOLLE 5G MLT,18,,5G,
5000-215,60,510,EA,SCHINUS MOLLE 15G MLT,60,,15G,
5000-224,185,507,EA,SCHINUS MOLLE 24,185,,,
5000-230,300,506,EA,"SCHINUS MOLLE 30"" MUL",300,,"30""",
5000-236,485,505,EA,SCHINUS MOLLE 36,485,,,
5000-248,1100,503,EA,SCHINUS MOLLE 48,1100,,,
5000-260,2800,501,EA,SCHINUS MOLLE 60,2800,,,
5000-272,3500,500,EA,"SCHINUS MOLLE 72"" MLT",3500,,"72""",
5000-336,350,505,EA,"SCHINUS MOLLE 36"" L/B",350,,"36""",
5000-348,1100,503,EA,SCHINUS MOLLE 48,1100,,,
5000-360,2800,501,EA,SCHINUS MOLLE 60,2800,,,
5000-372,4650,500,EA,"SCHINUS MOLLE 72"" STD.",4650,,"72""",
5000-436,485,505,EA,SCHINUS MOLLE 36,485,,,
5000-448,1100,503,EA,SCHINUS MOLLE 48,1100,,,
5000-505,7.5,520,EA,ROSM. LOCKWOOD DE FOREST 5G,7.5,,5G,
5000-536,440,505,EA,"SCHINUS MOLLE 36"" MLT UPRIGHT",440,,"36""",
5000-555,50,519,EA,PHORMIUM DWF GREEN 15G,50,,15G,
5000-724,185,507,EA,SCHINUS MOLLE 24,185,,,
5000A,0,None,EA,PLANTING (ALT),0,,,
5002,0,None,EA,DRAINS,0,,,
5002-005,18,513,EA,SCHINUS TEREBINTH. 5G MLT,18,,5G,
500-204,1.8,210,EA,"HIT RAINPRO 704M 4"" POP -UP",1.8,,"4""",
500-206,3.6,210,EA,"HIT RAINPRO 706M 6"" POP-UP",3.6,,"6""",
500-207,8.5,210,EA,"HIT RAINPRO 712M 12"" POP-UP",8.5,,"12""",
500-208,0.65,220,EA,HIT RAINPRO 500-100 SHRUB ADAPTER,0.65,SH,,
500-209,13,210,EA,"HIT RAINPRO 912-CKV-PRD 12"" POP-UP",13,,"12""",
500-210,11,210,EA,"HIT RAINPRO 906-CKV-PRD 6"" POP-UP",11,,"6""",
5002-105,12,513,EA,SCHINUS TEREBINTH. 5G STD,12,,5G,
500-211,5.5,210,EA,"HIT RAINPRO 904-CKV-PRD 4"" POP-UP",5.5,,"4""",
5002-115,60,510,EA,SCHINUS TEREBINTH. 15G STD,33,,15G,
5002-124,185,507,EA,"SCHINUS TEREBINTH. 24"" STD",115,,"24""",
5002-130,250,506,EA,"SCHINUS TEREBINTH. 30"" STD",250,,"30""",
5002-136,485,505,EA,"SCHINUS TEREBINTH. 36"" STD",350,,"36""",
5002-148,1150,503,EA,"SCHINUS TERE. 48"" STD",1075,,"48""",
5002-160,1750,501,EA,"SCHINUS TEREBINTH. 60"" STD",1750,,"60""",
5002-172,3500,500,EA,"SCHINUS TERE. 72"" MUL",3500,,"72""",
5002-215,60,510,EA,SCHINUS TERE. 15G MLT,33,,15G,
5002-224,185,507,EA,"SCHINUS TEREB. 24"" MLT",115,,"24""",
5002-230,250,506,EA,"SCHINUS TEREBINTH. 30"" MUL",250,,"30""",
5002-236,485,505,EA,"SCHINUS TERE. 36"" MLT",350,,"36""",
5002-248,1150,503,EA,"SCHINUS TEREBINTH. 48"" MLT",850,,"48""",
5002-260,2800,501,EA,"SCHINUS TERE 60 "" MLT",2100,,"60""",
5002-348,1150,503,EA,"SCHINUS TER EBINTH 48"" L/B",830,,"48""",
5003,0,999,EA,GRADING,0,,,
5003A,0,None,EA,GRADING,0,,,
5005-115,60,510,EA,SEQUOIA SEMPERVIRENS 15GAL,28,,15G,
5005-124,190,507,EA,"SEQUOIA SEMPERVIRENS 24""",165,,"24""",
5005-136,490,505.1,EA,"SEQUOIA SEMP. 36""",360,,"36""",
5007,0,999,EA,GRUBBING,0,,,
5007A,0,None,EA,GRUBBING (ALT),0,,,
5008,0,None,EA,PLAY EQUIPMENT,0,,,
5010-000,0.15,None,EA,STRAW BLANKET STAPLES,0.15,,,
5010-099,0.15,903,SF,NAG SC-150 STRAW/COC. BLANKET,0.15,,,
5010-100,0.1,903,SF,NAG S-150 STRAW BLANKET,0.1,,,
5010-101,0.15,903,SF,NAG C-125  (36 MONTH FABRIC),0.15,,,
5010-102,140,905,EA,JUTE EROSION BLANKET (BEN MEADOWS) 4' X 225',140,,,
5010-103,570,905,EA,RECYCLEX TRM FABRIC (8'x90'),570,,,
5010-124,300,507,EA,"SPATHODEA CAMPANULATA 24""",300,,"24""",
5010-136,800,500,EA,"SPATHODEA CAMPANULATA 36""",800,,"36""",
5010-148,1700,503,EA,"SPATHODEA CAMPANULATA 48""",1700,,"48""",
5010-200,0.95,999,SF,GEO WEB ( Presto) FABRIC CELLS,0.95,,,
5010-501,4.5,522,EA,SPOROBOLUS WRIGHTII 1G,4.5,,1G,
5010-505,30,520,EA,"SPATHIPHYLLUM ""MAUNA LOA"" 5G",30,,5G,
5010-515,55,519,EA,GIANT SPATHIPHYLLUM 15G,55,,15G,
5010-601,5.5,522,EA,SPOROBOLUS AIROIDES 1G,5.5,,1G,
5010-605,14.5,520,EA,SPOROBOLUS WRIGHTII 5G,14.5,,5G,
5010-901,6,522,EA,SPHAERALCEA AMBIGUA 1G,6,,1G,
5010-905,12,520,EA,SPHAERALCEA AMBIGUA 5G,12,,5G,
5015-115,60,510,EA,SEQUOIA S APTOS BLUE 15GAL,32,,15G,
5015-124,190,507,EA,"SEQUOIA S APTOS BLUE 24""",95,,"24""",
5020-115,60,510,EA,SEQUOIA S LOS ALTOS 15GAL,28,,15G,
5020-124,190,507,EA,"SEQUOIA S LOS ALTOS 24""",120,,"24""",
5020-125,490,505,EA,"SEQUOIA S APTOS BLUE 36""",360,,"36""",
504676,25,999,,"RB TSJ-12150  1 1/2""  SWING JOINT",25,,"2""",
5048-115,32,510,EA,SEQUOIA S SANTA CRUZ 15GAL,32,,15G,
5048-124,120,507,EA,"SEQUOIA S SANTA CRUZ 24""",120,,"24""",
5048-130,300,506,EA,"SEQUOIA S SANTA CRUZ 30""",300,,"30""",
5048-136,350,505,EA,"SEQUOIA S SANTA CRUZ 36""",350,,"36""",
5048-148,850,503,EA,"SEQUOIA S SANTA CRUZ 48""",850,,"48""",
5048-248,1200,503,EA,"SEQUOIA APTOS BLUE 48""",1200,,"48""",
50-5000,8790,470,EA,CA1-CS1-32MR/TPI/TP-110/LA-2/RRA,8790,,,
5050-004,2.5,524.1,EA,"SENECIO RAD. 'FISH HOOKS' 4"" POTS (EA.)",2.5,,"4""",
5050-101,3.7,522,EA,SENE CINERARIA (DUSTY MILLER) 1G,3.7,,1G,
5050-104,24,530,EA,"SENECIO MANDRALIISCAE 4"" FLAT",24,,"4""",
5050-105,45,530,FL,"SENECIO SERPENS 4"" FLT",45,,"4""",
5050-110,24,531,EA,SENECIO SERPENS FLATS (50 COUNT),24,,,
5050-115,32,510,EA,SEQUOIA S SOQUEL 15GAL,32,,15G,
5050-124,120,507,EA,"SEQUOIA S SOQUEL 24""",120,,"24""",
5050-130,300,506,EA,"SEQUOIA S SOQUEL 30""",300,,"30""",
5050-136,350,505,EA,"SEQUOIA S SOQUEL 36""",350,,"36""",
5050-201,4.4,522,EA,SENECIO SERP. DWF BLUE 1G,4.4,,1G,
5050-204,32,530,FL,"SENECIO RAD. FISH HOOKS 4"" POTS - FLAT",32,,"4""",
5050-206,4.5,522,EA,"SENECIO SERPENS 6"" POT",4.5,,"6""",
5050-301,4,522,EA,SENECIO SILVER CARPET 1G,4,,1G,
5050-304,24,530,EA,"SENECIO BLUE CHALK STICKS 4"" FLAT",24,,"4""",
5050-401,4.5,522,EA,SENECIO RADICANS 1G,4.5,,1G,
5050-4011,4.5,522,EA,SENECIO RAD. GLAUCA 1G,4.5,,1G,
5050-404,50,530,EA,"SENECIO RADICANS 4"" FLT",50,,"4""",
5050-406,5,522,EA,"SENECIO VITALIS 6"" POTS",5,,"6""",
5050-501,4,522,EA,SENECIO MANDRALISCAE 1G,4,,1G,
5050-502,4.25,522,EA,SENECIO VITALIS 1G,4.25,,1G,
5050-504,45,530,EA,"SENECIO SERPENS 4"" FLT",45,,"4""",
5050-506,3.8,522,EA,"SENECIO MANDRALISCAE 6"" POTS",3.8,,"6""",
5050-601,4.4,522,EA,SENECIO S. BLUE CHALK STICKS 1G,4.4,,1G,
5050-603,8.5,568,EA,SENECIO M. BLUE CHALK STICKS 3G,8.5,,3G,
5050-604,1.5,524.1,EA,"SENECIO CINERARIA (DUSTY MILLER) 4""",1.5,,"4""",
5050-701,4.25,522,EA,SENECIO FISH HOOKS 1G,4.25,,1G,
5050-704,2.5,524.1,EA,"SENECIO SERPENS 4"" POT",2.5,,"4""",
5050-706,4.5,522,EA,"SENECIO 'FISH HOOKS' 6"" POT",4.5,,"6""",
5050-801,4.25,522,EA,SENECIO REPENS BLUE PICKLE 1G,4.25,,1G,
5050-804,40,530,FL,"SENECIO VITALIS 4"" POTS - FLAT",40,,"4""",
5050-901,5,522,EA,SENECIO ROWLEYANUS 1G,5,,1G,
5050-904,2.5,524.1,EA,"SENECIO VITALIS 4"" POTS (EA.)",2.5,,"4""",
5051-001,5,522,EA,SENECIO BARBERTONICUS 1G,5,,1G,
5051-100,1,524,EA,SENECIO MAND. LINERS,1,,,
5051-101,4.5,522,EA,SENECIO PUNK PICKLE 1G,4.5,,1G,
5051-105,12,520,EA,SENNA ARTIMESIOIDES 5G,12,,5G,
5051-201,20,520,EA,SENECIO JACOBSENII 5G,20,,5G,
5051-301,,,,SENECIO HANGING BANANAS 1G,,,,
5060-101,4,522,EA,SISYRINCHUM B. 'ROCKY POINT' 1G,4,,1G,
5060-201,4.2,522,EA,SIMMONDSAI CHI. 'VISTA' 1G,4.2,,1G,
5060-501,4.5,522,EA,SISYRINCHIUM BELLUM 1G,4.5,,1G,
5070-015,125,528,EA,SOLANUM JASMINOIDES 15G ESP,125,,15G,
5070-024,410,527.5,EA,"SOLANUM JASMIN. 24"" STK",410,,"24""",
5070-205,18,526,EA,SOLANDRA MAXIMA 5G STK,18,,5G,
5070-501,6,527,EA,SOLANUM JASMINOIDES 1G STK,6,,1G,
5070-505,18,526,EA,SOLANUM JASMINOIDES 5G STK,18,,5G,
5070-515,45,525,EA,SOLANUM JASMINOIDES 15G STK,45,,15G,
5070-518,150,904,EA,"SOLANUM 18"" ESP",150,,"18""",
5070-605,16,526,EA,SOLANUM JAS. 'WHITE' 5G STK,16,,5G,
5071-515,115,528,EA,VINGA CARACALLA 15G ESP.,115,,15G,
5072-105,18,526,EA,SOLANDRA MAXIMA 5G STK,18,,5G,
5072-415,38,519,EA,SOLANUM RANT. 15 GAL SHRUB,38,SH,15G,
5072-501,2.12,516,EA,SOLANUM RANTONNETII 1GAL,2.12,,1G,
5072-505,20,513,EA,SOLANUM RANTONNETII 5G PATIO,20,,5G,
5072-515,60,510,EA,SOLANUM RANT. 15G PATIO,60,,15G,
5072-516,45,525,EA,SOLANDRA MAXIMA 15G STK,45,,15G,
5072-601,7,527,EA,SOLANDRA MAXIMA 1G STK,7,,1G,
5072-605,15,526,EA,SOLANDRA GRANDIFLORA 5G STK,15,,5G,
5073-124,190,507.6,EA,"SOPHORA JAP. ""REGENT"" 24""",160,,"24""",
5073-125,190,507.6,EA,SOPHORA JAP.FASTIGATA 24'',185,,,
5073-136,500,505,EA,SOPHORA JAP. FASTIGATA 36'',400,,,
5073-224,190,507,EA,"SOPHORA JAPONICA 24""",170,,"24""",
5073-501,4.4,522,EA,SOLANUM XANTII 1G,4,,1G,
5073-505,11,520,EA,SOLANUM RANT. 5G SHRUB,9,SH,5G,
5073-515,65,510,EA,SOPHORA JAPONICA 15G STD,65,,15G,
5078-515,45,525,EA,SOLANDRA GUTTATA 15G STK,45,,15G,
5090-115,65,510,EA,STENOCARPUS SINUATUS 15G STD,65,,15G,
5090-124,195,507,EA,"STENOCARPUS SINUATUS 24""",180,,"24""",
5090-136,490,500,EA,"STENOCARPUS SINUATUS 36"" STD",490,,"36""",
5100-501,4.4,522,EA,STEPHANOTIS FLORIBUNDA 1G,3.5,,1G,
5100-505,13,520,EA,STEPHANOTIS FLORIBUNDA 5G,13,,5G,
5100-515,60,525,EA,STEPHANOTIS FLORIBUNDA 15G STK,60,,15G,
5100-605,,,,STEPHANOTIS FLOR 5G ESP,,,,
5100-615,125,528,EA,STEPHANOTIS FLORIBUNDA 15G ESP,125,,15G,
5166-142,750,504,EA,"STRELITZIA NICHOLAI 42""",750,,"42""",
5166-148,1200,503,EA,"STRELITZIA NICOLAI 48""",1200,,"48""",
5166-160,1800,501,EA,"STRELITZIA NICHOLAI 60""",1800,,"60""",
5166-172,3500,500,EA,"STRELITZIA NICHOLAI 72""",3500,,"72""",
5166-215,48,519,EA,STRELITZIA NICHOLAI 15G,48,,15G,
5166-224,175,507.2,EA,"STRELITZIA NICHOLAI 24""",175,,"24""",
5166-230,300,506,EA,"STRELITZIA NICHOLIA 30""",300,,"30""",
5166-236,475,505.2,EA,"STRELITZIA NICHOLAI 36""",475,,"36""",
5166-248,1150,503,EA,"STRELITZIA NICOLAI 48""",1150,,"48""",
5166-305,30,520,EA,STRELITZIA JUNCEA 5G,30,,5G,
5166-315,135,519,EA,STRELITZIA JUNCEA 15G,135,,15G,
5166-324,175,507,EA,"STRELITZIA NICHOLAI 24"" MLT",175,,"24""",
5166-501,4.5,522,EA,STRELITZIA NICOLAI 1G,3.8,,1G,
5166-505,13,520,EA,STRELITZIA NICOLAI 5G,13,,5G,
5166-525,165,519,EA,STRELITZIA NICHOLAI 25G,165,,25G,
5166-605,14,520,EA,STRELITZIA REG. GOLD CREST 5G,14,,5G,
5168-501,4.5,522,EA,STRELITZIA REGINAE 1G,4.25,,1G,
5168-505,12.5,520,EA,STRELITZIA REGINAE 5G,12.5,,5G,
5168-515,50,519,EA,STRELITZIA REGINAE 15G,50,,15G,
5168-520,125,519,EA,STRELITZIA NICHOLAI 20G,125,,20G,
5168-524,165,507.2,EA,"STRELITZIA REGINAE 24""",165,,"24""",
5169-136,480,505,EA,"METROSIDEROS EXC. 36"" STD",480,,"36""",
5169-148,1100,503,EA,"METROSIDEROS EXCELSUS 48"" STD",1100,,"48""",
5169-160,2750,501,EA,"METRO EXCELSUS 60"" STD",2750,,"60""",
5169-161,2750,501,EA,"METRO EXCELSUS 60"" MLT",2750,,"60""",
5169-236,485,505,EA,"METROSIDEROS EX. 36"" MLT",485,,"36""",
5169-248,880,503,EA,"METROSIDEROS EXCELSUS 48"" MLT",880,,"48""",
5169-505,15,520,EA,STROMANTHE SAN. 'TRIOSTAR' 5G,15,,5G,
5200-501,3.5,522,EA,SYZYGIUM PANICULATUM 1G,3.5,,1G,
5200-505,8,520,EA,SYZYGIUM PANICULATUM 5G,8,,5G,
5200-515,48,519,EA,SYZYGIUM PANICULATUM 15G,48,,15G,
5200-524,120,507,EA,"SYZYGIUM PANICULATUM 24""",120,,"24""",
5200-615,100,519,EA,SYZYGIUM PANICULATUM 15G CLMN,100,,15G,
5209-002,1.8,524,EA,"SISYRINCHIUM BELLUM 2"" PLUG",1.8,,"2""",
5209-505,12,520,EA,SYRINGA VULGARIS 5GAL,12,,5G,
5209-515,60,519,EA,SYRINGA V. BLUE SKIES 15G,60,,15G,
5209-524,250,507,EA,"SYRINGIA VULGARIS 24""",250,,"24""",
52-0999,1400,480,EA,LEMEUR LBF-168 (2'x5'x3') CR,1400,,,
52-1000,647.5,480,EA,LEMEUR ENC. LE-AJR-SS,647.5,,,
52-1001,150,481,EA,WEATHERMATIC SMARTLINE SL1600 (4-BASE),150,,,
52-1002,115,638.1,EA,WEATHERMATIC SMARTLINE SLW1 WEATHER,115,,,
52-1003,47,999,EA,WEATHERMATIC SMARTLINE SLM4 MODULE,47,,,
52-1004,1780,471,EA,WEATHERMATIC SL4800-1YR-BUNDLE,1780,,,
52-1005,170,999,EA,WEATHERMATIC SLM12 MODULE,170,,,
52-1006,115,638.1,EA,WEATHERMATIC SMARTLINE SLW5 WIRELESS SENSOR,115,,,
52-1007,350,380,EA,WEATHERMATIC SLFS1-T SMARTLINK FLOW SENSOR,350,POC,,
5210-501,3.8,522,EA,SYZYGIUM PANIC COMP 1G,3.8,,1G,
5210-505,8.5,520,EA,SYZYGIUM PANIC COMP 5G,8.5,,5G,
5210-515,42,519,EA,SYZYGIUM PANIC COMP 15G,42,,15G,
5210-524,120,507,EA,"SYZYGIUM PANIC COMP 24""",120,,"24""",
5211-501,5,522,EA,SYMPHORICAS MOLLIS 1G,5,,1G,
5211-505,19,520,EA,SYMPHORICARPOS MOLLIS 5G,19,,5G,
5220-101,4,516,EA,TABEBUIA CHRYSOSTRICHA 1G,4,,1G,
5220-105,12,513,EA,TABEBUIA CHRYSOTRICHA 5G,12,,5G,
5220-115,36,510,EA,TABEBUIA CHRYSOTRICHA 15G,36,,15G,
5220-124,165,507,EA,"TABEBUIA CHRYSOTRICHA 24""",165,,"24""",
5220-136,480,505,EA,"TABEBUIA IMPETIGINOSA (IPE) 36"" STD",480,,"36""",
5220-148,1100,503,EA,"TABEBUIA IMP PINK 48"" STD",1100,,"48""",
5220-215,55,510,EA,TABEBUIA AVEL. PINK 15G,55,,15G,
5220-224,175,507,EA,"TABEBUIA IMPETIGINOSA 24"" STD",175,,"24""",
5220-225,55,510,EA,TABEBUIA IPE 15G STD,55,,15G,
5220-236,375,505,EA,"TABEBUIA AVE PINK 36"" STD",375,,"36""",
5220-248,1200,503,EA,"TABEBUIA CHRYSO GOLD 48"" MLT",1200,,"48""",
5220-336,465,505,EA,"TABEBUIA IMPET. (IPE) PINK 36"" STD",465,,"36""",
5220-348,1150,503,EA,"TABEBUIA CHRYSOTRICHA 48"" STD",1150,,"48""",
5220-436,372,505,EA,"TABEBUIA CHRYS.GOLD 36"" STD",475,,"36""",
5220-515,55,510,EA,TABEBUIA IPE 15G MLT,55,,15G,
5220-536,2650,501,EA,TABEBUIA AVE. PINK 60'' MLT,2650,,,
5220-636,6500,500,EA,TABEBUIA AVE 72'' MLT,6500,,,
5221-124,165,507,EA,"TABEBUIA IPE 24"" STD",165,,"24""",
5221-224,175,507,EA,"TABEBUIA AVELLANDEA 24"" STD",175,,"24""",
5221-225,55,510,EA,HYMENOSPORUM FLAV. 15G STD,55,,15G,
5221-324,165,507,EA,"TABEBUIA IPE 24"" MLT",165,,"24""",
5221-336,465,505,EA,"TABEBUIA IPE 36"" MLT",465,,"36""",
522-136,475,505.3,EA,"TABEBUIA AVEL. PINK 36"" MLT",475,,"36""",
5221-424,185,507,EA,"TABEBUIA HETEROPHYLLA 24"" STD",185,,"24""",
522-148,1150,503.1,EA,"TABEBUIA AVEL. PINK 48"" MLT",1150,,"48""",
5222-124,125,507,EA,"TABEBUIA AVELLANDAE 24"" STD",125,,"24""",
5230-101,4,522,EA,TAXUS BACCATA 1G,4,,1G,
5230-105,20,520,EA,TAXUS BACCATA 5G,20,,5G,
5230-115,60,519,EA,TAXUS BACCATA 15G,60,,15G,
5230-124,400,507,EA,"TAXUS BACCATA STRICTA 24""",400,,"24""",
5230-136,625,505,EA,"TAXUS BACCATA STRICTA 36""",625,,"36""",
5230-215,95,519,EA,TAXUS BAC. 'STRICTA' 15G COLUMN (MONROVIA),95,,15G,
5231-505,11,520,EA,TAGETES LEMONII 5G,11,,5G,
5231-605,11,520,EA,TAGETES L COMPACTA 5G,11,,5G,
5235-101,4.5,522,EA,TRADESCANTHA ZEBRINA 1G,4.5,,1G,
5235-105,20,513,EA,TRACHYCARPUS FORTUNEI 5G,20,,5G,
5235-115,75,510.2,EA,TRACHYCARPUS FORTUNEI 15G,75,,15G,
5235-201,5.5,522,EA,TRADESCANTHA SPATHACEA 1G,5.5,,1G,
5235-301,5,522,EA,TRADESCANTIA PAL. PURPUREA 1G,5,,1G,
5235-401,7,522,EA,TRADESCANTHA PINK STRIPE 1G,7,,1G,
5235-404,40,530,EA,"TRADESCANTIA PURPUREA 4"" FLT",40,,"4""",
5235-505,11,520,EA,TRADESCANTHA ZEBRINA 5G,11,,5G,
5235-601,5.5,522,EA,TRADESCANTHA FLUMINENSIS 1G,5.5,,1G,
5235-701,5,522,EA,TRADESCANTIA PAL. 'PURPLE HEART' 1G,5,,1G,
5235-801,6,522,EA,TRADESCANTHA PALLIDA 1G,6,,1G,
5240-124,230,507.2,EA,"TECOMA SOLAR FLARE 24"" MLT",230,,"24""",
5240-205,20,520,EA,TECOMA 'SIERRA APRICOT' 5G,20,,5G,
5240-305,20,520,EA,TECOMA 'CRIMSON FLARE' 5G,20,,5G,
5240-315,40,519,EA,TECOMA 'YELLOW BELLS' 15G,40,,15G,
5240-405,20,520,EA,TECOMA YELLOW BELLS/LONESP 5G,20,,5G,
5240-415,50,519,EA,TECOMA 'SIERRA APRICOT' 15G,50,,15G,
5240-501,4.4,522,EA,TECOMARIA CAPENSIS 1G,4,,1G,
5240-505,11,520,EA,TECOMARIA CAPENSIS 5G,9.5,,5G,
5240-515,42,519,EA,TECOMARIA CAPENSIS 15G,42,,15G,
5240-601,4.5,522,EA,TECOMA SIERRA APRICOT 1G,4.5,,1G,
5240-605,20,520,EA,TECOMA HYB. 'MNSTAPBE' 5G (see Sierra Apr.),20,,5G,
5240-615,50,519,EA,TECOMA STANS (Yellow Bells) 15G,50,,15G,
5240-701,4.5,522,EA,TECOMA 'SIERRA APRICOT  1G,4.5,,1G,
5240-705,11,520,EA,TECOMA STANS 5G,11,,5G,
5240-715,55,519,EA,TECOMA 'SOLAR FLARE' 15G,55,,15G,
5240-805,20,520,EA,TECOMA GOLD STAR/LONESP 5G,20,,5G,
5240-815,50,519,EA,TECOMA 'BELLS OF FIRE' 15G,50,,15G,
5240-905,20,520,EA,TECOMA 'BELLS OF FIRE'  5G,20,,5G,
5240-915,55,519,EA,TECOMA 'GOLD STAR' 15G,55,,15G,
5241-005,,,,TECOMA SOLAR FLARE 5G,,,,
5241-501,3.8,522,EA,TECOMARIA CAPENSIS AUREA 1G,3.8,,1G,
5241-505,7,520,EA,TECOMARIA CAP. AUREA 5G,7,,5G,
5242-136,485,505,EA,"TECOMA STANS ANGUSTATA 36"" STD",485,,"36""",
5242-415,50,519,EA,TECOMA ESPERANZA 15G,50,,15G,
5242-501,5,527,EA,TECOMARIA CAP AUREA 1G STK,5,,1G,
5242-505,12,526,EA,TECOMARIA CAP AUREA 5G STK,12,,5G,
5242-515,60,525,EA,TECOMARIA C. AUREA 15G STK,60,,15G,
5243-501,5,527,EA,TECOMARIA CAPENSIS 1G STK,5,,1G,
5243-505,18,526,EA,TECOMARIA CAPENSIS 5G STK,18,,5G,
5243-515,60,525,EA,TECOMARIA CAPENSIS 15G STK,60,,15G,
5250-501,2.75,522,EA,TERNSTROEMIA GYMN.(JAP.) 1 GAL,2.75,,1G,
5250-505,7.5,520,EA,TERNSTROEMIA GYMN.(JAP.) 5G,7.5,,5G,
5250-515,30,519,EA,TERNSTROEMIA GYMN.(JAP.)15-GAL,30,,,
5260-715,45,525,EA,WISTERIA SIN. WHITE 15G STK,45,,15G,
5268-501,5,522,EA,STACHYS BULLATA 1G,5,,1G,
5268-505,11,520,EA,STACHYS BYZANTINA 5G,11,,5G,
5272-115,60,510,EA,THEVETIA PERUVIANA 15G STD,60,,15G,
5272-124,185,507,EA,"THEVETIA PERUVIANA 24"" STD",185,,"24""",
5272-215,45,510,EA,THEVETIA PERUVIANA 15G MLT,45,,15G,
5272-224,185,507,EA,"THEVETIA PERUVIANA 24"" MLT",185,,"24""",
5272-236,485,505,EA,"THEVETIA PERUVIANA 36""",485,,"36""",
5272-501,4.5,522,EA,THEVETIA PERUVIANA 1G,4.5,,1G,
5272-505,13,520,EA,THEVETIA PERUVIANA 5G,13,,5G,
5272-515,37,519,EA,THEVETIA PERUVIANA 15G,37,,15G,
5273-115,60,519,EA,THUJA EMERALD GREEN 15G,60,,15G,
5273-215,60,519,EA,THUJA ORIENT. NANA 15G,60,,15G,
5273-315,50,519,EA,THUJA ORIENTALIS 15G,50,,15G,
5273-415,80,519,EA,THUJA O. HILLS DK GREEN 15G,80,,15G,
5273-501,3,522,EA,THUNBERGIA GREGORII 1GAL,3,,1G,
5273-505,25,526,EA,THUNBERGIA ALATA 5G STK,25,,5G,
5273-515,38,519,EA,THUJA O. PYRAMIDALIS 15G,38,,15G,
5273-615,35,525,EA,THUNBERGIA ALATA 15G STK,35,,15G,
5273-715,40,525,EA,THUNBERGIA ALBA 15G STK,40,,15G,
5273-805,30,529,EA,THUNBERGIA GREGORII 5G ESP,30,,5G,
5273-815,40,525,EA,THUNBERGIA GRANDIFLORA STK. 15G,40,,15G,
5273-824,180,507.6,EA,"THUJA R. AUREA 24""",180,,"24""",
5273-915,7.5,520,EA,THUJA OCCIDENTALIS 5G,7.5,,5G,
5274-005,18,520,EA,THUJA GLOBOSA 5G,18,,5G,
5274-015,60,519,EA,THUJA AUREA NANA 15G,60,,15G,
5274-115,60,519,EA,THUJA O. 'DEGROOT'S SPIRE' 15G,60,,15G,
5280-115,45,519,EA,TIBOCHINA HETEROMALLA 15G,45,,15G,
5280-160,2500,501,EA,"TILIA TOMENTOSA ' STERLING 60""",2500,,"60""",
5280-405,8,520,EA,TIBOUCHINA SEMIDECANDRA 5 GAL,8,,5G,
5280-501,1.79,522,EA,TIBOUCHINA URVILLEANA 1GAL,1.79,,1G,
5280-505,8,520,EA,TIBOUCHINA URVILLEANA 5GAL,8,,5G,
5280-515,43,519,EA,TIBOUCHINA URVILLEANA 15G,43,,15G,
5280-524,125,507,EA,"TIBOUCHINA URVILLEANA 24""",125,,"24""",
5302-101,5,513,EA,TIPUANA TIPU 1G,5,,1G,
5302-105,12,513,EA,TIPUANA TIPU 5G STD,12,,5G,
5302-115,55,510,EA,TIPUANA TIPU 15G STD,55,,15G,
5302-124,165,507,EA,"TIPUANA TIPU 24"" STD",165,,"24""",
5302-130,200,506,EA,"TIPUANA TIPU 30""  STD",200,,"30""",
5302-136,475,505,EA,"TIPUANA TIPU 36"" STD",475,,"36""",
5302-148,1200,503,EA,TIPUANA TIPU 48,1200,,,
5302-160,1800,501,EA,"TIPUANA TIPU 60"" MLT",1800,,"60""",
5302-215,55,510,EA,TIPUANA TIPU 15G MLT,55,,15G,
5302-224,115,507,EA,"TIPUANA TIPU 24""  MLT",115,,"24""",
5302-236,490,505,EA,TIPUANA TIPU 36,490,,,
5302-248,850,503,EA,"TIPUANA TIPU 48""  MLT",850,,"48""",
5302-260,1600,501,EA,"TIPUANA TIPU 60"" STD.",1600,,"60""",
5305-501,5,522,EA,TRACH. ASIATICUM 1G,5,,1G,
5305-505,8.5,520,EA,TRACHELOSPERMUM ASIATICUM 5G,8.5,,5G,
5310-501,4,527,EA,TRACH. ASIATICUM 1G STK,4,,1G,
5310-505,18,526,EA,TRACHELOSPERMUM ASIATICUM 5G STK,18,,5G,
5314-100,14,531,EA,ZOYSIA TENUFIOLIA FLATS,14,,,
5314-501,2.4,522,EA,ZOYSIA TENUFIOLIA 1G,2.4,,1G,
5315-301,0.45,524,EA,TRACHELOSPERMUM JASMINE LINER,0.45,,,
5315-501,3.75,522,EA,TRACHELOSPERMUM JASM. 1G,3.75,,1G,
5315-502,7,568,EA,TRACH. JASMINE 2G,7,,2G,
5315-505,9.5,520,EA,TRACH. JASMINE 5G,9.5,,5G,
5315-506,5,522,EA,"TRACHELOSPERMUM JAS. 6"" POTS",5,,"6""",
5315-515,38,519,EA,TRACHELOSPERMUM JASMINE 15G,38,,15G,
5315-601,7,522,EA,TRAC. SUMMER SUNSET 1G,7,,1G,
5315-602,25,568,EA,TRAC. JASM. MADISON 2G,25,,2G,
5315-615,60,525,,TRACH. MADISON STK 15g,60,,15G,
5320-501,5,527,EA,TRACH. JASMINE 1G STK,5,,1G,
5320-504,18,524.1,FL,"TRACH. JAS. 4"" POT (EACH)",18,,"4""",
5320-505,16,526,EA,TRACH. JASMINE 5G STK,16,,5G,
5320-515,55,525,EA,TRACH. JASMIN. 15G STK,55,,15G,
5321-001,4.4,522,EA,TEUCRIUM CHAMAEDRYS 1G,4.4,,1G,
5321-002,10.5,520,EA,TEUCRIUM CHAMAEDRYS 5G,10.5,,5G,
5321-005,10,520,EA,TEUCRIUM LUCIDRYS 5G,10,,5G,
5321-201,3,522,EA,ERICA CANALICULATA 1G,3,,1G,
5321-301,6,522,EA,ERICAMERIA NAUSEOSA 1G,6,,1G,
5321-315,42,519,EA,TEUCRIUM 'FRUITICANS' 15G,42,,15G,
5321-415,42,519,EA,TEUCRIUM CHAMAEDRYS 15G,42,,15G,
5321-501,4,522,EA,TRICHOSTEMA LANATUM 1G.,4,,1G,
5321-505,13,520,EA,TRICHOSTEMA LANATUM 5G,12,,5G,
5321-515,45,519,EA,ERICA CANALICULATA 15G,45,,15G,
5321-551,3.8,522,EA,TEUCRIUM 'FRUTICANS' 1G,3.8,,1G,
5321-555,10.25,520,14,TEUCRIUM 'FRUITICANS 5G,10.25,,5G,
5321-905,8.5,520,EA,ERICAMERIA LARICIFOLIA 5G,8.5,,5G,
5325-517,0,520,,ABUTILON VESUVIUS RED 5G,0,,5G,
5330-006,14,531,EA,LAMPRANTHUS AUR FLATS (64 CT),14,,,
5330-100,1,524,EA,LAMPRANTHUS SPECTABILIS LINERS,1,,,
5330-101,3.6,522,EA,LAMPRANTHUS AURANTIACUS 1G,3.6,,1G,
5334-115,200,510.2,EA,TRACHYCARPUS FORTUNEI 15G 4' bth,200,,15G,
5334-124,250,507,EA,"TRACHYCARPUS FORTUNEI 24""",250,,"24""",
5334-136,800,505,EA,"TRACHYCARPUS FORTUNEI 36""",800,,"36""",
5334-148,1200,503,EA,"TRACHY. FORTUNEI 48""  15' BTH",1200,,"48""",
5334-215,280,510.2,EA,TRACHYCARPUS FORT 5' BTH,280,,BTH,
5334-224,450,507.2,EA,TRACHYCARPUS FORT 8' BTH,450,,BTH,
5334-315,365,507.2,EA,TRACHYCARPUS FORT 6.5' BTH,365,,BTH,
5334-348,1100,503,EA,"TRACHY. FORT. 48"" 12' BTH",1100,,"48""",
5334-424,375,507.2,EA,TRACHY FORT 6' BTH,375,,BTH,
5334-524,425,507.2,EA,TRACHY FORT 7' BTH,425,,BTH,
5334-548,900,503,EA,"TRACHY. FORT. 48"", 10' BTH",900,,"48""",
5334-648,900,503,EA,"TRACHY. FORT. 48"", 9' BTH",900,,"48""",
5338-106,0.7,430,LF,TUCOR TW-14/2 YELLOW DECODER WIRE,0.7,,,
5355-124,700,507,EA,"RHAPIS EXCELSA 24"" MLT",700,,"24""",
5366-024,180,507,EA,"TRIST LAURINA ""ELEGANT"" 24""",180,,"24""",
5366-048,1200,503,EA,"TRISTANIA LAURINA 48""  MLT",1200,,"48""",
5366-101,6,516,EA,TRISTANIA CONFERTA 1G,6,,1G,
5366-105,18,513,EA,TRISTANIA CONFERTA 5G L/B,18,,5G,
5366-115,60,510,EA,TRISTANIA CONFERTA 15G STD (use L/B),60,,15G,
5366-124,180,507,EA,TRISTANIA CONFERTA 24,180,,,
5366-130,250,506,EA,"TRISTANIA CONFERTA 30"" L/B",250,,"30""",
5366-136,475,505,EA,TRISTANIA CONFERTA 36,475,,,
5366-142,700,504,EA,"TRISTANIA CONF. 42""  LB.",700,,"42""",
5366-148,1150,503,EA,TRISTANIA CONFERTA 48,1150,,,
5366-160,2500,501.1,EA,"TRISTANIA CONFERTA 60""",2500,,"60""",
5366-236,485,505,EA,TRISTANIA CONF. 36,475,,,
5366-248,1125,503,EA,TRISTANIA CONFERTA 48,1125,,,
5366-348,1125,503,EA,TRISTANIA CONFERTA 48,1125,,,
5366-405,18,513,EA,TRISTANIA LAURINA 5G L/B,18,,5G,
5366-415,60,510,EA,TRISTANIA CONFERTA 15G L/B,60,,15G,
5366-424,185,507,EA,TRISTANIA CONF. 24,180,,,
5366-436,475,505,EA,TRISTANIA CONF. 36,475,,,
5366-448,480,505,EA,"TRISTANIA LAURINA 36"" MLT",480,,"36""",
5366-515,65,510,EA,TRISTANIA LAURINA 15G,60,,15G,
5366-524,195,507,EA,"TRISTANIA LAURINA 24""",180,,"24""",
5366-536,495,505,EA,"TRISTANIA LAURINA 36"" STD (?)",480,,"36""",
5366-548,1200,503,EA,"TRISTANIA LAURINA ELEGANT 48"" STD",1200,,"48""",
5366-615,65,510,EA,TRISTANIA LAUR. ELEGANS 15G L/B,65,,15G,
5366-636,500,505,EA,TRISTANIA LAURINA ELEGANT 36,500,,,
5366-715,60,510,EA,TRISTANIA CONFERTA 15G CLMN,60,,15G,
5367-015,65,519,EA,TROCHODENDRON ARALIOIDES 15G,65,,15G,
5375-024,200,507.2,EA,"THUJA OCCID. BLUE CONE 24 """,200,,"24""",
5375-124,240,507.2,EA,"THUJA OCC. 'SMARAGD' 24""",240,,"24""",
5375-524,225,507.2,EA,"THUJA OC. 'EMERALD. GRN. 24""",150,,"24""",
5388-101,190,637.2,EA,TUCOR TU3D-DECODER,155,,,
5388-102,190,637.2,EA,TUCOR RK-DEC DECODER,190,,,
5388-103,125,380.5,EA,TUCOR TSP-100 LINE SURGE P,125,,,
5388-104,240,432,EA,TUCOR TMP40 MOISTURE PROBE,240,,,
5388-105,160,380.5,EA,TUCOR TSP/GR-K,160,,,
5388-106,480,380.4,EA,TUCOR GP3-K GROUND PLANE KIT,480,,,
5388-107,0.7,430,LF,TUCOR TW-16/2 DECODER WIRE,0.7,,,
5388-108,140,999,EA,TUCOR SD-LD-050 DECODER,140,,,
5388-109,540,637.2,EA,TUCOR TSD1 SENSOR DECODER,540,,,
5388-110,340,380,EA,TUCOR TWIS ISOLATION SWITCH,340,,,
5389-100,200,402,EA,ITS TWIS ISOLATION SWITCH,200,,,
5389-101,0,637.2,EA,LIGHTNING ARRESTOR INSTALLATION,0,,,
5389-102,210,402,EA,ITS TWIS ISOLATION SWITCH,210,,,
5389-103,950,635.3,EA,TUCOR 24 STA. 2-WIRE INTERFACE,950,,,
5390-224,130,507,EA,"TUPIDANTHUS CALYPT. 24"" MUL",130,,"24""",
5390-230,390,506,EA,"TUPIDANTHUS  CALY. 30""",390,,"30""",
5390-236,480,505,EA,"TUPIDANTHUS CALYPTRATUS 36""",480,,"36""",
5390-248,900,503,EA,"TUPIDANTHUS CALYPTRATUS 48""",900,,"48""",
5390-336,350,505,EA,"TUPIDANTHUS CALIPT. 36"" MLT",350,,"36""",
5390-436,470,505,EA,"TUPIDANTHUS CALYPTRATUS 36"" MULTI",470,,"36""",
5390-501,4.5,516,EA,TUPIDANTHUS CALYPTRATUS AL,4.5,,,
5390-505,12,513,EA,TUPIDANTHUS CALYPTRATUS 5G,12,,5G,
5390-515,38,510,EA,TUPIDANTHUS CALYPTRATUS 15G,38,,15G,
5390-524,130,507,EA,"TUPIDANTHUS CALYPTRATUS 24""",130,,"24""",
5390-615,35,510,EA,TUPIDANTHUS CALYP. MULTI. 15G.,35,,15G,
5413-515,360,505.3,EA,"TUPIDANTHUS CAL. VERT. FORM 36""",360,,"36""",
5416-415,35,510,EA,ILEX WILSONII 15G STD,35,,15G,
5420-101,2.12,516,EA,ULMUS PARVIFOLIA 1G,2.12,,1G,
5420-105,6.5,513,EA,ULMUS PARVIFOLIA 5G,6.5,,5G,
5420-115,34,510,EA,ULMUS PARVIFOLIA 15G,34,,15G,
5420-124,185,507,EA,ULMUS PARVIFOLIA 24,185,,,
5420-130,220,506,EA,"ULMUS PARVIFOLIA 30""",220,,"30""",
5420-136,470,505,EA,"ULMUS PARVIFOLIA 36"" STD",470,,"36""",
5420-142,1050,504,EA,"ULMUS TRUE GREEN 42"" STD",1050,,"42""",
5420-148,1050,503,EA,"ULMUS PARV 48"" STD",1050,,"48""",
5420-160,2300,501,EA,"ULMUS PARVIFOLIA 60"" MLT",2300,,"60""",
5420-172,4500,500,EA,"ULMUS PARV. 72"" STD",4500,,"72""",
5420-224,115,507,EA,"ULMUS PAR. ""ALLEE"" 24""",115,,"24""",
5420-260,2400,501,EA,"ULMUS PARV. 60"" STD",2400,,"60""",
5421-124,180,507,EA,"ULMUS P. SEMPERVIRENS 24"" STD",180,,"24""",
5421-136,440,505,EA,"ULMUS P, SEMPERVIRENS 36"" STD",440,,"36""",
5425-101,2.12,516,EA,ULMUS P DRAKE 1G,2.12,,1G,
5425-105,6.5,513,EA,ULMUS P DRAKE 5G,6.5,,5G,
5425-115,60,510,EA,"ULMUS P ""DRAKE"" 15G",60,,15G,
5425-124,175,507,EA,"ULMUS P DRAKE 24"" STD",175,,"24""",
5425-136,470,505,EA,"ULMUS P DRAKE 36"" STD",470,,"36""",
5425-148,1150,503,EA,"ULMUS P DRAKE 48"" STD",1150,,"48""",
5425-160,2500,501,EA,"ULMUS PARV. 'DRAKE' 60"" STD.",2500,,"60""",
5425-224,120,507,EA,"ULMUS PARV. 'EMERI' 24""",120,,"24""",
5425-248,1150,503,EA,"ULMUS PARV. ""DRAKE"" 48"" STD.",1150,,"48""",
5432-101,2.12,516,EA,ULMUS P TRUE GREEN 1G,2.12,,1G,
5432-105,6.5,513,EA,ULMUS R TRUE GREEN 5G,6.5,,5G,
5432-115,50,510,EA,ULMUS PARV. TRUE GREEN 15G,50,,15G,
5432-124,175,507,EA,"ULMUS PARV TRUE GREEN 24"" STD",175,,"24""",
5432-130,380,506,EA,"ULMUS PARV TRUE GREEN 30"" STD",380,,"30""",
5432-136,470,505,EA,"ULMUS PARV TRUEGREEN 36"" STD",470,,"36""",
5432-148,1050,503,EA,"ULMUS P. TRUE GREEN 48"" STD",1050,,"48""",
5432-160,2300,501,EA,"ULMUS PARV. 'TRUE GREEN' 60"" MLT",2300,,"60""",
5433-101,405,380,EA,VAL MATIC 101S AIR/VAC RELEASE VALVE,405,,,
5433-130,1477,470,EA,VALCON 30030 CONT 30STA W/36000-4,1477,,,
5433-134,231,380,EA,"VALCON 10020-PRV 1""",231,,"1""",
5433-135,351.25,380,EA,"VALCON 10030-PRV 1 1/4""",351.25,,"4""",
5433-136,357.5,380,EA,"VALCON 10040-PRV 1 1/2""",357.5,,"2""",
5433-137,382.5,380,EA,"VALCON 10050-PRV 2""",382.5,,"2""",
5433-138,385,380,EA,"VALCON 10060-PRV 2 1/2""",385,,"2""",
5433-139,387.5,380,EA,"VALCON 10065-PRV 3""",387.5,,"3""",
5433-140,159,380,EA,"VALCON RCV-E 3""",159,,"3""",
5433-141,156.75,380,EA,"VALCON RCV-E 2 1/2""",156.75,,"2""",
5433-142,154.5,380,EA,"VALCON RCV-E 2""",154.5,,"2""",
5433-143,155,380,EA,"VALCON RCV-E 1 1/2""",155,,"2""",
5433-144,155,380,EA,"VALCON RCV-E 1 1/4""",155,,"4""",
5433-145,105,380,EA,"VALCON RCV-E 1""",105,,"1""",
5433-146,86.75,380,EA,"VALCON RCV-E 3/4""",86.75,,"4""",
5433-147,3.5,None,EA,"VALCON V5000   1/2"" ADV",3.5,,"2""",
5434-105,46,520,EA,VACCINIUM VITIS RED PEARL 5G,46,,5G,
5434-205,45,520,EA,VACCINIUM CORYMBOSUM 5G,45,,5G,
5434-305,35,520,EA,VACCINUM CHIPPEWA 5G,35,,5G,
5435-101,3.7,999,EA,"VALVETTE POP610 (6"" riser extension)",3.7,,"6""",
5435-102,5.9,999,ea,"VALVETTE POP1210 (12"" riser extension)",5.9,,"12""",
5435-103,2.1,999,EA,VALVETTE RX550,2.1,,,
5500-001,4,522,EA,VERBENA RIGIDA 1G,4,,1G,
5500-101,3.8,522,EA,VERBENA BONARIENSIS 1G,3.8,,1G,
5500-105,13.5,520,EA,VERBENA PER. 'BALENDAKLE' 5G,13.5,,5G,
5500-201,3.5,522,EA,VERBENIA T. BLU PNT. VIOLET 1G,3.5,,1G,
5500-205,16,520,EA,VERBENA LASIOSTACHYS 5G,16,,5G,
5500-301,2.8,522,EA,VERBENIA TENUSEUTA 1G,2.8,,1G,
5500-401,3.5,522,EA,VERBENIA 'HOMESTEAD PURPLE' 1G,3.5,,1G,
5500-501,4,522,EA,VERBENA PERUVIANA RED 1G,4,,1G,
5500-505,13,520,EA,VERBENA PERUVIANA 5G,13,,5G,
5500-701,3.5,522,EA,VERONICA ICICLE 1G,3.5,,1G,
5500-705,25,520,EA,VERONICA PROS. TREHANE 5G,25,,5G,
5500-801,3.8,522,EA,VERBENA HYBRIDA 1G,3.8,,1G,
5500-805,10.4,520,EA,VERBENA L. 'DE LA MINA' 5G,14,,5G,
5500-901,3.5,522,EA,VERBENA PERUV. ROSE 1G,3.5,,1G,
5500-905,13,520,EA,VERBENA LILACINA 5G,13,,5G,
5501-101,3.2,522,EA,VERBENA LIL. 'DE LA MINA' 1G,4.5,,1G,
5501-102,4.25,522,EA,VERBENA LILACINA 1G,4.25,,1G,
5550-415,40,519,EA,VIBURNUM TINUS 15G,40,,15G,
5550-501,3.7,522,EA,VIBURNUM JAPONICUM 1G,3.7,,1G,
5550-505,9.5,520,EA,VIBURNUM JAPONICUM 5G,9.5,,5G,
5550-515,28,519,EA,VIBURNUM JAPONICUM 15G,28,,15G,
5550-615,50,519,EA,VIBURNUM ODORATISSIMUM 15G,50,,15G,
5550-715,38,519,EA,VIBURNUM 'COMPACTUM' 15G,38,,15G,
5550-815,45,519,EA,VIBURNUM DAVIDI 15G,45,,15G,
5551-105,10,520,EA,VIBURNUM DENTATUM 5G,10,,5G,
5551-505,12,520,EA,VIBURNUM DAVIDII 5G,12,,5G,
5551-515,43,519,EA,VIBURNUM OBO. 'DENSA' 15G,43,,15G,
5551-605,7.5,520,EA,VIBURNUM AWABUKI 5G,7.5,,5G,
5551-705,10,520,EA,VIBURNUM ROBUSTUM 5G,10,,5G,
5551-805,12,520,EA,VIBURNUM OB DENSA 5G,12,,5G,
5552-501,3.7,522,EA,VIBURNUM SUSPENSUM 1G,3.7,,1G,
5552-505,10,520,EA,VIBURNUM SUSPENSUM 5G,10,,5G,
5552-515,41,519,EA,VIBURNUM SUSPENSUM 15G,41,,15G,
5552-601,3.7,522,EA,VIBURNUM T. DWF 1G,3.7,,1G,
5553-505,7.5,520,EA,VIBURNUM TINUS 5G,7.5,,5G,
5553-515,45,519,EA,VIBURNUM T. VARIEGATUM 15G,45,,15G,
5553-605,9,520,EA,VIBURNUM T. COMPACTA 5G,9,,5G,
5553-615,7,520,EA,VIBURNUM VARIEGATUM 5G,7,,5G,
5560-501,3.7,522,EA,VIBURNUM T SPRING BOUQUET 1G,3.7,,1G,
5560-505,10,520,EA,VIBURNUM SPRING BOUQUET 5G,10,,5G,
5560-515,40,519,EA,VIBURNUM T SPRG BOUQUET 15G,40,,15G,
5560-615,40,519,EA,VIBURNUM SPRING BOUQUET DWF 15G,40,,15G,
5561-505,30,519,EA,"VIBURNUM T. ""AUGUST BEAUTY"" 15G",30,,15G,
5561-515,38,519,EA,VIBURNUM BURKWOODII 15G,38,,15G,
5561-715,40,519,EA,VIBURNUM AWABUKI 15G,40,,15G,
5561-815,43,519,EA,VIBURNUM TIN. 'ROBUSTUM' 15G,43,,15G,
5563-001,5,522,EA,VIOLA PEDUNCULATA 1G,5,,1G,
5565-505,13,526,EA,VIGNA CARACALLA 5G  STK,13,,5G,
5565-515,40,525,EA,VIGNA CARACALLA 15G   STK.,40,,15G,
5570-501,3.6,522,EA,VINCA MAJOR 1G,3.6,,1G,
5570-601,3.5,522,EA,VINCA MAJOR VARIEGATA 1G,3.5,,1G,
5572-501,3.4,522,EA,VINCA MINOR 1G,3.4,,1G,
5572-506,7,522,EA,"VINCA ILLUMINATION  6"" POT",7,,"6""",
5573-501,7,520,EA,VINCA MAJOR 5G,7,,5G,
5580-002,220,544,EA,5' BTH WASH ROBUSTA SKINNED,220,,BTH,
5580-003,265,544,EA,6' BTH WASH ROBUSTA (SKINNED),265,,BTH,
5580-004,310,544,EA,7' BTH WASH ROBUSTA SKINNED,310,,BTH,
5580-005,400,544,EA,8' BTH WASH ROBUSTA SKINNED,400,,BTH,
5580-006,400,544,EA,9' BTH WASH ROBUSTA SKINNED,400,,BTH,
5580-008,440,544,EA,10' BTH WASH ROBUSTA SKINNED,440,,BTH,
5580-009,1750,543,EA,40' BTH WASH ROBUSTA SKINNED,1750,,BTH,
5580-010,485,542,EA,11' BTH WASH ROBUSTA SKINNED,485,,BTH,
5580-012,525,542,EA,12' BTH WASH ROBUSTA SKINNED,525,,BTH,
5580-014,575,542,EA,13' BTH WASH ROBUSTA SKINNED,575,,BTH,
5580-015,700,542,EA,16' BTH WASH ROBUSTA SKINNED,700,,BTH,
5580-016,660,542,EA,15' BTH WASH ROBUSTA SKINNED,660,,BTH,
5580-017,625,542,EA,14' BTH WASH ROBUSTA SKINNED,625,,BTH,
5580-018,750,542,EA,17' BTH WASH ROBUSTA SKINNED,750,,BTH,
5580-020,830,542,EA,19' BTH WASH ROBUSTA SKINNED,830,,BTH,
5580-021,800,542,EA,18' BTH WASH ROBUSTA SKINNED,800,,BTH,
5580-022,875,542,EA,20' BTH  WASH ROBUSTA SKINNED,875,,BTH,
5580-024,965,543,EA,22' BTH WASH ROBUSTA SKINNED,965,,BTH,
5580-025,1100,543,EA,25' BTH WASH. ROBUSTA SKINNED,1100,,BTH,
5580-026,1050,543,EA,24' BTH WASH ROBUSTA SKINNED,1050,,BTH,
5580-028,1190,543,EA,27' BTH WASH ROBUSTA SKINNED,1190,,BTH,
5580-030,1320,543,EA,30' BTH WASH ROBUSTA SKINNED,1320,,BTH,
5580-031,2100,543,EA,14' BTH PHOENIX DACT,2100,,BTH,
5580-032,3100,543,EA,15' BTH PHOENIX DACT.,3100,,BTH,
5580-033,3100,543,EA,16' BTH PHOENIX DACT.,3100,,BTH,
5580-034,3100,543,EA,20' BTH PHOENIX DACT.,3100,,BTH,
5580-035,3100,543,EA,18' BTH PHOENIX DACT.,3100,,BTH,
5580-0351,2500,543,EA,17' BTH PHOENIX DACT.,2500,,BTH,
5580-036,3300,543,,25' BTH  PHOENIX DACT.,3300,,BTH,
5580-037,3100,543,EA,22' PHOENIX DACT.,3100,,,
5580-038,3300,543,EA,30' PHOENIX DACT.,3300,,,
5580-039,3700,543,EA,"15' PHOENIX DACT. ""ZAHEDI""",3700,,,
5580-040,3600,543,EA,35' PHOENIX DACT.,3600,,,
5580-041,10500,543,EA,12' PHOENIX CANARY,10500,,,
5580-042,10500,543,EA,15' PHOENIX CANARY,10500,,,
5580-043,10500,543,EA,16' PHOENIX CANARY,10500,,,
5580-044,10500,543,EA,17' PHOENIX CANARY,10500,,,
5580-045,3500,543,EA,PHOENIX DACT 15' B.T.,3500,,,
5580-046,17500,543,EA,20' PHOENIX CANARY,17500,,,
5580-048,10500,543,EA,25' PHOENIX CANARY,10500,,,
5580-050,10500,543,EA,30' PHOENIX CANARY,10500,,,
5580-052,12000,543,EA,35' PHOENIX CANARY,12000,,,
5580-055,2000,543,EA,PHOENIX DACT. 15' B.T.,2000,,,
5580-108,2200,542,EA,PHOENIX DACT. 8' BTH,2200,,BTH,
5580-110,2000,543,EA,PHOENIX DACT. 10' BTH,2000,,BTH,
5580-112,2500,542,EA,12' BTH PHOENIX DACT.,2500,,BTH,
5580-118,3500,543,EA,PHOENIX DACT. 18' BTH,3500,,BTH,
5580-126,3000,543,EA,PHOENIX  DACT 26' B.T.H.,3000,,,
5580-135,1540,543,EA,35' WASH ROBUSTA,1540,,,
5580-160,9600,501,EA,"PHOENIX DACT 60"" MLT",9600,,"60""",
5580-208,2500,503,EA,"PHOENIX DACTYLIFERA 48"" MLT",2500,,"48""",
5580-210,2000,542,EA,"10' BTH PHOENIX DACT. ""MEDJOOL""",2000,,BTH,
5580-212,3800,542.2,EA,12' PHOENIX DACT. MEDJOOL,3800,,,
5580-214,2000,542.2,EA,"14' BTH PHOENIX DACT. ""MEDJOOL""",2000,,BTH,
5580-215,2500,543,EA,15' BTH PHOEN. DACT. MEDJOOL,2500,,BTH,
5580-216,2500,543,EA,"16' BTH PHOENIX DACT. ""MEDJOOL""",2500,,BTH,
5580-218,2400,543,EA,18' BTH PHOENIX DACT. MEDJOOL,2400,,BTH,
5580-220,4300,543,EA,"20' BTH PHOENIX DACT. ""MEDJOOL""",4300,,BTH,
5580-221,4300,543,EA,PHOENIX DACT MEDJOOL 21',4300,,,
5580-225,3800,543,EA,25' BTH PHOEN. DACT. MEDJOOL,3800,,BTH,
5580-226,2900,543,EA,24' BTH PHOEN. DACT. MEDJOOL,2900,,BTH,
5580-227,2900,543,EA,22' BTH PHOENIX DACT. MEDJOOL,2900,,BTH,
5580-228,7000,543,EA,"PHOENIX RECLINATATA MULTI - 108"" BOX",7000,,"108""",
5580-314,10500,543,EA,14' PHOENIX CANARY,10500,,,
5580-318,10500,543,EA,18' PHOENIX CANARY,10500,,,
5580-320,10500,543,EA,20' PHOENIX CANARY,10500,,,
5580-322,10500,543,EA,22' PHOENIX CANARY,10500,,,
5580-324,10500,543,EA,24' PHOENIX CANARY,10500,,,
5580-325,0,543,EA,50' PHOENIX CANARIENSIS,0,,,
5580-326,0,543,EA,45' PHOENIX CANARIENSIS,0,,,
5580-327,0,543,EA,40' PHOENIX CANARIENSIS,0,,,
5580-328,0,543,,38' PHOENIX CANARIENSIS,0,,,
5580-329,0,542,EA,11' PHOENIX CANARIENSIS,0,,,
5580-330,0,542,EA,12' PHOENIX CANARIENSIS,0,,,
5580-331,0,542,EA,23' PHOENIX CANARIENSIS,0,,,
5580-424,,,,"WASH ROBUSTA 24"" BOX (approx 5' bth)",,,,
5580-M12,525,542,EA,12' WASH ROB (1 OF 3) USED AS MULTI,525,,,
5581-114,875,543,EA,WASHINGTONIA FILIBUSTA 14' bth,875,,BTH,
5590-110,300,507.4,EA,"PERSEA AMERICANA 'HASS' 24""",300,,"24""",
5598-001,12,520,EA,MOLINIA C. VARIEGATA 5G,12,,5G,
5600-100,6.5,None,EA,WADE RAIN 3901 Y FILTER,6.5,,,
5610-010,1000,543,EA,WASH. FILIFERA 10' BTH,1000,,BTH,
5610-014,1200,543,EA,WASH. FILIFERA 14' BTH,1200,,BTH,
5610-015,1475,543,EA,WASH. FILIFERA 15' BTH,1475,,BTH,
5610-018,1200,543,EA,WASH. FILIFERA 18' BTH,1200,,BTH,
5610-022,1750,543,EA,WASH FILIFERA 20' BTH,1750,,BTH,
5610-025,2200,543,EA,WASH FILIFERA 25' BTH,2200,,BTH,
5610-027,2300,543,EA,WASH. FILIFERA 27' BTH,2300,,BTH,
5610-030,2550,543,EA,WASH. FILIFERA 30' BTH,2550,,BTH,
5610-124,525,507,EA,"WASH. FILIFERA 6' BTH, 24",525,,BTH,
5610-130,2550,543,EA,WASH. FILIFERA 30' BTH,2550,,BTH,
5610-135,3000,543,EA,WASH. FILIFERA 35' BTH,3000,,BTH,
5610-136,550,505,EA,WASHINGTON FILIFERA 36,550,,,
5610-148,1000,542.2,EA,WASHINGTON FILIFERA 48,1000,,,
5610-160,1800,543,EA,"WASHINGTON FILIFERA 60""",1800,,"60""",
5610-215,950,543,EA,WASHINGTONIA HYBRID 15',950,,,
5610-236,500,542,EA,WASH. ROBUSTA 10-12' BTH B&B,500,,BTH,
5620-015,125,900,EA,WISTERIA FLO. 'ALBA' 15G ESP,125,,15G,
5620-024,450,527.5,EA,"WISTERIA SINENSIS 24"" ESP",450,,"24""",
5620-115,125,525,EA,WISTERIA TEXAS PURPLE 15G ESP,125,,15G,
5620-501,6,527,EA,WISTERIA SINENSIS 1G STK,6,,1G,
5620-505,18,526,EA,WISTERIA SINENSIS 5G STK,18,,5G,
5620-515,45,525,EA,WISTERIA SINENSIS 15G STK,45,,15G,
5620-615,125,528,EA,WISTERIA SINENSIS 15G ESP,125,,15G,
5620-715,60,525,EA,WISTERIA FLORIBUNDA 15G STK,60,,15G,
5620-815,35,525,EA,WISTERIA F. ROYAL PURPLE 15G STK.,35,,15G,
5620-915,45,525,EA,WISTERIA FLOR. TEXAS PURPLE 15G STK,45,,15G,
5621-501,3.8,522,EA,TEUCRIUM F. 'COMPACTA' 1G,3.8,,1G,
5621-565,9.5,520,EA,TEUCRIUM FRU. 'COMPACTA' 5G,9.5,,5G,
5621-601,3.7,522,EA,TEUCRIUM PROSTRATUM 1G,3.7,,1G,
5621-701,4.2,522,EA,TEUCRIUM LUCIDRYS 1G,4.2,,1G,
5622-515,36,525,EA,WISTERIA HARDENBERGIA 15G STK,36,,15G,
5624-815,95,900,EA,WISTERIA FLORIBUNDA 15G ESP,95,,15G,
5703-555,10,520,EA,SOPHORA SECUNDIFLORA  5G,10,,5G,
5704-101,4.5,522,EA,SPARGANIUM EURYCARPUM 'GREEN' 1G,4.5,,1G,
5705-100,15,637.1,EA,SPHAGNUM MOSS (2 CF BAG),15,,,
5789-105,35,520,EA,XANTHORRHOEA GLAUCA 5G,35,,5G,
5790-501,3,522,EA,XYLOSMA CONGESTUM 1G,3,,1G,
5790-505,10,520,EA,XYLOSMA CONGESTUM 5G,10,,5G,
5790-515,40,519,EA,XYLOSMA CONGESTUM 15G,40,,15G,
5795-501,3.6,522,EA,XYLOSMA CONG. COMP 1G,3.6,,1G,
5795-505,10,520,EA,XYLOSMA C. COMPACTA 5G,10,,5G,
5795-515,40,519,EA,XYLOSMA COMPACTA 15G,40,,15G,
5795-615,95,528,EA,XYLOSMA SENTICOSA 15G ESP,95,,15G,
5801-415,120,510,EA,JUNIPER BLUE PT 15G SPIRAL,120,,15G,
6014-101,6,522,EA,BOTHRIOCHLOA BARBINODIS 1G,6,,1G,
6015-015,125,528,EA,BOUG. ROSENKA 15G  ESP.,125,,15G,
6015-115,60,900,EA,BOUG. ,60,,,
6015-215,60,525,EA,BOUGANVILLEA SP. 15G STK,60,,15G,
6015-605,35,529,EA,BOUGAINVILLEA 5G ESP,35,,5G,
6015-615,125,528,EA,BOUGAINVILLEA 15G ESP,125,,15G,
6015-616,125,528,EA,BOUG. BRAS. 15G ESP,125,,15G,
6015-710,125,528,EA,BOUG. JAMES WALKER 15G ESP,125,,15G,
6015-711,60,525,EA,BOUG. JAMES WALKER 15G STK,60,,15G,
6015-715,60,525,EA,BOUG. X. 'MONKA' (OO-LA-LA) 15G STK,60,,15G,
6015-801,4,527,EA,BOUG.'TEXAS DAWN' 1G STK,4,,1G,
6015-805,45,529,EA,BOUG. S.D. RED 5G ESP,45,,5G,
6015-810,3,527,EA,"BOUG ""LAV. QUEEN""  1G STK",3,,1G,
6015-815,60,525,EA,BOUG. CAMARILLO FIESTA 15G STK,60,,15G,
6015-910,60,525,EA,BOUG.  GLABRA 15G STK,60,,15G,
6015-915,60,525,EA,BOUG. SPP 15G STK,60,,15G,
6020-605,45,529,EA,CALLIANDRA HAEMA 5G ESP,45,,5G,
6020-615,125,528,EA,CALLIANDRA HAEMA 15G ESP,125,,15G,
6020-618,410,904,EA,"CALLIANDRA HAEMA 24"" ESP",410,,"24""",
6020-624,320,527.5,EA,"CALLIANDRA HAEMA 24""  ESP",320,,"24""",
6020-705,15,520,EA,CALANDRINIA SHINING PINK 5G,15,,5G,
6020-715,125,528,EA,"CALLIANDRA H. ""ALBA"" 15G ESP",125,,15G,
6020-724,250,507,EA,"CALLIANDRA HAEMA 24"" CLMN",250,,"24""",
6024-360,1800,501,EA,"LAGERS. MUSKOGEE 60"" MLT",1800,,"60""",
6025-105,35,529,EA,CALLISTEMON CITRINUS 5G ESP,35,,5G,
6025-605,45,529,EA,CALLIANDRA TWEEDII 5G ESP,45,,5G,
6025-615,85,528,EA,CALLIANDRA TWEEDII 15G ESP,85,,15G,
6030-115,95,528,EA,CAMELLIA ELEGANS 15G,95,,15G,
6030-215,110,528,EA,CAMELLIA DEBUTANTE 15G ESP,110,,15G,
6030-315,95,519,EA,CAMELLIA NUCCIOS PEARL 15G,95,,15G,
6030-515,70,519,EA,CAMELIA SAS. 'SHAWA NO SAKE' 15G,70,,15G,
6030-605,50,529,EA,CAMELLIA 5G ESP,50,,5G,
6030-615,145,528,EA,CAMELLIA S. 15G ESP,145,,15G,
6030-715,145,528,EA,CAMELLIA S. NUCCIO'S GEM 15G ESP,145,,15G,
6030-815,95,519,EA,CAMELLIA NUCCIO'S GEM 15G,95,,15G,
6030-915,145,528,EA,CAMELLIA PINK 15G ESP,145,,15G,
6032-515,35,525,EA,CISSUS ANT. 15G  STK.,35,,15G,
6032-605,17.88,529,EA,CISSUS ANTARCTICA 5G  ESP,17.88,,5G,
6032-615,65,528,EA,CISSUS ANTARCTICA 15G  ESP,65,,15G,
6034-605,17.88,529,EA,CISSUS HYPOGLAUCA 5G  ESP,17.88,,5G,
6034-615,45.5,528,EA,CISSUS HYPOGLAUCA 15G  ESP,45.5,,15G,
6036-605,17.88,529,EA,CISSUS RHOMBIFOLIA 5G ESP,17.88,,5G,
6036-615,67,529,EA,CISSUS RHOMBIFOLIA 15G ESP,67,,15G,
6038-605,45,529,EA,CLYTOSTOMA CALLI 5G ESP,45,,5G,
6038-615,125,528,EA,CLYTOSTOMA CALLI 15G  ESP,125,,15G,
6040-015,130,528,EA,DISTICTIS RIVERS 15G  ESP,130,,15G,
6040-605,45,529,EA,DISTICTIS BUCC. 5G ESP,45,,5G,
6040-615,125,528,EA,DISTICTIS BUCC. 15G  ESP,125,,15G,
6040-624,200,527.5,EA,"DISTICTIS BUCC. 24""  STK",200,,"24""",
6040-724,450,527.5,EA,"DISTICTIS BUCC. 24""  ESP.",450,,"24""",
6040-824,360,527.5,EA,"DISTICTIS BUC. 'RIVERS' 24""  ESP.",360,,"24""",
6042-605,45,529,EA,ERIOBOTRYA DEFLEXA 5G ESP,45,,5G,
6042-615,125,528,EA,ERIOBOTRYA DEFLEXA 15G  ESP,125,,15G,
604417,0.2,999,,"TORO 1/4"" MALE ADAPTER- EMITTER/ 1/4"" TUBING",0.2,,"4""",
6044-605,30,529,EA,GELSEMIUM SEMP. 5G ESP,30,,5G,
6044-615,125,528,EA,GELSEMIUM SEMPERVIRENS 15G ESP,125,,15G,
6045-005,18,526,EA,STEPHANOTIS FLORIBUNDA 5G STK,18,,5G,
6045-010,25,520,EA,PONTEDERIA CORDATA 5G,25,,5G,
6045-024,300,527.5,EA,"SOLANDRA MAXIMA 24""  ESP",300,,"24""",
6045-110,25,520,EA,EICHHORNIA CRASSIPES 5G,25,,5G,
6045-111,8,522,EA,EICHHORNIA CRASSIPES 1G,8,,1G,
6045-115,65,519,EA,EICHORNIA SPECIES 15G,65,,15G,
6045-124,350,900,EA,"SOLANDRA MAX. 24"" STK",350,,"24""",
6045-210,3.5,522,EA,CYPERUS PAPYRUS 1G,3.5,,1G,
6045-211,3.5,522,EA,CYPERUS PROLIFER 1G,3.5,,1G,
6045-310,25,None,EA,"CLAY POT 10""",25,,"10""",
6046-605,45,529,EA,GREWIA OCCIDENTALIS 5G  ESP,45,,5G,
6046-615,125,528,EA,GREWIA OCCIDENTALIS 15G ESP,125,,15G,
6046-624,400,527.5,EA,"GREWIA CAFFRA 24"" ESP",400,,"24""",
6046-715,125,528,EA,GREWIA CAFFRA 15G  ESP,125,,15G,
6047-115,35,519,EA,GUNNERA TINCTORIA 15 GAL,35,,15G,
6048-605,45,529,EA,HARDENBERGIA VIOLACEA 5G  ESP,45,,5G,
6048-615,125,528,EA,HARDENBERGIA VIOLACEA 15G  ESP,125,,15G,
6050-605,23,529,EA,HIBBERTIA SCANDENS 5G  ESP,23,,5G,
6050-615,56,528,EA,HIBBERTIA SCANDENS 15G  ESP,56,,15G,
6050-624,450,527.5,EA,"HIBBERTIA SCANDENS 24""  ESP",450,,"24""",
6050-705,28,520,EA,HIBBERTIA VOLUBILIS 5G,28,,5G,
6050-715,13,526,EA,HIBBERTIA SCANDENS 5G STK,13,,5G,
6060-105,12,526,EA,JASMINE MESNEYI 5G STK,12,,5G,
6060-605,35,529,EA,JASMINUM POLYANTHUM 5G ESP,35,,5G,
6060-615,125,528,EA,JASMINUM POLYANTHUM 15G ESP,125,,15G,
6060-815,33,525,EA,JASMINUM MESNYI 15G STK,33,,15G,
6061-101,5,522,EA,MALOSMA LAURINA 1G,5,,1G,
6061-105,16,520,EA,MALOSMA LAURINA 5G,16,,5G,
6061-115,65,512,EA,MALUS FLORIBUNDA 15G,65,,15G,
6061-124,150,507,EA,"MALUS ""ROBINSON"" 24""",150,,"24""",
6061-201,4.5,522,EA,MALACOTHAMNUS FASCICULATUS 1G,4.5,,1G,
6061-205,16,520,EA,MALACOTHAMNUS FASCICULATUS 5G,16,,5G,
6061-215,50,519,EA,MALOSMA LAURINA 15G,50,,15G,
6061-224,250,507,EA,"MALUS 'ANNA GOLDEN' 24""",250,,"24""",
6062-605,25,529,EA,LIGUSTRUM J. TEXANUM 5G ESP,25,,5G,
6062-615,125,528,EA,LIGUSTRUM JAP. TEX 15G ESP,125,,15G,
6064-605,30,529,EA,MACFADYENA UNGUIS-CATI 5G ESP,30,,5G,
6064-615,125,528,EA,MACFADYENA UNGUIS-CATI 15G ESP,125,,15G,
6064-624,450,527.5,EA,"MACFADYENA UNGUIS-CATI 24"" ESP",450,,"24""",
6066-605,50,529,EA,MANDEVILLA ALICE DU PONT 5G ESP,50,,5G,
6066-615,140,528,EA,MANDEVILLA ALICE DU PONT 15G ESP,140,,15G,
6068-605,35,529,EA,OSMANTHUS FRAGRANS 5G ESP,35,,5G,
6068-615,110,528,EA,OSMANTHUS FRAGRANS 15G ESP,110,,15G,
6069-005,18,526,EA,PHAEDRANTHUS BUCC. 5G STK,18,,5G,
6070-515,60,525,EA,PANDOREA JASM. ALBA 15G STK,60,,15G,
6070-605,45,529,EA,PANDOREA JASM. ALBA 5G ESP,45,,5G,
6070-615,125,528,EA,PANDOREA JASM. ALBA 15G ESP,125,,15G,
6070-618,68.25,904,EA,"PANDOREA PAND 18""  ESP",68.25,,"18""",
6070-705,45,525,EA,PANDOREA JASM. PINK 5G ESP,45,,5G,
6071-505,18,526,EA,PANDOREA J. ROSEA 5G STK,18,,5G,
6072-605,30,529,EA,PHOTINIA FRASERI 5G ESP,30,,5G,
6072-615,125,528,EA,PHOTINIA FRASERI 15G ESP,125,,15G,
6073-605,45,529,EA,PODOCARPUS GRAC 5G ESP,45,,5G,
6073-615,125,528,EA,PODOCARPUS GRAC 15G ESP,125,,15G,
6074-001,3.65,522,EA,PYRACANTHA  F. GRAB 1G,3.65,,1G,
6074-105,13,526,EA,PYRACANTHA SANTA CRUZ 5G STK,13,,5G,
6074-505,12,526,EA,PYRACANTHA F. GRAB. 5G STK,12,,5G,
6074-605,35,529,EA,PYRACANTHA F. GRAB 5G ESP,35,,5G,
6074-615,125,528,EA,PYRACANTHA FORTUN GRAB 15GAL ESP,125,,15G,
6074-705,10.5,520,EA,PYRACANTHUS COC. 'LOW BOY' 5G,10.5,,5G,
6075-605,40,529,EA,PYRACANTHA COCCINEA 5G ESP,40,,5G,
6075-615,125,528,EA,PYRACANTHA COCCINEA 15GAL ESP,125,,15G,
6075-701,3,522,EA,PYRACANTHA MOJAVE 1G,3,,1G,
6075-702,3,522,EA,PYRACANTHA RUBY MOUND 1G,3,,1G,
6075-715,85,528,EA,PYRACANTHA  SANTA CRUZ 15G ESP,85,,15G,
6075-815,125,528,EA,PYRACANTHA COCC. MOHAVE 15 GAL ESP,125,,15G,
6076-605,30,529,EA,PYRUS KAWAKAMII 5GAL ESP,30,,5G,
6076-615,85,528,EA,PYRUS KAWAKAMII 15G ESP,85,,15G,
6076-616,450,899,EA,"PYRUS KAWAKAMII 24"" ESP",450,,"24""",
6076-916,450,899,EA,"PODOCARPUS GRACILIOR 24"" ESP.",450,,"24""",
6077-005,19.5,520,EA,ROSA FABULOUS 5 GAL,19.5,,5G,
6077-015,18,520,EA,ROSA G. GOLDEN METAL 5G,18,,5G,
6077-105,17,520,EA,"ROSA M. ""BONICA"" 5G",17,,5G,
6077-124,290,507,EA,"ROSA MAGIC BLANKET 24"" PATIO TREE",290,TR,"24""",
6077-205,16,520,EA,ROSA TRUMP. SUNSET SENS. 5G,16,,5G,
6077-224,350,507,EA,"ROSA 24"" BABY BLANKET PATIO",350,,"24""",
6077-305,18,520,EA,"ROSA ""JULIA CHILD"" 5G",18,,5G,
6077-405,18,520,EA,ROSA CALIFORNICA 5G,18,,5G,
6077-415,38,525,EA,ROSA CALIFORNIA 15G,38,,15G,
6077-505,15,520,EA,ROSA X MEIDILAND RED 5G,15,,5G,
6077-605,15,520,EA,ROSA FLOR. SIMPLICITY 5G,15,,5G,
6077-705,15,520,EA,ROSA FLOR. ANGEL FACE 5G,15,,5G,
6077-724,250,507,EA,"ROSA B.  24"" PATIO TREE",250,TR,"24""",
6077-805,15,520,EA,ROSA FLOR. EUROPEANA 5G,15,,5G,
6077-905,15,520,EA,ROSA FLOR. APRICOT NECTAR 5G,15,,5G,
6078-005,15,520,EA,"ROSA ""RED SIMPLICITY"" 5G",15,,5G,
6078-105,16,520,EA,ROSA HYBRID 5G,16,,5G,
6078-205,15,520,EA,"ROSA FLWR CARPET ""AMBER"" 5G",15,,5G,
6078-305,18,520,EA,ROSA RADTKO 5G,18,,5G,
6078-405,45,525,EA,ROSA F. SHOWBIZ 15G,45,,15G,
6078-505,15,520,EA,ROSA SHOW BIZ 5G,15,,5G,
6078-605,35,529,EA,ROSA B. ALBA PLENA 5G ESP,35,,5G,
6078-615,125,528,EA,ROSA B. ALBA PLENA 15G ESP,125,,15G,
6078-705,18,520,EA,"ROSA ""WEKPHOM"" 5G",18,,5G,
6078-805,17.5,520,EA,ROSA SEA FOAM 5G,17.5,,5G,
6078-905,15,520,EA,ROSA FLOR. SUNFLARE 5G,15,,5G,
6079-005,15,520,EA,ROSA FLR CRPT 'PINK SUPREME' 5G,15,,5G,
6079-103,15,520,EA,ROSA MEIDELAND RED 3G,15,,3G,
6079-105,15,520,EA,ROSA FLORIBUNDA 'RED' 5G,15,,5G,
6079-205,18,520,EA,ROSA ICECAP 5G,18,,5G,
6079-305,17,520,EA,ROSA 'KNOCK OUT - WHITE' 5G,17,,5G,
6079-405,14,520,EA,ROSA 'NOASPLASH' 5G (PINK SPLASH),14,,5G,
6079-505,18,520,EA,ROSA 'RADRAL' 5G,18,,5G,
6080-605,25,529,EA,TECOMARIA CAPENSIS 5G ESP,25,,5G,
6080-615,125,528,EA,TECOMARIA CAPENSIS 15G ESP,125,,15G,
6080-715,125,528,EA,TECOMARIA ORANGE JUBILEE 15G ESP,125,,15G,
6082-605,45,529,EA,TRACH. JASMINE 5G ESP,45,,5G,
6082-615,125,528,EA,TRACH. JASMINE 15G ESP,125,,15G,
6082-624,450,527.5,EA,"TRACHELOSPERMUM JAS. 24"" ESP",450,,"24""",
6084-605,17.88,529,EA,VIBURNUM JAPONICUM 5G  ESP,17.88,,5G,
6084-615,90,528,EA,VIBURNUM JAPONICUM 15G ESP,90,,15G,
6086-605,17.88,529,EA,VIBURNUM T. SPRING BOUQET 5G  ESP,17.88,,5G,
6086-615,95,258,EA,VIBURNUM T.SPRING BOUQ 15G ESP,95,,15G,
6406-101,2.6,522,EA,GREWIA CAFFRA 1G,2.6,,1G,
6406-115,34,525,EA,GREWIA CAFFRA 15G STK,34,,15G,
6406-815,45,510,EA,GREWIA OCC. 15G STK CLMN,45,,15G,
6406-915,29,519,EA,GREWIA CAFFRA 15G SHRUB,29,SH,15G,
6566-005,16,520,EA,LOROPETALUM CHI. 'PEACK' 5G,16,,5G,
6566-105,16,520,EA,LOROPETALUM RAZZLEBERRI 5G,16,,5G,
6566-205,18,520,EA,LOROPETALUM RAZZLEBERRI 5G,18,,5G,
6566-305,17,520,EA,LOROPETALUM PIPPAS RED 5G,17,,5G,
6566-405,4,522,EA,LOROPETALUM RUBRUM 1G,4,,1G,
6566-505,16,520,EA,LOROPETALUM CHINESE 5G,16,,5G,
6566-605,16,520,EA,LOROPETALUM CHIN PLUM DLT. 5G,16,,5G,
6566-615,60,519,EA,LOROPETALUM RAZZLEBERRI 15G,60,,15G,
6566-702,12,520,EA,LOROPETALUM PLUM DELIGHT 2G,12,,2G,
6566-705,14,520,EA,LOROPETALUM C. RUBRUM 5G,14,,5G,
6566-715,45,519,EA,"LOROPETALUM C. ""RUBRUM"" 15G",45,,15G,
6566-805,14,520,EA,LOROPETALUM C. MONRAZ 5G,14,,5G,
6566-815,90,519,EA,"LOROPETALUM ""MONRAZ"" 15G",90,,15G,
6566-905,16,520,EA,"LOROPET. ""SIZZLING PINK"" 5G",16,,5G,
6566-915,60,519,EA,LOROPETALUM BURGUNDY 15G,60,,15G,
6567-105,16,520,EA,LOROPETALUM CHI. 'RUBY' 5G,16,,5G,
6567-205,16,520,EA,LOROPETALUM 'MAJESTIC PURPLE' 5G,16,,5G,
6567-305,14,520,EA,LOROPETALUM SHANG-HI 5G,14,,5G,
68-1001,30,635.2,LF,"RCP PIPE 18""",30,,"18""",
7000-0003,4,522,EA,LONICERA JAPONICA 1G,4,,1G,
7000-0004,3.8,522,EA,LONICERA JAP. PURPUREA 1G,3.8,,1G,
7000-0005,5.5,522,EA,LONICERA SUBSPICATA 1G,5.5,,1G,
7000-0006,4.25,522,EA,LONICERA SEMPERVIRENS 1G,3.8,,1G,
7000-001,45,519,EA,PHOTINIA GLABRA 15G,45,,15G,
7000-002,50,519,EA,OCHNA SERRULATA 15G,50,,15G,
7000-003,12,520,EA,SOLLYA FUS 5G SHRUB,12,SH,5G,
7000-004,9.5,520,EA,LONICERA JAP HALLIANA 5G SHRUB,9.5,SH,5G,
7000-005,10,522,EA,ORNAMENTAL KALE 1G,10,,1G,
7000-006,4.5,522,EA,SALVIA OFF. VARIEGATA 1G,4.2,,1G,
7000-007,4,522,EA,TEUCRIUM CHAEMADRIS 1G,4,,1G,
7000-008,4.5,522,EA,LAVANDULA STOECHAS 1G,4,,1G,
7000-009,4.5,522,EA,PELARGONIUM DOM VERMILLION 1G,3.75,,1G,
7000-010,4.5,522,EA,PELARGONIUM PEL KING of BALKAN 1G,3.75,,1G,
7000-011,3,522,EA,CENTRANTHUS RUBER 1G,3,,1G,
7000-017,2.5,524.1,EA,"TEUCRIUM CHAMAEDRY 4"" POT",2.5,,"4""",
7000-018,15,531,EA,TEUCRIUM PROSTRATUM FLT,15,,,
7000-021,5,522,EA,ZAUSCHNERIA CALIFORNIA 1G,3.75,,1G,
7000-022,13,513,EA,ALBIZIA JULIBRISSIN 5G,13,,5G,
7000-031,5,522,EA,SALVIA EAST FRIESLAND 1G,5,,1G,
7000-100,1,639.3,SF,"WIRE CLOTH 19-GAUGE 1/2""MESH GALV.",1,,"2""",
7000-101,5,522,EA,PENTAS LANCEOLATA 1G,5,,1G,
7000-102,1.25,639.3,SF,"WIRE CLOTH 16-GAUGE 1/4"" MESH GALV.",1.25,,"4""",
7000-105,10,520,EA,LAVANDULA  ANGUSTIFOLIA 5G,10,,5G,
7000-110,50,519,EA,LAVATERA BICOLOR 15G,33,,15G,
7000-115,42,519,EA,LAVANDULA DENTATA 15G,42,,15G,
7000-124,225,521,EA,"LAVATERA BICOLOR 24""",115,,"24""",
7000-155,18,520,EA,PENTAS LANCEOLATA 5G,18,,5G,
7000-201,4.5,522,EA,"ANISODONTEA ""TARAS PINK"" 1G",3.5,,1G,
7000-205,0,999,,LAVA,0,,,
7000-215,40,519,EA,ANISODONTEA HYPOMANDARUM 15G,40,,15G,
7000-224,175,521,EA,"LAVATERA MARITIMA 24"" MLT",175,,"24""",
7000-301,3,522,EA,LAVATERA ASSERGENTIFLORA 1G,3,,1G,
7000-305,10,520,EA,LAVANDULA COMPACTA 5G,10,,5G,
7000-315,31,519,EA,LAVANDULA PINNATA 15G,31,,15G,
7000-401,2.75,522,EA,LAVANDULA MULTIFIDA 1G,2.75,,1G,
7000-405,9.5,520,EA,LAVANDULA PENATA 5G,9.5,,5G,
7000-415,42,519,EA,LAVANDULA ANGUSTIFOLIA 15G,42,,15G,
7000-501,3.8,522,EA,LAVANDULA ANG. HIDCOTE 1G,3.8,,1G,
7000-505,10,520,EA,LAVANDULA DENTATA 5G,10,,5G,
7000-515,36,519,EA,LAVATERA ASSURGENTIFOLIA 15G,36,,15G,
7000-601,3.25,520,EA,LAVANDULA  ANG. COMP. 1G,3.25,,1G,
7000-605,11,520,EA,LAVANDULA PROVENCE 5G,11,,5G,
7000-615,43,519,EA,LAVAN. HIDCOTE BLUE 15G,43,,15G,
7000-701,3.5,522,EA,ANISODONTEA TARAS CHOICE 1G,3.5,,1G,
7000-705,9.5,520,EA,LAVANDULA MULTIFIDA 5G,9.5,,5G,
7000-715,40,519,EA,LAVANDULA MUNSTEAD 15G,40,,15G,
7000-801,3,522,EA,LAVANDULA INT. PROVINCE 1G,3,,1G,
7000-805,8.5,520,EA,LAVANDULA BICOLOR 5G,8.5,,5G,
7000-815,36,519,EA,LAVATERA MARITIMA 15G,45,,15G,
7000-901,4.3,522,EA,LAVANDULA MUNSTEAD 1G,4.3,,1G,
7000-905,35,520,EA,LAVANDULA LEMON LEIGH 5G,35,,5G,
7000-915,42,519,EA,LAVANDULA STOECHAS 15G,42,,15G,
7001-001,3.8,522,EA,LAVANDULA ANGUSTIFOLIUM 1G,3.8,,1G,
7001-015,55,519,EA,LAVANDULA RIVERINA THOMAS 15G,55,,15G,
7001-101,3.8,522,EA,STACHYS BYZANTINA 1G,3.8,,1G,
7001-102,5.5,522,EA,STACHYS BYZ. 'BIG EARS' 1G,5.5,,1G,
7001-104,3,524.1,EA,"LAVENDULA STOECHANS 4"" POT",3,,"4""",
7001-105,8.5,520,EA,ANISODONTEA TARAS PINK 5G,8.5,,5G,
7001-115,45,519,EA,ANSIODONTEA TARAS PINK 15G,45,,15G,
7001-201,3.75,522,EA,SOLLYA HETEROPHYLLA 1G,3.75,,1G,
7001-204,4,524.1,EA,"STACHYS BYZANTINA 4"" POTS",4,,"4""",
7001-215,42,519,EA,LAVANDULA OTTO QUAST 15G,42,,15G,
7001-301,3,522,EA,"LAVANDULA ANG. ""MARTHA"" 1G",3,,1G,
7001-305,11.5,520,EA,LAVANDULA A. MUNSTEAD 5G,11.5,,5G,
7001-401,3.8,522,EA,LAVANDULA GOODWIN CREEK 1G,3.8,,1G,
7001-405,11,520,EA,LAVAN. HIDCOTE BLUE 5G,11,,5G,
7001-501,3,522,EA,LAVANDULA HETEROPHYLLA 1G,3,,1G,
7001-505,15,520,EA,LAVANDULA GOODWIN CRK 5G,15,,5G,
7001-601,2.75,522,EA,LAVANDULA PINNATA 1G,2.75,,1G,
7001-605,11.5,520,EA,LAVA. STOE. 'OTTO QUAST' 5G,11.5,,5G,
7001-701,3.3,522,EA,LAVANDULA I. PROVENCE 1G,3.3,,1G,
7001-801,2.75,522,EA,LAVANDULA O. MUNSTEAD 1G,2.75,,1G,
7001-901,3.5,522,EA,LAVANDULA DEN. CANDICANS 1G,3.5,,1G,
7001-905,9.5,520,EA,LAVANDULA LATIFOLIA 5G,9.5,,5G,
7002-001,4,522,EA,LAVAND. BOYSENBERRY RFFLS 1G,4,,1G,
7002-101,4,522,EA,LAVANDULA DENTATA 1G,4,,1G,
7002-201,4,522,EA,LONICERA HALLIANA 1G,4,,1G,
7002-301,3,522,EA,LAVANDULA A. SKYLARK 1G,3,,1G,
7002-401,4,522,EA,LAVANDULA S. OTTO QUAST 1G,4,,1G,
7002-501,3,522,EA,LAVANDULA DENTATA 1G,3,,1G,
7002-601,4,522,EA,TEUCRIUM COSSONII (MAJORICUM) 1G,4,,1G,
7002-701,8.25,522,EA,LAVANDULA THUMB. LEIGH 1G,8.25,,1G,
7002-801,8.1,522,EA,LAVANDULA HAZEL 1G,8.1,,1G,
7002-815,40,519,EA,LAVATERA THURINGIACA 15G,40,,15G,
7002-901,3.5,522,EA,LAVANDULA ANG. 'ALBA' 1G,3.5,,1G,
7002-915,65,519,EA,LAVANDULA LARKMAN HAZEL 15G,65,,15G,
7003-101,4.6,522,EA,ZAUSCHNERIA MATTOLE'S SELECT 1G,4.6,,1G,
7003-105,12,520,EA,FUSCHIA GARTENMEISTER 5G,12,,5G,
7003-115,125,519,EA,FURCRAEA MACDOUGLALI 15G,125,,15G,
7003-124,400,507,EA,"FURCRAEA MACDOUGLALI 24""",400,,"24""",
7003-201,6,522,EA,FUSCHIA MAGELLANICA 1G,6,,1G,
7003-205,25,520,EA,FURCRAEA F. MEDIOPICTA 5G,25,,5G,
7003-230,1000,506.1,EA,"FURCREA MACDOUGALII 30""",1000,,"30""",
7003-405,35,520,EA,FURCRAEA MEDIOPICTA 5G,35,,5G,
7003-505,11,520,EA,LEONOTIS LEONURUS 5G,11,,5G,
7003-605,50,520,EA,FURCRAEA BEDINGAUSII 5G,50,,5G,
7003-610,45,519,EA,LEONOTIS LEONURUS 10G,45,,10G,
7003-615,42,519,EA,LEONOTIS LEONURUS 15G,42,,15G,
7003-705,50,520,EA,FURCRAEA MACDOUGLALI 5G,50,,5G,
7003-710,105,519,EA,FURCRAEA MACDOUGALII 10G,105,,10G,
7003-715,120,519,EA,FURCRAEA F. MEDIOPICTA 15G,120,,15G,
7003-724,400,507.2,EA,"FURCRAEA F. MEDIOPICTA 24""",400,,"24""",
7003-805,65,520,EA,FURCRAEA FOETIDA 5G,65,,5G,
7004-501,4.2,520,EA,LEONOTIS LEONURUS 1G,4.2,,1G,
7005-105,11,520,EA,LAVANDULA DENTATA 5G,11,,5G,
7005-205,12,520,EA,LAV. GOODWIN. GRAY CREEK 5G,12,,5G,
7005-305,10,520,EA,LAV. D. GOODWIN CRK GREY 5 G,10,,5G,
7005-405,25,520,EA,LAVANDULA LARKMAN HAZEL 5G,25,,5G,
7005-505,11,520,EA,LAVANDULA PIN. ,11,,,
7005-905,11,520,EA,LAVANDULA D CANDICANS 5G,11,,5G,
7006-005,11,520,EA,LAVANDULA STOECHAS 5G,11,,5G,
7006-505,11,520,EA,LAVANDULA ANGUST.MUNSTEAD 5G,11,,5G,
7007-505,11,520,EA,LAVANDULA ANGUSTIFOLIA 5G,11,,5G,
7008-505,11,520,EA,LAVANDULA DENTATA 5G,11,,5G,
7008-605,11,520,EA,LAVANDULA HETEROPHYLLA 5G,11,,5G,
7009-001,6,522,EA,OCINUM BASILICUM 1G,6,,1G,
7009-004,5,524.1,EA,"OCINUM BASILICUM 4"" POT",,,,
70-1000,1.5,None,EA,"RB DG3RFG 3"" FLT GRN GRT",1.5,,"3""",
70-1001,2.5,None,EA,"RB DG4RFG 4"" FLT GRN GRT",2.5,,"4""",
70-1002,4,None,EA,"RB DG6RFG 6"" FLT GRN GRT",4,,"6""",
70-1003,4,None,EA,"RB DG6RFB 6"" BLK FLT GRT",4,,"6""",
70-1004,10,630,EA,"RB DG6RAG 6"" GRN ATR GRT",10,,"6""",
70-1005,10,630,EA,"RB DG6RAB 6"" BLK ATR GRT",10,,"6""",
70-1006,9,None,EA,"RB DG9SFG 9"" GRN FLT GRT",9,,"9""",
70-1007,9,None,EA,"RB DG9SFB 9"" FLT BLK GRT",9,,"9""",
70-1008,25,None,EA,"RB DG12SFG 12"" GRN FLT GRT",25,,"12""",
70-1009,25,None,EA,"RB DG12SFB 12"" BLK FLT GRT",25,,"12""",
70-1010,18,None,EA,"RB DG9SAG 9"" GRN ATR GRT",18,,"9""",
7010-100,14,531,EA,OENOTHERA BERLANDIERI FLAT,14,,,
7010-101,4,522,ea,OENOTHERA BERLANDIERA 1G,4,,1G,
7010-105,9.5,520,EA,LAVANDULA ANGUSTIFOLIA 5G,9.5,,5G,
70-1011,18,None,EA,"RB DG9SAB 9"" BLK ATR GRT",18,,"9""",
7010-110,18,531,EA,LIPPIA GRASS FLATS (60 per flt),18,,,
7010-115,50,519,EA,OENOTHERA BERLANDIERA 15G,50,,15G,
70-1012,33,None,EA,"RB DG12SAG 12"" GRN ATR GRT",33,,"12""",
7010-124,225,507,EA,"SOLANUM RANTONNETTI 24"" STD",225,,"24""",
70-1013,33,None,EA,"RB DG12SAB 12"" BLK ATR GRT",33,,"12""",
70-1014,9.5,600,EA,"RB DB6R2 6"" 2-OUTLET BASIN",9.5,,"6""",
70-1015,12.5,615,EA,"RB DB9SLP 9"" ADAPTER",12.5,,"9""",
70-1016,18.5,605,EA,"RB DB12SLP 12"" ADAPTER",18.5,,"12""",
70-1017,1.5,None,EA,"RB DG3RFB 3"" FLT BLK GRT",1.5,,"3""",
70-1018,6,630,EA,"RB DG4RAG 4"" GRN ATR GRT",6,,"4""",
70-1019,6,630,EA,"RB DG4RAB 4"" BLK ATR GRT",6,,"4""",
70-1020,9.5,600,EA,"RB DB6R1 6"" 1-OUTLET BSIN",9.5,,"6""",
7010-200,14,531,FL,PENNISETUM MASSAICUM (FLATS),14,,,
7010-201,3.85,522,EA,OENOTHERA SPECIOSA 1G,3.85,,1G,
7010-205,10,520,EA,"LAVANDULA ""IRENE DOYLE"" 5G",10,,5G,
7010-305,10,520,EA,LAVAND. TWICKLE PURPLE 5G,10,,5G,
7010-401,4.3,522,EA,LAVANDULA SPECIES 1G,4.3,,1G,
7010-405,28,520,EA,LAVANDULA THUMBELINA LEIGH 5G,28,,5G,
7010-501,4,522,EA,LAVANDULA D. 'CANDICANS' 1G,4,,1G,
7010-505,10.5,520,ea,LAVANDULA CANDICANS 5G,10.5,,5G,
7010-601,3.25,522,EA,"LAVANDULA PEND. "" ATLAS""  1G",3.25,,1G,
7010-605,10,520,EA,LAVANDULA PEDU ATLAS 5G,10,,5G,
7010-615,33,519,EA,LAVANDULA PED ATLAS 15G,33,,15G,
7010-705,18,513,EA,SOLANUM RANTONNETI 5G STD,18,,5G,
7010-715,60,510.4,EA,SOLANUM RANT. 15G PATIO,60,,15G,
7010-805,18,520,EA,LAVANDULA BLUE CUSHION 5G,18,,5G,
7010-905,11,520,EA,LAVANDULA 'SILVER ANOUK' 5G,11,,5G,
7011-005,12,520,EA,LAVANDULA BUENA VISTA 5G,12,,5G,
7011-501,4,522,EA,OENOTHERA HOOKERI 1G,4,,1G,
7015-005,10.5,520,EA,ZAUSCHNERIA CALIFORNIA 5G,10.5,,5G,
7015-101,5,522,EA,ZAUSCHENERIA CA ROUTE 66 1G,5,,1G,
7015-105,12,520,EA,ZAUSCHNERIA CA. 'ROUTE 66' 5G,12,,5G,
7020-105,20,520,EA,ALOCASIA CALIDORA 5G,20,,5G,
7020-115,65,522,EA,ALOCASIA MACRORRBIZA 15G,65,,15G,
708877,1.5,999,,TORO SB-180,1.5,,,
7100-009,3.75,522,EA,PELARGONIUM P BALKAN IMPERIAL 1G,3.75,,1G,
7300-009,3.75,522,EA,PELARGONIUM P BALKAN PRINCESS 1G,3.75,,1G,
7300-101,3.75,522,EA,PELAR. ODORATISSIMUM 1G,3.75,,1G,
74-1002,55,520,EA,"ZAMIA FURFURACEA  10""",55,,"10""",
74-1005,45,520,EA,ZAMIA PUMILA 5G,45,,5G,
74-1007,85,520,EA,"ZAMIA FURFURACEA 14""",85,,"14""",
74-1015,180,519,EA,ZAMIA FURFURACEA 15G,180,,15G,
74-1017,65,520,EA,ZAMIA FURFURACEA 7G,65,,7G,
74-1024,300,507,EA,"ZAMIA FURFURACEA 24""",300,,"24""",
74-1115,195,519,EA,ZAMIA INTEGRIFOLIA 15G,195,,15G,
74-1201,8,522,EA,ZAMIOCULAS 1G,8,,1G,
74-1215,180,519,EA,ZAMIOCULCAS 15G,180,,15G,
747-515,35,525,EA,BOUG. 'SOUTHERN ROSE' 15G,35,,15G,
7500-101,5,522,EA,ZANTEDESCHIA ALBOMACULATA 1G,5,,1G,
7500-105,14,520,EA,ZANTEDESCHIA ELLIOTT 5G,14,,5G,
7500-201,5,522,EA,ZANTADESCHIA DEM. SUPERBA 1G,5,,1G,
7500-301,6,522,EA,ZANTEDESCHIA A. WHITE 1G,6,,1G,
75-1000,4,522,EA,ZANTEDESCHIA AETHIOPICA 1G,4,,1G,
75-1001,14,520,EA,ZANTEDESCHIA AETHIOPICA 5G,14,,5G,
75-1002,4,522,EA,ZANTEDESCHIA ELLIOTTIANA 1G,4,,1G,
75-1005,25,520,EA,KUMQUAT 5G  (BUY 15G?),25,,5G,
75-1015,65,519,EA,KUMQUAT (FORTUNELLA) 15G,65,,15G,
75-1024,250,507,EA,"FORTUNELLA MARGARITA 24""",250,,"24""",
75-1025,65,999,EA,"KUMQUAT ""TAVARES"" 15G",65,,15G,
75-1036,800,505,EA,"FORTUNELLA MARGARITA 36""",800,,"36""",
75-1101,4,522,EA,ZENOBIA PULVERULENTE 1G,4,,1G,
75-1115,65,519,EA,FORTUNELLA CRASSIFLORA 15G,65,,15G,
75-1124,250,507,EA,"FORTUNELLA MARG NAGAMI 24""",250,,"24""",
75-2000,225,None,WK,ARROW BOARD,225,,,
75-2001,3,None,WK,"18"" DELINEATOR",3,,"18""",
75-2005,40,520,EA,FORT. MARG. (KUMQUAT) 5G,40,,5G,
75-2010,26,410.4,EA,ARROWHEAD BRASS 930 LF hose bibb,26,,LF,
75-2011,18,639.3,EA,ARROWHEAD BRASS 58-ABP L.F. vac brkr,18,,,
75-2012,40,410.4,EA,"ARROWHEAD GV75F-V (3/4"" L.F. hose bibb)",40,,"4""",
75-2015,80,519,EA,FORTUNELLA MARGARITA 15G,80,,15G,
75-2115,80,519,EA,FORTUNELLA NAGAMI 15G,80,,15G,
76-1000,42.32,380,EA,WATER PERFECT WP-2000 MOIST SENSOR,42.32,,,
76-1001,56.44,636,EA,WATER PERFECT WP-2001 DEEP H20 SWCH,56.44,,,
76-1002,35,None,5G,WATERPROOFING/HENRY'S 100 1g,35,,1G,
76-1003,210,635.1,EA,"WATERPROOFING, BG-2000 Multi-Coat Grn 5g",210,,5G,
77-1000,350,380,EA,WATERMARK #30-KTCD MOISTURE METER,350,,,
77-1001,777,471,EA,WATERMARK WFZ-12 MOISTURE SENSOR,777,,,
77-1002,616.25,470,EA,WATERMARK WFZ-24 MOISTURE METER,616.25,,,
77-1003,28,380,EA,WATERMARK 200SS,28,,,
77-1004,215,380.1,EA,WATERMARK WEM KIT (INCL. 2 SENSORS),215,,,
77-1005,1440,380.1,EA,WATERMARK MHS-3-40 ZONE KIT,1440,,,
8000-001,5,522,EA,"GRAPE ""GOLDEN MUSCAT"" 1G",5,,1G,
8000-100,0.25,639.1,LF,"AQUA SOAKER TUBE 1/2"" FOR TURF",0.25,SD,"2""",
8000-101,4.5,522,EA,GRAPTOPETULUM PARAG. 1G,4.5,,1G,
8000-106,4.5,522,EA,"GRAPTOPETULUM PAR. 'PINKY' 6"" POT",4.5,,"6""",
8000-201,7,522,EA,GRAPTOVERIA 1G,7,,1G,
8000-301,8,522,EA,GRAPTOPETULUM VERA HIGGINS 1G,8,,1G,
8000-401,5,522,EA,GRAPTOPETALUM MURASAKI 1G,5,,1G,
8000-405,13,520,EA,GRAPTOPETALUM MURASAKI 5G,13,,5G,
801-005,0,999,EA,"SCH 80 SLIP TEE - 1/2""",0,,"2""",
801-007,5.43,999,EA,,5.43,,,
801-010,6.79,None,EA,"1"" TEE SCH80 PVC (SSS)",6.79,,"1""",
801-012,18.66,None,EA,"1 1/4"" TEE SCH 80 PVC (SSS)",18.66,,"4""",
801-015,18.66,None,EA,"1 1/2"" TEE SCH80 PVC (SSS)",18.66,,"2""",
801-020,23.33,None,EA,"2"" TEE SCH80 PVC (SSS)",23.33,,"2""",
806-005,4.71,999,EA,"SCH 80 SLIP 90 - 1/2""",4.71,,"2""",
806-007,4.97,999,EA,"SCH 80 SLIP 90 - 3/4""",4.97,,"4""",
806-010,8.83,999,EA,SCH 80 SLIP 90 - 1,8.83,,,
807-005,10.46,999,EA,"SCH 80 90 ELL S/T - 1/2""",10.46,,"2""",
807-007,12.31,999,EA,"SCH 80 90 ELL S/T - 3/4""",12.31,,"4""",
807-010,13.33,999,EA,SCH 80 90 ELL S/T - 1,13.33,,,
817-005,5,999,EA,"SCH 80 45 ELL - 1/2""",5,,"2""",
817-007,7.66,999,EA,"SCH 80 45 ELL - 3/4""",7.66,,"4""",
817-010,11.47,999,EA,SCH 80 45 ELL - 1,11.47,,,
8302-135,300,507,EA,"TOPIARY SPECIMEN 24"" BOX",300,,"24""",
8400-002,16,531,EA,SETCREASEA PALLIDA FLAT (50),16,,,
8400-004,18,524.1,FL,"SETCREASEA PALLIDA 4"" POT",18,,"4""",
840364,1.5,999,,TORO 10-F-LA-PC,1.5,,,
847-005,4.71,999,EA,"SCH 80 SLIP CAP - 1/2""",4.71,,"2""",
847-007,4.97,999,EA,"SCH 80 SLIP CAP - 3/4""",4.97,,"4""",
847-010,8.82,999,EA,SCH 80 SLIP CAP - 1,8.82,,,
8555-505,13.5,520,EA,WESTRINGIA WYNNABIE GEM 5G,12.5,,5G,
8900-001,1700,380,EA,"CLAVAL 3"" PRESSURE REGULATOR",1700,,"3""",
8900-100,275,380,EA,"CLAYON 5163-01 MV 2""",275,,"2""",
8900-101,1500,380,EA,"CLAVAL 90-48AVSKC 2"" PR",1500,,"2""",
8900-201,2100,380,EA,"CLAVAL 90-G-48VSKC, 1.50""",2100,,"50""",
8900-300,2620,999,EA,"CLAVAL M.V. 93-01-GBCHSYKC-2 """,2620,,"2""",
8900-301,2600,380,EA,"CLAVAL -93-01G/BCHSY-KC  11/2"" EPOXY.",2600,,"2""",
8900-302,3665,380,EA,"CLAVAL-93-01G/BCHSY-KC 2"" EPOXY",3665,,"2""",
8900-303,2950,380,EA,"CLAVAL 93-01 G / BCHSY-KC 3"" EPOXY,N.O. SS PILOT",2950,,"3""",
8900-304,1000,380,EA,"CLAVAL 93-01G/BCHSY-KC 1""  NC EPOXY COATED",1000,,"1""",
8900-305,2800,380,EA,"CLAVAL 93DG-01BCHSYRC-100T 1"" THREADED",2800,,"1""",
8900-306,5100,999,EA,"CLAVAL 93-01G/BCHSY-KC 6"" (N.C.)",5100,,"6""",
8900-307,4720,380,EA,"CLAVAL 93-01G/BCHSY-KC 2"" (N.O.)",4720,,"2""",
8900-308,,,,"CLAVAL 150-93G-01BCHPSYKC 1.5""",,,,
898-005,0,999,EA,"THREADED SCH 80 UNION - 1/2""",0,,"2""",
898-007,0,999,EA,"THREADED SCH 80 UNION - 3/4""",0,,"4""",
898-010,0,999,EA,THREADED SCH 80 UNION - 1,0,,,
90-0000,1.1,None,GA,REGULAR UNLEADED GASOLINE,1.1,,,
90-0010,1.1,None,GA,DIESEL,1.1,,,
9000-101,1380,None,EA,CANYON POTTERY #6103XL W/DRAINAGE,1380,,,
9000-102,57.5,None,EA,"CANYON POTTERY SAUCER 19""",57.5,,"19""",
9000-201,299,None,EA,CANYON POTTERY #6103L W/DRAINAGE,299,,,
9000-301,1351.25,None,EA,ARCH. POTTERY #FGDR2-60 DOUBLE RIM,1351.25,,,
9000-302,175,None,EA,"ARCH. POTTERY #FGS-36 SAUCER 33""",175,,"33""",
9000-401,1006.25,None,EA,ARCH. POTTERY #FGDR2-52 DOUBLE RIM,1006.25,,,
9000-402,102.35,None,EA,"ARCH. POTTERY #FGS-32 SAUCER 32""",102.35,,"32""",
90-0100,34.95,None,EA,FLA ORTHO BELT W/ SUSPENDERS,34.95,,,
90-0110,17.3,None,BX,6900 MOLDEX EAR PLUGS W/ CORD,17.3,,,
90-0120,12.85,None,EA,AF 492 NITRILE GREEN GLOVE SIZE 10,12.85,,,
90-0130,4.65,None,EA,"9558-CLEAR GLASSES, CLEAR LENS",4.65,,,
90-0140,11.95,None,EA,5211 EASI-CARE PESTICIDE RESPIRATOR,11.95,,,
90-0150,6.6,None,EA,6100 RESPIRATOR FACEPIECE ONLY,6.6,,,
90-0160,5.6,None,EA,6001 ORGANIC VAPOR CARTRIDGE,5.6,,,
90-0170,7.75,None,BX,5010 PEST PRE-FILTER 10/BX,7.75,,,
90-0180,1.65,None,BX,0501 RESP PRE-FILTER RETAINER 2/BX,1.65,,,
90-0190,56.25,None,BX,TRICHOC1T412 TYVEK COVERALL 25/ BX,56.25,,,
90-0191,1.75,999,EA,"TREE STRAP 24""",1.75,TR,"24""",
9047-505,30,520,EA,CAMELLIA S. YULETIDE 5 G,30,,5G,
9222-124,120,507,EA,"SAPIUM SEBIFERUM 24"" BOX STD",120,,"24""",
9223-105,13,520,EA,TRICOSTEMA LANATUM 5 GAL,7.5,,5G,
9224-105,11.5,520,EA,SISYRINCHIUM BELLUM 5G,11.5,,5G,
9231-001,4.5,522,EA,"EVOLVULUS ""BLUE DAZE"" 1G",4.5,,1G,
9231-101,4.65,522,EA,EVOLVULUS GLOMERATUS 1G,4.65,,1G,
9231-104,2.5,524.1,EA,"EVOLVULUS BLUE MY MIND 4"" POT",2.5,,"4""",
9300-095,3000,381.2,EA,"HAYWARD #72  C.I. BASKET, 2"" FLGD",3000,,"2""",
9300-097,20,534.1,CY,ECO-MULCH,20,,,
9300-098,22,534.1,CY,SEA SOIL MULCH BY BUTLERS MILL,22,,,
9300-099,75,637.2,CY,AGUINAGA TOPSOIL C 60-40 (SPECIAL ORDER),75,,,
9300-100,29,534,CY,NITRO FIR,29,,,
9300-101,1.1,None,EA,"WONDER TREE TIE 14""",1.1,TR,"14""",
9300-102,1.6,None,EA,"WONDER TREE TIE 24""",1.6,TR,"24""",
9300-103,13,570,EA,CLAY CRUNCHER  50 LBS BAG,13,,,
9300-104,45,534,CY,LOAMEX,45,,,
9300-105,22,534.1,CY,NITROLIZED WOOD CHIP MULCH,22,,,
9300-106,35,534.1,CY,HUMIC COMPOST,35,AMM,,
9300-107,70,534,CY,EARTHWORKS CUSTOM BLEND W/ DEL,70,,,
9300-110,5,None,EA,MISC VALVE FITTINGS,5,,,
9300-111,8.5,None,EA,"3"" PVC SCH 40 MISC FIT",8.5,,"3""",
9300-112,35,None,EA,"3"" PVC SCH 80 MISC FIT",35,,"3""",
9300-113,5,None,EA,"3"" PVC SCH 40 90 DEG ELBOW - DRAIN",5,,"3""",
9300-114,6.5,None,EA,"3"" PVC SCH 40 X 4"" SDR 35 REDUCER - DRAIN",6.5,,"3""",
9300-115,40,534,CY,AGUINAGA TYPE 1 PLUS REDWOOD SHAVINGS,40,,,
9300-116,30,534,CY,GREEN WASTE COMPOST (CY),30,AMM,,
9300-120,0.6,None,EA,"1/2"" MISC FITTINGS",0.6,,"2""",
9300-121,8,None,EA,"BRONZE 1/2"" TEE",8,,"2""",
9300-140,2.25,None,EA,"MISC 3/4"" PVC FITTINGS",2.25,,"4""",
9300-150,0,999,EA,MAINTENANCE 150 DAY,0,,,
9300-160,2.4,None,EA,"MISC PVC FITTINGS 1""",2.4,,"1""",
9300-180,4.5,None,EA,"MISC PVC FITTINGS 1.25""",4.5,,"25""",
9300-200,5.6,None,EA,"MISC. PVC FITTINGS 1.5""",5.6,,"5""",
9300-201,30,534,CY,AGUINAGA FERT. GPS-2,30,FERT,,
9300-220,10,None,EA,"MISC PVC FITTINGS 2""",10,,"2""",
9300-222,3000,381,EA,"HAYWARD #72 S.S. BASKET, 2"" THREADED",3000,,"2""",
9300-240,15,None,EA,"MISC PVC FITTINGS 2.5""",15,,"5""",
9300-247,950,635.2,EA,24-60-30 POLY VAULT CB2460-3O w/COV,950,,,
9300-248,1450,635.2,EA,36-72-36 BROOKS w/STEEL COVER,1450,,,
9300-249,2440,635.2,EA,36-72-36 BROOKS w/SPRING ASSIST COV,2440,,,
9300-250,7600,635.2,EA,OLD CASTLE 466 CONC VAULT / TRAFFIC SPRING CVR,7600,,,
9300-260,21,None,EA,"MISC PVC FITTINGS 3""",21,,"3""",
9300-261,32,999,EA,"3"" HDPE FITTING",32,,"3""",
9300-262,15,None,EA,"2"" HDPE FITTINGS",15,,"2""",
9300-280,33,None,EA,"4"" PVC SCH 40 MISC FIT",33,,"4""",
9300-281,21,None,EA,"4"" PVC SCH 40 FIT",17.5,,"4""",
9300-282,85,None,EA,"6"" PVC SCH 40 FIT",85,,"6""",
9300-283,19,None,EA,"4"" 45 PVC SCH 40",28.87,,"4""",
9300-284,19,None,EA,"4"" 22 PVC SCH 40",19,,"4""",
9300-285,16,None,EA,"4"" TEE PVC SCH 40",16,,"4""",
9300-300,2,None,EA,"BROWNLINE MISC FITTINGS 1/2""",2,,"2""",
9300-310,35,None,EA,"6"" PVC SCH 40 MISC FIT",35,,"6""",
9300-311,125,None,EA,"8"" PVC SCH 40 MISC FIT",125,,"8""",
9300-312,380,None,EA,"10"" PVC SCH 40 MISC FIT",380,,"10""",
9300-313,650,None,EA,"12"" PVC SCH 40 MISC FIT",650,,"12""",
9300-320,3,None,EA,"BROWNLINE MISC FITTINGS 3/4""",3,,"4""",
9300-340,5.9,None,EA,"BROWNLINE MISC FITTINGS 1""",5.9,,"1""",
9300-360,6.9,None,EA,"BROWNLINE MISC FIT 1.25""",6.9,,"25""",
9300-380,11,None,EA,"BROWNLINE MISC FITTINGS 1.5""",11,,"5""",
9300-400,15,None,EA,"BROWNLINE MISC FITTINGS 2""",15,,"2""",
9300-420,21,None,EA,"BROWNLINE MISC FITTINGS 2.5""",21,,"5""",
9300-440,28,None,EA,"BROWNLINE MISC FITTINGS 3""",28,,"3""",
9300-480,36,None,EA,"GALV 3"" MISC FIT",36,,"3""",
9300-481,26,None,EA,"GALV 2.5"" MISC FIT",26,,"5""",
9300-484,90,193,EA,"GALV 6"" MISC FIT",90,,"6""",
9300-485,45,None,EA,"GALV 4"" MISC FITTINGS",45,,"4""",
9300-486,1.04,None,EA,"GALV 1/2"" X 10"" NIPPLE",1.04,,"2""",
9300-487,0.62,None,EA,"GALV 1/2"" X 6"" NIPPLE",0.62,,"2""",
9300-488,1.23,None,EA,"GALV 3/4"" X 10"" NIPPLE",1.23,,"4""",
9300-489,0.84,None,EA,"GALV 3/4"" X 6"" NIPPLE",0.84,,"4""",
9300-495,10.5,639.4,EA,"FLO CONTROL #1520 SXS 1 1/4""",10.5,,"4""",
9300-496,10,639.4,EA,"FLO CONTROL #1520 SXS 1""",10,,"1""",
9300-497,7.5,639.4,EA,"FLO CONTROL #1520 SXS 3/4""",7.5,,"4""",
9300-498,5.5,639.4,EA,"FLO CONTROL #1011 SXS 3/4""",5.5,,"4""",
9300-499,9,639.4,EA,"FLO CONTROL #1011 SXS 1""",9,,"1""",
9300-500,0,636.2,LS,MOVE EXISTING EQUIPMENT MISC.,0,,,
9300-501,15,637,EA,"FLO CONTROL 1095-20 2""",15,,"2""",
9300-502,11,637,EA,"FLO CONTROL 1205 1""",11,,"1""",
9300-503,4.75,637,EA,"FLO CONTROL 1205 3/4""",4.75,,"4""",
9300-504,2400,635.2,EA,FLO-GARD FGP-36F FILTER,1900,,,
9300-505,800,635.2,EA,FLO-GARD FGP-12F8 shallow FILTER,800,,,
9300-506,1140,635.2,EA,FLO-GARD FGP-24F FILTER,950,,,
9300-507,835,635.2,EA,ABTECH NSI-D1-2020-N  C. B. FILTER INSERT,835,,D1,
9300-508,560,635.2,EA,ABTECH NSI-D-1616-N C.B. FILTER INSERT,560,,,
9300-509,750,999,EA,FLO-GARD FGP-18F FILTER,750,,,
9300-510,800,635.2,EA,FLO-GARD FGP-12F FILTER,770,,,
9300-511,745,635.2,EA,FLO-GARD FGP-18F8 shallow FILTER,745,,,
9300-512,1140,635.2,EA,FLO-GARD FGP-24F8 shallow FILTER,995,,,
9300-513,75,637.2,EA,FLO-GARD FF-POUCH22 FOSSIL ROCK POUCH,75,GRAV,,
9300-514,360,380,EA,CREATIVE TECH FSI-T15-001 FLOW SEN.,360,,,
9300-515,345,380,EA,CREATIVE TECH FSI-T10-001 FLOW SENSOR,345,POC,,
9300-516,600,380,EA,"FLOWMEC IFS-100F 1"" FLO-SENSOR",600,,"1""",
9300-600,1000,999,EA,MAINTENANCE 120 DAY,0,,,
9300-662,2,None,EA,CADMIUM BOLT/ANCHOR,2,,,
9300-663,3000,381,EA,"HAYWARD #72 C.I. BASKET, 2"" THREADED",3000,,"2""",
9300-664,5.8,None,EA,"REBAR J-HOOK #6 X 36""",5.8,,"36""",
9300-665,24,None,EA,"GALV 2""  MISC FIT",24,,"2""",
9300-666,9,None,EA,"GALV MISC FITTINGS 1.5""",9,,"5""",
9300-667,3300,381,EA,"HAYWARD #72, C.I. BASKET, 2.5"" THREADED",3300,,"5""",
9300-669,2600,381,EA,"HAYWARD #72 1.25""",2600,,"25""",
9300-670,4800,381,EA,"HAYWARD #72 C.I. BASKET, 3"" FLGED",4800,,"3""",
9300-671,5800,381,EA,"HAYWARD #72, C.I. BASKET 4"" FLGD",5800,,"4""",
9300-6711,6800,380.2,EA,"HAYWARD #72 C.I. BASKET, 6"" FLGD",6800,,"6""",
9300-672,3000,381,EA,"HAYWARD #70 C.I. BASKET, 2"" FLGD",3000,,"2""",
9300-673,2800,381,EA,"HAYWARD #70 1.5""",2800,,"5""",
9300-674,2400,381,EA,"HAYWARD #72 1""",2400,,"1""",
9300-675,250,381,EA,WATTS 77F-D,250,,,
9300-676,2800,380.2,EA,"HAYWARD #72 C.I. BASKET, 1.5"" THRD",2800,,"5""",
9300-677,180,380.2,EA,"JAIN 4EH-2P-150 1.5"" SPIN",180,,"5""",
9300-678,3900,381,EA,"HAYWARD #72 S.S. BASKET, 2.5"" THRD",3900,,"5""",
9300-679,4560,381,EA,"HAYWARD #72 S.S. BASKET, 2.5"" FLGD",4560,,"5""",
9300-680,180,380,EA,JAIN ARV-2 AIR RELIEF 2,180,,,
9300-681,3000,381,EA,"HAYWARD #72 BRZ BASKET, 3"" FLGD",3000,,"3""",
9300-682,200,380.4,,JAIN ARVC-1 A.R. VLV,200,,,
9300-748,650,381.2,EA,MUELLER STEAM MODEL 125B,650,,,
9300-749,720,381.2,EA,MUELLER STEAM #200B,720,,,
9300-750,30,999,EA,MUELLER/B&K 108-904RP anti-syphon,30,,,
9300-76,3800,380,EA,"HAYWARD #72 C.I. BASKET, 3"" THREADED",3800,,"3""",
9300-775,120,380.2,EA,WATTS 530 RELIEF VALVE 3/4,120,,,
9300-776,45.75,380,EA,"WATTS 530C RELIEF VALVE 3/4""",120,,"4""",
9300-777,160,None,EA,WATTS 777S 3/4'' WYE STRAINER,32.25,,,
9300-778,50,None,EA,WATTS 777S-LF-075 3/4'' WYE STRAINER,50,,LF,
9300-80,1.25,None,EA,PERMALOK STAKE,1.25,TRSTK,,
9300-902,43,638,EA,"CENTURY 18"" X 20' R.B. ROLLS",43,,"18""",
9301-0100,243,402,EA,"JONES 1913 1""",243,,"1""",
9301-0200,660,420,EA,"JONES 1913W 2""",660,,"2""",
9301-0201,750,420,EA,"JONES 1913 2.5""",750,,"5""",
9301-0202,500,402,EA,"JONES J1900-150 1.5"" BV",500,,"5""",
9301-0203,240,402,EA,"JONES 1900-100 1"" BV",240,,"1""",
9301-0204,724,402.1,EA,"JONES 1912 2"" BV",724,,"2""",
9301-0300,350,402,EA,"JONES 1913 1.25"" (1.5"" SMALLEST)",350,,"25""",
9301-100,0,None,FT,MAIN LINE / SLEEVE TRENCH,0,S,,
9301-1109,400,640,TN,"SUNBURST COBBLE 3""-5""",400,GRAV,"3""",
9301-1110,60,635,EA,"GOLDEN EYE 1"" PEBBLE - 1CF BAGS",60,,"1""",
9301-1111,140,635,TN,DEL RIO 3/4,130,,,
9301-11115,140,635,TO,DEL RIO 3/8,130,,,
9301-11116,140,635,TN,"DEL RIO GRAVEL 1""-4""",130,GRAV,"1""",
9301-1112,375,635,TO,"COPPER MTN. BEACH STONE 1""-2""",375,,"1""",
9301-1113,750,635,TN,BIRDSEYE BROWN 3/8-7/8,750,,,
9301-1114,380,635,TO,"SALMON BAY 3/8"" GRAVEL",380,GRAV,"8""",
9301-1115,380,635,TN,"MEXICAN BEACH PEBBLE BUFF 2""-3""",380,,"2""",
9301-1116,465,640,TO,"SUNBURST PEBBLE 1""- 3""",580,,"1""",
9301-11162,560,640,TN,"SUNBURST PEBBLE, 1"" MINUS",560,,"1""",
9301-1117,95,635,TO,"COBBLE (LOCAL)  3"" to 4""",95,GRAV,"3""",
9301-1118,60,638,EA,BIRDSEYE BROWN 3/8 BAG,40,,,
9301-1119,430,635,TN,MINI-WHITE CRIVA PEBBLE,430,,,
9301-1120,450,635,TN,SAN QUENTIN SHELL & PEBBLE,450,,,
9301-1121,525,635,TN,"BUFF BEACH PEBBLE (2""- 3"") KRC",525,,"2""",
9301-1122,460,635,TN,"MEXICAN BEACH PEBBLE BUFF 1/2""-1""",460,,"2""",
9301-1123,494,635,TN,"KETTLE 1/2""  DEC. GRAVEL (DSS)",494,GRAV,"2""",
9301-1124,500,635,TN,"FARGO 3/8""-1""",500,,"8""",
9301-1125,475,635,TN,"CORAL SEA GRAVEL 3/8""-1/2""",475,,"8""",
9301-1126,280,635,TN,"BOURBON BROWN 3/8"" GRAVEL",280,GRAV,"8""",
9301-1127,295,635,TN,"PATAGONIA PEBBLE 1/2""",295,,"2""",
9301-1128,460,635,TN,"MEXICAN SUNBURST COBBLE, 2""-3""",460,GRAV,"2""",
9301-1129,380,635,TN,"MEXICAN BEACH MIXED 2"" - 3""",380,,"2""",
9301-1130,360,635,TN,"MEXICAN BEACH MIXED 3"" - 5""",360,,"3""",
9301-1131,110,635,TN,"COBBLE DESERT SELECT 6"" to 12""",110,GRAV,"6""",
9301-1132,110,635,TN,"COBBLE DESERT SELECT 4"" to 8""",110,GRAV,"4""",
9301-1133,110,635,TN,"COBBLE DESERT SELECT 2"" To 4""",110,GRAV,"2""",
9301-1134,240,635,TO,"COBBLE - 3-4"" LEMON COVE - BEIGE TONES (TRI-STATE)",240,GRAV,"4""",
9301-1135,375,640,TN,"BUFF BEACH 1""-2"" GRAVEL",375,GRAV,"1""",
9301-1136,25,635,EA,SALMON BAY PEA GRAVEL (KRC) 50# BAG,25,GRAV,,
9301-1137,375,635,TN,PATAGONIA YOSEMITE PEBBLE - 1.5 TON SACK,375,,,
9301-1138,250,635,TN,PATAGONIA SANTA FE BROWN PEBBLE - 1.5 TON SACK,250,,,
9301-1139,250,635,TN,PATAGONIA SANTA FE COCO PEBBLE - 1.5 TON SACK,250,,,
9301-1140,286,635,TN,"PATAGONIA PEBBLE 3/4"" (SWB)",286,,"4""",
9301-1141,450,640,EA,"BEACH BUFF PEBBLES 3""-5"" - 1.5 TON SACK (THOMPSONS",450,,"3""",
9301-1142,300,640,TN,"SALT & PEPPER STONE 3/4""",300,,"4""",
9301-1143,360,635,TN,MEXICAN BEACH BUFF 1,360,,,
9301-1144,100,640,TN,"COPPER CANYON 3/4"" GRAVEL",100,GRAV,"4""",
9301-1145,100,640,TN,"COBBLE - COPPER CYN 4""-8"" RUBBLE (SWB)",100,GRAV,"4""",
9301-1146,400,640,TN,"MEXICAN BEACH BUFF 6""-9""",400,,"6""",
9301-1147,140,635,TN,"HORSE CREEK COBBLE 1-4""",140,GRAV,"4""",
9301-120,0,None,FT,LATERAL MACHINE TRENCH,0,L,,
9301-1208,150,635,TN,"MOJAVE GOLD 1/2"" GRAVEL",150,GRAV,"2""",
9301-1209,130,635,TN,"DESERT GOLD GRAVEL 3/4""",130,GRAV,"4""",
9301-121,1050,504,EA,"LAGERSTROEMIA TUSCARORA 48"" MLT",1050,,"48""",
9301-1210,150,635,TN,"MOJAVE GOLD 3/8"" GRAVEL",100,GRAV,"8""",
9301-1211,120,635,TO,"CARROLL CANYON 3/8"" GRAVEL",120,GRAV,"8""",
9301-1212,125,635,CY,"MISSION RED 1/4""  GRAVEL",125,GRAV,"4""",
9301-1213,750,635,T,BIRDSEYE BROWN 1/4,750,,,
9301-1214,130,635,TN,ARIZONA RIVER ROCK 1/2 TO 1,130,GRAV,,
9301-1215,600,635,TN,"SONORA SHINE 1/2"" - 1""",600,,"2""",
9301-1216,250,635,TN,"MAMMOTH MTN. RUBBLE 3"" - 6""",250,,"3""",
9301-1217,80,635,TO,"PEA GRAVEL ""CALIF. GOLD"" 3/8""",80,GRAV,"8""",
9301-1218,130,635,TN,ARIZONA COBBLE 1/2,130,GRAV,,
9301-1219,95,635,TN,"CHAMOIS BEIGE 3/8"" GRAVEL",70,GRAV,"8""",
9301-1220,300,635,TN,"PARCHMENT PEBBLE 3/8""",300,,"8""",
9301-1221,630,635,TN,"SONORA SHINE 1/2""-3""",630,,"2""",
9301-1222,350,635,TN,"LEMON COVE 3""-6"" COBBLE",350,GRAV,"3""",
9301-1223,400,635,TN,"CALIFORNIA GOLD CHIPS 7/8""",400,,"8""",
9301-1224,50,637.2,EA,"BASALT 3/8"" CRUSHED, 50# BAG",50,,"8""",
9301-1225,32,635,TN,"#4 ROCK TAN 3/8"" GRAVEL (CHANDLER AGGREGATES)",32,GRAV,"8""",
9301-1226,130,635,TN,ARIZONA 3/8,130,,,
9301-1227,150,640,TN,"MISSION COBBLE 2""-4""",150,GRAV,"2""",
9301-1228,85,640,TN,"BEIGE COLORED RIVER ROCK 3""-5"" DIA.",85,GRAV,"3""",
9301-1229,430,635,TN,"CAMERON CREEK COBBLE 3-5""",430,GRAV,"5""",
9301-1230,550,635,TN,PARCHMENT PEBBLE 1/2,550,,,
9301-1231,137,640,TN,"MOHAVE GOLD 3/4"" CRUSHED GRAVEL (SWB)",137,GRAV,"4""",
9301-1232,120,635,TN,"CARROLL CYN 3/4"" GRAVEL",120,GRAV,"4""",
9301-1233,170,640,TN,"BASALT GRAVEL 3/4""",170,GRAV,"4""",
9301-1234,2400,635.3,EA,BASALT 5' COLUMN,2400,,,
9301-1235,,,,"ARIZONA RIVER ROCK 1.5""-3""",,,,
9301-1236,95,635,TN,CHAMOIS BEIGE 3/4'' GRAVEL,,,,
9301-1237,100,635,TN,INDIAN PAINT 3/4'' GRAVEL,,,,
9301-140,0,None,FT,LATERAL HAND TRENCH,0,L,,
9301-160,30,540,TN,"FILL SAND BACKFILL, IRR, DRAINS",30,,,
9301-161,42.5,540,TN,WASHED CONCRETE SAND,42.5,,,
9301-162,60,637.8,TN,"BIO MIX, 50% SAND 50% LOAM (cy)",60,,,
9301-163,65,538,TN,PRO TOUR SAND (GILLIBRAND),65,,,
9301-164,400,999,EA,"IRWD 1"" WATER METER",350,,"1""",
9301-165,53,538,TN,PLAY GROUND SAND 60R (GILLIBRAND),53,,,
9301-166,550,999,EA,"SUB WATER METER (2"")",550,,"2""",
9301-167,70,637.2,TN,PRO COURT SAND (GILLEBRAND),70,,,
9301-168,85,637.2,TN,PRO-TOUR SAND (SWB),85,,,
9301-180,20.25,None,EA,"NDS 114BC, GRN RECT GENERIC",44,,,
9301-181,45,None,EA,NDS 113 PBCR (RECT PURPLE GENERIC),45,,,
9301-182,50,None,EA,"NDS 314B/313CRG 12"" RECT. BOX GREEN RW",50,,"12""",
9301-183,17.625,None,EA,"NDS 212B/211CRG 10"" RND BOX GRN RW",31,,"10""",
9301-190,7750,635.8,EA,"JDGT RMV2-POC-150-150 (1.5"" MV/1.5"" FS) POC ASS'Y",7750,,"5""",
9301-200,10.5,None,EA,"NDS 112BC 10"" GRN GENERIC",22,,"10""",
9301-201,23,None,EA,"NDS 111 PBCR (10"" RND PURPLE GENERIC)",23,,"10""",
9301-202,201.88,380,EA,"APCO #75 AIR RELIEF 1""",201.88,,"1""",
9301-203,136.16,381,EA,"BAILEY #3132 Y STRAINER 4""",136.16,,"4""",
9301-204,385,380,EA,"CLAYTON #90-01 PRV 2 1/2""",385,,"2""",
9301-205,11.2,None,EA,"AG PROD 4E FILTER 3/4""",11.2,,"4""",
9301-206,14.4,380,EA,"AG PROD PENN 700 SL PRV 3/4""",14.4,,"4""",
9301-207,0.36,None,FT,BELDEN #9883 CABLE,0.36,,,
9301-208,48,380,EA,"3/4"" BRASS GLOBE W/ FITTINGS",48,,"4""",
9301-209,175.2,400,EA,"MUELLER 4"" MECH. JOINT",175.2,,"4""",
9301-210,45,635,TN,PEA GRAVEL,45,GRAV,,
9301-211,540,635.5,EA,"BROOKS 48"" PLASTIC BOX",540,,"48""",
9301-212,176,635.5,EA,"BROOKS #68 - 48"" X 30"" CONCRETE BOX",176,,"48""",
9301-213,780,635.5,EA,BROOKS #24 PLASTIC,780,,,
9301-214,656.15,635.4,EA,BROOKS #735A VAULT 33X57X32 DEEP,656.15,,,
9301-215,155,999,EA,IPS FLEX PIPE 3/4-IPS-200 (200' ROLL),155,,,
9301-216,95,None,EA,NDS 118BC JUMBO GRN (13x20),95,,,
9301-217,60,999,EA,"NDS 117BC JUMBO (blk box, grn lid)",60,,,
9301-218,20.7,999,EA,"NDS 112BC w/111BB-NLA bolt (10"" grn)",20.7,,"10""",
9301-220,150,906,EA,"3"" X 7' GALV PIPE (V-DITCH SLEEVE)",150,S,"3""",
9301-221,100,906,EA,"2"" X 7' GALV. PIPE (V-DITCH SLEEVE)",100,S,"2""",
9301-222,280,906,EA,"4"" X 7' GALV.PIPE (V-DITCH SLEEVE)",280,S,"4""",
9301-223,600,906,EA,"6"" X 7' GALV PIPE (V-DITCH SLEEVE)",600,S,"6""",
9301-226,7900,635.8,EA,"JDGT RMV2-POC-200-200 (2"" MV/2"" FS) POC ASS'Y",7900,,"2""",
9301-227,7700,635.8,EA,"JDGT RMV2-POC-150-100 (1.5"" MV/1"" FS) POC ASS'Y",7700,,"5""",
9301-228,6900,635.8,EA,"JDGT RMV2-POC-100-100 (1"" MV/1"" FS) POC ASS'Y",6900,,"1""",
9301-229,50,400,EA,CHRISTY F8 C.O. BOX W/FIBER LID,50,,,
9301-229.1,40,999,EA,CHRISTY F8R RND CONCRETE LID,40,,,
9301-230,300,451,EA,AS-BUILTS AND REPRO CHARGES,600,,,
9301-231,9700,None,EA,GPS AS-BUILTS,9700,,,
9301-232,5,450,EA,POC HOMEOWNER W/ PRV,5,,,
9301-233,600,451,EA,"POC H.O.A. (INCL. AS-BLTS, REPROGRAPHICS,)",600,,,
9301-234,900,451,EA,"POC ""IRVINE-TYPE""  LMD",900,,,
9301-235,15,449,EA,POC HOMEOWNER W/O PRV,15,,,
9301-236,1000,451,EA,"POC ""MOULTON NIGUEL""",1000,,,
9301-237,5750,635.8,EA,JDGT RMV1-200-200  POC ASSEMBLY,5750,,,
9301-238,7800,635.8,EA,JDGT RMV1-200-150    POC ASSEMBLY,7800,,,
9301-239,7850,635.8,EA,"JDGT RMV2-POC-200-150 (2"" MV/1.5"" FS) POC ASS'Y",7850,,"2""",
9301-240,7.43,455,EA,CHRISTY YELLOW VALVE I D TAGS,7.43,,,
9301-241,10.5,455,EA,"CHRISTY PURPLE ""RECL."" I.D. TAGS",10.5,,,
9301-242,6670,471,EA,STRONGBOX MPS-11016-10 pedestal,6670,,,
9301-243,0.8,639.1,EA,CHRISTY R.W. RISER STICKER,0.8,,,
9301-244,2.25,None,EA,"1/2"" X 30"" GALV. STAKE",3,TRSTK,"2""",
9301-245,80,652,EA,"PULL BOX 12"" RECT PL GRAY",80,,"12""",
9301-246,40,380,EA,CASH ACME F-82 AIR RELIEF VALVE 3/4,40,,,
9301-247,3900,636,EA,"POLY VAULT CB3660-3R w/COV, 36x60x30",3900,,,
9301-248,22,639.2,EA,"AG.PROD. 4E FILTER 1""",22,,"1""",
9301-249,200,None,EA,"AG.PROD 4E-1BN-150 FILTER 1 1/2""",200,,"2""",
9301-250,15,460,EA,THRUST BLOCKS,15,,,
9301-251,112,None,EA,"AG PROD 4E FILTER 2""",112,,"2""",
9301-252,19,402.3,EA,AG PROD.1025SETC FLUSH CAP,19,,,
9301-253,8,None,EA,CHRISTY RECL. VALVE BOX  PLATE,8,,,
9301-254,180,380,EA,AG PRODUCT(API-JAIN) ARV-2 (2,180,,,
9301-255,5,461,EA,STUB OUT FOR FUTURE USE,5,,,
9301-256,6.3,None,EA,"12"" VALVE BOX EXTENSION",6.3,,"12""",
9301-257,220,None,EA,NDS 321 BCBS (13x24 GRN GENERIC),220,,,
9301-258,1100,635.9,EA,"IRWD 2"" RECL. WATER METER",1070,,"2""",
9301-259,0,None,EA,WATER COSTS PELICAN HILLS ONLY,0,,,
9301-260,250,None,EA,SWITCH HITTER NIS FH230 2 STA.,250,,,
9301-261,350,None,EA,SWITCH HITTER NIS FH430 4 STA.,350,,,
9301-262,250,None,EA,"JUMBO PLASTIC VALVE BOX (36"")",250,,"36""",
9301-263,20,380,EA,"AG PROD 4E-1BN-150 FILTER 1""",20,,"1""",
9301-264,4700,451,EA,"IRWD 3"" TURBO WATER METER",4700,,"3""",
9301-265,1100,635.9,EA,"IRWD 2"" DISC WATER METER",1000,,"2""",
9301-266,29,380,EA,"CASH-ACME EBA-86U PRES RELIEF 3/4""",29,,"4""",
9301-267,600,380,EA,"CLAVAL 136-01 2""",600,,"2""",
9301-268,1700,380,EA,"CLAVAL 92-02 PRV 4""",1700,,"4""",
9301-269,300,380,EA,"CRISPIN PL20 AIR RELIEF VALVE 2""",300,,"2""",
9301-270,1580,380,EA,CAL-VAL 90-48 PRV TH.2 1/2,1580,,,
9301-271,1130,999,EA,"AG PROD. 4E FILTER150 3""",1130,,"3""",
9301-272,28,999,EA,A.G. APG-LF PRESSURE GAUGE,28,,LF,
9301-273,45,999,EA,A.G. 710 DRIP TUBE 500' ROLL (BLUE),45,,,
9301-274,2.2,999,EA,BOWSMITH GRIPPER TFG-10,2.2,,,
9301-275,1.9,999,EA,OLSON 6900 W/O-JET ASSY,1.9,,,
9301-276,0.62,999,EA,AQUARIUS ADAP. # P3/4MHA90,0.62,,,
9301-277,0.4,999,EA,AQUARIUS SVL. #V2-CHS-WW,0.4,,,
9301-278,230,380,EA,BERMAD 01-ARA-P  1,230,,,
9301-279,2,402.3,EA,AQUARIUS CEFCH FLUSH VALVE,2,,,
9301-280,120,400,EA,"AG PRODUCTS 32-ARV-2-KA 2""",120,,"2""",
9301-281,12.5,402.3,EA,AG PRODUCTS AG APV-BK-1,12.5,,,
9301-282,3,402.3,EA,AG PROD AG-AP-FV-600,3,,,
9301-283,250,999,EA,NDS 325 BCB (13 x 24 BLK),250,,,
9301-284,700,635.9,EA,"IRWD 1.5"" DISC WATER METER",600,,"5""",
9301-285,300,999,EA,STORAGE BIN,300,,,
9301-287,4,402.3,EA,AG PROD. AP-FV-600 FLUSH VALVE,4,,,
9301-288,14.5,402.3,EA,"AG PROD. APV-BK 1"" AIR REILIEF",14.5,,"1""",
9301-289,115,380,EA,"BERMAD IR-C10-P/DN20-25 A.R. 1""",115,,"1""",
9301-290,175,380,EA,"BERMAD IR-C10-P/DN20-25 2""",175,,"2""",
9301-291,1500,380,EA,"SUB WATER METER 1.5""",1500,,"5""",
9301-296,0,635.1,EA,MOTOROLA RRA4738 UHF DOME ANTENNA,0,,,
9301-297,18050,490,EA,MOTOROLA M51-2T-OOR IRRINET 32 STA,18050,,,
9301-298,120,635.11,EA,RECLAIMED WATER SIGN regular,120,,,
9301-299,110,None,EA,NDS #318 PBCBR JUMBO PURPLE,110,,,
9301-300,260,635.11,EA,RECLAIMED WATER SIGNS (fancy),260,,,
9301-301,175,None,EA,BACKFLOW TEST,175,POC,,
9301-302,454,402,EA,"JONES 1913 1.5""",454,,"5""",
9301-303,460,380.2,EA,BERMAD MV,460,,,
9301-304,275,380,EA,"BERMAD MV 120-55-020  2"", W/ INT BLEED",275,,"2""",
9301-305,1878,381,EA,"BAILEY 4"" FLANGED BASKET STRAINER",1878,,"4""",
9301-306,370,380,EA,"BERMAD 120-55-BZ-2"" (MV) NORM OPEN",370,,"2""",
9301-307,320,380,EA,"BERMAD 120-020-55-NC (2"", NORM. CLSD.)",320,,"2""",
9301-308,200,380.1,EA,"BERMAD 110-020 (2"" NORM/ CLSD.)",200,,"2""",
9301-309,315,381,EA,"BERMAD IR-2"" L-120-55-Y-P-NP-4A0-PP-MX w/S-400 24v",315,,"2""",
9301-310,3100,490,EA,CTP M5S-2S-02/RRA4738/SB-18SS,3100,,,
9301-311,955,None,EA,CTP F2845A 16 STA 4W AC,955,,,
9301-312,270,381,EA,"BERMAD IR-1.5"" L-120-55-Y-P-NP-4AO-PP-MX-S400-110V",270,,"5""",
9301-313,80,652,EA,"PULL BOX 12"" RECT PL BLACK",80,,"12""",
9301-314,11600,635.6,EA,JDGT RMV3.1-POC-150-150P,11600,,,
9301-320,100,999,EA,FAUX IVY,,,,
9301-321,300,999,EA,AC COVER,,,,
9301-345,80,652,EA,PULL BOX 12'' RECT PL PURPLE RW,80,,,
9301-346,24.75,652,EA,PULL BOX - CARSON 1419-12/1419B,100,,,
9301-400,400,635.9,EA,"IRWD 1"" RECL. WATER METER",400,,"1""",
9301-401,950,635.9,EA,"IRWD 1.5"" RECL. WATER METER",830,,"5""",
9301-402,1100,635.9,EA,"IRWD DISC WATER METER 2""",1100,,"2""",
9301-403,400,640,TN,"MEXICAN BEACH PEBBLE BLK 2""-3""",400,,"2""",
9301-410,250,635,TN,RAINBOW PEA GRAVEL,250,GRAV,,
9301-411,95,635,TN,"ARIZONA COBBLE 3""-6""",95,GRAV,"3""",
9301-412,65,635,TN,"MIDWAY GREEN 3/4"" GRAVEL",65,GRAV,"4""",
9301-413,78,640,TN,"LAVA ROCK (CINDERS) - 1""-2"" CRUSHED BLACK (SWB)",78,GRAV,"1""",
9301-414,205,635,TN,"BLACK CRUSHED BASALT 3/8""",205,,"8""",
9301-415,400,640,TN,"BLACK MEXICAN BEACH PEBBLES 1-2""",400,,"2""",
9301-416,285,640,TN,"MORAINE COBBLE 2""-4""",285,GRAV,"2""",
9301-420,95,640,TN,"ROCK #2 (4""-9"" ANGULAR)",95,GRAV,"4""",
9301-421,105,640,TN,"DESERT BEIGE 3/4"" ROCK MULCH",105,GRAV,"4""",
9301-422,250,640,TN,"COBBLE - CANADIAN MIST 2""-3"" (SEPULVEDA)",250,GRAV,"2""",
9301-423,70,640,TN,"RIP RAP 9"" - 18"" ANGULAR (SWB)",70,,"9""",
9301-505,3,800,SF,GRASS PAVERS BY BARTON CORP,3,,,
9301-506,3.6,800,SF,GEOBLOCK GBM.5150 GRASS PAVER,3.6,,,
9302-001,5,522,EA,SCIRPUS CALIFORNICUS 1G,5,,1G,
9302-005,15,520,EA,MICHELIA FIGO 5G,15,,5G,
9302-008,35,530,EA,"SEDUM R. PORK & BEANS 4"" FLT",35,,"4""",
9302-009,35,530,FL,"SEDUM R. DRAGONS BLOOD 4"" FLT",35,,"4""",
9302-010,35,530,EA,"SEDUM R. CORAL CARPET 4"" FLT",35,,"4""",
9302-011,5,522,EA,SCIRPUS AMERICANUS 1G,5,,1G,
9302-015,220,519,EA,MICHELLA CHAMPACA 15G SHRUB,220,SH,15G,
9302-024,225,507,EA,ELAEOCARPUS DEC. 24,225,,,
9302-070,165,547,EA,DG - GRAPHITE GRAY STAB. W/ NATRACIL,165,AGG,,
9302-071,90,547,TN,DG DESERT GOLD W/ STABILIZER,90,AGG,,
9302-072,140,547,CY,DG COYOTE GOLD 1/4 MINUS STAB.,140,AGG,,
9302-084,7600,498,EA,"MELALEUCA LINARIFOLIA 84"" BOX SIZE",7600,,"84""",
9302-095,31300,499.2,EA,"144"" TREE",31300,TR,"144""",
9302-096,25000,499.2,EA,108,25000,,,
9302-097,34000,499.2,EA,120,34000,,,
9302-098,12000,498,EA,84,12000,,,
9302-099,20600,499,EA,96,20600,,,
9302-100,6000,500,EA,"72"" TREE",5800,TR,"72""",
9302-1000,45,547,TN,DG - HIGHLAND VALLEY GOLD - STAB.,45,AGG,,
9302-1001,100,547,TN,DG - SMOKEY WHITE ICE FINES,100,AGG,,
9302-1002,25,637,EA,G3 STABILIZER (GAL.),25,,,
9302-1003,38.4,547,TN,DG - DESERT GOLD DG STABILIZED,60,AGG,,
9302-1004,100,637,EA,GRANITECRETE (85# BAG),100,,,
9302-101,6,522,EA,CRASSULA FALCATA 1G,6,,1G,
9302-102,8950,498,EA,"PINUS HALEPENSIS 84""",8950,,"84""",
9302-104,16,530,EA,"BEGONIA RED 4"" FLAT",16,,"4""",
9302-105,14,520,EA,5G SHRUB,14,SH,5G,
9302-106,1320,501,EA,"MELALUECA QUIN 60"" MULTI",1320,,"60""",
9302-109,5500,542,EA,ARCHONTOPHOENIX CUNN. 20' BTH,5500,,BTH,
9302-110,1300,502,EA,"54"" TREE",1300,TR,"54""",
9302-111,2300,542,EA,ARCHONTOPHOENIX CUNN. 12' BTH,2300,,BTH,
9302-112,2300,542,EA,ARCHONTOPHOENIX CUNN 10' BTH,2300,,BTH,
9302-113,4900,542,EA,ARCHONTOPHOENIX CUNN. 16' BTH,4900,,BTH,
9302-114,5100,542,EA,ARCHONTOPHOENIX CUNN. 18' BTH,5100,,BTH,
9302-115,1200,503,EA,"48"" TREE",1200,TR,"48""",
9302-116,45,525,EA,"VITIS CAL.""ROGERS RED""15G STK",45,,15G,
9302-117,850,503,EA,"CALODENDRON CAPENSE 48""",850,,"48""",
9302-120,700,504,EA,"42""  TREE",700,TR,"42""",
9302-122,140,547,TN,DG MOJAVE GOLD SWB STABILIZED,130,AGG,,
9302-123,110,547,TN,DG MOJAVE GOLD non-stabilized,120,AGG,,
9302-124,250,521,EA,"24""  BOX SHRUB",250,SH,"24""",
9302-125,480,505,EA,"36"" TREE",480,TR,"36""",
9302-130,300,506,EA,"30"" TREE",300,TR,"30""",
9302-132,28,568,EA,2G SHRUB (ROSE?),28,SH,2G,
9302-135,185,507,EA,"24"" TREE",185,TR,"24""",
9302-136,440,505,EA,"CERCIDIUM FLORIDUM 36""  STD",440,,"36""",
9302-140,60,510,EA,15G TREE,60,TR,15G,
9302-142,650,504,EA,"LIQUIDAMBER STY. PALO ALTO 42""",650,,"42""",
9302-145,18,513,EA,5G TREE,18,TR,5G,
9302-148,1150,503,EA,"CERCIDIUM FLORIDUM 48""  MLT",1150,,"48""",
9302-150,4,516,EA,1G TREE,4,TR,1G,
9302-155,60,519,EA,15G SHRUB,60,SH,15G,
9302-156,80,519,EA,EXPENSIVE 15G SHRUB,80,SH,15G,
9302-157,80,519,EA,EXPENSIVE 15G SHRUB,80,SH,15G,
9302-158,22,520,EA,EXPENSIVE 5G SHRUB,22,SH,5G,
9302-159,3.5,522,EA,HIGH PRICED EXPENSIVE 1G  SHRUB,3.5,SH,1G,
9302-160,9,999,,5G SHRUB PERENNIAL,9,SH,5G,
9302-1600,9,520,EA,5G SHRUB PERENNIAL,9,SH,5G,
9302-161,11,520,EA,5G SHRUB,11,SH,5G,
9302-162,6,522,EA,EXPENSIVE 1G  SHRUB,6,SH,1G,
9302-163,77,547,TN,DG MALIBU GOLD STABILIZED,77,AGG,,
9302-164,45,547,TN,"DG SPANISH BLUFF, DSS",45,AGG,,
9302-165,5,522,EA,1G SHRUB,5,SH,1G,
9302-1650,3.25,522,EA,SHRUB PERENNIAL 1G,3.25,SH,1G,
9302-1651,4,522,EA,CERCOCARPUS MONTANUS 1G,4,,1G,
9302-170,12,522,EA,"6"" POT SHRUB",12,SH,"6""",
9302-171,0.95,524,EA,CISTUS SALVIFOLIUS LINER,0.95,,,
9302-175,0.8,524,EA,LINER SHRUB,0.8,SH,,
9302-176,1.75,524.1,EA,MUHL RIG D-40,1.75,,,
9302-177,1.75,524.1,EA,CIST PUR D-40,1.75,,,
9302-178,1.75,524.1,EA,BACC CEN D-40,1.75,,,
9302-179,1.5,524.1,EA,ROSM OFF PROSTRATUS LINER,1.5,,,
9302-180,60,525,EA,15G VINE,60,,15G,
9302-181,75,None,EA,"DUCKBILL DTS-68""  (TO 6"" CALIPER)",75,,"68""",
9302-182,1.56,524.1,EA,SALV GRE D-40,1.56,,,
9302-183,1.75,524.1,EA,MYOP PAR D-40,1.75,,,
9302-184,3.5,522,EA,ACAC DESERT CARPET D-40,3.5,,,
9302-185,18,526,EA,5G VINE,18,,5G,
9302-186,1.38,524.1,EA,LANT CAM D-40,1.38,,,
9302-187,1.69,524.1,EA,"RIBE VIB 4""POT (25 POTS/FLAT)",1.69,,"4""",
9302-188,1.69,524.1,EA,"LANT CAM 4""POT (25 POTS/FLAT)",1.69,,"4""",
9302-189,1.56,524.1,EA,TECO CAP D-40,1.56,,,
9302-190,5,527,EA,1G VINE,5,,1G,
9302-191,1.75,524.1,EA,CISTUS HYBRIDUS D-40,1.75,,,
9302-192,1.56,524.1,EA,XYLO CON COMPAKTA D-40,1.56,,,
9302-193,0.75,524,EA,ACACIA REDOLENS LINER,0.75,,,
9302-194,1.5,524.1,EA,ROSEPOT NATIVE LINER,1.5,,,
9302-195,2.5,524.1,EA,"4"" POT  PLANT MATERIAL",2.5,,"4""",
9302-196,1.75,524.1,EA,D-16 LINER,1.75,,,
9302-197,3.25,524.1,EA,"4"" POT NATIVE PLANT",3.25,,"4""",
9302-200,45,529,EA,5G ESP,45,,5G,
9302-201,5,522,EA,SCIRPUS MARITIMUS 1G,5,,1G,
9302-204,14,531,EA,"BEGONIA WHITE 4"" (16 COUNT)",14,,"4""",
9302-205,30,530,EA,"HEUCHERA CRIMSON CURLS 4"" POT FLT",30,,"4""",
9302-206,60,530,EA,"ECHEVERIA IMBRICATA 4"" FLT",60,,"4""",
9302-207,32,530,EA,"ECHEVERIA HARMSII 4"" FLAT (16 COUNT)",32,,"4""",
9302-208,38,530,EA,"SEDUM RUBROTINCTUM 4"" POTS(16 COUNT)",38,,"4""",
9302-209,60,530,EA,"AEONIUM ""KIWI"" 4"" POTS (16 COUNT)",60,,"4""",
9302-210,0,533,FT,SOIL PREP,0,SP,,
9302-211,50,530,EA,"SEDUM MORGAN. 4"" POTS (16 COUNT)",50,,"4""",
9302-212,3200,542.2,EA,ARCHONTOPHOENIX CUNN 12/9/6 BTH  MLT,3200,,BTH,
9302-214.4,2400,635.2,EA,"YARDNEY SB-2 FL BASKET STRAINER 2"" (80 MESH)",2400,,"2""",
9302-214.5,2870,635.2,EA,"YARDNEY SB 3-P 3"" BASKET STRAINER",2870,,"3""",
9302-215,0.01,999,FT,HYDRO-FERT,0.01,FERT,,
9302-219,6.75,537,EA,"DEEP ROOT UB-12-2, PER PANEL",6.75,,,
9302-220,0,535,FT,WEED CONTROL (GRO-N-KILL),0,,,
9302-221,0,535.1,SF,WEED SPRAYING (ROUND-UP),0,,,
9302-222,75,None,EA,DYE (FOR ROUND-UP),75,,,
9302-223,1400,635,HR,CRANE 150-180 TON,1400,,,
9302-224,225,507,EA,ELAEOCARPUS DECIPIENS 24,225,,,
9302-225,0,536,FT,FINE RAKE,0,,,
9302-226,4.6,537,EA,"NDS SHAWTOWN RP 24"" X 24"" (discontinued)",4.6,,"24""",
9302-227,3.5,537,EA,"NDS SHAWTOWN RP 18"" X 24"" (discontinued)",3.5,,"18""",
9302-228,8,537,EA,"NDS SHAWTOWN EP 24"" X 24"" ROOT PANEL",8,,"24""",
9302-229,6.5,537,EA,"NDS SHAWTOWN EP 18"" X 24"" ROOT PANEL",6.5,,"18""",
9302-230,7,537,EA,DEEP ROOT UB-24-2 (PER PANEL),9.3,,,
9302-231,30,537,EA,DEEP ROOT UB-48-2 (PER PANEL),30,,,
9302-232,12,537,EA,DEEP ROOT UB-36-2 (PER PANEL),12,,,
9302-233,1000,635,HR,CRANE (80 - 120 TON),1000,,,
9302-234,900,635.4,HR,PETTIBONE (OLIVES) HALF DAY (void-use all day),900,,,
9302-234.1,1800,635.8,EA,PETTIBONE (OLIVES) FULL DAY,1800,,,
9302-235,500,635,HR,CRANE (35 TO 50 TON),500,,,
9302-236,650,None,EA,OLIVE CRANE MORALES PER LOAD (up to 5),650,,,
9302-237,850,635,HR,CRANE (50 TO 80 TON),850,,,
9302-238,450,527.5,EA,"24"" ESPALIER",450,,"24""",
9302-239,0.04,None,EA,AGRIFORM TAB 5 GRAM,0.04,,,
9302-240,0.15,None,EA,BACKFILL FERTILIZER (WAS AG TABS),0.15,FERT,,
9302-241,25,None,EA,TREE GUY MATERIAL (PER TREE),25,TR,,
9302-242,12,None,EA,"LODGEPOLE 2"" x 12'",12,,"2""",
9302-243,14,None,EA,"LODGEPOLE 3"" x 10'",14,,"3""",
9302-243.1,9.6,None,EA,"LODGEPOLE 3"" x 12'",16,,"3""",
9302-243.2,23,None,EA,"LODGEPOLE 3"" x 12' (C&E LUMBER)",23,,"3""",
9302-244,515,537.4,EA,"TYPAR BIOBARRIER (19.5"" X 102' ROLL)",515,,"5""",
9302-245,0.9,None,EA,"CINCH TIE / HOSE & WIRE TIE 32""",0.9,,"32""",
9302-245.1,0.48,None,EA,"CINCH TIE #CT32 32""",0.9,,"32""",
9302-246,25,None,EA,WANE 3000 TREE FEEDER,25,TR,,
9302-247,9.6,None,EA,LANDTECH PLANTING MEDIUM 1.5 CF/BAG,9.6,,,
9302-248,0.4,639.11,EA,TRI-C MYCO PAKS,0.4,,,
9302-249,0.3,639.11,ea,TRI-C MYCO TABS,0.3,,,
9302-250,30,None,EA,GALV  LODGEPOLE 10',30,,,
9302-251,30,534,CY,EARTHWORKS PLANTING MIX,30,,,
9302-252,16,570,EA,"EARTHWORKS ""ESTABLISH"" (50#)",16,,,
9302-253,13.5,570,EA,EARTHWORKS 7-1-7 (50#),13.5,,,
9302-254,90,637.2,EA,"GALV FENCEPOST 1.5"" X 21'  (PTD) UP-CHARGE",90,,"5""",
9302-255,9,None,EA,"27"" DOUBLE SUPER Z LOK",9,,"27""",
9302-256,8,None,EA,"24"" SINGLE SUPER Z-LOK",8,,"24""",
9302-257,60,547,TO,DG TEMESCAL GOLD,60,AGG,,
9302-258,75,637.2,EA,"GALV FENCEPOST 1.5"" X 21'  UNPNTD (UPCHARGE)",75,,"5""",
9302-259,15,534.1,CY,EARTHWORKS CITRUS CHIPS,15,,,
9302-260,9.5,None,EA,"VIT TWIST BRACE OR 24"" Z LOK",9.5,,"24""",
9302-261,1,None,EA,1 X 2 WOOD BRACE FOR LODGEPOLES,1,,,
9302-262,1.3,None,EA,1 X 3 WOOD BRACE FOR LODGE POLES,1.3,,,
9302-263,90,637.2,EA,"GALV FENCEPOST  2"" X 21'  PTD",90,,"2""",
9302-264,77,547,TN,DG CA GOLD STAB.  (GAIL),77,AGG,,
9302-265,100,None,GL,ROUND-UP PRO-MAX (GAL),100,,,
9302-266,58,547,TN,DG  BRIMSTONE W/ SOIL SECURE (SWB),58,AGG,,
9302-267,60,635.11,TN,DG CAL. GOLD  (GAIL),60,AGG,,
9302-267.1,53.48,547,TO,"DG STABILIZER ""PRO GOLD INFIELD MIX (GAIL)",53.48,AGG,,
9302-268,80,547,TN,DG AZTEC GOLD STABILIZED,80,AGG,,
9302-269,7.35,637,FT,EQUESTRIAN TRAIL FENCE,7.35,,,
9302-270,42.5,538,EA,WASHED CONC. SAND FOR PALMS,42.5,,,
9302-271,50,547,TN,DG NON-STABILIZED (color T.B.D),50,GCC,,
9302-271.1,80,547,TN,DG STABILIZED (color T.B.D.),80,GCC,,
9302-272,70,547,TN,BRICKDUST,70,,,
9302-273,70,None,EA,"DUCKBILL DTS-40  (TO 3"" CALIPER)",70,,"3""",
9302-274,200,None,EA,"DUCKBILL DTS-88""  (TO 10"" CALIPER)",200,,"88""",
9302-275,40,541,EA,DEEP ROOT PRE-FORMED BOX,40,,,
9302-276,8,537,FT,DEEP ROOT UB-18-2  (PER PANEL),8,,,
9302-277,1.4,639,LF,CENTURY MOISTURE BARRIER (CWB-2440),1.4,,,
9302-278,60,547,TN,DG  LIGHT BRN EARTH TONE,60,AGG,,
9302-279,130,547,TN,DG PALM SPRINGS GOLD NON-STAB,130,TR,,
9302-280,900,None,EA,SOIL TEST,900,,,
9302-281,60,547,TN,DG GOLD (GAIL),60,AGG,,
9302-282,35.1,637,EA,"GALV FENCEPOST 1.5"" X 10.5' F (PTD) UPCHARGE",45,,"5""",
9302-283,1000,635,EA,TREE GRATES WITH FRAMES,1000,TR,,
9302-284,45,999,,PALM TAGGING (DL CUNNINGHAM),45,TR,,
9302-285,2500,635,EA,TREE GRATES,2500,TR,,
9302-286,100,999,EA,PALM SOUNDING (APPROVED TREE CARE),100,TR,,
9302-287,53,999,EA,"AGRIFORM TABS, 21G, 500-BOX",53,,21G,
9302-288,400,635.6,EA,"CENTURY 24"" WATER/BAMBOO BARRIER (200')",400,,"24""",
9302-289,150,999,EA,"DUCKBILL 68RBK ROOT KIT (up to 3"" caliper)",150,,"3""",
9302-290,40,635,CY,TOPSOIL,40,,,
9302-291,60,547,TN,DG BRIMSTONE,60,AGG,,
9302-292,50,547,T,DG SOUTHWEST BROWN FINES,50,AGG,,
9302-293,110,547,CY,COYOTE GOLD BY KRC,110,,,
9302-294,32.76,637.8,CY,BIO SWALE MIX (per cy),55,,,
9302-295,55,635,CY,TOPSOIL AGUINAGA 50/50 MIX,55,,,
9302-296,24,534.1,CY,"EARTHWORKS ""COVER MULCH""",24,,,
9302-297,60,635,CY,LIGHTWEIGHT SOIL,60,,,
9302-298,33,534.1,CY,EARTHWORKS WALK-ON CHIPS,33,,,
9302-299,75,547,EA,DG SLOAN BLENDED,75,AGG,,
9302-300,0,545,EA,"AUGER SUMP 6"" x  4'",0,,"6""",
9302-301,5,522,EA,"SUTERA CORDATA "" SNOWSTORM"" 1G",5,,1G,
9302-302,0,545.2,EA,"AUGER SUMP 12"" x  6'",0,,"12""",
9302-303,0,545.3,EA,"AUGER SUMP 12"" x 3'",0,,"12""",
9302-304,11,531,EA,"BEGONIA SEMPER. RED 4"", FLT",11,,"4""",
9302-305,16,520,EA,ATHYRIUM FILIX FEMINA 5G,16,,5G,
9302-306,155,537.1,EA,DEEP ROOT UB 18-2 CARTON,155,,,
9302-307,0,545.4,EA,"AUGER SUMP 12"" x 4'",0,,"12""",
9302-308,120,547,TN,DG DECORATIVE STONE SOLUTION (COLOR),120,GCC,,
9302-309,240,642,EA,DUCKBILL 88RBK (up to 6,240,,,
9302-310,35,None,EA,"RAILROAD TIES 6"" x 6"" x 8'",35,,"6""",
9302-311,42,None,EA,"LANDSCAPE TIMBERS TREATED 6""x 6""x 8'",42,,"6""",
9302-312,100,635.2,EA,"LS TIMBERS TREATED 6""x12""x6'",100,,"6""",
9302-313,185,635,CY,EARTHWORKS 80/20 CUSTOM WCP MIX,185,,,
9302-314,500,637.8,,PLATIPUS RF3P4LEG,500,,,
9302-315,50,510,EA,PATIO TREE 15G,50,TR,15G,
9302-316,310,635,,GALV TREE STK 3,310,TR,,
9302-320,0,999,EA,RE-STOCK FEES,0,,,
9302-321,200,999,EA,REPROGRAPHIC FEES,200,,,
9302-322,,,,TRELLISES,,,,
9302-323,,,,TRELLIS ASSEMBLER,,,,
9302-324,225,507,EA,ELAEOCARPUS DEC. 24,225,,,
9302-330,0.91,639.3,LF,"CENT.PROD.H2O BAR.30m X 24"" X 2'",0.91,,"24""",
9302-335,150,507,EA,HIGH PRICE 24 BOX TREE,150,TR,"24"" box",
9302-355,50,519,EA,MUSELLA LASIOCARPA 15G,50,,15G,
9302-360,115,635,CY,EARTHWORKS DISNEY MIX,115,,,
9302-361,185,635,CY,EARTHWORKS LWP33 MIX,185,,,
9302-362,42,635.2,TN,BIO SWALE SOIL (per ton),42,,,
9302-371,77,547,TN,DG AUTUMN GOLD BLENDED,77,AGG,,
9302-372,60,547,TN,DG SOUTHWEST GOLD,60,AGG,,
9302-373,60,547,TN,SOUTHWEST GOLD DG STABILIZED,60,AGG,,
9302-374,150,547,TN,DG CA GOLD CHIP SEAL KRC,150,AGG,,
9302-375,170,547,TN,DG CA GOLD CHIP SEAL STAB KRC,170,AGG,,
9302-400,0,545.1,EA,"AUGERED HOLE 12"" x 10'",0,,"12""",
9302-401,4.6,522,EA,NEPETA FAASSENII 1G,4.6,,1G,
9302-403,3,636,EA,"WEEP HOLE, GRAVEL FILLED 4""X24"" (4EA)",3,GRAV,"4""",
9302-404,9,531,EA,"BEGONIA SEMPERFLORENS PINK 4""POT",9,,"4""",
9302-405,120,519,EA,ATHYRIUM NIPONICUM VAR. PICTUM 15G,120,,15G,
9302-406,0,545.4,EA,"AUGER SUMP 4"" X 2'",0,,"4""",
9302-407,0,545.2,EA,"AUGER SUMP 12"" X 5'",0,,"12""",
9302-408,0,545.3,EA,"AUGER SUMP 12"" X 18""",0,,"12""",
9302-415,60,519,EA,CARPENTERIA  ELIZABETH 15G,60,,15G,
9302-424,225,507,EA,ELAEOCARPUS D. 'LITTLE EMPORER 24,225,,,
9302-501,632,636,EA,ASSOC BOX #PW3048/36  (LARGE,632,,,
9302-504,18,531,EA,"IBERIS SEMPERVIRENS 4"" POTS (16 CTN",18,,"4""",
9302-505,20,530,EA,"PELARGONIUM BALCAN 4"" FLATS",20,,"4""",
9302-506,18,530,EA,"OPHIOPOGON JAPONICUS 4"" POTS 16/FLAT",18,,"4""",
9302-515,42,519,EA,CARPENTERIA CALIF. 15G,42,,15G,
9302-545,0,None,EA,1/2 X 50' TREE TIE HOSE,0,TR,,
9302-546,0,None,EA,WIRE FOR TREE TIES 100 LF,0,TR,LF,
9302-601,5.5,522,EA,CARPENTERIA CALIF. 1G,5.5,,1G,
9302-604,30,530,EA,PELARGONIUM PELT. 4,30,,,
9302-605,13,520,EA,CARPENTERIA CALIFORNICA 5G,13,,5G,
9302-615,125,528,EA,15G ESPALLIER,125,,15G,
9302-620,3000,999,EA,BBQ #1,4500,,,
9302-621,4500,635.3,EA,BBQ #2,4500,,,
9302-622,160,635.2,EA,ASCO ELECTRONIC GAS VALVE /BBQ,160,,,
9302-623,4000,635.5,EA,FIRE TABLE #1,4000,,,
9302-624,4000,635.5,EA,FIRE TABLE #2,4000,,,
9302-625,5000,635.5,EA,FIRE TABLE #3,5000,,,
9302-701,5,522,EA,SUTERA CORD. SNOW FLAKES 1G,5,,1G,
9302-704,2.25,524,EA,SCIRPUS MARITIMUS - PLUGS,2.25,,,
9302-705,10,520,EA,"CENTRANTRUS RUBER, 5G",10,,5G,
9302-706,10,522,EA,"SEDUM ANGELINA 6"" POT",10,,"6""",
9302-709,5,522,EA,SCIRPUS CERNUUS 1G,5,,1G,
9302-710,2,524.1,EA,SCIRPUS CALIFORNICUS D-40,2,,,
9302-715,2.25,524.1,EA,SCIRPUS ROBUSTUS D-40,2.25,,,
9302-716,125,528,EA,MAGNOLIA GRAND. 15G ESP,125,,15G,
9302-720,2.25,524.1,EA,SCIRPUS MARITIMUS D-40,2.25,,,
9302-724,3,524,EA,"SCIRPUS CERMUS 4"" POTS",3,,"4""",
9302-725,1.75,524.1,EA,JUNCUS ACUTUS SSP. LEOPOLDII D-40,1.75,,,
9302-730,1.75,524.1,EA,CYPERUS ESCULENTUS D-40,1.75,,,
9302-735,1.75,524.1,EA,SALICORNIA VIRGINICA D-40,1.75,,,
9302-740,1.75,524.1,EA,BACCHARIS PILULARIS D-40,1.75,,,
9302-741,1.25,524,EA,BACCHARIS PILULARIS LINER,1.25,,,
9302-745,1.75,524,EA,LEYMUS CONDENSATUS D-40,1.75,,,
9302-750,1.75,524.1,EA,BACCHARIS EMORYI D-40,1.75,,,
9302-755,1.75,524.1,EA,ISOCOMA MENZIESII VAR. VERNONIOIDES D-40,1.75,,,
9302-765,1.75,524,EA,MUHLENBERGIA RIGENS D-40,1.75,,,
9302-766,1.5,524,EA,MUHLENBERGIA RIGENS - PLUGS,1.5,,,
9302-767,35,531,EA,RUSCHIA LINEOLATA 'NANA' FLT (50 plts),35,,,
9302-770,2.25,524.1,EA,ERIOGONUM PARVIFLORUM D-40,2.25,,,
9302-775,1.75,524.1,EA,SAMBUCUS MEXICANA D-40,1.75,,,
9302-780,1.75,524.1,EA,ENCELIA CALIFORNICA D-40,1.75,,,
9302-781,4,522,EA,MIRABILIS CALIF. 1G,4,,1G,
9302-782,2.5,524.1,EA,MIRABILIS CALIFORNIA LINER,2.5,,,
9302-783,4,522,EA,MIRABILIS LAEVIS 1G,4,,1G,
9302-784,3.8,522,EA,PULCHEA SERICEA 1G,3.8,,1G,
9302-800,70,547,TN,DG  DESERT GOLD STABILIZED,70,AGG,,
9302-801,5,522,EA,SUTERA CORDATA 1G,5,,1G,
9302-804,18,530,FL,"SUTERA CORDATA 4"" POT FLATS",18,,"4""",
9302-805,15,531,FL,"SUTERA (BACOPA) 4"" POTS",15,,"4""",
9302-810,1.75,524.1,EA,DISTICHLIS SPICATA PLUGS,1.75,,,
9302-815,1.75,524.1,EA,BACCHARIS SALICIFOLIA ( CUTTINGS ),1.75,,,
9302-825,1.75,524.1,EA,SALIX GOODDINGII ( CUTTINGS ),1.75,,,
9302-826,1.75,524.1,EA,SALIX LAEVIGATA ( CUTTINGS ),1.75,,,
9302-830,1.75,524.1,EA,SALIX LASIOLEPIS ( CUTTINGS ),1.75,,,
9302-900,50,537.1,EA,"CENTURY 20' X 24"" ROLL",50,,"24""",
9302-901,65,636,EA,"CENTURY 20'  X  36"" ROLL",65,,"36""",
9302-903,43,537.1,EA,"CENTURY 20' x 18""  ROLL",43,,"18""",
9302-904,30,537.1,EA,"CENTURY 20' x 12"" ROLL",30,,"12""",
9302-905,22,526,EA,"VITIS ""ROGERS RED"" 5G STK",22,,5G,
9302-906,33,537.1,EA,"VILLA LANDSCAPE PROD. 24"" X 20' ROOT BAR.",33,,"24""",
9302-907,95,537.3,EA,"CENTURY 18"" PANELS (52' CARTON)",95,,"18""",
9302-908,105,537.3,EA,"CENTURY 24"" PANELS (40' CARTON)",105,,"24""",
9302-915,40,510,EA,CERCOCARPUS LEDIFOLIUS 15G,40,,15G,
9302-948,8.5,537,EA,"CENTURY 24"" X 36""  PANEL",8.5,,"24""",
9302-949,4.5,537,EA,"CENTURY 24"" X 18""  PANEL",4.5,,"24""",
9302-950,6.25,537,EA,CENTURY CP2424 (24 x 24 panel),6.25,,,
9302-951,0.3,639,SF,VILLA 30 MIL. MOIST. BARRIER,0.3,,,
9302-952,625,635.2,EA,"BIO BARRIER (19.5"" HIGH x 20' ROLL)",625,,"5""",
9302-953,4,537,EA,"CENTURY 24"" X 12"" PANEL",4,,"24""",
9302-954,21,537,EA,CENTURY 24 x 48 ROOT PANELS,21,,,
9302-955,800,635.3,EA,"BIO BARRIER (29"" X 102')",800,,"29""",
9302-960,50,547,TN,DG DESERT GOLD ( PYRITE GOLD),50,AGG,,
9302-961,150,547,TN,DG PALM SPRINGS GOLD STABILIZED,150,TR,,
9302-962,80,547,TN,DG CALIFORNIA GOLD STAB.,100,AGG,,
9302-963,60,547,TN,DG LIGHT BROWN EARTH TONE,60,AGG,,
9302-964,60,547,TN,DG  PALM SPRINGS GOLD,60,TR,,
9302-965,80,547,TN,DG BRIMSTONE STABILIZED,80,AGG,,
9302-966,50,547,TN,DG SOUTHWEST BROWN FINES,50,AGG,,
9302-967,140,547,CY,DG COYOTE GOLD STABILIZED,140,AGG,,
9302-968,60,547,TN,DG PYRITE GOLD NON-STAB.,60,AGG,,
9302-969,80,547,TN,DG PYRITE GOLD STABILIZED,80,AGG,,
9302-970,165,547,TN,DG NEW GRAY W/STABILIZER,165,AGG,,
9302-971,90,638,TN,DG SWB CUSTOM BLEND 901-110-101 STBLZD,90,AGG,,
9302-972,150,547,TN,DG SAN DIEGO GRAY STAB,150,AGG,,
9302-973,110,547,TN,DG PARADISE GOLD - STABILIZED,110,AGG,,
9302-974,90,547,TN,DG  PARADISE GOLD - STABILIZED,90,AGG,,
9302-975,100,547,TN,DG APACHE BROWN STABILIZED,100,AGG,,
9302-976,70,547,TN,TEMESCAL ROSE D.G.,70,,,
9302-977,65,547,TN,DG HIGHLAND VALLEY GOLD,65,AGG,,
9302-978,60,547,TN,DG ADOBE SUNSET non-stabilized,60,AGG,,
9302-979,55,547,TN,DG PARADISE GOLD (non-stab),55,AGG,,
9302-981,77,547,TN,DG MALIBU GOLD STABILIZED,77,AGG,,
9302-982,77,547,TN,DG TEMESCAL GOLD STABILIZED,77,AGG,,
9302-983,65,547,TN,DG CA GOLD STABILIZED,65,AGG,,
9302-984,80,547,.,DG BRIMSTONE STABILIZED,80,AGG,,
9302-985,120,547,TN,DG AUTUMN GOLD STABILIZED,120,AGG,,
9302-986,80,547,TN,DG DSRT GLD (PYRITE GLD) STAB.,80,AGG,,
9302-987,124,547,TN,DG BAJA BROWN STABILIZED,124,AGG,,
9302-988,105,547,TN,"DG SWB CUSTOM STABILIZED BLEND 901-110-101 3/8""",105,AGG,"8""",
9302-989,185,547,TN,ORGANIC LOCK PAVING (GAIL ),185,,,
9302-990,260,547,TN,NEXPAVE WAX-COATED (DISC. SEE ORGANIC LOCK),260,,,
9302-991,80,547,TN,"DG SUNSET GOLD, STABILIZED",80,AGG,,
9302-993,100,547,TN,DG - 'WHITE ICE' STABILZED,100,AGG,,
9302-994,60,547,TN,DG - CALIFORNIA GOLD,60,AGG,,
9302-995,150,547,TN,PALM SPRINGS GOLD FINES DG,150,TR,,
9302-996,55,547,TN,PRO GOLD INFIELD MIX STABILIZED ( GAIL),55,,,
9302-997,45,547,TN,PRO GOLD INFIELD MIX GOLD ( GAIL),45,,,
9302-998,48,547,TN,PRO GOLD INFIELD MIX  RED (GAIL),48,,,
9302-999,500,547,TN,PRO GOLD MOUND CLAY ( GAIL),500,,,
9303-000,0.12,None,EA,HYDROSEED TURF,0.12,SD,,
9303-0001,0.12,None,SF,HYDROSEED TURF 2,0.12,SD,,
9303-001,165,905,EA,JUTE NETTING (900 SF ROLL),170,,SF,
9303-002,0.1,None,EA,JUTE STAPLES,0.1,,,
9303-003,0.14,None,SF,HYDROSEED MEADOW GRASS MIX,0.14,,,
9303-004,0.14,999,EA,"GALV U-STAPLE 6""",0.14,,"6""",
9303-005,38,905,EA,LAN S-2 STRAW EROSION BLANKET 7.5'X120',38,,,
9303-006,500,905,EA,LAND LOK 450 TRM 6.5x138.5 =900SF ROLL,500,,,
9303-007,345,635.2,RO,BIRD NETTING (TREE PROTECTION) 14'x100' ROLL,345,TR,,
9303-015,50,525,EA,VITIS CALIFORNICA 15G STK,50,,15G,
9303-020,80,636,RL,VISQUEEN 6 MIL 10' X 100' ROLLS,80,,,
9303-099,20,642,EA,"SPLASH BLOCK PLASTIC 24""",7.5,,"24""",
9303-100,28,642,EA,"SPLASH BLOCKS CONCRETE 24""",8,,"24""",
9303-101,7,527,EA,VITIS CA. ROGER'S RED 1G STK,7,,1G,
9303-105,19,520,EA,"SPIRAEA J. ""LITTLE PRINCESS"" 5G",19,,5G,
9303-201,12,522,EA,SUTERA BACOPA 6,12,,,
9303-205,25,526,EA,VITIS CALIFORNIA 5G STK,25,,5G,
9303-301,4.5,522,EA,VITIS GIRDIANA 1G,4.5,,1G,
9303-305,30,526,EA,VITIS GIRDIANA 5G STK,30,,5G,
9303-405,15,520,EA,CARPENTERIA  ELIZABETH  5G,15,,5G,
9303-505,30,526,EA,VITEX TRIFOLIA PURPUREA 5G STK,30,,5G,
9303-560,11.5,520,EA,BUDDLEIA BLACK KNIGHT 5G,10,,5G,
9303-605,30,526,EA,VITEX TRI. PURPUREA 5G STK,30,,5G,
9303-624,170,507,EA,"VITEX AGNUS CASTUS 24""",170,,"24""",
9303-815,60,510,EA,15G TREE,60,TR,15G,
9303-905,18,520,EA,AQUILAGIA SWAN ROSE/WHT.COL. 5G,18,,5G,
9304-000,0.2,None,EA,HYDROSEED SLOPE,0.14,,,
9304-001,0.2,None,SF,HYDROSEED MIX #1,0.14,,,
9304-002,0.2,None,SF,HYDROSEED MIX #2,0.14,,,
9304-003,0.2,None,SF,HYDROSEED MIX #3,0.14,,,
9304-004,0.1,536,SF,HAND SEED,0.08,,,
9304-005,0.2,None,SF,HYDROSEED MIX #4,0.14,,,
9304-006,0.2,None,SF,HYDROSEED MIX #5,0.14,,,
9304-007,0.2,None,SF,HYDROSEED MIX #6,0.14,,,
9304-008,0.2,None,SF,HYDROSEED MIX #7,0.14,,,
9304-015,70,520,EA,CONVOLVULUS CINEORUM  15G STK,70,,15G,
9304-100,1.75,524.1,EA,LANT. SPREADING SUNSET D-40,1.75,,,
9304-101,5,522,EA,MUHLENBERGIA DUBIA 1G,5,,1G,
9304-102,1.75,524.1,EA,PENNIS. CAUDATUM D-40,1.75,,,
9304-103,1.75,524.1,EA,PENN. ALO. HAMELIN D-40,1.75,,,
9304-200,0,999,EA,GRADING,0,,,
9304-201,0.3,639,SF,SOCCO-SHIELD OR STEGO 15 MIL,0.3,,,
9304-202,60,462,EA,ZONE MARKERS,60,,,
9304-210,0,999,EA,IRRIGATION MISC #1,0,,,
9304-220,70,None,DA,FUSION MACHINE RENTAL COST,70,,,
9304-301,4.1,522,EA,MUHLENBERGIA EL TORO 1G,4.1,,1G,
9304-415,36,519,EA,CONVOLVULUS CINEORUM 15G,36,,15G,
9304-560,9.5,520,EA,CONVOLVULUS CINEOREUM 5G,9.5,,5G,
9304-601,5,522,EA,CONVOVULUS SABATIUS 1G,5,,1G,
9304-605,9.5,520,EA,CONVOLVULUS SABITINA 5G,9.5,,5G,
9304-705,10,520,EA,CONVOLVULUS MAURITANICUS 5G,10,,5G,
9305-100,0.03,None,SF,NURSECROP  HYDROSEED MIX #A,0.03,,,
9305-200,0.06,None,SF,COASTAL SAGE SCRUB REST. MIX #B,0.06,,,
9305-201,125,999,EA,GRASS SEED FESCUE (50#),125,,,
9305-202,375,999,EA,SEED MIX CUSTOM #1 (5# BAG),375,,,
9305-203,750,999,EA,SEED MIX CUSTOM #2 (10# BAG),750,,,
9305-204,35,999,EA,GRASS SEED FESCUE (10#),35,,,
9305-210,0,999,EA,IRRIGATION MISC #2,0,,,
9305-211,180,None,EA,EISEL 666B BOX W/LID,180,,,
9305-212,0.5,None,EA,MISC DRIP FITTINGS,0.5,,,
9305-213,37,639.7,EA,BROOKS #1-RD-TG-C  CON. W/C.I. GRT,37,,,
9305-214,35,999,EA,TOOLNORT 5' NS 157 WRENCH,35,,,
9305-215,120,639.2,EA,BROOKS #10 SEWER BODY/COVER,120,,,
9305-216,0,999,EA,IRRIGATION MISC #3,0,,,
9305-217,0,999,EA,IRRIGATION MISC. #4,0,,,
9305-218,0,999,EA,IRRIGATION MISC. #5,0,,,
9305-219,175,639.7,EA,"BROOKS 3-STD-COMP 12"" RECT /CONC LID",175,,"12""",
9305-220,85,639.7,EA,"BROOKS 1-RD 10"" RD/CONC LID",85,,"10""",
9305-221,40,639.7,EA,"BROOKS #1-RD-T, CONC RD W/CI LID",40,,,
9305-222,55,639.7,EA,BROOKS #3-T-COMP RECT W/CI LID,55,,,
9305-300,0.14,None,SF,HYDROSEED FUEL MOD MIX #C,0.14,,,
9305-400,0.14,None,SF,HYDROSEED ARROYO MIX #E,0.14,,,
9305-500,0.05,None,SF,HYDROSEED UNDERSTORY REST MIX #D,0.05,,,
9305-501,0.05,None,SF,BONDED FIBER MATRIX,0.05,,,
9305-502,0.14,None,SF,HYDROSEED,0.14,,,
9305-503,0.3,None,SF,HYDRO-STOLONS,0.3,,,
9305-504,0.05,999,SF,POLYMER SPRAY,0.05,,,
9306-100,7825,490,EA,MOTOROLA SCORPIO 16-STATION,7825,,,
9306-210,0,999,EA,LANDSCAPE MISC #1,0,,,
9306-211,0,999,0,LANDSCAPE MISC #2,0,,,
9306-212,0,999,EA,LANDSCAPE MISC #3,0,,,
9306-213,0,999,LS,LANDSCAPE MISC. #4,0,,,
9306-520,1400,999,EA,POLY PAVEMENT 55G DRUM,1400,,55G,
9306-521,70,999,EA,"POLYSTYRENE FOAM, 4'x8'x1.5"" SHEET",70,,"5""",
9307-210,0,999,EA,DRAIN MISC #1,0,,,
9307-211,0,999,EA,DRAIN MISC #2,0,,,
9307-212,100,999,EA,STENCILS (DRAINS TO OCEAN),100,,,
9307-213,0,999,EA,DRAIN MISC #3,0,,,
9307-214,0,999,EA,DRAIN MISC #4,0,,,
9307-215,0,999,EA,DRAIN MISC #5,0,,,
9308-210,800,999,EA,TRAFFIC CONTROL,800,,,
9308-211,100,999,MO,TEMP. RESTROOM,100,,,
9309-105,22,520,EA,EXPENSIVE 5G SHRUB,22,SH,5G,
9309-210,15,636,EA,POT PLACEMENT/IRRIG/DRAIN,15,,,
9310-100,65,635.2,TN,#20 SILICA SAND (TOT LOT),65,,,
9310-101,55,538,TN,50W WASHED SILICA SAND,55,,,
9310-102,95,538,TN,#16 WHITE SAND TOT LOT,95,,,
9310-103,92,637.2,TN,PLAYGROUND SAND (KRC),92,,,
9310-104,55,538,TN,CALIF. BLEND 50W SAND (PW GILLIBRAND),55,,,
9310-105,19,540,TN,"FILL SAND SCREENED, FONTANA",19,,,
9310-199,20,999,EA,"CAMOFILL SAND, 50#",20,,,
9310-200,7.75,799,SF,TURF BLOCK (CONCRETE),3.5,SD,,
9310-201,7.75,800,SF,ANGELUS TURFSTONE,3.5,,,
9310-205,3.6,800,SF,"GRASSPAVE 2 (6'6"" wide x 65.6' long per roll)",3.6,,"6""",
9310-206,28,800,EA,GEOBLOCK 5 SQ. FT. PLASTIC T.B.,28,,,
9310-207,6.6,800,SF,NDS TT-24x24 TURF BLOCK (sf),6.6,SD,SF,
9310-208,8,639.2,EA,VERDURA 30 BLOCK (BUFF TAN),8,,,
9310-209,0.2,636.3,LF,"CHICKEN WIRE FENCING 36"" x 150' ROLL",0.2,,"36""",
9310-210,3.5,637.1,EA,4/6 HOLE EMITTER MISC,3.5,,,
9310-211,0.2,636.3,LF,"SILT FENCING BLACK 36"" X 100'",0.2,,"36""",
9310-212,7.75,800,SF,TURF BLOCK (ASSOCIATED CONCRETE),3.5,SD,,
9310-213,600,None,EA,TURNOVER ITEMS,600,,,
9310-214,90,636,EA,"HARDWARE CLOTH (1/2"" x 4' x 25')",90,,"2""",
9310-215,4,800.1,SF,S-BLADE 90 (15' wide roll),4,,,
9310-216,25,999,EA,TURF WONDERFILL GREEN SAND (50# BAG),25,SD,,
9310-217,24,999,EA,ZEOFILL TURF DEODORIZER (50# BG),24,SD,,
9310-218,7,800,SF,SOIL RETENTION DRIVABLE GRASS,5.25,,,
9310-219,4,800,SF,NDS EZ-ROLL GRASS PAVERS,4,,,
9310-220,470,635.6,BX,EZ MARKERS (100 CT),470,,,
9310-260,2600,501,EA,"60""  TREE",2600,TR,"60""",
9310-300,4000,635.6,EA,DRINKING FOUNTAIN,4000,,,
9311-210,6,637.2,EA,8/10 HOLE EMITTER MISC,6,,,
93-1130,90,635,TN,"SIERRA RIVER COBBLE 1.5"" to 3""",90,GRAV,"5""",
93-1131,140,640,tn,"ARIZONA CORAL 3/4""",140,,"4""",
9311-310,0,999,LS,POT #1,0,,,
9311-311,0,999,EA,POT #2,0,,,
9311-312,0,999,EA,POT #3,0,,,
9311-313,0,999,EA,POT #4,0,,,
9311-314,670,635.3,EA,WATER BOX 3' SQ (with pump & autofill),670,PMP,,
9311-315,0,999,EA,POT #5,0,,,
9311-316,0,999,LS,POT #6,0,,,
9311-317,525,635.3,ea,WATER BOX 2' SQ (with pump & autofill),525,PMP,,
9311-318,750,999,EA,"WATER BOX 48"" SQ.(with pump & autofill)",750,PMP,"48""",
93-1132,110,640,TN,"GOLDEN FAWN (3/8"") CRUSHED (SWB)",110,,"8""",
93-1133,205,640,TN,"1/2"" INDIGO CRUSHED BASALT CHIPS (SWB)",205,,"2""",
93-1134,160,640,TN,"PALM SPRINGS GOLD 3/4"" GRAVEL",160,TR,"4""",
93-1135,40,640,TN,"CRUSHED ROCK - 5/8"" MINUS",40,GRAV,"8""",
93-1136,140,640,TN,"CALIFORNIA GOLD 3/4"" GRAVEL",140,GRAV,"4""",
93-1137,357,635,TN,"SUNSHINE MIX 1"" -3"" (KRC)",357,,"1""",
93-1138,95,640,TN,"PEWTER GRAY 3/4""-1"" CRUSHED",95,,"4""",
93-1139,225,640,TN,"INDIGO BASALT CHIPS 3/4""",225,,"4""",
93-1140,95,635,TN,"PEWTER GRAY 3/8"" CRUSHED",95,,"8""",
93-1141,,,,"MEXICAN BEACH BUTTONS 1""-2""",,,,
9312-100,240,639.4,EA,"LEEMCO LB-400 4"" RESTRAINT",240,,"4""",
9312-102,400,402.2,EA,"LEEMCO LMV-33SB (3"" GATE VALVE)",400,,"3""",
9312-103,74,638,EA,"LEEMCO LT-300T (3"" x 2"" TEE)",74,,"3""",
9312-104,109,402.2,EA,LEEMCO LV-212 W/ LV CLIP,109,,,
9312-105,110,410,EA,LEEMCO SB-304ST,110,,,
9312-106,103,637.2,EA,"LEEMCO SB-33-C COUPLING 3""",103,,"3""",
9312-107,76,999,EA,LEEMCO LH-300,76,,,
9312-108,20,642,EA,"HDPE 3"" MOLDED FUSION TEE",20,,"3""",
9312-109,18,642,EA,"HDPE 3"" MOLDED FUSION 90",18,,"3""",
9312-110,18,642,EA,"HDPE 3"" MOLDED FUSION 45",18,,"3""",
9312-111,53,639.2,EA,POLY CAM 304 S.S. FEMALE TRANS.,53,,,
9312-112,24,642,EA,"PVC SCH. 80 TT TEE 2"" X 1.5""",24,,"2""",
9312-113,5,999,EA,"1 1/2"" X 1"" SHC 80 T+T BUSHING",5,,"2""",
9312-114,0,154,LF,"HDPE DR-17 PIPE 3""",0,,"3""",
9312-115,0,154,LF,"HDPE DR-17 PIPE 4""",0,,"4""",
9312-116,110,None,EA,"LEEMCO SB-333T  3"" TEE",110,,"3""",
9312-117,91,None,EA,"LEEMCO SB-390B 3"" 90 BEND",91,,"3""",
9312-118,69,None,EA,"LEEMCO SB-345B  3"" 45 BEND",69,,"3""",
9312-119,53,None,EA,"LEEMCO LH-300 3"" FITTING RESTRAINT",53,,"3""",
9312-120,196,999,EA,"LEEMCO LB-300 3""  RESTRAINT",196,,"3""",
9312-121,143,999,EA,"LEEMCO LG-300 3"" PIPE to PIPE RESTRAINT",143,,"3""",
9312-122,153,None,EA,"LEEMCO LG-250 2.5"" PIPE to PIPE RESTRAINT",153,,"5""",
9312-123,113,None,EA,"LEEMCO LPP-300  3"" PIPE TO PIPE",113,,"3""",
9312-124,181,None,EA,LEEMCO LG-300 PUSH ON GV,181,,,
9312-125,88,None,EA,"LEEMCO RF-31MA MALE ADAPTER 3"" S X 2"" T",88,,"3""",
9312-126,44,None,EA,"LEEMCO SB-3P PLUG 3""",44,,"3""",
9312-127,98,None,EA,"LEEMCO SB-302ST TEE W/ 1"" TAPPED TEE",98,,"1""",
9312-128,94,None,EA,"LEEMCO SB-303ST TEE W/  1 1/2"" TAPPED",94,,"2""",
9312-129,94,None,EA,"LEEMCO SB-304ST TEE W/ 2"" TAPPED",94,,"2""",
9312-130,148,None,EA,"LEEMCO RF-390B ELL WLH SER 3""",148,,"3""",
9312-131,140,None,EA,"LEEMCO RF-345B 3"" W/LH SER",140,,"3""",
9312-132,825,639.4,EA,"LEEMCO LMV-44BB 4"" GATE VALVE",825,,"4""",
9312-133,240,639.4,EA,"LEEMCO RF-445 B  4"" 45 BEND",240,,"4""",
9312-134,247,639.4,EA,"LEEMCO RF-490 B  4"" 90 BEND",247,,"4""",
9312-135,275,639.4,EA,"LEEMCO RF-645 B 6"" 45",275,,"6""",
9312-136,305,639.4,EA,"LEEMCO RF 3F4B  4""FLANGED X BELL ADAPTER",305,,"4""",
9312-137,135,639.4,EA,"LEEMCO SB-44 C COUPLING 4""",135,,"4""",
9312-138,114,639.4,EA,"LEEMCO SB-403 ST SERVICE TEE 4"" X 1.5""",114,,"4""",
9312-139,129,639.4,EA,"LEEMCO SB-64R 4"" X 6"" REDUCER",129,,"4""",
9312-140,146,639.4,EA,"LEEMCO SB-604 ST SERVICE TEE 6"" X 2""",146,,"6""",
9312-141,111,639.4,EA,"LEEMCO SB-404 ST SERVICE TEE 4"" X 2""",111,,"4""",
9312-142,114,639.4,EA,"LEEMCO SB-402 ST SERVICE TEE 4"" X 1""",114,,"4""",
9312-143,350,639.4,EA,"LEEMCO FB890B 8"" ELL",350,,"8""",
9312-144,464,639.4,EA,LEEMCO SB-446 T  4X4X6 TEE,464,,,
9312-145,141,639.4,EA,"LEEMCO LPP-400 4"" PIPE to PIPE RESTRAINT",141,,"4""",
9312-146,184,639.4,EA,"LEEMCO LPP-600 6"" PIPE to PIPE RESTRAINT",184,,"6""",
9312-147,288,639.4,EA,"LEEMCO LG-600 6"" PIPE RESTRAINT",288,,"6""",
9312-148,100,639.4,EA,"LEEMCO LH-400 4"" FITTING RESTRAINT",100,,"4""",
9312-149,133,639.4,EA,"LEEMCO LH-600 6""  PIPE to FITTING RESTRAINT",133,,"6""",
9312-150,225,None,EA,"LEEMCO RF645B 6"" 45",225,,"6""",
9312-151,262,None,EA,"LEEMCO RF690B 6"" ELL",262,,"6""",
9312-152,150,None,EA,"LEEMCO RF-422B  4""  22",150,,"4""",
9312-153,295,None,EA,"LEEMCO RF6F63  6"" FLANGE GV",295,,"6""",
9312-154,400,400,EA,LEEMCO LMV-11BNB 2' GATE VALVE,400,,,
9312-155,115,None,EA,"LEEMCO LMJ-250 2 1/2"" PIPE TO VALVE RESTRAINT",115,,"2""",
9312-156,194,None,EA,LEEMCO RF-3F3B FLANGE X BELL ADAP.,194,,,
9312-157,94,None,EA,LEEMCO RF-32MA MALE ADAPTER,94,,,
9312-158,75,None,EA,LEEMCO SB-43SBR,75,,,
9312-159,100,639.4,EA,LEEMCO MISC FITTINGS,100,,,
9312-160,106,None,EA,LEEMCO SB-445SB,106,,,
9312-161,138,None,EA,LEEMCO SB-43R 4 TO 3 REDUCING COUP.,138,,,
9312-162,88,637.2,EA,"LEEMCO SB-223T 2 1/2"" TEE",88,,"2""",
9312-163,81,637.2,EA,"LEEMCO SB-290B 2 1/2"" 90",81,,"2""",
9312-164,70,639.4,EA,"LEEMCO LH-250 2.5"" PIPE RESTAINT",70,,"5""",
9312-165,443,400,EA,"LEEMCO LGT-2 1/2"" -SS- CROSS TOP GV",443,,"2""",
9312-166,100,400,EA,LEEMCO LGT-1 1/2' SS CROSS TOP GV,100,,,
9312-167,56,400,EA,"LEEMCO LGT - 1"" CROSS TOP GV",56,,"1""",
9312-168,156,400,EA,"LEEMCO LGT-2"" SS CROSS TOP GV",156,,"2""",
9312-169,153,None,EA,"LEEMCO SR-FB 2.5"" ADAPTER",153,,"5""",
9312-170,76,None,EA,"LEEMCO RSST-804 8"" X 2"" SADDLE",76,,"8""",
9312-171,120,None,EA,"LEEMCO LMJ-300 3"" PIPE TO VALVE RESTRAINT",120,,"3""",
9312-172,155,None,EA,"LEEMCO LMJ-400 4"" PIPE TO VALVE RESTRAINT",155,,"4""",
9312-173,169,None,EA,"LEEMCO LMJ-600 6"" PIPE TO VALVE RESTRAINT",169,,"6""",
9312-174,206,None,EA,"LEEMCO LMJ-800 8"" PIPE TO VALVE RESTRAINT",206,,"8""",
9312-175,110,None,EA,"LEEMCO LMJ-200 2"" PIPE TO VALVE RESTRAINT",110,,"2""",
9312-176,260,639.4,EA,"LEEMCO SB-314T 3"" X 2""X4"" TEE",260,,"3""",
9312-177,500,402.2,EA,"LEEMCO LMV-BB 2"" GATE VALVE",500,,"2""",
9312-178,169,639.4,EA,"LEEMCO SB-605 ST SERV. TEE 6"" X 2.5""",169,,"6""",
9312-179,135,639.4,EA,"LEEMCO SB-405 ST SERV. TEE 4"" x 2.5""",135,,"4""",
9312-180,138,639.4,EA,"LEEMCO SB-305 ST SERV. TEE 3"" X 2.5""",138,,"3""",
9312-181,195,639.4,EA,"LEEMCO TEE 4""",195,,"4""",
9312-182,100,639.4,EA,LEEMCO LH-150 RESTRAINT,100,,,
9312-183,95,999,EA,LEEMCO 4 x 2.5 SS BUSHING,95,,,
9312-184,10,186,LF,"HDPE ML 6"" DR-11 PIPE (40' LENGTH)",10,,"6""",
9312-185,4.5,180,LF,"HDPE ML 4"" DR-11 PIPE (40' LENGTH)",4.5,,"4""",
9312-186,190,642,EA,"HDPE DR-11 6"" x 2"" REDUCING TEE",190,,"6""",
9312-187,80,642,EA,"HDPE DR-11 4"" x 2"" REDUCING TEE",80,,"4""",
9312-194,,,,"HDPE 6"" FITTING",,,,
9312-195,,,,"HDPE 4"" FITTING",,,,
9312-196,,,,"HDPE 2"" FITTING",,,,
9312-197,,,,"HDPE 6"" TEE",,,,
9312-198,,,,"HDPE 4"" TEE",,,,
9312-199,,,,"HDPE 2"" TEE",,,,
9312-209,130,None,EA,"HARCO #150 3"" FLANGED ADAPTER",130,,"3""",
9312-210,40,None,EA,COMP. FLANGE /UNIT SIZE/CHECK PRICE,40,,,
9312-211,15,None,EA,"NUT-BOLT GASKET KITS, C.I. /SIZE/ CHECK PRICE",15,,,
9312-212,20,None,EA,S.S. NUT & BOLT KIT/UNIT SIZE/ CHECK PRICE,20,,,
9312-213,25,999,EA,PLASTIC COMP. FLANGE (AVG SIZE),25,,,
9312-214,3000,381,EA,"YARDNEY MCS3-1 3"" MAXI CLEAN FLUSH SCREEN",3000,,"3""",
9312-214.1,1800,635.6,EA,"YARDNEY 4"" MAXI-CLEAN FLUSH SCREEN",1800,,"4""",
9312-214.2,4500,635.6,EA,"YARDNEY 8"" MAXI-CLEAN FLUSH SCREEN",4500,,"8""",
9312-214.3,1300,635.2,EA,"YARDNEY 2"" MAXI CLEAN FLUSH SCREEN",1300,,"2""",
9312-214.4,2400,635.2,EA,"YARDNEY SB-2 FL. 2"" BASK STR. (80 MESH)",2400,,"2""",
9312-214.5,2450,381,ea,"YARDNEY MCS3-1 2"" TRCO (riverside cty)",2450,,"2""",
9312-214.6,3300,381,EA,"YARDNEY MCS2-1 2"" w/TRCO",2900,,"2""",
9312-214.7,2040,290,EA,"YARDNEY MCS2-TRCO 2"" (Riverside)",2900,,"2""",
9312-214.8,2450,290,EA,"YARDNEY MCS1-TRCO 2""",2450,,"2""",
9312-214.9,2450,381,EA,"YARDNEY MCS2-1 1.5"" SIZE (not made; use 2"")",2450,,"5""",
9312-215,9,None,EA,"COMP. FLANGE 2"" CAST IRON",23,,"2""",
9312-216,20,None,EA,"COMP. FLANGE 2.5"" CAST IRON",20,,"5""",
9312-217,30,None,EA,"COMP.FLANGE 3"" CAST IRON",30,,"3""",
9312-218,35,None,EA,"COMP.FLANGE 2"" PVC 80 PLASTIC",35,,"2""",
9312-219,40,None,EA,"COMP.FLANGE 2.5"" PVC 80 PLASTIC",40,,"5""",
9312-220,45,None,EA,"COMP  FLANGE 3"" PVC 80 PLASTIC",45,,"3""",
9312-221,21,None,EA,"NUT/BOLT GASKET KIT SS,  2""",28,,"2""",
9312-222,15,None,EA,"NUT/BOLT GASKET KIT SS, 2.5""",15,,"5""",
9312-223,20,None,EA,"NUT/BOLT GASKET KIT SS- 3""",20,,"3""",
9312-224,16,999,EA,"NUT/BOLT GASKET KIT ZINC--2""",16,,"2""",
9312-225,6,999,EA,"NUT/BOLT GASKET KIT ZINC, 2.5""",6,,"5""",
9312-226,24,999,EA,"NUT/BOLT GASKET KIT ZINC- 3""",24,,"3""",
9312-227,38,638,EA,PE 3408 FLANGE ADAPTER,38,,,
9312-228,65,None,EA,"COMP  FLANGE 4"" PVC 80 PLASTIC",65,,"4""",
9312-229,30,None,EA,"NUT/BOLT GASKET KIT SS 4""",30,,"4""",
9312-230,22,None,EA,"NUT/BOLT GASKET 6"", NON-ASB.",22,,"6""",
9312-231,75,999,EA,"COMP. FLANGE 6""  CAST IRON",75,,"6""",
9312-232,65,None,EA,"COMPANION FLANGE BRASS 1.5""",65,,"5""",
9312-233,178,None,EA,"COMPANION FLANGE BRASS 2""",178,,"2""",
9312-234,140,None,EA,"COMPANION FLANGE BRASS 2.5""",140,,"5""",
9312-235,210,None,EA,"COMPANION FLANGE BRASS 3""",210,,"3""",
9312-236,0,999,EA,"NUT/BOLT GASKET KIT, 6"" SS",0,,"6""",
9312-237,46,999,EA,"NUT/BOLT GASKET KIT, 8"" SS",46,,"8""",
9312-238,5.58,None,EA,"NUT/BOLT GASKET KIT 1.5""",6,,"5""",
9312-239,500,None,EA,"12"" PVC SDR35 GASKETED TEE (GXGXG)",500,,"12""",
9312-240,6.5,None,EA,"4"" PVC SDR35 90 DEG. ELL (HUB X HUB)",6.5,,"4""",
9312-241,6,None,EA,"4"" PVC SDR 35 45 DEG ELL (HUB X HUB)",6,,"4""",
9312-242,6.2,None,EA,"4"" PVC SDR35 22.5 DEG ELL (HUB X HUB)",6.2,,"4""",
9312-243,4.56,None,EA,"4"" PVC SDR35 COUP (HUB X HUB)",4.56,,"4""",
9312-244,12.66,None,EA,"4"" PVC SDR35 WYE (HUB X HUB)",12.66,,"4""",
9312-245,25,None,EA,"6"" PVC SDR 35 90 DEG ELL",25,,"6""",
9312-246,25,None,EA,"6"" PVC SDR 35 45 DEG ELL (HUB X HUB)",25,,"6""",
9312-247,33,None,EA,"6"" PVC SDR35 22.5 DEG ELL (HUB X HUB)",33,,"6""",
9312-248,10.2,None,EA,"6"" PVC SDR35 COUP (HUB X HUB)",10.2,,"6""",
9312-249,54,None,EA,"6"" PVC SDR35 WYE (HUB X HUB)",54,,"6""",
9312-250,500,None,EA,"12"" PVC SDR35 TEE (HUB X HUB X HUB)",500,,"12""",
9312-251,300,None,EA,"12"" PVC SDR35 90 DEG ELL (HUB X HUB)",300,,"12""",
9312-252,300,None,EA,"12"" PVC SDR35 45 DEG ELL (HUB X HUB)",300,,"12""",
9312-253,300,None,EA,"12"" PVC SDR35 22.5 DEG ELL (HUB X HUB)",300,,"12""",
9312-254,400,None,EA,"12"" PVC SDR35 COUP (HUB X HUB)",400,,"12""",
9312-255,500,None,EA,"12"" X 6""  PVC SDR35 TEE (HUB X HUB X HUB)",500,,"12""",
9312-256,500,999,,"12"" X 4"" PVC SDR35 TEE (HUB X HUB X HUB)",500,,"12""",
9312-257,33,999,EA,"6"" PVC 40 SLIP CAP",33,,"6""",
9312-258,14,999,EA,"4"" PVC 40 SLIP CAP",14,,"4""",
9325-101,200,999,EA,BOULDERS PER TON (add labor),200,,,
9325-1010,25,635.2,EA,BOULDER 1',25,BOL,,
9325-102,50,635,EA,BOULDER 2',50,BOL,,
9325-103,75,635,EA,BOULDER 3',75,BOL,,
9325-104,125,635,EA,BOULDER 4',125,BOL,,
9325-105,250,636,EA,BOULDER 5',250,BOL,,
9325-106,300,635.3,EA,BOULDER 6',300,BOL,,
9325-107,42,635,EA,BOULDER 1.5',42,BOL,,
9325-108,450,635.4,EA,BOULDER 7',450,BOL,,
9325-109,500,635.5,EA,BOULDER 8',500,BOL,,
9390-200,30,530,EA,ANNUAL COLOR 4'' FLT,25,GCC,,
9390-201,4.75,522,EA,ANNUAL COLOR 1G,3.25,GCC,1G,
9390-202,20,530,EA,"THYMUS X 'VICTOR REITER' 4"" POT - FLAT (16 COUNT)",20,,"4""",
9390-206,6,522,EA,"ANNUAL COLOR 6"" POTS",6,GCC,"6""",
9390-207,14,520,EA,ANNUAL COLOR 5G,14,GCC,5G,
9390-209,1.3,524.1,EA,"ANNUAL COLOR - 4"" POTS (EA.)",1.3,GCC,"4""",
9390-210,3,524.1,EA,"DROSANTHEMUM FLORIBUNDA 4"" POTS",3,,"4""",
9400-228,3000,381.2,EA,"HAYWARD #72 S.S.BASKET, 2"" FLGD",3000,,"2""",
9400-229,90,402.1,EA,"HAYWARD TBB 2"" B.V.",,,,
9400-230,70,402.1,EA,"HAYWARD TBB 1.5"" B.V.",,,,
95-0000,0,None,LS,GRADING SUBCONTRACTOR,0,,,
95-0001,0,999,EA,DEMO SUBCONTRACTOR,0,,,
95-0002,,,,DEMO SUBCONTRACTOR #2,,,,
95-0003,22,999,LF,"MOW CURB (FORMED, 6x6)",22,,,
95-0004,8,None,LS,MOW CURB (EXTRUDED),14,,,
95-0005,0,None,LS,CONCRETE SUBCONTRACTOR,0,,,
95-0006,250,635.5,EA,"CONCRETE BASE (BF, PUMP, CONTROLLER)",250,POC,,
95-0007,156,635,CY,CONCRETE ONE-SACK SLURRY (CY),200,,,
95-0008,8,635.2,LF,MOW CURB BY BLS,8,,,
95-0009,200,635.5,EA,CONCRETE FOOTING LG,300,,,
95-0010,800,None,LS,ELECTRICAL SUB./PERMITS FOR CONTROLLER,800,POC,,
9500-100,63.9,None,EA,GAINEY AZ-18 POT,63.9,,,
9500-101,14.7,None,EA,GAINEY SC-16 SAUCER,14.7,,,
9500-102,15.15,None,EA,GAINEY AZ-10 POT,15.15,,,
9500-103,6,None,EA,GAINEY SC-9 SAUCER,6,,,
9500-104,57.15,None,EA,GAINEY LB-22 POT,57.15,,,
9500-105,7.65,None,EA,GAINEY SC-12 SAUCER,7.65,,,
9500-106,35,None,EA,"HANGING BASKET 18""",35,,"18""",
9500-107,92.4,None,EA,GAINEY FB-24,92.4,,,
9500-108,8.85,None,EA,GAINEY SC-14,8.85,,,
9500-109,25,638,EA,"TERRA COTTA POT 20"" (HOME DEPOT)",25,,"20""",
95-0011,0,999,EA,ELECTRIC SUB,0,,,
9500-110,45,639,EA,"TERRA COTTA SAUCER 16""",45,,"16""",
9500-111,1033,None,EA,HADDONSTONE/A750/URN/WATEROO,1033,,,
9500-112,400,None,EA,HADDONSTONE/PEDESTAL/QUEEN ANNE B26,400,,,
9500-113,14,642,EA,"POTTING SOIL, 2 CF BAG",13.5,,,
9500-114,18,None,EA,"GOODWIN #2 - 16"" CLAY POT",18,,"16""",
9500-115,80,635,YD,POTTING MIX  PER CY (BULK),80,,,
9500-116,110,999,EA,"JARDINAIRE DEVICE FOR DEEP 36"" POT",110,,"36""",
9500-117,150,999,EA,"JARDINAIRE DEVICE FOR DEEP 48"" POT",150,,"48""",
9500-118,10,642,EA,JARDINAIRE CAPILLARY SOIL (2 CF),10,,,
9500-119,75,999,EA,"JARDINAIRE CL-14, FOR SHALLOW 36"" BOWL",75,,"36""",
95-0012,0,None,EA,PATIO/WOOD SUB,0,,,
9500-120,85,999,EA,"JARDINAIRE CL18, FOR SHALLOW 48"" BOWL",85,,"48""",
9500-121,36,640,CY,WHITTIER FERT. PLANTER BOX MIX,36,FERT,,
9500-122,65,640,CY,WHITTIER FERT POTTING SOIL,65,FERT,,
9500-123,50,640,CY,WHITTIER FERT FLOWER/VEG SOIL,50,FERT,,
9500-124,400,999,EA,JARDINAIRE (OASIS) DEVICES,400,,,
9500-125,53,999,EA,"JARDINAIRE CL-12, FOR SHALLOW 36"" BOWL",53,,"36""",
9500-126,45,637,EA,"PLANTER SOLUTIONS WSF-8 (8""rd x 4"")",45,,"8""",
9500-127,50,637,EA,"PLANTER SOLUTIONS WSF-10 (10"" x 4"")",50,,"10""",
9500-128,90,637,EA,"PLANTER SOLUTIONS WSF-20 (20"" x 4"")",90,,"20""",
9500-129,60,637,EA,"PLANTER SOLUTIONS WS-722 (22"" x 7"" x 4"")",60,,"22""",
95-0013,0,None,EA,PAVER INSTALLATION,0,,,
9500-130,10,100,LF,JARDINAIR SFP24-ESA7 SURFACE EMITTER SYSTEM,10,,,
9500-131,115,637,EA,"PLANTER SOLUTIONS WSF-742 (42""x7""x4"")",115,,"42""",
9500-132,75,637,EA,"PLANTER SOLUTIONS WSF-15 (15"" x 4"")",75,,"15""",
9500-133,330,642,EA,"TOURNESOL CWM-1114-2k (for 20"" diam x 30"" high)",330,,"20""",
9500-134,115,642,EA,"TOURNESOL CWM-1109-MS (for 14"" diam x 18"" tall)",115,,"14""",
9500-135,420,642,ea,"TOURNESOL CWM-1714-2k (28"" x 36"" pot)",420,,"28""",
9500-136,1,999,EA,TOURNESOL WATERING DEVICES,1,,,
9500-137,100,637,EA,PLANTER SUPPLY WATERING DEVICE,100,,,
9500-138,,,,CONCRETE PUMP RENTAL,,,,
95-0014,0,None,EA,MOBILIZATION,0,,,
95-0015,0,None,EA,MAINTENANCE SUBCONTRACTOR,0,,,
95-0016,0,None,EA,BONDS,0,,,
95-0017,0,None,LS,METAL FAB CONTRACTOR,0,,,
95-0018,0,999,EA,SITE AMENITIES #01,0,,,
95-00182,0,999,EA,SITE AMENITIES #02,0,,,
95-00183,0,999,EA,SITE AMENITIES #03,0,,,
95-00184,0,999,EA,SITE AMENITIES #04,0,,,
95-00185,0,999,EA,SITE AMENITIES #05,0,,,
95-00186,0,999,EA,SITE AMENITIES #06,0,,,
95-00187,0,999,EA,SITE AMENITIES #07,0,,,
95-00188,0,999,EA,SITE AMENITIES #08,0,,,
95-00189,0,999,EA,SITE AMENITIES #09,0,,,
95-0019,0,None,LS,WATER/ELECT. COSTS,0,,,
95-00190,0,999,EA,SITE AMENITY INSTALL BY BLS,1,,,
95-00191,0,999,EA,SITE AMENITIES #10,0,,,
95-00192,0,999,EA,SITE AMENITIES #11,0,,,
95-00193,0,999,EA,SITE AMENITIES #12,0,,,
95-00194,0,999,EA,SITE AMENITIES #13,0,,,
95-00195,0,999,EA,SITE AMENITIES #14,0,,,
95-00196,0,999,EA,SITE AMENITIES #15,0,,,
95-0020,0,None,EA,GRUBBING SUBCONTRACTOR,0,,,
95-00200,0,999,EA,SITE AMENITIES #16,0,,,
95-00201,0,999,EA,SITE AMENITIES #17,0,,,
95-00202,0,999,EA,SITE AMENITIES #18,0,,,
95-00203,0,999,EA,SITE AMENITIES #19,0,,,
95-00204,0,999,EA,SITE AMENITIES #20,0,,,
95-00205,0,999,EA,SITE AMENITIES #21,0,,,
95-00206,0,999,EA,SITE AMENITIES #22,0,,,
95-00207,0,999,EA,SITE AMENITIES #23,0,,,
95-00208,0,999,EA,SITE AMENITIES #24,0,,,
95-00209,0,999,EA,SITE AMENITIES #25,0,,,
95-0021,0,999,EA,MATERIAL SUPPLIER SUB,0,,,
95-0022,0,None,EA,ASPHALT SUB-CONTRACTOR,0,,,
95-0023,300,999,MO,TOILET RENTAL,300,,,
95-0024,0,999,EA,CONCRETE SUBCONTRACTOR,0,,,
95-0025,0,999,LS,MASONRY SUBCONTRACTOR,0,,,
95-0026,34.5,None,EA,FENCING SUBCONTRACTOR,0,,,
95-0027,0,999,LS,AUTO. GATES SUBCONTRACTOR,0,,,
95-0028,0,999,EA,SIGN MAKER,0,,,
95-0029,0,999,LS,TEMP FENCE SUBCONTRACTOR,0,,,
95-0030,0,999,EA,PERMITS,0,,,
95-0031,0,999,LS,PLAY EQUIP. SUBCONTRACTOR,0,,,
95-0032,0,999,EA,HANSON ASSOCIATES/PLAYGROUND EQUIP.,0,,,
95-0033,0,None,EA,TREE/PALM TRANSPLANTING,0,TR,,
95-0034,0,999,EA,STRIPING,0,,,
95-0035,0,None,EA,RODENT CONTROL,0,,,
95-0036,0,None,EA,LANDSCAPE/IRR SUBCONTRACTOR,0,,,
95-0037,0,None,EA,POOL/SPA SUBCONTRACTOR,0,,,
95-0038,20,639.2,EA,ALUM. LABEL & DOME MARKER,20,,,
95-0039,540,999,LS,LOW VOLTAGE LIGHTING,0,,,
95-0040,4.4,None,EA,WALLA WALLA ROTATING NOZZLE,4.4,,,
95-0041,40,999,LF,BORING SUBCONTRACTOR,40,,,
95-0042,0,999,,RUBBER SURFACE INSTALLER,0,,,
95-0043,2000,None,EA,TREE TRIMMER/ STUMP GRINDER 1,0,TR,,
95-0044,0,None,SF,ARTIFICIAL TURF INSTALLER,0,SD,,
95-0045,0,None,EA,LANDSCAPE ARCHITECT,0,,,
95-0046,7,999,SF,SAWCUT AND REMOVE ASPHALT,7,,,
95-0047,0,999,EA,POTTERY SUBCONTRACTOR,0,,,
95-0048,0,None,EA,PAINTING SUBCONTRACTOR,0,,,
95-0049,50,635,EA,CONCRETE FOOTING SMALL,75,,,
95-0050,0,1011,LF,TRENCHING FOR ELECTRICIAN,0,,,
95-0051,0,None,EA,GENERAL CONTRACTOR,0,,,
95-0052,0,None,LS,SAND-BLASTING SUBCONTRACTOR,0,,,
95-0053,2000,None,EA,WATER AUDIT SUB,2000,,,
95-0054,5,999,LF,ELECTRIC RUN WITH WIRE,5,,,
95-0055,0.75,532.1,SF,FESCUE SOD (BIG ROLLS BY AG) bls crew,0.75,SD,,
95-0056,0,999,EA,SITE AMENITY INSTALLER,0,,,
95-0057,1,999,EA,COURT SURFACING SUBCONTRACTOR,1,,,
95-0058,1,999,EA,DRAINAGE STRUCTURE SUBCONTRACTOR,1,,,
95-0059,1,999,EA,TRUCKING COMPANY,1,,,
95-0060,60,635,EA,"WATER TRUCK, DUST CONTROL",60,,,
9500-600,1300,470,EA,HYDROMANAGER HMZ 244,1300,,,
9500-601,1540,470,EA,HYDROMANAGER HMZ 364,1540,,,
9500-602,932,470,EA,HYDROMANAGER HMZ 363,932,,,
9500-603,715,470,EA,HYDROMANAGER HMZ-243,715,,,
9500-604,156,470,EA,HYDROMANAGER HM-200,156,,,
9500-605,732,470,EA,HYDROMANAGER HMZ-123,732,,,
9500-606,155.56,635,EA,HYDROMANAGER SINGLE ZONE M.S. KIT,155.56,,,
9500-607,1583.5,470,EA,HYDROMANAGER HMZ-250B,1583.5,,,
9500-608,278,470,EA,HYDROMANAGER HM-250,278,,,
9500-609,240,None,EA,HYDROMANAGER HI-250 SINGLE ZONE KIT,240,,,
95-0061,0,999,EA,TENNIS COURT SUBCONTRACTOR,0,,,
9500-610,9800,635.5,EA,HYDROBOOST PUMP #1,9800,PMP,,
9500-611,0,635.5,EA,HYDROBOOST PUMP #2,0,PMP,,
95-0062,100,635,EA,CONCRETE COLLAR,100,,,
95-0063,1,999,EA,LIVING WALL SUBCONTRACTOR,1,,,
95-0064,800,999,EA,CONCRETE SHORT LOAD,800,,,
95-0065,0,999,EA,DRAINAGE BASIN SUBCONTRACTOR,0,,,
95-0066,0.9,532.2,,BERMUDA SOD (BIG ROLLS BY W.C.),0.9,SD,,
95-0067,1,999,EA,PLAY EQUIP CERTIFIER,1,,,
95-0068,0,None,EA,CANVAS AWNING SUBCONTRACTOR,0,,,
95-0069,52,999,CY,MULCH BLOWING SUBCONTRACTOR,52,,,
95-0070,0.75,532.2,SF,FESCUE SOD (BIG ROLLS BY W.C.) full crew,0.75,SD,,
95-0071,4,800.1,SF,IMPERIAL CA Tall Fescue 75,4,,,
95-0072,0,999,EA,COUNTERTOP SUB,0,,,
95-0073,0,999,EA,RESTROOM MAINTENANCE SUB,0,,,
95-0074,22,999,EA,ART. TURF GREEN SAND #16 (50#),22,SD,,
95-0075,4.3,800.2,SF,GOLF GREEN (CC Bent),4.3,,,
95-0076,4.3,800.1,SF,K-9/PET TURF,4.3,SD,,
95-0077,20,999,EA,SYNTH TURF CAMOFILL SAND #30 (50#),20,SD,,
95-0078,110,999,ea,"TURF SEAM TAPE (12""x330' roll)",110,SD,"12""",
95-0079,55,999,EA,GOLF CUP & FLAG (SET OF 1),55,,,
95-0080,4.2,800.1,sf,CA ROYAL 69 (Imperial),4.2,,,
95-0081,3300,490,EA,ELECTRICAL PEDESTAL,3300,,,
95-0082,0,999,EA,TREE TRIMMER 2,0,TR,,
95-0083,1,999,EA,ARBORIST,1,,,
95-0084,0,999,EA,POWDERCOAT VENDOR,0,,,
95-0085,0,999,EA,GRUBBING SUBCONTRACTOR #2,0,,,
95-0086,1,999,EA,GRUBBING SUBCONTRACTOR #3,1,,,
95-0087,2000,999,EA,METAL DEPUTY INSPECTOR,2000,,,
95-0088,0,999,EA,GRUBBING SUBCONTRACTOR #4,0,,,
95-0089,,,,GRUBBING SUBCONTRACTOR #5,,,,
95-0090,1,999,EA,ENGINEERING SUBCONTRACTOR,1,,,
95-0091,0,None,LS,SURVEY SUBCONTRACTOR,0,,,
95-0092,0,None,EA,PRE-FAB RESTROOM SUBCONTRACTOR,0,,,
95-0093,0,None,EA,SUB - FLAGMAN,0,,,
95-0094,0,999,EA,PLUMBING CONTRACTOR,0,,,
95-0095,10,999,EA,SHEET METAL SUB,10,,,
95-0096,10,999,EA,ALUMINUM TRELLIS INSTALLER,10,,,
95-0097,0,999,LS,HANDRAIL SUBCONTRACTOR,0,,,
95-0098,1,999,EA,ELECTRIC SUB #2,1,,,
95-0099,10,999,LF,CONCRETE MOWCURB CHARLES,10,,,
95-0100,0,None,LS,PLAY EQUIPMENT,0,,,
95-0101,,,,POT SUBCONTRACTOR,,,,
95-0102,,,,RUBBER SURFACE INSTALLER #2,,,,
95-0110,4,800.1,SF,IMPERIAL PET PRIDE PRO,4,,,
95-0111,4.25,800.1,SF,IMPERIAL CA TALL FESCUE 90 (Imperial),4.25,,,
95-0112,4,800.1,SF,PET PRIDE BASIC (Discontinued),4,,,
95-0113,9,800.1,SF,IMPERIAL AN-FESCUE-65 (nylon; anti-melt),9,,,
95-0114,4,800.2,SF,IMPERIAL BERMUDA,4,,,
95-0115,4.3,800.2,SF,IMPERIAL COUNTRY CLUB BENT,4.3,,,
95-0116,11.5,800.1,SF,IMPERIAL AN-FESCUE 65 (Nylon; anti-melt),11.5,,,
95-0117,12.1,800.1,SF,IMPERIAL AN-FESCUE 90 (Nylon; anti-melt),12.1,,,
95-0118,4,800.2,SF,IMPERIAL POA ANNUA PRO GOLF,4,,,
95-0119,3.6,800.1,SF,GLOBAL SYNTURF SN 80,3.6,,,
95-0120,2.5,800.1,SF,EVERGLADE SPRING LIGHT,2.5,,,
95-0121,450,635.1,EA,TURFCLAW TURF GLUE (5G),450,SD,5G,
95-0122,9,999,EA,TURF 50# SILICA SAND (for greens),9,SD,,
95-0123,4,800.1,SF,IMPERIAL SUPER PLAY TURF,4,SD,,
95-0124,,,,IMPERIAL POA ANNUA PRO GOLF,,,,
95-0125,,,,IMPERIAL HAT RYE 90,,,,
95-0126,,,,IMPERIAL HAT ND SPRING 94,,,,
95-0127,4.3,800.1,,HAT HEATSHIELD 80 oz,4.3,,,
95-0128,4,800.1,,HAT HEATSHIELD 50 oz,4,,,
95-0130,,,,HAT HERITAGE RYE 66,,,,
95-0150,0.9,999,SF,FESCUE SOD (big rolls by AG) full crew,0.9,SD,,
95-0151,1.4,999,SF,"ST. AUG SOD (big rolls by AG, full crew)",1.4,SD,,
95-0152,0.9,999,SF,"BERMUDA SOD (big rolls by WC, full crew)",0.9,SD,,
95-0153,0.9,999,SF,"BERMUDA SOD (big rolls AG, man-machine) bls crew",0.9,SD,,
95-0154,0.9,532.1,EA,BALLPARK SOD (lg rolls by AG),0.9,SD,,
95-0180,22,999,LF,"MOW CURB FORMED (8"" x 6"")",22,,"8""",
95-0200,0,None,LS,MISC. MASONRY,0,,,
95-0210,,,,GRUBBING SUBCONTRACTOR #6,,,,
95-0211,,,,GRUBBING SUBCONTRACTOR #7,,,,
95-0212,,,,GRUBBING SUBCONTRACTOR #8,,,,
95-0213,,,,GRUBBING SUBCONTRACTOR #9,,,,
95-0300,0,999,LS,MISC. LOW VOLTAGE LIGHTING,0,,,
95-0400,95,635,LS,MISC EQUIPMENT RENTED PER HR,95,,,
95-0410,100,635,EA,MISC BLS EQUIPMENT PER HR,100,,,
95-0411,350,635.8,EA,ROLLER PER DAY,450,,,
95-0412,800,636.9,EA,ROLLER PER WEEK,1200,,,
95-0500,0,None,EA,"LANDSCAPE MISC., GRADING / BERMING",0,,,
95-0600,0,None,EA,"LANDS. MISC., POTTED PLANTS",0,,,
95-0700,0,None,EA,"LANDSCAPE MISC., TREE GRATES",0,TR,,
95-0800,0,636.2,EA,EXCAVATION FOR VAULTS,0,,,
95-0801,0,999,LS,EXCAVATION,0,,,
95-0900,50,None,LS,PRINTING FEES,50,,,
95-1000,554.55,None,EA,LANDSCAPE STRUCTURES #808-52500,554.55,,,
95-1001,10014.1,None,EA,LANDSCAPE STRUCTURES #9148-MOD,10014.1,,,
95-1002,1677.55,None,EA,LANDSCAPE STRUCTURES #808-30370,1677.55,,,
95-1003,391.74,None,EA,LANDSCAPE STRUCTURES #843-8421,391.74,,,
95-1004,391.74,None,EA,LANDSCAPE STRUCTURES #843-8422,391.74,,,
95-1005,610.3,None,EA,LANDSCAPE STRUCTURES #842-0882,610.3,,,
95-1006,931.05,None,EA,LANDSCAPE STRUCTURES #842-0650,931.05,,,
95-1007,1330,650,EA,HAWS 3176 W/ HOSE BIB,1330,,,
95-1008,830,None,EA,"PATTERSON/WILLIAMS #1535,22,8131",830,,,
95-1009,95,None,EA,PATTERSON/WILLIAMS #1151-01,95,,,
95-1010,2700,None,EA,KOMPAN #M650,2700,,,
95-1011,567,None,EA,IRON MOUNTAIN FORGE #266-6XR,567,,,
95-1012,483,None,EA,MENDIP TEAK BENCH 6' BRIT/AMERICAN,483,,,
95-1013,5210,None,EA,KOMPAN MX 100,5210,,,
95-1014,290,None,EA,DURA ART STR-T,290,,,
95-1015,450,None,EA,DUCANE 1502,450,,,
95-1016,0,None,EA,DELIVERY/ FREIGHT,0,,,
95-1017,900,635.3,EA,MURDOCK MCP-1 DRINKING FOUNTAIN,900,,,
95-1018,383.44,None,EA,LANDSCAPE STRUCTURES 842-4300,383.44,,,
95-1019,930,636,EA,VICTOR STANLEY IP-3 IN GROUND,930,,,
95-1020,18,520,EA,ROSA 5G (SEE BELOW FOR VAR.),18,,5G,
95-1021,341,636,EA,QUICK CRETE Q-R21WCTL,341,,,
95-1022,221,636,EA,KISH VALLEY 886-0454 GRILL,221,,,
95-1023,721.5,None,EA,"FIBERGLASS PLANTER 10'3/8""X36 3/8""",721.5,,"8""",
95-1024,430,635.8,EA,"3 TIER PUMPKIN STYLE FOUNTAIN 5'6""",430,,"6""",
95-1025,41,636,EA,HAYWARD GRATE/RING,41,,,
95-1026,169,None,EA,DESERT CRAFT 70 CS,169,,,
95-1027,585,636,EA,VICTOR STANLEY UB318 BENCH,585,,,
95-1028,650,635.5,EA,SITECRAFT BENCH # BS23.5X60,650,,,
95-1029,0,None,EA,DELIVERY,0,,,
95-1030,6215,None,EA,KOMPAN OASIS PLAY SYS. X OK 200,6215,,,
95-1031,2200,635.3,EA,MURDOCK MC 76-2 VERIFY COLOR ADD 300.00 FOR SHIP,2200,GCC,,
95-1032,475,635.3,EA,HOPPY SPRING ANIMAL / WAKEFIELD,475,,,
95-1033,85,638,EA,DEKORRA ROCK ENCLOSURE #109-RB,85,GRAV,,
95-1034,60,999,EA,"RED TRYCYCLE , SECURED IN CONCRETE",60,,,
95-1035,466,None,EA,KOMPAN M100,466,,,
95-1036,622,None,EA,KOMPAN M130,622,,,
95-1037,6133,None,EA,KOMPAN OK2200,6133,,,
95-1038,984,None,EA,GAMETIME 6' BENCH W/RDWD SLATS,984,,,
95-1039,8696.96,None,EA,KOMPAN MX202 MOD.,8696.96,,,
95-1040,745,None,EA,TIMBERFORM 2118-6 RESTORATION BENCH,745,,,
95-1041,5800,None,EA,TIMBERFORM 2 PLAY STRUCTURE #4619,5800,,,
95-1042,140,638,EA,DEKORRA ROCK ENCLOSURE #102-RB,140,GRAV,,
95-1043,2510,380,EA,"SITE ONE HYDROMETER GTF3-150-PD-NO 1-1/2""",2510,,"2""",
95-1050,0,650,EA,HAWS DRNK FNTN O.S. FCS76,0,,,
95-1105,13,526,EA,ROSA F. ICEBERG 5G STK,13,,5G,
95-1200,200,635,CY,CONCRETE CLASS D MORTAR,200,,,
95-1248,1060,503,EA,DELONIX REGIA 48 BOX  MLT,1060,,"48"" box",
96-0001,0,636.7,EA,LOW VOLTAGE LIGHT FIXTURE #1,0,,,
96-0002,0,636.7,EA,LOW VOLTAGE LIGHT FIXTURE #2,0,,,
96-0003,0,636.7,EA,LOW VOLTAGE LIGHT FIXTURE #3,0,,,
96-0004,0,636.7,EA,LOW VOLTAGE LIGHT FIXTURE #4,0,,,
96-0005,0,636.7,EA,LOW VOLTAGE LIGHT FIXTURE #5,0,,,
96-0006,0,636.7,EA,LOW VOLTAGE LIGHT FIXTURE #6,0,,,
96-0007,0,636.7,EA,LOW VOLTAGE LIGHT FIXTURE #7,0,,,
96-0008,0,636.7,EA,LOW VOLTAGE LIGHT FIXTURE #8,0,,,
96-0009,0,636.7,EA,LOW VOLTAGE LIGHT FIXTURE #9,0,,,
96-0010,193,636.8,EA,TRANSFORMER #1 UNIQUE T300HL,193,,,
96-0011,330,636.8,EA,TRANSFORMER #2 UNIQUE T500HL,330,,,
96-0012,570,636.8,EA,TRANSFORMER #3 UNIQUE T1120HL,570,,,
96-0013,0.6,431,LF,LOW VOLTAGE WIRE #10/2,0.6,,,
96-0014,0.25,431,LF,LOW VOLTAGE WIRE #14/2,0.25,,,
96-0015,27.5,638,EA,LOW VOLTAGE LIGHT STAKE S3-A,27.5,TRSTK,,
96-0016,0.28,114,LF,"CONDUIT ELECT. 3/4""",0.28,,"4""",
96-0017,400,636.8,EA,LOW VOLTAGE LIGHTING TRANSFORMER,400,,,
96-0018,100,999,EA,LOW V. LIGHTING MISC AND LABOR,100,,,
96-0019,0,999,EA,LIGHT FIXTURES (HIGH VOLTAGE),0,,,
96-0020,255,999,EA,STRING LIGHTS,255,,,
96-0030,1000,999,EA,STREET SWEEPER,1000,,,
96-0031,1,999,EA,WEED WHIPPING SUB,1,,,
96-0032,1,999,EA,WEED WHIPPING SUB 2,1,,,
96-0033,1,999,EA,WEED WHIPPING SUB 3,1,,,
96-0034,,,,RODENT CONTROL SUB #2,,,,
96-0035,,,,RODENT CONTROL #3,,,,
97-115,55,528,EA,QUINCE SMYRNA 15G STK,55,,15G,
99-9999,100,100,EA,Test,100,,,
ADJLAB*10/11/2023,,,,LABOR ADJ INCREASE,,,,
ADJLAB*10/1/2020,,,,LABOR ADJ INCREASE,,,,
ADJLAB*10/14/2024,,,,LABOR ADJ INCREASE,,,,
ADJLAB*10/17/2022,,,,LABOR ADJ INCREASE,,,,
ADJLAB*10/19/2020,,,,LABOR ADJ INCREASE,,,,
ADJLAB*10/19/2024,,,,LABOR ADJ INCREASE,,,,
ADJLAB*10/2/2021,,,,LABOR ADJ INCREASE,,,,
ADJLAB*10/22/2020,,,,LABOR ADJ INCREASE,,,,
ADJLAB*10/23/2021,,,,LABOR ADJ INCREASE,,,,
ADJLAB*10/27/2021,,,,LABOR ADJ INCREASE,,,,
ADJLAB*10/28/2020,,,,LABOR ADJ INCREASE,,,,
ADJLAB*10/28/2021,,,,LABOR ADJ INCREASE,,,,
ADJLAB*10/28/2023,,,,LABOR ADJ INCREASE,,,,
ADJLAB*10/29/2020,,,,LABOR ADJ INCREASE,,,,
ADJLAB*10/29/2023,,,,LABOR ADJ INCREASE,,,,
ADJLAB*10/9/2021,,,,LABOR ADJ INCREASE,,,,
ADJLAB*1/10/2024,,,,LABOR ADJ INCREASE,,,,
ADJLAB*11/11/2022,,,,LABOR ADJ INCREASE,,,,
ADJLAB*11/11/2023,,,,LABOR ADJ INCREASE,,,,
ADJLAB*11/12/2020,,,,LABOR ADJ INCREASE,,,,
ADJLAB*11/12/2023,,,,LABOR ADJ INCREASE,,,,
ADJLAB*11/13/2020,,,,LABOR ADJ INCREASE,,,,
ADJLAB*11/13/2021,,,,LABOR ADJ INCREASE,,,,
ADJLAB*11/16/2022,,,,LABOR ADJ INCREASE,,,,
ADJLAB*11/16/2024,,,,LABOR ADJ INCREASE,,,,
ADJLAB*11/19/2020,,,,LABOR ADJ INCREASE,,,,
ADJLAB*1/1/2024,,,,LABOR ADJ INCREASE,,,,
ADJLAB*11/2/2020,,,,LABOR ADJ INCREASE,,,,
ADJLAB*11/2/2022,,,,LABOR ADJ INCREASE,,,,
ADJLAB*11/2/2024,,,,LABOR ADJ INCREASE,,,,
ADJLAB*11/23/2024,,,,LABOR ADJ INCREASE,,,,
ADJLAB*11/25/2021,,,,LABOR ADJ INCREASE,,,,
ADJLAB*1/14/2023,,,,LABOR ADJ INCREASE,,,,
ADJLAB*1/14/2024,,,,LABOR ADJ INCREASE,,,,
ADJLAB*1/15/2022,,,,LABOR ADJ INCREASE,,,,
ADJLAB*11/5/2022,,,,LABOR ADJ INCREASE,,,,
ADJLAB*11/6/2020,,,,LABOR ADJ INCREASE,,,,
ADJLAB*11/7/2021,,,,LABOR ADJ INCREASE,,,,
ADJLAB*1/17/2022,,,,LABOR ADJ INCREASE,,,,
ADJLAB*1/18/2025,,,,LABOR ADJ INCREASE,,,,
ADJLAB*11/9/2020,,,,LABOR ADJ INCREASE,,,,
ADJLAB*1/20/2024,,,,LABOR ADJ INCREASE,,,,
ADJLAB*12/10/2021,,,,LABOR ADJ INCREASE,,,,
ADJLAB*12/11/2020,,,,LABOR ADJ INCREASE,,,,
ADJLAB*12/11/2021,,,,LABOR ADJ INCREASE,,,,
ADJLAB*12/1/2021,,,,LABOR ADJ INCREASE,,,,
ADJLAB*12/14/2020,,,,LABOR ADJ INCREASE,,,,
ADJLAB*12/14/2024,,,,LABOR ADJ INCREASE,,,,
ADJLAB*12/16/2023,,,,LABOR ADJ INCREASE,,,,
ADJLAB*12/17/2020,,,,LABOR ADJ INCREASE,,,,
ADJLAB*12/18/2021,,,,LABOR ADJ INCREASE,,,,
ADJLAB*12/2/2023,,,,LABOR ADJ INCREASE,,,,
ADJLAB*1/22/2025,,,,LABOR ADJ INCREASE,,,,
ADJLAB*12/23/2023,,,,LABOR ADJ INCREASE,,,,
ADJLAB*12/26/2023,,,,LABOR ADJ INCREASE,,,,
ADJLAB*12/27/2022,,,,LABOR ADJ INCREASE,,,,
ADJLAB*12/29/2024,,,,LABOR ADJ INCREASE,,,,
ADJLAB*12/4/2020,,,,LABOR ADJ INCREASE,,,,
ADJLAB*1/24/2021,,,,LABOR ADJ INCREASE,,,,
ADJLAB*12/7/2022,,,,LABOR ADJ INCREASE,,,,
ADJLAB*12/8/2020,,,,LABOR ADJ INCREASE,,,,
ADJLAB*1/28/2024,,,,LABOR ADJ INCREASE,,,,
ADJLAB*12/8/2024,,,,LABOR ADJ INCREASE,,,,
ADJLAB*1/29/2023,,,,LABOR ADJ INCREASE,,,,
ADJLAB*1/31/2026,,,,LABOR ADJ INCREASE,,,,
ADJLAB*1/5/2025,,,,LABOR ADJ INCREASE,,,,
ADJLAB*1/7/2021,,,,LABOR ADJ INCREASE,,,,
ADJLAB*2/10/2025,,,,LABOR ADJ INCREASE,,,,
ADJLAB*2/11/2023,,,,LABOR ADJ INCREASE,,,,
ADJLAB*2/1/2021,,,,LABOR ADJ INCREASE,,,,
ADJLAB*2/1/2024,,,,LABOR ADJ INCREASE,,,,
ADJLAB*2/1/2025,,,,LABOR ADJ INCREASE,,,,
ADJLAB*2/12/2022,,,,LABOR ADJ INCREASE,,,,
ADJLAB*2/12/2024,,,,LABOR ADJ INCREASE,,,,
ADJLAB*2/16/2025,,,,LABOR ADJ INCREASE,,,,
ADJLAB*2/17/2021,,,,LABOR ADJ INCREASE,,,,
ADJLAB*2/19/2020,,,,LABOR ADJ INCREASE,,,,
ADJLAB*2/20/2022,,,,LABOR ADJ INCREASE,,,,
ADJLAB*2/22/2025,,,,LABOR ADJ INCREASE,,,,
ADJLAB*2/24/2020,,,,LABOR ADJ INCREASE,,,,
ADJLAB*2/24/2024,,,,LABOR ADJ INCREASE,,,,
ADJLAB*2/26/2023,,,,LABOR ADJ INCREASE,,,,
ADJLAB*2/4/2021,,,,LABOR ADJ INCREASE,,,,
ADJLAB*2/5/2022,,,,LABOR ADJ INCREASE,,,,
ADJLAB*2/6/2022,,,,LABOR ADJ INCREASE,,,,
ADJLAB*2/7/2022,,,,LABOR ADJ INCREASE,,,,
ADJLAB*2/8/2025,,,,LABOR ADJ INCREASE,,,,
ADJLAB*3/11/2020,,,,LABOR ADJ INCREASE,,,,
ADJLAB*3/11/2023,,,,LABOR ADJ INCREASE,,,,
ADJLAB*3/12/2020,,,,LABOR ADJ INCREASE,,,,
ADJLAB*3/12/2022,,,,LABOR ADJ INCREASE,,,,
ADJLAB*3/13/2021,,,,LABOR ADJ INCREASE,,,,
ADJLAB*3/13/2024,,,,LABOR ADJ INCREASE,,,,
ADJLAB*3/18/2025,,,,LABOR ADJ INCREASE,,,,
ADJLAB*3/21/2022,,,,LABOR ADJ INCREASE,,,,
ADJLAB*3/27/2022,,,,LABOR ADJ INCREASE,,,,
ADJLAB*3/30/2020,,,,LABOR ADJ INCREASE,,,,
ADJLAB*3/30/2023,,,,LABOR ADJ INCREASE,,,,
ADJLAB*3/30/2024,,,,LABOR ADJ INCREASE,,,,
ADJLAB*3/3/2020,,,,LABOR ADJ INCREASE,,,,
ADJLAB*3/4/2020,,,,LABOR ADJ INCREASE,,,,
ADJLAB*3/4/2023,,,,LABOR ADJ INCREASE,,,,
ADJLAB*3/5/2022,,,,LABOR ADJ INCREASE,,,,
ADJLAB*3/6/2022,,,,LABOR ADJ INCREASE,,,,
ADJLAB*3/8/2021,,,,LABOR ADJ INCREASE,,,,
ADJLAB*3/8/2025,,,,LABOR ADJ INCREASE,,,,
ADJLAB*4/11/2024,,,,LABOR ADJ INCREASE,,,,
ADJLAB*4/12/2022,,,,LABOR ADJ INCREASE,,,,
ADJLAB*4/12/2025,,,,LABOR ADJ INCREASE,,,,
ADJLAB*4/15/2023,,,,LABOR ADJ INCREASE,,,,
ADJLAB*4/17/2021,,,,LABOR ADJ INCREASE,,,,
ADJLAB*4/19/2023,,,,LABOR ADJ INCREASE,,,,
ADJLAB*4/19/2025,,,,LABOR ADJ INCREASE,,,,
ADJLAB*4/20/2024,,,,LABOR ADJ INCREASE,,,,
ADJLAB*4/21/2020,,,,LABOR ADJ INCREASE,,,,
ADJLAB*4/21/2022,,,,LABOR ADJ INCREASE,,,,
ADJLAB*4/2/2022,,,,LABOR ADJ INCREASE,,,,
ADJLAB*4/22/2020,,,,LABOR ADJ INCREASE,,,,
ADJLAB*4/23/2022,,,,LABOR ADJ INCREASE,,,,
ADJLAB*4/27/2020,,,,LABOR ADJ INCREASE,,,,
ADJLAB*4/30/2022,,,,LABOR ADJ INCREASE,,,,
ADJLAB*4/3/2023,,,,LABOR ADJ INCREASE,,,,
ADJLAB*5/11/2024,,,,LABOR ADJ INCREASE,,,,
ADJLAB*5/13/2020,,,,LABOR ADJ INCREASE,,,,
ADJLAB*5/16/2022,,,,LABOR ADJ INCREASE,,,,
ADJLAB*5/17/2021,,,,LABOR ADJ INCREASE,,,,
ADJLAB*5/18/2022,,,,LABOR ADJ INCREASE,,,,
ADJLAB*5/18/2025,,,,LABOR ADJ INCREASE,,,,
ADJLAB*5/20/2022,,,,LABOR ADJ INCREASE,,,,
ADJLAB*5/24/2024,,,,LABOR ADJ INCREASE,,,,
ADJLAB*5/24/2025,,,,LABOR ADJ INCREASE,,,,
ADJLAB*5/3/2021,,,,LABOR ADJ INCREASE,,,,
ADJLAB*5/4/2024,,,,LABOR ADJ INCREASE,,,,
ADJLAB*5/6/2024,,,,LABOR ADJ INCREASE,,,,
ADJLAB*6/10/2020,,,,LABOR ADJ INCREASE,,,,
ADJLAB*6/10/2024,,,,LABOR ADJ INCREASE,,,,
ADJLAB*6/11/2020,,,,LABOR ADJ INCREASE,,,,
ADJLAB*6/11/2022,,,,LABOR ADJ INCREASE,,,,
ADJLAB*6/11/2023,,,,LABOR ADJ INCREASE,,,,
ADJLAB*6/11/2024,,,,LABOR ADJ INCREASE,,,,
ADJLAB*6/14/2024,,,,LABOR ADJ INCREASE,,,,
ADJLAB*6/14/2025,,,,LABOR ADJ INCREASE,,,,
ADJLAB*6/17/2023,,,,LABOR ADJ INCREASE,,,,
ADJLAB*6/19/2022,,,,LABOR ADJ INCREASE,,,,
ADJLAB*6/2/2020,,,,LABOR ADJ INCREASE,,,,
ADJLAB*6/2/2022,,,,LABOR ADJ INCREASE,,,,
ADJLAB*6/22/2025,,,,LABOR ADJ INCREASE,,,,
ADJLAB*6/23/2024,,,,LABOR ADJ INCREASE,,,,
ADJLAB*6/25/2024,,,,LABOR ADJ INCREASE,,,,
ADJLAB*6/28/2025,,,,LABOR ADJ INCREASE,,,,
ADJLAB*6/29/2022,,,,LABOR ADJ DECREASE,,,,
ADJLAB*6/30/2021,,,,LABOR ADJ INCREASE,,,,
ADJLAB*6/5/2021,,,,LABOR ADJ INCREASE,,,,
ADJLAB*6/9/2021,,,,LABOR ADJ INCREASE,,,,
ADJLAB*7/10/2024,,,,LABOR ADJ INCREASE,,,,
ADJLAB*7/13/2024,,,,LABOR ADJ INCREASE,,,,
ADJLAB*7/13/2025,,,,LABOR ADJ INCREASE,,,,
ADJLAB*7/16/2022,,,,LABOR ADJ INCREASE,,,,
ADJLAB*7/22/2023,,,,LABOR ADJ INCREASE,,,,
ADJLAB*7/24/2022,,,,LABOR ADJ INCREASE,,,,
ADJLAB*7/27/2023,,,,LABOR ADJ INCREASE,,,,
ADJLAB*7/31/2023,,,,LABOR ADJ INCREASE,,,,
ADJLAB*7/6/2024,,,,LABOR ADJ INCREASE,,,,
ADJLAB*7/8/2020,,,,LABOR ADJ INCREASE,,,,
ADJLAB*8/11/2023,,,,LABOR ADJ INCREASE,,,,
ADJLAB*8/1/2023,,,,LABOR ADJ INCREASE,,,,
ADJLAB*8/12/2020,,,,LABOR ADJ INCREASE,,,,
ADJLAB*8/13/2020,,,,LABOR ADJ INCREASE,,,,
ADJLAB*8/16/2025,,,,LABOR ADJ INCREASE,,,,
ADJLAB*8/17/2023,,,,LABOR ADJ INCREASE,,,,
ADJLAB*8/17/2024,,,,LABOR ADJ INCREASE,,,,
ADJLAB*8/18/2025,,,,LABOR ADJ INCREASE,,,,
ADJLAB*8/19/2025,,,,LABOR ADJ INCREASE,,,,
ADJLAB*8/20/2022,,,,LABOR ADJ INCREASE,,,,
ADJLAB*8/21/2021,,,,LABOR ADJ INCREASE,,,,
ADJLAB*8/21/2024,,,,LABOR ADJ INCREASE,,,,
ADJLAB*8/22/2021,,,,LABOR ADJ INCREASE,,,,
ADJLAB*8/23/2024,,,,LABOR ADJ INCREASE,,,,
ADJLAB*8/24/2023,,,,LABOR ADJ INCREASE,,,,
ADJLAB*8/25/2020,,,,LABOR ADJ INCREASE,,,,
ADJLAB*8/28/2021,,,,LABOR ADJ INCREASE,,,,
ADJLAB*8/4/2021,,,,LABOR ADJ INCREASE,,,,
ADJLAB*8/7/2021,,,,LABOR ADJ INCREASE,,,,
ADJLAB*8/8/2023,,,,LABOR ADJ INCREASE,,,,
ADJLAB*8/9/2025,,,,LABOR ADJ INCREASE,,,,
ADJLAB*9/10/2023,,,,LABOR ADJ DECREASE,,,,
ADJLAB*9/11/2021,,,,LABOR ADJ INCREASE,,,,
ADJLAB*9/11/2023,,,,LABOR ADJ INCREASE,,,,
ADJLAB*9/15/2024,,,,LABOR ADJ INCREASE,,,,
ADJLAB*9/18/2021,,,,LABOR ADJ INCREASE,,,,
ADJLAB*9/18/2022,,,,LABOR ADJ INCREASE,,,,
ADJLAB*9/22/2023,,,,LABOR ADJ INCREASE,,,,
ADJLAB*9/25/2022,,,,LABOR ADJ INCREASE,,,,
ADJLAB*9/28/2023,,,,LABOR ADJ INCREASE,,,,
ADJLAB*9/4/2021,,,,LABOR ADJ INCREASE,,,,
ADJLAB*9/9/2023,,,,LABOR ADJ INCREASE,,,,
ALERT,1.08,131,EA,"1 1/4"" CL 200 ALERTLINE PIPE",1.08,,"4""",
AUGER,0,545,EA,AUGER HOLES,0,,,
CEAN15,,,,CEANOTHUS GRIS. HORZ. 15G,,,,
COMP,,,,"LASCO 2"" SCH 80 LOOSE RING FLANGE",,,,
DIAN5,,,,DIANELLA LITTLE REV 5G,,,,
FREIGHT,0,None,,DELIVERY/ FREIGHT - NON TAX,0,,,
GRAVEL,26,640,CY,3/4 GRAVEL,26,GRAV,,
HEADER,0.15,559,EA,"1/4 X 4 BENDERBOARD, 2 PLY, STEEL",0.15,HDR,,
ILEX15,,,,ILEX 'WILL FLEMING' 15G,,,,
JOB CR,0,999,EA,JOB CREDIT IRRIGATION,0,,,
KBI,,,,IRRIGATION MISC #2,,,,
LABOR,0,999,EA,LABOR COSTS,0,,,
LAGE48,,,,"LAGERS. I. MUSKOGEE 48"" MLT",,,,
LIGU15,,,,LIGUSTRUM JAPONICUM 15G,,,,
NON-TAX,0,None,EA,NO TAX ITEM,0,,,
PEPCO,1.73,250,EA,PEPCO 9633 BUBBLER,1.73,,,
R1800,0.35,None,EA,RB PRESSURE COMP SCREEN,0.35,,,
RCONT,85,471,EA,RB HP6,85,,,
TAX,0,None,,TAX,0,,,
TBIRD,13.25,370.1,EA,RB TBIRD T-4-COM (USE 5004 PC SAM),13.25,,,
Tom,100,536,,Tom TOm,100,,,
WATER,0,None,EA,WATER BILLS,0,,,
YUCC24,,,,"YUCCA GLORIOSA 24"" MLT",,,,
