id,bid_id,customer_name,project_name,total_budget,created_at,updated_at,special_notes,terms_conditions,revision_number,exclusions,point_of_contact,architect_name,architect_specifications,architect_dated,architect_sheets,engineer_name,engineer_specifications,engineer_dated,engineer_sheets,display_id,proposal_date,poc_phone_number,prepared_by,prepared_by_title,signature_name,signature_title,status,completed_at,bid_type
34,B11367,Company E2931086,Project D40DDE59,0,2025-03-12 18:57:00.054998,2026-07-23 00:17:23.805034,[],,1,,,,,,,,,,,,,,,,,,active,2026-07-23 00:17:23.804414,
36,B11444,Company 741C96DD,Project F42B843F,702266,2025-04-17 14:11:05.592966,2025-04-17 14:18:02.29607,[],,1,"Water meter service and hot taps, power for clocks, permits, all hardscape, all grading, import/export of soil, clearing or removal of any existing erosion control devices, demolition, grubbing, rodent control, water cost, downspout connections unless noted, and overtime.",,Person B1D0E4F4,,,,Person 79799C69,,,,,,,,,,,draft,,
37,B11452,Company 22EDA38C,Project F7AED618,172219,2025-04-18 16:51:08.325697,2025-04-18 17:16:22.806568,[],,1,"Water meter service and hot taps, power for clocks, permits, all hardscape, all grading, import/export of soil, clearing or removal of any existing erosion control devices, demolition, grubbing, rodent control, water cost, downspout connections unless noted, and overtime.",,Person B1D0E4F4,,,,Person 4D54F43A,,,,,,,,,,,draft,,
38,B11456A,Company 0FD8AE3F,Project 9A16D003,112041,2025-04-23 17:40:39.94101,2025-04-23 17:42:52.908522,[],,1,"Water meter service and hot taps, power for clocks, permits, all hardscape, all grading, import/export of soil, clearing or removal of any existing erosion control devices, demolition, grubbing, rodent control, water cost, downspout connections unless noted, and overtime.",,Person 490E4A32,,,,Person 9E3A7B66,,,,,,,,,,,draft,,
39,B11470,Company D640F50A,Project 969FCFB1,455895,2025-05-23 17:16:41.188196,2025-06-18 21:47:09.6426,[],,1,"Water meter service and hot taps, power for clocks, permits, all hardscape, all grading, import/export of soil, clearing or removal of any existing erosion control devices, demolition, grubbing, rodent control, water cost, downspout connections unless noted, and overtime.",Person 2699B763,Person 6E7B42C9,,,,Person E39619CC,,,,,,,,,,,draft,,
40,B11471,Company 0907EA87,Project 0D87FCCE,286786,2025-06-18 21:14:17.257941,2025-06-18 21:17:05.245787,[],,1,"Water meter service and hot taps, power for clocks, permits, all hardscape, all grading, import/export of soil, clearing or removal of any existing erosion control devices, demolition, grubbing, rodent control, water cost, downspout connections unless noted, and overtime.",,Person 003833A9,,,,Person CA7E4282,,,,,,,,,,,draft,,
41,B11471,Company 0907EA87,Project 0D87FCCE,1376782,2025-06-18 21:17:46.314033,2025-12-12 17:18:36.149968,[],,2,"Water meter service and hot taps, power for clocks, permits, all hardscape, all grading, import/export of soil, clearing or removal of any existing erosion control devices, demolition, grubbing, rodent control, water cost, downspout connections unless noted, and overtime.",Person A40B6CBD,Person 003833A9,,,,Person CA7E4282,,,,,2025-12-12,,,,,,draft,,
42,B11519,Company CD7A14A3,Project B2623003,133900,2025-09-18 19:57:12.205204,2025-12-08 22:51:03.20242,[],,1,"Water meter service and hot taps, power for clocks, permits, all hardscape, all grading, import/export of soil, clearing or removal of any existing erosion control devices, demolition, grubbing, rodent control, water cost, downspout connections unless noted, and overtime.",Person A0F28CDA,Person E39619CC,,,,Person 8776A46C,,,,,2025-12-08,,,,,,draft,,
43,B11526,Company 66E3A291,Project 2034A3FF,28164,2025-09-18 23:00:57.886588,2025-09-18 23:08:59.630922,[],,1,"Water meter service and hot taps, power for clocks, permits, all hardscape, all grading, import/export of soil, clearing or removal of any existing erosion control devices, demolition, grubbing, rodent control, water cost, downspout connections unless noted, and overtime.",Person F9352E35,Person 7965A8D6,,,,Person E39619CC,,,,,,,,,,,draft,,
44,B11531,Company C11305B2,Project F6428423,15500,2025-09-22 19:53:19.124442,2025-09-23 01:03:47.055209,[],,1,"Water meter service and hot taps, power for clocks, permits, all hardscape, all grading, import/export of soil, clearing or removal of any existing erosion control devices, demolition, grubbing, rodent control, water cost, downspout connections unless noted, and overtime.",Person F8532EA8,,,,,,,,,,,,,,,,draft,,
45,B11534,Company DC2C0779,Project 620A1F19,380100,2025-09-25 16:08:38.208874,2026-02-26 19:55:17.228103,[],,1,"Water meter service and hot taps, power for clocks, permits, all hardscape, all grading, import/export of soil, clearing or removal of any existing erosion control devices, demolition, grubbing, rodent control, water cost, downspout connections unless noted, and overtime.",Person A7A4465A,Person 75FECA0E,,,,Person E39619CC,,,,,2026-02-26,555-0166,,,,,draft,,
46,B11532,Company 174C22B7,Project 390AEF0C,133300,2025-10-02 16:39:57.616517,2026-04-06 21:52:56.185969,[],,1,"Water meter service and hot taps, power for clocks, permits, all hardscape, all grading, import/export of soil, clearing or removal of any existing erosion control devices, demolition, grubbing, rodent control, water cost, downspout connections unless noted, and overtime.",Person A30E5BC0,Person 6E7B42C9,,,,Person 81B6BDA8,,,,,2025-12-31,,,,,,draft,,
47,B11541,Company 3749DB02,Project 4BF082F5,129800,2025-10-03 17:22:53.522598,2025-10-03 19:05:51.275915,[],,1,"Water meter service and hot taps, power for clocks, permits, all hardscape, all grading, import/export of soil, clearing or removal of any existing erosion control devices, demolition, grubbing, rodent control, water cost, downspout connections unless noted, and overtime.",Person A1832DE2,Person C1E25311,,,,Person E39619CC,,,,,,,,,,,draft,,
48,B11536,Company 741C96DD,Project 29A2E3D6,101480,2025-10-09 20:40:55.686324,2025-10-22 16:56:38.604393,[],,1,"Water meter service and hot taps, power for clocks, permits, all hardscape, all grading, import/export of soil, clearing or removal of any existing erosion control devices, demolition, grubbing, rodent control, water cost, downspout connections unless noted, and overtime.",Person CD5F428F,Person B1D0E4F4,,,,Person 8F6211D8,,,,,,,,,,,draft,,
49,B11535,Company 741C96DD,Project D7D5F04B,236200,2025-10-09 20:50:31.1644,2025-10-19 20:46:44.600187,[],,1,"Water meter service and hot taps, power for clocks, permits, all hardscape, all grading, import/export of soil, clearing or removal of any existing erosion control devices, demolition, grubbing, rodent control, water cost, downspout connections unless noted, and overtime.",Person 92A3420D,Person B1D0E4F4,,,,Person 419A5232,,,,,,,,,,,draft,,
50,B11535,Company 741C96DD,Project D7D5F04B,222140,2025-10-09 20:51:50.09588,2025-10-22 17:14:26.081339,[],,2,"Water meter service and hot taps, power for clocks, permits, all hardscape, all grading, import/export of soil, clearing or removal of any existing erosion control devices, demolition, grubbing, rodent control, water cost, downspout connections unless noted, and overtime.",Person FD7A6691,,,,,,,,,,,,,,,,draft,,
51,B11536,Company 741C96DD,Project 29A2E3D6,121600,2025-10-09 20:56:26.80242,2025-10-19 20:43:34.182694,[],,2,"Water meter service and hot taps, permits, all hardscape, all grading, import/export of soil, clearing or removal of any existing erosion control devices, demolition, grubbing, rodent control, water cost, downspout connections unless noted, and overtime.",Person 92A3420D,Person B1D0E4F4,,,,Person 8F6211D8,,,,,,,,,,,draft,,
52,B11535,Company 741C96DD,Project D7D5F04B,353209,2025-10-09 20:58:15.171493,2025-10-09 21:06:02.820862,[],,3,"Water meter service and hot taps, power for clocks, permits, all hardscape, all grading, import/export of soil, clearing or removal of any existing erosion control devices, demolition, grubbing, rodent control, water cost, downspout connections unless noted, and overtime.",Person CD5F428F,Person B1D0E4F4,,,,Person 8F6211D8,,,,,,,,,,,draft,,
53,B11542,Company 444DB9E8,Project 7F35D3E5,58086,2025-10-09 21:40:23.037782,2025-10-09 21:42:08.366384,[],,1,"Water meter service and hot taps, power for clocks, permits, all hardscape, all grading, import/export of soil, clearing or removal of any existing erosion control devices, demolition, grubbing, rodent control, water cost, downspout connections unless noted, and overtime.",,,,,,,,,,,,,,,,,draft,,
64,B11528.EM,Company 741C96DD,Project BF8CD205,785050,2025-10-13 23:57:58.554702,2025-10-22 17:30:59.504179,[],,0,"Water meter service and hot taps, power for clocks, permits, all hardscape, all grading, import/export of soil, clearing or removal of any existing erosion control devices, demolition, grubbing, rodent control, water cost, downspout connections unless noted, and overtime.",,,,,,,,,,,,,,,,,draft,,
65,B11543.P,Company 03FD0A02,Project 0946C2F1,29200,2025-10-21 21:47:19.836841,2025-10-22 21:54:56.551186,[],,0,"Water meter service and hot taps, power for clocks, permits, all hardscape, all grading, import/export of soil, clearing or removal of any existing erosion control devices, demolition, grubbing, rodent control, water cost, downspout connections unless noted, and overtime.",Person 65F44C08,Person 86DE2239,,,,Person E39619CC,,,,,,,,,,,draft,,
66,B11545,Company D640F50A,Project A4A9EA9F,241750,2025-10-23 18:55:05.627902,2025-11-05 18:12:46.75932,[],,0,"Water meter service and hot taps, power for clocks, permits, all hardscape, all grading, import/export of soil, clearing or removal of any existing erosion control devices, demolition, grubbing, rodent control, water cost, downspout connections unless noted, and overtime.",Person B63958A9,Person 6590C68D,,,,Person 71D265E4,,,,,2025-11-05,,,,,,draft,,
67,B11507,Company DEFFB02D,Project B8334B74,0,2025-10-24 15:21:22.280628,2025-10-24 15:21:22.28063,[],,0,,Person F411E08A,,,,,,,,,,,,,,,,draft,,
68,B11507,Company DEFFB02D,Project B8334B74,0,2025-10-24 15:21:39.728948,2025-10-24 15:21:39.72895,[],,1,,Person F411E08A,,,,,,,,,,,,,,,,draft,,
69,B11507,Company DEFFB02D,Project B8334B74,37302,2025-10-24 15:25:49.189572,2026-03-06 18:12:45.984783,[],,2,"Water meter service and hot taps, power for clocks, permits, all hardscape, all grading, import/export of soil, clearing or removal of any existing erosion control devices, demolition, grubbing, rodent control, water cost, downspout connections unless noted, and overtime.",Person F411E08A,Person FE1B36EF,,,,Person 58894B2A,,,,,2026-03-06,,,,,,draft,,
70,B11539,Company 88F30DA4,Project A92941CC,1335767,2025-10-27 23:02:05.297905,2025-10-27 23:12:15.236684,[],,0,"Water meter service and hot taps, power for clocks, permits, all hardscape, all grading, import/export of soil, clearing or removal of any existing erosion control devices, demolition, grubbing, rodent control, water cost, downspout connections unless noted, and overtime.",Person 2B80E893,Person 490E4A32,,,,Person 29A06563,,,,,,,,,,,draft,,
71,B11547,Company B06F661D,Project 614A39DB,117800,2025-10-29 23:00:50.609572,2025-10-30 20:01:10.285168,[],,0,"Water meter service and hot taps, power for clocks, permits, all hardscape, all grading, import/export of soil, clearing or removal of any existing erosion control devices, demolition, grubbing, rodent control, water cost, downspout connections unless noted, and overtime.",,Person CEABDABB,,,,Person ACFA4F1C,,,,,,,,,,,draft,,
72,B11544,Company 444DB9E8,Project A817F102,226722,2025-10-30 19:48:53.021821,2025-10-30 19:56:55.231844,[],,0,"Water meter service and hot taps, power for clocks, permits, all hardscape, all grading, import/export of soil, clearing or removal of any existing erosion control devices, demolition, grubbing, rodent control, water cost, downspout connections unless noted, and overtime.",Person B4A0851F,Person 7A9FCBDC,,,,Person C8729025,,,,,,,,,,,draft,,
73,B11554,Company 03FD0A02,Project C6E13F9A,65200,2025-11-03 21:25:39.241072,2025-11-04 17:07:37.124058,[],,0,"Water meter service and hot taps, power for clocks, permits, all hardscape, all grading, import/export of soil, clearing or removal of any existing, erosion control devices, demolition, grubbing, rodent control, water cost, downspout connections unless noted, and overtime.",Person 65F44C08,Person 75FECA0E,,,,Person E39619CC,,,,,2025-11-04,,,,,,draft,,
78,B11554,Company 03FD0A02,Project C6E13F9A,65200,2025-11-04 19:15:31.295985,2025-11-04 19:16:04.112232,[],,1,"Water meter service and hot taps, power for clocks, permits, all hardscape, all grading, import/export of soil, clearing or removal of any existing, erosion control devices, demolition, grubbing, rodent control, water cost, downspout connections unless noted, and overtime.",Person 65F44C08,Person 75FECA0E,,,,Person E39619CC,,,,,2025-11-04,,,,,,draft,,
79,B11557,Company E2931086,Project 2B32BE77,322900,2025-11-05 18:06:54.674233,2025-11-07 03:13:38.971535,[],,0,"Water meter service and hot taps, power for clocks, permits, all hardscape, all grading, import/export of soil, clearing or removal of any existing erosion control devices, demolition, grubbing, rodent control, water cost, downspout connections unless noted, and overtime.",Person BE4D0CB5,Person 3C1E2508,,,,Person DACB5DDC,,,,,2025-11-06,,,,,,draft,,
80,B11548,Company 0D9B77D6,Project A25A980B,267052,2025-11-05 21:10:27.71222,2026-02-10 23:45:07.270136,[],,0,"Water meter service and hot taps, power for clocks, permits, all hardscape, all grading, import/export of soil, clearing or removal of any existing erosion control devices, demolition, grubbing, rodent control, water cost, downspout connections unless noted, and overtime.",Person D1082A3F,Person 7CB87A20,,,,Person A1E451AF,,,,,2025-11-05,555-0137,,,,,draft,,
81,B11546,Company 43E75C2B,Project D00C2C67,653760,2025-11-06 00:03:04.179402,2025-11-11 01:28:15.172721,[],,0,"Water meter service and hot taps, power for clocks, permits, all hardscape, all grading, import/export of soil, clearing or removal of any existing erosion control devices, demolition, grubbing, rodent control, water cost, downspout connections unless noted, and overtime.",Person BD6A7C06,Person B8C1B06D,,,,Person A5B4DC59,,,,,2025-11-06,,,,,,draft,,
82,B11555,Company 61383C18,Project 5273A864,269500,2025-11-06 20:10:04.44824,2025-11-06 20:23:57.500097,[],,0,"Water meter service and hot taps, power for clocks, permits, all hardscape, all grading, import/export of soil, clearing or removal of any existing erosion control devices, demolition, grubbing, rodent control, water cost, downspout connections unless noted, and overtime.",Person D4482408,,,,,,,,,,2025-11-06,,,,,,draft,,
83,B11557,Company E2931086,Project 2B32BE77,84900,2025-11-07 18:59:50.980037,2026-02-27 18:40:01.018535,[],,1,"Water meter service and hot taps, power for clocks, permits, all hardscape, all grading, import/export of soil, clearing or removal of any existing erosion control devices, demolition, grubbing, rodent control, water cost, downspout connections unless noted, and overtime.",Person BE4D0CB5,Person 3C1E2508,,,,Person 6558CD26,,,,,2025-11-07,,,,,,draft,,
84,B11562,Company DA50B0A3,Project BF3EB177,1610100,2025-11-07 21:42:26.601527,2026-02-20 16:21:16.9874,[],,0,"Water meter service and hot taps, power for clocks, permits, all hardscape, all grading, import/export of soil, clearing or removal of any existing erosion control devices, demolition, grubbing, rodent control, water cost, downspout connections unless noted, and overtime.",Person 2B80E893,Person 6E7B42C9,,,,Person 9E3A7B66,,,,,2026-01-16,,,,,,draft,,
85,B11546,Company 43E75C2B,Project D00C2C67,657200,2025-11-11 01:28:21.886249,2026-01-06 21:29:48.591509,[],,1,"Water meter service and hot taps, power for clocks, permits, all hardscape, all grading, import/export of soil, clearing or removal of any existing erosion control devices, demolition, grubbing, rodent control, water cost, downspout connections unless noted, and overtime.",Person BD6A7C06,Person B8C1B06D,,,,Person A5B4DC59,,,,,2026-01-06,,,,,,draft,,
86,B11551,Company E2931086,Project B792F741,589223,2025-11-11 18:18:17.468815,2025-11-11 18:25:01.416875,[],,0,"Water meter service and hot taps, power for clocks, permits, all hardscape, all grading, import/export of soil, clearing or removal of any existing, erosion control devices, demolition, grubbing, rodent control, water cost, downspout connections unless noted, and overtime.",,Person FFDD1996,,,,Person DACB5DDC,,,,,2025-11-11,,,,,,draft,,
87,B11552,Company 5C2B4E23,Project 6CC10A7A,33202,2025-11-11 22:54:23.55737,2025-11-11 22:55:52.751323,[],,0,"Water meter service and hot taps, power for clocks, permits, all hardscape, all grading, import/export of soil, clearing or removal of any existing erosion control devices, demolition, grubbing, rodent control, water cost, downspout connections unless noted, and overtime.",Person 88C6BD4F,Person 3F09D1A2,,,,Person E39619CC,,,,,2025-11-11,,,,,,draft,,
88,B11556,Company B06F661D,Project FB9178EF,0,2025-11-15 00:43:47.39509,2025-11-19 20:09:53.076419,[],,0,"Water meter service and hot taps, power for clocks, permits, all hardscape, all grading, import/export of soil, clearing or removal of any existing erosion control devices, demolition, grubbing, rodent control, water cost, downspout connections unless noted, and overtime.",Person 234EC90E,Person 05755677,,,,Person 122A2FBC,,,,,2025-11-19,,,,,,draft,,
89,B11564,Company B75AEEFD,Project BC42254B,87220,2025-11-15 00:59:30.368988,2025-11-17 18:51:01.178996,[],,0,"Water meter service and hot taps, power for clocks, permits, all hardscape, all grading, import/export of soil, clearing or removal of any existing erosion control devices, demolition, grubbing, rodent control, water cost, downspout connections unless noted, and overtime.",Person B75AEEFD,,,,,,,,,,2025-11-18,,,,,,draft,,
90,B11452,Company 22EDA38C,Project F7AED618,172219,2025-11-18 17:40:53.176596,2025-11-18 17:41:00.330815,[],,2,"Water meter service and hot taps, power for clocks, permits, all hardscape, all grading, import/export of soil, clearing or removal of any existing erosion control devices, demolition, grubbing, rodent control, water cost, downspout connections unless noted, and overtime.",,Person B1D0E4F4,,,,Person 4D54F43A,,,,,2025-11-18,,,,,,draft,,
91,B11452,Company 22EDA38C,Project F7AED618,172219,2025-11-18 17:42:01.986112,2025-11-18 17:42:01.986116,[],,3,"Water meter service and hot taps, power for clocks, permits, all hardscape, all grading, import/export of soil, clearing or removal of any existing erosion control devices, demolition, grubbing, rodent control, water cost, downspout connections unless noted, and overtime.",,Person B1D0E4F4,,,,Person 4D54F43A,,,,,,,,,,,draft,,
92,B11502,Company 08367154,Project 13A095FD,609900,2025-11-19 16:39:12.55699,2025-11-20 17:39:25.296831,[],,0,"Water meter service and hot taps, power for clocks, permits, all hardscape, all grading, import/export of soil, clearing or removal of any existing erosion control devices, demolition, grubbing, rodent control, water cost, downspout connections unless noted, and overtime.",Person C03CB0F1,Person 27CFA7A7,,,,Person 890E84A7,,,,,2025-11-21,,,,,,draft,,
93,B11565,Company DBFBA742,Project 990DD462,0,2025-11-20 22:28:19.566495,2025-11-20 22:31:12.158529,[],,0,"Water meter service and hot taps, power for clocks, permits, all hardscape, all grading, import/export of soil, clearing or removal of any existing erosion control devices, demolition, grubbing, rodent control, water cost, downspout connections unless noted, and overtime.",,Person 7A533D05,,,,Person E39619CC,,,,,2025-11-20,,,,,,draft,,
94,B11573,Company 03FD0A02,Project 75470574,35977,2025-11-21 15:15:38.406507,2025-11-21 15:19:37.554301,[],,0,"Water meter service and hot taps, power for clocks, permits, all hardscape, all grading, import/export of soil, clearing or removal of any existing erosion control devices, demolition, grubbing, rodent control, water cost, downspout connections unless noted, and overtime.",Person E39619CC,Person E99DBC0C,,,,Person DACB5DDC,,,,,2025-11-21,,,,,,draft,,
95,B11573,Company 03FD0A02,Project 75470574,35977,2025-11-21 16:30:53.343625,2025-11-21 16:31:14.226437,[],,1,"Water meter service and hot taps, power for clocks, permits, all hardscape, all grading, import/export of soil, clearing or removal of any existing erosion control devices, demolition, grubbing, rodent control, water cost, downspout connections unless noted, and overtime.",Person E39619CC,Person E99DBC0C,,,,Person DACB5DDC,,,,,2025-11-21,,,,,,draft,,
96,B11575,Company 9CC6951F,Project B6454A55,76400,2025-12-02 16:40:26.600211,2025-12-02 16:48:41.962992,[],,0,"Water meter service and hot taps, power for clocks, permits, all hardscape, all grading, import/export of soil, clearing or removal of any existing erosion control devices, demolition, grubbing, rodent control, water cost, downspout connections unless noted, and overtime.",Person E39619CC,,,,,,,,,,2025-12-02,,,,,,draft,,
97,B11559,Company 04496F34,Project 912D295E,0,2025-12-02 22:00:06.110584,2025-12-02 22:01:53.897758,[],,0,"Water meter service and hot taps, power for clocks, permits, all hardscape, all grading, import/export of soil, clearing or removal of any existing erosion control devices, demolition, grubbing, rodent control, water cost, downspout connections unless noted, and overtime.",Person DE83C32A,Person B1D0E4F4,,,,Person E39619CC,,,,,2025-12-02,,,,,,draft,,
98,B11502,Company 08367154,Project 13A095FD,598900,2025-12-05 21:52:54.585843,2025-12-05 22:02:35.665464,[],,1,"Water meter service and hot taps, power for clocks, permits, all hardscape, all grading, import/export of soil, clearing or removal of any existing erosion control devices, demolition, grubbing, rodent control, water cost, downspout connections unless noted, and overtime.",Person C03CB0F1,Person 27CFA7A7,,,,Person 890E84A7,,,,,2025-12-05,,,,,,draft,,
99,B11561,Company DEFFB02D,Project E2C87858,101583,2025-12-05 21:57:32.716305,2025-12-05 22:05:25.340642,[],,0,"Water meter service and hot taps, power for clocks, permits, all hardscape, all grading, import/export of soil, clearing or removal of any existing erosion control devices, demolition, grubbing, rodent control, water cost, downspout connections unless noted, and overtime.",,Person 88DC8425,,,,Person 63E41750,,,,,2025-12-05,,,,,,draft,,
100,B11519,Company CD7A14A3,Project B2623003,133900,2025-12-10 19:36:51.810413,2025-12-10 19:36:51.810417,[],,2,"Water meter service and hot taps, power for clocks, permits, all hardscape, all grading, import/export of soil, clearing or removal of any existing erosion control devices, demolition, grubbing, rodent control, water cost, downspout connections unless noted, and overtime.",Person A0F28CDA,Person E39619CC,,,,Person 8776A46C,,,,,,,,,,,draft,,
101,B11568,Company 6AE737D0,Project B972F0E3,188842,2025-12-11 14:16:58.761987,2025-12-11 21:01:30.205074,[],,0,"Water meter service and hot taps, power for clocks, permits, all hardscape, all grading, import/export of soil, clearing or removal of any existing erosion control devices, demolition, grubbing, rodent control, water cost, downspout connections unless noted, and overtime.",Person 192FCF72,Person AA6C1180,,,,Person E39619CC,,,,,2025-12-11,,,,,,draft,,
102,B11560,Company D170570E,Project 5142BE42,106300,2025-12-17 22:57:47.402366,2026-01-11 20:23:49.851592,[],,0,"Water meter service and hot taps, power for clocks, permits, all hardscape, all grading, import/export of soil, clearing or removal of any existing erosion control devices, demolition, grubbing, rodent control, water cost, downspout connections unless noted, and overtime.",,Person 3C1E2508,,,,Person 7452B882,,,,,2026-01-11,,,,,,draft,,
103,B11587,Company C11305B2,Project CA00107A,149800,2025-12-22 19:50:58.70197,2025-12-23 17:14:55.525803,[],,0,"Water meter service and hot taps, power for clocks, permits, all hardscape, all grading, import/export of soil, clearing or removal of any existing erosion control devices, demolition, grubbing, rodent control, water cost, downspout connections unless noted, and overtime.",Person F8532EA8,,,,,,,,,,2025-12-22,,,,,,draft,,
104,B11580,Company 0907EA87,Project C54C2040,1328065.7,2025-12-30 22:31:47.16732,2026-01-09 00:52:30.716554,[],,0,"Water meter service and hot taps, power for clocks, permits, all hardscape, all grading, import/export of soil, clearing or removal of any existing erosion control devices, demolition, grubbing, rodent control, water cost, downspout connections unless noted, and overtime.",Person CE7F5146,Person 1326C46C,,,,Person 29A06563,,,,,2026-01-08,,,,,,draft,,
105,B11584,Company 982E6BBC,Project 835A8AB2,227521,2026-01-07 20:06:43.964593,2026-01-21 21:11:43.170284,[],,0,"Water meter service and hot taps, power for clocks, permits, all hardscape, all grading, import/export of soil, clearing or removal of any existing erosion control devices, demolition, grubbing, rodent control, water cost, downspout connections unless noted, and overtime.",Person 409F6F5F,Person 75FECA0E,,,,Person 9E3A7B66,,,,,2026-01-21,555-0122,,,,,draft,,
106,B11582,Company 66E3A291,Project C19B7C32,201440,2026-01-08 00:04:02.205818,2026-01-10 01:52:07.015849,[],,0,"Water meter service and hot taps, power for clocks, permits, all hardscape, all grading, import/export of soil, clearing or removal of any existing erosion control devices, demolition, grubbing, rodent control, water cost, downspout connections unless noted, and overtime.",,,,,,,,,,,2026-01-09,,,,,,draft,,
107,B11590,Company 444DB9E8,Project 50542D0D,286900,2026-01-08 20:59:16.739189,2026-01-09 22:47:47.118806,[],,0,"Water meter service and hot taps, power for clocks, permits, all hardscape, all grading, import/export of soil, clearing or removal of any existing erosion control devices, demolition, grubbing, rodent control, water cost, downspout connections unless noted, and overtime.",Person 03877221,Person 1550860D,,,,Person E39619CC,,,,,2026-01-09,,,,,,draft,,
108,B11525,Company 15EE0008,Project BF90BB89,1156300,2026-01-10 00:45:04.289948,2026-01-13 21:32:03.473917,[],,0,"Water meter service and hot taps, power for clocks, permits, all hardscape, all grading, import/export of soil, clearing or removal of any existing erosion control devices, demolition, grubbing, rodent control, water cost, downspout connections unless noted, and overtime.",Person 01938A58,Person 4D03FBA4,,,,,,,,,2026-01-13,,,,,,draft,,
109,B11546,Company 43E75C2B,Project D00C2C67,639470,2026-01-10 18:57:23.09386,2026-01-10 18:58:19.101816,[],,2,"Water meter service and hot taps, power for clocks, permits, all hardscape, all grading, import/export of soil, clearing or removal of any existing erosion control devices, demolition, grubbing, rodent control, water cost, downspout connections unless noted, and overtime.",Person BD6A7C06,Person B8C1B06D,,,,Person A5B4DC59,,,,,2026-01-10,,,,,,draft,,
110,B11582,Company 66E3A291,Project C19B7C32,203640,2026-01-12 20:24:43.729777,2026-01-12 20:27:49.336052,[],,1,"Water meter service and hot taps, power for clocks, permits, all hardscape, all grading, import/export of soil, clearing or removal of any existing erosion control devices, demolition, grubbing, rodent control, water cost, downspout connections unless noted, and overtime.",,,,,,,,,,,2026-01-12,,,,,,draft,,
111,B11591.ON,Company 94627B6E,Project 4AF5A5E3,560200,2026-01-12 23:38:14.622601,2026-05-22 22:57:11.191233,[],,0,"Water meter service and hot taps, power for clocks, permits, all hardscape, all grading, import/export of soil, clearing or removal of any existing erosion control devices, demolition, grubbing, rodent control, water cost, downspout connections unless noted, and overtime.
Excludes River rock dry creek bed & River rock median strip & nose at Off-site LMD portion.",Person 02A33348,Person 44692ED6,,,,Person DACB5DDC,,,,,2026-01-12,,,,,,active,2026-05-22 22:57:11.190721,
112,B11591,Company D56E2134,Project D7C1B027,90182,2026-01-12 23:42:07.576063,2026-05-22 22:56:54.200156,[],,0,"Water meter service and hot taps, power for clocks, permits, all hardscape, all grading, import/export of soil, clearing or removal of any existing erosion control devices, demolition, grubbing, rodent control, water cost, downspout connections unless noted, and overtime.",,,,,,,,,,,2026-04-10,,,,,,active,2026-05-22 22:56:54.199618,
113,B11585,Company 0CD776D3,Project 289AD45F,143500,2026-01-13 16:36:57.879353,2026-01-13 16:41:32.192303,[],,0,"Water meter service and hot taps, power for clocks, permits, all hardscape, all grading, import/export of soil, clearing or removal of any existing erosion control devices, demolition, grubbing, rodent control, water cost, downspout connections unless noted, and overtime.",Person C1B6714D,,,,,,,,,,2026-01-13,,,,,,draft,,
114,B11579.M,Company 43E75C2B,Project 5A8C628B,613525,2026-01-13 20:18:37.523997,2026-01-13 21:41:58.670327,[],,0,"Water meter service and hot taps, power for clocks, permits, all hardscape, all grading, import/export of soil, clearing or removal of any existing erosion control devices, demolition, grubbing, rodent control, water cost, downspout connections unless noted, and overtime.",Person A5C0CE79,,,,,,,,,,2026-01-13,,,,,,draft,,
115,B11597,Company 15EE0008,Project D6C3A668,133000,2026-01-13 22:35:07.023011,2026-04-21 15:07:41.494382,[],,0,"Water meter service and hot taps, power for clocks, permits, all hardscape, all grading, import/export of soil, clearing or removal of any existing erosion control devices, demolition, grubbing, rodent control, water cost, downspout connections unless noted, and overtime.",Person D02E6F67,Person 32CEE02F,,,,,,,,,2026-04-21,555-0103,,,,,draft,,
116,B11597,Company 15EE0008,Project D6C3A668,133000,2026-01-13 22:36:39.232712,2026-04-21 14:27:13.772671,[],,1,"Water meter service and hot taps, power for clocks, permits, all hardscape, all grading, import/export of soil, clearing or removal of any existing erosion control devices, demolition, grubbing, rodent control, water cost, downspout connections unless noted, and overtime.",Person D02E6F67,Person 32CEE02F,,,,,,,,,2026-01-15,555-0103,,,,,draft,,
117,B11594.RC,Company 759275BB,Project 8C07BBBB,225437,2026-01-14 18:06:44.880834,2026-01-14 18:09:14.764261,[],,0,"Water meter service and hot taps, power for clocks, permits, all hardscape, all grading, import/export of soil, clearing or removal of any existing erosion control devices, demolition, grubbing, rodent control, water cost, downspout connections unless noted, and overtime.",,,,,,,,,,,2026-01-14,,,,,,draft,,
118,B11595,Company 61383C18,Project 1EEB70B8,180270,2026-01-14 18:28:26.26888,2026-01-20 23:43:42.078016,[],,0,"Water meter service and hot taps, power for clocks, permits, all hardscape, all grading, import/export of soil, clearing or removal of any existing erosion control devices, demolition, grubbing, rodent control, water cost, downspout connections unless noted, and overtime.",Person 0AF71016,,,,,,,,,,2026-01-20,555-0138,,,,,draft,,
119,B11525,Company 15EE0008,Project BF90BB89,1156300,2026-01-15 17:45:19.819745,2026-06-15 16:41:10.630264,[],,1,"Water meter service and hot taps, power for clocks, permits, all hardscape, all grading, import/export of soil, clearing or removal of any existing erosion control devices, demolition, grubbing, rodent control, water cost, downspout connections unless noted, and overtime.",Person 01938A58,Person 4D03FBA4,,,,,,,,,2026-01-15,,,,,,active,2026-06-15 16:41:10.629768,
120,B11594M,Company 759275BB,Project AFB9EDA2,71228,2026-01-15 18:55:33.167542,2026-01-15 19:03:05.667637,[],,0,"Water meter service and hot taps, power for clocks, permits, all hardscape, all grading, import/export of soil, clearing or removal of any existing erosion control devices, demolition, grubbing, rodent control, water cost, downspout connections unless noted, and overtime.",,,,,,,,,,,2026-01-15,,,,,,draft,,
121,B11580,Company 0907EA87,Project C54C2040,1523490.7,2026-01-16 03:03:32.167174,2026-01-16 03:04:26.501668,[],,1,"Water meter service and hot taps, power for clocks, permits, all hardscape, all grading, import/export of soil, clearing or removal of any existing erosion control devices, demolition, grubbing, rodent control, water cost, downspout connections unless noted, and overtime.",Person CE7F5146,Person 1326C46C,,,,Person 29A06563,,,,,2026-01-15,,,,,,draft,,
122,B11546,Company 43E75C2B,Project D00C2C67,601570,2026-01-16 17:25:43.259051,2026-01-16 17:26:39.355442,[],,3,"Water meter service and hot taps, power for clocks, permits, all hardscape, all grading, import/export of soil, clearing or removal of any existing erosion control devices, demolition, grubbing, rodent control, water cost, downspout connections unless noted, and overtime.",Person BD6A7C06,Person B8C1B06D,,,,Person A5B4DC59,,,,,2026-01-16,,,,,,draft,,
123,B11589,Company 1DD0B85E,Project 0BEA1D3E,237060,2026-01-16 21:15:04.005782,2026-04-23 22:46:09.157943,[],,0,"Water meter service and hot taps, power for clocks, permits, all hardscape, all grading, import/export of soil, clearing or removal of any existing erosion control devices, demolition, grubbing, rodent control, water cost, downspout connections unless noted, and overtime.",Person C5BD41B4,Person 3879BA90,,,,Person F7BA4E90,,,,,2026-04-21,555-0117,Estimator A79AB1E7,V.P.,,,draft,,
124,B11591.ON,Company 1D35A13D,Project 4AF5A5E3,572200,2026-01-19 15:58:51.389633,2026-05-22 22:57:23.602495,[],,1,"Water meter service and hot taps, power for clocks, permits, all hardscape, all grading, import/export of soil, clearing or removal of any existing erosion control devices, demolition, grubbing, rodent control, water cost, downspout connections unless noted, and overtime.
Excludes River rock dry creek bed & River rock median strip & nose at Off-site LMD portion.",Person 02A33348,Person 44692ED6,,,,Person DACB5DDC,,,,,2026-01-19,,,,,,active,2026-05-22 22:57:23.601965,
125,B11588,Company 850D4EBF,Project 72072C49,0,2026-01-21 21:16:59.963915,2026-01-21 21:18:24.499109,[],,0,"Water meter service and hot taps, power for clocks, permits, all hardscape, all grading, import/export of soil, clearing or removal of any existing erosion control devices, demolition, grubbing, rodent control, water cost, downspout connections unless noted, and overtime.",Person CA80526D,Person 38C71A0F,,,,Person E39619CC,,,,,2026-01-21,,,,,,draft,,
126,B11593,Company 89DF119C,Project 43F0E739,425837.89,2026-01-22 16:46:53.735548,2026-01-22 17:04:35.07449,[],,0,"Water meter service and hot taps, power for clocks, permits, all hardscape, all grading, import/export of soil, clearing or removal of any existing erosion control devices, demolition, grubbing, rodent control, water cost, downspout connections unless noted, and overtime.",Person A27AF463,,,,,,,,,,2026-01-22,,,,,,draft,,
127,B11606,Company DEFFB02D,Project 93600A46,319101,2026-01-22 21:45:43.633352,2026-01-22 22:01:28.361181,[],,0,"Water meter service and hot taps, power for clocks, permits, all hardscape, all grading, import/export of soil, clearing or removal of any existing erosion control devices, demolition, grubbing, rodent control, water cost, downspout connections unless noted, and overtime.",Person DDF2CE16,Person CF81093E,,,,Person 647B557C,,,,,2026-01-22,,,,,,draft,,
128,B11595,Company 61383C18,Project 1EEB70B8,188769.9,2026-01-24 01:45:53.599775,2026-01-24 01:52:03.250566,[],,1,"Water meter service and hot taps, power for clocks, permits, all hardscape, all grading, import/export of soil, clearing or removal of any existing erosion control devices, demolition, grubbing, rodent control, water cost, downspout connections unless noted, and overtime.",Person 0AF71016,Person EDA2D806,,,,Person 9DBF3267,,,,,2026-01-23,555-0138,,,,,draft,,
129,B11596,Company DEFFB02D,Project 993E1F71,320600,2026-01-26 21:30:32.168974,2026-01-28 19:07:52.005028,[],,0,"Water meter service and hot taps, power for clocks, permits, all hardscape, all grading, import/export of soil, clearing or removal of any existing erosion control devices, demolition, grubbing, rodent control, water cost, downspout connections unless noted, and overtime.",Person D8FADF1C,Person 75FECA0E,,,,Person 6438F941,,,,,2026-01-28,555-0140,,,,,draft,,
130,B11592,Company DEFFB02D,Project BB6770F1,149100,2026-01-26 23:09:53.900901,2026-01-27 01:22:09.465192,[],,0,"Water meter service and hot taps, power for clocks, permits, all hardscape, all grading, import/export of soil, clearing or removal of any existing erosion control devices, demolition, grubbing, rodent control, water cost, downspout connections unless noted, and overtime.",Person 152B9AA7,,,,,,,,,,2026-01-27,555-0189,,,,,draft,,
133,B11596CC,Company F6ABCC53,Project 993E1F71,320600,2026-01-28 19:36:52.433673,2026-01-28 19:36:52.433676,[],,0,"Water meter service and hot taps, power for clocks, permits, all hardscape, all grading, import/export of soil, clearing or removal of any existing erosion control devices, demolition, grubbing, rodent control, water cost, downspout connections unless noted, and overtime.",Person D8FADF1C,Person 75FECA0E,,,,Person 6438F941,,,,B11596CC,,,,,,,draft,,
134,B11584,Company 982E6BBC,Project 835A8AB2,223144,2026-01-29 00:22:41.647901,2026-01-29 00:23:17.161515,[],,1,"Water meter service and hot taps, power for clocks, permits, all hardscape, all grading, import/export of soil, clearing or removal of any existing erosion control devices, demolition, grubbing, rodent control, water cost, downspout connections unless noted, and overtime.",Person 409F6F5F,Person 75FECA0E,,,,Person 9E3A7B66,,,,,2026-01-28,,,,,,draft,,
135,B11598,Company 61383C18,Project 75C6A712,669990,2026-01-29 20:30:15.978276,2026-01-30 00:31:58.513331,[],,0,"Water meter service and hot taps, power for clocks, permits, all hardscape, all grading, import/export of soil, clearing or removal of any existing erosion control devices, demolition, grubbing, rodent control, water cost, downspout connections unless noted, and overtime.",Person F0799365,Person 1326C46C,,,,Person E39619CC,,,,,2026-01-29,555-0144,,,,,draft,,
136,B11596CC,Company DEFFB02D,Project 993E1F71,315600,2026-01-30 16:31:27.297494,2026-01-30 16:33:25.531069,[],,1,"Water meter service and hot taps, power for clocks, permits, all hardscape, all grading, import/export of soil, clearing or removal of any existing erosion control devices, demolition, grubbing, rodent control, water cost, downspout connections unless noted, and overtime.",Person D8FADF1C,Person 75FECA0E,,,,Person 6438F941,,,,B11596CC,2026-01-30,,,,,,draft,,
137,B11594,Company C8618253,Project 8E48DD7A,1753025,2026-01-30 21:14:37.294161,2026-02-09 17:00:45.91614,[],,0,"Water meter service and hot taps, power for clocks, permits, all hardscape, all grading, import/export of soil, clearing or removal of any existing erosion control devices, demolition, grubbing, rodent control, water cost, downspout connections unless noted, and overtime.",Person B004F406,Person E59A8A70,,,,Person 56B4722B,,,,,2026-02-09,555-0133,,,,,draft,,
138,B11607,Company B06F661D,Project CBE543EA,111380,2026-02-02 15:11:30.332256,2026-02-03 17:48:05.50626,[],,0,"Water meter service and hot taps, power for clocks, permits, all hardscape, all grading, import/export of soil, clearing or removal of any existing erosion control devices, demolition, grubbing, rodent control, water cost, downspout connections unless noted, and overtime.",Person 384683BC,Person 38C71A0F,,,,Person DACB5DDC,,,,,2026-02-03,,,,,,draft,,
139,B11602,Company F8D78650,Project 9EBA01F3,78897,2026-02-02 16:59:51.242849,2026-02-02 17:03:39.045906,[],,0,"Water meter service and hot taps, power for clocks, permits, all hardscape, all grading, import/export of soil, clearing or removal of any existing erosion control devices, demolition, grubbing, rodent control, water cost, downspout connections unless noted, and overtime.",Person 88C6BD4F,Person ABD53CC6,,,,Person DACB5DDC,,,,,2026-02-02,,,,,,draft,,
140,B11599,Company 46533358,Project 04D219D2,107400,2026-02-02 20:00:22.884317,2026-02-03 16:34:54.865144,[],,0,"Water meter service and hot taps, power for clocks, permits, all hardscape, all grading, import/export of soil, clearing or removal of any existing erosion control devices, demolition, grubbing, rodent control, water cost, downspout connections unless noted, and overtime.",Person 499252D9,Person BB0911F8,,,,Person E39619CC,,,,,2026-02-03,555-0173,,,,,draft,,
141,B11584,Company 982E6BBC,Project 835A8AB2,224776,2026-02-03 19:12:41.049719,2026-02-04 23:37:11.290473,[],,2,"Water meter service and hot taps, power for clocks, permits, all hardscape, all grading, import/export of soil, clearing or removal of any existing erosion control devices, demolition, grubbing, rodent control, water cost, downspout connections unless noted, and overtime.",Person 409F6F5F,Person 75FECA0E,,,,Person 9E3A7B66,,,,,2026-02-04,,,,,,draft,,
142,B11604,Company 04496F34,Project AD614A3A,720318,2026-02-05 03:11:33.044729,2026-02-05 20:34:46.907006,[],,0,"Water meter service and hot taps, power for clocks, permits, all hardscape, all grading, import/export of soil, clearing or removal of any existing erosion control devices, demolition, grubbing, rodent control, water cost, downspout connections unless noted, and overtime.",Person 01046DC0,,,,,,,,,,2026-02-05,555-0170,,,,,draft,,
143,B11605,Company 04496F34,Project 0FA719F7,642640,2026-02-05 19:07:37.680468,2026-02-06 02:05:33.284885,[],,0,"Water meter service and hot taps, power for clocks, permits, all hardscape, all grading, import/export of soil, clearing or removal of any existing erosion control devices, demolition, grubbing, rodent control, water cost, downspout connections unless noted, and overtime.",Person 4158107E,Person B1D0E4F4,,,,Person 3BA5A8D6,,,,,2026-02-05,555-0170,,,,,draft,,
144,B11603,Company 04496F34,Project 54EC4A37,407330,2026-02-05 20:04:13.374213,2026-02-06 00:28:57.152643,[],,0,"Water meter service and hot taps, power for clocks, permits, all hardscape, all grading, import/export of soil, clearing or removal of any existing erosion control devices, demolition, grubbing, rodent control, water cost, downspout connections unless noted, and overtime.",Person 4158107E,Person B1D0E4F4,,,,Person 3BA5A8D6,,,,,2026-02-05,555-0170,,,,,draft,,
145,B11604,Company 04496F34,Project AD614A3A,790818,2026-02-06 01:10:51.101892,2026-02-06 01:11:31.758417,[],,1,"Water meter service and hot taps, power for clocks, permits, all hardscape, all grading, import/export of soil, clearing or removal of any existing erosion control devices, demolition, grubbing, rodent control, water cost, downspout connections unless noted, and overtime.",Person 01046DC0,,,,,,,,,,2026-02-06,,,,,,draft,,
146,B11580,Company 0907EA87,Project C54C2040,1729344.5,2026-02-06 02:53:32.05231,2026-02-06 18:16:57.619983,[],,2,"Water meter service and hot taps, power for clocks, permits, all hardscape, all grading, import/export of soil, clearing or removal of any existing erosion control devices, demolition, grubbing, rodent control, water cost, downspout connections unless noted, and overtime.",Person CE7F5146,Person 1326C46C,,,,Person 29A06563,,,,,2026-02-06,555-0188,,,,,draft,,
147,B11580,Company 0907EA87,Project C54C2040,1720144.5,2026-02-06 19:06:44.582249,2026-02-06 19:07:04.112884,[],,3,"Water meter service and hot taps, power for clocks, permits, all hardscape, all grading, import/export of soil, clearing or removal of any existing erosion control devices, demolition, grubbing, rodent control, water cost, downspout connections unless noted, and overtime.",Person CE7F5146,Person 1326C46C,,,,Person 29A06563,,,,,2026-02-06,,,,,,draft,,
148,B11598,Company 61383C18,Project 75C6A712,620000,2026-02-07 21:44:21.121997,2026-02-07 21:48:37.291202,[],,1,"Water meter service and hot taps, power for clocks, permits, all hardscape, all grading, import/export of soil, clearing or removal of any existing erosion control devices, demolition, grubbing, rodent control, water cost, downspout connections unless noted, and overtime.",Person F0799365,Person 1326C46C,,,,Person E39619CC,,,,,2026-01-29,,,,,,draft,,
149,B11600A,Company DEFFB02D,Project E251695F,48800,2026-02-10 16:27:26.604315,2026-02-11 21:55:46.894771,[],,0,"Water meter service and hot taps, power for clocks, permits, all hardscape, all grading, import/export of soil, clearing or removal of any existing erosion control devices, demolition, grubbing, rodent control, water cost, downspout connections unless noted, and overtime.",Person 4205D25C,Person 6EA3F9B9,,,,Person D3E7E7C1,,,,,2026-02-11,,,,,,draft,,
150,B11613,,Project CD8E9B36,0,2026-02-10 17:27:40.480467,2026-02-10 17:27:40.480471,[],,0,,Person 64903410,,,,,,,,,,,,,,,,draft,,
151,B11616,Company 04496F34,Project C2054368,83050,2026-02-10 18:11:34.479563,2026-02-12 23:43:16.235597,[],,0,"Water meter service and hot taps, power for clocks, permits, all hardscape, all grading, import/export of soil, clearing or removal of any existing erosion control devices, demolition, grubbing, rodent control, water cost, downspout connections unless noted, and overtime.
Concrete footings for String Lights.",Person 01046DC0,Person B1D0E4F4,,,,Person 3BA5A8D6,,,,,2026-02-12,555-0170,,,,,draft,,
152,B11618,Company C7291A3F,Project 57A4D146,121400,2026-02-11 16:15:08.297925,2026-02-12 18:14:05.829148,[],,0,"Water meter service and hot taps, power for clocks, permits, all hardscape, all grading, import/export of soil, clearing or removal of any existing erosion control devices, demolition, grubbing, rodent control, water cost, downspout connections unless noted, and overtime.",Person 3B74B7F8,Person C62AE7D3,,,,Person B0537C1F,,,,,2026-02-12,555-0115,,,,,draft,,
153,B11616M.B,Company 04496F34,Project 14776263,7800,2026-02-11 21:33:59.357983,2026-02-12 23:38:29.006011,[],,0,"Water meter service and hot taps, power for clocks, permits, all hardscape, all grading, import/export of soil, clearing or removal of any existing erosion control devices, demolition, grubbing, rodent control, water cost, downspout connections unless noted, and overtime.",Person 01046DC0,Person B1D0E4F4,,,,Person DACB5DDC,,,,,2026-02-11,555-0170,,,,,draft,,
154,B11616M.A.,Company 04496F34,Project 28C4D48B,36380,2026-02-11 21:48:58.304594,2026-02-12 23:36:52.886484,[],,0,"Water meter service and hot taps, power for clocks, permits, all hardscape, all grading, import/export of soil, clearing or removal of any existing erosion control devices, demolition, grubbing, rodent control, water cost, downspout connections unless noted, and overtime.

Concrete footings for String Lights.",Person 01046DC0,Person B1D0E4F4,,,,Person DACB5DDC,,,,,2026-02-12,555-0170,,,,,draft,,
155,B11593,Company 89DF119C,Project 43F0E739,500497.89,2026-02-12 21:17:22.610403,2026-02-12 21:41:56.209408,[],,1,"Water meter service and hot taps, power for clocks, permits, all hardscape, all grading, import/export of soil, clearing or removal of any existing erosion control devices, demolition, grubbing, rodent control, water cost, downspout connections unless noted, and overtime.",Person A7328D5C,,,,,,,,,,2026-02-12,555-0162,,,,,draft,,
156,B11603,Company 04496F34,Project 54EC4A37,395630,2026-02-12 23:00:15.488241,2026-02-12 23:01:59.756231,[],,1,"Water meter service and hot taps, power for clocks, permits, all hardscape, all grading, import/export of soil, clearing or removal of any existing erosion control devices, demolition, grubbing, rodent control, water cost, downspout connections unless noted, and overtime.",Person 4158107E,Person B1D0E4F4,,,,Person 3BA5A8D6,,,,,2026-02-12,,,,,,draft,,
157,B11605,Company 04496F34,Project 0FA719F7,613940,2026-02-12 23:04:01.570876,2026-02-12 23:08:18.078278,[],,1,"Water meter service and hot taps, power for clocks, permits, all hardscape, all grading, import/export of soil, clearing or removal of any existing erosion control devices, demolition, grubbing, rodent control, water cost, downspout connections unless noted, and overtime.",Person 4158107E,Person B1D0E4F4,,,,Person 3BA5A8D6,,,,,2026-02-12,,,,,,draft,,
158,B11604,Company 04496F34,Project AD614A3A,766218,2026-02-12 23:11:37.682969,2026-02-12 23:12:39.127269,[],,2,"Water meter service and hot taps, power for clocks, permits, all hardscape, all grading, import/export of soil, clearing or removal of any existing erosion control devices, demolition, grubbing, rodent control, water cost, downspout connections unless noted, and overtime.",Person 01046DC0,,,,,,,,,,2026-02-12,555-0170,,,,,draft,,
159,B11617,Company 082C0CF8,Project 2C6B79E4,451736.55,2026-02-13 18:05:49.729823,2026-02-26 19:18:14.57814,[],,0,"Water meter service and hot taps, power for clocks, permits, all hardscape, all grading, import/export of soil, clearing or removal of any existing erosion control devices, demolition, grubbing, rodent control, water cost, downspout connections unless noted, and overtime.",Person 95651619,Person 7F651CDC,,,,Person 9DBF3267,,,,,2026-02-25,555-0192,,,,,draft,,
160,B11615,Company DC2C0779,Project 90B41AC2,1388550,2026-02-13 18:12:02.152583,2026-02-28 22:28:17.478569,[],,0,"Water meter service and hot taps, power for clocks, permits, all hardscape, all grading, import/export of soil, clearing or removal of any existing erosion control devices, demolition, grubbing, rodent control, water cost, downspout connections unless noted, and overtime.
Pool Deck drains excluded from this proposal",Person A7A4465A,Person B1D0E4F4,,,,Person 52CF6833,,,,,2026-02-28,,,,,,draft,,
161,B11611,Company 174C22B7,Project AE611175,528780,2026-02-16 19:03:26.220993,2026-08-10 17:38:15.645431,[],,0,"Water meter service and hot taps, power for clocks, permits, all hardscape, all grading, import/export of soil, clearing or removal of any existing erosion control devices, demolition, grubbing, rodent control, water cost, downspout connections unless noted, and overtime.",Person A30E5BC0,Person 6E7B42C9,,,,Person FFE50662,,,,,2026-06-23,555-0120,Estimator 92A7C877,VP,,,active,2026-08-06 19:40:45.196839,
162,B11616,Company 04496F34,Project C2054368,83050,2026-02-16 22:27:15.777242,2026-02-16 22:27:41.899874,[],,1,"Water meter service and hot taps, power for clocks, permits, all hardscape, all grading, import/export of soil, clearing or removal of any existing erosion control devices, demolition, grubbing, rodent control, water cost, downspout connections unless noted, and overtime.
Concrete footings for String Lights.",Person 01046DC0,Person B1D0E4F4,,,,Person 3BA5A8D6,,,,,2026-02-16,,,,,,draft,,
163,B11616M.A.,Company 04496F34,Project 28C4D48B,36380,2026-02-16 22:30:03.796599,2026-02-16 22:31:24.479365,[],,1,"Water meter service and hot taps, power for clocks, permits, all hardscape, all grading, import/export of soil, clearing or removal of any existing erosion control devices, demolition, grubbing, rodent control, water cost, downspout connections unless noted, and overtime.

Concrete footings for String Lights.",Person 01046DC0,Person B1D0E4F4,,,,Person DACB5DDC,,,,,2026-02-16,,,,,,draft,,
164,B11609,Company 829C7373,Project 9A08B584,0,2026-02-17 17:34:23.603374,2026-02-17 17:49:48.809359,[],,0,"Water meter service and hot taps, power for clocks, permits, all hardscape, all grading, import/export of soil, clearing or removal of any existing erosion control devices, demolition, grubbing, rodent control, water cost, downspout connections unless noted, and overtime.",,Person B1D0E4F4,,,,Person DACB5DDC,,,,,2026-02-17,,,,,,draft,,
165,B11608,Company 048F4574,Project 416A4E6A,562300,2026-02-17 22:16:07.628344,2026-06-15 17:00:57.830771,[],,0,"Water meter service and hot taps, power for clocks, permits, all hardscape, all grading, import/export of soil, clearing or removal of any existing erosion control devices, demolition, grubbing, rodent control, water cost, downspout connections unless noted, and overtime.",Person D413AF0A,Person 4D03FBA4,,,,Person E59A8A70,,,,,2026-02-18,,,,,,active,2026-06-15 17:00:57.83027,
166,B11604,Company 04496F34,Project AD614A3A,825168,2026-02-17 23:26:03.768403,2026-06-15 16:29:56.799902,[],,3,"Water meter service and hot taps, power for clocks, permits, all hardscape, all grading, import/export of soil, clearing or removal of any existing erosion control devices, demolition, grubbing, rodent control, water cost, downspout connections unless noted, and overtime.",Person 01046DC0,Person B1D0E4F4,,,,,,,,,2026-06-05,555-0121,Estimator 08CB76BE,VIce President,,,active,2026-06-15 16:29:56.799354,
167,B11605,Company 04496F34,Project 0FA719F7,613940,2026-02-17 23:36:10.143471,2026-02-17 23:39:11.02407,[],,2,"Water meter service and hot taps, power for clocks, permits, all hardscape, all grading, import/export of soil, clearing or removal of any existing erosion control devices, demolition, grubbing, rodent control, water cost, downspout connections unless noted, and overtime.",Person 4158107E,Person B1D0E4F4,,,,Person 3BA5A8D6,,,,,2026-02-17,,,,,,draft,,
168,B11603,Company 04496F34,Project 54EC4A37,395630,2026-02-17 23:45:55.415812,2026-02-17 23:48:01.183847,[],,2,"Water meter service and hot taps, power for clocks, permits, all hardscape, all grading, import/export of soil, clearing or removal of any existing erosion control devices, demolition, grubbing, rodent control, water cost, downspout connections unless noted, and overtime.",Person 4158107E,Person B1D0E4F4,,,,Person 3BA5A8D6,,,,,2026-02-17,,,,,,draft,,
169,B11593,Company 89DF119C,Project 43F0E739,479981.86,2026-02-20 17:46:45.063428,2026-02-20 17:47:53.933401,[],,2,"Water meter service and hot taps, power for clocks, permits, all hardscape, all grading, import/export of soil, clearing or removal of any existing erosion control devices, demolition, grubbing, rodent control, water cost, downspout connections unless noted, and overtime.",Person DB63D96D,,,,,,,,,,2026-02-20,,,,,,draft,,
170,B11623,Company 5C2B4E23,Project DC2CE2DB,98900,2026-02-25 00:06:45.198302,2026-02-25 17:13:16.470787,[],,0,"Water meter service and hot taps, power for clocks, permits, all hardscape, all grading, import/export of soil, clearing or removal of any existing erosion control devices, demolition, grubbing, rodent control, water cost, downspout connections unless noted, and overtime.",Person D1082A3F,Person 5243CEED,,,,Person DACB5DDC,,,,,2026-02-25,555-0149,,,,,draft,,
171,B11619,Company DC2C0779,Project 2ADE31F6,342400,2026-02-25 21:59:19.856932,2026-03-06 00:15:14.747063,[],,0,"Water meter service and hot taps, power for clocks, permits, all hardscape, all grading, import/export of soil, clearing or removal of any existing erosion control devices, demolition, grubbing, rodent control, water cost, downspout connections unless noted, and overtime.",Person A7A4465A,Person B1D0E4F4,,,,,,,,,2026-03-05,555-0166,,,,,draft,,
172,B11557,Company E2931086,Project 2B32BE77,86700,2026-02-27 18:40:26.824522,2026-03-02 17:22:55.667346,[],,2,"Water meter service and hot taps, power for clocks, permits, all hardscape, all grading, import/export of soil, clearing or removal of any existing erosion control devices, demolition, grubbing, rodent control, water cost, downspout connections unless noted, and overtime.",Person BE4D0CB5,Person 3C1E2508,,,,Person 6558CD26,,,,,2026-03-02,555-0119,,,,,draft,,
173,B11613,,Project CD8E9B36,0,2026-03-02 15:41:55.155111,2026-03-02 15:41:55.155113,[],,1,,Person 64903410,,,,,,,,,,,,,,,,draft,,
174,B11638,Company B06F661D,Project CD8E9B36,92000,2026-03-02 16:09:02.844716,2026-03-04 17:58:20.037491,[],,0,"Water meter service and hot taps, power for clocks, permits, all hardscape, all grading, import/export of soil, clearing or removal of any existing erosion control devices, demolition, grubbing, rodent control, water cost, downspout connections unless noted, and overtime.",Person D0BCA996,Person 122F481F,,,,Person 5855B10C,,,,,2026-03-02,555-0126,,,,,draft,,
175,B11629,Company A5A021FA,Project B5BF7F50,172500,2026-03-03 16:45:04.313786,2026-03-04 01:04:57.365443,[],,0,"Water meter service and hot taps, power for clocks, permits, all hardscape, all grading, import/export of soil, clearing or removal of any existing erosion control devices, demolition, grubbing, rodent control, water cost, downspout connections unless noted, and overtime.",Person CFBCFBE5,Person A6D6DC9A,,,,Person BC06DF30,,,,,2026-03-03,555-0160,,,,,draft,,
176,B11580,Company 0907EA87,Project C54C2040,1699719.5,2026-03-03 23:34:58.369867,2026-03-03 23:36:26.633262,[],,4,"Water meter service and hot taps, power for clocks, permits, all hardscape, all grading, import/export of soil, clearing or removal of any existing erosion control devices, demolition, grubbing, rodent control, water cost, downspout connections unless noted, and overtime.",Person CE7F5146,Person 1326C46C,,,,Person 29A06563,,,,,2026-03-03,555-0188,,,,,draft,,
177,B11625,Company 5295DA80,Project 2194652E,250400,2026-03-04 17:01:56.788043,2026-03-04 22:13:34.695887,[],,0,"Water meter service and hot taps, power for clocks, permits, all hardscape, all grading, import/export of soil, clearing or removal of any existing erosion control devices, demolition, grubbing, rodent control, water cost, downspout connections unless noted, and overtime.",Person C5DF9BE5,Person 70C52F16,,,,Person DACB5DDC,,,,,2026-03-04,555-0198,,,,,draft,,
178,B11617,Company 082C0CF8,Project 2C6B79E4,416396.55,2026-03-04 18:39:12.230043,2026-03-04 18:44:17.401605,[],,1,"Water meter service and hot taps, power for clocks, permits, all hardscape, all grading, import/export of soil, clearing or removal of any existing erosion control devices, demolition, grubbing, rodent control, water cost, downspout connections unless noted, and overtime.",Person 95651619,Person 7F651CDC,,,,Person 9DBF3267,,,,,2026-03-04,,,,,,draft,,
179,B11622,Company 27C7B7D0,Project E7A58FE2,121700,2026-03-05 16:52:00.357978,2026-03-07 21:16:01.553734,[],,0,"Water meter service and hot taps, power for clocks, permits, all hardscape, all grading, import/export of soil, clearing or removal of any existing erosion control devices, demolition, grubbing, rodent control, water cost, downspout connections unless noted, and overtime.",Person 60F6D26C,Person 416B2DAE,,,,Person A64B7A5A,,,,,2026-03-07,555-0139,,,,,draft,,
180,B11633,Company 5443738F,Project 02EFAB2C,28500,2026-03-09 17:09:18.095981,2026-03-18 15:34:52.978568,[],,0,"Water meter service and hot taps, power for clocks, permits, all hardscape, all grading, import/export of soil, clearing or removal of any existing erosion control devices, demolition, grubbing, rodent control, water cost, downspout connections unless noted, and overtime.",Person FAE2F025,Person DACB5DDC,,,,Person DACB5DDC,,,,,2026-03-18,555-0173,,,,,draft,,
181,B11571,Company 66E3A291,Project 5C2A1243,0,2026-03-09 20:08:20.087491,2026-03-09 20:12:57.659247,[],,0,"Water meter service and hot taps, power for clocks, permits, all hardscape, all grading, import/export of soil, clearing or removal of any existing erosion control devices, demolition, grubbing, rodent control, water cost, downspout connections unless noted, and overtime.",Person AA3CE186,Person 6D121222,,,,Person 3652827B,,,,,2026-03-09,,,,,,draft,,
182,B11580,Company 0907EA87,Project C54C2040,1713919.5,2026-03-09 23:41:49.047656,2026-03-09 23:42:50.898445,[],,5,"Water meter service and hot taps, power for clocks, permits, all hardscape, all grading, import/export of soil, clearing or removal of any existing erosion control devices, demolition, grubbing, rodent control, water cost, downspout connections unless noted, and overtime.",Person CE7F5146,Person 1326C46C,,,,Person 29A06563,,,,,2026-03-09,555-0188,,,,,draft,,
183,B11574,Company DEFFB02D,Project 7991BDCC,534830,2026-03-10 16:32:19.886608,2026-03-11 22:27:45.434616,[],,0,"Water meter service and hot taps, power for clocks, permits, all hardscape, all grading, import/export of soil, clearing or removal of any existing erosion control devices, demolition, grubbing, rodent control, water cost, downspout connections unless noted, and overtime.",Person B2130110,Person F157E71F,,,,Person 157A4527,,,,,2026-03-11,555-0114,,,,,draft,,
184,B11574-R,Company F92B8916,Project 7991BDCC,486970,2026-03-10 16:55:34.191174,2026-03-10 16:56:07.25988,[],,0,"Water meter service and hot taps, power for clocks, permits, all hardscape, all grading, import/export of soil, clearing or removal of any existing erosion control devices, demolition, grubbing, rodent control, water cost, downspout connections unless noted, and overtime.",Person D1082A3F,Person F157E71F,,,,Person 157A4527,,,,B11574-R,2026-03-10,555-0149,,,,,draft,,
185,B11574-R-F,Company FA27D5AB,Project 7991BDCC,561970,2026-03-10 17:10:17.915962,2026-03-10 18:10:24.035153,[],,0,"Water meter service and hot taps, power for clocks, permits, all hardscape, all grading, import/export of soil, clearing or removal of any existing erosion control devices, demolition, grubbing, rodent control, water cost, downspout connections unless noted, and overtime.",Person 234EC90E,Person F157E71F,,,,Person 157A4527,,,,B11574-R-F,2026-03-10,555-0126,,,,,draft,,
186,B11574,Company DEFFB02D,Project 7991BDCC,534830,2026-03-10 18:02:53.116402,2026-03-11 22:29:06.717262,[],,1,"Water meter service and hot taps, power for clocks, permits, all hardscape, all grading, import/export of soil, clearing or removal of any existing erosion control devices, demolition, grubbing, rodent control, water cost, downspout connections unless noted, and overtime.",Person B2130110,Person F157E71F,,,,Person 157A4527,,,,,2026-03-11,555-0114,,,,,draft,,
187,B11574-R,Company F92B8916,Project 7991BDCC,561970,2026-03-10 18:03:10.391311,2026-03-10 18:04:54.919992,[],,1,"Water meter service and hot taps, power for clocks, permits, all hardscape, all grading, import/export of soil, clearing or removal of any existing erosion control devices, demolition, grubbing, rodent control, water cost, downspout connections unless noted, and overtime.",Person 08B7DED8,Person F157E71F,,,,Person 157A4527,,,,B11574-R,2026-03-10,555-0149,,,,,draft,,
188,BDGT182,Company 4615C25B,Project 4E8C4F33,316835,2026-03-11 13:30:36.382352,2026-03-11 13:36:52.000526,[],,0,"Water meter service and hot taps, power for clocks, permits, all hardscape, all grading, import/export of soil, clearing or removal of any existing erosion control devices, demolition, grubbing, rodent control, water cost, downspout connections unless noted, and overtime.",,Person 82178A05,,,,Person DACB5DDC,,,,,2026-03-11,,,,,,draft,,
189,B11637,Company DEFFB02D,Project A71FE50D,268550,2026-03-11 16:00:02.769707,2026-03-30 23:32:06.820091,[],,0,"Water meter service and hot taps, power for clocks, permits, all hardscape, all grading, import/export of soil, clearing or removal of any existing erosion control devices, demolition, grubbing, rodent control, water cost, downspout connections unless noted, and overtime.",Person 4205D25C,Person FFDD1996,,,,Person DACB5DDC,,,,,2026-03-30,555-0114,,,,,draft,,
190,B11634,Company D56E2134,Project AC73232A,345600,2026-03-11 19:29:05.95234,2026-06-15 16:58:55.98729,[],,0,"Water meter service and hot taps, power for clocks, permits, all hardscape, all grading, import/export of soil, clearing or removal of any existing erosion control devices, demolition, grubbing, rodent control, water cost, downspout connections unless noted, and overtime.",Person AF9DEC58,Person 1B67CC38,,,,Person E39619CC,,,,,2026-03-18,555-0152,,,,,active,2026-06-15 16:58:55.986802,
191,B11631,Company 6AE737D0,Project B5F3CE98,81847,2026-03-11 21:10:36.008452,2026-03-11 21:13:37.762232,[],,0,"Water meter service and hot taps, power for clocks, permits, all hardscape, all grading, import/export of soil, clearing or removal of any existing erosion control devices, demolition, grubbing, rodent control, water cost, downspout connections unless noted, and overtime.",Person 6BB7744F,Person 38C71A0F,,,,,,,,,2026-03-11,,,,,,draft,,
192,B11551,Company E2931086,Project B792F741,499575,2026-03-11 21:42:44.074031,2026-03-11 23:51:37.453802,[],,1,"Water meter service and hot taps, power for clocks, permits, all hardscape, all grading, import/export of soil, clearing or removal of any existing, erosion control devices, demolition, grubbing, rodent control, water cost, downspout connections unless noted, and overtime.",Person BE4D0CB5,Person FFDD1996,,,,Person E39619CC,,,,,2026-03-11,555-0119,,,,,draft,,
193,B11621,Company 2EB1C141,Project B5E999D3,78300,2026-03-12 15:29:35.434587,2026-04-24 21:21:47.08002,[],,0,"Water meter service and hot taps, power for clocks, permits, all hardscape, all grading, import/export of soil, clearing or removal of any existing erosion control devices, demolition, grubbing, rodent control, water cost, downspout connections unless noted, and overtime.",Person 499252D9,Person F6EE2763,,,,Person 35332405,,,,,2026-04-24,555-0178,Estimator DA025E42,VP,,,draft,,
194,B11617,Company 082C0CF8,Project 2C6B79E4,415396.55,2026-03-12 15:52:55.166293,2026-03-12 15:54:11.347574,[],,2,"Water meter service and hot taps, power for clocks, permits, all hardscape, all grading, import/export of soil, clearing or removal of any existing erosion control devices, demolition, grubbing, rodent control, water cost, downspout connections unless noted, and overtime.",Person 95651619,Person 7F651CDC,,,,Person 9DBF3267,,,,,2026-03-12,,,,,,draft,,
195,B11636,Company DEFFB02D,Project 16AF7942,92680,2026-03-12 22:40:40.658477,2026-03-12 22:44:32.376994,[],,0,"Water meter service and hot taps, power for clocks, permits, all hardscape, all grading, import/export of soil, clearing or removal of any existing erosion control devices, demolition, grubbing, rodent control, water cost, downspout connections unless noted, and overtime.",Person 4205D25C,Person 96E4417D,,,,,,,,,2026-03-12,,,,,,draft,,
196,B11551,Company E2931086,Project B792F741,522700,2026-03-13 17:47:31.31131,2026-03-13 23:58:38.968764,[],,2,"Water meter service and hot taps, power for clocks, permits, all hardscape, all grading, import/export of soil, clearing or removal of any existing, erosion control devices, demolition, grubbing, rodent control, water cost, downspout connections unless noted, and overtime.",Person BE4D0CB5,Person FFDD1996,,,,Person E39619CC,,,,,2026-03-13,555-0119,,,,,draft,,
197,B11517,Company 741C96DD,Project 21A4D7C8,137950,2026-03-16 16:19:30.913469,2026-03-16 16:24:05.62016,[],,0,"Water meter service and hot taps, power for clocks, permits, all hardscape, all grading, import/export of soil, clearing or removal of any existing erosion control devices, demolition, grubbing, rodent control, water cost, downspout connections unless noted, and overtime.",Person 92A3420D,,,,,,,,,,2026-03-16,555-0125,,,,,draft,,
198,B11517,Company 741C96DD,Project 21A4D7C8,137950,2026-03-16 16:24:43.473925,2026-03-16 16:24:43.473927,[],,1,"Water meter service and hot taps, power for clocks, permits, all hardscape, all grading, import/export of soil, clearing or removal of any existing erosion control devices, demolition, grubbing, rodent control, water cost, downspout connections unless noted, and overtime.",Person 92A3420D,,,,,,,,,,,,,,,,draft,,
199,B11517,Company 741C96DD,Project 21A4D7C8,127150,2026-03-16 16:24:48.48928,2026-03-16 22:26:53.096083,[],,2,"Water meter service and hot taps, power for clocks, permits, all hardscape, all grading, import/export of soil, clearing or removal of any existing erosion control devices, demolition, grubbing, rodent control, water cost, downspout connections unless noted, and overtime.",Person 92A3420D,Person 5FE42CED,,,,Person E39619CC,,,,,2026-03-16,555-0125,,,,,draft,,
200,B11517,Company 741C96DD,Project 21A4D7C8,137950,2026-03-16 22:23:34.724388,2026-03-16 22:26:30.686716,[],,3,"Water meter service and hot taps, power for clocks, permits, all hardscape, all grading, import/export of soil, clearing or removal of any existing erosion control devices, demolition, grubbing, rodent control, water cost, downspout connections unless noted, and overtime.",Person 92A3420D,Person 5FE42CED,,,,Person E39619CC,,,,,2026-03-16,555-0125,,,,,draft,,
201,B11617,Company 082C0CF8,Project 2C6B79E4,399611.55,2026-03-17 00:14:08.194456,2026-03-17 00:15:45.564553,[],,3,"Water meter service and hot taps, power for clocks, permits, all hardscape, all grading, import/export of soil, clearing or removal of any existing erosion control devices, demolition, grubbing, rodent control, water cost, downspout connections unless noted, and overtime.",Person 95651619,Person 7F651CDC,,,,Person 9DBF3267,,,,,2026-03-16,555-0192,,,,,draft,,
202,B11650,Company B72B1A6B,Project E972CBA6,19900,2026-03-17 15:34:31.326667,2026-03-18 00:13:02.657302,[],,0,"Water meter service and hot taps, power for clocks, permits, all hardscape, all grading, import/export of soil, clearing or removal of any existing erosion control devices, demolition, grubbing, rodent control, water cost, downspout connections unless noted, and overtime.",Person 079BCF9E,Person 2D4E9CC2,,,,Person DACB5DDC,,,,,2026-03-17,555-0176,,,,,draft,,
203,B11551,Company E2931086,Project B792F741,532200,2026-03-17 16:33:27.572616,2026-06-15 16:26:41.288716,[],,3,"Water meter service and hot taps, power for clocks, permits, all hardscape, all grading, import/export of soil, clearing or removal of any existing, erosion control devices, demolition, grubbing, rodent control, water cost, downspout connections unless noted, and overtime.",Person BE4D0CB5,Person FFDD1996,,,,Person E39619CC,,,,,2026-03-17,555-0119,,,,,active,2026-06-15 16:26:41.28746,
204,B11624,Company 02D3DCB2,Project EE831421,668960,2026-03-18 20:53:08.73022,2026-03-20 15:50:11.281869,[],,0,"Water meter service and hot taps, power for clocks, permits, all hardscape, all grading, import/export of soil, clearing or removal of any existing erosion control devices, demolition, grubbing, rodent control, water cost, downspout connections unless noted, and overtime.",Person 001FABD2,Person 6C50AE77,,,,Person 9DBF3267,,,,,2026-03-18,555-0119,,,,,draft,,
205,B11649,Company 06071D63,Project 0F167497,182150,2026-03-20 17:42:40.322906,2026-03-30 17:52:06.852781,[],,0,"Water meter service and hot taps, power for clocks, permits, all hardscape, all grading, import/export of soil, clearing or removal of any existing erosion control devices, demolition, grubbing, rodent control, water cost, downspout connections unless noted, and overtime.",Person D937D733,Person 6E7B42C9,,,,Person 4D54F43A,,,,,2026-03-30,555-0181,,,,,draft,,
206,B11642,Company 0907EA87,Project F9565C54,542670,2026-03-24 17:28:17.464933,2026-03-27 17:59:32.217855,[],,0,"Water meter service and hot taps, irrigation Person E56854F9 pump, power for clocks, permits, all hardscape, all grading, import/export of soil, clearing or removal of any existing erosion control devices, demolition, grubbing, rodent control, water cost, downspout connections unless noted, and overtime.",Person 4C849B3A,Person 6590C68D,,,,Person 4D54F43A,,,,,2026-03-27,555-0116,,,,,draft,,
207,B11574,Company DEFFB02D,Project 7991BDCC,524030,2026-03-25 18:46:50.14281,2026-03-25 18:48:27.122776,[],,2,"Water meter service and hot taps, power for clocks, permits, all hardscape, all grading, import/export of soil, clearing or removal of any existing erosion control devices, demolition, grubbing, rodent control, water cost, downspout connections unless noted, and overtime.",Person B2130110,Person F157E71F,,,,Person 157A4527,,,,,2026-03-25,,,,,,draft,,
208,B11659,Company 2E492779,Project 6178385E,327012,2026-03-25 23:50:31.737977,2026-05-22 21:17:21.821989,[],,0,"Water meter service and hot taps, power for clocks, permits, all hardscape, all grading, import/export of soil, clearing or removal of any existing erosion control devices, demolition, grubbing, rodent control, water cost, downspout connections unless noted, and overtime.",Person BD34A544,Person 4EB847AA,,,,Person E39619CC,,,,,2026-03-25,,,,,,active,2026-05-22 21:17:21.820781,
209,B11624,Company 02D3DCB2,Project EE831421,668960,2026-03-26 00:11:17.498045,2026-06-15 16:42:54.021043,[],,1,"Water meter service and hot taps, power for clocks, permits, all hardscape, all grading, import/export of soil, clearing or removal of any existing erosion control devices, demolition, grubbing, rodent control, water cost, downspout connections unless noted, and overtime.",Person 001FABD2,Person 6C50AE77,,,,Person 9DBF3267,,,,,,,,,,,active,2026-06-15 16:42:54.020565,
210,B11652,Company C11305B2,Project 00AA7FDD,576720,2026-03-26 14:21:50.957484,2026-03-30 19:20:59.345529,[],,0,"Water meter service and hot taps, power for clocks, permits, all hardscape, all grading, import/export of soil, clearing or removal of any existing erosion control devices, demolition, grubbing, rodent control, water cost, downspout connections unless noted, and overtime.",Person F8532EA8,Person 53BFE240,,,,Person F829245E,,,,,2026-03-30,555-0115,,,,,draft,,
211,B11642,Company 0907EA87,Project F9565C54,544406.9,2026-03-27 23:13:28.772929,2026-03-27 23:15:36.133212,[],,1,"Water meter service and hot taps, irrigation Person E56854F9 pump, power for clocks, permits, all hardscape, all grading, import/export of soil, clearing or removal of any existing erosion control devices, demolition, grubbing, rodent control, water cost, downspout connections unless noted, and overtime.",Person 4C849B3A,Person 6590C68D,,,,Person 4D54F43A,,,,,2026-03-27,555-0116,,,,,draft,,
212,B11648,Company E2931086,Project 4BE1C4D3,114100,2026-03-30 14:28:26.994376,2026-04-01 20:58:10.310111,[],,0,"Water meter service and hot taps, power for clocks, permits, all hardscape, all grading, import/export of soil, clearing or removal of any existing erosion control devices, demolition, grubbing, rodent control, water cost, downspout connections unless noted, and overtime.",Person BE4D0CB5,Person FFDD1996,,,,Person 9DBF3267,,,,,2026-04-01,555-0119,,,,,draft,,
213,B11639,Company 6B4DFDAD,Project A086F891,226758,2026-03-30 16:09:33.518893,2026-03-30 16:19:59.108146,[],,0,"Water meter service and hot taps, power for clocks, permits, all hardscape, all grading, import/export of soil, clearing or removal of any existing erosion control devices, demolition, grubbing, rodent control, water cost, downspout connections unless noted, and overtime.",Person 8A3BA3F2,Person 6B4DFDAD,,,,,,,,,2026-03-30,,,,,,draft,,
214,B11630,Company 495EB894,Project A95AA778,1415692.59,2026-03-30 22:18:07.575545,2026-04-14 21:19:50.477731,[],,0,"Water meter service and hot taps, power for clocks, permits, all hardscape, all grading, import/export of soil, clearing or removal of any existing erosion control devices, demolition, grubbing, rodent control, water cost, downspout connections unless noted, and overtime.",Person A7328D5C,Person B0C1E9F6,,,,Person 2F767B46,,,,,2026-03-31,555-0191,,,,,draft,,
215,B11640,Company 0907EA87,Project 36014340,496696.7,2026-04-01 00:36:29.039628,2026-04-02 23:35:06.597212,[],,0,"Water meter service and hot taps, power for clocks, permits, all hardscape, all grading, import/export of soil, clearing or removal of any existing erosion control devices, demolition, grubbing, rodent control, water cost, downspout connections unless noted, and overtime.",Person B5E9B36B,Person C4CDE71C,,,,Person 3C9F83CD,,,,,2026-04-02,555-0153,,,,,draft,,
216,B11641,Company 0907EA87,Project 36B2A7AB,593098,2026-04-01 00:38:45.20936,2026-04-03 00:29:37.925344,[],,0,"Water meter service and hot taps, power for clocks, permits, all hardscape, all grading, import/export of soil, clearing or removal of any existing erosion control devices, demolition, grubbing, rodent control, water cost, downspout connections unless noted, and overtime.",Person B5E9B36B,,,,,,,,,,2026-04-02,555-0153,,,,,draft,,
217,B11356,Company 0FD8AE3F,Project 69650E49,554236.5,2026-04-01 21:16:22.979075,2026-04-04 18:57:52.982319,[],,0,"Water meter service and hot taps, power for clocks, permits, all hardscape, all grading, import/export of soil, clearing or removal of any existing erosion control devices, demolition, grubbing, rodent control, water cost, downspout connections unless noted, and overtime.",Person B79AE213,Person 9CBC326F,,,,Person 9E3A7B66,,,,,2026-04-04,555-0122,,,,,draft,,
218,B11574,Company DEFFB02D,Project 7991BDCC,530030,2026-04-01 23:09:23.345388,2026-04-01 23:10:11.773712,[],,3,"Water meter service and hot taps, power for clocks, permits, all hardscape, all grading, import/export of soil, clearing or removal of any existing erosion control devices, demolition, grubbing, rodent control, water cost, downspout connections unless noted, and overtime.",Person B2130110,Person F157E71F,,,,Person 157A4527,,,,,2026-04-01,555-0114,,,,,draft,,
219,B10001.M,Company 1DD0B85E,Project F512E0CF,0,2026-04-02 21:25:59.040275,2026-04-02 21:25:59.040278,[],,0,,Person 13667C65,,,,,,,,,,,,,,,,draft,,
220,B10001.M,Company 1DD0B85E,Project F512E0CF,1092197,2026-04-02 21:26:24.461834,2026-04-02 21:27:01.727822,[],,1,"Water meter service and hot taps, power for clocks, permits, all hardscape, all grading, import/export of soil, clearing or removal of any existing erosion control devices, demolition, grubbing, rodent control, water cost, downspout connections unless noted, and overtime.",Person 13667C65,Person F512E0CF,,,,Person F512E0CF,,,,,2026-04-02,555-0108,,,,,draft,,
221,B10001.M,Company 1DD0B85E,Project F512E0CF,1092197,2026-04-02 21:27:04.859886,2026-04-07 16:32:34.30335,[],,2,"Water meter service and hot taps, power for clocks, permits, all hardscape, all grading, import/export of soil, clearing or removal of any existing erosion control devices, demolition, grubbing, rodent control, water cost, downspout connections unless noted, and overtime.",Person 13667C65,Person F512E0CF,,,,Person F512E0CF,,,,,2026-04-07,555-0125,,,,,draft,,
222,B11628,Company DBFBA742,Project 65D68F39,1924770.78,2026-04-03 21:02:49.517439,2026-04-05 01:33:09.633056,[],,0,"Water meter service and hot taps, power for clocks, permits, all hardscape, all grading, import/export of soil, clearing or removal of any existing erosion control devices, demolition, grubbing, rodent control, water cost, downspout connections unless noted, and overtime.",Person A7328D5C,Person A39A1C59,,,,Person 2F767B46,,,,,2026-04-03,555-0191,,,,,draft,,
223,B11532,Company 174C22B7,Project 390AEF0C,118600,2026-04-06 21:53:37.052123,2026-04-06 21:54:48.610495,[],,2,"Water meter service and hot taps, power for clocks, permits, all hardscape, all grading, import/export of soil, clearing or removal of any existing erosion control devices, demolition, grubbing, rodent control, water cost, downspout connections unless noted, and overtime.",Person A30E5BC0,Person 6E7B42C9,,,,Person 81B6BDA8,,,,,2026-04-06,,,,,,draft,,
224,B11640,Company 0907EA87,Project 36014340,496696.7,2026-04-07 15:14:23.565144,2026-04-07 15:25:38.917786,[],,1,"Water meter service and hot taps, power for clocks, permits, all hardscape, all grading, import/export of soil, clearing or removal of any existing erosion control devices, demolition, grubbing, rodent control, water cost, downspout connections unless noted, and overtime.",Person B5E9B36B,Person C4CDE71C,,,,Person 3C9F83CD,,,,,2026-04-07,,,,,,draft,,
225,B11641,Company 0907EA87,Project 36B2A7AB,593098,2026-04-07 15:42:27.116458,2026-04-07 15:54:19.900084,[],,1,"Water meter service and hot taps, power for clocks, permits, all hardscape, all grading, import/export of soil, clearing or removal of any existing erosion control devices, demolition, grubbing, rodent control, water cost, downspout connections unless noted, and overtime.",Person B5E9B36B,Person A308CC70,,,,Person 3BA5A8D6,,,,,2026-04-07,,,,,,draft,,
226,B10001.M,Company 1DD0B85E,Project F512E0CF,1092197,2026-04-07 16:32:37.952519,2026-04-07 16:32:37.952519,[],,3,"Water meter service and hot taps, power for clocks, permits, all hardscape, all grading, import/export of soil, clearing or removal of any existing erosion control devices, demolition, grubbing, rodent control, water cost, downspout connections unless noted, and overtime.",Person 13667C65,Person F512E0CF,,,,Person F512E0CF,,,,,2026-04-07,555-0125,,,,,draft,,
227,B11645,Company 1DD0B85E,Project 1E64D36B,79956,2026-04-07 16:59:26.183427,2026-05-22 22:54:12.762455,[],,0,"Water meter service and hot taps, power for clocks, permits, all hardscape, all grading, import/export of soil, clearing or removal of any existing erosion control devices, demolition, grubbing, rodent control, water cost, downspout connections unless noted, and overtime.",Person 4ECAA770,Person 7516CDD6,,,,Person 29A06563,,,,,2026-04-07,555-0138,,,,,active,2026-05-22 22:54:12.761816,
228,B11666,Company D640F50A,Project 5A05F2E7,56450,2026-04-08 00:50:23.65119,2026-06-15 16:33:55.764113,[],,0,"Water meter service and hot taps, power for clocks, permits, all hardscape, all grading, import/export of soil, clearing or removal of any existing erosion control devices, demolition, grubbing, rodent control, water cost, downspout connections unless noted, and overtime.",Person B63958A9,Person 6590C68D,,,,Person E39619CC,,,,,2026-04-08,555-0155,,,,,active,2026-06-15 16:33:55.763597,
229,B10001.M,Company 1DD0B85E,Project F512E0CF,1092197,2026-04-08 06:02:58.132862,2026-04-17 18:26:15.722264,[],,4,"Water meter service and hot taps, power for clocks, permits, all hardscape, all grading, import/export of soil, clearing or removal of any existing erosion control devices, demolition, grubbing, rodent control, water cost, downspout connections unless noted, and overtime.",Person 13667C65,Person F512E0CF,,,,Person F512E0CF,,,,,2026-04-07,555-0125,Estimator 13667C65,Testing Title,,,draft,,
230,B11642,Company 0907EA87,Project F9565C54,515835.5,2026-04-08 16:51:59.092168,2026-04-08 17:02:19.212903,[],,2,"Water meter service and hot taps, irrigation Person E56854F9 pump, power for clocks, permits, all hardscape, all grading, import/export of soil, clearing or removal of any existing erosion control devices, demolition, grubbing, rodent control, water cost, downspout connections unless noted, and overtime.",Person 4C849B3A,Person 6590C68D,,,,Person 4D54F43A,,,,,2026-04-08,555-0116,,,,,draft,,
231,B11566,Company 741C96DD,Project C6CE37B5,0,2026-04-09 21:50:56.222298,2026-04-09 21:50:56.2223,[],,0,,Person CD5F428F,,,,,,,,,,,,,,,,draft,,
232,B11654M,Company 741C96DD,Project 77D93A80,72446,2026-04-10 15:37:40.557355,2026-06-24 01:15:59.267343,[],,0,"Water meter service and hot taps, power for clocks, permits, all hardscape, all grading, import/export of soil, clearing or removal of any existing erosion control devices, demolition, grubbing, rodent control, water cost, downspout connections unless noted, and overtime.",Person CD5F428F,Person 44692ED6,,,,Person 62D63DE1,,,,,2026-04-10,555-0156,,,,,lost,2026-05-22 22:58:09.920379,
233,B11645-R1,Company 1DD0B85E,Project 1E64D36B,119037.24175,2026-04-10 21:29:57.938992,2026-05-22 22:53:52.03223,[],,0,,Person 4ECAA770,,,,,,,,,,,,,,,,active,2026-05-22 22:53:52.031669,
234,B11654.S,Company 741C96DD,Project DC995C72,68753,2026-04-13 15:44:35.914257,2026-06-04 19:53:28.155297,[],,0,"Water meter service and hot taps, power for clocks, permits, all hardscape, all grading, import/export of soil, clearing or removal of any existing erosion control devices, demolition, grubbing, rodent control, water cost, downspout connections unless noted, and overtime.",Person CD5F428F,Person 773CC295,,,,Person B1B00B97,,,,,2026-04-13,,,,,,active,2026-05-22 22:59:16.215481,
235,B11654M-R1,Company 741C96DD,Project 77D93A80,119809,2026-04-13 20:57:40.721166,2026-06-22 14:36:36.940499,[],,0,"Water meter service and hot taps, power for clocks, permits, all hardscape, all grading, import/export of soil, clearing or removal of any existing erosion control devices, demolition, grubbing, rodent control, water cost, downspout connections unless noted, and overtime.
- Pots are to be delivered and set.  All Irrigation, self-watering basin, gravel, filter fabric, soil, shrubs and decorative bark and or soil is excluded as well as coring and considered the responsibility of others per plan.",Person CD5F428F,Person A72EDC9E,,,,Person 4D47C4B6,,,,,2026-04-13,,,,,,active,2026-05-22 22:58:57.340252,
237,B11654.S-R1,Company 741C96DD,Project DC995C72,202674,2026-04-13 22:51:11.311152,2026-05-22 22:58:22.463546,[],,0,"Water meter service and hot taps, power for clocks, permits, all hardscape, all grading, import/export of soil, clearing or removal of any existing erosion control devices, demolition, grubbing, rodent control, water cost, downspout connections unless noted, and overtime.
BLS has excluded the engineering and permitting on the lighting and overhead structure. Shop Drawings will be provided of the OH Steel Structure.  Aluminum lattice call out on the OH Structure is considered Stell for the purpose of this bid.",Person CD5F428F,Person A72EDC9E,,,,Person 00FCCDB6,,,,,2026-04-13,,,,,,active,2026-05-22 22:58:22.462986,
238,B11653,Company 88F30DA4,Project 4E08BF0F,870750,2026-04-14 22:10:47.086786,2026-05-22 22:53:33.964235,[],,0,"Water meter service and hot taps, power for clocks, permits, all hardscape, all grading, import/export of soil, clearing or removal of any existing erosion control devices, demolition, grubbing, rodent control, water cost, downspout connections unless noted, and ove
Existing tree removals & transplanting.",Person 48C19D7F,Person 4D6155E6,,,,Person D2ABBB45,,,,,2026-04-14,555-0141,Estimator 08CB76BE,Vice President,,,active,2026-05-22 22:53:33.96372,
239,B11628,Company DBFBA742,Project 65D68F39,1924770.78,2026-04-15 16:52:25.501063,2026-04-15 16:52:25.501065,[],,1,"Water meter service and hot taps, power for clocks, permits, all hardscape, all grading, import/export of soil, clearing or removal of any existing erosion control devices, demolition, grubbing, rodent control, water cost, downspout connections unless noted, and overtime.",Person A7328D5C,Person A39A1C59,,,,Person 2F767B46,,,,,2026-04-03,555-0191,,,,,draft,,
240,B11628,Company DBFBA742,Project 65D68F39,1905200.6,2026-04-15 16:54:03.275049,2026-06-24 01:15:34.27042,[],,2,"Water meter service and hot taps, power for clocks, permits, all hardscape, all grading, import/export of soil, clearing or removal of any existing erosion control devices, demolition, grubbing, rodent control, water cost, downspout connections unless noted, and overtime.",Person A7328D5C,Person A39A1C59,,,,Person 2F767B46,,,,,2026-04-03,555-0191,,,,,lost,2026-05-22 22:56:27.040094,
241,B11653PW,Company 88F30DA4,Project 40B1EBCE,1085552,2026-04-15 17:09:15.555449,2026-04-15 17:47:52.339505,[],,0,"Water meter service and hot taps, power for clocks, permits, all hardscape, all grading, import/export of soil, clearing or removal of any existing erosion control devices, demolition, grubbing, rodent control, water cost, downspout connections unless noted, and overtime.
Existing tree removal & transplanting are excluded in this proposal",Person 48C19D7F,Person 4D6155E6,,,,Person D2ABBB45,,,,,2026-04-15,555-0141,,,,,draft,,
242,B11663,Company E2931086,Project 67B2FECF,255042.771,2026-04-16 21:47:25.288555,2026-05-22 23:02:15.594487,[],,0,"Excludes demolition of existing irrigation & landscape. Water meter service and hot taps, power for clocks, permits, all hardscape, all grading, import/export of soil, clearing or removal of any existing erosion control devices, demolition, grubbing, rodent control, water cost, downspout connections unless noted, and overtime.",Person BE4D0CB5,Person 8088426E,,,,,,,,,2026-04-16,555-0166,,,,,active,2026-05-22 23:02:15.593563,
243,B11356,Company 0FD8AE3F,Project 69650E49,509923.5,2026-04-17 00:20:10.427773,2026-04-17 00:21:27.602766,[],,1,"Water meter service and hot taps, power for clocks, permits, all hardscape, all grading, import/export of soil, clearing or removal of any existing erosion control devices, demolition, grubbing, rodent control, water cost, downspout connections unless noted, and overtime.",Person B79AE213,Person 9CBC326F,,,,Person 9E3A7B66,,,,,2026-04-16,555-0122,,,,,draft,,
244,B11662,Company 9C5C927A,Project 51149A01,582000,2026-04-17 14:45:58.139261,2026-05-22 23:03:27.530729,[],,0,"Water meter service and hot taps, power for clocks, permits, all hardscape, all grading, import/export of soil, clearing or removal of any existing erosion control devices, demolition, grubbing, rodent control, water cost, downspout connections unless noted, and overtime.",Person 88F2FC3C,Person 207F0ABE,,,,,,,,,2026-04-22,555-0137,Estimator 08CB76BE,VP,,,active,2026-05-22 23:03:27.530192,
245,B11597,Company 15EE0008,Project D6C3A668,133000,2026-04-21 15:07:05.19883,2026-05-22 22:54:36.784041,[],,2,"Water meter service and hot taps, power for clocks, permits, all hardscape, all grading, import/export of soil, clearing or removal of any existing erosion control devices, demolition, grubbing, rodent control, water cost, downspout connections unless noted, and overtime.",Person D02E6F67,Person 32CEE02F,,,,,,,,,2026-01-15,555-0103,,,,,active,2026-05-22 22:54:36.783443,
246,B11653PW-R1,Company 88F30DA4,Project 40B1EBCE,1170447,2026-04-21 22:02:40.840699,2026-04-21 23:05:45.324975,[],,0,"Water meter service and hot taps, power for clocks, permits, all hardscape, all grading, import/export of soil, clearing or removal of any existing erosion control devices, demolition, grubbing, rodent control, water cost, downspout connections unless noted, and overtime.

Excludes Site Furnishings",Person 6407D64B,Person 4D6155E6,,,,Person BE331B14,,,,,2026-04-21,555-0177,Estimator 08CB76BE,Vice President,,,draft,,
247,B11532,Company 174C22B7,Project 390AEF0C,119400,2026-04-21 22:27:15.74857,2026-04-21 22:34:11.262549,[],,3,"Water meter service and hot taps, power for clocks, permits, all hardscape, all grading, import/export of soil, clearing or removal of any existing erosion control devices, demolition, grubbing, rodent control, water cost, downspout connections unless noted, and overtime.",Person A30E5BC0,Person 6E7B42C9,,,,Person 81B6BDA8,,,,,2026-04-21,,Estimator C9AF6B5C,Project Manager,,,draft,,
248,B11653-R1,Company 88F30DA4,Project 06D033A5,863371,2026-04-21 22:33:10.511433,2026-04-21 22:35:24.536801,[],,0,"Water meter service and hot taps, power for clocks, permits, all hardscape, all grading, import/export of soil, clearing or removal of any existing erosion control devices, demolition, grubbing, rodent control, water cost, downspout connections unless noted, and overtime.
All Site Furnishings are excluded.",Person 6407D64B,,,,,,,,,,2026-04-21,,,,,,draft,,
249,B11597R1 Proposal 4.22.26,Company 15EE0008,Project 389D7892,112945,2026-04-22 17:31:13.420914,2026-05-22 22:54:58.670587,[],,0,"Water meter service and hot taps, power for clocks, permits, all hardscape, all grading, import/export of soil, clearing or removal of any existing erosion control devices, demolition, grubbing, rodent control, water cost, downspout connections unless noted, and overtime.",Person EC239698,Person 32CEE02F,,,,Person 6558CD26,,,,,2026-04-22,555-0137,Estimator 08CB76BE,Vice President,,,active,2026-05-22 22:54:58.670042,
250,B11644,Company 61383C18,Project 03362318,2125490,2026-04-22 18:34:23.523787,2026-05-22 23:04:42.999229,[],,0,"Water meter service and hot taps, power for clocks, permits, all hardscape, all grading, import/export of soil, clearing or removal of any existing erosion control devices, demolition, grubbing, rodent control, water cost, downspout connections unless noted, and overtime.",Person D4482408,Person F157E71F,,,,Person E39619CC,,,,,2026-04-22,555-0143,Estimator 08CB76BE,VP,,,active,2026-05-22 23:04:42.998684,
251,B11662-R1,Company 9C5C927A,Project 51149A01,789708,2026-04-22 23:27:28.331082,2026-05-22 23:03:36.322589,[],,0,"Water meter service and hot taps, power for clocks, permits, all hardscape, all grading, import/export of soil, clearing or removal of any existing erosion control devices, demolition, grubbing, rodent control, water cost, downspout connections unless noted, and overtime.",Person 88F2FC3C,Person 1D171B21,,,,Person 0C5ACAF6,,,,,2026-04-22,555-0137,Estimator 08CB76BE,Vice President,,,active,2026-05-22 23:03:36.322066,
252,B11663R1 - Proposal,Company 44BDBB0E,Project 67B2FECF,407911,2026-04-23 00:00:45.335672,2026-04-23 01:01:45.50803,[],,0,"Water meter service and hot taps, power for clocks, permits, all hardscape, all grading, import/export of soil, clearing or removal of any existing erosion control devices, demolition, grubbing, rodent control, water cost, downspout connections unless noted, and overtime.",Person BE4D0CB5,Person 90F93C54,,,,Person 7581E1C6,,,,,2026-04-23,555-0156,Estimator 08CB76BE,Vice President,,,draft,,
253,B11658,Company 5DA4651F,Project 567E5A99,1165150.37,2026-04-23 13:45:39.802462,2026-04-27 20:17:18.639858,[],,0,"Water meter service and hot taps, power for clocks, permits, all hardscape, all grading, import/export of soil, clearing or removal of any existing erosion control devices, demolition, grubbing, rodent control, water cost, downspout connections unless noted, and overtime.",Person A7328D5C,Person B01E14FB,,,,Person 3BA5A8D6,,,,,2026-04-23,555-0191,Estimator 08CB76BE,Vice President,,,draft,,
254,B11589.2-R1,Company 1DD0B85E,Project 809EDF17,262599,2026-04-23 14:24:45.084877,2026-05-22 22:55:45.598713,[],,0,"Water meter service and hot taps, power for clocks, permits, all hardscape, all grading, import/export of soil, clearing or removal of any existing erosion control devices, demolition, grubbing, rodent control, water cost, downspout connections unless noted, and overtime.",Person 25510868,,,,,,,,,,2026-04-23,,,,,,active,2026-05-22 22:55:45.598186,
255,B11589.2,Company 1DD0B85E,Project 809EDF17,161714.692875,2026-04-23 17:54:42.064226,2026-05-22 22:56:16.523362,[],,0,,Person 25510868,,,,,,,,,,,,,,,,active,2026-05-22 22:56:16.522829,
256,B11589,Company 1DD0B85E,Project 0BEA1D3E,237060,2026-04-23 22:54:45.051836,2026-05-22 22:55:31.006306,[],,1,"Water meter service and hot taps, power for clocks, permits, all hardscape, all grading, import/export of soil, clearing or removal of any existing erosion control devices, demolition, grubbing, rodent control, water cost, downspout connections unless noted, and overtime.",Person C5BD41B4,Person 3879BA90,,,,Person F7BA4E90,,,,,2026-04-21,555-0117,Estimator A79AB1E7,V.P.,,,active,2026-05-22 22:55:31.005572,
257,B11641,Company 0907EA87,Project 36B2A7AB,589308,2026-04-23 23:24:41.879684,2026-04-27 22:52:24.551095,[],,2,"Water meter service and hot taps, power for clocks, permits, all hardscape, all grading, import/export of soil, clearing or removal of any existing erosion control devices, demolition, grubbing, rodent control, water cost, downspout connections unless noted, and overtime.",Person B5E9B36B,Person A308CC70,,,,Person 3BA5A8D6,,,,,2026-04-23,555-0188,Estimator A79AB1E7,V.P.,,,draft,,
258,B11658M-R1,Company DBFBA742,Project 3D301DE9,1239419,2026-04-24 00:23:24.251367,2026-04-24 01:43:55.451928,[],,0,"Water meter service and hot taps, power for clocks, permits, all hardscape, all grading, import/export of soil, clearing or removal of any existing erosion control devices, demolition, grubbing, rodent control, water cost, downspout connections unless noted, and overtime.",,,,,,,,,,,2026-04-24,,,,,,draft,,
259,B11640,Company 0907EA87,Project 36014340,490556.7,2026-04-24 19:35:16.303401,2026-04-24 19:49:46.391725,[],,2,"Water meter service and hot taps, power for clocks, permits, all hardscape, all grading, import/export of soil, clearing or removal of any existing erosion control devices, demolition, grubbing, rodent control, water cost, downspout connections unless noted, and overtime.",Person B5E9B36B,Person C4CDE71C,,,,Person 3C9F83CD,,,,,2026-04-24,555-0188,Estimator D45981C9,,,,draft,,
260,B11621,Company 2EB1C141,Project B5E999D3,140100,2026-04-24 23:39:57.155158,2026-04-24 23:57:54.723792,[],,1,"Water meter service and hot taps, power for clocks, permits, all hardscape, all grading, import/export of soil, clearing or removal of any existing erosion control devices, demolition, grubbing, rodent control, water cost, downspout connections unless noted, and overtime.",Person 499252D9,Person F6EE2763,,,,Person 35332405,,,,,2026-04-24,555-0178,Estimator DA025E42,VP,,,draft,,
261,B11532,Company 174C22B7,Project 390AEF0C,118592.86,2026-04-28 00:22:26.901453,2026-05-22 22:52:26.426194,[],,4,"Water meter service and hot taps, power for clocks, permits, all hardscape, all grading, import/export of soil, clearing or removal of any existing erosion control devices, demolition, grubbing, rodent control, water cost, downspout connections unless noted, and overtime.",Person A30E5BC0,Person 6E7B42C9,,,,Person 81B6BDA8,,,,,2026-04-27,555-0150,Estimator C9AF6B5C,Project Manager,,,active,2026-05-22 22:52:26.425597,
262,B11665M,Company 61383C18,Project B87C52F7,145000,2026-04-28 16:29:03.278382,2026-04-28 22:07:36.493313,[],,0,"Water meter service and hot taps, power for clocks, permits, all hardscape, all grading, import/export of soil, clearing or removal of any existing erosion control devices, demolition, grubbing, rodent control, water cost, downspout connections unless noted, and overtime.",Person 4CA90EDF,,,,,Person 6438F941,,,,,2026-04-28,,,,,,draft,,
263,4071,Company 13667C65,Project 51FA3577,3349,2026-04-28 21:55:46.637767,2026-05-21 05:42:17.871217,[],,0,"Water meter service and hot taps, power for clocks, permits, all hardscape, all grading, import/export of soil, clearing or removal of any existing erosion control devices, demolition, grubbing, rodent control, water cost, downspout connections unless noted, and overtime.",,,,,,,,,,,2026-05-21,,,,,,draft,,
264,B11665,Company 61383C18,Project 019A2AF6,1099979.8,2026-04-28 22:24:49.791262,2026-04-30 19:43:01.800082,[],,0,"Water meter service and hot taps, power for clocks, permits, all hardscape, all grading, import/export of soil, clearing or removal of any existing erosion control devices, demolition, grubbing, rodent control, water cost, downspout connections unless noted, and overtime.",Person 4CA90EDF,Person 773CC295,,,,Person 6438F941,,,,,2026-04-30,555-0133,Estimator A79AB1E7,VP,,,draft,,
265,B11675,Company CBF65FC2,Project C044DCBA,132700,2026-04-29 14:26:57.616791,2026-04-30 00:47:11.17249,[],,0,"Water meter service and hot taps, power for clocks, permits, all hardscape, all grading, import/export of soil, clearing or removal of any existing erosion control devices, demolition, grubbing, rodent control, water cost, downspout connections unless noted, and overtime.",Person 093C05CC,Person 38C71A0F,,,,Person 29A06563,,,,,2026-04-29,555-0165,Estimator A79AB1E7,VP,,,draft,,
266,B11665M,Company 61383C18,Project B87C52F7,128300,2026-04-29 18:50:56.177135,2026-04-29 18:51:28.17597,[],,1,"Water meter service and hot taps, power for clocks, permits, all hardscape, all grading, import/export of soil, clearing or removal of any existing erosion control devices, demolition, grubbing, rodent control, water cost, downspout connections unless noted, and overtime.",Person 4CA90EDF,,,,,Person 6438F941,,,,,2026-04-29,,,,,,draft,,
267,B11648,Company E2931086,Project 4BE1C4D3,114100,2026-04-29 21:43:48.062521,2026-04-29 21:44:43.723367,[],,1,"Water meter service and hot taps, power for clocks, permits, all hardscape, all grading, import/export of soil, clearing or removal of any existing erosion control devices, demolition, grubbing, rodent control, water cost, downspout connections unless noted, and overtime.",Person BE4D0CB5,Person FFDD1996,,,,Person 9DBF3267,,,,,2026-04-29,555-0119,Estimator A79AB1E7,VP,,,draft,,
268,B11648F,Company FA27D5AB,Project 4BE1C4D3,114100,2026-04-29 21:51:05.397825,2026-04-29 21:52:09.088974,[],,0,"Water meter service and hot taps, power for clocks, permits, all hardscape, all grading, import/export of soil, clearing or removal of any existing erosion control devices, demolition, grubbing, rodent control, water cost, downspout connections unless noted, and overtime.",Person A766E416,Person FFDD1996,,,,Person 9DBF3267,,,,B11648F,2026-04-29,555-0165,Estimator A79AB1E7,VP,,,draft,,
269,B11648S,Company 3983EDC3,Project 4BE1C4D3,114100,2026-04-29 21:56:27.965768,2026-04-29 21:57:37.315983,[],,0,"Water meter service and hot taps, power for clocks, permits, all hardscape, all grading, import/export of soil, clearing or removal of any existing erosion control devices, demolition, grubbing, rodent control, water cost, downspout connections unless noted, and overtime.",Person ED266DD3,Person FFDD1996,,,,Person 9DBF3267,,,,B11648S,2026-04-29,555-0138,Estimator A79AB1E7,VP,,,draft,,
270,B11671,Company 3BAAE540,Project CC88F7CD,123505,2026-04-30 16:49:39.840917,2026-05-08 17:33:43.335772,[],,0,"Water meter service and hot taps, power for clocks, permits, all hardscape, all grading, import/export of soil, clearing or removal of any existing erosion control devices, demolition, grubbing, rodent control, water cost, downspout connections unless noted, and overtime.
Demolition of existing Irrigation & Planting per Demolition plans.",Person 152B9AA7,Person 8240BC17,,,,Person FBBEBD00,,,,,2026-04-30,555-0114,,,,,draft,,
271,B11675,Company CBF65FC2,Project C044DCBA,132700,2026-04-30 21:36:35.48096,2026-05-22 23:04:29.961299,[],,1,"Water meter service and hot taps, power for clocks, permits, all hardscape, all grading, import/export of soil, clearing or removal of any existing erosion control devices, demolition, grubbing, rodent control, water cost, downspout connections unless noted, and overtime.",Person 093C05CC,Person 38C71A0F,,,,Person 29A06563,,,,,2026-04-29,555-0165,Estimator A79AB1E7,VP,,,active,2026-05-22 23:04:29.960751,
272,B11648,Company E2931086,Project 4BE1C4D3,141497,2026-04-30 23:04:00.719026,2026-05-07 16:17:25.208333,[],,2,"Water meter service and hot taps, power for clocks, permits, all hardscape, all grading, import/export of soil, clearing or removal of any existing erosion control devices, demolition, grubbing, rodent control, water cost, downspout connections unless noted, and overtime.",Person BE4D0CB5,Person FFDD1996,,,,Person 9DBF3267,,,,,2026-04-29,555-0119,Estimator A79AB1E7,VP,,,draft,,
273,B11648F,Company FA27D5AB,Project 4BE1C4D3,141497,2026-04-30 23:28:48.990651,2026-04-30 23:31:44.412082,[],,1,"Water meter service and hot taps, power for clocks, permits, all hardscape, all grading, import/export of soil, clearing or removal of any existing erosion control devices, demolition, grubbing, rodent control, water cost, downspout connections unless noted, and overtime.",Person A766E416,Person FFDD1996,,,,Person 9DBF3267,,,,B11648F,2026-04-29,555-0165,Estimator A79AB1E7,VP,,,draft,,
274,B11648S,Company 3983EDC3,Project 4BE1C4D3,141497,2026-04-30 23:33:03.547515,2026-05-22 23:01:47.690433,[],,1,"Water meter service and hot taps, power for clocks, permits, all hardscape, all grading, import/export of soil, clearing or removal of any existing erosion control devices, demolition, grubbing, rodent control, water cost, downspout connections unless noted, and overtime.",Person ED266DD3,Person FFDD1996,,,,Person 9DBF3267,,,,B11648S,2026-04-29,555-0138,Estimator A79AB1E7,VP,,,active,2026-05-22 23:01:47.689878,
275,B11576,Company 082C0CF8,Project 10A75ED4,303941.3053,2026-05-01 15:29:48.741509,2026-05-01 15:29:48.741513,[],,0,,Person E39619CC,,,,,,,,,,,,,,,,draft,,
276,B11669,Company 4536CE84,Project 2ACF256A,168858,2026-05-01 20:03:20.586532,2026-05-22 23:02:57.310234,[],,0,"Water meter service and hot taps, power for clocks, permits, all hardscape, all grading, import/export of soil, clearing or removal of any existing erosion control devices, demolition, grubbing, rodent control, water cost, downspout connections unless noted, and overtime.",Person 966B3AD7,Person 1326C46C,,,,,,,,,2026-05-01,,,,,,active,2026-05-22 23:02:57.309641,
277,B11623,Company 5C2B4E23,Project DC2CE2DB,105843,2026-05-04 13:29:36.860085,2026-05-22 23:02:41.523259,[],,1,"Water meter service and hot taps, power for clocks, permits, all hardscape, all grading, import/export of soil, clearing or removal of any existing erosion control devices, demolition, grubbing, rodent control, water cost, downspout connections unless noted, and overtime.",Person D1082A3F,Person 5243CEED,,,,Person DACB5DDC,,,,,2026-05-04,555-0149,,,,,active,2026-05-22 23:02:41.522748,
278,B11630,Company 495EB894,Project A95AA778,2004182.05,2026-05-05 17:49:20.239562,2026-05-05 17:55:14.685498,[],,1,"Water meter service and hot taps, power for clocks, permits, all hardscape, all grading, import/export of soil, clearing or removal of any existing erosion control devices, demolition, grubbing, rodent control, water cost, downspout connections unless noted, and overtime.",Person A7328D5C,Person B0C1E9F6,,,,Person 2F767B46,,,,,2026-04-14,555-0191,,,,,draft,,
279,B11630,Company 495EB894,Project A95AA778,2030112.59,2026-05-05 18:29:38.219276,2026-05-05 18:30:24.384027,[],,2,"Water meter service and hot taps, power for clocks, permits, all hardscape, all grading, import/export of soil, clearing or removal of any existing erosion control devices, demolition, grubbing, rodent control, water cost, downspout connections unless noted, and overtime.",Person A7328D5C,Person B0C1E9F6,,,,Person 2F767B46,,,,,2026-05-05,555-0191,,,,,draft,,
280,B11651,Company DEFFB02D,Project 1DFB021F,103041,2026-05-06 15:02:17.363311,2026-05-22 23:01:10.419132,[],,0,"Water meter service and hot taps, power for clocks, permits, all hardscape, all grading, import/export of soil, clearing or removal of any existing erosion control devices, demolition, grubbing, rodent control, water cost, downspout connections unless noted, and overtime.
Demolition of existing irrigation & planting per Demolition plans.",Person 152B9AA7,Person 3879BA90,,,,Person FBBEBD00,,,,,2026-05-06,555-0114,,,,,active,2026-05-22 23:01:10.418616,
281,B11074,Company 0A9DADC5,Project C1153CBF,300825.396,2026-05-06 18:31:57.553059,2026-06-23 21:49:27.102277,[],,0,"Water meter service and hot taps, power for clocks, permits, all hardscape, all grading, import/export of soil, clearing or removal of any existing erosion control devices, demolition, grubbing, rodent control, water cost, downspout connections unless noted, and overtime.",Person 55771A36,Person A8747C9A,,,,Person 3BA5A8D6,,,,,2026-05-06,,,,,,awarded,2026-05-22 22:51:46.44279,Proposal
282,B11074-CCS,Company 3BAAE540,Project C1153CBF,92200,2026-05-06 18:37:13.01821,2026-05-07 23:26:05.431605,[],,0,"Water meter service and hot taps, power for clocks, permits, all hardscape, all grading, import/export of soil, clearing or removal of any existing erosion control devices, demolition, grubbing, rodent control, water cost, downspout connections unless noted, and overtime.",Person 152B9AA7,Person A8747C9A,,,,Person 3BA5A8D6,,,,B11074-CCS,2026-05-07,555-0114,Estimator DA025E42,VP,,,active,2026-05-07 23:26:05.431095,
283,B11676,Company 27C7B7D0,Project 0333773A,68700,2026-05-06 20:47:41.409324,2026-05-22 23:03:10.787172,[],,0,"Water meter service and hot taps, power for clocks, permits, all hardscape, all grading, import/export of soil, clearing or removal of any existing erosion control devices, demolition, grubbing, rodent control, water cost, downspout connections unless noted, and overtime.",Person 60F6D26C,Person 2ED96D05,,,,Person 8312D9DC,,,,,2026-05-06,555-0139,,,,,active,2026-05-22 23:03:10.786655,
284,B11663R1 - Proposal,Company 44BDBB0E,Project 67B2FECF,434511,2026-05-06 21:43:10.987697,2026-05-22 23:02:27.230639,[],,1,"Water meter service and hot taps, power for clocks, permits, all hardscape, all grading, import/export of soil, clearing or removal of any existing erosion control devices, demolition, grubbing, rodent control, water cost, downspout connections unless noted, and overtime.",Person BE4D0CB5,Person 90F93C54,,,,Person 7581E1C6,,,,,2026-05-06,555-0156,Estimator 08CB76BE,Vice President,,,active,2026-05-22 23:02:27.230102,
285,B11648,Company E2931086,Project 4BE1C4D3,146155,2026-05-07 16:17:56.841263,2026-05-07 22:42:14.618593,[],,3,"Water meter service and hot taps, power for clocks, permits, all hardscape, all grading, import/export of soil, clearing or removal of any existing erosion control devices, demolition, grubbing, rodent control, water cost, downspout connections unless noted, and overtime.",Person BE4D0CB5,Person FFDD1996,,,,Person 9DBF3267,,,,,2026-05-07,555-0119,Estimator A79AB1E7,VP,,,draft,,
286,B10001,Company 13667C65,Project F512E0CF,0,2026-05-07 19:29:29.521974,2026-05-07 19:30:02.409658,[],,0,"Water meter service and hot taps, power for clocks, permits, all hardscape, all grading, import/export of soil, clearing or removal of any existing erosion control devices, demolition, grubbing, rodent control, water cost, downspout connections unless noted, and overtime.",Person 13667C65,,,,,,,,,,2026-05-07,555-0160,Estimator 2F94A816,vp,,,draft,,
287,B10001,Company 13667C65,Project F512E0CF,225000,2026-05-07 19:30:46.80553,2026-06-23 21:50:01.443489,[],,1,"Water meter service and hot taps, power for clocks, permits, all hardscape, all grading, import/export of soil, clearing or removal of any existing erosion control devices, demolition, grubbing, rodent control, water cost, downspout connections unless noted, and overtime.",Person 13667C65,,,,,,,,,,2026-05-07,555-0160,Estimator 2F94A816,vp,,,lost,2026-05-07 19:37:45.825666,
288,B11299,Company E2931086,Project F0C2EB18,0,2026-05-07 21:57:50.07669,2026-05-07 21:57:50.076693,[],,0,,Person 24422278,,,,,,,,,,,,,,,,draft,,
289,B11580D,Company 78153655,Project C54C2040,1713919.5,2026-05-07 21:58:46.178187,2026-05-07 21:58:46.178189,[],,0,"Water meter service and hot taps, power for clocks, permits, all hardscape, all grading, import/export of soil, clearing or removal of any existing erosion control devices, demolition, grubbing, rodent control, water cost, downspout connections unless noted, and overtime.",Person CE7F5146,Person 1326C46C,,,,Person 29A06563,,,,B11580D,,,,,,,draft,,
290,B11648,Company E2931086,Project 4BE1C4D3,133871,2026-05-07 22:05:54.560365,2026-05-22 23:01:28.565522,[],,4,"Water meter service and hot taps, power for clocks, permits, all hardscape, all grading, import/export of soil, clearing or removal of any existing erosion control devices, demolition, grubbing, rodent control, water cost, downspout connections unless noted, and overtime.",Person BE4D0CB5,Person FFDD1996,,,,Person 9DBF3267,,,,,2026-05-07,555-0119,Estimator A79AB1E7,VP,,,active,2026-05-22 23:01:28.56498,
291,B11580D,Company 78153655,Project C54C2040,1713919.5,2026-05-07 22:15:40.462373,2026-05-07 22:15:40.462376,[],,1,"Water meter service and hot taps, power for clocks, permits, all hardscape, all grading, import/export of soil, clearing or removal of any existing erosion control devices, demolition, grubbing, rodent control, water cost, downspout connections unless noted, and overtime.",Person CE7F5146,Person 1326C46C,,,,Person 29A06563,,,,B11580D,,,,,,,draft,,
292,B11580D,Company 78153655,Project C54C2040,1713919.5,2026-05-07 22:34:05.208629,2026-05-07 22:34:05.208632,[],,2,"Water meter service and hot taps, power for clocks, permits, all hardscape, all grading, import/export of soil, clearing or removal of any existing erosion control devices, demolition, grubbing, rodent control, water cost, downspout connections unless noted, and overtime.",Person CE7F5146,Person 1326C46C,,,,Person 29A06563,,,,B11580D,,,,,,,draft,,
293,B11580D,Company 78153655,Project C54C2040,1713919.5,2026-05-07 22:34:08.652158,2026-05-07 22:34:08.65216,[],,3,"Water meter service and hot taps, power for clocks, permits, all hardscape, all grading, import/export of soil, clearing or removal of any existing erosion control devices, demolition, grubbing, rodent control, water cost, downspout connections unless noted, and overtime.",Person CE7F5146,Person 1326C46C,,,,Person 29A06563,,,,B11580D,,,,,,,draft,,
294,B11580D,Company 78153655,Project AA851293,2624300,2026-05-07 22:34:11.847152,2026-05-07 22:43:22.477656,[],,4,"Water meter service and hot taps, power for clocks, permits, all hardscape, all grading, import/export of soil, clearing or removal of any existing erosion control devices, demolition, grubbing, rodent control, water cost, downspout connections unless noted, and overtime.",Person D359D52D,Person 3949DEC6,,,,,,,,B11580D,2026-05-07,555-0180,Estimator A79AB1E7,VP,,,draft,,
295,B11665,Company 61383C18,Project 019A2AF6,1039910,2026-05-08 01:14:33.3079,2026-08-18 18:11:14.347808,[],,1,"Water meter service and hot taps, power for clocks, permits, all hardscape, all grading, import/export of soil, clearing or removal of any existing erosion control devices, demolition, grubbing, rodent control, water cost, downspout connections unless noted, and overtime.",Person 4CA90EDF,Person 773CC295,,,,Person 6438F941,,,,,2026-05-07,555-0133,Estimator A79AB1E7,VP,,,lost,2026-06-15 16:41:57.287206,
296,B11648F,Company FA27D5AB,Project 4BE1C4D3,153697,2026-05-08 16:46:10.955897,2026-05-22 23:01:38.05053,[],,2,"Water meter service and hot taps, power for clocks, permits, all hardscape, all grading, import/export of soil, clearing or removal of any existing erosion control devices, demolition, grubbing, rodent control, water cost, downspout connections unless noted, and overtime.",Person A144E9D7,Person FFDD1996,,,,Person 9DBF3267,,,,B11648F,2026-05-07,555-0188,Estimator A79AB1E7,VP,,,active,2026-05-22 23:01:38.049831,
297,B11686,Company A0737E11,Project 40066059,56556,2026-05-08 17:47:12.275043,2026-05-22 23:00:34.525918,[],,0,"Water meter service and hot taps, power for clocks, permits, all hardscape, all grading, import/export of soil, clearing or removal of any existing erosion control devices, demolition, grubbing, rodent control, water cost, downspout connections unless noted, and overtime.",Person E347B67A,Person E59A8A70,,,,,,,,,2026-05-08,555-0188,Estimator 08CB76BE,Vice President,,,active,2026-05-22 23:00:34.525343,
298,B11630,Company 495EB894,Project A95AA778,2015774.23,2026-05-09 16:02:03.418983,2026-06-24 01:15:46.34633,[],,3,"Water meter service and hot taps, power for clocks, permits, all hardscape, all grading, import/export of soil, clearing or removal of any existing erosion control devices, demolition, grubbing, rodent control, water cost, downspout connections unless noted, and overtime.",Person A7328D5C,Person B0C1E9F6,,,,Person 2F767B46,,,,,2026-05-09,555-0191,,,,,awarded,2026-05-22 22:57:45.631972,
299,B11586,Company 0DF092B8,Project D0CA3293,0,2026-05-11 20:59:09.576827,2026-05-11 20:59:09.576829,[],,0,,Person 52D9D681,,,,,,,,,,,,,,,,draft,,
300,B11677,Company 55420796,Project 1CFD9949,1354473,2026-05-11 21:58:16.893442,2026-05-22 23:00:26.078142,[],,0,"Water meter service and hot taps, power for clocks, permits, all hardscape, all grading, import/export of soil, clearing or removal of any existing erosion control devices, demolition, grubbing, rodent control, water cost, downspout connections unless noted, and overtime.",Person A7A4465A,Person 490E4A32,,,,Person 3E33F70C,,,,,2026-05-11,555-0166,Estimator 08CB76BE,Vice President,,,active,2026-05-22 23:00:26.077519,
301,B11571,Company 66E3A291,Project 5C2A1243,0,2026-05-14 00:14:42.057268,2026-05-14 00:14:42.057271,[],,1,"Water meter service and hot taps, power for clocks, permits, all hardscape, all grading, import/export of soil, clearing or removal of any existing erosion control devices, demolition, grubbing, rodent control, water cost, downspout connections unless noted, and overtime.",Person AA3CE186,Person 6D121222,,,,Person 3652827B,,,,,2026-03-09,,,,,,draft,,
302,B11571,Company 66E3A291,Project 5C2A1243,101900,2026-05-14 00:14:44.626121,2026-05-14 00:23:07.180962,[],,2,"Water meter service and hot taps, power for clocks, permits, all hardscape, all grading, import/export of soil, clearing or removal of any existing erosion control devices, demolition, grubbing, rodent control, water cost, downspout connections unless noted, and overtime.",Person AA3CE186,Person 6D121222,,,,Person 3652827B,,,,,2026-05-13,555-0173,Estimator A79AB1E7,VP,,,draft,,
303,B11687,Company 8CF13053,Project 03CF988C,1410976,2026-05-14 13:53:06.175867,2026-05-22 22:51:00.014281,[],,0,"Water meter service and hot taps, power for clocks, permits, all hardscape, all grading, import/export of soil, clearing or removal of any existing erosion control devices, demolition, grubbing, rodent control, water cost, downspout connections unless noted, and overtime.",Person 2BEFF10E,Person 490E4A32,,,,,,,,,2026-05-14,555-0189,Estimator 08CB76BE,Vice President,,,active,2026-05-22 22:51:00.013477,
304,B11074CC,Company DEFFB02D,Project C1153CBF,0,2026-05-14 18:02:23.559281,2026-05-14 18:02:23.559283,[],,0,"Water meter service and hot taps, power for clocks, permits, all hardscape, all grading, import/export of soil, clearing or removal of any existing erosion control devices, demolition, grubbing, rodent control, water cost, downspout connections unless noted, and overtime.",Person 55771A36,Person A8747C9A,,,,Person 3BA5A8D6,,,,B11074CC,,,,,,,draft,,
305,B11074CC,Company DEFFB02D,Project C1153CBF,110600,2026-05-14 18:02:43.662532,2026-06-02 16:01:16.687796,[],,1,"Water meter service and hot taps, power for clocks, permits, all hardscape, all grading, import/export of soil, clearing or removal of any existing erosion control devices, demolition, grubbing, rodent control, water cost, downspout connections unless noted, and overtime.",Person 977D3096,Person A8747C9A,,,,Person 3BA5A8D6,,,,B11074CC,2026-05-14,555-0114,Estimator A79AB1E7,VP,,,awarded,2026-05-22 22:51:54.928651,
306,B5964,Company 4A6B4C52,Project 3A6F67DB,114294.488555,2026-05-15 00:27:14.676214,2026-05-15 00:27:14.676217,[],,0,,Person 4A6B4C52,,,,,,,,,,,,,,,,draft,,
307,B5964,Company 4A6B4C52,Project 2E0B0E77,208270,2026-05-15 00:27:32.34858,2026-05-15 00:31:57.14481,[],,1,"Water meter service and hot taps, power for clocks, permits, all hardscape, all grading, import/export of soil, clearing or removal of any existing erosion control devices, demolition, grubbing, rodent control, water cost, downspout connections unless noted, and overtime.",Person 4A6B4C52,Person 7DD51BA6,,,,Person E39619CC,,,,,2026-05-14,555-0115,Estimator A79AB1E7,VP,,,draft,,
308,B11658,Company 5DA4651F,Project 567E5A99,1154316.02,2026-05-15 00:50:27.90337,2026-05-15 01:28:31.353127,[],,1,"Water meter service and hot taps, power for clocks, permits, all hardscape, all grading, import/export of soil, clearing or removal of any existing erosion control devices, demolition, grubbing, rodent control, water cost, downspout connections unless noted, and overtime.",Person A7328D5C,Person B01E14FB,,,,Person 3BA5A8D6,,,,,2026-05-14,555-0191,Estimator 08CB76BE,Vice President,,,draft,,
309,B11658,Company 5DA4651F,Project 567E5A99,1281596.26,2026-05-15 01:26:59.597175,2026-05-15 01:26:59.597177,[],,2,"Water meter service and hot taps, power for clocks, permits, all hardscape, all grading, import/export of soil, clearing or removal of any existing erosion control devices, demolition, grubbing, rodent control, water cost, downspout connections unless noted, and overtime.",Person A7328D5C,Person B01E14FB,,,,Person 3BA5A8D6,,,,,2026-05-14,555-0191,Estimator 08CB76BE,Vice President,,,draft,,
310,B11658,Company 5DA4651F,Project 567E5A99,1281596.26,2026-05-15 01:27:21.101961,2026-06-15 16:35:22.922096,[],,3,"Water meter service and hot taps, power for clocks, permits, all hardscape, all grading, import/export of soil, clearing or removal of any existing erosion control devices, demolition, grubbing, rodent control, water cost, downspout connections unless noted, and overtime.",Person A7328D5C,Person B01E14FB,,,,Person 3BA5A8D6,,,,,2026-05-14,555-0191,Estimator 08CB76BE,Vice President,,,active,2026-06-15 16:35:22.921589,
311,B11702,Company AE73B483,Project 7109DCF2,236115,2026-05-15 01:45:25.421186,2026-05-15 02:04:38.504231,[],,0,"Water meter service and hot taps, power for clocks, permits, all hardscape, all grading, import/export of soil, clearing or removal of any existing erosion control devices, demolition, grubbing, rodent control, water cost, downspout connections unless noted, and overtime.",Person C4014BE0,,,,,Person 5E776C2F,,,,,2026-05-14,555-0145,Estimator DA025E42,VP,,,draft,,
312,B11673,Company 0907EA87,Project 6A7BDED2,1186940.5,2026-05-15 17:51:14.091692,2026-05-21 22:53:13.207979,[],,0,"Water meter service and hot taps, power for clocks, permits, all hardscape, all grading, import/export of soil, clearing or removal of any existing erosion control devices, demolition, grubbing, rodent control, water cost, downspout connections unless noted, and overtime.",Person 70B3D846,Person A8747C9A,,,,Person 647B557C,,,,,2026-05-21,555-0153,Estimator A79AB1E7,VP,,,draft,,
313,B11702,Company AE73B483,Project 7109DCF2,239142.89,2026-05-16 18:53:25.10284,2026-05-16 19:49:10.40532,[],,1,"Water meter service and hot taps, power for clocks, permits, all hardscape, all grading, import/export of soil, clearing or removal of any existing erosion control devices, demolition, grubbing, rodent control, water cost, downspout connections unless noted, and overtime.",Person C4014BE0,,,,,Person 5E776C2F,,,,,2026-05-16,555-0145,Estimator DA025E42,VP,,,draft,,
314,B11356,Company 0FD8AE3F,Project 69650E49,529862,2026-05-18 22:20:44.533023,2026-05-19 21:06:21.186739,[],,2,"Water meter service and hot taps, power for clocks, permits, all hardscape, all grading, import/export of soil, clearing or removal of any existing erosion control devices, demolition, grubbing, rodent control, water cost, downspout connections unless noted, and overtime.",Person B79AE213,Person 9CBC326F,,,,Person 9E3A7B66,,,,,2026-04-16,555-0122,,,,,active,2026-05-19 21:06:21.18583,
315,B11683,Company 22EDA38C,Project 126EC1C0,199800,2026-05-19 18:04:35.023167,2026-06-15 16:34:14.159173,[],,0,"Water meter service and hot taps, power for clocks, permits, all hardscape, all grading, import/export of soil, clearing or removal of any existing erosion control devices, demolition, grubbing, rodent control, water cost, downspout connections unless noted, and overtime.",Person AD8F757A,Person B1D0E4F4,,,,Person E6FE4154,,,,,2026-05-19,555-0195,Estimator 08CB76BE,VP,,,active,2026-06-15 16:34:14.158061,
316,4071,Company 13667C65,Project 51FA3577,3349,2026-05-21 05:42:22.813477,2026-05-21 05:42:22.81348,[],,1,"Water meter service and hot taps, power for clocks, permits, all hardscape, all grading, import/export of soil, clearing or removal of any existing erosion control devices, demolition, grubbing, rodent control, water cost, downspout connections unless noted, and overtime.",,,,,,,,,,,2026-05-21,,,,,,draft,,
317,B11571,Company 66E3A291,Project 5C2A1243,101900,2026-05-21 22:32:43.54905,2026-05-21 22:34:03.805707,[],,3,"Water meter service and hot taps, power for clocks, permits, all hardscape, all grading, import/export of soil, clearing or removal of any existing erosion control devices, demolition, grubbing, rodent control, water cost, downspout connections unless noted, and overtime.",Person 74A16AD5,Person 6D121222,,,,Person 3652827B,,,,,2026-05-21,555-0173,Estimator A79AB1E7,VP,,,draft,,
318,B11571,Company 66E3A291,Project 5C2A1243,128200,2026-05-22 00:19:06.4659,2026-06-15 22:26:52.761133,[],,4,"Water meter service and hot taps, power for clocks, permits, all hardscape, all grading, import/export of soil, clearing or removal of any existing erosion control devices, demolition, grubbing, rodent control, water cost, downspout connections unless noted, and overtime.",Person 74A16AD5,Person 6D121222,,,,Person 3652827B,,,,,2026-05-21,555-0173,Estimator A79AB1E7,VP,,,active,2026-06-15 22:26:52.76056,
319,B11673,Company 0907EA87,Project 6A7BDED2,1163269.5,2026-05-22 20:22:26.119558,2026-05-22 20:22:55.876998,[],,1,"Water meter service and hot taps, power for clocks, permits, all hardscape, all grading, import/export of soil, clearing or removal of any existing erosion control devices, demolition, grubbing, rodent control, water cost, downspout connections unless noted, and overtime.",Person 70B3D846,Person A8747C9A,,,,Person 647B557C,,,,,2026-05-22,555-0153,Estimator A79AB1E7,VP,,,draft,,
320,B11356,Company 0FD8AE3F,Project 69650E49,497725.25,2026-05-27 22:32:23.703048,2026-06-15 16:57:41.203024,[],,3,"Water meter service and hot taps, power for clocks, permits, all hardscape, all grading, import/export of soil, clearing or removal of any existing erosion control devices, demolition, grubbing, rodent control, water cost, downspout connections unless noted, and overtime.",Person B79AE213,Person 9CBC326F,,,,Person 9E3A7B66,,,,,2026-05-27,555-0122,Estimator A79AB1E7,VP,,,active,2026-06-15 16:57:41.202537,
321,B11684,Company 40603142,Project C65F58D3,110595,2026-05-28 14:03:28.847614,2026-06-15 16:33:13.173671,[],,0,"Water meter service and hot taps, power for clocks, permits, all hardscape, all grading, import/export of soil, clearing or removal of any existing erosion control devices, demolition, grubbing, rodent control, water cost, downspout connections unless noted, and overtime.",Person 807F1D14,,,,,Person EBA6E192,,,,,2026-05-28,555-0135,,,,,active,2026-06-15 16:33:13.172744,
322,B11703,Company 6B4DFDAD,Project ABC3F633,941094,2026-05-29 16:52:14.210851,2026-06-17 16:32:44.67153,[],,0,"Water meter service and hot taps, power for clocks, permits, all hardscape, all grading, import/export of soil, clearing or removal of any existing erosion control devices, demolition, grubbing, rodent control, water cost, downspout connections unless noted, and overtime.",Person FBB57698,Person 6B4DFDAD,,,,Person 69CDE5D2,,,,,2026-06-01,555-0148,Estimator 08CB76BE,Vice President,,,active,2026-06-17 16:32:44.670992,
323,B11705,Company D3C61C2E,Project 4D72AB85,239900,2026-05-29 23:18:17.314961,2026-05-30 17:22:30.318815,[],,0,"Water meter service and hot taps, power for clocks, permits, all hardscape, all grading, import/export of soil, clearing or removal of any existing erosion control devices, demolition, grubbing, rodent control, water cost, downspout connections unless noted, and overtime.",Person BEB24B21,Person CC61E723,,,,Person CC61E723,,,,,2026-05-30,555-0176,Estimator A79AB1E7,VP,,,draft,,
324,B11074CC,Company DEFFB02D,Project C1153CBF,110600,2026-06-01 23:18:28.944559,2026-06-01 23:19:22.171165,[],,2,"Water meter service and hot taps, power for clocks, permits, all hardscape, all grading, import/export of soil, clearing or removal of any existing erosion control devices, demolition, grubbing, rodent control, water cost, downspout connections unless noted, and overtime.",Person 977D3096,Person A8747C9A,,,,Person 3BA5A8D6,,,,B11074CC,2026-05-14,555-0114,Estimator A79AB1E7,VP,,,active,2026-06-01 23:19:22.169979,
325,B11516,Company DEFFB02D,Project AC9A54CC,183890,2026-06-05 20:58:28.240422,2026-06-09 18:10:24.996829,[],,0,"Water meter service and hot taps, power for clocks, permits, all hardscape, all grading, import/export of soil, clearing or removal of any existing erosion control devices, demolition, grubbing, rodent control, water cost, downspout connections unless noted, and overtime.",Person 4A3AD3F7,Person CADB00A6,,,,Person 14A093E4,,,,,2026-06-08,555-0159,Estimator 08CB76BE,Vice President,,,draft,,
326,B11586.2,Company 0DF092B8,Project D0CA3293,539050,2026-06-06 00:22:25.005845,2026-06-08 17:46:40.745716,[],,0,"Water meter service and hot taps, power for clocks, permits, all hardscape, all grading, import/export of soil, clearing or removal of any existing erosion control devices, demolition, grubbing, rodent control, water cost, downspout connections unless noted, and overtime.",Person 52D9D681,Person 440F685E,,,,Person E39619CC,,,,,2026-06-08,555-0101,Estimator A79AB1E7,VP,,,draft,,
327,B11605,Company 04496F34,Project 0FA719F7,638450,2026-06-06 00:38:56.809053,2026-06-15 16:29:46.101282,[],,3,"Water meter service and hot taps, power for clocks, permits, all hardscape, all grading, import/export of soil, clearing or removal of any existing erosion control devices, demolition, grubbing, rodent control, water cost, downspout connections unless noted, and overtime.",Person 4158107E,Person B1D0E4F4,,,,Person 3BA5A8D6,,,,,2026-06-05,555-0121,Estimator 08CB76BE,Vice President,,,active,2026-06-15 16:29:46.10069,
328,B11603,Company 04496F34,Project 54EC4A37,325000,2026-06-06 01:28:38.896136,2026-06-15 16:29:29.21315,[],,3,"Water meter service and hot taps, power for clocks, permits, all hardscape, all grading, import/export of soil, clearing or removal of any existing erosion control devices, demolition, grubbing, rodent control, water cost, downspout connections unless noted, and overtime.",Person 4158107E,Person B1D0E4F4,,,,Person 3BA5A8D6,,,,,2026-06-05,555-0121,Estimator 08CB76BE,Vice President,,,active,2026-06-15 16:29:29.212611,
329,B11654.S-R1,Company 741C96DD,Project DC995C72,187531,2026-06-08 19:38:17.500281,2026-06-15 16:28:28.263611,[],,1,"Water meter service and hot taps, power for clocks, permits, all hardscape, all grading, import/export of soil, clearing or removal of any existing erosion control devices, demolition, grubbing, rodent control, water cost, downspout connections unless noted, and overtime.
BLS has excluded the engineering and permitting on the lighting and overhead structure. Shop Drawings will be provided of the OH Steel Structure.  Aluminum lattice call out on the OH Structure is considered Stell for the purpose of this bid.",Person CD5F428F,Person A72EDC9E,,,,Person 00FCCDB6,,,,,2026-06-08,555-0125,Estimator 08CB76BE,Vice President,,,active,2026-06-15 16:28:28.263152,
330,B11720,Company A5A021FA,Project 476E70C5,366307,2026-06-09 13:51:06.058391,2026-06-15 16:30:56.798508,[],,0,"Water meter service and hot taps, power for clocks, permits, all hardscape, all grading, import/export of soil, clearing or removal of any existing erosion control devices, demolition, grubbing, rodent control, water cost, downspout connections unless noted, and overtime.",Person A7C97B64,Person CE67DAE3,,,,Person DACB5DDC,,,,,2026-06-09,555-0129,Estimator 08CB76BE,Vice President,,,active,2026-06-15 16:30:56.798048,
331,B11704,Company DBFBA742,Project 52F96806,251116.62,2026-06-09 22:11:57.730226,2026-06-15 16:27:51.100664,[],,0,"Water meter service and hot taps, power for clocks, permits, all hardscape, all grading, import/export of soil, clearing or removal of any existing erosion control devices, demolition, grubbing, rodent control, water cost, downspout connections unless noted, and overtime.",Person A7328D5C,Person 1F3B839F,,,,Person DACB5DDC,,,,,2026-06-09,555-0191,Estimator 08CB76BE,Vice President,,,active,2026-06-15 16:27:51.100093,
332,B11516,Company DEFFB02D,Project AC9A54CC,525200,2026-06-09 22:12:12.293299,2026-06-15 16:57:01.692302,[],,1,"Water meter service and hot taps, power for clocks, permits, all hardscape, all grading, import/export of soil, clearing or removal of any existing erosion control devices, demolition, grubbing, rodent control, water cost, downspout connections unless noted, and overtime.",Person AC4D6B26,Person CADB00A6,,,,Person 14A093E4,,,,,2026-06-09,555-0159,Estimator 92A7C877,Vice President,,,active,2026-06-15 16:57:01.691688,
333,B11662,Company 9C5C927A,Project 51149A01,582000,2026-06-10 15:24:11.671479,2026-06-10 15:24:11.671482,[],,1,"Water meter service and hot taps, power for clocks, permits, all hardscape, all grading, import/export of soil, clearing or removal of any existing erosion control devices, demolition, grubbing, rodent control, water cost, downspout connections unless noted, and overtime.",Person 88F2FC3C,Person 207F0ABE,,,,,,,,,2026-04-22,555-0137,Estimator 08CB76BE,VP,,,draft,,
334,B11653-R1,Company 88F30DA4,Project 06D033A5,869371,2026-06-10 17:02:40.491699,2026-06-15 16:31:29.696538,[],,1,"Water meter service and hot taps, power for clocks, permits, all hardscape, all grading, import/export of soil, clearing or removal of any existing erosion control devices, demolition, grubbing, rodent control, water cost, downspout connections unless noted, and overtime.
All Site Furnishings are excluded.",Person FF611931,Person 4D6155E6,,,,Person 64C7C967,,,,,2026-06-09,555-0141,Estimator 08CB76BE,VICE PRESIDENT,,,active,2026-06-15 16:31:29.696025,
335,B11662,Company 9C5C927A,Project 51149A01,719500,2026-06-10 20:01:00.724779,2026-06-23 18:04:51.170608,[],,2,"Water meter service and hot taps, power for clocks, permits, all hardscape, all grading, import/export of soil, clearing or removal of any existing erosion control devices, demolition, grubbing, rodent control, water cost, downspout connections unless noted, and overtime.",Person 88F2FC3C,Person 207F0ABE,,,,,,,,,2026-06-10,555-0137,Estimator 08CB76BE,VP,,,active,2026-06-15 16:30:39.625235,
336,B11685,Company 22EDA38C,Project 2F02F3A4,403695,2026-06-10 20:29:54.014151,2026-06-15 16:30:14.294395,[],,0,"Water meter service and hot taps, power for clocks, permits, all hardscape, all grading, import/export of soil, clearing or removal of any existing erosion control devices, demolition, grubbing, rodent control, water cost, downspout connections unless noted, and overtime.",Person 6D3B5F33,Person B1D0E4F4,,,,Person 4D54F43A,,,,,2026-06-10,555-0189,Estimator 08CB76BE,VP,,,active,2026-06-15 16:30:14.293927,
337,B11648F,Company FA27D5AB,Project 4BE1C4D3,156095,2026-06-11 16:33:20.818651,2026-06-11 16:36:46.971552,[],,3,"Water meter service and hot taps, power for clocks, permits, all hardscape, all grading, import/export of soil, clearing or removal of any existing erosion control devices, demolition, grubbing, rodent control, water cost, downspout connections unless noted, and overtime.",Person A144E9D7,Person FFDD1996,,,,Person 9DBF3267,,,,B11648F,2026-06-11,555-0188,Estimator A79AB1E7,VP,,,draft,,
338,B11715,Company E2931086,Project 36564BE8,306970,2026-06-11 20:22:34.874225,2026-06-15 16:56:20.452401,[],,0,"Water meter service and hot taps, power for clocks, permits, all hardscape, all grading, import/export of soil, clearing or removal of any existing erosion control devices, demolition, grubbing, rodent control, water cost, downspout connections unless noted, and overtime.
Any removal of existing irrigation & planting.",Person 07801560,Person 23B426EB,,,,Person DACB5DDC,,,,,2026-06-11,555-0166,,,,,active,2026-06-15 16:56:20.451921,
339,B11673,Company 0907EA87,Project 6A7BDED2,1163269.5,2026-06-12 00:00:58.243884,2026-06-12 00:04:48.006054,[],,2,"Water meter service and hot taps, power for clocks, permits, all hardscape, all grading, import/export of soil, clearing or removal of any existing erosion control devices, demolition, grubbing, rodent control, water cost, downspout connections unless noted, and overtime.",Person B5E9B36B,Person A8747C9A,,,,Person 647B557C,,,,,2026-06-11,555-0153,Estimator A79AB1E7,VP,,,draft,,
340,B11554CC,Company 4A6B4C52,Project B40122A7,44100,2026-06-13 16:55:18.484215,2026-06-16 18:38:53.008927,[],,0,"Water meter service and hot taps, power for clocks, permits, all hardscape, all grading, import/export of soil, clearing or removal of any existing, erosion control devices, demolition, grubbing, rodent control, water cost, downspout connections unless noted, and overtime.",Person 4A6B4C52,Person CC0D9DD4,,,,,,,,B11554CC,2026-06-16,555-0115,Estimator A79AB1E7,VP,,,draft,,
341,B11711.M,Company 7BDB935E,Project EABBD3C3,1121571,2026-06-16 19:42:10.781438,2026-06-17 22:32:13.781663,[],,0,"Water meter service and hot taps, power for clocks, permits, all hardscape, all grading, import/export of soil, clearing or removal of any existing erosion control devices, demolition, grubbing, rodent control, water cost, downspout connections unless noted, and overtime.",Person B5E9B36B,Person A8747C9A,,,,Person 9DBF3267,,,,,2026-06-17,555-0188,Estimator A79AB1E7,VP,,,draft,,
342,B11725,Company 829C7373,Project 5229EEB2,386280,2026-06-16 23:54:18.31564,2026-06-17 00:53:52.768343,[],,0,"Water meter service and hot taps, power for clocks, permits, all hardscape, all grading, import/export of soil, clearing or removal of any existing erosion control devices, demolition, grubbing, rodent control, water cost, downspout connections unless noted, and overtime.",,,,,,,,,,,2026-06-16,,,,,,draft,,
343,B11725B11725.C,Company 08367154,Project 40FE224A,324700,2026-06-17 00:59:34.395779,2026-06-17 14:24:49.620177,[],,0,"Water meter service and hot taps, power for clocks, permits, all hardscape, all grading, import/export of soil, clearing or removal of any existing erosion control devices, demolition, grubbing, rodent control, water cost, downspout connections unless noted, and overtime.",,,,,,,,,,B11725B11725.C,2026-06-17,,,,,,draft,,
344,B11722,Company 22EDA38C,Project 1153B81C,315300,2026-06-17 14:10:07.021223,2026-06-17 23:24:37.323037,[],,0,"Water meter service and hot taps, power for clocks, permits, all hardscape, all grading, import/export of soil, clearing or removal of any existing erosion control devices, demolition, grubbing, rodent control, water cost, downspout connections unless noted, and overtime.",Person FAA3781F,Person B1D0E4F4,,,,Person 4D54F43A,,,,,2026-06-12,555-0170,Estimator 2B14CA48,Vice President,,,active,2026-06-17 23:24:37.322552,
345,B11659,Company 2E492779,Project 6178385E,644693,2026-06-17 17:06:40.796056,2026-06-24 01:17:20.231071,[],,1,"Water meter service and hot taps, power for clocks, permits, all hardscape, all grading, import/export of soil, clearing or removal of any existing erosion control devices, demolition, grubbing, rodent control, water cost, downspout connections unless noted, and overtime.",Person BD34A544,Person 4EB847AA,,,,Person E39619CC,,,,,2026-03-25,,,,,,awarded,2026-06-24 01:14:58.33743,
346,B11705,Company D3C61C2E,Project 4D72AB85,271700,2026-06-18 16:41:45.241099,2026-06-18 16:48:53.122525,[],,1,"Water meter service and hot taps, power for clocks, permits, all hardscape, all grading, import/export of soil, clearing or removal of any existing erosion control devices, demolition, grubbing, rodent control, water cost, downspout connections unless noted, and overtime.",Person BEB24B21,Person CC61E723,,,,Person CC61E723,,,,,2026-06-18,555-0176,Estimator A79AB1E7,VP,,,draft,,
347,B11712,Company 662CE371,Project 54DC389F,506750,2026-06-18 21:05:27.575799,2026-06-19 16:22:00.691423,[],,0,"Water meter service and hot taps, power for clocks, permits, all hardscape, all grading, import/export of soil, clearing or removal of any existing erosion control devices, demolition, grubbing, rodent control, water cost, downspout connections unless noted, and overtime.",Person 60B3CD82,Person 34F85829,,,,Person E39619CC,,,,,2026-06-18,555-0131,Estimator 08CB76BE,Vice President,,,active,2026-06-19 16:22:00.690901,
348,B11516,Company DEFFB02D,Project AC9A54CC,525200,2026-06-18 23:14:04.218522,2026-06-24 01:13:20.700175,[],,2,"Water meter service and hot taps, power for clocks, permits, all hardscape, all grading, import/export of soil, clearing or removal of any existing erosion control devices, demolition, grubbing, rodent control, water cost, downspout connections unless noted, and overtime.",Person CED93A75,Person CADB00A6,,,,Person 14A093E4,,,,,2026-06-18,555-0159,Estimator 92A7C877,Vice President,,,active,2026-06-24 01:13:20.699712,
349,B11726,Company 741C96DD,Project D544CC81,363750,2026-06-19 22:19:40.352145,2026-06-25 00:38:37.057243,[],,0,"Water meter service and hot taps, power for clocks, permits, all hardscape, all grading, import/export of soil, clearing or removal of any existing erosion control devices, demolition, grubbing, rodent control, water cost, downspout connections unless noted, and overtime.",Person 92A3420D,Person 773CC295,,,,Person 62D63DE1,,,,,2026-06-24,555-0115,Estimator A79AB1E7,VP,,,draft,,
350,B11716,Company DEFFB02D,Project 68E1D9E7,104560,2026-06-22 16:44:14.846326,2026-06-24 01:10:30.622496,[],,0,"Water meter service and hot taps, power for clocks, permits, all hardscape, all grading, import/export of soil, clearing or removal of any existing erosion control devices, demolition, grubbing, rodent control, water cost, downspout connections unless noted, and overtime.",Person 152B9AA7,Person 3879BA90,,,,Person FBBEBD00,,,,,2026-06-22,555-0114,Estimator 678FFC4D,VP,,,active,2026-06-24 01:10:30.622034,
351,B11662,Company 9C5C927A,Project 51149A01,883000,2026-06-23 18:04:59.845772,2026-08-03 16:19:24.770775,[],,3,"Water meter service and hot taps, power for clocks, permits, all hardscape, all grading, import/export of soil, clearing or removal of any existing erosion control devices, demolition, grubbing, rodent control, water cost, downspout connections unless noted, and overtime.",Person 88F2FC3C,Person 207F0ABE,,,,,,,,,2026-07-06,555-0137,Estimator 08CB76BE,VP,,,draft,,
352,B11717,Company DB87531D,Project 8B2C1275,1348657,2026-06-24 21:36:09.560006,2026-07-01 22:09:53.384313,[],,0,"Water meter service and hot taps, power for clocks, permits, all hardscape, all grading, import/export of soil, clearing or removal of any existing erosion control devices, demolition, grubbing, rodent control, water cost, downspout connections unless noted, and overtime.
Excludes #12 Modular Wetlands Unit
Excludes #14 Catch Basins.",Person E8ECBC96,Person E99DBC0C,,,,Person 79799C69,,,,,2026-06-24,555-0111,Estimator 08CB76BE,Vice President,,,active,2026-06-26 19:39:35.32086,
353,B11717.J1,Company 32A399C7,Project 77B5B07C,3281530,2026-06-24 21:42:23.453287,2026-07-02 00:06:02.663762,[],,0,"Water meter service and hot taps, power for clocks, permits, all hardscape, all grading, import/export of soil, clearing or removal of any existing erosion control devices, demolition, grubbing, rodent control, water cost, downspout connections unless noted, and overtime.",Person F411E08A,Person E99DBC0C,,,,Person 79799C69,,,,,2026-06-24,555-0113,Estimator 08CB76BE,Vice President,,,active,2026-07-01 22:32:29.316606,
354,B11516,Company DEFFB02D,Project AC9A54CC,525200,2026-06-24 23:17:32.42178,2026-06-24 23:18:08.104221,[],,3,"Water meter service and hot taps, power for clocks, permits, all hardscape, all grading, import/export of soil, clearing or removal of any existing erosion control devices, demolition, grubbing, rodent control, water cost, downspout connections unless noted, and overtime.",Person CED93A75,Person CADB00A6,,,,Person 14A093E4,,,,,2026-06-24,555-0159,Estimator 92A7C877,Vice President,,,draft,,
355,B11654.S-R1,Company 741C96DD,Project DC995C72,199950,2026-06-25 00:17:08.097907,2026-07-02 00:01:20.090846,[],,2,"Water meter service and hot taps, power for clocks, permits, all hardscape, all grading, import/export of soil, clearing or removal of any existing erosion control devices, demolition, grubbing, rodent control, water cost, downspout connections unless noted, and overtime.
BLS has excluded the engineering and permitting on the lighting and overhead structure. Shop Drawings will be provided of the OH Steel Structure.  Aluminum lattice call out on the OH Structure is considered Stell for the purpose of this bid.",Person CD5F428F,Person A72EDC9E,,,,Person 00FCCDB6,,,,,2026-06-24,555-0125,Estimator 08CB76BE,Vice President,,,active,2026-07-02 00:01:20.090362,
356,B11441.2,Company DEFFB02D,Project F9919FC9,48849,2026-06-25 15:47:52.727984,2026-07-01 22:12:49.271563,[],,0,"Water meter service and hot taps, power for clocks, permits, all hardscape, all grading, import/export of soil, clearing or removal of any existing erosion control devices, demolition, grubbing, rodent control, water cost, downspout connections unless noted, and overtime.",Person FB5DCA8D,Person 4D89A280,,,,Person 74C4A659,,,,,2026-06-25,555-0194,,,,,draft,,
357,B11717,Company 32A399C7,Project 8B2C1275,1348657,2026-06-26 19:22:22.959406,2026-07-01 22:23:17.09591,[],,1,"Water meter service and hot taps, power for clocks, permits, all hardscape, all grading, import/export of soil, clearing or removal of any existing erosion control devices, demolition, grubbing, rodent control, water cost, downspout connections unless noted, and overtime.
Excludes #12 Modular Wetlands Unit
Excludes #14 Catch Basins.",Person F411E08A,Person E99DBC0C,,,,Person 79799C69,,,,,2026-06-24,555-0113,Estimator 08CB76BE,Vice President,,,active,2026-06-26 19:39:47.63605,
358,B11717.J1,Company 32A399C7,Project 77B5B07C,3173530,2026-06-26 19:43:10.952105,2026-07-01 22:32:48.407791,[],,1,"Water meter service and hot taps, power for clocks, permits, all hardscape, all grading, import/export of soil, clearing or removal of any existing erosion control devices, demolition, grubbing, rodent control, water cost, downspout connections unless noted, and overtime.",Person F411E08A,Person E99DBC0C,,,,Person 79799C69,,,,,2026-06-24,555-0111,Estimator 08CB76BE,Vice President,,,active,2026-07-01 22:32:48.407317,
359,B11728,Company E2931086,Project 0A626596,3691,2026-06-29 14:58:57.940528,2026-07-01 21:28:38.207992,[],,0,"Water meter service and hot taps, power for clocks, permits, all hardscape, all grading, import/export of soil, clearing or removal of any existing erosion control devices, demolition, grubbing, rodent control, water cost, downspout connections unless noted, and overtime.",Person BE4D0CB5,Person 837A9370,,,,,,,,,2026-06-29,,,,,,active,2026-07-01 21:28:38.20747,
360,B11711.M,Company 7BDB935E,Project EABBD3C3,1110258,2026-06-30 17:25:34.003591,2026-07-01 22:33:59.566015,[],,1,"Water meter service and hot taps, power for clocks, permits, all hardscape, all grading, import/export of soil, clearing or removal of any existing erosion control devices, demolition, grubbing, rodent control, water cost, downspout connections unless noted, and overtime.",Person B5E9B36B,Person A8747C9A,,,,Person 9DBF3267,,,,,2026-06-30,555-0188,Estimator 92A7C877,VP,,,active,2026-07-01 22:33:59.565481,
361,B11726,Company 741C96DD,Project D544CC81,365400,2026-06-30 23:18:59.324298,2026-06-30 23:21:24.160781,[],,1,"Water meter service and hot taps, power for clocks, permits, all hardscape, all grading, import/export of soil, clearing or removal of any existing erosion control devices, demolition, grubbing, rodent control, water cost, downspout connections unless noted, and overtime.",Person 92A3420D,Person 773CC295,,,,Person 62D63DE1,,,,,2026-06-30,555-0115,Estimator A79AB1E7,VP,,,draft,,
362,B11710,Company DC2C0779,Project A13598AB,2951439,2026-07-01 17:20:57.062718,2026-08-05 18:41:21.06534,[],,0,"Water meter service and hot taps, power for clocks, permits, all hardscape, all grading, import/export of soil, clearing or removal of any existing erosion control devices, demolition, grubbing, rodent control, water cost, downspout connections unless noted, and overtime.",Person C4EA43D0,Person 6E7B42C9,,,,Person 4D54F43A,,,,,2026-07-01,555-0166,Estimator 08CB76BE,Vice President,,,active,2026-08-05 18:41:21.064858,
363,B11728,Company F0F960E3,Project 0A626596,7350,2026-07-01 21:16:39.966701,2026-07-01 21:28:27.243315,[],,1,"Water meter service and hot taps, power for clocks, permits, all hardscape, all grading, import/export of soil, clearing or removal of any existing erosion control devices, demolition, grubbing, rodent control, water cost, downspout connections unless noted, and overtime.",Person 64903410,Person 837A9370,,,,Person 79799C69,,,,,2026-06-29,555-0155,Estimator 08CB76BE,Vice President,,,active,2026-07-01 21:28:27.242812,
364,B11684,Company 40603142,Project C65F58D3,126805,2026-07-01 23:15:55.203318,2026-07-01 23:25:55.597968,[],,1,"Water meter service and hot taps, power for clocks, permits, all hardscape, all grading, import/export of soil, clearing or removal of any existing erosion control devices, demolition, grubbing, rodent control, water cost, downspout connections unless noted, and overtime.",Person 807F1D14,Person 837A9370,,,,Person EBA6E192,,,,,2026-06-29,555-0135,Estimator 08CB76BE,Vice President,,,active,2026-07-01 23:25:55.597452,
366,B11717.J1,Company DB87531D,Project 77B5B07C,3281530,2026-07-02 00:09:12.196588,2026-07-02 00:12:01.776668,[],,2,"Water meter service and hot taps, power for clocks, permits, all hardscape, all grading, import/export of soil, clearing or removal of any existing erosion control devices, demolition, grubbing, rodent control, water cost, downspout connections unless noted, and overtime.",Person E8ECBC96,Person E99DBC0C,,,,Person 79799C69,,,,,2026-06-24,555-0111,Estimator 08CB76BE,Vice President,,,draft,,
367,B11681,Company DEFFB02D,Project 9B792B82,377746,2026-07-02 14:28:59.502424,2026-07-11 00:51:45.872023,[],,0,"Water meter service and hot taps, power for clocks, permits, all hardscape, all grading, import/export of soil, clearing or removal of any existing erosion control devices, demolition, grubbing, rodent control, water cost, downspout connections unless noted, and overtime.",Person 4205D25C,Person 414470F3,,,,Person 93957AA6,,,,,2026-07-02,555-0114,,,,,active,2026-07-11 00:51:45.871537,
368,B11534,Company DC2C0779,Project 620A1F19,442300,2026-07-02 23:16:52.627263,2026-07-07 14:32:32.293878,[],,2,"Water meter service and hot taps, power for clocks, permits, all hardscape, all grading, import/export of soil, clearing or removal of any existing erosion control devices, demolition, grubbing, rodent control, water cost, downspout connections unless noted, and overtime.",Person 3254415C,Person 75FECA0E,,,,Person 3BA5A8D6,,,,,2026-07-07,555-0166,Estimator C9AF6B5C,Estimator,,,draft,,
369,B11585,Company 0CD776D3,Project 289AD45F,143500,2026-07-06 15:56:04.034335,2026-07-06 15:57:41.85637,[],,1,"Water meter service and hot taps, power for clocks, permits, all hardscape, all grading, import/export of soil, clearing or removal of any existing erosion control devices, demolition, grubbing, rodent control, water cost, downspout connections unless noted, and overtime.",Person C1B6714D,,,,,,,,,,2026-07-06,,,,,,draft,,
370,B11648F,Company FA27D5AB,Project 4BE1C4D3,133700,2026-07-06 18:11:04.089081,2026-07-06 18:11:47.0876,[],,4,"Water meter service and hot taps, power for clocks, permits, all hardscape, all grading, import/export of soil, clearing or removal of any existing erosion control devices, demolition, grubbing, rodent control, water cost, downspout connections unless noted, and overtime.",Person A144E9D7,Person FFDD1996,,,,Person 9DBF3267,,,,B11648F,2026-07-06,555-0188,Estimator A79AB1E7,VP,,,draft,,
371,B5964,Company 4A6B4C52,Project 2E0B0E77,208270,2026-07-06 18:28:56.961084,2026-07-06 18:31:16.223839,[],,2,"Water meter service and hot taps, power for clocks, permits, all hardscape, all grading, import/export of soil, clearing or removal of any existing erosion control devices, demolition, grubbing, rodent control, water cost, downspout connections unless noted, and overtime.",Person 4A6B4C52,Person 7DD51BA6,,,,Person E39619CC,,,,,2026-07-06,555-0115,Estimator A79AB1E7,VP,,,draft,,
372,B11585,Company 0CD776D3,Project 289AD45F,145500,2026-07-06 22:03:48.621706,2026-07-06 22:21:38.947896,[],,2,"Water meter service and hot taps, power for clocks, permits, all hardscape, all grading, import/export of soil, clearing or removal of any existing erosion control devices, demolition, grubbing, rodent control, water cost, downspout connections unless noted, and overtime.",Person C1B6714D,Person 32A9A800,,,,Person E39619CC,,,,,2026-07-06,555-0116,Estimator A79AB1E7,VP,,,draft,,
373,B11711.M,Company 7BDB935E,Project EABBD3C3,1071398.97,2026-07-07 00:04:42.024684,2026-07-07 00:05:38.278745,[],,2,"Water meter service and hot taps, power for clocks, permits, all hardscape, all grading, import/export of soil, clearing or removal of any existing erosion control devices, demolition, grubbing, rodent control, water cost, downspout connections unless noted, and overtime.",Person B5E9B36B,Person A8747C9A,,,,Person 9DBF3267,,,,,2026-06-30,555-0188,Estimator 92A7C877,VP,,,draft,,
374,B11647,Company 019A90F2,Project A13F4770,225879,2026-07-08 16:34:56.54305,2026-07-08 16:46:36.795776,[],,0,"Water meter service and hot taps, power for clocks, permits, all hardscape, all grading, import/export of soil, clearing or removal of any existing erosion control devices, demolition, grubbing, rodent control, water cost, downspout connections unless noted, and overtime.",Person 2CE5DFC9,Person 414470F3,,,,,,,,,2026-07-08,555-0176,Estimator 5C33F29F,,,,draft,,
375,B11728SLB,Company 44BDBB0E,Project 0A626596,7350,2026-07-08 17:56:34.638329,2026-07-08 17:59:25.275598,[],,0,"Water meter service and hot taps, power for clocks, permits, all hardscape, all grading, import/export of soil, clearing or removal of any existing erosion control devices, demolition, grubbing, rodent control, water cost, downspout connections unless noted, and overtime.",Person BE4D0CB5,Person 837A9370,,,,Person 79799C69,,,,B11728SLB,2026-07-08,555-0119,Estimator 08CB76BE,Vice President,,,draft,,
376,B11516,Company DEFFB02D,Project AC9A54CC,525200,2026-07-09 16:14:59.910057,2026-07-09 16:17:34.053142,[],,4,"Water meter service and hot taps, power for clocks, permits, all hardscape, all grading, import/export of soil, clearing or removal of any existing erosion control devices, demolition, grubbing, rodent control, water cost, downspout connections unless noted, and overtime.",Person CED93A75,Person CADB00A6,,,,Person 14A093E4,,,,,2026-07-09,555-0159,Estimator 92A7C877,Vice President,,,draft,,
377,B11647,Company 019A90F2,Project A13F4770,680150,2026-07-10 22:48:39.064611,2026-07-11 00:52:34.947393,[],,1,"Water meter service and hot taps, power for clocks/ controllers, permits, all hardscape, all grading, import/export of soil, clearing or removal of any existing erosion control devices, demolition, grubbing, rodent control, water cost, downspout connections unless noted, and overtime.",Person 2CE5DFC9,Person 414470F3,,,,Person E39619CC,,,,,2026-07-08,555-0176,Estimator 5C33F29F,Vice President,,,active,2026-07-11 00:52:34.946908,
378,B11647,Company 723F290B,Project A13F4770,680150,2026-07-10 23:15:15.36923,2026-07-11 00:52:47.692463,[],,2,"Water meter service and hot taps, power for clocks/ controllers, permits, all hardscape, all grading, import/export of soil, clearing or removal of any existing erosion control devices, demolition, grubbing, rodent control, water cost, downspout connections unless noted, and overtime.",Person 063D19C4,Person 414470F3,,,,Person E39619CC,,,,,2026-07-08,,Estimator 5C33F29F,Vice President,,,active,2026-07-11 00:52:47.692003,
379,B11647,Company F8693FC8,Project A13F4770,680150,2026-07-10 23:22:03.119638,2026-07-11 00:52:22.797927,[],,3,"Water meter service and hot taps, power for clocks/ controllers, permits, all hardscape, all grading, import/export of soil, clearing or removal of any existing erosion control devices, demolition, grubbing, rodent control, water cost, downspout connections unless noted, and overtime.",Person 410E516E,Person 414470F3,,,,Person E39619CC,,,,,2026-07-08,555-0126,Estimator 5C33F29F,Vice President,,,active,2026-07-11 00:52:22.797367,
380,B11716,Company DEFFB02D,Project 68E1D9E7,80510,2026-07-13 17:36:08.066141,2026-07-14 00:42:14.709989,[],,1,"Water meter service and hot taps, power for clocks, permits, all hardscape, all grading, import/export of soil, clearing or removal of any existing erosion control devices, demolition, grubbing, rodent control, water cost, downspout connections unless noted, and overtime.",Person 152B9AA7,Person 3879BA90,,,,Person FBBEBD00,,,,,2026-07-13,555-0114,Estimator 678FFC4D,VP,,,draft,,
381,B11534,Company DC2C0779,Project 620A1F19,442300,2026-07-13 18:45:14.646015,2026-07-13 18:49:40.258837,[],,3,"Water meter service and hot taps, power for clocks, permits, all hardscape, all grading, import/export of soil, clearing or removal of any existing erosion control devices, demolition, grubbing, rodent control, water cost, downspout connections unless noted, and overtime.",Person 3254415C,Person 75FECA0E,,,,Person 3BA5A8D6,,,,,2026-07-13,555-0166,Estimator C9AF6B5C,Estimator,,,draft,,
382,B11721,Company CB84387D,Project 555DFBEC,461200,2026-07-13 22:20:27.688473,2026-07-15 00:02:25.294716,[],,0,"Water meter service and hot taps, power for clocks, permits, all hardscape, all grading, import/export of soil, clearing or removal of any existing erosion control devices, demolition, grubbing, rodent control, water cost, downspout connections unless noted, and overtime.",Person CDED2A2C,Person 4236E33C,,,,Person E39619CC,,,,,2026-07-15,555-0126,Estimator A79AB1E7,VP,,,draft,,
383,B11737,Company 9FA4E600,Project 0DBD6E2A,139200,2026-07-14 20:06:01.645107,2026-08-05 18:40:48.309003,[],,0,"Water meter service and hot taps, power for clocks, permits, all hardscape, all grading, import/export of soil, clearing or removal of any existing erosion control devices, demolition, grubbing, rodent control, water cost, downspout connections unless noted, and overtime.",Person FD689A99,,,,,,,,,,2026-07-15,555-0192,Estimator 08CB76BE,Vice President,,,active,2026-08-05 18:40:48.308375,
384,B11727,Company DBFBA742,Project 2109EA06,2514121,2026-07-14 20:15:08.927215,2026-07-16 20:03:10.043067,[],,0,"Water meter service and hot taps, power for clocks, permits, all hardscape, all grading, import/export of soil, clearing or removal of any existing erosion control devices, demolition, grubbing, rodent control, water cost, downspout connections unless noted, and overtime.",Person A7328D5C,Person DAD8C860,,,,Person 2F767B46,,,,,2026-07-15,555-0191,Estimator 08CB76BE,Vice President,,,draft,,
385,B11732,Company 61383C18,Project 2D621C6E,1481012.2,2026-07-15 20:36:46.784961,2026-07-23 00:19:52.556843,[],,0,"Water meter service and hot taps, power for clocks, permits, all hardscape, all grading, import/export of soil, clearing or removal of any existing erosion control devices, demolition, grubbing, rodent control, water cost, downspout connections unless noted, and overtime.",Person 4CA90EDF,Person A8747C9A,,,,Person 647B557C,,,,,2026-07-21,555-0133,Estimator C9AF6B5C,Estimator,,,active,2026-07-23 00:19:52.556245,
386,B11739,Company 741C96DD,Project CFBC998C,3867591,2026-07-16 22:31:17.839529,2026-08-05 18:34:55.089076,[],,0,"Water meter service and hot taps, power for clocks, permits, all hardscape, all grading, import/export of soil, clearing or removal of any existing erosion control devices, demolition, grubbing, rodent control, water cost, downspout connections unless noted, and overtime.",Person CD5F428F,Person 11950CEA,,,,Person D324EFAD,,,,,2026-07-22,555-0125,Estimator 08CB76BE,Vice President,,,active,2026-08-05 18:34:55.088421,
387,B11711.M,Company 7BDB935E,Project EABBD3C3,1064881.97,2026-07-17 22:10:08.735466,2026-07-17 22:27:26.130296,[],,3,"Water meter service and hot taps, power for clocks, permits, all hardscape, all grading, import/export of soil, clearing or removal of any existing erosion control devices, demolition, grubbing, rodent control, water cost, downspout connections unless noted, and overtime.",Person B5E9B36B,Person A8747C9A,,,,Person 9DBF3267,,,,,2026-07-16,555-0188,Estimator 92A7C877,VP,,,draft,,
388,B11727,Company 0F168FA4,Project 2109EA06,2527904.14,2026-07-20 23:02:24.141259,2026-08-10 20:34:01.395429,[],,1,"Water meter service and hot taps, power for clocks, permits, all hardscape, all grading, import/export of soil, clearing or removal of any existing erosion control devices, demolition, grubbing, rodent control, water cost, downspout connections unless noted, and overtime.",Person A7328D5C,Person DAD8C860,,,,Person 2F767B46,,,,,2026-07-20,555-0191,Estimator 08CB76BE,Vice President,,,active,2026-08-05 18:36:27.085454,
389,B11732RB,Company 61383C18,Project 2D621C6E,1401962.2,2026-07-21 15:22:33.546687,2026-07-23 00:19:42.476171,[],,0,"Water meter service and hot taps, power for clocks, permits, all hardscape, all grading, import/export of soil, clearing or removal of any existing erosion control devices, demolition, grubbing, rodent control, water cost, downspout connections unless noted, and overtime.",Person 4CA90EDF,Person A8747C9A,,,,Person 647B557C,,,,B11732RB,2026-07-21,,Estimator C9AF6B5C,Estimator,,,active,2026-07-23 00:19:42.475601,
390,B11654.S-R1,Company 741C96DD,Project DC995C72,130050,2026-07-21 18:26:00.971635,2026-07-21 18:38:48.407944,[],,3,"Water meter service and hot taps, power for clocks, permits, all hardscape, all grading, import/export of soil, clearing or removal of any existing erosion control devices, demolition, grubbing, rodent control, water cost, downspout connections unless noted, and overtime.
BLS has excluded the engineering and permitting on the lighting and overhead structure. Shop Drawings will be provided of the OH Steel Structure.  Aluminum lattice call out on the OH Structure is considered Stell for the purpose of this bid.",Person CD5F428F,Person A72EDC9E,,,,Person 00FCCDB6,,,,,2026-07-20,555-0125,Estimator 08CB76BE,Vice President,,,draft,,
391,B11726,Company 741C96DD,Project D544CC81,339400,2026-07-21 19:35:51.330212,2026-07-21 19:39:53.777676,[],,2,"Water meter service and hot taps, power for clocks, permits, all hardscape, all grading, import/export of soil, clearing or removal of any existing erosion control devices, demolition, grubbing, rodent control, water cost, downspout connections unless noted, and overtime.",Person 92A3420D,Person 773CC295,,,,Person 62D63DE1,,,,,2026-07-21,555-0115,Estimator A79AB1E7,VP,,,draft,,
392,B11744,Company 83F8B378,Project F1E44A26,123844.64,2026-07-21 20:01:55.433565,2026-08-05 18:40:34.194103,[],,0,"Water meter service and hot taps, power for clocks, permits, all hardscape, all grading, import/export of soil, clearing or removal of any existing erosion control devices, demolition, grubbing, rodent control, water cost, downspout connections unless noted, and overtime.",Person B79AE213,Person A97F820A,,,,Person 4E5EC670,,,,,2026-07-21,555-0122,Estimator 5C33F29F,Vice President,,,active,2026-08-05 18:40:34.192776,
393,B11731,Company 174C22B7,Project 6A29DDCE,110101,2026-07-21 21:20:43.683797,2026-07-23 00:16:48.145401,[],,0,"Water meter service and hot taps, power for clocks, permits, all hardscape, all grading, import/export of soil, clearing or removal of any existing erosion control devices, demolition, grubbing, rodent control, water cost, downspout connections unless noted, and overtime.",Person A30E5BC0,Person 6E7B42C9,,,,Person 7A88D4C2,,,,,2026-07-21,,Estimator 5C33F29F,Vice President,,,active,2026-07-23 00:16:48.144916,
394,B11736,Company C5D31E34,Project 188D96F1,58828,2026-07-22 21:01:41.630299,2026-07-22 23:51:19.383704,[],,0,"Water meter service and hot taps, power for clocks, permits, all hardscape, all grading, import/export of soil, clearing or removal of any existing erosion control devices, demolition, grubbing, rodent control, water cost, downspout connections unless noted, and overtime.",Person 4A09C50E,Person 7A9FCBDC,,,,Person D324EFAD,,,,,2026-07-22,555-0113,,,,,active,2026-07-22 23:51:19.38279,
395,B11741,Company 0907EA87,Project 1EF3EE85,464984,2026-07-23 23:00:51.167554,2026-08-05 18:36:03.135089,[],,0,"Water meter service and hot taps, power for clocks, permits, all hardscape, all grading, import/export of soil, clearing or removal of any existing erosion control devices, demolition, grubbing, rodent control, water cost, downspout connections unless noted, and overtime.",Person 89D1695F,Person 6D8CF5BF,,,,Person DACB5DDC,,,,,2026-07-23,555-0180,Estimator 08CB76BE,Vice President,,,active,2026-08-05 18:36:03.134577,
396,B11586,Company F8EFCAD0,Project D0CA3293,656157,2026-07-27 13:40:44.58974,2026-07-30 18:32:01.381582,[],,1,"Water meter service and hot taps, power for clocks, permits, all hardscape, all grading, import/export of soil, clearing or removal of any existing erosion control devices, demolition, grubbing, rodent control, water cost, downspout connections unless noted, and overtime.",Person 9A482E90,Person 0C1172BB,,,,Person E39619CC,,,,,2026-07-30,555-0153,Estimator B9A0DDA9,Vice President,,,draft,,
397,B11538M,Company 829C7373,Project B90EC6D0,0,2026-07-27 20:10:59.276883,2026-07-27 20:10:59.276887,[],,0,,,,,,,,,,,,,,,,,,draft,,
398,B11713,Company C8618253,Project EE5FD40F,1559900,2026-07-30 17:09:46.414177,2026-07-31 19:59:17.706595,[],,0,"Water meter service and hot taps, power for clocks, permits, all hardscape, all grading, import/export of soil, clearing or removal of any existing erosion control devices, demolition, grubbing, rodent control, water cost, downspout connections unless noted, and overtime.",Person 024F4D42,Person 1326C46C,,,,Person D5962E72,,,,,2026-07-30,555-0166,Estimator 5C33F29F,Vice President,,,draft,,
399,B11730,Company 6EDB3764,Project 97B4B05A,504276,2026-07-30 21:44:41.154675,2026-08-03 18:54:29.366889,[],,0,"Water meter service and hot taps, power for clocks, permits, all hardscape, all grading, import/export of soil, clearing or removal of any existing erosion control devices, demolition, grubbing, rodent control, water cost, downspout connections unless noted, and overtime.",Person 94747F8A,Person 1E88096F,,,,Person 122A2FBC,,,,,2026-07-27,555-0110,Estimator 5C33F29F,Vice President,,,draft,,
400,B11745,Company 082C0CF8,Project 88A70FA2,208085,2026-07-31 16:00:11.722595,2026-08-05 18:36:48.831066,[],,0,"Water meter service and hot taps, power for clocks, permits, all hardscape, all grading, import/export of soil, clearing or removal of any existing erosion control devices, demolition, grubbing, rodent control, water cost, downspout connections unless noted, and overtime.",Person D8845EAB,Person FEB61FA4,,,,Person D6F05CCE,,,,,2026-07-31,555-0155,Estimator 08CB76BE,Vice President,,,active,2026-08-05 18:36:48.830461,
401,B11683,Company 22EDA38C,Project 126EC1C0,167100,2026-07-31 16:47:17.537851,2026-08-11 20:18:50.437673,[],,1,"Water meter service and hot taps, power for clocks, permits, all hardscape, all grading, import/export of soil, clearing or removal of any existing erosion control devices, demolition, grubbing, rodent control, water cost, downspout connections unless noted, and overtime.",Person AD8F757A,Person B1D0E4F4,,,,Person E6FE4154,,,,,2026-07-31,555-0195,Estimator 92A7C877,VP,,,draft,,
402,B11586,Company F8EFCAD0,Project D0CA3293,576557,2026-07-31 16:59:26.406951,2026-07-31 17:11:04.810333,[],,2,"Water meter service and hot taps, power for clocks, permits, all hardscape, all grading, import/export of soil, clearing or removal of any existing erosion control devices, demolition, grubbing, rodent control, water cost, downspout connections unless noted, and overtime.",Person 9A482E90,Person 0C1172BB,,,,Person E39619CC,,,,,2026-07-31,555-0153,Estimator B9A0DDA9,Vice President,,,draft,,
403,B11749,Company 9FA4E600,Project 1ED8BEF1,35183,2026-07-31 20:29:46.407,2026-07-31 20:46:05.011813,[],,0,"Water meter service and hot taps, power for clocks, permits, all hardscape, all grading, import/export of soil, clearing or removal of any existing erosion control devices, demolition, grubbing, rodent control, water cost, downspout connections unless noted, and overtime.",Person 4205D25C,Person 1326C46C,,,,Person D5962E72,,,,,2026-07-31,555-0103,Estimator 5C33F29F,Vice President,,,draft,,
404,B11662,Company 9C5C927A,Project 51149A01,883000,2026-08-03 16:19:30.725002,2026-08-10 16:21:54.244698,[],,4,"Water meter service and hot taps, power for clocks, permits, all hardscape, all grading, import/export of soil, clearing or removal of any existing erosion control devices, demolition, grubbing, rodent control, water cost, downspout connections unless noted, and overtime.",Person 88F2FC3C,Person 207F0ABE,,,,,,,,,2026-08-03,555-0137,Estimator 92A7C877,VP,,,active,2026-08-10 16:21:54.243029,
405,B11743,Company 19C7772C,Project 98FD010C,238894,2026-08-03 21:54:56.188314,2026-08-05 18:34:22.661035,[],,0,"Water meter service and hot taps, power for clocks, permits, all hardscape, all grading, import/export of soil, clearing or removal of any existing erosion control devices, demolition, grubbing, rodent control, water cost, downspout connections unless noted, and overtime.",Person 1B7BB254,Person 96E4417D,,,,Person ED36F159,,,,,2026-08-03,555-0141,Estimator 5C33F29F,Vice President,,,active,2026-08-05 18:34:22.659842,
406,B11586,Company 96D3A3FD,Project D0CA3293,629764.71,2026-08-04 20:10:01.134144,2026-08-05 21:19:18.040976,[],,3,"Water meter service and hot taps, power for clocks, permits, all hardscape, all grading, import/export of soil, clearing or removal of any existing erosion control devices, demolition, grubbing, rodent control, water cost, downspout connections unless noted, and overtime.",Person 9A482E90,Person 0C1172BB,,,,Person E39619CC,,,,,2026-08-05,555-0153,Estimator B9A0DDA9,Vice President,,,draft,,
407,B11586,Company 96D3A3FD,Project D0CA3293,619999.01,2026-08-06 16:24:33.458891,2026-08-06 16:34:09.245962,[],,4,"Water meter service and hot taps, power for clocks, permits, all hardscape, all grading, import/export of soil, clearing or removal of any existing erosion control devices, demolition, grubbing, rodent control, water cost, downspout connections unless noted, and overtime.",Person 9A482E90,Person 0C1172BB,,,,Person E39619CC,,,,,2026-08-05,555-0153,Estimator B9A0DDA9,Vice President,,,draft,,
408,B11611,Company 174C22B7,Project AE611175,528780,2026-08-10 17:38:48.809303,2026-08-10 17:39:08.591699,[],,1,"Water meter service and hot taps, power for clocks, permits, all hardscape, all grading, import/export of soil, clearing or removal of any existing erosion control devices, demolition, grubbing, rodent control, water cost, downspout connections unless noted, and overtime.",Person A30E5BC0,Person 6E7B42C9,,,,Person FFE50662,,,,,2026-08-10,555-0120,Estimator 92A7C877,VP,,,draft,,
409,B11730,Company 6EDB3764,Project 97B4B05A,504276,2026-08-10 23:50:15.65208,2026-08-10 23:50:15.652086,[],,1,"Water meter service and hot taps, power for clocks, permits, all hardscape, all grading, import/export of soil, clearing or removal of any existing erosion control devices, demolition, grubbing, rodent control, water cost, downspout connections unless noted, and overtime.",Person 94747F8A,Person 1E88096F,,,,Person 122A2FBC,,,,,2026-07-27,555-0110,Estimator 5C33F29F,Vice President,,,draft,,
410,B11683,Company 22EDA38C,Project 126EC1C0,167100,2026-08-11 20:19:07.367825,2026-08-11 20:19:20.598009,[],,2,"Water meter service and hot taps, power for clocks, permits, all hardscape, all grading, import/export of soil, clearing or removal of any existing erosion control devices, demolition, grubbing, rodent control, water cost, downspout connections unless noted, and overtime.",Person AD8F757A,Person B1D0E4F4,,,,Person E6FE4154,,,,,2026-08-07,555-0195,Estimator 92A7C877,VP,,,draft,,
411,B11681,Company DEFFB02D,Project 9B792B82,312805,2026-08-12 00:47:25.337441,2026-08-12 00:53:12.37167,[],,1,"Water meter service and hot taps, power for clocks, permits, all hardscape, all grading, import/export of soil, clearing or removal of any existing erosion control devices, demolition, grubbing, rodent control, water cost, downspout connections unless noted, and overtime.",Person 4205D25C,Person 414470F3,,,,Person 93957AA6,,,,,2026-08-10,555-0114,Estimator 5C33F29F,Vice President,,,draft,,
412,B11689,,Project 93845F5F,0,2026-08-12 21:22:38.968033,2026-08-12 21:22:38.968035,[],,0,,Person AC981B87,,,,,,,,,,,,,,,,draft,,
413,B11711.M,Company 7BDB935E,Project EABBD3C3,1064155.09,2026-08-12 23:12:16.74404,2026-08-12 23:12:48.272912,[],,4,"Water meter service and hot taps, power for clocks, permits, all hardscape, all grading, import/export of soil, clearing or removal of any existing erosion control devices, demolition, grubbing, rodent control, water cost, downspout connections unless noted, and overtime.",Person B5E9B36B,Person A8747C9A,,,,Person 9DBF3267,,,,,2026-08-12,555-0188,Estimator 92A7C877,VP,,,draft,,
414,B5964,Company 4A6B4C52,Project 3EEDCA86,222800,2026-08-13 19:44:08.480105,2026-08-13 21:13:33.081229,[],,3,"Water meter service and hot taps, power for clocks, permits, all hardscape, all grading, import/export of soil, clearing or removal of any existing erosion control devices, demolition, grubbing, rodent control, water cost, downspout connections unless noted, and overtime.",Person 4A6B4C52,Person 7DD51BA6,,,,Person E39619CC,,,,,2026-08-13,555-0115,Estimator A79AB1E7,VP,,,draft,,
415,B11739,Company 741C96DD,Project CFBC998C,3685070,2026-08-13 21:25:14.969951,2026-08-14 00:29:54.728768,[],,1,"Water meter service and hot taps, power for clocks, permits, all hardscape, all grading, import/export of soil, clearing or removal of any existing erosion control devices, demolition, grubbing, rodent control, water cost, downspout connections unless noted, and overtime.",Person CD5F428F,Person 11950CEA,,,,Person D324EFAD,,,,,2026-08-14,555-0125,Estimator C9AF6B5C,Estimator,,,draft,,
416,B11752,Company 9A5D3476,Project 05ECBE98,362350,2026-08-14 00:23:34.058878,2026-08-20 19:39:39.389119,[],,0,"Water meter service and hot taps, power for clocks, permits, all hardscape, all grading, import/export of soil, clearing or removal of any existing erosion control devices, demolition, grubbing, rodent control, water cost, downspout connections unless noted, and overtime.",Person D554E13B,,,,,,,,,,2026-08-20,555-0180,Estimator A79AB1E7,VP,,,draft,,
417,B11727,Company 0F168FA4,Project 2109EA06,2527904.14,2026-08-14 23:34:06.659191,2026-08-14 23:34:06.659194,[],,2,"Water meter service and hot taps, power for clocks, permits, all hardscape, all grading, import/export of soil, clearing or removal of any existing erosion control devices, demolition, grubbing, rodent control, water cost, downspout connections unless noted, and overtime.",Person A7328D5C,Person DAD8C860,,,,Person 2F767B46,,,,,2026-07-20,555-0191,Estimator 08CB76BE,Vice President,,,draft,,
418,B11738.M,Company 16FADD82,Project 3AE9F517,139242.80395,2026-08-17 22:53:12.016163,2026-08-17 22:53:12.016166,[],,0,,Person BD6A7C06,,,,,,,,,,,,,,,,draft,,
419,B11738,Company 16FADD82,Project BEE472CD,1331063.05,2026-08-17 22:53:35.273308,2026-09-09 00:09:26.306248,[],,0,"Water meter service and hot taps, power for clocks, permits, all hardscape, all grading, import/export of soil, clearing or removal of any existing erosion control devices, demolition, grubbing, rodent control, water cost, downspout connections unless noted, and overtime.",Person BD6A7C06,Person B8C1B06D,,,,Person 9DBF3267,,,,,2026-09-08,,Estimator C9AF6B5C,Estimator,,,draft,,
420,B11751,Company 32A37BDE,Project EC7248CB,379550,2026-08-18 15:34:49.494434,2026-09-12 21:27:15.038124,[],,0,"Water meter service and hot taps, power for clocks, permits, all hardscape, all grading, import/export of soil, clearing or removal of any existing erosion control devices, demolition, grubbing, rodent control, water cost, downspout connections unless noted, and overtime.",Person B846BE6F,Person 017E60F5,,,,Person 99E77016,,,,,2026-09-12,555-0121,Estimator A79AB1E7,VP,,,draft,,
421,4071,Company 13667C65,Project 51FA3577,3349,2026-08-18 18:12:03.424617,2026-08-18 18:12:03.42462,[],,2,"Water meter service and hot taps, power for clocks, permits, all hardscape, all grading, import/export of soil, clearing or removal of any existing erosion control devices, demolition, grubbing, rodent control, water cost, downspout connections unless noted, and overtime.",,,,,,,,,,,2026-05-21,,,,,,draft,,
422,B11727,Company 0F168FA4,Project 2109EA06,3464184.5,2026-08-19 00:27:56.983199,2026-08-19 00:33:58.96387,[],,3,"Water meter service and hot taps, power for clocks, permits, all hardscape, all grading, import/export of soil, clearing or removal of any existing erosion control devices, demolition, grubbing, rodent control, water cost, downspout connections unless noted, and overtime.",Person A7328D5C,Person DAD8C860,,,,Person 2F767B46,,,,,2026-08-19,555-0191,Estimator 08CB76BE,Vice President,,,draft,,
423,B5964,Company 4A6B4C52,Project 3EEDCA86,208700,2026-08-19 19:12:02.264267,2026-08-19 19:13:56.610382,[],,4,"Water meter service and hot taps, power for clocks, permits, all hardscape, all grading, import/export of soil, clearing or removal of any existing erosion control devices, demolition, grubbing, rodent control, water cost, downspout connections unless noted, and overtime.",Person 4A6B4C52,Person 7DD51BA6,,,,Person E39619CC,,,,,2026-08-19,555-0115,Estimator A79AB1E7,VP,,,draft,,
424,B11560,Company D170570E,Project 5142BE42,106300,2026-08-19 20:02:13.136527,2026-08-19 20:04:26.843496,[],,1,"Water meter service and hot taps, power for clocks, permits, all hardscape, all grading, import/export of soil, clearing or removal of any existing erosion control devices, demolition, grubbing, rodent control, water cost, downspout connections unless noted, and overtime.",Person 0F0173D8,Person 3C1E2508,,,,Person 7452B882,,,,,2026-08-19,555-0133,Estimator A79AB1E7,VP,,,draft,,
425,B11750,Company 2C3FA4A7,Project EBCFE42D,234898,2026-08-20 00:42:28.671696,2026-08-25 22:21:58.290679,[],,0,"Water meter service and hot taps, power for clocks, permits, all hardscape, all grading, import/export of soil, clearing or removal of any existing erosion control devices, demolition, grubbing, rodent control, water cost, downspout connections unless noted, and overtime.",Person C1B6714D,Person 46ED9945,,,,Person E39619CC,,,,,2026-08-25,555-0146,Estimator 08CB76BE,Vice President,,,draft,,
426,B11732,Company 61383C18,Project 2D621C6E,1469441,2026-08-22 19:18:21.667694,2026-08-22 19:21:28.421275,[],,1,"Water meter service and hot taps, power for clocks, permits, all hardscape, all grading, import/export of soil, clearing or removal of any existing erosion control devices, demolition, grubbing, rodent control, water cost, downspout connections unless noted, and overtime.",Person 4CA90EDF,Person 44692ED6,,,,Person 6438F941,,,,,2026-08-22,555-0133,Estimator A79AB1E7,VP,,,draft,,
427,B11727,Company 0F168FA4,Project 2109EA06,3464184.5,2026-08-25 00:54:22.824135,2026-08-25 00:54:22.824138,[],,4,"Water meter service and hot taps, power for clocks, permits, all hardscape, all grading, import/export of soil, clearing or removal of any existing erosion control devices, demolition, grubbing, rodent control, water cost, downspout connections unless noted, and overtime.",Person A7328D5C,Person DAD8C860,,,,Person 2F767B46,,,,,2026-08-19,555-0191,Estimator 08CB76BE,Vice President,,,draft,,
428,B5964,Company 4A6B4C52,Project 3EEDCA86,184900,2026-08-26 19:51:04.812934,2026-08-26 20:02:08.451615,[],,5,"Water meter service and hot taps, power for clocks, permits, all hardscape, all grading, import/export of soil, clearing or removal of any existing erosion control devices, demolition, grubbing, rodent control, water cost, downspout connections unless noted, and overtime.",Person 4A6B4C52,Person 7DD51BA6,,,,Person E39619CC,,,,,2026-08-26,555-0115,Estimator A79AB1E7,VP,,,draft,,
429,B11767,Company 0907EA87,Project B393D3A1,120600,2026-08-27 18:43:14.089075,2026-08-28 03:15:33.369858,[],,0,"Water meter service and hot taps, power for clocks, permits, all hardscape, all grading, import/export of soil, clearing or removal of any existing erosion control devices, demolition, grubbing, rodent control, water cost, downspout connections unless noted, and overtime.",Person A40B6CBD,Person 21258065,,,,,,,,,2026-08-28,555-0104,Estimator 5C33F29F,Vice President,,,draft,,
430,B11739,Company 741C96DD,Project CFBC998C,4468390,2026-08-27 19:19:28.832371,2026-08-27 21:58:39.602117,[],,2,"Water meter service and hot taps, power for clocks, permits, all hardscape, all grading, import/export of soil, clearing or removal of any existing erosion control devices, demolition, grubbing, rodent control, water cost, downspout connections unless noted, and overtime.",Person CD5F428F,Person 11950CEA,,,,Person B1B00B97,,,,,2026-08-27,555-0125,Estimator C9AF6B5C,Estimator,,,draft,,
431,B11685,Company 22EDA38C,Project 2F02F3A4,377500,2026-08-28 00:30:38.92965,2026-08-28 01:42:41.447675,[],,1,"Water meter service and hot taps, power for clocks, permits, all hardscape, all grading, import/export of soil, clearing or removal of any existing erosion control devices, demolition, grubbing, rodent control, water cost, downspout connections unless noted, and overtime.",Person 6D3B5F33,Person B1D0E4F4,,,,Person 4D54F43A,,,,,2026-08-27,555-0189,Estimator 08CB76BE,VP,,,draft,,
432,B11580D,Company 78153655,Project AA851293,2584700,2026-08-28 01:54:18.240532,2026-08-28 02:44:44.673638,[],,5,"Water meter service and hot taps, power for clocks, permits, all hardscape, all grading, import/export of soil, clearing or removal of any existing erosion control devices, demolition, grubbing, rodent control, water cost, downspout connections unless noted, and overtime.",Person D359D52D,Person 3949DEC6,,,,,,,,B11580D,2026-08-27,555-0180,Estimator A79AB1E7,VP,,,draft,,
433,B11757,Company 174C22B7,Project 6C4FA63A,287780,2026-09-01 22:01:17.992622,2026-09-17 15:05:59.01149,[],,0,"Water meter service and hot taps, power for clocks, permits, all hardscape, all grading, import/export of soil, clearing or removal of any existing erosion control devices, demolition, grubbing, rodent control, water cost, downspout connections unless noted, and overtime.",Person AA792EB8,Person C62AE7D3,,,,Person 4D9A4551,,,,,2026-09-17,555-0143,Estimator A79AB1E7,VP,,,draft,,
434,B11762,Company 0FD8AE3F,Project 1959EE80,959041.62,2026-09-02 15:29:49.92221,2026-09-10 19:12:05.775647,[],,0,"Water meter service and hot taps, power for clocks, permits, all hardscape, all grading, import/export of soil, clearing or removal of any existing erosion control devices, demolition, grubbing, rodent control, water cost, downspout connections unless noted, and overtime.",Person B79AE213,Person 490E4A32,,,,Person 25675C81,,,,,2026-09-10,555-0114,Estimator 5C33F29F,Vice President,,,draft,,
435,B11763,Company 3BAAE540,Project 111FBD66,82155,2026-09-04 14:40:31.764353,2026-09-04 21:33:43.488068,[],,0,"Water meter service and hot taps, power for clocks, permits, all hardscape, all grading, import/export of soil, clearing or removal of any existing erosion control devices, demolition, grubbing, rodent control, water cost, downspout connections unless noted, and overtime.

Gas, electric, and control wiring , supply and connection by other to the firepit.  Firepit is Natural gas with a automatic 24v igniter and timer, manual key valve flame adjuster, weatherproof Emergency Stop,180,000 BTU Brass Burner and Rolled Lava Rock Infill.  Will need 120v and gas line provided by others.  Can provide price if needed.  Plan also doesn't show any type of drain for the Fire Pit",Person 4205D25C,Person 75FECA0E,,,,Person E39619CC,,,,,2026-09-04,555-0114,Estimator 5C33F29F,Vice President,,,draft,,
436,B11764,Company DEFFB02D,Project 5DD4AF84,50525,2026-09-04 15:43:25.212186,2026-09-04 22:19:03.716069,[],,0,"Water meter service and hot taps, power for clocks, permits, all hardscape, all grading, import/export of soil, clearing or removal of any existing erosion control devices, demolition, grubbing, rodent control, water cost, downspout connections unless noted, and overtime.

Gas, electric, and control wiring, supply, and connection by others to the firepit.  Firepit is Natural gas with an automatic 24v igniter and timer, manual key valve flame adjuster, weatherproof Emergency Stop,180,000 BTU Brass Burner and Rolled Lava Rock Infill.  Will need 120v and gas line provided by others.  Can provide price if needed.  Plan doesn't show any type of drain for the Fire Pit",Person 4205D25C,Person 75FECA0E,,,,Person E39619CC,,,,,2026-09-04,555-0114,Estimator 5C33F29F,Vice President,,,draft,,
437,B11727,Company 0F168FA4,Project 2109EA06,3416170.75,2026-09-08 15:32:42.438595,2026-09-08 15:34:02.167677,[],,5,"Water meter service and hot taps, power for clocks, permits, all hardscape, all grading, import/export of soil, clearing or removal of any existing erosion control devices, demolition, grubbing, rodent control, water cost, downspout connections unless noted, and overtime.",Person A7328D5C,Person DAD8C860,,,,Person 2F767B46,,,,,2026-09-08,555-0191,Estimator 92A7C877,Vice President,,,draft,,
438,B11580D,Company 78153655,Project AA851293,1942200,2026-09-09 20:53:27.04164,2026-09-09 21:10:39.286271,[],,6,"Water meter service and hot taps, power for clocks, permits, all hardscape, all grading, import/export of soil, clearing or removal of any existing erosion control devices, demolition, grubbing, rodent control, water cost, downspout connections unless noted, and overtime.",Person D359D52D,Person 3949DEC6,,,,,,,,B11580D,2026-09-09,555-0180,Estimator A79AB1E7,VP,,,draft,,
439,B11766,Company F2D8D10B,Project 2A83D294,622250,2026-09-09 23:45:05.000669,2026-09-14 21:31:20.46841,[],,0,"Water meter service and hot taps, power for clocks, permits, all hardscape, all grading, import/export of soil, clearing or removal of any existing erosion control devices, demolition, grubbing, rodent control, water cost, downspout connections unless noted, and overtime.",Person 0FBEF749,Person 7876703A,,,,Person E39619CC,,,,,2026-09-09,555-0176,Estimator C9AF6B5C,Estimator,,,draft,,
440,B11560,Company D170570E,Project 5142BE42,124000,2026-09-10 01:36:47.796912,2026-09-10 01:40:04.279172,[],,2,"Water meter service and hot taps, power for clocks, permits, all hardscape, all grading, import/export of soil, clearing or removal of any existing erosion control devices, demolition, grubbing, rodent control, water cost, downspout connections unless noted, and overtime.",Person 0F0173D8,Person 3C1E2508,,,,Person 7452B882,,,,,2026-09-09,555-0133,Estimator A79AB1E7,VP,,,draft,,
441,B11760,Company 99C258BA,Project 33770B5B,51350,2026-09-15 19:29:22.412024,2026-09-17 01:08:44.673905,[],,0,"Water meter service and hot taps, power for clocks, permits, all hardscape, all grading, import/export of soil, clearing or removal of any existing erosion control devices, demolition, grubbing, rodent control, water cost, downspout connections unless noted, and overtime.",Person E81434C6,Person 1BD69543,,,,Person E39619CC,,,,,2026-09-16,555-0112,Estimator C9AF6B5C,Estimator,,,draft,,
442,B11611,Company 174C22B7,Project AE611175,475190,2026-09-17 16:07:03.231851,2026-09-18 20:33:53.749057,[],,2,"Water meter service and hot taps, power for clocks, permits, all hardscape, all grading, import/export of soil, clearing or removal of any existing erosion control devices, demolition, grubbing, rodent control, water cost, downspout connections unless noted, and overtime.",Person AA792EB8,Person 6E7B42C9,,,,Person FFE50662,,,,,2026-09-18,555-0120,Estimator C9AF6B5C,Estimator,,,draft,,
443,B11586,Company 96D3A3FD,Project D0CA3293,554118.01,2026-09-21 16:01:13.560336,2026-09-21 16:37:08.814612,[],,5,"Water meter service and hot taps, power for clocks, permits, all hardscape, all grading, import/export of soil, clearing or removal of any existing erosion control devices, demolition, grubbing, rodent control, water cost, downspout connections unless noted, and overtime.",Person 49A1B225,Person 0C1172BB,,,,Person E39619CC,,,,,2026-09-21,555-0153,Estimator B9A0DDA9,Vice President,,,draft,,
444,B11746,Company 0FD8AE3F,Project B80E40BC,1003649.8,2026-09-22 22:52:21.960185,2026-09-25 17:11:07.891672,[],,0,"Water meter service and hot taps, power for clocks, permits, all hardscape, all grading, import/export of soil, clearing or removal of any existing erosion control devices, demolition, grubbing, rodent control, water cost, downspout connections unless noted, and overtime.",Person B79AE213,Person A2CE9A9A,,,,Person 9E3A7B66,,,,,2026-09-25,555-0178,Estimator C9AF6B5C,Estimator,,,draft,,
445,B11757,Company 174C22B7,Project 6C4FA63A,279950,2026-09-23 17:20:52.027252,2026-09-23 17:23:49.655769,[],,1,"Water meter service and hot taps, power for clocks, permits, all hardscape, all grading, import/export of soil, clearing or removal of any existing erosion control devices, demolition, grubbing, rodent control, water cost, downspout connections unless noted, and overtime.",Person AA792EB8,Person C62AE7D3,,,,Person 4D9A4551,,,,,2026-09-23,555-0143,Estimator A79AB1E7,VP,,,draft,,
446,B11762,Company 0FD8AE3F,Project 1959EE80,949881.79,2026-09-23 20:12:56.41263,2026-09-23 20:46:45.421502,[],,1,"Water meter service and hot taps, power for clocks, permits, all hardscape, all grading, import/export of soil, clearing or removal of any existing erosion control devices, demolition, grubbing, rodent control, water cost, downspout connections unless noted, and overtime.",Person B79AE213,Person 490E4A32,,,,Person 25675C81,,,,,2026-09-23,555-0122,Estimator 5C33F29F,Vice President,,,draft,,
447,B11776,Company 5443738F,Project EEE52908,53150,2026-09-25 00:52:46.02597,2026-09-28 22:15:44.980523,[],,0,"Water meter service and hot taps, power for clocks, permits, all hardscape, all grading, import/export of soil, clearing or removal of any existing erosion control devices, demolition, grubbing, rodent control, water cost, downspout connections unless noted, and overtime.",Person AA3CE186,Person 5494D377,,,,Person E39619CC,,,,,2026-09-28,555-0166,Estimator DA025E42,Vice President,,,draft,,
449,B11773,Company 8BCA9A03,Project E89A2B75,221825,2026-09-25 14:24:38.129064,2026-09-25 14:29:40.705784,[],,0,"Water meter service and hot taps, power for clocks, permits, all hardscape, all grading, import/export of soil, clearing or removal of any existing erosion control devices, demolition, grubbing, rodent control, water cost, downspout connections unless noted, and overtime.",Person E2C09AC1,Person CEE19556,,,,,,,,,2026-09-25,,Estimator A79AB1E7,VP,,,draft,,
