po_number,job_id,category,vendor,date_created,amount,items_count,status,date_needed,finalized_at,last_updated,jobsite_contact,jobsite_phone_primary,jobsite_phone_secondary,jobsite_phone_alternate,deleted_at,ship_to_job,vendor_ship_to_overrides,vendor_date_needed_overrides,is_migrated_from_access,legacy_release_num,delivery_cost
2000-L-1,2000,landscape,,2026-06-03 20:36:19.234607,0,0,in_progress,,,2026-06-03 20:36:19.235187,,,,,,job,,,false,,0
2000-M-1,2000,maintenance,Company 2F610CBC,2026-06-03 20:33:53.549161,85.1,1,completed,2026-06-20 00:00:00,2026-06-25 19:22:07.605161,2026-06-25 19:22:07.623554,Person DF6342DA,,,,,yard,,,false,,0
2000-M-2,2000,maintenance,Company 2F610CBC,2026-08-03 13:50:43.13441,2204.259,6,completed,2026-08-04 00:00:00,2026-08-27 21:01:09.618981,2026-08-27 21:01:09.634351,Person DF6342DA,,,,,yard,,,false,,0
2000-M-3,2000,maintenance,Company 2F610CBC,2026-09-03 21:54:48.824129,826.015,5,completed,2026-09-04 00:00:00,2026-09-03 21:56:46.880131,2026-09-03 21:56:46.891284,Person 8F078E89,,,,,yard,,,false,,0
3070-L-1,3070,landscape,Company 85C03ADA,2026-05-29 16:37:26.921919,956.23875,15,completed,2026-06-01 00:00:00,2026-05-29 17:22:28.335233,2026-05-29 17:22:28.354483,,,,,,job,,,false,,0
4003-L-1,4003,landscape,Company 85C03ADA,2026-08-25 14:32:37.203355,54946.125,1,completed,2026-09-03 00:00:00,2026-08-25 14:33:38.547113,2026-08-25 14:33:38.557288,Person 9044842F,,,,,job,,,false,,0
4003-L-2,4003,landscape,Company 7FC335AE,2026-08-25 14:32:37.203355,11436.75,1,completed,2026-09-03 00:00:00,2026-08-25 14:33:38.61816,2026-08-25 14:33:38.628041,Person 9044842F,,,,,job,,,false,,0
4033-L-1,4033,landscape,,2026-09-02 14:53:31.953724,0,0,in_progress,,,2026-09-02 14:53:31.954279,,,,,,job,,,false,,0
4060-D-MIGRATED,4060,drains,Company A1187E29,2026-04-28 13:09:57.769292,3069,1,completed,,,2026-04-28 13:09:57.769292,,,,,,,,,true,,0
4060-I-MIGRATED,4060,irrigation,Company A1187E29,2026-04-28 13:09:57.769292,96655.9674796748,10,completed,,,2026-04-28 13:09:57.769292,,,,,,,,,true,,0
4060-L-MIGRATED,4060,landscape,Company A1187E29,2026-04-28 13:09:57.769292,11454.3720126249,77,completed,,,2026-04-28 13:09:57.769292,,,,,,,,,true,,0
4061-D-1,4061,drains,Company D35E67B5,2026-06-11 16:52:15.893885,36.8391,2,completed,2026-06-11 00:00:00,2026-06-11 17:48:40.361588,2026-06-11 17:48:40.374719,,,,,,yard,,,false,,0
4061-D-2,4061,drains,Company F9CD69D6,2026-09-09 13:47:32.587506,78.66,1,completed,2026-09-09 00:00:00,2026-09-09 13:47:58.668344,2026-09-09 13:47:58.679395,,,,,,will_call,,,false,,0
4061-I-24,4061,irrigation,Company 2F610CBC,2026-05-08 14:14:19.092831,227.115455,4,completed,2026-05-09 00:00:00,2026-05-13 15:04:44.080448,2026-05-13 15:04:44.096425,Person 63C78BB9,,,,,will_call,,,false,,0
4061-I-25,4061,irrigation,Company D35E67B5,2026-06-11 16:51:54.182194,4213.94293,16,completed,2026-07-10 00:00:00,2026-07-09 18:13:05.778652,2026-07-09 18:13:05.795244,,,,,,yard,,,false,,0
4061-I-26,4061,irrigation,Company D35E67B5,2026-08-28 15:29:45.216374,217.8008,1,completed,2026-08-28 00:00:00,2026-08-28 16:20:32.852566,2026-08-28 16:20:32.860999,,,,,,yard,,,false,,0
4061-I-27,4061,irrigation,Company D35E67B5,2026-09-02 19:43:13.918299,151.8575,3,completed,2026-09-03 00:00:00,2026-09-02 20:06:41.254667,2026-09-02 20:06:41.269076,Person C6FE02A5,,,,,job,,,false,,0
4061-I-MIGRATED,4061,irrigation,Company A1187E29,2026-04-28 13:09:33.702467,4609.4,4,completed,2026-05-01 00:00:00,,2026-05-19 21:58:17.710749,,,,,,job,,,true,,0
4061-L-1,4061,landscape,Company 85C03ADA,2026-05-11 16:55:10.807009,44.68325,1,completed,2026-05-12 00:00:00,2026-05-11 16:57:24.941659,2026-05-11 16:57:24.949897,,,,,,yard,,,false,,0
4061-L-10,4061,landscape,Company 85C03ADA,2026-09-04 20:34:53.593943,1022.7985,4,completed,2026-09-09 00:00:00,2026-09-10 13:58:20.960121,2026-09-10 13:58:20.992008,Person F3F57736,,,,,job,,,false,,0
4061-L-11,4061,landscape,Company B1347A9D,2026-09-10 17:01:31.253941,948.5085,3,completed,2026-09-10 00:00:00,2026-09-10 17:02:45.244898,2026-09-10 17:02:45.252775,Person F3F57736,555-0127,,,,job,,,false,,0
4061-L-2,4061,landscape,Company B47AEED3,2026-05-11 17:11:24.27735,76.475,1,completed,2026-05-12 00:00:00,2026-05-11 17:11:45.118663,2026-05-11 17:11:45.129106,,,,,,will_call,,,false,,0
4061-L-3,4061,landscape,Company B1347A9D,2026-06-25 22:11:57.682474,130.717625,2,completed,2026-06-26 00:00:00,2026-06-25 22:13:08.273529,2026-06-25 22:13:08.284246,,,,,,will_call,,,false,,0
4061-L-4,4061,landscape,Company 85C03ADA,2026-07-10 20:57:17.603123,3924.26,4,completed,2026-07-14 00:00:00,2026-07-10 21:03:08.690152,2026-07-10 21:03:08.703157,Person F3F57736,555-0127,,,,job,,,false,,0
4061-L-5,4061,landscape,Company 99AC62BC,2026-07-10 20:57:17.603123,104.88,1,completed,2026-07-14 00:00:00,2026-07-10 21:03:08.742698,2026-07-10 21:03:08.748376,Person F3F57736,555-0127,,,,will_call,,,false,,0
4061-L-6,4061,landscape,Company B1347A9D,2026-07-14 15:03:15.586862,91.77,1,completed,2026-07-15 00:00:00,2026-07-14 15:05:15.451532,2026-07-14 15:05:15.462314,Person F3F57736,,,,,will_call,,,false,,0
4061-L-7,4061,landscape,Company B1347A9D,2026-07-16 16:53:07.467253,502.55,2,completed,2026-07-17 00:00:00,2026-07-16 16:54:01.482965,2026-07-16 16:54:01.496797,Person F3F57736,555-0127,,,,job,,,false,,0
4061-L-8,4061,landscape,Company 77C89320,2026-07-20 15:01:29.938447,557.46342,2,completed,2026-08-05 00:00:00,2026-08-05 22:49:35.663735,2026-08-05 22:49:35.684893,Person F3F57736,555-0127,,,,job,,,false,,0
4061-L-9,4061,landscape,Company 85C03ADA,2026-08-20 15:40:14.021504,884.925,1,completed,2026-08-21 00:00:00,2026-08-20 15:41:25.044659,2026-08-20 15:41:25.054274,Person F3F57736,555-0127,,,,job,,,false,,0
4061-L-MIGRATED,4061,landscape,Company A1187E29,2026-04-28 13:09:33.702467,10023.8530443756,33,completed,,,2026-04-28 13:09:33.702467,,,,,,,,,true,,0
4061-S-1,4061,subcontract,,2026-07-27 18:41:44.747137,0,0,in_progress,,,2026-07-27 18:41:44.747771,,,,,,job,,,false,,0
4070-D-MIGRATED,4070,drains,Company A1187E29,2026-04-28 13:09:00.932845,6187.93847633705,13,completed,,,2026-04-28 13:09:00.932845,,,,,,,,,true,,0
4070-I-MIGRATED,4070,irrigation,Company A1187E29,2026-04-28 13:09:00.932845,15142.8026086957,18,completed,,,2026-04-28 13:09:00.932845,,,,,,,,,true,,0
4070-L-MIGRATED,4070,landscape,Company A1187E29,2026-04-28 13:09:00.932845,22323.3571128909,49,completed,,,2026-04-28 13:09:00.932845,,,,,,,,,true,,0
4070-S-MIGRATED,4070,subcontract,Company A1187E29,2026-04-28 13:09:00.932845,2150,2,completed,,,2026-04-28 13:09:00.932845,,,,,,,,,true,,0
4071-D-1,4071,drains,Company D35E67B5,2026-06-03 17:18:29.917202,26.1,2,deleted,2026-06-04 00:00:00,2026-06-03 17:22:17.860181,2026-06-03 18:23:05.05052,,,,,2026-06-03 18:23:05.044473,job,,,false,,0
4071-D-2,4071,drains,,2026-06-03 17:22:27.261948,0,0,in_progress,,,2026-06-03 17:22:27.26254,,,,,,job,,,false,,0
4071-I-1,4071,irrigation,Company 2F610CBC,2026-05-05 20:43:28.176842,2.3925,1,completed,2026-05-05 00:00:00,2026-05-05 20:43:52.919402,2026-05-05 20:43:52.928959,,,,,,will_call,,,false,,0
4071-I-10,4071,irrigation,Company D35E67B5,2026-07-27 20:33:33.399807,268.54725,7,completed,2026-08-04 00:00:00,2026-08-04 16:36:17.318954,2026-08-04 16:36:17.333914,,,,,,yard,,,false,,0
4071-I-11,4071,irrigation,Company D35E67B5,2026-08-06 15:54:44.233587,198.68625,3,completed,2026-08-06 00:00:00,2026-08-06 15:57:01.321825,2026-08-06 15:57:01.333484,Person 63C78BB9,555-0130,,,,will_call,,,false,,0
4071-I-12,4071,irrigation,Company D35E67B5,2026-08-12 17:39:22.098056,1157.702475,9,completed,2026-08-13 00:00:00,2026-08-12 18:34:38.532801,2026-08-12 18:34:38.548328,,,,,,yard,,,false,,0
4071-I-2,4071,irrigation,Company D35E67B5,2026-05-11 15:53:23.767796,55.429875,1,completed,2026-05-11 00:00:00,2026-05-11 16:04:13.904203,2026-05-11 16:04:13.913653,,,,,,yard,,,false,,0
4071-I-3,4071,irrigation,Company D35E67B5,2026-05-18 20:25:09.968929,1128.748875,6,completed,2026-05-18 00:00:00,2026-05-19 22:52:20.070782,2026-05-19 22:52:20.087331,,,,,,yard,,,false,,0
4071-I-4,4071,irrigation,Company 2F610CBC,2026-05-21 17:43:59.602058,578.4075375,2,completed,2026-05-21 00:00:00,2026-05-21 18:08:57.847781,2026-05-21 18:08:57.860917,Person 7260BABF,,,,,will_call,,,false,,0
4071-I-5,4071,irrigation,Company D35E67B5,2026-05-22 14:10:36.009281,166.67025,4,completed,2026-05-23 00:00:00,2026-05-28 14:10:52.452587,2026-05-28 14:10:52.468033,Person 63C78BB9,555-0130,,,,will_call,,,false,,0
4071-I-6,4071,irrigation,Company D35E67B5,2026-05-26 16:25:26.508545,232.0725,9,completed,2026-05-27 00:00:00,2026-05-26 17:07:14.856616,2026-05-26 17:07:14.870867,Person 7260BABF,,,,,job,,,false,,0
4071-I-7,4071,irrigation,Company D35E67B5,2026-06-03 17:22:51.77539,2062.706925,8,completed,2026-06-04 00:00:00,2026-06-04 20:11:54.059747,2026-06-04 20:11:54.07532,Person 63C78BB9,555-0130,,,,job,,,false,,0
4071-I-8,4071,irrigation,Company D35E67B5,2026-06-08 14:52:19.124094,73.917375,2,completed,2026-06-09 00:00:00,2026-06-08 16:47:09.488109,2026-06-08 16:47:09.528995,Person 63C78BB9,555-0130,,,,will_call,,,false,,0
4071-I-9,4071,irrigation,Company D35E67B5,2026-07-27 20:10:25.397036,632.09415,8,completed,2026-07-27 00:00:00,2026-07-27 20:29:45.071063,2026-07-27 20:29:45.085756,,,,,,yard,,,false,,0
4071-L-1,4071,landscape,Company FA7B954D,2026-05-01 14:44:08.385275,1174.5,1,deleted,2026-05-04 00:00:00,2026-05-01 14:45:45.449852,2026-05-01 14:46:05.976374,Person 966EA00B,555-0109,,,2026-05-01 14:46:05.972107,job,,,false,,0
4071-L-10,4071,landscape,Company B47AEED3,2026-05-14 17:46:25.672288,45.675,1,completed,2026-05-14 00:00:00,2026-05-21 22:41:51.829038,2026-05-21 22:41:51.842679,,,,,,will_call,,,false,,0
4071-L-11,4071,landscape,Company B47AEED3,2026-05-15 14:04:55.506334,160.95,1,completed,2026-05-15 00:00:00,2026-05-15 17:09:33.80204,2026-05-15 17:09:33.815649,Person 9044842F,555-0176,,,,job,,,false,,0
4071-L-12,4071,landscape,Company B1347A9D,2026-05-15 20:51:57.163116,213.15,1,completed,2026-05-16 00:00:00,2026-05-15 20:52:51.290905,2026-05-15 20:52:51.302562,,,,,,will_call,,,false,,0
4071-L-13,4071,landscape,Company 5513C1E9,2026-05-21 18:07:02.282629,596.9375,2,completed,2026-05-26 00:00:00,2026-05-21 18:20:46.329916,2026-05-21 18:20:46.342425,,,,,,job,,,false,,0
4071-L-14,4071,landscape,Company B47AEED3,2026-05-26 17:59:51.894809,82.65,1,completed,2026-05-27 00:00:00,2026-05-26 18:00:50.842204,2026-05-26 18:00:50.850598,,,,,,will_call,,,false,,0
4071-L-15,4071,landscape,Company FA7B954D,2026-05-26 20:43:43.220764,522,1,completed,2026-05-29 00:00:00,2026-05-26 20:50:05.292436,2026-05-26 20:50:05.303955,Person 047F745A,555-0167,,,,job,,,false,,0
4071-L-16,4071,landscape,Company FA7B954D,2026-05-27 15:19:13.067848,1148.4,1,completed,2026-05-29 00:00:00,2026-05-27 15:20:22.919171,2026-05-27 15:20:22.929552,Person B4A01BD4,555-0136,,,,job,,,false,,0
4071-L-17,4071,landscape,Company FA7B954D,2026-05-28 17:00:02.428269,367.03125,1,completed,2026-05-30 00:00:00,2026-05-28 17:00:32.153675,2026-05-28 17:00:32.167918,Person B21B5945,,,,,will_call,,,false,,0
4071-L-18,4071,landscape,Company B1347A9D,2026-05-29 22:21:35.808122,79.93125,2,completed,2026-06-01 00:00:00,2026-05-29 22:23:04.955603,2026-05-29 22:23:04.967584,Person FF58ED5F,,,,,job,,,false,,0
4071-L-19,4071,landscape,Company 93078B9A,2026-06-03 17:22:54.743652,1004.85,7,completed,2026-06-10 00:00:00,2026-06-09 17:22:38.966838,2026-06-09 17:22:38.979983,Person 38AF1949,555-0146,,,,job,,,false,,0
4071-L-2,4071,landscape,Company FA7B954D,2026-05-01 14:46:07.696822,1174.5,1,completed,2026-05-02 00:00:00,2026-05-01 14:47:17.969099,2026-05-01 14:47:17.987202,Person 966EA00B,555-0109,,,,job,,,false,,0
4071-L-20,4071,landscape,Company FA7B954D,2026-06-09 17:26:03.353207,344.52,1,completed,2026-06-15 00:00:00,2026-06-10 15:01:42.030894,2026-06-10 15:01:42.04003,,,,,,job,,,false,,0
4071-L-21,4071,landscape,Company 99AC62BC,2026-07-02 17:01:00.418442,1522.5,1,completed,2026-07-08 00:00:00,2026-07-02 17:02:07.320133,2026-07-02 17:02:07.32981,Person 847C86C2,555-0128,,,,job,,,false,,0
4071-L-22,4071,landscape,Company 5661A390,2026-08-03 22:11:08.702718,328.686,1,completed,2026-08-05 00:00:00,2026-08-07 21:49:20.944836,2026-08-07 21:49:20.967484,Person 4E789DCD,555-0176,,,,job,,,false,,0
4071-L-23,4071,landscape,Company D35E67B5,2026-08-07 15:42:07.168388,522,1,completed,2026-08-07 00:00:00,2026-08-07 15:43:14.593352,2026-08-07 15:43:14.608136,Person 9044842F,,,,,yard,,,false,,0
4071-L-24,4071,landscape,Company B47AEED3,2026-08-13 19:37:46.571273,610.0875,1,completed,2026-08-14 00:00:00,2026-08-13 19:38:10.318402,2026-08-13 19:38:10.32811,Person 4E789DCD,,,,,yard,,,false,,0
4071-L-25,4071,landscape,Company DE14B8EC,2026-08-13 19:48:57.366119,80.475,2,completed,2026-08-13 00:00:00,2026-08-13 19:50:33.509714,2026-08-13 19:50:33.520189,Person 9044842F,,,,,will_call,,,false,,0
4071-L-26,4071,landscape,Company 10AC87B4,2026-09-02 18:57:23.175921,2501.25,1,completed,2026-09-04 00:00:00,2026-09-02 23:39:47.35672,2026-09-02 23:39:47.37837,Person D3A77D9D,555-0155,,,,job,,,false,,0
4071-L-3,4071,landscape,Company B47AEED3,2026-05-04 17:09:29.822768,240.3375,3,completed,2026-05-05 00:00:00,2026-05-04 17:11:29.486963,2026-05-04 17:11:29.499544,Person 9044842F,,,,,will_call,,,false,,0
4071-L-4,4071,landscape,Company 725B3DA8,2026-05-05 14:42:14.357579,565.5,1,completed,2026-04-29 00:00:00,2026-05-05 15:57:37.499215,2026-05-05 15:57:37.50788,,,,,,job,,,false,,0
4071-L-5,4071,landscape,Company 725B3DA8,2026-05-05 15:58:01.10026,565.5,1,completed,2026-04-30 00:00:00,2026-05-05 15:58:15.69435,2026-05-05 15:58:15.70716,,,,,,job,,,false,,0
4071-L-6,4071,landscape,Company 725B3DA8,2026-05-05 15:58:34.044028,565.5,1,completed,2026-05-01 00:00:00,2026-05-05 15:58:47.040797,2026-05-05 15:58:47.052204,,,,,,job,,,false,,0
4071-L-7,4071,landscape,Company 77C89320,2026-05-06 16:24:32.683203,292.32,2,completed,2026-05-08 00:00:00,2026-05-08 23:07:38.182573,2026-05-08 23:07:38.195279,Person F3F57736,555-0127,,,,job,,,false,,0
4071-L-8,4071,landscape,Company A0844B41,2026-05-06 16:47:10.278337,1450,3,completed,2026-05-07 00:00:00,2026-05-06 17:58:45.038284,2026-05-06 17:58:45.057894,,,,,,job,,,false,,0
4071-L-9,4071,landscape,Company F6DB773A,2026-05-14 17:46:25.672288,170.7375,2,completed,2026-05-14 00:00:00,2026-05-14 17:48:33.349302,2026-05-14 17:48:33.359437,,,,,,will_call,,,false,,0
4071-M-1,4071,maintenance,,2026-05-15 14:01:07.59116,0,0,in_progress,,,2026-05-15 14:01:07.592711,,,,,,job,,,false,,0
5758-D-MIGRATED,5758,drains,Company A1187E29,2026-04-28 13:08:47.184666,52,2,completed,,,2026-04-28 13:08:47.184666,,,,,,,,,true,,0
5758-I-MIGRATED,5758,irrigation,Company A1187E29,2026-04-28 13:08:47.184666,1197.75,6,completed,,,2026-04-28 13:08:47.184666,,,,,,,,,true,,0
5758-L-MIGRATED,5758,landscape,Company A1187E29,2026-04-28 13:08:47.184666,494.8,5,completed,,,2026-04-28 13:08:47.184666,,,,,,,,,true,,0
5759-D-MIGRATED,5759,drains,Company A1187E29,2026-04-28 13:08:34.597197,598.4,3,completed,,,2026-04-28 13:08:34.597197,,,,,,,,,true,,0
5759-I-MIGRATED,5759,irrigation,Company A1187E29,2026-04-28 13:08:34.597197,17028.3207260873,14,completed,,,2026-04-28 13:08:34.597197,,,,,,,,,true,,0
5759-L-MIGRATED,5759,landscape,Company A1187E29,2026-04-28 13:08:34.597197,376,1,completed,,,2026-04-28 13:08:34.597197,,,,,,,,,true,,0
5761-D-MIGRATED,5761,drains,Company A1187E29,2026-04-28 13:07:47.825829,1776.21355932203,13,completed,,,2026-04-28 13:07:47.825829,,,,,,,,,true,,0
5761-I-MIGRATED,5761,irrigation,Company A1187E29,2026-04-28 13:07:47.825829,9990.87666101695,27,completed,,,2026-04-28 13:07:47.825829,,,,,,,,,true,,0
5761-L-MIGRATED,5761,landscape,Company A1187E29,2026-04-28 13:07:47.825829,94521.8435329341,45,completed,,,2026-04-28 13:07:47.825829,,,,,,,,,true,,0
5762-D-MIGRATED,5762,drains,Company A1187E29,2026-04-28 13:07:24.63852,1745.6,4,completed,,,2026-04-28 13:07:24.63852,,,,,,,,,true,,0
5762-I-MIGRATED,5762,irrigation,Company A1187E29,2026-04-28 13:07:24.63852,1593730.69821429,28,completed,,,2026-04-28 13:07:24.63852,,,,,,,,,true,,0
5762-L-MIGRATED,5762,landscape,Company A1187E29,2026-04-28 13:07:24.63852,2958.4,13,completed,,,2026-04-28 13:07:24.63852,,,,,,,,,true,,0
5763-D-MIGRATED,5763,drains,Company A1187E29,2026-04-28 13:06:59.029302,939.2,5,completed,,,2026-04-28 13:06:59.029302,,,,,,,,,true,,0
5763-I-MIGRATED,5763,irrigation,Company A1187E29,2026-04-28 13:06:59.029302,1473904.9375,28,completed,,,2026-04-28 13:06:59.029302,,,,,,,,,true,,0
5763-L-MIGRATED,5763,landscape,Company A1187E29,2026-04-28 13:06:59.029302,4043.6,18,completed,,,2026-04-28 13:06:59.029302,,,,,,,,,true,,0
5764-D-MIGRATED,5764,drains,Company A1187E29,2026-04-28 13:06:49.043858,20.8,1,completed,,,2026-04-28 13:06:49.043858,,,,,,,,,true,,0
5764-I-MIGRATED,5764,irrigation,Company A1187E29,2026-04-28 13:06:49.043858,78.75,2,completed,,,2026-04-28 13:06:49.043858,,,,,,,,,true,,0
5764-L-MIGRATED,5764,landscape,Company A1187E29,2026-04-28 13:06:49.043858,9817.6,7,completed,,,2026-04-28 13:06:49.043858,,,,,,,,,true,,0
5766-I-MIGRATED,5766,irrigation,Company A1187E29,2026-04-28 13:06:34.665479,2598982.1875,19,completed,,,2026-04-28 13:06:34.665479,,,,,,,,,true,,0
5766-L-MIGRATED,5766,landscape,Company A1187E29,2026-04-28 13:06:34.665479,20129.8311111111,3,completed,,,2026-04-28 13:06:34.665479,,,,,,,,,true,,0
5767-I-MIGRATED,5767,irrigation,Company A1187E29,2026-04-28 13:06:24.998954,79329,2,completed,,,2026-04-28 13:06:24.998954,,,,,,,,,true,,0
5767-L-MIGRATED,5767,landscape,Company A1187E29,2026-04-28 13:06:24.998954,549.618181818182,6,completed,,,2026-04-28 13:06:24.998954,,,,,,,,,true,,0
5768-I-MIGRATED,5768,irrigation,Company A1187E29,2026-04-28 13:06:15.070203,1254171,5,completed,,,2026-04-28 13:06:15.070203,,,,,,,,,true,,0
5768-L-MIGRATED,5768,landscape,Company A1187E29,2026-04-28 13:06:15.070203,176,4,completed,,,2026-04-28 13:06:15.070203,,,,,,,,,true,,0
5769-D-MIGRATED,5769,drains,Company A1187E29,2026-04-28 13:05:44.829938,1733.6,4,completed,,,2026-04-28 13:05:44.829938,,,,,,,,,true,,0
5769-I-MIGRATED,5769,irrigation,Company A1187E29,2026-04-28 13:05:44.829938,1910.23302631579,18,completed,,,2026-04-28 13:05:44.829938,,,,,,,,,true,,0
5769-L-MIGRATED,5769,landscape,Company A1187E29,2026-04-28 13:05:44.829938,64654.7546245421,24,completed,,,2026-04-28 13:05:44.829938,,,,,,,,,true,,0
5771-I-MIGRATED,5771,irrigation,Company A1187E29,2026-04-28 13:05:35.706987,9664,4,completed,,,2026-04-28 13:05:35.706987,,,,,,,,,true,,0
5772-D-MIGRATED,5772,drains,Company A1187E29,2026-04-28 13:05:11.505496,3357.84,7,completed,,,2026-04-28 13:05:11.505496,,,,,,,,,true,,0
5772-I-MIGRATED,5772,irrigation,Company A1187E29,2026-04-28 13:05:11.505496,707914.2175,22,completed,,,2026-04-28 13:05:11.505496,,,,,,,,,true,,0
5772-L-MIGRATED,5772,landscape,Company A1187E29,2026-04-28 13:05:11.505496,11305.6,19,completed,,,2026-04-28 13:05:11.505496,,,,,,,,,true,,0
5773-I-MIGRATED,5773,irrigation,Company A1187E29,2026-04-28 13:04:48.695956,37382.7180463546,34,completed,,,2026-04-28 13:04:48.695956,,,,,,,,,true,,0
5773-L-MIGRATED,5773,landscape,Company A1187E29,2026-04-28 13:04:48.695956,2415.23018867924,12,completed,,,2026-04-28 13:04:48.695956,,,,,,,,,true,,0
5774-D-MIGRATED,5774,drains,Company A1187E29,2026-04-28 13:04:08.581441,8852.8,13,completed,,,2026-04-28 13:04:08.581441,,,,,,,,,true,,0
5774-I-MIGRATED,5774,irrigation,Company A1187E29,2026-04-28 13:04:08.581441,30324.617421875,37,completed,,,2026-04-28 13:04:08.581441,,,,,,,,,true,,0
5774-L-MIGRATED,5774,landscape,Company A1187E29,2026-04-28 13:04:08.581441,250080.270590344,41,completed,,,2026-04-28 13:04:08.581441,,,,,,,,,true,,0
5776-D-MIGRATED,5776,drains,Company A1187E29,2026-04-28 13:03:45.416093,82.4000000000001,2,completed,,,2026-04-28 13:03:45.416093,,,,,,,,,true,,0
5776-I-MIGRATED,5776,irrigation,Company A1187E29,2026-04-28 13:03:45.416093,973.72175,12,completed,,,2026-04-28 13:03:45.416093,,,,,,,,,true,,0
5776-L-MIGRATED,5776,landscape,Company A1187E29,2026-04-28 13:03:45.416093,19881.7860323887,21,completed,,,2026-04-28 13:03:45.416093,,,,,,,,,true,,0
5777-D-MIGRATED,5777,drains,Company A1187E29,2026-04-28 13:03:37.394677,2120,1,completed,,,2026-04-28 13:03:37.394677,,,,,,,,,true,,0
5777-I-MIGRATED,5777,irrigation,Company A1187E29,2026-04-28 13:03:37.394677,22.5,1,completed,,,2026-04-28 13:03:37.394677,,,,,,,,,true,,0
5777-L-MIGRATED,5777,landscape,Company A1187E29,2026-04-28 13:03:37.394677,560,1,completed,,,2026-04-28 13:03:37.394677,,,,,,,,,true,,0
5778-D-MIGRATED,5778,drains,Company A1187E29,2026-04-28 13:03:14.626035,7.6,1,completed,,,2026-04-28 13:03:14.626035,,,,,,,,,true,,0
5778-I-MIGRATED,5778,irrigation,Company A1187E29,2026-04-28 13:03:14.626035,120036.630813953,12,completed,,,2026-04-28 13:03:14.626035,,,,,,,,,true,,0
5778-L-MIGRATED,5778,landscape,Company A1187E29,2026-04-28 13:03:14.626035,129260.942105263,14,completed,,,2026-04-28 13:03:14.626035,,,,,,,,,true,,0
5779-D-MIGRATED,5779,drains,Company A1187E29,2026-04-28 13:03:07.930071,7399.2776119403,9,completed,,,2026-04-28 13:03:07.930071,,,,,,,,,true,,0
5781-D-MIGRATED,5781,drains,Company A1187E29,2026-04-28 13:02:46.828924,300,1,completed,,,2026-04-28 13:02:46.828924,,,,,,,,,true,,0
5781-I-MIGRATED,5781,irrigation,Company A1187E29,2026-04-28 13:02:46.828924,35367.4146211038,25,completed,,,2026-04-28 13:02:46.828924,,,,,,,,,true,,0
5781-L-MIGRATED,5781,landscape,Company A1187E29,2026-04-28 13:02:46.828924,5368.04,18,completed,,,2026-04-28 13:02:46.828924,,,,,,,,,true,,0
5782-I-MIGRATED,5782,irrigation,Company A1187E29,2026-04-28 13:01:58.209764,2133577.52217421,29,completed,,,2026-04-28 13:01:58.209764,,,,,,,,,true,,0
5782-L-MIGRATED,5782,landscape,Company A1187E29,2026-04-28 13:01:58.209764,38739.902,34,completed,,,2026-04-28 13:01:58.209764,,,,,,,,,true,,0
5783-I-MIGRATED,5783,irrigation,Company A1187E29,2026-04-28 13:01:40.142045,8082.6,12,completed,,,2026-04-28 13:01:40.142045,,,,,,,,,true,,0
5783-L-MIGRATED,5783,landscape,Company A1187E29,2026-04-28 13:01:40.142045,2627.5,7,completed,,,2026-04-28 13:01:40.142045,,,,,,,,,true,,0
5784-I-MIGRATED,5784,irrigation,Company A1187E29,2026-04-28 13:01:29.437945,398.4,3,completed,,,2026-04-28 13:01:29.437945,,,,,,,,,true,,0
5784-L-MIGRATED,5784,landscape,Company A1187E29,2026-04-28 13:01:29.437945,9891.035,5,completed,,,2026-04-28 13:01:29.437945,,,,,,,,,true,,0
5785-I-MIGRATED,5785,irrigation,Company A1187E29,2026-04-28 13:01:18.198841,78162.6,4,completed,,,2026-04-28 13:01:18.198841,,,,,,,,,true,,0
5785-L-MIGRATED,5785,landscape,Company A1187E29,2026-04-28 13:01:18.198841,1447.8,3,completed,,,2026-04-28 13:01:18.198841,,,,,,,,,true,,0
5786-D-MIGRATED,5786,drains,Company A1187E29,2026-04-28 13:00:43.041451,1552.4,3,completed,,,2026-04-28 13:00:43.041451,,,,,,,,,true,,0
5786-I-MIGRATED,5786,irrigation,Company A1187E29,2026-04-28 13:00:43.041451,4196.821880651,20,completed,,,2026-04-28 13:00:43.041451,,,,,,,,,true,,0
5786-L-MIGRATED,5786,landscape,Company A1187E29,2026-04-28 13:00:43.041451,14653.71,22,completed,,,2026-04-28 13:00:43.041451,,,,,,,,,true,,0
5787-L-MIGRATED,5787,landscape,Company A1187E29,2026-04-28 13:00:38.546212,40,1,completed,,,2026-04-28 13:00:38.546212,,,,,,,,,true,,0
5788-D-MIGRATED,5788,drains,Company A1187E29,2026-04-28 12:59:55.780757,2121.84,10,completed,,,2026-04-28 12:59:55.780757,,,,,,,,,true,,0
5788-I-MIGRATED,5788,irrigation,Company A1187E29,2026-04-28 12:59:55.780757,9543.1037745098,23,completed,,,2026-04-28 12:59:55.780757,,,,,,,,,true,,0
5788-L-MIGRATED,5788,landscape,Company A1187E29,2026-04-28 12:59:55.780757,59856.8771107718,66,completed,,,2026-04-28 12:59:55.780757,,,,,,,,,true,,0
5791-I-MIGRATED,5791,irrigation,Company A1187E29,2026-04-28 12:59:43.009188,292.5,1,completed,,,2026-04-28 12:59:43.009188,,,,,,,,,true,,0
5791-L-MIGRATED,5791,landscape,Company A1187E29,2026-04-28 12:59:43.009188,5200,1,completed,,,2026-04-28 12:59:43.009188,,,,,,,,,true,,0
5792-I-MIGRATED,5792,irrigation,Company A1187E29,2026-04-28 12:59:32.138106,2164.5,3,completed,,,2026-04-28 12:59:32.138106,,,,,,,,,true,,0
5792-L-MIGRATED,5792,landscape,Company A1187E29,2026-04-28 12:59:32.138106,504,3,completed,,,2026-04-28 12:59:32.138106,,,,,,,,,true,,0
5793-I-MIGRATED,5793,irrigation,Company A1187E29,2026-04-28 12:59:14.24984,484.8,4,completed,,,2026-04-28 12:59:14.24984,,,,,,,,,true,,0
5793-L-MIGRATED,5793,landscape,Company A1187E29,2026-04-28 12:59:14.24984,4021.4,13,completed,,,2026-04-28 12:59:14.24984,,,,,,,,,true,,0
5794-I-MIGRATED,5794,irrigation,Company A1187E29,2026-04-28 12:59:08.470255,46.8,1,completed,,,2026-04-28 12:59:08.470255,,,,,,,,,true,,0
5794-L-MIGRATED,5794,landscape,Company A1187E29,2026-04-28 12:59:08.470255,3158.016,3,completed,,,2026-04-28 12:59:08.470255,,,,,,,,,true,,0
5795-D-MIGRATED,5795,drains,Company A1187E29,2026-04-28 12:58:37.182198,235.36,4,completed,,,2026-04-28 12:58:37.182198,,,,,,,,,true,,0
5795-I-MIGRATED,5795,irrigation,Company A1187E29,2026-04-28 12:58:37.182198,46003.6924349828,40,completed,,,2026-04-28 12:58:37.182198,,,,,,,,,true,,0
5795-L-MIGRATED,5795,landscape,Company A1187E29,2026-04-28 12:58:37.182198,4785.95627126132,22,completed,,,2026-04-28 12:58:37.182198,,,,,,,,,true,,0
5796-I-MIGRATED,5796,irrigation,Company A1187E29,2026-04-28 12:58:26.479349,39868.5,4,completed,,,2026-04-28 12:58:26.479349,,,,,,,,,true,,0
5796-L-MIGRATED,5796,landscape,Company A1187E29,2026-04-28 12:58:26.479349,70.4,1,completed,,,2026-04-28 12:58:26.479349,,,,,,,,,true,,0
5797-I-MIGRATED,5797,irrigation,Company A1187E29,2026-04-28 12:58:01.509206,26746.6308385447,35,completed,,,2026-04-28 12:58:01.509206,,,,,,,,,true,,0
5797-L-MIGRATED,5797,landscape,Company A1187E29,2026-04-28 12:58:01.509206,5004.91866666667,4,completed,,,2026-04-28 12:58:01.509206,,,,,,,,,true,,0
5798-D-MIGRATED,5798,drains,Company A1187E29,2026-04-28 12:57:43.031065,3663,1,completed,,,2026-04-28 12:57:43.031065,,,,,,,,,true,,0
5798-I-MIGRATED,5798,irrigation,Company A1187E29,2026-04-28 12:57:43.031065,3608.64,11,completed,,,2026-04-28 12:57:43.031065,,,,,,,,,true,,0
5798-L-MIGRATED,5798,landscape,Company A1187E29,2026-04-28 12:57:43.031065,59764.43,4,completed,,,2026-04-28 12:57:43.031065,,,,,,,,,true,,0
5799-D-1,5799,drains,,2026-07-14 23:04:11.826,0,0,in_progress,,,2026-07-14 23:04:11.827,,,,,,job,,,false,,0
5799-D-MIGRATED,5799,drains,Company A1187E29,2026-04-28 12:57:18.932224,114.64,2,completed,,,2026-04-28 12:57:18.932224,,,,,,,,,true,,0
5799-I-MIGRATED,5799,irrigation,Company A1187E29,2026-04-28 12:57:18.932224,7887.6625,14,completed,,,2026-04-28 12:57:18.932224,,,,,,,,,true,,0
5799-L-MIGRATED,5799,landscape,Company A1187E29,2026-04-28 12:57:18.932224,195022.654285714,32,completed,,,2026-04-28 12:57:18.932224,,,,,,,,,true,,0
5802-D-MIGRATED,5802,drains,Company A1187E29,2026-04-28 12:57:03.590051,44.8,1,completed,,,2026-04-28 12:57:03.590051,,,,,,,,,true,,0
5802-I-MIGRATED,5802,irrigation,Company A1187E29,2026-04-28 12:57:03.590051,455.1,4,completed,,,2026-04-28 12:57:03.590051,,,,,,,,,true,,0
5802-L-MIGRATED,5802,landscape,Company A1187E29,2026-04-28 12:57:03.590051,3482,3,completed,,,2026-04-28 12:57:03.590051,,,,,,,,,true,,0
5804-D-MIGRATED,5804,drains,Company A1187E29,2026-04-28 12:56:52.876216,2070,2,completed,,,2026-04-28 12:56:52.876216,,,,,,,,,true,,0
5804-I-MIGRATED,5804,irrigation,Company A1187E29,2026-04-28 12:56:52.876216,11372.3649289306,14,completed,,,2026-04-28 12:56:52.876216,,,,,,,,,true,,0
5804-L-MIGRATED,5804,landscape,Company A1187E29,2026-04-28 12:56:52.876216,2669.25,2,completed,,,2026-04-28 12:56:52.876216,,,,,,,,,true,,0
5805-D-MIGRATED,5805,drains,Company A1187E29,2026-04-28 12:56:36.970728,243.6,1,completed,,,2026-04-28 12:56:36.970728,,,,,,,,,true,,0
5805-I-MIGRATED,5805,irrigation,Company A1187E29,2026-04-28 12:56:36.970728,1126579.92063492,14,completed,,,2026-04-28 12:56:36.970728,,,,,,,,,true,,0
5805-L-MIGRATED,5805,landscape,Company A1187E29,2026-04-28 12:56:36.970728,516.369230769231,7,completed,,,2026-04-28 12:56:36.970728,,,,,,,,,true,,0
5806-D-MIGRATED,5806,drains,Company A1187E29,2026-04-28 12:56:20.524652,1241.92,4,completed,,,2026-04-28 12:56:20.524652,,,,,,,,,true,,0
5806-I-MIGRATED,5806,irrigation,Company A1187E29,2026-04-28 12:56:20.524652,1808.1025,11,completed,,,2026-04-28 12:56:20.524652,,,,,,,,,true,,0
5806-L-MIGRATED,5806,landscape,Company A1187E29,2026-04-28 12:56:20.524652,516.56,3,completed,,,2026-04-28 12:56:20.524652,,,,,,,,,true,,0
5807-D-MIGRATED,5807,drains,Company A1187E29,2026-04-28 12:55:53.113262,31323.08,6,completed,,,2026-04-28 12:55:53.113262,,,,,,,,,true,,0
5807-I-MIGRATED,5807,irrigation,Company A1187E29,2026-04-28 12:55:53.113262,685.057558139535,12,completed,,,2026-04-28 12:55:53.113262,,,,,,,,,true,,0
5807-L-MIGRATED,5807,landscape,Company A1187E29,2026-04-28 12:55:53.113262,137868.53201215,47,completed,,,2026-04-28 12:55:53.113262,,,,,,,,,true,,0
5808-D-1,5808,drains,,2026-06-26 15:18:12.020323,0,0,in_progress,,,2026-06-26 15:18:12.020874,,,,,,job,,,false,,0
5808-I-1,5808,irrigation,Company CFB258DA,2026-04-30 09:23:04.649502,71840.9275,37,completed,,2026-04-30 09:23:04.649502,2026-04-30 10:19:35.164593,,,,,,job,,,true,,0
5808-I-52,5808,irrigation,Company C82B1E5C,2026-06-01 22:56:28.102827,132.468375,2,completed,2026-06-02 00:00:00,2026-06-01 22:59:51.114241,2026-06-01 22:59:51.125558,Person 7260BABF,,,,,will_call,,,false,,0
5808-I-53,5808,irrigation,Company 2F610CBC,2026-06-26 15:18:07.315067,126.95475,1,completed,2026-07-21 00:00:00,2026-07-21 14:42:45.251628,2026-07-21 14:42:45.262534,,,,,,will_call,,,false,,0
5808-I-54,5808,irrigation,Company D35E67B5,2026-07-20 17:52:25.870333,256.834875,1,completed,2026-07-28 00:00:00,2026-07-28 18:33:51.343819,2026-07-28 18:33:51.354437,Person 4E789DCD,555-0109,,,,will_call,,,false,,0
5808-I-55,5808,irrigation,Company 884A46E5,2026-07-30 16:01:51.822853,555.82125,5,completed,2026-07-31 00:00:00,2026-07-30 22:41:09.45896,2026-07-30 22:41:09.470959,Person 63C78BB9,555-0130,,,,will_call,,,false,,0
5808-I-56,5808,irrigation,Company A47A2876,2026-08-04 16:37:11.34915,100,1,completed,2026-08-04 00:00:00,2026-08-06 21:32:05.694238,2026-08-06 21:32:05.706408,,,,,,job,,,false,,0
5808-I-57,5808,irrigation,Company D35E67B5,2026-08-24 15:26:43.87427,185.734125,2,completed,2026-08-24 00:00:00,2026-08-24 16:50:27.715792,2026-08-24 16:50:27.729692,,,,,,yard,,,false,,0
5808-I-58,5808,irrigation,Company D35E67B5,2026-08-28 15:24:15.248459,133.5015,6,completed,2026-08-29 00:00:00,2026-08-28 17:18:13.499361,2026-08-28 17:18:13.509011,,,,,,yard,,,false,,0
5808-I-59,5808,irrigation,Company D35E67B5,2026-09-01 14:49:45.625693,38.551875,2,completed,2026-09-02 00:00:00,2026-09-01 15:07:20.396005,2026-09-01 15:07:20.404781,,,,,,yard,,,false,,0
5808-I-MIGRATED,5808,irrigation,Company A1187E29,2026-04-28 12:55:20.430428,695020.521278067,74,completed,,,2026-04-28 12:55:20.430428,,,,,,,,,true,,0
5808-L-30,5808,landscape,Company 4B4B0459,2026-04-29 14:41:11.430113,330.0345,1,completed,2026-04-29 00:00:00,2026-04-29 14:42:03.061674,2026-04-29 14:42:03.072146,Person 9044842F,555-0176,,,,will_call,,,false,,0
5808-L-31,5808,landscape,Company 2F610CBC,2026-04-29 20:47:04.590627,813.5424375,4,completed,2026-04-29 00:00:00,2026-04-29 20:49:22.764583,2026-04-29 20:49:22.779654,,,,,,yard,,,false,,0
5808-L-32,5808,landscape,Company CFB258DA,2026-04-30 09:23:08.000136,98112.5499999999,23,completed,,2026-04-30 09:23:08.000136,2026-04-30 10:19:38.38037,,,,,,job,,,true,,0
5808-L-33,5808,landscape,Company B47AEED3,2026-05-04 21:26:42.751344,97.875,1,completed,2026-05-12 00:00:00,2026-05-04 21:38:41.685471,2026-05-04 21:38:41.695734,Person 7C9A38FA,555-0168,,,,will_call,,,false,,0
5808-L-34,5808,landscape,Company 86A496FF,2026-05-04 21:26:42.751344,10701.815625,9,completed,2026-05-12 00:00:00,2026-05-29 14:53:17.36238,2026-05-29 14:53:17.375304,Person 7C9A38FA,555-0168,,,,job,,,false,,0
5808-L-35,5808,landscape,Company 85C03ADA,2026-05-04 21:42:28.437917,1785.076875,1,completed,2026-05-19 00:00:00,2026-05-05 21:46:41.154303,2026-05-05 21:46:41.165898,Person 7C9A38FA,555-0168,,,,job,,,false,,0
5808-L-36,5808,landscape,Company 86A496FF,2026-05-04 21:42:28.437917,14603.221875,9,completed,2026-05-19 00:00:00,2026-05-29 14:53:54.202533,2026-05-29 14:53:54.216558,Person 7C9A38FA,555-0168,,,,job,,,false,,0
5808-L-37,5808,landscape,Company 85C03ADA,2026-05-13 17:56:25.418878,1036.49625,1,completed,2026-05-20 00:00:00,2026-05-13 18:24:38.905342,2026-05-13 18:24:38.915753,,,,,,job,,,false,,0
5808-L-38,5808,landscape,Company B47AEED3,2026-05-13 17:56:25.418878,119.625,1,completed,2026-05-20 00:00:00,2026-05-20 20:23:19.190763,2026-05-20 20:23:19.207774,,,,,,will_call,,,false,,0
5808-L-39,5808,landscape,Company 86A496FF,2026-05-13 17:56:25.418878,11418.19265625,13,completed,2026-05-20 00:00:00,2026-05-29 14:54:07.258324,2026-05-29 14:54:07.272592,,,,,,job,,,false,,0
5808-L-40,5808,landscape,Company 86A496FF,2026-06-01 14:01:31.834339,7575.525,7,completed,2026-06-02 00:00:00,2026-06-01 14:09:40.234718,2026-06-01 14:09:40.25169,Person 55DEE1A1,555-0168,,,,job,,,false,,0
5808-L-41,5808,landscape,Company B47AEED3,2026-06-01 14:01:31.834339,793.875,1,completed,2026-06-02 00:00:00,2026-06-01 14:09:40.308352,2026-06-01 14:09:40.314712,Person 55DEE1A1,555-0168,,,,job,,,false,,0
5808-L-42,5808,landscape,Company 86A496FF,2026-06-04 15:36:36.214938,23150.971875,5,completed,2026-06-09 00:00:00,2026-06-04 15:40:08.502372,2026-06-04 15:40:08.516388,Person 7C9A38FA,555-0168,,,,job,,,false,,0
5808-L-43,5808,landscape,Company B47AEED3,2026-06-15 15:35:37.479059,1054.875,1,completed,2026-06-16 00:00:00,2026-06-15 15:39:09.633053,2026-06-15 15:39:09.642918,Person 55DEE1A1,555-0168,,,,job,,,false,,0
5808-L-44,5808,landscape,Company 86A496FF,2026-06-15 15:35:37.479059,1862.615625,2,completed,2026-06-16 00:00:00,2026-06-15 15:39:09.674516,2026-06-15 15:39:09.681447,Person 55DEE1A1,555-0168,,,,job,,,false,,0
5808-L-45,5808,landscape,Company 86A496FF,2026-06-19 13:53:06.910427,1363.618425,2,completed,2026-06-22 00:00:00,2026-06-19 13:54:39.957801,2026-06-19 13:54:39.968068,Person 4E789DCD,,,,,yard,,,false,,0
5808-L-46,5808,landscape,Company D35E67B5,2026-06-26 15:17:43.63924,210.714,1,completed,2026-06-26 00:00:00,2026-06-26 16:42:14.978742,2026-06-26 16:42:14.990439,Person 4E789DCD,555-0109,,,,job,,,false,,0
5808-L-47,5808,landscape,Company A81F24D3,2026-07-07 14:50:56.024076,17212.95,4,completed,2026-07-13 00:00:00,2026-07-28 00:16:25.662322,2026-07-28 00:16:25.678318,Person 4E789DCD,555-0176,,,,job,,,false,,0
5808-L-48,5808,landscape,Company A81F24D3,2026-07-21 21:22:35.592568,16450,2,completed,2026-07-23 00:00:00,2026-07-22 18:50:12.279542,2026-07-22 18:50:12.289531,Person 4E789DCD,555-0176,,,,job,,,false,,0
5808-L-49,5808,landscape,Company 86A496FF,2026-07-28 16:03:30.541445,12317.296875,2,completed,2026-08-11 00:00:00,2026-07-30 15:49:29.653511,2026-07-30 15:49:29.663542,Person 4E789DCD,555-0176,,,,job,,,false,,0
5808-L-50,5808,landscape,Company 86A496FF,2026-07-30 15:51:13.619985,12317.296875,2,completed,2026-08-25 00:00:00,2026-07-30 15:52:05.989918,2026-07-30 15:52:05.999415,Person 4E789DCD,555-0176,,,,job,,,false,,0
5808-L-51,5808,landscape,Company 86A496FF,2026-08-11 14:41:26.308057,1920.796875,6,completed,2026-08-12 00:00:00,2026-08-11 21:26:51.038831,2026-08-11 21:26:51.058616,Person 7C9A38FA,555-0168,,,,job,,,false,,0
5808-L-52,5808,landscape,Company B47AEED3,2026-08-19 16:40:39.642648,114.1875,1,completed,2026-08-20 00:00:00,2026-08-19 16:41:29.714812,2026-08-19 16:41:29.725115,,,,,,will_call,,,false,,0
5808-L-53,5808,landscape,Company 86A496FF,2026-09-02 16:15:51.248265,978.75,1,completed,2026-09-03 00:00:00,2026-09-02 16:16:40.544875,2026-09-02 16:16:40.557023,Person 9044842F,555-0176,,,,job,,,false,,0
5808-L-MIGRATED,5808,landscape,Company A1187E29,2026-04-28 12:55:20.430428,41422.7333333333,14,completed,,,2026-04-28 12:55:20.430428,,,,,,,,,true,,0
5809-D-MIGRATED,5809,drains,Company A1187E29,2026-04-28 12:54:54.454467,383.2,6,completed,,,2026-04-28 12:54:54.454467,,,,,,,,,true,,0
5809-I-MIGRATED,5809,irrigation,Company A1187E29,2026-04-28 12:54:54.454467,3867.945,14,completed,,,2026-04-28 12:54:54.454467,,,,,,,,,true,,0
5809-L-MIGRATED,5809,landscape,Company A1187E29,2026-04-28 12:54:54.454467,346147.97871134,20,completed,,,2026-04-28 12:54:54.454467,,,,,,,,,true,,0
5811-D-MIGRATED,5811,drains,Company A1187E29,2026-04-28 12:54:42.283331,12.48,2,completed,,,2026-04-28 12:54:42.283331,,,,,,,,,true,,0
5811-I-MIGRATED,5811,irrigation,Company A1187E29,2026-04-28 12:54:42.283331,20948.5,8,completed,,,2026-04-28 12:54:42.283331,,,,,,,,,true,,0
5811-L-MIGRATED,5811,landscape,Company A1187E29,2026-04-28 12:54:42.283331,2072,3,completed,,,2026-04-28 12:54:42.283331,,,,,,,,,true,,0
5812-D-MIGRATED,5812,drains,Company A1187E29,2026-04-28 12:54:30.400589,6.23999999999995,2,completed,,,2026-04-28 12:54:30.400589,,,,,,,,,true,,0
5812-I-MIGRATED,5812,irrigation,Company A1187E29,2026-04-28 12:54:30.400589,1440,4,completed,,,2026-04-28 12:54:30.400589,,,,,,,,,true,,0
5812-L-MIGRATED,5812,landscape,Company A1187E29,2026-04-28 12:54:30.400589,52277,10,completed,,,2026-04-28 12:54:30.400589,,,,,,,,,true,,0
5813-D-MIGRATED,5813,drains,Company A1187E29,2026-04-28 12:54:18.97992,156.48,3,completed,,,2026-04-28 12:54:18.97992,,,,,,,,,true,,0
5813-I-MIGRATED,5813,irrigation,Company A1187E29,2026-04-28 12:54:18.97992,375,5,completed,,,2026-04-28 12:54:18.97992,,,,,,,,,true,,0
5813-L-MIGRATED,5813,landscape,Company A1187E29,2026-04-28 12:54:18.97992,3265,6,completed,,,2026-04-28 12:54:18.97992,,,,,,,,,true,,0
5814-D-MIGRATED,5814,drains,Company A1187E29,2026-04-28 12:54:04.824965,12.48,2,completed,,,2026-04-28 12:54:04.824965,,,,,,,,,true,,0
5814-I-MIGRATED,5814,irrigation,Company A1187E29,2026-04-28 12:54:04.824965,131134.6875,8,completed,,,2026-04-28 12:54:04.824965,,,,,,,,,true,,0
5814-L-MIGRATED,5814,landscape,Company A1187E29,2026-04-28 12:54:04.824965,14325.2909090909,8,completed,,,2026-04-28 12:54:04.824965,,,,,,,,,true,,0
5815-I-MIGRATED,5815,irrigation,Company A1187E29,2026-04-28 12:53:55.483639,69432.625,6,completed,,,2026-04-28 12:53:55.483639,,,,,,,,,true,,0
5815-L-MIGRATED,5815,landscape,Company A1187E29,2026-04-28 12:53:55.483639,168,1,completed,,,2026-04-28 12:53:55.483639,,,,,,,,,true,,0
5816-D-MIGRATED,5816,drains,Company A1187E29,2026-04-28 12:53:35.354418,132,1,completed,,,2026-04-28 12:53:35.354418,,,,,,,,,true,,0
5816-I-MIGRATED,5816,irrigation,Company A1187E29,2026-04-28 12:53:35.354418,3150,1,completed,,,2026-04-28 12:53:35.354418,,,,,,,,,true,,0
5816-L-MIGRATED,5816,landscape,Company A1187E29,2026-04-28 12:53:35.354418,3287.34574620849,19,completed,,,2026-04-28 12:53:35.354418,,,,,,,,,true,,0
5817-D-MIGRATED,5817,drains,Company A1187E29,2026-04-28 12:53:06.974058,31052.8615585475,8,completed,,,2026-04-28 12:53:06.974058,,,,,,,,,true,,0
5817-I-MIGRATED,5817,irrigation,Company A1187E29,2026-04-28 12:53:06.974058,729537.825,31,completed,,,2026-04-28 12:53:06.974058,,,,,,,,,true,,0
5817-L-MIGRATED,5817,landscape,Company A1187E29,2026-04-28 12:53:06.974058,7303.06181818182,25,completed,,,2026-04-28 12:53:06.974058,,,,,,,,,true,,0
5818-I-MIGRATED,5818,irrigation,Company A1187E29,2026-04-28 12:52:44.856775,163481.7375,26,completed,,,2026-04-28 12:52:44.856775,,,,,,,,,true,,0
5818-L-MIGRATED,5818,landscape,Company A1187E29,2026-04-28 12:52:44.856775,541821.8687713,24,completed,,,2026-04-28 12:52:44.856775,,,,,,,,,true,,0
5819-D-MIGRATED,5819,drains,Company A1187E29,2026-04-28 12:52:22.866266,10482.6375,2,completed,,,2026-04-28 12:52:22.866266,,,,,,,,,true,,0
5819-I-MIGRATED,5819,irrigation,Company A1187E29,2026-04-28 12:52:22.866266,2368.64240692106,21,completed,,,2026-04-28 12:52:22.866266,,,,,,,,,true,,0
5819-L-MIGRATED,5819,landscape,Company A1187E29,2026-04-28 12:52:22.866266,1536.485198,6,completed,,,2026-04-28 12:52:22.866266,,,,,,,,,true,,0
5821-D-MIGRATED,5821,drains,Company A1187E29,2026-04-28 12:52:05.753249,395.2,3,completed,,,2026-04-28 12:52:05.753249,,,,,,,,,true,,0
5821-I-MIGRATED,5821,irrigation,Company A1187E29,2026-04-28 12:52:05.753249,6384.925,25,completed,,,2026-04-28 12:52:05.753249,,,,,,,,,true,,0
5821-L-MIGRATED,5821,landscape,Company A1187E29,2026-04-28 12:52:05.753249,21744.710982659,18,completed,,,2026-04-28 12:52:05.753249,,,,,,,,,true,,0
5822-I-MIGRATED,5822,irrigation,Company A1187E29,2026-04-28 12:51:55.598017,572296.656,12,completed,,,2026-04-28 12:51:55.598017,,,,,,,,,true,,0
5822-L-MIGRATED,5822,landscape,Company A1187E29,2026-04-28 12:51:55.598017,288,1,completed,,,2026-04-28 12:51:55.598017,,,,,,,,,true,,0
5823-I-MIGRATED,5823,irrigation,Company A1187E29,2026-04-28 12:51:23.504768,6579.76163351416,22,completed,,,2026-04-28 12:51:23.504768,,,,,,,,,true,,0
5823-L-MIGRATED,5823,landscape,Company A1187E29,2026-04-28 12:51:23.504768,-14170.5354961832,23,completed,,,2026-04-28 12:51:23.504768,,,,,,,,,true,,0
5824-I-MIGRATED,5824,irrigation,Company A1187E29,2026-04-28 12:51:13.454519,155.625,4,completed,,,2026-04-28 12:51:13.454519,,,,,,,,,true,,0
5824-L-MIGRATED,5824,landscape,Company A1187E29,2026-04-28 12:51:13.454519,28152.14,16,completed,,,2026-04-28 12:51:13.454519,,,,,,,,,true,,0
5825-I-MIGRATED,5825,irrigation,Company A1187E29,2026-04-28 12:50:53.440736,9650.11885245902,31,completed,,,2026-04-28 12:50:53.440736,,,,,,,,,true,,0
5825-L-MIGRATED,5825,landscape,Company A1187E29,2026-04-28 12:50:53.440736,18278.3714035088,22,completed,,,2026-04-28 12:50:53.440736,,,,,,,,,true,,0
5826-D-MIGRATED,5826,drains,Company A1187E29,2026-04-28 12:50:47.414434,218,2,completed,,,2026-04-28 12:50:47.414434,,,,,,,,,true,,0
5826-L-MIGRATED,5826,landscape,Company A1187E29,2026-04-28 12:50:47.414434,8993,5,completed,,,2026-04-28 12:50:47.414434,,,,,,,,,true,,0
5827-I-MIGRATED,5827,irrigation,Company A1187E29,2026-04-28 12:50:34.857823,115218,5,completed,,,2026-04-28 12:50:34.857823,,,,,,,,,true,,0
5827-L-MIGRATED,5827,landscape,Company A1187E29,2026-04-28 12:50:34.857823,6017.82222222222,11,completed,,,2026-04-28 12:50:34.857823,,,,,,,,,true,,0
5828-D-MIGRATED,5828,drains,Company A1187E29,2026-04-28 12:50:26.401108,826.72,2,completed,,,2026-04-28 12:50:26.401108,,,,,,,,,true,,0
5828-I-MIGRATED,5828,irrigation,Company A1187E29,2026-04-28 12:50:26.401108,1450.495,9,completed,,,2026-04-28 12:50:26.401108,,,,,,,,,true,,0
5828-L-MIGRATED,5828,landscape,Company A1187E29,2026-04-28 12:50:26.401108,11033.724,3,completed,,,2026-04-28 12:50:26.401108,,,,,,,,,true,,0
5829-D-MIGRATED,5829,drains,Company A1187E29,2026-04-28 12:50:06.311794,2776.63340961099,4,completed,,,2026-04-28 12:50:06.311794,,,,,,,,,true,,0
5829-I-MIGRATED,5829,irrigation,Company A1187E29,2026-04-28 12:50:06.311794,16467.0968781873,34,completed,,,2026-04-28 12:50:06.311794,,,,,,,,,true,,0
5829-L-MIGRATED,5829,landscape,Company A1187E29,2026-04-28 12:50:06.311794,1995.17,15,completed,,,2026-04-28 12:50:06.311794,,,,,,,,,true,,0
5831-I-MIGRATED,5831,irrigation,Company A1187E29,2026-04-28 12:49:42.66618,94362.3475,12,completed,,,2026-04-28 12:49:42.66618,,,,,,,,,true,,0
5831-L-MIGRATED,5831,landscape,Company A1187E29,2026-04-28 12:49:42.66618,1240155.9264,26,completed,,,2026-04-28 12:49:42.66618,,,,,,,,,true,,0
5832-D-MIGRATED,5832,drains,Company A1187E29,2026-04-28 12:49:18.883176,450,5,completed,,,2026-04-28 12:49:18.883176,,,,,,,,,true,,0
5832-I-MIGRATED,5832,irrigation,Company A1187E29,2026-04-28 12:49:18.883176,993.856666666667,13,completed,,,2026-04-28 12:49:18.883176,,,,,,,,,true,,0
5832-L-MIGRATED,5832,landscape,Company A1187E29,2026-04-28 12:49:18.883176,3853.668,5,completed,,,2026-04-28 12:49:18.883176,,,,,,,,,true,,0
5833-D-MIGRATED,5833,drains,Company A1187E29,2026-04-28 12:49:01.474379,35676.0772727273,10,completed,,,2026-04-28 12:49:01.474379,,,,,,,,,true,,0
5833-I-MIGRATED,5833,irrigation,Company A1187E29,2026-04-28 12:49:01.474379,8585.05245577396,23,completed,,,2026-04-28 12:49:01.474379,,,,,,,,,true,,0
5833-L-MIGRATED,5833,landscape,Company A1187E29,2026-04-28 12:49:01.474379,16158.6763384704,18,completed,,,2026-04-28 12:49:01.474379,,,,,,,,,true,,0
5834-D-MIGRATED,5834,drains,Company A1187E29,2026-04-28 12:48:50.484333,302.4,1,completed,,,2026-04-28 12:48:50.484333,,,,,,,,,true,,0
5834-I-MIGRATED,5834,irrigation,Company A1187E29,2026-04-28 12:48:50.484333,2273.736,8,completed,,,2026-04-28 12:48:50.484333,,,,,,,,,true,,0
5834-L-MIGRATED,5834,landscape,Company A1187E29,2026-04-28 12:48:50.484333,724.985142857143,6,completed,,,2026-04-28 12:48:50.484333,,,,,,,,,true,,0
5835-I-MIGRATED,5835,irrigation,Company A1187E29,2026-04-28 12:48:43.76065,13,1,completed,,,2026-04-28 12:48:43.76065,,,,,,,,,true,,0
5835-L-MIGRATED,5835,landscape,Company A1187E29,2026-04-28 12:48:43.76065,138,2,completed,,,2026-04-28 12:48:43.76065,,,,,,,,,true,,0
5836-D-MIGRATED,5836,drains,Company A1187E29,2026-04-28 12:48:01.160544,25573.9733333333,13,completed,,,2026-04-28 12:48:01.160544,,,,,,,,,true,,0
5836-I-MIGRATED,5836,irrigation,Company A1187E29,2026-04-28 12:48:01.160544,3810.61411689815,35,completed,,,2026-04-28 12:48:01.160544,,,,,,,,,true,,0
5836-L-MIGRATED,5836,landscape,Company A1187E29,2026-04-28 12:48:01.160544,144310.915644654,33,completed,,,2026-04-28 12:48:01.160544,,,,,,,,,true,,0
5837-I-MIGRATED,5837,irrigation,Company A1187E29,2026-04-28 12:47:39.273319,4967.625,7,completed,,,2026-04-28 12:47:39.273319,,,,,,,,,true,,0
5837-L-MIGRATED,5837,landscape,Company A1187E29,2026-04-28 12:47:39.273319,499095.347999966,32,completed,,,2026-04-28 12:47:39.273319,,,,,,,,,true,,0
5838-D-MIGRATED,5838,drains,Company A1187E29,2026-04-28 12:47:17.584649,293.066666666667,3,completed,,,2026-04-28 12:47:17.584649,,,,,,,,,true,,0
5838-I-MIGRATED,5838,irrigation,Company A1187E29,2026-04-28 12:47:17.584649,1888.68551867256,12,completed,,,2026-04-28 12:47:17.584649,,,,,,,,,true,,0
5838-L-MIGRATED,5838,landscape,Company A1187E29,2026-04-28 12:47:17.584649,2153.6829787234,13,completed,,,2026-04-28 12:47:17.584649,,,,,,,,,true,,0
5839-D-MIGRATED,5839,drains,Company A1187E29,2026-04-28 12:47:06.577533,83.2,2,completed,,,2026-04-28 12:47:06.577533,,,,,,,,,true,,0
5839-I-MIGRATED,5839,irrigation,Company A1187E29,2026-04-28 12:47:06.577533,2174614.5,13,completed,,,2026-04-28 12:47:06.577533,,,,,,,,,true,,0
5839-L-MIGRATED,5839,landscape,Company A1187E29,2026-04-28 12:47:06.577533,2720,1,completed,,,2026-04-28 12:47:06.577533,,,,,,,,,true,,0
5841-I-1,5841,irrigation,Company CFB258DA,2026-04-30 09:23:10.640938,626501.146,116,completed,,2026-04-30 09:23:10.640938,2026-04-30 10:19:45.701316,,,,,,job,,,true,,0
5841-I-2,5841,irrigation,Company 033ADA73,2026-04-30 10:35:20.543741,160,1,completed,,2026-04-30 10:35:20.543741,2026-04-30 10:35:20.645366,,,,,,job,,,true,,0
5841-I-271,5841,irrigation,Company D35E67B5,2026-05-27 14:56:00.338356,187.89825,2,completed,2026-05-28 00:00:00,2026-05-27 15:28:01.503706,2026-05-27 15:28:01.517593,,,,,,yard,,,false,,0
5841-I-272,5841,irrigation,,2026-07-14 19:39:03.235,0,0,in_progress,,,2026-07-14 19:39:03.236,,,,,,job,,,false,,0
5841-I-MIGRATED,5841,irrigation,Company A1187E29,2026-04-28 12:46:23.459582,571638.804957578,90,completed,,,2026-04-28 12:46:23.459582,,,,,,,,,true,,0
5841-L-1,5841,landscape,Company CFB258DA,2026-04-30 09:23:21.691509,366656.2422,49,completed,,2026-04-30 09:23:21.691509,2026-04-30 10:19:53.62139,,,,,,job,,,true,,0
5841-L-MIGRATED,5841,landscape,Company A1187E29,2026-04-28 12:46:23.459582,469351.401941045,29,completed,,,2026-04-28 12:46:23.459582,,,,,,,,,true,,0
5841-S-MIGRATED,5841,subcontract,Company A1187E29,2026-04-28 12:46:23.459582,112,1,completed,,,2026-04-28 12:46:23.459582,,,,,,,,,true,,0
5842-I-1,5842,irrigation,Company CFB258DA,2026-04-30 09:23:25.501976,429833.7,102,completed,,2026-04-30 09:23:25.501976,2026-04-30 10:20:00.140518,,,,,,job,,,true,,0
5842-I-172,5842,irrigation,Company D35E67B5,2026-05-27 14:51:46.175913,428.475,1,completed,2026-05-28 00:00:00,2026-05-27 15:26:43.150191,2026-05-27 15:26:43.162613,,,,,,yard,,,false,,0
5842-I-2,5842,irrigation,Company 033ADA73,2026-04-30 10:35:20.99187,288,1,completed,,2026-04-30 10:35:20.99187,2026-04-30 10:35:21.092786,,,,,,job,,,true,,0
5842-I-MIGRATED,5842,irrigation,Company A1187E29,2026-04-28 12:45:52.033031,230319.140705839,60,completed,,,2026-04-28 12:45:52.033031,,,,,,,,,true,,0
5842-L-1,5842,landscape,Company CFB258DA,2026-04-30 09:23:35.378745,251459.3382,55,completed,,2026-04-30 09:23:35.378745,2026-04-30 10:20:07.924724,,,,,,job,,,true,,0
5842-L-2,5842,landscape,Company 033ADA73,2026-04-30 10:35:21.497481,1976.4,2,completed,,2026-04-30 10:35:21.497481,2026-04-30 10:35:21.641866,,,,,,job,,,true,,0
5842-L-MIGRATED,5842,landscape,Company A1187E29,2026-04-28 12:45:52.033031,62098.3307317073,21,completed,,,2026-04-28 12:45:52.033031,,,,,,,,,true,,0
5843-I-MIGRATED,5843,irrigation,Company A1187E29,2026-04-28 12:45:34.586306,4778.6,12,completed,,,2026-04-28 12:45:34.586306,,,,,,,,,true,,0
5843-L-MIGRATED,5843,landscape,Company A1187E29,2026-04-28 12:45:34.586306,181764.304,11,completed,,,2026-04-28 12:45:34.586306,,,,,,,,,true,,0
5844-I-MIGRATED,5844,irrigation,Company A1187E29,2026-04-28 12:45:19.555999,2045.96,11,completed,,,2026-04-28 12:45:19.555999,,,,,,,,,true,,0
5844-L-MIGRATED,5844,landscape,Company A1187E29,2026-04-28 12:45:19.555999,30736.308,8,completed,,,2026-04-28 12:45:19.555999,,,,,,,,,true,,0
5845-D-MIGRATED,5845,drains,Company A1187E29,2026-04-28 12:44:14.341082,9291.50497882172,11,completed,,,2026-04-28 12:44:14.341082,,,,,,,,,true,,0
5845-I-MIGRATED,5845,irrigation,Company A1187E29,2026-04-28 12:44:14.341082,3945586.09301584,72,completed,,,2026-04-28 12:44:14.341082,,,,,,,,,true,,0
5845-L-MIGRATED,5845,landscape,Company A1187E29,2026-04-28 12:44:14.341082,1508528.10834037,106,completed,,,2026-04-28 12:44:14.341082,,,,,,,,,true,,0
5845-S-MIGRATED,5845,subcontract,Company A1187E29,2026-04-28 12:44:14.341082,1530,1,completed,,,2026-04-28 12:44:14.341082,,,,,,,,,true,,0
5846-I-MIGRATED,5846,irrigation,Company A1187E29,2026-04-28 12:43:56.325188,2769.1,11,completed,,,2026-04-28 12:43:56.325188,,,,,,,,,true,,0
5846-L-MIGRATED,5846,landscape,Company A1187E29,2026-04-28 12:43:56.325188,406376.856423611,15,completed,,,2026-04-28 12:43:56.325188,,,,,,,,,true,,0
5847-D-MIGRATED,5847,drains,Company A1187E29,2026-04-28 12:43:27.80387,253.668573557194,6,completed,,,2026-04-28 12:43:27.80387,,,,,,,,,true,,0
5847-I-MIGRATED,5847,irrigation,Company A1187E29,2026-04-28 12:43:27.80387,6386770.51816214,38,completed,,,2026-04-28 12:43:27.80387,,,,,,,,,true,,0
5847-L-MIGRATED,5847,landscape,Company A1187E29,2026-04-28 12:43:27.80387,284870.99,26,completed,,,2026-04-28 12:43:27.80387,,,,,,,,,true,,0
5848-D-MIGRATED,5848,drains,Company A1187E29,2026-04-28 12:43:22.121772,5215.71965397924,7,completed,,,2026-04-28 12:43:22.121772,,,,,,,,,true,,0
5849-I-MIGRATED,5849,irrigation,Company A1187E29,2026-04-28 12:43:10.65689,485874.640535583,9,completed,,,2026-04-28 12:43:10.65689,,,,,,,,,true,,0
5849-L-MIGRATED,5849,landscape,Company A1187E29,2026-04-28 12:43:10.65689,100189.53565,8,completed,,,2026-04-28 12:43:10.65689,,,,,,,,,true,,0
5851-D-MIGRATED,5851,drains,Company A1187E29,2026-04-28 12:42:55.553382,883.2,2,completed,,,2026-04-28 12:42:55.553382,,,,,,,,,true,,0
5851-I-MIGRATED,5851,irrigation,Company A1187E29,2026-04-28 12:42:55.553382,1077.775,8,completed,,,2026-04-28 12:42:55.553382,,,,,,,,,true,,0
5851-L-MIGRATED,5851,landscape,Company A1187E29,2026-04-28 12:42:55.553382,15287.405,8,completed,,,2026-04-28 12:42:55.553382,,,,,,,,,true,,0
5852-I-MIGRATED,5852,irrigation,Company A1187E29,2026-04-28 12:42:43.808227,552.841463414634,4,completed,,,2026-04-28 12:42:43.808227,,,,,,,,,true,,0
5852-L-MIGRATED,5852,landscape,Company A1187E29,2026-04-28 12:42:43.808227,3925,3,completed,,,2026-04-28 12:42:43.808227,,,,,,,,,true,,0
5853-L-MIGRATED,5853,landscape,Company A1187E29,2026-04-28 12:42:33.88882,9227.6,8,completed,,,2026-04-28 12:42:33.88882,,,,,,,,,true,,0
5854-I-MIGRATED,5854,irrigation,Company A1187E29,2026-04-28 12:42:22.326964,1572.4914893617,15,completed,,,2026-04-28 12:42:22.326964,,,,,,,,,true,,0
5854-L-MIGRATED,5854,landscape,Company A1187E29,2026-04-28 12:42:22.326964,2670.51,4,completed,,,2026-04-28 12:42:22.326964,,,,,,,,,true,,0
5855-I-MIGRATED,5855,irrigation,Company A1187E29,2026-04-28 12:42:00.501576,101700.75,11,completed,,,2026-04-28 12:42:00.501576,,,,,,,,,true,,0
5855-L-MIGRATED,5855,landscape,Company A1187E29,2026-04-28 12:42:00.501576,11656.431,20,completed,,,2026-04-28 12:42:00.501576,,,,,,,,,true,,0
5856-I-MIGRATED,5856,irrigation,Company A1187E29,2026-04-28 12:41:47.308353,7769.46153846154,3,completed,,,2026-04-28 12:41:47.308353,,,,,,,,,true,,0
5856-L-MIGRATED,5856,landscape,Company A1187E29,2026-04-28 12:41:47.308353,14502.4,7,completed,,,2026-04-28 12:41:47.308353,,,,,,,,,true,,0
5857-I-MIGRATED,5857,irrigation,Company A1187E29,2026-04-28 12:41:28.849797,3252.08212121212,11,completed,,,2026-04-28 12:41:28.849797,,,,,,,,,true,,0
5857-L-MIGRATED,5857,landscape,Company A1187E29,2026-04-28 12:41:28.849797,2821958.04,13,completed,,,2026-04-28 12:41:28.849797,,,,,,,,,true,,0
5858-I-MIGRATED,5858,irrigation,Company A1187E29,2026-04-28 12:41:17.247517,10078.5,7,completed,,,2026-04-28 12:41:17.247517,,,,,,,,,true,,0
5858-L-MIGRATED,5858,landscape,Company A1187E29,2026-04-28 12:41:17.247517,24225,3,completed,,,2026-04-28 12:41:17.247517,,,,,,,,,true,,0
5859-D-MIGRATED,5859,drains,Company A1187E29,2026-04-28 12:40:59.917526,51.2,1,completed,,,2026-04-28 12:40:59.917526,,,,,,,,,true,,0
5859-I-MIGRATED,5859,irrigation,Company A1187E29,2026-04-28 12:40:59.917526,5531.61333333333,24,completed,,,2026-04-28 12:40:59.917526,,,,,,,,,true,,0
5859-L-MIGRATED,5859,landscape,Company A1187E29,2026-04-28 12:40:59.917526,118761.28,14,completed,,,2026-04-28 12:40:59.917526,,,,,,,,,true,,0
5861-I-MIGRATED,5861,irrigation,Company A1187E29,2026-04-28 12:40:36.080745,116399.714684031,31,completed,,,2026-04-28 12:40:36.080745,,,,,,,,,true,,0
5861-L-MIGRATED,5861,landscape,Company A1187E29,2026-04-28 12:40:36.080745,29475.1994980502,26,completed,,,2026-04-28 12:40:36.080745,,,,,,,,,true,,0
5862-D-MIGRATED,5862,drains,Company A1187E29,2026-04-28 12:40:12.979537,2281.6,1,completed,,,2026-04-28 12:40:12.979537,,,,,,,,,true,,0
5862-I-MIGRATED,5862,irrigation,Company A1187E29,2026-04-28 12:40:12.979537,7823.99875869809,24,completed,,,2026-04-28 12:40:12.979537,,,,,,,,,true,,0
5862-L-MIGRATED,5862,landscape,Company A1187E29,2026-04-28 12:40:12.979537,589316.970100448,28,completed,,,2026-04-28 12:40:12.979537,,,,,,,,,true,,0
5863-I-MIGRATED,5863,irrigation,Company A1187E29,2026-04-28 12:39:33.002014,1859091.01088032,88,completed,,,2026-04-28 12:39:33.002014,,,,,,,,,true,,0
5863-L-MIGRATED,5863,landscape,Company A1187E29,2026-04-28 12:39:33.002014,255682.256251239,38,completed,,,2026-04-28 12:39:33.002014,,,,,,,,,true,,0
5864-L-MIGRATED,5864,landscape,Company A1187E29,2026-04-28 12:39:27.104963,110,1,completed,,,2026-04-28 12:39:27.104963,,,,,,,,,true,,0
5865-D-MIGRATED,5865,drains,Company A1187E29,2026-04-28 12:39:06.636749,2049.6,3,completed,,,2026-04-28 12:39:06.636749,,,,,,,,,true,,0
5865-I-MIGRATED,5865,irrigation,Company A1187E29,2026-04-28 12:39:06.636749,57385.45,20,completed,,,2026-04-28 12:39:06.636749,,,,,,,,,true,,0
5865-L-MIGRATED,5865,landscape,Company A1187E29,2026-04-28 12:39:06.636749,10015.8,11,completed,,,2026-04-28 12:39:06.636749,,,,,,,,,true,,0
5866-D-MIGRATED,5866,drains,Company A1187E29,2026-04-28 12:38:38.947159,1233.6,2,completed,,,2026-04-28 12:38:38.947159,,,,,,,,,true,,0
5866-I-MIGRATED,5866,irrigation,Company A1187E29,2026-04-28 12:38:38.947159,2293.47446236559,20,completed,,,2026-04-28 12:38:38.947159,,,,,,,,,true,,0
5866-L-MIGRATED,5866,landscape,Company A1187E29,2026-04-28 12:38:38.947159,55412.056,19,completed,,,2026-04-28 12:38:38.947159,,,,,,,,,true,,0
5867-D-MIGRATED,5867,drains,Company A1187E29,2026-04-28 12:38:18.914022,9388.62,7,completed,,,2026-04-28 12:38:18.914022,,,,,,,,,true,,0
5867-I-MIGRATED,5867,irrigation,Company A1187E29,2026-04-28 12:38:18.914022,35379,12,completed,,,2026-04-28 12:38:18.914022,,,,,,,,,true,,0
5867-L-MIGRATED,5867,landscape,Company A1187E29,2026-04-28 12:38:18.914022,170967.1,16,completed,,,2026-04-28 12:38:18.914022,,,,,,,,,true,,0
5868-D-MIGRATED,5868,drains,Company A1187E29,2026-04-28 12:37:55.769647,2435.2,2,completed,,,2026-04-28 12:37:55.769647,,,,,,,,,true,,0
5868-I-MIGRATED,5868,irrigation,Company A1187E29,2026-04-28 12:37:55.769647,452291.398817544,23,completed,,,2026-04-28 12:37:55.769647,,,,,,,,,true,,0
5868-L-MIGRATED,5868,landscape,Company A1187E29,2026-04-28 12:37:55.769647,272584.757703821,35,completed,,,2026-04-28 12:37:55.769647,,,,,,,,,true,,0
5869-D-MIGRATED,5869,drains,Company A1187E29,2026-04-28 12:37:31.52696,347.2,2,completed,,,2026-04-28 12:37:31.52696,,,,,,,,,true,,0
5869-I-MIGRATED,5869,irrigation,Company A1187E29,2026-04-28 12:37:31.52696,3907077.32,10,completed,,,2026-04-28 12:37:31.52696,,,,,,,,,true,,0
5869-L-MIGRATED,5869,landscape,Company A1187E29,2026-04-28 12:37:31.52696,448560.131645013,40,completed,,,2026-04-28 12:37:31.52696,,,,,,,,,true,,0
5871-D-MIGRATED,5871,drains,Company A1187E29,2026-04-28 12:37:06.359795,4652.00000000001,6,completed,,,2026-04-28 12:37:06.359795,,,,,,,,,true,,0
5871-I-MIGRATED,5871,irrigation,Company A1187E29,2026-04-28 12:37:06.359795,798564.252452789,48,completed,,,2026-04-28 12:37:06.359795,,,,,,,,,true,,0
5871-L-MIGRATED,5871,landscape,Company A1187E29,2026-04-28 12:37:06.359795,12225.2602857143,18,completed,,,2026-04-28 12:37:06.359795,,,,,,,,,true,,0
5872-I-MIGRATED,5872,irrigation,Company A1187E29,2026-04-28 12:36:58.140588,691.858695652174,5,completed,,,2026-04-28 12:36:58.140588,,,,,,,,,true,,0
5872-L-MIGRATED,5872,landscape,Company A1187E29,2026-04-28 12:36:58.140588,1046.2,5,completed,,,2026-04-28 12:36:58.140588,,,,,,,,,true,,0
5873-D-MIGRATED,5873,drains,Company A1187E29,2026-04-28 12:36:35.915386,1334.4,5,completed,,,2026-04-28 12:36:35.915386,,,,,,,,,true,,0
5873-I-MIGRATED,5873,irrigation,Company A1187E29,2026-04-28 12:36:35.915386,3545251.25,5,completed,,,2026-04-28 12:36:35.915386,,,,,,,,,true,,0
5873-L-MIGRATED,5873,landscape,Company A1187E29,2026-04-28 12:36:35.915386,51788.175,28,completed,,,2026-04-28 12:36:35.915386,,,,,,,,,true,,0
5874-D-MIGRATED,5874,drains,Company A1187E29,2026-04-28 12:36:06.05018,4376,3,completed,,,2026-04-28 12:36:06.05018,,,,,,,,,true,,0
5874-I-MIGRATED,5874,irrigation,Company A1187E29,2026-04-28 12:36:06.05018,18402.3857533908,32,completed,,,2026-04-28 12:36:06.05018,,,,,,,,,true,,0
5874-L-MIGRATED,5874,landscape,Company A1187E29,2026-04-28 12:36:06.05018,112275.885365079,27,completed,,,2026-04-28 12:36:06.05018,,,,,,,,,true,,0
5875-D-MIGRATED,5875,drains,Company A1187E29,2026-04-28 12:35:39.448878,313,3,completed,,,2026-04-28 12:35:39.448878,,,,,,,,,true,,0
5875-I-MIGRATED,5875,irrigation,Company A1187E29,2026-04-28 12:35:39.448878,338204.153474348,33,completed,,,2026-04-28 12:35:39.448878,,,,,,,,,true,,0
5875-L-MIGRATED,5875,landscape,Company A1187E29,2026-04-28 12:35:39.448878,5871.50757569589,16,completed,,,2026-04-28 12:35:39.448878,,,,,,,,,true,,0
5875-S-MIGRATED,5875,subcontract,Company A1187E29,2026-04-28 12:35:39.448878,25.5,1,completed,,,2026-04-28 12:35:39.448878,,,,,,,,,true,,0
5876-D-MIGRATED,5876,drains,Company A1187E29,2026-04-28 12:35:01.120854,4809.13443830571,9,completed,,,2026-04-28 12:35:01.120854,,,,,,,,,true,,0
5876-I-MIGRATED,5876,irrigation,Company A1187E29,2026-04-28 12:35:01.120854,5289.46022125181,46,completed,,,2026-04-28 12:35:01.120854,,,,,,,,,true,,0
5876-L-MIGRATED,5876,landscape,Company A1187E29,2026-04-28 12:35:01.120854,696815.779012346,35,completed,,,2026-04-28 12:35:01.120854,,,,,,,,,true,,0
5877-D-MIGRATED,5877,drains,Company A1187E29,2026-04-28 12:34:36.335245,2066,5,completed,,,2026-04-28 12:34:36.335245,,,,,,,,,true,,0
5877-I-MIGRATED,5877,irrigation,Company A1187E29,2026-04-28 12:34:36.335245,9641.00062907735,16,completed,,,2026-04-28 12:34:36.335245,,,,,,,,,true,,0
5877-L-MIGRATED,5877,landscape,Company A1187E29,2026-04-28 12:34:36.335245,63020.6190330947,23,completed,,,2026-04-28 12:34:36.335245,,,,,,,,,true,,0
5878-D-MIGRATED,5878,drains,Company A1187E29,2026-04-28 12:33:53.650271,12577.09,16,completed,,,2026-04-28 12:33:53.650271,,,,,,,,,true,,0
5878-I-MIGRATED,5878,irrigation,Company A1187E29,2026-04-28 12:33:53.650271,57025512.0448692,59,completed,,,2026-04-28 12:33:53.650271,,,,,,,,,true,,0
5878-L-MIGRATED,5878,landscape,Company A1187E29,2026-04-28 12:33:53.650271,18324.65,23,completed,,,2026-04-28 12:33:53.650271,,,,,,,,,true,,0
5879-D-MIGRATED,5879,drains,Company A1187E29,2026-04-28 12:33:45.663119,15355.1437093345,14,completed,,,2026-04-28 12:33:45.663119,,,,,,,,,true,,0
5881-D-MIGRATED,5881,drains,Company A1187E29,2026-04-28 12:33:01.233532,2119.2,8,completed,,,2026-04-28 12:33:01.233532,,,,,,,,,true,,0
5881-I-MIGRATED,5881,irrigation,Company A1187E29,2026-04-28 12:33:01.233532,8815.55121623155,42,completed,,,2026-04-28 12:33:01.233532,,,,,,,,,true,,0
5881-L-MIGRATED,5881,landscape,Company A1187E29,2026-04-28 12:33:01.233532,2590376.19368461,48,completed,,,2026-04-28 12:33:01.233532,,,,,,,,,true,,0
5882-I-MIGRATED,5882,irrigation,Company A1187E29,2026-04-28 12:32:55.689953,600,1,completed,,,2026-04-28 12:32:55.689953,,,,,,,,,true,,0
5883-I-MIGRATED,5883,irrigation,Company A1187E29,2026-04-28 12:32:37.932078,6482211.55970336,29,completed,,,2026-04-28 12:32:37.932078,,,,,,,,,true,,0
5883-L-MIGRATED,5883,landscape,Company A1187E29,2026-04-28 12:32:37.932078,15640.9378202677,9,completed,,,2026-04-28 12:32:37.932078,,,,,,,,,true,,0
5884-D-MIGRATED,5884,drains,Company A1187E29,2026-04-28 12:32:20.230956,1328.98823529412,5,completed,,,2026-04-28 12:32:20.230956,,,,,,,,,true,,0
5884-I-MIGRATED,5884,irrigation,Company A1187E29,2026-04-28 12:32:20.230956,906257.375,5,completed,,,2026-04-28 12:32:20.230956,,,,,,,,,true,,0
5884-L-MIGRATED,5884,landscape,Company A1187E29,2026-04-28 12:32:20.230956,351091.466889632,16,completed,,,2026-04-28 12:32:20.230956,,,,,,,,,true,,0
5885-D-MIGRATED,5885,drains,Company A1187E29,2026-04-28 12:31:59.665799,344,1,completed,,,2026-04-28 12:31:59.665799,,,,,,,,,true,,0
5885-I-MIGRATED,5885,irrigation,Company A1187E29,2026-04-28 12:31:59.665799,16303.2,8,completed,,,2026-04-28 12:31:59.665799,,,,,,,,,true,,0
5885-L-MIGRATED,5885,landscape,Company A1187E29,2026-04-28 12:31:59.665799,606.64,4,completed,,,2026-04-28 12:31:59.665799,,,,,,,,,true,,0
5886-I-MIGRATED,5886,irrigation,Company A1187E29,2026-04-28 12:31:42.707731,1953830.25,9,completed,,,2026-04-28 12:31:42.707731,,,,,,,,,true,,0
5886-L-MIGRATED,5886,landscape,Company A1187E29,2026-04-28 12:31:42.707731,20634.5203395928,21,completed,,,2026-04-28 12:31:42.707731,,,,,,,,,true,,0
5887-D-MIGRATED,5887,drains,Company A1187E29,2026-04-28 12:30:47.75652,4335.02545454545,7,completed,,,2026-04-28 12:30:47.75652,,,,,,,,,true,,0
5887-I-MIGRATED,5887,irrigation,Company A1187E29,2026-04-28 12:30:47.75652,2219138.89117109,57,completed,,,2026-04-28 12:30:47.75652,,,,,,,,,true,,0
5887-L-MIGRATED,5887,landscape,Company A1187E29,2026-04-28 12:30:47.75652,23122.7523076923,32,completed,,,2026-04-28 12:30:47.75652,,,,,,,,,true,,0
5888-D-MIGRATED,5888,drains,Company A1187E29,2026-04-28 12:30:00.668317,615.261538461539,4,completed,,,2026-04-28 12:30:00.668317,,,,,,,,,true,,0
5888-I-MIGRATED,5888,irrigation,Company A1187E29,2026-04-28 12:30:00.668317,2466225.70625,39,completed,,,2026-04-28 12:30:00.668317,,,,,,,,,true,,0
5888-L-MIGRATED,5888,landscape,Company A1187E29,2026-04-28 12:30:00.668317,21198.3918445596,25,completed,,,2026-04-28 12:30:00.668317,,,,,,,,,true,,0
5889-I-MIGRATED,5889,irrigation,Company A1187E29,2026-04-28 12:29:48.104793,32067.6329656863,27,completed,,,2026-04-28 12:29:48.104793,,,,,,,,,true,,0
5889-L-MIGRATED,5889,landscape,Company A1187E29,2026-04-28 12:29:48.104793,17031.3520628684,7,completed,,,2026-04-28 12:29:48.104793,,,,,,,,,true,,0
5891-D-MIGRATED,5891,drains,Company A1187E29,2026-04-28 12:29:31.44919,528,1,completed,,,2026-04-28 12:29:31.44919,,,,,,,,,true,,0
5891-I-MIGRATED,5891,irrigation,Company A1187E29,2026-04-28 12:29:31.44919,217.23,2,completed,,,2026-04-28 12:29:31.44919,,,,,,,,,true,,0
5891-L-MIGRATED,5891,landscape,Company A1187E29,2026-04-28 12:29:31.44919,6831.63110618115,27,completed,,,2026-04-28 12:29:31.44919,,,,,,,,,true,,0
5893-D-MIGRATED,5893,drains,Company A1187E29,2026-04-28 12:29:06.524524,4569.76,5,completed,,,2026-04-28 12:29:06.524524,,,,,,,,,true,,0
5893-I-MIGRATED,5893,irrigation,Company A1187E29,2026-04-28 12:29:06.524524,22.5,2,completed,,,2026-04-28 12:29:06.524524,,,,,,,,,true,,0
5893-L-MIGRATED,5893,landscape,Company A1187E29,2026-04-28 12:29:06.524524,2156.47,6,completed,,,2026-04-28 12:29:06.524524,,,,,,,,,true,,0
5894-I-MIGRATED,5894,irrigation,Company A1187E29,2026-04-28 12:28:41.088726,100826.568606546,27,completed,,,2026-04-28 12:28:41.088726,,,,,,,,,true,,0
5894-L-MIGRATED,5894,landscape,Company A1187E29,2026-04-28 12:28:41.088726,6579.77668147442,10,completed,,,2026-04-28 12:28:41.088726,,,,,,,,,true,,0
5895-I-MIGRATED,5895,irrigation,Company A1187E29,2026-04-28 12:28:31.501854,1505.45454545455,6,completed,,,2026-04-28 12:28:31.501854,,,,,,,,,true,,0
5895-L-MIGRATED,5895,landscape,Company A1187E29,2026-04-28 12:28:31.501854,136.144444444445,6,completed,,,2026-04-28 12:28:31.501854,,,,,,,,,true,,0
5896-I-MIGRATED,5896,irrigation,Company A1187E29,2026-04-28 12:28:21.272291,9529.30104895105,11,completed,,,2026-04-28 12:28:21.272291,,,,,,,,,true,,0
5897-D-MIGRATED,5897,drains,Company A1187E29,2026-04-28 12:28:02.277779,192,2,completed,,,2026-04-28 12:28:02.277779,,,,,,,,,true,,0
5897-I-MIGRATED,5897,irrigation,Company A1187E29,2026-04-28 12:28:02.277779,799970.669,4,completed,,,2026-04-28 12:28:02.277779,,,,,,,,,true,,0
5897-L-MIGRATED,5897,landscape,Company A1187E29,2026-04-28 12:28:02.277779,105200.978666667,24,completed,,,2026-04-28 12:28:02.277779,,,,,,,,,true,,0
5897-S-MIGRATED,5897,subcontract,Company A1187E29,2026-04-28 12:28:02.277779,16390,2,completed,,,2026-04-28 12:28:02.277779,,,,,,,,,true,,0
5898-D-MIGRATED,5898,drains,Company A1187E29,2026-04-28 12:27:50.368195,564,6,completed,,,2026-04-28 12:27:50.368195,,,,,,,,,true,,0
5898-I-MIGRATED,5898,irrigation,Company A1187E29,2026-04-28 12:27:50.368195,2453.85,8,completed,,,2026-04-28 12:27:50.368195,,,,,,,,,true,,0
5899-I-MIGRATED,5899,irrigation,Company A1187E29,2026-04-28 12:27:35.359455,485.957926829269,6,completed,,,2026-04-28 12:27:35.359455,,,,,,,,,true,,0
5899-L-MIGRATED,5899,landscape,Company A1187E29,2026-04-28 12:27:35.359455,1817.34358974359,9,completed,,,2026-04-28 12:27:35.359455,,,,,,,,,true,,0
5901-D-MIGRATED,5901,drains,Company A1187E29,2026-04-28 12:26:44.022229,9370.38325025055,10,completed,,,2026-04-28 12:26:44.022229,,,,,,,,,true,,0
5901-I-MIGRATED,5901,irrigation,Company A1187E29,2026-04-28 12:26:44.022229,3562785.3131758,85,completed,,,2026-04-28 12:26:44.022229,,,,,,,,,true,,0
5901-L-MIGRATED,5901,landscape,Company A1187E29,2026-04-28 12:26:44.022229,87232.8882767704,40,completed,,,2026-04-28 12:26:44.022229,,,,,,,,,true,,0
5902-D-MIGRATED,5902,drains,Company A1187E29,2026-04-28 12:25:57.448782,1598.95411764706,6,completed,,,2026-04-28 12:25:57.448782,,,,,,,,,true,,0
5902-I-MIGRATED,5902,irrigation,Company A1187E29,2026-04-28 12:25:57.448782,2380243.61793517,90,completed,,,2026-04-28 12:25:57.448782,,,,,,,,,true,,0
5902-L-MIGRATED,5902,landscape,Company A1187E29,2026-04-28 12:25:57.448782,48118.5646753322,40,completed,,,2026-04-28 12:25:57.448782,,,,,,,,,true,,0
5902-S-MIGRATED,5902,subcontract,Company A1187E29,2026-04-28 12:25:57.448782,1000,1,completed,,,2026-04-28 12:25:57.448782,,,,,,,,,true,,0
5903-I-MIGRATED,5903,irrigation,Company A1187E29,2026-04-28 12:25:33.020297,7400.52536630037,13,completed,,,2026-04-28 12:25:33.020297,,,,,,,,,true,,0
5903-L-MIGRATED,5903,landscape,Company A1187E29,2026-04-28 12:25:33.020297,129699.95354977,32,completed,,,2026-04-28 12:25:33.020297,,,,,,,,,true,,0
5904-D-MIGRATED,5904,drains,Company A1187E29,2026-04-28 12:25:06.831253,672,1,completed,,,2026-04-28 12:25:06.831253,,,,,,,,,true,,0
5904-I-MIGRATED,5904,irrigation,Company A1187E29,2026-04-28 12:25:06.831253,344772.131048423,23,completed,,,2026-04-28 12:25:06.831253,,,,,,,,,true,,0
5904-L-MIGRATED,5904,landscape,Company A1187E29,2026-04-28 12:25:06.831253,484386,5,completed,,,2026-04-28 12:25:06.831253,,,,,,,,,true,,0
5905-D-MIGRATED,5905,drains,Company A1187E29,2026-04-28 12:24:49.315299,418.28,2,completed,,,2026-04-28 12:24:49.315299,,,,,,,,,true,,0
5905-I-MIGRATED,5905,irrigation,Company A1187E29,2026-04-28 12:24:49.315299,12697051.52,10,completed,,,2026-04-28 12:24:49.315299,,,,,,,,,true,,0
5905-L-MIGRATED,5905,landscape,Company A1187E29,2026-04-28 12:24:49.315299,24326.8,6,completed,,,2026-04-28 12:24:49.315299,,,,,,,,,true,,0
5906-D-MIGRATED,5906,drains,Company A1187E29,2026-04-28 12:24:26.388297,7114.37,7,completed,,,2026-04-28 12:24:26.388297,,,,,,,,,true,,0
5906-I-MIGRATED,5906,irrigation,Company A1187E29,2026-04-28 12:24:26.388297,218545556.464381,21,completed,,,2026-04-28 12:24:26.388297,,,,,,,,,true,,0
5906-L-MIGRATED,5906,landscape,Company A1187E29,2026-04-28 12:24:26.388297,46043.9142953701,14,completed,,,2026-04-28 12:24:26.388297,,,,,,,,,true,,0
5906-S-MIGRATED,5906,subcontract,Company A1187E29,2026-04-28 12:24:26.388297,7500,1,completed,,,2026-04-28 12:24:26.388297,,,,,,,,,true,,0
5908-I-MIGRATED,5908,irrigation,Company A1187E29,2026-04-28 12:24:13.691725,1485.70472440945,8,completed,,,2026-04-28 12:24:13.691725,,,,,,,,,true,,0
5908-L-MIGRATED,5908,landscape,Company A1187E29,2026-04-28 12:24:13.691725,1555.59426633785,3,completed,,,2026-04-28 12:24:13.691725,,,,,,,,,true,,0
5909-L-MIGRATED,5909,landscape,Company A1187E29,2026-04-28 12:24:08.466034,12604,7,completed,,,2026-04-28 12:24:08.466034,,,,,,,,,true,,0
5911-D-MIGRATED,5911,drains,Company A1187E29,2026-04-28 12:23:53.976389,388,2,completed,,,2026-04-28 12:23:53.976389,,,,,,,,,true,,0
5911-I-MIGRATED,5911,irrigation,Company A1187E29,2026-04-28 12:23:53.976389,20262.35,9,completed,,,2026-04-28 12:23:53.976389,,,,,,,,,true,,0
5911-L-MIGRATED,5911,landscape,Company A1187E29,2026-04-28 12:23:53.976389,4589811.4,16,completed,,,2026-04-28 12:23:53.976389,,,,,,,,,true,,0
5912-I-MIGRATED,5912,irrigation,Company A1187E29,2026-04-28 12:23:47.609682,1079484,3,completed,,,2026-04-28 12:23:47.609682,,,,,,,,,true,,0
5912-L-MIGRATED,5912,landscape,Company A1187E29,2026-04-28 12:23:47.609682,96,1,completed,,,2026-04-28 12:23:47.609682,,,,,,,,,true,,0
5913-D-MIGRATED,5913,drains,Company A1187E29,2026-04-28 12:23:23.033627,2048,2,completed,,,2026-04-28 12:23:23.033627,,,,,,,,,true,,0
5913-I-MIGRATED,5913,irrigation,Company A1187E29,2026-04-28 12:23:23.033627,15118.7605,26,completed,,,2026-04-28 12:23:23.033627,,,,,,,,,true,,0
5913-L-MIGRATED,5913,landscape,Company A1187E29,2026-04-28 12:23:23.033627,24059881.27,31,completed,,,2026-04-28 12:23:23.033627,,,,,,,,,true,,0
5915-D-MIGRATED,5915,drains,Company A1187E29,2026-04-28 12:22:24.667827,8273.9238317757,13,completed,,,2026-04-28 12:22:24.667827,,,,,,,,,true,,0
5915-I-MIGRATED,5915,irrigation,Company A1187E29,2026-04-28 12:22:24.667827,10149881.0108951,69,completed,,,2026-04-28 12:22:24.667827,,,,,,,,,true,,0
5915-L-MIGRATED,5915,landscape,Company A1187E29,2026-04-28 12:22:24.667827,2278318.44171973,47,completed,,,2026-04-28 12:22:24.667827,,,,,,,,,true,,0
5915-S-MIGRATED,5915,subcontract,Company A1187E29,2026-04-28 12:22:24.667827,5800,2,completed,,,2026-04-28 12:22:24.667827,,,,,,,,,true,,0
5916-D-MIGRATED,5916,drains,Company A1187E29,2026-04-28 12:21:47.33628,893.343298192771,4,completed,,,2026-04-28 12:21:47.33628,,,,,,,,,true,,0
5916-I-MIGRATED,5916,irrigation,Company A1187E29,2026-04-28 12:21:47.33628,617760.246369987,30,completed,,,2026-04-28 12:21:47.33628,,,,,,,,,true,,0
5916-L-MIGRATED,5916,landscape,Company A1187E29,2026-04-28 12:21:47.33628,149872.526394558,33,completed,,,2026-04-28 12:21:47.33628,,,,,,,,,true,,0
5916-S-MIGRATED,5916,subcontract,Company A1187E29,2026-04-28 12:21:47.33628,10,1,completed,,,2026-04-28 12:21:47.33628,,,,,,,,,true,,0
5917-I-MIGRATED,5917,irrigation,Company A1187E29,2026-04-28 12:21:38.580897,1481.25,2,completed,,,2026-04-28 12:21:38.580897,,,,,,,,,true,,0
5917-L-MIGRATED,5917,landscape,Company A1187E29,2026-04-28 12:21:38.580897,5821.13333333333,9,completed,,,2026-04-28 12:21:38.580897,,,,,,,,,true,,0
5918-I-MIGRATED,5918,irrigation,Company A1187E29,2026-04-28 12:21:30.217814,65261,2,completed,,,2026-04-28 12:21:30.217814,,,,,,,,,true,,0
5918-L-MIGRATED,5918,landscape,Company A1187E29,2026-04-28 12:21:30.217814,4086.6,9,completed,,,2026-04-28 12:21:30.217814,,,,,,,,,true,,0
5919-D-MIGRATED,5919,drains,Company A1187E29,2026-04-28 12:21:13.391904,700.8,1,completed,,,2026-04-28 12:21:13.391904,,,,,,,,,true,,0
5919-I-MIGRATED,5919,irrigation,Company A1187E29,2026-04-28 12:21:13.391904,147942.1775,12,completed,,,2026-04-28 12:21:13.391904,,,,,,,,,true,,0
5919-L-MIGRATED,5919,landscape,Company A1187E29,2026-04-28 12:21:13.391904,2197.69319452477,10,completed,,,2026-04-28 12:21:13.391904,,,,,,,,,true,,0
5921-D-MIGRATED,5921,drains,Company A1187E29,2026-04-28 12:20:49.273912,526.5,1,completed,,,2026-04-28 12:20:49.273912,,,,,,,,,true,,0
5921-I-MIGRATED,5921,irrigation,Company A1187E29,2026-04-28 12:20:49.273912,2364.908,18,completed,,,2026-04-28 12:20:49.273912,,,,,,,,,true,,0
5921-L-MIGRATED,5921,landscape,Company A1187E29,2026-04-28 12:20:49.273912,38514.6229479369,33,completed,,,2026-04-28 12:20:49.273912,,,,,,,,,true,,0
5922-I-MIGRATED,5922,irrigation,Company A1187E29,2026-04-28 12:20:43.233302,421.44,2,completed,,,2026-04-28 12:20:43.233302,,,,,,,,,true,,0
5922-L-MIGRATED,5922,landscape,Company A1187E29,2026-04-28 12:20:43.233302,240,1,completed,,,2026-04-28 12:20:43.233302,,,,,,,,,true,,0
5923-I-MIGRATED,5923,irrigation,Company A1187E29,2026-04-28 12:20:34.01444,11165.218,5,completed,,,2026-04-28 12:20:34.01444,,,,,,,,,true,,0
5923-L-MIGRATED,5923,landscape,Company A1187E29,2026-04-28 12:20:34.01444,14256,2,completed,,,2026-04-28 12:20:34.01444,,,,,,,,,true,,0
5924-I-MIGRATED,5924,irrigation,Company A1187E29,2026-04-28 12:20:24.90286,54,1,completed,,,2026-04-28 12:20:24.90286,,,,,,,,,true,,0
5924-L-MIGRATED,5924,landscape,Company A1187E29,2026-04-28 12:20:24.90286,2428.02105263158,4,completed,,,2026-04-28 12:20:24.90286,,,,,,,,,true,,0
5925-I-MIGRATED,5925,irrigation,Company A1187E29,2026-04-28 12:20:15.699008,1330621.5,3,completed,,,2026-04-28 12:20:15.699008,,,,,,,,,true,,0
5925-L-MIGRATED,5925,landscape,Company A1187E29,2026-04-28 12:20:15.699008,230,2,completed,,,2026-04-28 12:20:15.699008,,,,,,,,,true,,0
5926-D-MIGRATED,5926,drains,Company A1187E29,2026-04-28 12:19:56.917818,1821.36133451171,5,completed,,,2026-04-28 12:19:56.917818,,,,,,,,,true,,0
5926-I-MIGRATED,5926,irrigation,Company A1187E29,2026-04-28 12:19:56.917818,5020.78,10,completed,,,2026-04-28 12:19:56.917818,,,,,,,,,true,,0
5926-L-MIGRATED,5926,landscape,Company A1187E29,2026-04-28 12:19:56.917818,27644.8,25,completed,,,2026-04-28 12:19:56.917818,,,,,,,,,true,,0
5927-I-MIGRATED,5927,irrigation,Company A1187E29,2026-04-28 12:19:49.058375,96.214,2,completed,,,2026-04-28 12:19:49.058375,,,,,,,,,true,,0
5927-L-MIGRATED,5927,landscape,Company A1187E29,2026-04-28 12:19:49.058375,2134,4,completed,,,2026-04-28 12:19:49.058375,,,,,,,,,true,,0
5928-I-MIGRATED,5928,irrigation,Company A1187E29,2026-04-28 12:19:31.611146,3754.13551851852,21,completed,,,2026-04-28 12:19:31.611146,,,,,,,,,true,,0
5928-L-MIGRATED,5928,landscape,Company A1187E29,2026-04-28 12:19:31.611146,4000.83333333333,18,completed,,,2026-04-28 12:19:31.611146,,,,,,,,,true,,0
5929-D-MIGRATED,5929,drains,Company A1187E29,2026-04-28 12:19:10.529399,480,3,completed,,,2026-04-28 12:19:10.529399,,,,,,,,,true,,0
5929-I-MIGRATED,5929,irrigation,Company A1187E29,2026-04-28 12:19:10.529399,70900.814,14,completed,,,2026-04-28 12:19:10.529399,,,,,,,,,true,,0
5929-L-MIGRATED,5929,landscape,Company A1187E29,2026-04-28 12:19:10.529399,4233.38,10,completed,,,2026-04-28 12:19:10.529399,,,,,,,,,true,,0
5929-S-MIGRATED,5929,subcontract,Company A1187E29,2026-04-28 12:19:10.529399,23.2422360248443,4,completed,,,2026-04-28 12:19:10.529399,,,,,,,,,true,,0
5932-D-MIGRATED,5932,drains,Company A1187E29,2026-04-28 12:18:50.723927,933.75,3,completed,,,2026-04-28 12:18:50.723927,,,,,,,,,true,,0
5932-I-MIGRATED,5932,irrigation,Company A1187E29,2026-04-28 12:18:50.723927,2110624.208,12,completed,,,2026-04-28 12:18:50.723927,,,,,,,,,true,,0
5932-L-MIGRATED,5932,landscape,Company A1187E29,2026-04-28 12:18:50.723927,10692,1,completed,,,2026-04-28 12:18:50.723927,,,,,,,,,true,,0
5933-D-MIGRATED,5933,drains,Company A1187E29,2026-04-28 12:18:15.516456,1541.28,1,completed,,,2026-04-28 12:18:15.516456,,,,,,,,,true,,0
5933-I-MIGRATED,5933,irrigation,Company A1187E29,2026-04-28 12:18:15.516456,5523614.3720816,57,completed,,,2026-04-28 12:18:15.516456,,,,,,,,,true,,0
5933-L-MIGRATED,5933,landscape,Company A1187E29,2026-04-28 12:18:15.516456,5895.03119633105,33,completed,,,2026-04-28 12:18:15.516456,,,,,,,,,true,,0
5934-I-MIGRATED,5934,irrigation,Company A1187E29,2026-04-28 12:18:03.72482,7724.227,15,completed,,,2026-04-28 12:18:03.72482,,,,,,,,,true,,0
5934-L-MIGRATED,5934,landscape,Company A1187E29,2026-04-28 12:18:03.72482,33822.5777777778,10,completed,,,2026-04-28 12:18:03.72482,,,,,,,,,true,,0
5934-S-MIGRATED,5934,subcontract,Company A1187E29,2026-04-28 12:18:03.72482,18000,3,completed,,,2026-04-28 12:18:03.72482,,,,,,,,,true,,0
5935-I-MIGRATED,5935,irrigation,Company A1187E29,2026-04-28 12:17:56.426571,175.698,2,completed,,,2026-04-28 12:17:56.426571,,,,,,,,,true,,0
5935-L-MIGRATED,5935,landscape,Company A1187E29,2026-04-28 12:17:56.426571,752.94,3,completed,,,2026-04-28 12:17:56.426571,,,,,,,,,true,,0
5936-I-MIGRATED,5936,irrigation,Company A1187E29,2026-04-28 12:17:50.643117,228,3,completed,,,2026-04-28 12:17:50.643117,,,,,,,,,true,,0
5936-L-MIGRATED,5936,landscape,Company A1187E29,2026-04-28 12:17:50.643117,62.4,1,completed,,,2026-04-28 12:17:50.643117,,,,,,,,,true,,0
5937-I-MIGRATED,5937,irrigation,Company A1187E29,2026-04-28 12:17:43.871106,251.91,2,completed,,,2026-04-28 12:17:43.871106,,,,,,,,,true,,0
5937-L-MIGRATED,5937,landscape,Company A1187E29,2026-04-28 12:17:43.871106,1627.8,2,completed,,,2026-04-28 12:17:43.871106,,,,,,,,,true,,0
5938-I-MIGRATED,5938,irrigation,Company A1187E29,2026-04-28 12:17:30.486845,3727.146,3,completed,,,2026-04-28 12:17:30.486845,,,,,,,,,true,,0
5938-L-MIGRATED,5938,landscape,Company A1187E29,2026-04-28 12:17:30.486845,173248.291919192,9,completed,,,2026-04-28 12:17:30.486845,,,,,,,,,true,,0
5939-I-MIGRATED,5939,irrigation,Company A1187E29,2026-04-28 12:17:15.631135,12774347.8299872,22,completed,,,2026-04-28 12:17:15.631135,,,,,,,,,true,,0
5939-L-MIGRATED,5939,landscape,Company A1187E29,2026-04-28 12:17:15.631135,9265.6,10,completed,,,2026-04-28 12:17:15.631135,,,,,,,,,true,,0
5941-I-MIGRATED,5941,irrigation,Company A1187E29,2026-04-28 12:17:06.337611,43065.24,8,completed,,,2026-04-28 12:17:06.337611,,,,,,,,,true,,0
5941-L-MIGRATED,5941,landscape,Company A1187E29,2026-04-28 12:17:06.337611,200,1,completed,,,2026-04-28 12:17:06.337611,,,,,,,,,true,,0
5942-D-MIGRATED,5942,drains,Company A1187E29,2026-04-28 12:16:22.465536,17478.77875,7,completed,,,2026-04-28 12:16:22.465536,,,,,,,,,true,,0
5942-I-MIGRATED,5942,irrigation,Company A1187E29,2026-04-28 12:16:22.465536,21966897.9426397,61,completed,,,2026-04-28 12:16:22.465536,,,,,,,,,true,,0
5942-L-MIGRATED,5942,landscape,Company A1187E29,2026-04-28 12:16:22.465536,88341.0236363636,39,completed,,,2026-04-28 12:16:22.465536,,,,,,,,,true,,0
5943-I-MIGRATED,5943,irrigation,Company A1187E29,2026-04-28 12:16:17.224905,3717.16,3,completed,,,2026-04-28 12:16:17.224905,,,,,,,,,true,,0
5943-L-MIGRATED,5943,landscape,Company A1187E29,2026-04-28 12:16:17.224905,31.955,3,completed,,,2026-04-28 12:16:17.224905,,,,,,,,,true,,0
5944-D-MIGRATED,5944,drains,Company A1187E29,2026-04-28 12:15:29.122251,1736.01881188119,4,completed,,,2026-04-28 12:15:29.122251,,,,,,,,,true,,0
5944-I-MIGRATED,5944,irrigation,Company A1187E29,2026-04-28 12:15:29.122251,2793101.98643484,53,completed,,,2026-04-28 12:15:29.122251,,,,,,,,,true,,0
5944-L-MIGRATED,5944,landscape,Company A1187E29,2026-04-28 12:15:29.122251,956923.260888704,84,completed,,,2026-04-28 12:15:29.122251,,,,,,,,,true,,0
5945-D-MIGRATED,5945,drains,Company A1187E29,2026-04-28 12:15:05.854708,3337.62,5,completed,,,2026-04-28 12:15:05.854708,,,,,,,,,true,,0
5945-I-MIGRATED,5945,irrigation,Company A1187E29,2026-04-28 12:15:05.854708,102152.875235294,24,completed,,,2026-04-28 12:15:05.854708,,,,,,,,,true,,0
5945-L-MIGRATED,5945,landscape,Company A1187E29,2026-04-28 12:15:05.854708,616272.758553192,12,completed,,,2026-04-28 12:15:05.854708,,,,,,,,,true,,0
5946-I-MIGRATED,5946,irrigation,Company A1187E29,2026-04-28 12:14:59.874909,321,2,completed,,,2026-04-28 12:14:59.874909,,,,,,,,,true,,0
5946-L-MIGRATED,5946,landscape,Company A1187E29,2026-04-28 12:14:59.874909,240,1,completed,,,2026-04-28 12:14:59.874909,,,,,,,,,true,,0
5947-D-MIGRATED,5947,drains,Company A1187E29,2026-04-28 12:14:50.319041,228,1,completed,,,2026-04-28 12:14:50.319041,,,,,,,,,true,,0
5947-I-MIGRATED,5947,irrigation,Company A1187E29,2026-04-28 12:14:50.319041,24286.36,9,completed,,,2026-04-28 12:14:50.319041,,,,,,,,,true,,0
5947-L-MIGRATED,5947,landscape,Company A1187E29,2026-04-28 12:14:50.319041,25312.56,2,completed,,,2026-04-28 12:14:50.319041,,,,,,,,,true,,0
5948-D-MIGRATED,5948,drains,Company A1187E29,2026-04-28 12:14:27.698954,21.6,1,completed,,,2026-04-28 12:14:27.698954,,,,,,,,,true,,0
5948-I-MIGRATED,5948,irrigation,Company A1187E29,2026-04-28 12:14:27.698954,965844.441961165,14,completed,,,2026-04-28 12:14:27.698954,,,,,,,,,true,,0
5948-L-MIGRATED,5948,landscape,Company A1187E29,2026-04-28 12:14:27.698954,978036.433757116,27,completed,,,2026-04-28 12:14:27.698954,,,,,,,,,true,,0
5949-I-MIGRATED,5949,irrigation,Company A1187E29,2026-04-28 12:13:49.236771,416077.834146083,46,completed,,,2026-04-28 12:13:49.236771,,,,,,,,,true,,0
5949-L-MIGRATED,5949,landscape,Company A1187E29,2026-04-28 12:13:49.236771,37535.93,22,completed,,,2026-04-28 12:13:49.236771,,,,,,,,,true,,0
5951-D-MIGRATED,5951,drains,Company A1187E29,2026-04-28 12:13:10.407723,200.2,2,completed,,,2026-04-28 12:13:10.407723,,,,,,,,,true,,0
5951-I-MIGRATED,5951,irrigation,Company A1187E29,2026-04-28 12:13:10.407723,6025166.90779045,55,completed,,,2026-04-28 12:13:10.407723,,,,,,,,,true,,0
5951-L-MIGRATED,5951,landscape,Company A1187E29,2026-04-28 12:13:10.407723,37825.2728995399,34,completed,,,2026-04-28 12:13:10.407723,,,,,,,,,true,,0
5952-D-1,5952,drains,,2026-05-12 14:31:44.075353,0,0,in_progress,2026-08-03 00:00:00,,2026-08-03 16:49:12.450481,,,,,,yard,,,false,,0
5952-I-1,5952,irrigation,Company CFB258DA,2026-04-30 09:23:39.482095,78896.12,47,completed,,2026-04-30 09:23:39.482095,2026-04-30 10:20:11.753411,,,,,,job,,,true,,0
5952-I-2,5952,irrigation,Company 033ADA73,2026-04-30 10:35:21.866858,32,1,completed,,2026-04-30 10:35:21.866858,2026-04-30 10:35:21.978975,,,,,,job,,,true,,0
5952-I-31,5952,irrigation,Company D35E67B5,2026-05-06 14:28:29.045939,631.81897,5,completed,2026-05-06 00:00:00,2026-05-06 14:50:50.865621,2026-05-06 14:50:50.880496,,,,,,yard,,,false,,0
5952-I-32,5952,irrigation,Company D35E67B5,2026-05-07 16:01:37.382222,3616.93975,5,completed,2026-05-07 00:00:00,2026-05-07 16:33:53.834775,2026-05-07 16:33:53.844401,,,,,,yard,,,false,,0
5952-I-33,5952,irrigation,Company D35E67B5,2026-05-11 15:26:41.942149,1477.0163,3,completed,2026-05-12 00:00:00,2026-05-11 16:34:05.032403,2026-05-11 16:34:05.043792,Person 63C78BB9,555-0130,,,,job,,,false,,0
5952-I-34,5952,irrigation,Company D35E67B5,2026-05-12 15:21:05.955912,23.48875,1,completed,2026-05-12 00:00:00,2026-05-12 15:57:39.425589,2026-05-12 15:57:39.436498,,,,,,yard,,,false,,0
5952-I-35,5952,irrigation,Company D35E67B5,2026-05-15 17:15:12.6222,3103.7051,6,completed,2026-05-15 00:00:00,2026-05-15 17:35:01.456366,2026-05-15 17:35:01.46928,,,,,,yard,,,false,,0
5952-I-36,5952,irrigation,Company D35E67B5,2026-05-19 14:19:13.634233,793.155,11,completed,2026-05-19 00:00:00,2026-05-19 14:50:38.136692,2026-05-19 14:50:38.151768,Person 63C78BB9,555-0130,,,,job,,,false,,0
5952-I-37,5952,irrigation,Company D35E67B5,2026-05-27 18:11:56.378093,207.575,2,completed,2026-05-27 00:00:00,2026-05-27 20:02:27.32606,2026-05-27 20:02:27.348025,,,,,,yard,,,false,,0
5952-I-38,5952,irrigation,Company D35E67B5,2026-05-28 14:21:19.949517,2906.81475,6,completed,2026-05-28 00:00:00,2026-05-28 16:43:18.784389,2026-05-28 16:43:18.801604,Person 63C78BB9,555-0130,,,,job,,,false,,0
5952-I-39,5952,irrigation,Company D35E67B5,2026-06-02 15:44:56.855725,349.44705,8,completed,2026-06-02 00:00:00,2026-06-02 17:24:25.364137,2026-06-02 17:24:25.377803,,,,,,yard,,,false,,0
5952-I-40,5952,irrigation,Company D35E67B5,2026-06-08 15:10:35.16567,1079.575725,16,completed,2026-06-08 00:00:00,2026-06-08 16:45:23.501818,2026-06-08 16:45:23.519583,Person 63C78BB9,555-0130,,,,job,,,false,,0
5952-I-41,5952,irrigation,Company D35E67B5,2026-06-10 18:21:00.859608,1624.5475,1,completed,2026-06-10 00:00:00,2026-06-10 20:48:10.034628,2026-06-10 20:48:10.045243,,,,,,yard,,,false,,0
5952-I-42,5952,irrigation,Company D35E67B5,2026-06-12 14:58:07.288681,180.2625,1,completed,2026-06-12 00:00:00,2026-06-12 15:34:42.623535,2026-06-12 15:34:42.634782,Person C6FE02A5,,,,,yard,,,false,,0
5952-I-43,5952,irrigation,Company D35E67B5,2026-06-15 18:29:48.453848,227.48035,1,completed,2026-06-15 00:00:00,2026-06-15 22:59:58.335639,2026-06-15 22:59:58.34681,,,,,,yard,,,false,,0
5952-I-44,5952,irrigation,Company D35E67B5,2026-06-15 18:37:51.564735,5996.077,4,completed,2026-06-16 00:00:00,2026-06-15 20:10:10.009671,2026-06-15 20:10:10.023566,,,,,,yard,,,false,,0
5952-I-45,5952,irrigation,Company D35E67B5,2026-06-16 14:43:57.818707,1067.26325,3,completed,2026-06-16 00:00:00,2026-06-16 15:41:46.046527,2026-06-16 15:41:46.059313,,,,,,yard,,,false,,0
5952-I-46,5952,irrigation,Company D35E67B5,2026-06-16 15:32:04.331374,7.84415,1,completed,2026-06-17 00:00:00,2026-06-17 16:47:41.542777,2026-06-17 16:47:41.551976,,,,,,yard,,,false,,0
5952-I-47,5952,irrigation,Company D35E67B5,2026-06-17 16:47:11.49858,169.3375,2,completed,2026-06-24 00:00:00,2026-06-24 20:02:32.917382,2026-06-24 20:02:32.92898,,,,,,yard,,,false,,0
5952-I-48,5952,irrigation,Company D35E67B5,2026-06-25 18:10:57.776741,973.199,2,completed,2026-06-26 00:00:00,2026-06-25 20:04:02.855872,2026-06-25 20:04:02.867118,,,,,,job,,,false,,0
5952-I-49,5952,irrigation,Company D35E67B5,2026-06-29 15:04:29.384966,65.8122,1,completed,2026-06-29 00:00:00,2026-06-29 15:29:32.369435,2026-06-29 15:29:32.378823,,,,,,yard,,,false,,0
5952-I-50,5952,irrigation,Company D35E67B5,2026-06-30 14:53:35.231608,886.8915,1,completed,2026-06-30 00:00:00,2026-06-30 16:02:56.950701,2026-06-30 16:02:56.967918,,,,,,yard,,,false,,0
5952-I-51,5952,irrigation,Company D35E67B5,2026-06-30 17:37:04.269262,633.5626,3,completed,2026-06-30 00:00:00,2026-06-30 18:14:43.228758,2026-06-30 18:14:43.238676,,,,,,yard,,,false,,0
5952-I-52,5952,irrigation,Company D35E67B5,2026-07-01 16:15:49.765634,100.44445,2,completed,2026-07-01 00:00:00,2026-07-01 16:42:54.059249,2026-07-01 16:42:54.070166,,,,,,yard,,,false,,0
5952-I-53,5952,irrigation,Company D35E67B5,2026-07-06 14:21:59.134458,4204.693825,13,completed,2026-07-06 00:00:00,2026-07-06 16:58:27.636773,2026-07-06 16:58:27.653144,Person 63C78BB9,555-0130,,,,job,,,false,,0
5952-I-54,5952,irrigation,Company D35E67B5,2026-07-06 17:03:01.255501,280.991,3,completed,2026-07-08 00:00:00,2026-07-08 15:38:36.213764,2026-07-08 15:38:36.225423,,,,,,yard,,,false,,0
5952-I-55,5952,irrigation,Company D35E67B5,2026-07-08 15:38:02.961552,1984.65735,6,completed,2026-07-10 00:00:00,2026-07-10 15:13:52.081832,2026-07-10 15:13:52.095349,Person 63C78BB9,555-0130,,,,job,,,false,,0
5952-I-56,5952,irrigation,Company D35E67B5,2026-07-14 14:25:20.142591,86.3075,1,completed,2026-07-14 00:00:00,2026-07-14 14:26:17.095234,2026-07-14 14:26:17.104347,Person 63C78BB9,,,,,will_call,,,false,,0
5952-I-57,5952,irrigation,Company D35E67B5,2026-07-17 14:49:31.067007,57.26885,1,completed,2026-07-20 00:00:00,2026-07-22 19:59:47.131163,2026-07-22 19:59:47.140947,,,,,,yard,,,false,,0
5952-I-58,5952,irrigation,Company D35E67B5,2026-07-21 14:52:25.281232,479.826,1,completed,2026-07-21 00:00:00,2026-07-21 15:12:09.958063,2026-07-21 15:12:09.967469,,,,,,yard,,,false,,0
5952-I-59,5952,irrigation,Company D35E67B5,2026-07-22 15:12:51.260046,117.31265,3,completed,2026-07-22 00:00:00,2026-07-22 15:58:02.810071,2026-07-22 15:58:02.820533,,,,,,yard,,,false,,0
5952-I-60,5952,irrigation,Company D35E67B5,2026-08-03 15:20:45.619057,101.14365,2,completed,2026-08-03 00:00:00,2026-08-03 16:19:15.368954,2026-08-03 16:19:15.379664,,,,,,yard,,,false,,0
5952-I-61,5952,irrigation,Company D35E67B5,2026-08-03 16:48:33.241768,52.057625,1,completed,2026-08-05 00:00:00,2026-08-05 18:18:54.621203,2026-08-05 18:18:54.63601,,,,,,yard,,,false,,0
5952-I-62,5952,irrigation,Company D35E67B5,2026-08-06 15:05:38.765024,280.7725,5,completed,2026-08-06 00:00:00,2026-08-06 15:25:11.296079,2026-08-06 15:25:11.309428,,,,,,yard,,,false,,0
5952-I-63,5952,irrigation,Company D35E67B5,2026-08-10 15:05:29.221305,132.1925,2,completed,2026-08-11 00:00:00,2026-08-10 15:36:11.569915,2026-08-10 15:36:11.583116,,,,,,yard,,,false,,0
5952-I-64,5952,irrigation,Company D35E67B5,2026-08-17 14:44:27.951879,113.4015,1,completed,2026-08-17 00:00:00,2026-08-20 20:12:11.423851,2026-08-20 20:12:11.434111,Person C6FE02A5,,,,,yard,,,false,,0
5952-I-65,5952,irrigation,Company D35E67B5,2026-08-24 15:01:22.336386,2366.24575,1,completed,2026-08-26 00:00:00,2026-08-26 15:28:11.76327,2026-08-26 15:28:11.775553,,,,,,yard,,,false,,0
5952-I-66,5952,irrigation,Company D35E67B5,2026-08-27 21:06:09.200868,183.376125,2,completed,2026-08-27 00:00:00,2026-08-27 22:01:19.795302,2026-08-27 22:01:19.80793,,,,,,will_call,,,false,,0
5952-I-67,5952,irrigation,Company D35E67B5,2026-08-31 14:49:31.147291,237.291,3,completed,2026-09-01 00:00:00,2026-09-01 14:16:40.250973,2026-09-01 14:16:40.262395,,,,,,yard,,,false,,0
5952-I-68,5952,irrigation,Company D35E67B5,2026-09-09 16:53:43.591589,75.601,1,completed,2026-09-09 00:00:00,2026-09-09 17:27:57.278206,2026-09-09 17:27:57.30502,,,,,,yard,,,false,,0
5952-I-MIGRATED,5952,irrigation,Company A1187E29,2026-04-28 12:12:32.742642,1999694.17,12,completed,,,2026-04-28 12:12:32.742642,,,,,,,,,true,,0
5952-L-100,5952,landscape,Company D35E67B5,2026-08-04 14:54:38.331177,242.174475,1,completed,2026-08-04 00:00:00,2026-08-07 19:06:19.417298,2026-08-07 19:06:19.435389,Person 3BF1106A,555-0198,,,,job,,,false,,0
5952-L-101,5952,landscape,Company 724579F1,2026-08-04 21:28:48.208014,1168.85,4,completed,2026-08-10 00:00:00,2026-08-12 21:22:43.466074,2026-08-12 21:22:43.479728,Person C55E2A59,555-0198,,,,yard,,,false,,0
5952-L-102,5952,landscape,Company FA7B954D,2026-08-04 21:28:48.208014,1616.9,1,completed,2026-08-13 00:00:00,2026-08-07 15:39:06.104864,2026-08-07 15:39:06.111533,Person C55E2A59,555-0198,,,,job,,,false,,0
5952-L-103,5952,landscape,Company 725B3DA8,2026-08-07 16:10:18.175072,284.05,1,completed,2026-08-10 00:00:00,2026-08-10 13:52:41.610128,2026-08-10 13:52:41.630345,,,,,,will_call,,,false,,0
5952-L-104,5952,landscape,Company 724579F1,2026-08-20 16:10:00.444899,1048.8,1,completed,2026-08-21 00:00:00,2026-08-27 13:14:48.695584,2026-08-27 13:14:48.750034,Person 847C86C2,555-0128,,,,yard,,,false,,0
5952-L-105,5952,landscape,Company 2F610CBC,2026-08-20 16:33:55.115415,201.457,1,completed,2026-08-20 00:00:00,2026-08-20 16:43:58.94402,2026-08-20 16:43:58.952554,Person 9044842F,,,,,yard,,,false,,0
5952-L-106,5952,landscape,Company 85C03ADA,2026-08-20 18:57:35.044295,34.63225,1,completed,2026-08-24 00:00:00,2026-08-21 16:41:52.467487,2026-08-21 16:41:52.478012,,,,,,yard,,,false,,0
5952-L-107,5952,landscape,Company B47AEED3,2026-08-21 16:58:47.143798,2961.7675,7,completed,2026-08-24 00:00:00,2026-08-21 17:04:25.986549,2026-08-21 17:04:25.99856,Person 9E0180CA,555-0198,,,,job,,,false,,0
5952-L-108,5952,landscape,Company D35E67B5,2026-08-24 13:32:18.221042,200.47375,1,completed,2026-08-25 00:00:00,2026-08-24 17:05:55.596919,2026-08-24 17:05:55.609199,,,,,,job,,,false,,0
5952-L-109,5952,landscape,Company D35E67B5,2026-08-24 16:57:24.587232,1638.75,1,completed,2026-08-25 00:00:00,2026-08-24 16:59:20.236017,2026-08-24 16:59:20.24616,Person 9044842F,,,,,yard,,,false,,0
5952-L-110,5952,landscape,Company BE2FE163,2026-08-25 14:30:36.184018,103.077375,2,completed,2026-08-26 00:00:00,2026-08-25 18:26:28.685636,2026-08-25 18:26:28.695872,,,,,,will_call,,,false,,0
5952-L-111,5952,landscape,Company F6DB773A,2026-08-25 20:53:37.993491,618.90125,5,completed,2026-08-26 00:00:00,2026-09-10 15:56:49.378763,2026-09-10 15:56:49.392266,Person 9E0180CA,555-0198,,,,will_call,,,false,,0
5952-L-112,5952,landscape,Company F66D8559,2026-08-25 20:53:37.993491,88.4925,1,completed,2026-08-26 00:00:00,2026-08-25 21:24:02.227591,2026-08-25 21:24:02.233773,Person 9E0180CA,555-0198,,,,will_call,,,false,,0
5952-L-113,5952,landscape,Company DE14B8EC,2026-08-25 20:53:37.993491,20.484375,1,completed,2026-08-26 00:00:00,2026-08-25 21:24:02.268068,2026-08-25 21:24:02.279733,Person 9E0180CA,555-0198,,,,will_call,,,false,,0
5952-L-114,5952,landscape,Company 7FC335AE,2026-08-25 22:17:36.470402,1229.0625,1,completed,2026-08-31 00:00:00,2026-08-28 14:33:51.603463,2026-08-28 14:33:51.616001,Person 9E0180CA,555-0198,,,,job,,,false,,0
5952-L-115,5952,landscape,Company 02A7AFB7,2026-08-25 22:17:36.470402,5120.875,2,deleted,2026-08-31 00:00:00,2026-08-28 14:36:52.008098,2026-08-28 15:52:57.311314,Person 9E0180CA,555-0198,,,2026-08-28 15:52:57.305729,job,,,false,,0
5952-L-116,5952,landscape,Company 85C03ADA,2026-08-28 15:53:03.261988,5752.0125,1,completed,2026-08-31 00:00:00,2026-08-28 15:54:03.957555,2026-08-28 15:54:03.96421,Person 9E0180CA,555-0198,,,,job,,,false,,0
5952-L-117,5952,landscape,Company AAD1B916,2026-08-28 16:41:20.160954,218.773125,1,completed,2026-08-29 00:00:00,2026-08-28 16:44:20.210154,2026-08-28 16:44:20.219225,,,,,,will_call,,,false,,0
5952-L-118,5952,landscape,Company 85C03ADA,2026-09-02 17:48:10.735084,1367.5915,5,completed,2026-09-04 00:00:00,2026-09-03 18:33:01.991173,2026-09-03 18:33:02.002335,Person 9E0180CA,555-0198,,,,job,,,false,,0
5952-L-119,5952,landscape,Company 724579F1,2026-09-03 17:32:18.234231,349.6,1,completed,2026-09-08 00:00:00,2026-09-04 17:14:42.442919,2026-09-04 17:14:42.450935,Person C55E2A59,,,,,yard,,,false,,0
5952-L-120,5952,landscape,Company 725B3DA8,2026-09-08 18:57:25.964302,284.05,1,completed,2026-09-10 00:00:00,2026-09-10 14:21:24.313203,2026-09-10 14:21:24.323952,,,,,,will_call,,,false,,0
5952-L-121,5952,landscape,,2026-09-15 21:02:51.208454,0,0,in_progress,,,2026-09-15 21:02:51.20894,,,,,,job,,,false,,0
5952-L-2,5952,landscape,Company CFB258DA,2026-04-30 09:23:46.787871,88362.56,61,completed,,2026-04-30 09:23:46.787871,2026-04-30 10:20:19.456339,,,,,,job,,,true,,0
5952-L-21,5952,landscape,Company F66D8559,2026-06-11 16:37:20.425539,2977.0625,1,completed,2026-06-16 00:00:00,2026-06-11 16:38:46.576107,2026-06-11 16:38:46.585176,Person 9E0180CA,555-0198,,,,job,,,false,,0
5952-L-3,5952,landscape,Company 033ADA73,2026-04-30 10:35:22.515484,0,0,completed,,2026-04-30 10:35:22.515484,2026-04-30 10:35:22.544871,,,,,,job,,,true,,0
5952-L-50,5952,landscape,Company 724579F1,2026-04-28 15:00:17.288962,2097.6,2,completed,2026-05-01 00:00:00,2026-08-20 18:58:40.090152,2026-08-20 18:58:40.100287,Person 9044842F,,,,,yard,,,false,,0
5952-L-51,5952,landscape,Company F5E37F78,2026-04-30 16:42:39.210793,196.65,1,completed,2026-05-04 00:00:00,2026-05-01 14:21:36.492915,2026-05-01 14:21:36.519778,Person 9044842F,,,,,will_call,,,false,,0
5952-L-52,5952,landscape,Company B47AEED3,2026-04-30 16:42:39.210793,407.39325,1,completed,2026-05-04 00:00:00,2026-05-08 14:50:13.051164,2026-05-08 14:50:13.061721,Person 9044842F,,,,,will_call,,,false,,0
5952-L-53,5952,landscape,Company B47AEED3,2026-05-08 17:30:18.881203,1491.80875,7,completed,2026-05-12 00:00:00,2026-05-08 17:52:33.011882,2026-05-08 17:52:33.025927,Person 9E0180CA,555-0198,,,,job,,,false,,0
5952-L-54,5952,landscape,Company F6DB773A,2026-05-08 17:30:18.881203,797.7435,5,completed,2026-05-12 00:00:00,2026-05-08 17:52:33.079924,2026-05-08 17:52:33.087949,Person 9E0180CA,555-0198,,,,job,,,false,,0
5952-L-55,5952,landscape,Company 85C03ADA,2026-05-08 17:30:18.881203,1417.73725,5,completed,2026-05-12 00:00:00,2026-05-08 17:52:33.13271,2026-05-08 17:52:33.14142,Person 9E0180CA,555-0198,,,,job,,,false,,0
5952-L-56,5952,landscape,Company 7FC335AE,2026-05-08 17:30:18.881203,196.65,1,completed,2026-05-12 00:00:00,2026-05-08 17:52:33.188462,2026-05-08 17:52:33.194713,Person 9E0180CA,555-0198,,,,job,,,false,,0
5952-L-57,5952,landscape,Company D35E67B5,2026-05-12 14:30:47.787723,156.883,1,completed,2026-05-12 00:00:00,2026-05-12 15:58:39.049792,2026-05-12 15:58:39.064245,Person 4E789DCD,555-0109,,,,job,,,false,,0
5952-L-58,5952,landscape,Company F6DB773A,2026-05-15 15:03:21.639716,468.955625,3,completed,2026-05-18 00:00:00,2026-05-15 18:39:39.89535,2026-05-15 18:39:39.905416,Person 9E0180CA,555-0188,,,,will_call,,,false,,0
5952-L-59,5952,landscape,Company F66D8559,2026-05-15 15:03:21.639716,388.656875,2,completed,2026-05-18 00:00:00,2026-05-19 16:37:39.048953,2026-05-19 16:37:39.057921,Person 9E0180CA,555-0188,,,,yard,,,false,,0
5952-L-60,5952,landscape,Company 724579F1,2026-05-18 21:26:24.498062,2185,1,completed,2026-05-19 00:00:00,2026-05-18 21:26:49.134943,2026-05-18 21:26:49.146121,Person 9044842F,555-0176,,,,yard,,,false,,0
5952-L-61,5952,landscape,Company B47AEED3,2026-05-18 23:24:01.889147,1289.095375,5,completed,2026-05-19 00:00:00,2026-05-18 23:27:00.576233,2026-05-18 23:27:00.588621,Person C55E2A59,555-0198,,,,job,,,false,,0
5952-L-62,5952,landscape,Company 724579F1,2026-05-19 16:57:07.496463,3512.3875,3,completed,2026-05-20 00:00:00,2026-05-28 13:51:16.779738,2026-05-28 13:51:16.804663,Person FAB920E7,555-0128,,,,yard,,,false,,0
5952-L-63,5952,landscape,Company BE2FE163,2026-05-19 17:59:17.989138,340.86,2,deleted,2026-05-22 00:00:00,2026-05-19 18:03:57.760493,2026-05-21 16:45:51.267682,Person 9E0180CA,,,,2026-05-21 16:45:51.255821,will_call,,,false,,0
5952-L-64,5952,landscape,Company B1347A9D,2026-05-21 16:28:31.711156,349.6,2,completed,2026-05-22 00:00:00,2026-05-21 16:45:35.32854,2026-05-21 16:45:35.344459,Person 9E0180CA,555-0198,,,,will_call,,,false,,0
5952-L-65,5952,landscape,Company 725B3DA8,2026-06-01 13:47:04.125286,284.05,1,completed,2026-06-01 00:00:00,2026-06-01 13:47:17.354974,2026-06-01 13:47:17.366091,,,,,,will_call,,,false,,0
5952-L-66,5952,landscape,Company 85C03ADA,2026-06-01 15:36:47.673432,6407.5125,5,completed,2026-06-02 00:00:00,2026-06-01 16:37:52.920298,2026-06-01 16:37:52.936816,Person 1CAC5ACA,555-0153,,,,job,,,false,,0
5952-L-67,5952,landscape,Company 5513C1E9,2026-06-01 15:36:47.673432,3277.5,1,completed,2026-06-02 00:00:00,2026-06-01 15:40:22.582967,2026-06-01 15:40:22.592878,Person 1CAC5ACA,555-0153,,,,job,,,false,,0
5952-L-68,5952,landscape,Company 85C03ADA,2026-06-03 16:57:03.400808,1769.85,1,deleted,2026-06-05 00:00:00,2026-06-03 16:59:19.880705,2026-06-03 18:44:41.017519,Person C6FE02A5,555-0153,,,2026-06-03 18:44:41.01345,job,,,false,,0
5952-L-69,5952,landscape,Company 724579F1,2026-06-03 17:23:18.574343,6410.79,2,completed,2026-06-04 00:00:00,2026-06-03 17:25:07.039457,2026-06-03 17:25:07.053397,Person 9044842F,,,,,yard,,,false,,0
5952-L-70,5952,landscape,Company 2F610CBC,2026-06-03 18:45:07.1487,616.17,1,completed,2026-06-04 00:00:00,2026-06-04 13:56:13.148212,2026-06-04 13:56:13.164037,Person 9E0180CA,555-0198,,,,job,,,false,,0
5952-L-71,5952,landscape,Company 520BDD44,2026-06-04 15:58:20.266154,2249.425,5,completed,2026-06-10 00:00:00,2026-06-10 15:06:52.412936,2026-06-10 15:06:52.424648,Person C6FE02A5,555-0153,,,,job,,,false,,0
5952-L-72,5952,landscape,Company 85C03ADA,2026-06-11 16:35:33.422416,884.925,1,completed,2026-06-12 00:00:00,2026-06-11 16:37:02.444543,2026-06-11 16:37:02.455686,Person 9E0180CA,555-0198,,,,job,,,false,,0
5952-L-73,5952,landscape,Company 99AC62BC,2026-06-11 16:54:12.612937,803.260625,2,completed,2026-06-17 00:00:00,2026-06-12 18:22:35.524106,2026-06-12 18:22:35.535337,Person 9E0180CA,555-0198,,,,job,,,false,,0
5952-L-74,5952,landscape,Company B47AEED3,2026-06-11 16:54:12.612937,3446.619,6,completed,2026-06-16 00:00:00,2026-07-06 15:05:39.493132,2026-07-06 15:05:39.5052,Person 9E0180CA,555-0198,,,,job,,,false,,0
5952-L-75,5952,landscape,Company F6DB773A,2026-06-11 16:54:12.612937,4038.5355,8,completed,2026-06-16 00:00:00,2026-06-15 17:56:10.602601,2026-06-15 17:56:10.617638,Person 9E0180CA,555-0198,,,,job,,,false,,0
5952-L-76,5952,landscape,Company 7FC335AE,2026-06-11 16:54:12.612937,600.875,1,completed,2026-06-16 00:00:00,2026-06-15 17:57:17.020491,2026-06-15 17:57:17.030499,Person 9E0180CA,555-0198,,,,job,,,false,,0
5952-L-77,5952,landscape,Company 85C03ADA,2026-06-11 16:54:12.612937,1026.40375,2,completed,2026-06-16 00:00:00,2026-06-12 18:22:35.745102,2026-06-12 18:22:35.751756,Person 9E0180CA,555-0198,,,,job,,,false,,0
5952-L-78,5952,landscape,Company B47AEED3,2026-06-18 15:42:36.07397,2066.3982,10,completed,2026-06-22 00:00:00,2026-06-19 14:05:20.316688,2026-06-19 14:05:20.331841,Person 9E0180CA,555-0198,,,,job,,,false,,0
5952-L-79,5952,landscape,Company F6DB773A,2026-06-18 15:42:36.07397,1336.1275,8,completed,2026-06-22 00:00:00,2026-06-19 14:07:12.286386,2026-06-19 14:07:12.300654,Person 9E0180CA,555-0198,,,,job,,,false,,0
5952-L-80,5952,landscape,Company 5B209B4F,2026-06-19 20:52:30.389668,903,4,completed,2026-07-10 00:00:00,2026-06-19 20:58:00.369584,2026-06-19 20:58:00.385949,Person FAB920E7,555-0128,,,,yard,,,false,,0
5952-L-81,5952,landscape,Company 724579F1,2026-06-22 15:04:43.288027,3987.6025,2,completed,2026-06-25 00:00:00,2026-08-07 16:11:00.113987,2026-08-07 16:11:00.12672,Person 4E789DCD,555-0176,,,,job,,,false,,0
5952-L-82,5952,landscape,Company D35E67B5,2026-06-22 15:04:43.288027,1136.2,1,completed,2026-06-22 00:00:00,2026-06-22 15:09:26.508858,2026-06-22 15:09:26.514068,Person 4E789DCD,555-0176,,,,yard,,,false,,0
5952-L-83,5952,landscape,Company 2F610CBC,2026-06-22 15:12:44.412384,749.892,1,completed,2026-06-23 00:00:00,2026-06-22 15:13:31.725553,2026-06-22 15:13:31.737173,Person 4E789DCD,,,,,yard,,,false,,0
5952-L-84,5952,landscape,Company D35E67B5,2026-06-23 15:02:02.603667,573.5625,1,completed,2026-06-23 00:00:00,2026-06-23 15:02:49.822792,2026-06-23 15:02:49.834267,Person 9E0180CA,555-0198,,,,job,,,false,,0
5952-L-85,5952,landscape,Company 724579F1,2026-06-25 18:10:40.020993,4918.975,4,completed,2026-07-02 00:00:00,2026-07-01 17:53:08.334026,2026-07-01 17:53:08.346751,Person 847C86C2,555-0128,,,,yard,,,false,,0
5952-L-86,5952,landscape,Company EB07253F,2026-06-25 18:10:40.020993,1090,2,completed,2026-07-09 00:00:00,2026-07-02 17:27:41.692537,2026-07-02 17:27:41.702768,Person 847C86C2,555-0128,,,,job,,,false,,0
5952-L-87,5952,landscape,Company 85C03ADA,2026-07-01 16:15:34.592009,11755.3,6,completed,2026-07-09 00:00:00,2026-07-02 17:17:04.371074,2026-07-02 17:17:04.382857,Person C55E2A59,555-0198,,,,job,,,false,,0
5952-L-88,5952,landscape,Company 5513C1E9,2026-07-01 16:15:34.592009,5735.625,1,completed,2026-07-09 00:00:00,2026-07-01 20:54:47.254781,2026-07-01 20:54:47.26475,Person C55E2A59,555-0198,,,,job,,,false,,0
5952-L-89,5952,landscape,Company 7FC335AE,2026-07-02 17:18:30.94469,1687.9125,2,completed,2026-07-09 00:00:00,2026-07-02 17:19:55.575275,2026-07-02 17:19:55.585498,Person C55E2A59,555-0198,,,,job,,,false,,0
5952-L-90,5952,landscape,Company FA7B954D,2026-07-06 15:04:59.185939,1131.83,1,completed,2026-07-14 00:00:00,2026-07-13 13:31:14.034217,2026-07-13 13:31:14.050832,Person C55E2A59,555-0198,,,,job,,,false,,0
5952-L-91,5952,landscape,Company 725B3DA8,2026-07-09 14:14:50.577432,142.025,1,completed,2026-07-09 00:00:00,2026-07-20 20:02:26.264441,2026-07-20 20:02:26.274572,,,,,,will_call,,,false,,0
5952-L-92,5952,landscape,Company DE14B8EC,2026-07-09 17:09:56.195097,212.70975,3,completed,2026-07-16 00:00:00,2026-07-15 17:22:45.05205,2026-07-15 17:22:45.062961,Person 9E0180CA,,,,,will_call,,,false,,0
5952-L-93,5952,landscape,Company D35E67B5,2026-07-17 14:50:00.870145,160.379,1,completed,2026-07-17 00:00:00,2026-07-17 15:18:30.062416,2026-07-17 15:18:30.072677,Person C55E2A59,555-0120,,,,job,,,false,,0
5952-L-94,5952,landscape,Company 85C03ADA,2026-07-20 20:03:27.028503,1093.1555,4,completed,2026-07-28 00:00:00,2026-07-23 18:52:35.539073,2026-07-23 18:52:35.550255,Person 9E0180CA,555-0198,,,,job,,,false,,0
5952-L-95,5952,landscape,Company B1347A9D,2026-07-20 20:03:27.028503,1470.7235,3,completed,2026-07-28 00:00:00,2026-07-27 17:12:25.19122,2026-07-27 17:12:25.203561,Person 9E0180CA,555-0198,,,,job,,,false,,0
5952-L-96,5952,landscape,Company F6DB773A,2026-07-20 20:03:27.028503,3213.80725,11,completed,2026-07-28 00:00:00,2026-07-27 17:07:17.740676,2026-07-27 17:07:17.756776,Person 9E0180CA,555-0198,,,,job,,,false,,0
5952-L-97,5952,landscape,Company 99AC62BC,2026-07-20 20:03:27.028503,393.3,1,completed,2026-07-28 00:00:00,2026-07-23 18:54:06.853322,2026-07-23 18:54:06.863573,Person 9E0180CA,555-0198,,,,will_call,,,false,,0
5952-L-98,5952,landscape,Company B47AEED3,2026-07-20 20:03:27.028503,1788.914125,5,completed,2026-07-28 00:00:00,2026-07-27 17:08:01.841195,2026-07-27 17:08:01.856417,Person 9E0180CA,555-0198,,,,job,,,false,,0
5952-L-99,5952,landscape,Company F6DB773A,2026-07-29 17:02:40.696558,122.633125,2,completed,2026-07-30 00:00:00,2026-07-29 17:03:44.417909,2026-07-29 17:03:44.426867,Person C2C1EFBB,,,,,yard,,,false,,0
5952-L-MIGRATED,5952,landscape,Company A1187E29,2026-04-28 12:12:32.742642,7557318.95244444,15,completed,,,2026-04-28 12:12:32.742642,,,,,,,,,true,,0
5952-S-1,5952,subcontract,,2026-09-02 17:48:15.140555,0,0,in_progress,,,2026-09-02 17:48:15.141174,,,,,,job,,,false,,0
5952-S-MIGRATED,5952,subcontract,Company A1187E29,2026-04-28 12:12:32.742642,6000,1,completed,,,2026-04-28 12:12:32.742642,,,,,,,,,true,,0
5953-I-MIGRATED,5953,irrigation,Company A1187E29,2026-04-28 12:12:07.753761,3597898.00082217,45,completed,,,2026-04-28 12:12:07.753761,,,,,,,,,true,,0
5953-L-MIGRATED,5953,landscape,Company A1187E29,2026-04-28 12:12:07.753761,7116259.76,29,completed,,,2026-04-28 12:12:07.753761,,,,,,,,,true,,0
5954-D-MIGRATED,5954,drains,Company A1187E29,2026-04-28 12:11:54.019838,432,1,completed,,,2026-04-28 12:11:54.019838,,,,,,,,,true,,0
5954-I-MIGRATED,5954,irrigation,Company A1187E29,2026-04-28 12:11:54.019838,272794.333333333,8,completed,,,2026-04-28 12:11:54.019838,,,,,,,,,true,,0
5954-L-MIGRATED,5954,landscape,Company A1187E29,2026-04-28 12:11:54.019838,12346.8,11,completed,,,2026-04-28 12:11:54.019838,,,,,,,,,true,,0
5955-D-MIGRATED,5955,drains,Company A1187E29,2026-04-28 12:11:28.664333,990.4,3,completed,,,2026-04-28 12:11:28.664333,,,,,,,,,true,,0
5955-I-MIGRATED,5955,irrigation,Company A1187E29,2026-04-28 12:11:28.664333,7175.35172926137,29,completed,,,2026-04-28 12:11:28.664333,,,,,,,,,true,,0
5955-L-MIGRATED,5955,landscape,Company A1187E29,2026-04-28 12:11:28.664333,188790.261014493,30,completed,,,2026-04-28 12:11:28.664333,,,,,,,,,true,,0
5956-D-MIGRATED,5956,drains,Company A1187E29,2026-04-28 12:11:08.858029,140.4,1,completed,,,2026-04-28 12:11:08.858029,,,,,,,,,true,,0
5956-I-MIGRATED,5956,irrigation,Company A1187E29,2026-04-28 12:11:08.858029,251686.474579397,20,completed,,,2026-04-28 12:11:08.858029,,,,,,,,,true,,0
5956-L-MIGRATED,5956,landscape,Company A1187E29,2026-04-28 12:11:08.858029,436230.36,15,completed,,,2026-04-28 12:11:08.858029,,,,,,,,,true,,0
5956-S-MIGRATED,5956,subcontract,Company A1187E29,2026-04-28 12:11:08.858029,1165,1,completed,,,2026-04-28 12:11:08.858029,,,,,,,,,true,,0
5957-D-MIGRATED,5957,drains,Company A1187E29,2026-04-28 12:10:52.699793,300.8,3,completed,,,2026-04-28 12:10:52.699793,,,,,,,,,true,,0
5957-I-MIGRATED,5957,irrigation,Company A1187E29,2026-04-28 12:10:52.699793,2638.4025,16,completed,,,2026-04-28 12:10:52.699793,,,,,,,,,true,,0
5957-L-MIGRATED,5957,landscape,Company A1187E29,2026-04-28 12:10:52.699793,3195.88666666667,16,completed,,,2026-04-28 12:10:52.699793,,,,,,,,,true,,0
5958-D-1,5958,drains,Company CFB258DA,2026-04-30 09:23:51.491989,27710.75,7,completed,,2026-04-30 09:23:51.491989,2026-04-30 10:20:21.58208,,,,,,job,,,true,,0
5958-D-2,5958,drains,,2026-07-10 16:29:57.471433,0,0,in_progress,,,2026-07-10 16:29:57.472015,,,,,,job,,,false,,0
5958-D-MIGRATED,5958,drains,Company A1187E29,2026-04-28 12:10:48.84001,224,1,completed,,,2026-04-28 12:10:48.84001,,,,,,,,,true,,0
5958-I-1,5958,irrigation,,2026-07-10 16:30:06.647455,0,0,in_progress,,,2026-07-10 16:30:06.648033,,,,,,job,,,false,,0
5959-I-MIGRATED,5959,irrigation,Company A1187E29,2026-04-28 12:10:36.79463,228461.25,2,completed,,,2026-04-28 12:10:36.79463,,,,,,,,,true,,0
5959-L-MIGRATED,5959,landscape,Company A1187E29,2026-04-28 12:10:36.79463,3776.5,9,completed,,,2026-04-28 12:10:36.79463,,,,,,,,,true,,0
5961-D-MIGRATED,5961,drains,Company A1187E29,2026-04-28 12:10:26.078085,268.8,1,completed,,,2026-04-28 12:10:26.078085,,,,,,,,,true,,0
5961-I-MIGRATED,5961,irrigation,Company A1187E29,2026-04-28 12:10:26.078085,88902.9,4,completed,,,2026-04-28 12:10:26.078085,,,,,,,,,true,,0
5961-L-MIGRATED,5961,landscape,Company A1187E29,2026-04-28 12:10:26.078085,48,2,completed,,,2026-04-28 12:10:26.078085,,,,,,,,,true,,0
5962-I-MIGRATED,5962,irrigation,Company A1187E29,2026-04-28 12:10:16.187815,1012227.31944444,9,completed,,,2026-04-28 12:10:16.187815,,,,,,,,,true,,0
5962-L-MIGRATED,5962,landscape,Company A1187E29,2026-04-28 12:10:16.187815,799.68,5,completed,,,2026-04-28 12:10:16.187815,,,,,,,,,true,,0
5963-D-MIGRATED,5963,drains,Company A1187E29,2026-04-28 12:09:48.835278,1622.79,4,completed,,,2026-04-28 12:09:48.835278,,,,,,,,,true,,0
5963-I-MIGRATED,5963,irrigation,Company A1187E29,2026-04-28 12:09:48.835278,1152004.68844654,35,completed,,,2026-04-28 12:09:48.835278,,,,,,,,,true,,0
5963-L-MIGRATED,5963,landscape,Company A1187E29,2026-04-28 12:09:48.835278,21413.1374536956,30,completed,,,2026-04-28 12:09:48.835278,,,,,,,,,true,,0
5964-D-1,5964,drains,Company C82B1E5C,2026-02-10 21:25:13.441951,3487.64184995,12,completed,2026-02-11 00:00:00,2026-03-10 18:33:24.708913,2026-03-10 18:33:24.724237,Person A2D24D47,555-0120,,,,job,,,false,,0
5964-D-10,5964,drains,Company D35E67B5,2026-06-16 14:40:21.049596,0.032325,1,completed,2026-06-24 00:00:00,2026-07-09 20:47:20.193853,2026-07-09 20:47:20.205431,Person 4E789DCD,555-0109,,,,will_call,,,false,,0
5964-D-11,5964,drains,Company C82B1E5C,2026-06-24 18:14:49.118397,4691.899187,2,completed,2026-06-25 00:00:00,2026-07-06 14:49:22.419038,2026-07-06 14:49:22.430929,,,,,,yard,,,false,,0
5964-D-12,5964,drains,Company D35E67B5,2026-06-26 21:05:36.197675,848.464445,4,completed,2026-06-30 00:00:00,2026-06-30 18:11:17.042764,2026-06-30 18:11:17.056047,,,,,,yard,,,false,,0
5964-D-13,5964,drains,Company C82B1E5C,2026-07-01 14:53:17.541393,237.05,1,completed,2026-07-02 00:00:00,2026-07-01 14:55:57.532404,2026-07-01 14:55:57.543554,Person 4E789DCD,555-0109,,,,will_call,,,false,,0
5964-D-14,5964,drains,Company C82B1E5C,2026-07-07 21:57:02.500769,11362.565922,7,completed,2026-07-07 00:00:00,2026-07-14 18:13:19.134861,2026-07-14 18:13:19.162636,,,,,,yard,,,false,,0
5964-D-15,5964,drains,Company D35E67B5,2026-07-08 17:01:08.9378,1616.25,1,completed,2026-07-09 00:00:00,2026-07-10 14:04:54.732717,2026-07-10 14:04:54.744242,,,,,,yard,,,false,,0
5964-D-16,5964,drains,Company C82B1E5C,2026-07-13 16:57:39.054527,820.02491,2,completed,2026-07-13 00:00:00,2026-07-13 20:32:44.556021,2026-07-13 20:32:44.568305,,,,,,yard,,,false,,0
5964-D-17,5964,drains,Company C82B1E5C,2026-07-13 22:59:19.252105,0.010775,1,completed,2026-07-31 00:00:00,2026-07-31 16:32:17.353282,2026-07-31 16:32:17.364114,,,,,,yard,,,false,,0
5964-D-18,5964,drains,Company C82B1E5C,2026-08-05 14:07:50.564227,1640.47381625,2,deleted,2026-08-05 00:00:00,2026-08-05 14:12:12.92969,2026-08-21 22:42:43.870516,,,,,2026-08-21 22:42:43.863336,yard,,,false,,0
5964-D-19,5964,drains,Company D35E67B5,2026-08-19 22:11:14.402556,825.750745,4,completed,2026-08-28 00:00:00,2026-08-28 18:47:41.406979,2026-08-28 18:47:41.426076,Person 4E789DCD,555-0109,,,,will_call,,,false,,0
5964-D-2,5964,drains,Company C82B1E5C,2026-02-19 18:20:06.916466,24585.47697,5,completed,2026-02-20 00:00:00,2026-02-19 18:22:52.225109,2026-02-19 18:22:52.262264,,,,,,yard,,,false,,0
5964-D-20,5964,drains,Company D35E67B5,2026-08-31 14:14:30.665042,11665.133525,3,completed,2026-08-31 00:00:00,2026-09-02 18:55:59.426656,2026-09-02 18:55:59.441227,Person 0E8B09AE,555-0185,,,,job,,,false,,0
5964-D-21,5964,drains,Company 5661A390,2026-08-31 21:06:25.787237,3070.875,1,completed,2026-09-03 00:00:00,2026-08-31 21:17:00.113259,2026-08-31 21:17:00.122017,Person 33B0216B,555-0107,,,,job,,,false,,0
5964-D-22,5964,drains,Company D8508194,2026-08-31 22:01:55.603376,13.792,2,completed,2026-09-01 00:00:00,2026-09-09 22:53:12.304506,2026-09-09 22:53:12.323753,,,,,,will_call,,,false,,0
5964-D-23,5964,drains,Company D35E67B5,2026-09-01 15:26:02.037307,358.71268,1,completed,2026-09-01 00:00:00,2026-09-04 19:03:34.749039,2026-09-04 19:03:34.759531,Person 0E8B09AE,555-0185,,,,job,,,false,,0
5964-D-24,5964,drains,Company D35E67B5,2026-09-02 00:02:16.378265,317.10825,2,completed,2026-09-03 00:00:00,2026-09-04 18:37:17.281169,2026-09-04 18:37:17.291481,Person 63C78BB9,555-0130,,,,will_call,,,false,,0
5964-D-25,5964,drains,Company D35E67B5,2026-09-03 17:45:08.184882,788.88947,4,completed,2026-09-03 00:00:00,2026-09-03 20:10:33.676666,2026-09-03 20:10:33.687055,Person 4E789DCD,,,,,will_call,,,false,,0
5964-D-26,5964,drains,Company C82B1E5C,2026-09-03 20:06:20.259286,757.13845425,2,completed,2026-09-05 00:00:00,2026-09-04 16:09:38.97198,2026-09-04 16:09:38.980926,,,,,,yard,,,false,,0
5964-D-27,5964,drains,Company D35E67B5,2026-09-04 17:17:44.218167,336.0507,1,deleted,2026-09-08 00:00:00,2026-09-08 14:57:47.403298,2026-09-08 15:05:52.328208,Person 7260BABF,,,,2026-09-08 15:05:52.324795,will_call,,,false,,0
5964-D-28,5964,drains,Company C82B1E5C,2026-09-08 15:28:51.082895,3669.32442625,2,completed,2026-09-08 00:00:00,2026-09-08 18:19:55.866968,2026-09-08 18:19:55.876705,Person 7260BABF,,,,,will_call,,,false,,0
5964-D-3,5964,drains,Company C82B1E5C,2026-03-18 18:04:40.266689,1630.93819985,4,completed,2026-03-19 00:00:00,2026-03-18 20:22:02.551344,2026-03-18 20:22:02.569984,Person A2D24D47,555-0120,,,,job,,,false,,0
5964-D-4,5964,drains,Company 2F610CBC,2026-03-31 17:22:02.508421,787.9811375,3,completed,2026-04-01 00:00:00,2026-03-31 17:59:16.056887,2026-03-31 17:59:16.068951,Person 4E789DCD,555-0109,,,,will_call,,,false,,0
5964-D-5,5964,drains,Company C82B1E5C,2026-04-28 14:43:14.164131,50.136075,1,completed,2026-04-28 00:00:00,2026-04-28 15:08:53.092955,2026-04-28 15:08:53.1018,,,,,,will_call,,,false,,0
5964-D-6,5964,drains,Company D35E67B5,2026-05-12 14:10:25.7563,159.31053,1,completed,2026-05-12 00:00:00,2026-05-12 14:10:25.972794,2026-05-12 14:10:25.985974,Person 63C78BB9,,,,,will_call,,,false,,0
5964-D-7,5964,drains,Company 2F610CBC,2026-05-20 16:33:17.853462,27.16593,1,completed,2026-05-21 00:00:00,2026-05-20 17:31:50.610247,2026-05-20 17:31:50.622952,Person 7260BABF,555-0158,,,,will_call,,,false,,0
5964-D-8,5964,drains,Company C82B1E5C,2026-06-09 18:38:25.568522,3793.4659812,6,completed,2026-06-10 00:00:00,2026-06-18 19:48:02.528995,2026-06-18 19:48:02.543887,Person 4E789DCD,555-0109,,,,job,,,false,,0
5964-D-9,5964,drains,Company D35E67B5,2026-06-09 18:38:25.568522,1649.4801,2,completed,2026-06-10 00:00:00,2026-06-10 20:17:52.084439,2026-06-10 20:17:52.097417,Person 4E789DCD,555-0109,,,,job,,,false,,0
5964-I-1,5964,irrigation,Company D35E67B5,2026-05-20 22:06:58.214198,417.53125,1,completed,2026-05-21 00:00:00,2026-05-20 22:27:31.061825,2026-05-20 22:27:31.071576,Person 4E789DCD,555-0109,,,,will_call,,,false,,0
5964-I-10,5964,irrigation,Company D35E67B5,2026-07-08 17:24:39.990731,19.5243,1,deleted,2026-07-15 00:00:00,2026-07-27 22:49:19.880367,2026-07-27 22:49:36.894552,,,,,2026-07-27 22:49:36.890237,yard,,,false,,0
5964-I-11,5964,irrigation,Company C82B1E5C,2026-08-13 21:17:17.252425,584.3067,1,completed,2026-08-14 00:00:00,2026-08-14 16:23:20.815208,2026-08-14 16:23:20.833034,,,,,,yard,,,false,,0
5964-I-12,5964,irrigation,Company C82B1E5C,2026-08-19 16:33:39.264963,913.213575,1,completed,2026-08-19 00:00:00,2026-08-19 16:34:57.352093,2026-08-19 16:34:57.372879,,,,,,yard,,,false,,0
5964-I-13,5964,irrigation,Company C82B1E5C,2026-08-19 18:07:10.606872,5804.632575,12,completed,2026-08-19 00:00:00,2026-08-19 18:18:38.251288,2026-08-19 18:18:38.26825,,,,,,yard,,,false,,0
5964-I-14,5964,irrigation,Company D35E67B5,2026-08-20 18:53:34.947438,9092.87165,3,completed,2026-08-21 00:00:00,2026-08-26 17:18:04.415147,2026-08-26 17:18:04.427032,,,,,,yard,,,false,,0
5964-I-15,5964,irrigation,Company C82B1E5C,2026-08-20 21:40:37.973828,1235.95661125,6,completed,2026-08-22 00:00:00,2026-08-21 22:37:37.883235,2026-08-21 22:37:37.897441,,,,,,yard,,,false,,0
5964-I-16,5964,irrigation,Company D35E67B5,2026-08-24 14:22:28.938406,2019.235,3,completed,2026-08-25 00:00:00,2026-08-24 14:23:53.017482,2026-08-24 14:23:53.028352,Person 63C78BB9,,,,,will_call,,,false,,0
5964-I-17,5964,irrigation,Company C82B1E5C,2026-08-24 14:31:07.292961,455.2653,1,completed,2026-08-24 00:00:00,2026-08-24 16:42:23.521285,2026-08-24 16:42:23.53043,Person 01B226B8,555-0127,,,,job,,,false,,0
5964-I-18,5964,irrigation,Company C82B1E5C,2026-08-25 18:34:31.435079,336.298525,11,completed,2026-08-26 00:00:00,2026-08-25 18:44:20.83292,2026-08-25 18:44:20.846478,,,,,,yard,,,false,,0
5964-I-19,5964,irrigation,Company C82B1E5C,2026-08-25 21:20:41.920099,1366.190696,1,completed,2026-08-26 00:00:00,2026-08-26 18:10:52.260926,2026-08-26 18:10:52.273101,,,,,,yard,,,false,,0
5964-I-2,5964,irrigation,Company D35E67B5,2026-05-26 14:10:19.002077,88.63515,1,completed,2026-05-26 00:00:00,2026-05-26 14:33:44.091749,2026-05-26 14:33:44.101766,Person 63C78BB9,555-0130,,,,will_call,,,false,,0
5964-I-20,5964,irrigation,Company C82B1E5C,2026-08-27 15:24:19.92839,268.220782,2,completed,2026-08-27 00:00:00,2026-08-27 17:46:47.704992,2026-08-27 17:46:47.730286,Person 63C78BB9,555-0130,,,,job,,,false,,0
5964-I-21,5964,irrigation,,2026-08-27 17:51:01.939696,0,0,in_progress,2026-09-08 00:00:00,,2026-09-08 14:56:59.00969,Person 7260BABF,,,,,will_call,,,false,,0
5964-I-3,5964,irrigation,Company C82B1E5C,2026-06-16 14:38:48.525485,887.18942865,5,completed,2026-06-17 00:00:00,2026-06-17 14:10:55.09105,2026-06-17 14:10:55.104562,,,,,,yard,,,false,,0
5964-I-4,5964,irrigation,Company D35E67B5,2026-06-17 17:04:32.280743,48.175025,2,completed,2026-06-18 00:00:00,2026-06-17 20:58:47.20988,2026-06-17 20:58:47.220491,Person 4E789DCD,555-0109,,,,will_call,,,false,,0
5964-I-5,5964,irrigation,Company D35E67B5,2026-06-24 18:14:32.183775,356.102975,1,completed,2026-07-08 00:00:00,2026-07-08 20:49:52.329825,2026-07-08 20:49:52.338979,,,,,,yard,,,false,,0
5964-I-6,5964,irrigation,Company C82B1E5C,2026-07-08 17:24:39.990731,7511.93186375,42,completed,2026-07-15 00:00:00,2026-07-27 22:50:11.276841,2026-07-27 22:50:11.308852,,,,,,yard,,,false,,0
5964-I-7,5964,irrigation,Company 2F610CBC,2026-07-15 16:48:36.21122,2151.87525,1,completed,2026-07-15 00:00:00,2026-07-15 18:44:54.568483,2026-07-15 18:44:54.580892,,,,,,yard,,,false,,0
5964-I-8,5964,irrigation,Company C82B1E5C,2026-07-21 22:04:47.247414,829.26975225,8,completed,2026-07-22 00:00:00,2026-07-22 14:26:59.015941,2026-07-22 14:26:59.028506,Person 63C78BB9,555-0130,,,,job,,,false,,0
5964-I-9,5964,irrigation,Company D35E67B5,2026-07-27 22:32:38.570941,68.9169,2,completed,2026-08-10 00:00:00,2026-08-12 21:35:31.322814,2026-08-12 21:35:31.336708,Person 63C78BB9,555-0130,,,,will_call,,,false,,0
5964-L-1,5964,landscape,Company B47AEED3,2026-03-19 16:42:28.898431,628.398,3,completed,2026-07-23 00:00:00,2026-07-21 20:22:50.00546,2026-07-21 20:22:50.017888,Person 33B0216B,555-0139,,,,job,,,false,,0
5964-L-10,5964,landscape,Company D35E67B5,2026-08-28 15:56:01.011934,520.4325,1,completed,2026-08-28 00:00:00,2026-08-28 16:18:04.565303,2026-08-28 16:18:04.572931,Person 9044842F,555-0176,,,,job,,,false,,0
5964-L-11,5964,landscape,Company 724579F1,2026-08-31 14:16:11.534847,2737.2675,2,completed,2026-09-03 00:00:00,2026-09-01 15:09:22.502119,2026-09-01 15:09:22.511692,Person 33B0216B,555-0107,,,,job,,,false,,0
5964-L-12,5964,landscape,Company 93078B9A,2026-09-04 14:39:41.625141,350.1875,2,completed,2026-09-08 00:00:00,2026-09-04 14:40:48.320101,2026-09-04 14:40:48.327422,Person 33B0216B,,,,,yard,,,false,,0
5964-L-13,5964,landscape,Company 724579F1,2026-09-04 20:43:01.602427,2737.2675,2,completed,2026-09-08 00:00:00,2026-09-04 20:44:26.42002,2026-09-04 20:44:26.429964,Person 9044842F,555-0176,555-0101,,,job,,,false,,0
5964-L-2,5964,landscape,Company 85C03ADA,2026-07-21 20:42:01.152933,2489.025,1,completed,2026-07-23 00:00:00,2026-07-21 20:43:14.777714,2026-07-21 20:43:14.787795,Person 33B0216B,555-0107,,,,job,,,false,,0
5964-L-3,5964,landscape,Company 09434731,2026-08-05 15:00:47.415246,345.8775,3,completed,2026-08-06 00:00:00,2026-08-05 16:02:26.797295,2026-08-05 16:02:26.808821,Person EAE5C119,,,,,yard,,,false,,0
5964-L-4,5964,landscape,Company 09434731,2026-08-07 19:00:13.932863,214.96125,1,completed,2026-08-10 00:00:00,2026-08-07 19:00:56.118565,2026-08-07 19:00:56.130503,,,,,,will_call,,,false,,0
5964-L-5,5964,landscape,Company B47AEED3,2026-08-13 19:33:51.045588,1732.781625,3,completed,2026-08-14 00:00:00,2026-08-13 19:35:51.597472,2026-08-13 19:35:51.615784,Person 33B0216B,555-0107,,,,job,,,false,,0
5964-L-6,5964,landscape,Company B1347A9D,2026-08-18 14:40:11.652894,3235.40925,5,completed,2026-08-19 00:00:00,2026-08-18 17:41:44.378804,2026-08-18 17:41:44.391512,Person 33B0216B,555-0107,,,,job,,,false,,0
5964-L-7,5964,landscape,Company 724579F1,2026-08-22 01:03:59.871674,4922.4375,2,completed,2026-08-26 00:00:00,2026-09-01 15:02:41.349943,2026-09-01 15:02:41.361954,Person 9044842F,555-0176,,555-0115,,job,,,false,,0
5964-L-8,5964,landscape,Company D35E67B5,2026-08-26 14:32:04.847324,238.83865,1,completed,2026-08-26 00:00:00,2026-08-26 14:50:52.781863,2026-08-26 14:50:52.793215,Person 33B0216B,555-0107,,,,job,,,false,,0
5964-L-9,5964,landscape,Company 725B3DA8,2026-08-27 14:13:10.531614,280.15,1,completed,2026-08-27 00:00:00,2026-08-27 14:13:34.597715,2026-08-27 14:13:34.607112,,,,,,will_call,,,false,,0
5965-I-MIGRATED,5965,irrigation,Company A1187E29,2026-04-28 12:09:40.767553,4454.325,4,completed,,,2026-04-28 12:09:40.767553,,,,,,,,,true,,0
5966-D-1,5966,drains,,2026-07-27 14:13:46.546197,0,0,in_progress,,,2026-07-27 14:13:46.546927,,,,,,job,,,false,,0
5966-I-1,5966,irrigation,Company CFB258DA,2026-04-30 09:23:52.415214,33370352.653,91,completed,,2026-04-30 09:23:52.415214,2026-04-30 10:20:27.051976,,,,,,job,,,true,,0
5966-I-169,5966,irrigation,Company 2F610CBC,2026-06-04 15:03:45.445039,106.8140325,3,completed,2026-06-04 00:00:00,2026-06-04 15:39:43.629691,2026-06-04 15:39:43.645873,,,,,,yard,,,false,,0
5966-I-170,5966,irrigation,Company 2F610CBC,2026-06-18 16:22:34.19372,1354.2080265,10,completed,2026-06-19 00:00:00,2026-06-18 17:41:05.32693,2026-06-18 17:41:05.341803,Person 63C78BB9,555-0130,,,,job,,,false,,0
5966-I-171,5966,irrigation,Company 2F610CBC,2026-06-18 16:57:23.37766,5501.85825,21,completed,2026-06-23 00:00:00,2026-06-24 14:14:38.737797,2026-06-24 14:14:38.763139,,,,,,yard,,,false,,0
5966-I-172,5966,irrigation,Company 2F610CBC,2026-06-23 20:04:40.296255,813.808875,9,completed,2026-06-26 00:00:00,2026-06-25 20:07:22.020649,2026-06-25 20:07:22.035301,,,,,,job,,,false,,0
5966-I-173,5966,irrigation,Company 2F610CBC,2026-06-26 15:46:55.709203,315.103125,10,completed,2026-06-26 00:00:00,2026-06-26 16:21:10.872892,2026-06-26 16:21:10.889724,,,,,,yard,,,false,,0
5966-I-174,5966,irrigation,Company 2F610CBC,2026-07-01 18:38:41.342094,2288.94825,15,completed,2026-07-01 00:00:00,2026-07-01 20:04:46.355535,2026-07-01 20:04:46.374602,,,,,,yard,,,false,,0
5966-I-175,5966,irrigation,Company 2F610CBC,2026-07-02 16:09:25.241421,82.215,1,completed,2026-07-02 00:00:00,2026-07-02 17:24:27.237352,2026-07-02 17:24:27.247053,,,,,,yard,,,false,,0
5966-I-176,5966,irrigation,Company 2F610CBC,2026-07-02 16:10:53.126148,313.7544075,4,completed,2026-07-10 00:00:00,2026-07-10 15:24:59.284646,2026-07-10 15:24:59.296485,Person 63C78BB9,555-0130,,,,job,,,false,,0
5966-I-177,5966,irrigation,Company 2F610CBC,2026-07-17 14:25:36.256239,358.27644,4,completed,2026-07-17 00:00:00,2026-07-17 18:51:59.05577,2026-07-17 18:51:59.069233,Person 63C78BB9,555-0130,,,,job,,,false,,0
5966-I-178,5966,irrigation,Company 2F610CBC,2026-07-20 16:06:50.608293,130.5,3,completed,2026-07-20 00:00:00,2026-07-20 16:34:27.228632,2026-07-20 16:34:27.241449,,,,,,yard,,,false,,0
5966-I-179,5966,irrigation,Company 2F610CBC,2026-07-22 14:47:31.415995,73.40625,3,completed,2026-07-22 00:00:00,2026-07-22 15:41:53.561333,2026-07-22 15:41:53.57223,,,,,,yard,,,false,,0
5966-I-180,5966,irrigation,Company 2F610CBC,2026-07-22 15:40:03.092854,2650.569405,4,completed,2026-07-23 00:00:00,2026-07-23 16:35:27.010861,2026-07-23 16:35:27.023944,,,,,,yard,,,false,,0
5966-I-181,5966,irrigation,Company 2F610CBC,2026-07-27 14:15:02.268301,156.80619,2,completed,2026-07-28 00:00:00,2026-07-28 16:28:31.130505,2026-07-28 16:28:31.144283,,,,,,yard,,,false,,0
5966-I-2,5966,irrigation,Company 033ADA73,2026-04-30 10:35:22.883437,0,0,completed,,2026-04-30 10:35:22.883437,2026-04-30 10:35:22.916457,,,,,,job,,,true,,0
5966-I-MIGRATED,5966,irrigation,Company A1187E29,2026-04-28 12:09:01.469935,22749039.9345867,48,completed,,,2026-04-28 12:09:01.469935,,,,,,,,,true,,0
5966-L-1,5966,landscape,Company CFB258DA,2026-04-30 09:24:01.65166,460467.59,74,completed,,2026-04-30 09:24:01.65166,2026-04-30 10:20:36.600521,,,,,,job,,,true,,0
5966-L-198,5966,landscape,Company B47AEED3,2026-06-30 17:30:24.968883,108.478125,3,completed,2026-07-01 00:00:00,2026-06-30 17:32:15.684425,2026-06-30 17:32:15.694291,,,,,,job,,,false,,0
5966-L-199,5966,landscape,Company DC9A38AE,2026-06-30 20:57:38.765046,1131,3,completed,2026-07-06 00:00:00,2026-06-30 21:10:58.282948,2026-06-30 21:10:58.294435,Person 153DA07E,555-0168,,,,job,,,false,,0
5966-L-2,5966,landscape,Company B47AEED3,2026-06-25 15:37:58.522736,262.0875,3,completed,2026-06-25 00:00:00,2026-06-25 15:39:06.755503,2026-06-25 15:39:06.772149,Person 4E789DCD,,,,,will_call,,,false,,0
5966-L-200,5966,landscape,Company 09434731,2026-06-30 20:57:38.765046,1663.875,3,completed,2026-07-06 00:00:00,2026-06-30 21:10:10.3167,2026-06-30 21:10:10.327336,Person 153DA07E,555-0168,,,,job,,,false,,0
5966-L-201,5966,landscape,Company 02A7AFB7,2026-06-30 20:57:38.765046,2544.75,2,completed,2026-07-06 00:00:00,2026-06-30 21:07:50.091576,2026-06-30 21:07:50.098412,Person 153DA07E,555-0168,,,,job,,,false,,0
5966-L-202,5966,landscape,Company 99AC62BC,2026-06-30 20:57:38.765046,456.75,1,completed,2026-07-06 00:00:00,2026-06-30 21:07:50.139773,2026-06-30 21:07:50.145929,Person 153DA07E,555-0168,,,,job,,,false,,0
5966-L-203,5966,landscape,Company B1347A9D,2026-06-30 20:57:38.765046,1135.35,2,completed,2026-07-06 00:00:00,2026-06-30 21:09:25.088502,2026-06-30 21:09:25.101185,Person 153DA07E,555-0168,,,,job,,,false,,0
5966-L-204,5966,landscape,Company 99AC62BC,2026-07-01 14:43:04.778202,2740.5,2,completed,2026-07-06 00:00:00,2026-07-02 22:11:17.228749,2026-07-02 22:11:17.238117,Person A3673F39,,,,,job,,,false,,0
5966-L-205,5966,landscape,Company B548E4AD,2026-07-02 15:55:01.857662,14162.5125,10,completed,2026-07-14 00:00:00,2026-07-15 15:35:02.823048,2026-07-15 15:35:02.83953,Person B5A7B002,555-0168,,,,job,,,false,,0
5966-L-206,5966,landscape,Company 99AC62BC,2026-07-02 15:55:01.857662,1539.9,1,completed,2026-07-14 00:00:00,2026-07-14 13:58:16.766611,2026-07-14 13:58:16.776482,Person B5A7B002,555-0168,,,,job,,,false,,0
5966-L-207,5966,landscape,Company 93078B9A,2026-07-02 15:55:01.857662,1781.325,2,completed,2026-07-14 00:00:00,2026-07-30 15:22:39.998419,2026-07-30 15:22:40.009031,Person B5A7B002,555-0168,,,,job,,,false,,0
5966-L-208,5966,landscape,Company 6CDECF5F,2026-07-02 16:12:52.598528,815.625,1,completed,2026-07-23 00:00:00,2026-07-22 15:09:44.57943,2026-07-22 15:09:44.587995,Person B5A7B002,555-0168,,,,job,,,false,,0
5966-L-209,5966,landscape,Company 2F610CBC,2026-07-27 14:14:05.692142,229.8975,1,completed,2026-07-27 00:00:00,2026-07-28 16:34:02.570527,2026-07-28 16:34:02.580852,Person B5A7B002,555-0130,,,,job,,,false,,0
5966-L-210,5966,landscape,Company 6CDECF5F,2026-07-27 15:01:28.585951,424.125,1,completed,2026-07-27 00:00:00,2026-07-27 15:02:45.325202,2026-07-27 15:02:45.334527,Person B5A7B002,555-0168,,,,job,,,false,,0
5966-L-211,5966,landscape,Company D35E67B5,2026-07-28 16:05:46.708023,325.521375,1,completed,2026-07-28 00:00:00,2026-07-28 16:30:56.143432,2026-07-28 16:30:56.159272,Person B5A7B002,555-0130,,,,job,,,false,,0
5966-L-212,5966,landscape,Company B47AEED3,2026-07-30 15:17:44.970117,570.9375,1,completed,2026-07-31 00:00:00,2026-07-30 15:21:26.784917,2026-07-30 15:21:26.794707,Person 153DA07E,555-0168,,,,job,,,false,,0
5966-L-213,5966,landscape,,2026-08-03 22:05:50.806803,0,0,in_progress,,,2026-08-03 22:05:50.807457,,,,,,job,,,false,,0
5966-L-MIGRATED,5966,landscape,Company A1187E29,2026-04-28 12:09:01.469935,552338.157304103,31,completed,,,2026-04-28 12:09:01.469935,,,,,,,,,true,,0
5966-M-1,5966,maintenance,Company 93078B9A,2026-09-04 14:58:05.683739,447.50625,3,completed,2026-09-08 00:00:00,2026-09-04 15:01:22.638998,2026-09-04 15:01:22.647382,Person 8F078E89,,,,,yard,,,false,,0
5966-M-2,5966,maintenance,Company 85C03ADA,2026-09-04 14:58:05.683739,350.50125,4,completed,2026-09-08 00:00:00,2026-09-04 15:01:22.68796,2026-09-04 15:01:22.69543,Person 8F078E89,,,,,yard,,,false,,0
5967-I-MIGRATED,5967,irrigation,Company A1187E29,2026-04-28 12:08:34.536638,3326.92042857143,14,completed,,,2026-04-28 12:08:34.536638,,,,,,,,,true,,0
5967-L-MIGRATED,5967,landscape,Company A1187E29,2026-04-28 12:08:34.536638,863363.653333333,26,completed,,,2026-04-28 12:08:34.536638,,,,,,,,,true,,0
5967-S-MIGRATED,5967,subcontract,Company A1187E29,2026-04-28 12:08:34.536638,3200,1,completed,,,2026-04-28 12:08:34.536638,,,,,,,,,true,,0
5969-D-MIGRATED,5969,drains,Company A1187E29,2026-04-28 12:08:17.583056,647.4,2,completed,,,2026-04-28 12:08:17.583056,,,,,,,,,true,,0
5969-I-MIGRATED,5969,irrigation,Company A1187E29,2026-04-28 12:08:17.583056,51765.2125,9,completed,,,2026-04-28 12:08:17.583056,,,,,,,,,true,,0
5969-L-MIGRATED,5969,landscape,Company A1187E29,2026-04-28 12:08:17.583056,2533.22,3,completed,,,2026-04-28 12:08:17.583056,,,,,,,,,true,,0
5971-D-MIGRATED,5971,drains,Company A1187E29,2026-04-28 12:07:24.917401,37185.8675555556,6,completed,,,2026-04-28 12:07:24.917401,,,,,,,,,true,,0
5971-I-MIGRATED,5971,irrigation,Company A1187E29,2026-04-28 12:07:24.917401,13388.8173416149,61,completed,,,2026-04-28 12:07:24.917401,,,,,,,,,true,,0
5971-L-MIGRATED,5971,landscape,Company A1187E29,2026-04-28 12:07:24.917401,29847.5055714286,11,completed,,,2026-04-28 12:07:24.917401,,,,,,,,,true,,0
5972-D-1,5972,drains,Company CFB258DA,2026-04-30 09:24:07.731964,49036.1,12,completed,,2026-04-30 09:24:07.731964,2026-04-30 10:20:39.40967,,,,,,job,,,true,,0
5972-D-2,5972,drains,Company 033ADA73,2026-04-30 10:35:23.495885,0,0,completed,,2026-04-30 10:35:23.495885,2026-04-30 10:35:23.521401,,,,,,job,,,true,,0
5972-D-35,5972,drains,Company D35E67B5,2026-06-09 14:49:52.681478,3332.1,7,completed,2026-06-10 00:00:00,2026-06-09 15:23:14.270817,2026-06-09 15:23:14.283679,,,,,,job,,,false,,0
5972-D-36,5972,drains,Company EBBE7319,2026-06-11 18:21:52.316056,715,2,completed,2026-06-12 00:00:00,2026-07-16 19:19:39.146191,2026-07-16 19:19:39.161153,Person 4E789DCD,555-0176,,,,job,,,false,,0
5972-D-37,5972,drains,Company D35E67B5,2026-07-08 14:58:02.740727,1977.281625,5,completed,2026-07-08 00:00:00,2026-07-08 15:21:25.156901,2026-07-08 15:21:25.16911,,,,,,yard,,,false,,0
5972-D-MIGRATED,5972,drains,Company A1187E29,2026-04-28 12:06:54.467147,99.2,1,completed,,,2026-04-28 12:06:54.467147,,,,,,,,,true,,0
5972-I-1,5972,irrigation,Company CFB258DA,2026-04-30 09:24:08.648389,149641.594,45,completed,,2026-04-30 09:24:08.648389,2026-04-30 10:20:44.24169,,,,,,job,,,true,,0
5972-I-61,5972,irrigation,Company D35E67B5,2026-06-10 16:01:21.186082,1095.7128,3,completed,2026-06-11 00:00:00,2026-06-12 17:37:04.740848,2026-06-12 17:37:04.753096,Person 63C78BB9,555-0130,,,,job,,,false,,0
5972-I-62,5972,irrigation,Company D35E67B5,2026-06-18 15:46:03.692249,6234.974625,13,completed,2026-06-18 00:00:00,2026-06-25 17:42:56.631731,2026-06-25 17:42:56.64975,,,,,,yard,,,false,,0
5972-I-63,5972,irrigation,Company D35E67B5,2026-06-30 14:27:46.881369,429.290625,9,completed,2026-07-01 00:00:00,2026-06-30 15:56:19.603115,2026-06-30 15:56:19.619002,Person 63C78BB9,555-0130,,,,job,,,false,,0
5972-I-64,5972,irrigation,Company D35E67B5,2026-06-30 14:36:18.448844,87.348,1,completed,2026-07-07 00:00:00,2026-07-07 15:16:14.917159,2026-07-07 15:16:14.926378,Person 63C78BB9,555-0130,,,,job,,,false,,0
5972-I-65,5972,irrigation,Company D35E67B5,2026-07-08 22:22:49.291663,89.175,1,completed,2026-07-09 00:00:00,2026-07-08 22:57:43.64476,2026-07-08 22:57:43.662862,Person 63C78BB9,555-0130,,,,job,,,false,,0
5972-I-66,5972,irrigation,Company D35E67B5,2026-07-09 16:08:57.986423,470.34375,6,completed,2026-07-09 00:00:00,2026-07-09 16:43:03.395026,2026-07-09 16:43:03.41813,,,,,,yard,,,false,,0
5972-I-67,5972,irrigation,,2026-07-09 16:17:32.734337,0,0,in_progress,,,2026-07-09 16:17:32.734901,,,,,,job,,,false,,0
5972-I-MIGRATED,5972,irrigation,Company A1187E29,2026-04-28 12:06:54.467147,4442.88678260869,10,completed,,,2026-04-28 12:06:54.467147,,,,,,,,,true,,0
5972-L-1,5972,landscape,Company CFB258DA,2026-04-30 09:24:14.490867,129852.29,92,completed,,2026-04-30 09:24:14.490867,2026-04-30 10:20:53.796044,,,,,,job,,,true,,0
5972-L-10,5972,landscape,Company 5513C1E9,2026-07-20 19:14:08.681807,130.5,1,completed,2026-07-21 00:00:00,2026-07-20 19:15:35.815875,2026-07-20 19:15:35.824569,Person 33B0216B,555-0107,,,,will_call,,,false,,0
5972-L-11,5972,landscape,Company B47AEED3,2026-08-12 14:42:15.098181,19.03125,1,completed,2026-08-21 00:00:00,2026-08-20 21:04:39.42804,2026-08-20 21:04:39.43778,Person 9044842F,,,,,will_call,,,false,,0
5972-L-12,5972,landscape,Company 93078B9A,2026-09-02 15:17:11.847526,63.075,2,completed,2026-09-08 00:00:00,2026-09-04 15:09:47.267071,2026-09-04 15:09:47.276682,Person 9044842F,,,,,yard,,,false,,0
5972-L-13,5972,landscape,Company 93078B9A,2026-09-08 13:25:46.883573,146.8125,1,completed,2026-09-08 00:00:00,2026-09-08 13:26:26.57916,2026-09-08 13:26:26.588082,Person 2E123761,,,,,yard,,,false,,0
5972-L-14,5972,landscape,Company B1347A9D,2026-09-08 16:26:43.978603,141.375,1,completed,2026-09-09 00:00:00,2026-09-08 16:27:48.852635,2026-09-08 16:27:48.860696,Person 2E123761,,,,,job,,,false,,0
5972-L-2,5972,landscape,Company 033ADA73,2026-04-30 10:35:23.838916,15.9852,1,completed,,2026-04-30 10:35:23.838916,2026-04-30 10:35:23.941892,,,,,,job,,,true,,0
5972-L-3,5972,landscape,Company 99AC62BC,2026-06-11 18:21:49.614162,900.45,5,completed,2026-07-06 00:00:00,2026-06-30 21:50:20.562132,2026-06-30 21:50:20.574468,Person 33B0216B,555-0159,,,,job,,,false,,0
5972-L-4,5972,landscape,Company F6DB773A,2026-06-11 18:21:49.614162,1059.225,7,completed,2026-07-06 00:00:00,2026-06-30 21:50:20.610835,2026-06-30 21:50:20.619954,Person 33B0216B,555-0159,,,,job,,,false,,0
5972-L-5,5972,landscape,Company 09434731,2026-06-11 18:21:49.614162,1291.95,5,completed,2026-07-06 00:00:00,2026-06-30 22:00:41.016851,2026-06-30 22:00:41.030135,Person 33B0216B,555-0159,,,,job,,,false,,0
5972-L-6,5972,landscape,Company B1347A9D,2026-06-11 18:21:49.614162,1351.21875,4,completed,2026-07-06 00:00:00,2026-06-30 21:52:40.230084,2026-06-30 21:52:40.240945,Person 33B0216B,555-0159,,,,job,,,false,,0
5972-L-7,5972,landscape,Company FA7B954D,2026-07-13 14:54:43.773327,478.5,1,completed,2026-07-17 00:00:00,2026-07-13 15:26:46.159384,2026-07-13 15:26:46.169033,Person 0E8B09AE,555-0107,,,,job,,,false,,0
5972-L-8,5972,landscape,Company 520BDD44,2026-07-13 15:13:12.690022,384.975,3,completed,2026-07-15 00:00:00,2026-07-14 16:34:10.035702,2026-07-14 16:34:10.047939,Person 33B0216B,555-0107,,,,job,,,false,,0
5972-L-9,5972,landscape,Company 725B3DA8,2026-07-15 14:46:13.37032,141.375,1,completed,2026-07-15 00:00:00,2026-07-15 14:46:46.184399,2026-07-15 14:46:46.193322,,,,,,will_call,,,false,,0
5972-L-MIGRATED,5972,landscape,Company A1187E29,2026-04-28 12:06:54.467147,13524.8825974026,23,completed,,,2026-04-28 12:06:54.467147,,,,,,,,,true,,0
5973-D-MIGRATED,5973,drains,Company A1187E29,2026-04-28 12:06:30.681153,2468.8,2,completed,,,2026-04-28 12:06:30.681153,,,,,,,,,true,,0
5973-I-MIGRATED,5973,irrigation,Company A1187E29,2026-04-28 12:06:30.681153,154682.462880952,30,completed,,,2026-04-28 12:06:30.681153,,,,,,,,,true,,0
5973-L-MIGRATED,5973,landscape,Company A1187E29,2026-04-28 12:06:30.681153,264460.838,16,completed,,,2026-04-28 12:06:30.681153,,,,,,,,,true,,0
5973-S-MIGRATED,5973,subcontract,Company A1187E29,2026-04-28 12:06:30.681153,8582,1,completed,,,2026-04-28 12:06:30.681153,,,,,,,,,true,,0
5974-L-MIGRATED,5974,landscape,Company A1187E29,2026-04-28 12:06:22.155446,1767,11,completed,,,2026-04-28 12:06:22.155446,,,,,,,,,true,,0
5975-D-1,5975,drains,Company CFB258DA,2026-04-30 09:24:21.90274,20413.4,7,completed,,2026-04-30 09:24:21.90274,2026-04-30 10:20:57.172134,,,,,,job,,,true,,0
5975-D-2,5975,drains,Company 033ADA73,2026-04-30 10:35:24.177191,0,0,completed,,2026-04-30 10:35:24.177191,2026-04-30 10:35:24.20226,,,,,,job,,,true,,0
5975-D-27,5975,drains,Company D35E67B5,2026-05-05 14:49:31.437257,203.58,1,completed,2026-05-05 00:00:00,2026-05-05 14:52:53.820522,2026-05-05 14:52:53.830412,Person 38FA9B9B,555-0165,,,,job,,,false,,0
5975-D-28,5975,drains,Company AEF5A8A0,2026-05-12 15:37:47.889875,87,1,completed,2026-05-12 00:00:00,2026-05-12 15:38:08.522606,2026-05-12 15:38:08.533408,,,,,,yard,,,false,,0
5975-D-29,5975,drains,Company D35E67B5,2026-05-12 15:41:34.948522,1397.818125,4,completed,2026-05-12 00:00:00,2026-05-12 16:32:45.562273,2026-05-12 16:32:45.575777,,,,,,yard,,,false,,0
5975-D-30,5975,drains,Company D35E67B5,2026-05-19 15:14:58.291853,116.47125,1,completed,2026-05-19 00:00:00,2026-05-19 15:35:29.441694,2026-05-19 15:35:29.450323,Person 38FA9B9B,555-0165,,,,job,,,false,,0
5975-D-31,5975,drains,Company D35E67B5,2026-05-28 16:21:26.70484,103.29075,2,completed,2026-05-28 00:00:00,2026-05-28 16:41:03.664707,2026-05-28 16:41:03.678425,Person 38FA9B9B,555-0106,,,,job,,,false,,0
5975-D-32,5975,drains,,2026-07-10 15:54:10.440861,0,0,in_progress,,,2026-07-10 15:54:10.441422,,,,,,job,,,false,,0
5975-D-MIGRATED,5975,drains,Company A1187E29,2026-04-28 12:05:53.955184,1468.935,2,completed,,,2026-04-28 12:05:53.955184,,,,,,,,,true,,0
5975-I-1,5975,irrigation,Company D35E67B5,2026-04-28 20:04:15.525976,123.681375,1,completed,2026-04-29 00:00:00,2026-04-30 18:41:53.589256,2026-04-30 18:41:53.60138,Person 63C78BB9,555-0130,,,,job,,,false,,0
5975-I-2,5975,irrigation,Company CFB258DA,2026-04-30 09:24:22.746265,2753568.92,49,completed,,2026-04-30 09:24:22.746265,2026-04-30 10:21:02.717011,,,,,,job,,,true,,0
5975-I-3,5975,irrigation,Company D35E67B5,2026-04-30 17:42:51.142925,1429.268625,16,deleted,2026-04-30 00:00:00,2026-04-30 17:48:15.897255,2026-04-30 18:03:32.344038,,,,,2026-04-30 18:03:32.331613,yard,,,false,,0
5975-I-63,5975,irrigation,Company D35E67B5,2026-04-30 17:49:30.563743,4082.75594475,18,completed,2026-04-30 00:00:00,2026-04-30 22:20:38.985529,2026-04-30 22:20:39.006708,,,,,,yard,,,false,,0
5975-I-64,5975,irrigation,Company D35E67B5,2026-05-08 14:35:34.733067,223.731375,2,completed,2026-05-08 00:00:00,2026-05-08 15:15:06.470636,2026-05-08 15:15:06.484108,Person 63C78BB9,555-0130,,,,job,,,false,,0
5975-I-65,5975,irrigation,Company D35E67B5,2026-05-12 15:13:04.784425,379.526625,2,completed,2026-05-12 00:00:00,2026-05-12 15:29:12.670524,2026-05-12 15:29:12.681395,,,,,,yard,,,false,,0
5975-I-66,5975,irrigation,Company D35E67B5,2026-05-22 18:20:35.888218,500.4675,6,completed,2026-05-22 00:00:00,2026-05-22 19:22:23.91601,2026-05-22 19:22:23.930803,,,,,,yard,,,false,,0
5975-I-67,5975,irrigation,Company 2F610CBC,2026-06-01 17:43:02.495371,100.92,1,completed,2026-06-01 00:00:00,2026-06-01 18:59:57.288891,2026-06-01 18:59:57.300806,,,,,,yard,,,false,,0
5975-I-68,5975,irrigation,Company D35E67B5,2026-06-17 15:54:30.287586,128.65125,1,completed,2026-06-18 00:00:00,2026-06-17 15:57:40.465385,2026-06-17 15:57:40.474491,Person 63C78BB9,555-0130,,,,will_call,,,false,,0
5975-I-69,5975,irrigation,Company D35E67B5,2026-06-17 16:57:21.556153,274.92,1,completed,2026-06-25 00:00:00,2026-06-25 17:59:07.338697,2026-06-25 17:59:07.349423,,,,,,yard,,,false,,0
5975-I-70,5975,irrigation,Company D35E67B5,2026-07-10 15:27:34.937596,218.979,1,completed,2026-07-10 00:00:00,2026-07-10 16:26:04.180121,2026-07-10 16:26:04.192391,,,,,,yard,,,false,,0
5975-I-71,5975,irrigation,Company D35E67B5,2026-08-20 17:55:46.710943,80.214,3,completed,2026-08-20 00:00:00,2026-08-20 20:02:03.271173,2026-08-20 20:02:03.285389,,,,,,yard,,,false,,0
5975-I-72,5975,irrigation,Company D35E67B5,2026-08-24 15:49:36.396968,232.257375,7,completed,2026-08-25 00:00:00,2026-08-24 17:03:40.831676,2026-08-24 17:03:40.845589,,,,,,yard,,,false,,0
5975-I-73,5975,irrigation,Company 5B343939,2026-08-24 15:56:08.161505,850,1,completed,2026-08-29 00:00:00,2026-08-28 14:23:27.422422,2026-08-28 14:23:27.434436,,,,,,job,,,false,,0
5975-I-74,5975,irrigation,Company D35E67B5,2026-08-24 15:56:08.161505,78.88725,1,completed,2026-08-29 00:00:00,2026-08-28 14:23:27.50226,2026-08-28 14:23:27.507533,,,,,,job,,,false,,0
5975-I-75,5975,irrigation,Company D35E67B5,2026-08-31 14:41:41.040722,54.74475,1,completed,2026-08-31 00:00:00,2026-09-01 14:04:36.308261,2026-09-01 14:04:36.319249,,,,,,yard,,,false,,0
5975-I-76,5975,irrigation,,2026-09-16 22:59:54.539568,0,0,in_progress,,,2026-09-16 22:59:54.54005,,,,,,job,,,false,,0
5975-I-MIGRATED,5975,irrigation,Company A1187E29,2026-04-28 12:05:53.955184,2030696.17102326,27,completed,,,2026-04-28 12:05:53.955184,,,,,,,,,true,,0
5975-L-72,5975,landscape,Company B47AEED3,2026-04-28 18:51:21.635654,267.525,2,completed,2026-04-29 00:00:00,2026-04-28 18:52:38.701936,2026-04-28 18:52:38.712743,,,,,,will_call,,,false,,0
5975-L-73,5975,landscape,Company CFB258DA,2026-04-30 09:24:29.210137,90776.7194,54,completed,,2026-04-30 09:24:29.210137,2026-04-30 10:21:09.555176,,,,,,job,,,true,,0
5975-L-74,5975,landscape,Company 033ADA73,2026-04-30 10:35:24.520571,0,0,completed,,2026-04-30 10:35:24.520571,2026-04-30 10:35:24.542965,,,,,,job,,,true,,0
5975-L-75,5975,landscape,Company 5513C1E9,2026-05-04 14:58:44.077059,1337.625,2,completed,2026-05-06 00:00:00,2026-05-04 20:46:39.346117,2026-05-04 20:46:39.358219,Person B93A0D4E,555-0114,,,,job,,,false,,0
5975-L-76,5975,landscape,Company B47AEED3,2026-05-04 14:58:44.077059,1158.1875,2,completed,2026-05-06 00:00:00,2026-05-04 20:46:39.395873,2026-05-04 20:46:39.403514,Person B93A0D4E,555-0114,,,,job,,,false,,0
5975-L-77,5975,landscape,Company 99AC62BC,2026-05-04 14:58:44.077059,3014.55,1,completed,2026-05-07 00:00:00,2026-05-05 21:15:54.685306,2026-05-05 21:15:54.697058,Person B93A0D4E,555-0114,,,,job,,,false,,0
5975-L-78,5975,landscape,Company F6DB773A,2026-05-05 17:01:27.013327,1137.253125,5,completed,2026-05-11 00:00:00,2026-05-05 17:16:54.199388,2026-05-05 17:16:54.214517,Person B93A0D4E,555-0114,,,,job,,,false,,0
5975-L-79,5975,landscape,Company B548E4AD,2026-05-05 17:01:27.013327,1252.8,4,completed,2026-05-11 00:00:00,2026-05-26 13:34:36.223438,2026-05-26 13:34:36.236598,Person B93A0D4E,555-0114,,,,job,,,false,,0
5975-L-80,5975,landscape,Company 99AC62BC,2026-05-05 17:01:27.013327,1781.325,1,completed,2026-05-11 00:00:00,2026-05-05 17:16:54.311398,2026-05-05 17:16:54.319204,Person B93A0D4E,555-0114,,,,job,,,false,,0
5975-L-81,5975,landscape,Company E630725E,2026-05-05 18:05:10.56567,4695.06375,1,completed,2026-05-22 00:00:00,2026-05-22 15:19:28.978269,2026-05-22 15:19:28.988273,Person 9044842F,,,,,yard,,,false,,0
5975-L-82,5975,landscape,Company D35E67B5,2026-05-05 18:05:10.56567,394.21875,1,completed,2026-05-22 00:00:00,2026-05-22 15:19:29.02541,2026-05-22 15:19:29.032117,Person 9044842F,,,,,yard,,,false,,0
5975-L-83,5975,landscape,Company D35E67B5,2026-05-22 15:27:26.412003,1819.431,2,completed,2026-05-22 00:00:00,2026-05-26 13:33:55.327677,2026-05-26 13:33:55.339734,Person 9044842F,,,,,yard,,,false,,0
5975-L-84,5975,landscape,Company D8508194,2026-05-26 13:32:34.019833,28.546875,1,completed,2026-05-26 00:00:00,2026-05-26 13:33:12.75332,2026-05-26 13:33:12.764441,,,,,,will_call,,,false,,0
5975-L-85,5975,landscape,Company FA7B954D,2026-05-28 17:00:49.017091,417.6,1,completed,2026-06-02 00:00:00,2026-05-28 17:01:42.778084,2026-05-28 17:01:42.794075,Person B93A0D4E,555-0114,,,,job,,,false,,0
5975-L-86,5975,landscape,Company D35E67B5,2026-05-29 14:39:28.70098,97.603125,1,completed,2026-05-29 00:00:00,2026-05-29 14:57:24.299365,2026-05-29 14:57:24.308598,Person 38FA9B9B,555-0165,,,,job,,,false,,0
5975-L-87,5975,landscape,Company 725B3DA8,2026-05-29 14:41:57.257263,141.375,1,completed,2026-05-29 00:00:00,2026-05-29 14:42:19.192184,2026-05-29 14:42:19.204464,,,,,,will_call,,,false,,0
5975-L-88,5975,landscape,Company 02A7AFB7,2026-06-09 23:52:20.394225,1634.4375,3,completed,2026-06-10 00:00:00,2026-06-10 00:05:52.815374,2026-06-10 00:05:52.825748,Person 4E789DCD,555-0176,,,,job,,,false,,0
5975-L-89,5975,landscape,Company 09434731,2026-06-09 23:52:20.394225,70.6875,2,completed,2026-06-10 00:00:00,2026-06-09 23:54:48.628404,2026-06-09 23:54:48.634751,Person 4E789DCD,555-0176,,,,will_call,,,false,,0
5975-L-90,5975,landscape,Company 85C03ADA,2026-06-17 15:13:03.365178,290.3625,2,completed,2026-06-18 00:00:00,2026-06-17 16:23:22.693218,2026-06-17 16:23:22.704269,,,,,,yard,,,false,,0
5975-L-91,5975,landscape,Company B47AEED3,2026-06-22 18:08:52.044029,244.6875,2,completed,2026-06-23 00:00:00,2026-06-22 18:09:51.069394,2026-06-22 18:09:51.080568,,,,,,will_call,,,false,,0
5975-L-92,5975,landscape,Company B47AEED3,2026-06-25 15:37:14.230483,322.9875,3,completed,2026-06-26 00:00:00,2026-06-25 17:16:32.357975,2026-06-25 17:16:32.369888,,,,,,will_call,,,false,,0
5975-L-93,5975,landscape,Company B47AEED3,2026-06-29 17:07:49.312742,264.2625,4,completed,2026-07-01 00:00:00,2026-06-30 17:30:01.880455,2026-06-30 17:30:01.905085,,,,,,will_call,,,false,,0
5975-L-94,5975,landscape,Company B47AEED3,2026-07-10 15:54:22.102404,182.15625,2,completed,2026-07-30 00:00:00,2026-07-29 16:55:12.499308,2026-07-29 16:55:12.512918,,,,,,will_call,,,false,,0
5975-L-95,5975,landscape,,2026-08-28 16:31:25.845464,0,0,in_progress,,,2026-08-28 16:31:25.846058,,,,,,job,,,false,,0
5975-L-MIGRATED,5975,landscape,Company A1187E29,2026-04-28 12:05:53.955184,43389.195,17,completed,,,2026-04-28 12:05:53.955184,,,,,,,,,true,,0
5975-M-1,5975,maintenance,Company B47AEED3,2026-06-30 17:33:16.966889,69.6,2,completed,2026-07-01 00:00:00,2026-06-30 17:34:05.874779,2026-06-30 17:34:05.88774,,,,,,job,,,false,,0
5975-M-2,5975,maintenance,Company B47AEED3,2026-07-10 16:59:44.193336,1871.5875,6,completed,2026-07-13 00:00:00,2026-07-10 17:01:51.657242,2026-07-10 17:01:51.668241,Person D086513B,555-0162,,,,job,,,false,,0
5975-M-3,5975,maintenance,Company B47AEED3,2026-08-06 14:10:44.930792,195.75,1,completed,2026-08-07 00:00:00,2026-08-06 14:11:16.899171,2026-08-06 14:11:16.910742,Person 8F078E89,,,,,will_call,,,false,,0
5975-M-4,5975,maintenance,Company 85C03ADA,2026-09-04 15:02:51.529451,171.1725,3,completed,2026-09-08 00:00:00,2026-09-04 15:03:54.780513,2026-09-04 15:03:54.790075,Person 8F078E89,,,,,yard,,,false,,0
5975-S-MIGRATED,5975,subcontract,Company A1187E29,2026-04-28 12:05:53.955184,10,1,completed,,,2026-04-28 12:05:53.955184,,,,,,,,,true,,0
5976-L-MIGRATED,5976,landscape,Company A1187E29,2026-04-28 12:05:49.083128,3648,3,completed,,,2026-04-28 12:05:49.083128,,,,,,,,,true,,0
5977-D-MIGRATED,5977,drains,Company A1187E29,2026-04-28 12:05:35.460422,409.5,1,completed,,,2026-04-28 12:05:35.460422,,,,,,,,,true,,0
5977-I-MIGRATED,5977,irrigation,Company A1187E29,2026-04-28 12:05:35.460422,121907.25,12,completed,,,2026-04-28 12:05:35.460422,,,,,,,,,true,,0
5977-L-MIGRATED,5977,landscape,Company A1187E29,2026-04-28 12:05:35.460422,-155.28,5,completed,,,2026-04-28 12:05:35.460422,,,,,,,,,true,,0
5978-D-MIGRATED,5978,drains,Company A1187E29,2026-04-28 12:05:16.159176,761.6,3,completed,,,2026-04-28 12:05:16.159176,,,,,,,,,true,,0
5978-I-MIGRATED,5978,irrigation,Company A1187E29,2026-04-28 12:05:16.159176,17067.388,18,completed,,,2026-04-28 12:05:16.159176,,,,,,,,,true,,0
5978-L-MIGRATED,5978,landscape,Company A1187E29,2026-04-28 12:05:16.159176,6865.2,8,completed,,,2026-04-28 12:05:16.159176,,,,,,,,,true,,0
5979-D-1,5979,drains,Company CFB258DA,2026-04-30 09:24:33.67018,20463.65,10,completed,,2026-04-30 09:24:33.67018,2026-04-30 10:21:11.753959,,,,,,job,,,true,,0
5979-D-18,5979,drains,Company D35E67B5,2026-06-10 20:36:08.636287,273.638475,1,completed,2026-06-11 00:00:00,2026-06-10 20:54:13.424431,2026-06-10 20:54:13.43881,,,,,,job,,,false,,0
5979-D-19,5979,drains,Company D35E67B5,2026-07-23 15:28:41.923047,437.753825,4,completed,2026-07-24 00:00:00,2026-07-23 16:02:35.933062,2026-07-23 16:02:35.944849,Person 66EF849D,555-0111,,,,job,,,false,,0
5979-D-2,5979,drains,Company 033ADA73,2026-04-30 10:35:24.946929,0,0,completed,,2026-04-30 10:35:24.946929,2026-04-30 10:35:24.973052,,,,,,job,,,true,,0
5979-D-20,5979,drains,Company D35E67B5,2026-08-25 14:31:00.779846,49.828925,2,completed,2026-08-26 00:00:00,2026-08-25 15:42:23.076104,2026-08-25 15:42:23.088888,,,,,,job,,,false,,0
5979-D-21,5979,drains,,2026-08-25 14:34:54.400972,0,0,in_progress,,,2026-08-25 14:34:54.401575,,,,,,job,,,false,,0
5979-D-MIGRATED,5979,drains,Company A1187E29,2026-04-28 12:05:01.587163,1765.75675675676,2,completed,,,2026-04-28 12:05:01.587163,,,,,,,,,true,,0
5979-I-1,5979,irrigation,Company CFB258DA,2026-04-30 09:24:34.678723,36486.74,43,completed,,2026-04-30 09:24:34.678723,2026-04-30 10:21:14.594178,,,,,,job,,,true,,0
5979-I-2,5979,irrigation,Company 033ADA73,2026-04-30 10:35:25.295428,0,0,completed,,2026-04-30 10:35:25.295428,2026-04-30 10:35:25.321927,,,,,,job,,,true,,0
5979-I-34,5979,irrigation,Company D35E67B5,2026-06-04 17:25:26.208983,1412.80140929,17,completed,2026-06-04 00:00:00,2026-06-04 20:06:31.290338,2026-06-04 20:06:31.30865,,,,,,yard,,,false,,0
5979-I-35,5979,irrigation,Company D35E67B5,2026-06-10 20:35:27.247444,135.896075,1,completed,2026-06-20 00:00:00,2026-06-19 15:13:46.720746,2026-06-19 15:13:46.730268,Person 63C78BB9,555-0130,,,,will_call,,,false,,0
5979-I-36,5979,irrigation,Company D35E67B5,2026-06-19 14:36:40.356344,68.4779,4,completed,2026-06-19 00:00:00,2026-06-19 15:26:57.14914,2026-06-19 15:26:57.162202,,,,,,yard,,,false,,0
5979-I-37,5979,irrigation,Company D35E67B5,2026-06-30 14:19:48.849044,1786.2375,9,deleted,2026-06-30 00:00:00,2026-06-30 14:25:02.916559,2026-06-30 14:27:23.943813,Person 63C78BB9,555-0130,,,2026-06-30 14:27:23.936857,job,,,false,,0
5979-I-38,5979,irrigation,Company D35E67B5,2026-07-16 17:13:06.060229,1767.7961,20,completed,2026-07-16 00:00:00,2026-07-16 19:55:10.642984,2026-07-16 19:55:10.666181,,,,,,yard,,,false,,0
5979-I-39,5979,irrigation,Company D35E67B5,2026-07-16 17:46:21.17623,34.36131,1,completed,2026-07-22 00:00:00,2026-07-22 15:46:06.193832,2026-07-22 15:46:06.204549,,,,,,yard,,,false,,0
5979-I-40,5979,irrigation,Company D35E67B5,2026-07-24 15:07:35.995206,147.760625,4,completed,2026-07-24 00:00:00,2026-07-24 15:56:23.711321,2026-07-24 15:56:23.722905,,,,,,yard,,,false,,0
5979-I-41,5979,irrigation,Company D35E67B5,2026-07-31 14:09:06.477649,36.0525,2,completed,2026-07-31 00:00:00,2026-07-31 17:38:34.630881,2026-07-31 17:38:34.641395,Person 63C78BB9,,,,,will_call,,,false,,0
5979-I-42,5979,irrigation,Company D35E67B5,2026-08-04 17:57:46.055774,46.6967275,5,completed,2026-08-04 00:00:00,2026-08-04 22:03:46.015219,2026-08-04 22:03:46.033705,,,,,,yard,,,false,,0
5979-I-43,5979,irrigation,Company D35E67B5,2026-08-05 17:35:12.682642,101.762005,2,completed,2026-08-05 00:00:00,2026-08-05 17:57:03.09152,2026-08-05 17:57:03.103954,,,,,,yard,,,false,,0
5979-I-44,5979,irrigation,Company D35E67B5,2026-08-13 16:13:11.288936,2813.648535,24,completed,2026-08-14 00:00:00,2026-08-13 17:34:29.69153,2026-08-13 17:34:29.71501,,,,,,yard,,,false,,0
5979-I-45,5979,irrigation,Company D35E67B5,2026-08-25 14:31:50.26712,332.030415,3,completed,2026-08-25 00:00:00,2026-08-25 16:01:42.70881,2026-08-25 16:01:42.720168,,,,,,will_call,,,false,,0
5979-I-MIGRATED,5979,irrigation,Company A1187E29,2026-04-28 12:05:01.587163,1971.00131818182,9,completed,,,2026-04-28 12:05:01.587163,,,,,,,,,true,,0
5979-L-1,5979,landscape,Company CFB258DA,2026-04-30 09:24:41.562334,56218.96,32,completed,,2026-04-30 09:24:41.562334,2026-04-30 10:21:21.167687,,,,,,job,,,true,,0
5979-L-2,5979,landscape,Company 520BDD44,2026-06-04 15:13:29.862021,1850.695,7,completed,2026-06-11 00:00:00,2026-06-09 14:10:54.26405,2026-06-09 14:10:54.278604,Person 23DC5074,555-0147,,,,job,,,false,,0
5979-L-3,5979,landscape,Company B1347A9D,2026-06-04 15:13:29.862021,1484.37975,5,completed,2026-06-11 00:00:00,2026-06-09 14:11:12.104091,2026-06-09 14:11:12.116138,Person 23DC5074,555-0147,,,,job,,,false,,0
5979-L-4,5979,landscape,Company B1347A9D,2026-06-10 20:35:11.597758,188.45625,1,completed,2026-06-12 00:00:00,2026-06-11 21:00:27.804862,2026-06-11 21:00:27.814253,Person F3F57736,,,,,will_call,,,false,,0
5979-L-5,5979,landscape,Company B47AEED3,2026-07-10 14:47:37.991283,1458.4875,5,completed,2026-07-22 00:00:00,2026-07-20 16:22:01.498047,2026-07-20 16:22:01.515789,Person 33B0216B,555-0107,,,,job,,,false,,0
5979-L-6,5979,landscape,Company 93078B9A,2026-07-10 14:47:37.991283,853.2425,4,completed,2026-07-22 00:00:00,2026-07-20 16:22:01.581416,2026-07-20 16:22:01.592478,Person 33B0216B,555-0107,,,,job,,,false,,0
5979-L-7,5979,landscape,Company 520BDD44,2026-08-07 18:20:28.587937,1315.096875,5,completed,2026-08-13 00:00:00,2026-08-11 00:11:13.032907,2026-08-11 00:11:13.057384,,,,,,job,,,false,,0
5979-L-8,5979,landscape,Company B47AEED3,2026-08-20 20:55:49.795873,983.25,1,completed,2026-08-24 00:00:00,2026-08-20 21:01:17.242467,2026-08-20 21:01:17.252605,Person 66EF849D,555-0186,,,,job,,,false,,0
5979-L-9,5979,landscape,,2026-08-25 14:32:09.782718,0,0,in_progress,,,2026-08-25 14:32:09.783597,,,,,,job,,,false,,0
5979-L-MIGRATED,5979,landscape,Company A1187E29,2026-04-28 12:05:01.587163,195593,9,completed,,,2026-04-28 12:05:01.587163,,,,,,,,,true,,0
5979-M-1,5979,maintenance,Company F6DB773A,2026-07-29 17:04:18.896794,152.95,1,completed,2026-07-30 00:00:00,2026-07-29 17:04:55.571989,2026-07-29 17:04:55.582945,Person 03BB4046,,,,,yard,,,false,,0
5981-D-41,5981,drains,Company D35E67B5,2026-04-28 20:14:51.95829,4423.0365,11,completed,2026-04-28 00:00:00,2026-04-30 22:33:30.964243,2026-04-30 22:33:30.979883,Person 4E789DCD,555-0109,,,,job,,,false,,0
5981-D-42,5981,drains,Company CFB258DA,2026-04-30 09:24:45.115868,75327.9,11,completed,,2026-04-30 09:24:45.115868,2026-04-30 21:04:08.513965,,,,,,job,,,true,,0
5981-D-43,5981,drains,Company 033ADA73,2026-04-30 10:35:25.830136,0,0,completed,,2026-04-30 10:35:25.831135,2026-04-30 10:35:25.855981,,,,,,job,,,true,,0
5981-D-44,5981,drains,Company D35E67B5,2026-05-01 21:09:49.548058,806.055,3,completed,2026-04-28 00:00:00,2026-05-01 21:12:03.534885,2026-05-01 21:12:03.549647,,,,,,job,,,false,,0
5981-D-45,5981,drains,Company D35E67B5,2026-05-28 16:29:06.154127,3247.6665,10,completed,2026-05-28 00:00:00,2026-05-28 17:09:16.222657,2026-05-28 17:09:16.240158,Person 0E8B09AE,555-0185,,,,job,,,false,,0
5981-D-46,5981,drains,Company D35E67B5,2026-05-29 14:29:38.101635,227.07,1,completed,2026-05-29 00:00:00,2026-05-29 14:50:41.755611,2026-05-29 14:50:41.7645,Person F5F28944,555-0197,,,,job,,,false,,0
5981-D-47,5981,drains,Company D35E67B5,2026-06-01 14:55:23.117263,1115.590125,5,completed,2026-06-01 00:00:00,2026-06-01 15:40:00.231976,2026-06-01 15:40:00.24407,Person 63C78BB9,555-0130,,,,job,,,false,,0
5981-D-48,5981,drains,,2026-06-10 15:05:27.286746,0,0,in_progress,2026-06-10 00:00:00,,2026-06-10 15:06:20.177035,Person 0E8B09AE,555-0185,,,,job,,,false,,0
5981-D-MIGRATED,5981,drains,Company A1187E29,2026-04-28 12:04:12.689795,4672.2,3,completed,,,2026-04-28 12:04:12.689795,,,,,,,,,true,,0
5981-I-64,5981,irrigation,Company D35E67B5,2026-04-28 14:46:55.415199,699.69315,2,completed,2026-04-29 00:00:00,2026-04-30 18:47:43.824418,2026-04-30 18:47:43.835723,,,,,,yard,,,false,,0
5981-I-65,5981,irrigation,Company CFB258DA,2026-04-30 09:24:46.368383,5348121.58,89,completed,,2026-04-30 09:24:46.368383,2026-04-30 10:21:30.950094,,,,,,job,,,true,,0
5981-I-66,5981,irrigation,Company D35E67B5,2026-05-04 14:10:25.627019,3142.777125,13,completed,2026-05-04 00:00:00,2026-05-04 15:04:50.533074,2026-05-04 15:04:50.549512,,,,,,yard,,,false,,0
5981-I-67,5981,irrigation,Company D35E67B5,2026-05-07 16:27:34.048292,1800.9,1,completed,2026-05-08 00:00:00,2026-05-07 16:47:38.932567,2026-05-07 16:47:38.942714,,,,,,yard,,,false,,0
5981-I-68,5981,irrigation,Company D35E67B5,2026-05-14 14:20:36.989889,1107.945,1,completed,2026-05-14 00:00:00,2026-05-14 15:36:08.977916,2026-05-14 15:36:08.987575,,,,,,yard,,,false,,0
5981-I-69,5981,irrigation,Company D35E67B5,2026-05-27 16:34:55.301019,674.891625,2,completed,2026-05-27 00:00:00,2026-05-27 17:38:08.365529,2026-05-27 17:38:08.378366,Person 63C78BB9,555-0130,,,,job,,,false,,0
5981-I-70,5981,irrigation,Company D35E67B5,2026-06-02 16:15:16.143155,361.833,5,completed,2026-06-02 00:00:00,2026-06-02 18:03:49.638299,2026-06-02 18:03:49.651106,,,,,,yard,,,false,,0
5981-I-71,5981,irrigation,Company D35E67B5,2026-06-04 14:46:34.399795,197.59875,4,completed,2026-06-04 00:00:00,2026-06-04 15:41:34.357343,2026-06-04 15:41:34.371194,,,,,,yard,,,false,,0
5981-I-72,5981,irrigation,Company D35E67B5,2026-06-04 15:49:47.118045,107.2275,6,completed,2026-06-05 00:00:00,2026-06-05 16:09:50.919856,2026-06-05 16:09:50.933258,,,,,,yard,,,false,,0
5981-I-73,5981,irrigation,Company D35E67B5,2026-06-05 15:47:25.774343,130.989375,2,completed,2026-06-23 00:00:00,2026-06-22 15:07:41.928516,2026-06-22 15:07:41.939909,,,,,,job,,,false,,0
5981-I-74,5981,irrigation,Company D35E67B5,2026-06-25 17:44:51.451905,27.492,1,completed,2026-06-25 00:00:00,2026-06-25 18:22:33.761931,2026-06-25 18:22:33.773261,,,,,,yard,,,false,,0
5981-I-75,5981,irrigation,Company D35E67B5,2026-08-14 17:03:51.017043,917.067,1,completed,2026-08-14 00:00:00,2026-08-14 17:40:20.921113,2026-08-14 17:40:20.944828,,,,,,yard,,,false,,0
5981-I-76,5981,irrigation,Company D35E67B5,2026-08-18 15:19:38.134635,93.3075,3,completed,2026-08-18 00:00:00,2026-08-18 15:49:16.975076,2026-08-18 15:49:16.988924,,,,,,yard,,,false,,0
5981-I-MIGRATED,5981,irrigation,Company A1187E29,2026-04-28 12:04:12.689795,4329168.73701943,52,completed,,,2026-04-28 12:04:12.689795,,,,,,,,,true,,0
5981-L-1,5981,landscape,Company CFB258DA,2026-04-30 09:24:54.775833,289550.168,88,completed,,2026-04-30 09:24:54.775833,2026-04-30 10:21:39.671022,,,,,,job,,,true,,0
5981-L-140,5981,landscape,Company 85C03ADA,2026-05-06 20:56:09.47528,440.4375,1,completed,2026-05-08 00:00:00,2026-05-07 13:54:38.697163,2026-05-07 13:54:38.719653,,,,,,yard,,,false,,0
5981-L-141,5981,landscape,Company 93078B9A,2026-05-07 14:00:15.441575,2101.321875,6,completed,2026-05-11 00:00:00,2026-05-07 14:06:25.240335,2026-05-07 14:06:25.251925,Person 23DC5074,555-0147,,,,job,,,false,,0
5981-L-142,5981,landscape,Company 520BDD44,2026-05-07 14:00:15.441575,1319.953125,3,completed,2026-05-11 00:00:00,2026-05-07 14:06:25.329767,2026-05-07 14:06:25.336896,Person 23DC5074,555-0147,,,,job,,,false,,0
5981-L-143,5981,landscape,Company 85C03ADA,2026-05-07 14:00:15.441575,560.0625,2,completed,2026-05-08 00:00:00,2026-05-07 14:16:43.176006,2026-05-07 14:16:43.191184,Person 23DC5074,555-0147,,,,yard,,,false,,0
5981-L-144,5981,landscape,Company 02A7AFB7,2026-05-08 20:17:27.085963,2909.0625,3,completed,2026-05-14 00:00:00,2026-05-08 20:19:04.060369,2026-05-08 20:19:04.071507,Person EAE5C119,555-0172,,,,job,,,false,,0
5981-L-145,5981,landscape,Company 85C03ADA,2026-05-13 13:55:40.523007,1202.34,4,completed,2026-05-19 00:00:00,2026-05-13 14:06:02.068181,2026-05-13 14:06:02.100344,Person EAE5C119,555-0107,,,,job,,,false,,0
5981-L-146,5981,landscape,Company 09434731,2026-05-13 13:55:40.523007,3110.25,7,completed,2026-05-19 00:00:00,2026-05-13 14:06:02.239111,2026-05-13 14:06:02.257161,Person EAE5C119,555-0107,,,,job,,,false,,0
5981-L-147,5981,landscape,Company B548E4AD,2026-05-13 13:55:40.523007,2580.374596875,7,completed,2026-05-19 00:00:00,2026-05-13 14:06:02.363501,2026-05-13 14:06:02.380237,Person EAE5C119,555-0107,,,,job,,,false,,0
5981-L-148,5981,landscape,Company DE14B8EC,2026-05-13 13:55:40.523007,220.7625,1,completed,2026-05-19 00:00:00,2026-05-13 14:06:02.478149,2026-05-13 14:06:02.493533,Person EAE5C119,555-0107,,,,will_call,,,false,,0
5981-L-149,5981,landscape,Company 99AC62BC,2026-05-13 13:55:40.523007,208.8,1,completed,2026-05-19 00:00:00,2026-05-13 14:06:02.554173,2026-05-13 14:06:02.566762,Person EAE5C119,555-0107,,,,will_call,,,false,,0
5981-L-150,5981,landscape,Company EDEB5BCF,2026-05-13 13:55:40.523007,1252.017,1,completed,2026-05-19 00:00:00,2026-05-13 14:08:41.395141,2026-05-13 14:08:41.404858,Person EAE5C119,555-0107,,,,job,,,false,,0
5981-L-151,5981,landscape,Company B47AEED3,2026-06-05 17:29:20.621804,331.14375,3,completed,2026-06-08 00:00:00,2026-06-05 17:32:47.605595,2026-06-05 17:32:47.618992,Person 33B0216B,,,,,yard,,,false,,0
5981-L-152,5981,landscape,Company 725B3DA8,2026-06-09 14:11:52.385944,565.5,1,completed,2026-06-09 00:00:00,2026-06-09 14:12:35.10917,2026-06-09 14:12:35.118498,,,,,,will_call,,,false,,0
5981-L-153,5981,landscape,Company D35E67B5,2026-06-10 15:06:29.705422,91.89375,1,completed,2026-06-10 00:00:00,2026-06-10 15:48:39.165131,2026-06-10 15:48:39.176285,Person 0E8B09AE,555-0185,,,,job,,,false,,0
5981-L-154,5981,landscape,Company B47AEED3,2026-06-16 21:48:08.05642,63.760125,1,completed,2026-06-17 00:00:00,2026-06-16 21:49:56.257665,2026-06-16 21:49:56.268733,Person 33B0216B,,,,,will_call,,,false,,0
5981-L-155,5981,landscape,,2026-08-11 15:56:19.83943,1005,2,in_progress,2026-08-20 00:00:00,,2026-08-18 21:48:32.363239,Person FDEFD43F,555-0134,,,,job,,,false,,0
5981-L-2,5981,landscape,Company 033ADA73,2026-04-30 10:35:26.161928,4.674,1,completed,,2026-04-30 10:35:26.161928,2026-04-30 10:35:26.25293,,,,,,job,,,true,,0
5981-L-3,5981,landscape,Company 85C03ADA,2026-05-05 17:00:09.795833,440.4375,1,deleted,2026-05-08 00:00:00,2026-05-06 20:14:25.785584,2026-05-06 20:56:25.616385,Person 23DC5074,555-0147,,,2026-05-06 20:56:25.608942,yard,,,false,,0
5981-L-4,5981,landscape,Company 02A7AFB7,2026-05-05 17:00:09.795833,1609.5,3,completed,2026-05-11 00:00:00,2026-05-06 20:14:25.827149,2026-05-06 20:14:25.834895,Person 23DC5074,555-0147,,,,job,,,false,,0
5981-L-5,5981,landscape,Company 93078B9A,2026-05-06 20:45:03.080847,1907.475,5,deleted,2026-05-11 00:00:00,2026-05-06 20:49:47.104754,2026-05-06 20:56:53.033942,Person 23DC5074,555-0147,,,2026-05-06 20:56:53.029663,job,,,false,,0
5981-L-6,5981,landscape,Company 520BDD44,2026-05-06 20:45:03.080847,1513.8,4,deleted,2026-05-11 00:00:00,2026-05-06 20:49:47.159434,2026-05-06 20:56:48.145473,Person 23DC5074,555-0147,,,2026-05-06 20:56:48.141105,job,,,false,,0
5981-L-7,5981,landscape,Company 85C03ADA,2026-05-06 20:45:03.080847,119.625,1,deleted,2026-05-08 00:00:00,2026-05-06 20:49:47.204522,2026-05-06 20:56:40.872726,Person 23DC5074,555-0147,,,2026-05-06 20:56:40.869056,yard,,,false,,0
5981-L-MIGRATED,5981,landscape,Company A1187E29,2026-04-28 12:04:12.689795,18666.522117721,41,completed,,,2026-04-28 12:04:12.689795,,,,,,,,,true,,0
5981-M-1,5981,maintenance,Company F6DB773A,2026-08-14 23:03:53.504043,234.6825,2,completed,2026-08-15 00:00:00,2026-08-14 23:06:41.531932,2026-08-14 23:06:41.550227,,,,,,will_call,,,false,,0
5981-M-2,5981,maintenance,Company 93078B9A,2026-08-14 23:03:53.504043,308.30625,3,completed,2026-08-15 00:00:00,2026-08-17 18:16:51.092294,2026-08-17 18:16:51.104242,,,,,,will_call,,,false,,0
5981-M-3,5981,maintenance,Company B1347A9D,2026-08-14 23:03:53.504043,293.625,1,completed,2026-08-15 00:00:00,2026-08-28 21:34:42.954612,2026-08-28 21:34:42.964147,,,,,,will_call,,,false,,0
5981-M-4,5981,maintenance,Company 520BDD44,2026-08-17 18:15:05.793474,197.38125,2,completed,2026-08-24 00:00:00,2026-08-24 15:32:19.022212,2026-08-24 15:32:19.03944,Person D086513B,555-0162,,,,will_call,,,false,,0
5981-M-5,5981,maintenance,Company B47AEED3,2026-08-27 17:04:42.985,116.7975,1,completed,2026-08-27 00:00:00,2026-08-27 17:05:16.926208,2026-08-27 17:05:16.936262,Person 8F078E89,,,,,will_call,,,false,,0
5981-M-6,5981,maintenance,,2026-08-28 21:33:44.72562,0,0,in_progress,,,2026-08-28 21:33:44.726225,,,,,,job,,,false,,0
5982-D-1,5982,drains,Company CFB258DA,2026-04-30 09:25:02.000636,127710.45,16,completed,,2026-04-30 09:25:02.000636,2026-04-30 10:21:43.041437,,,,,,job,,,true,,0
5982-D-2,5982,drains,Company 033ADA73,2026-04-30 10:35:26.521459,0,0,completed,,2026-04-30 10:35:26.521459,2026-04-30 10:35:26.543952,,,,,,job,,,true,,0
5982-D-72,5982,drains,Company D35E67B5,2026-06-03 15:59:51.290868,3490.63575,7,completed,2026-06-08 00:00:00,2026-06-03 16:30:54.163618,2026-06-03 16:30:54.187347,Person 1B9E000C,555-0101,,,,job,,,false,,0
5982-D-73,5982,drains,Company D35E67B5,2026-06-09 14:46:55.540759,37.845,1,completed,2026-06-09 00:00:00,2026-06-09 15:20:14.760361,2026-06-09 15:20:14.77276,Person 4E789DCD,555-0109,,,,will_call,,,false,,0
5982-D-74,5982,drains,Company D35E67B5,2026-06-09 15:19:46.376014,3432.900375,8,completed,2026-07-01 00:00:00,2026-06-30 16:05:31.359936,2026-06-30 16:05:31.373182,,,,,,yard,,,false,,0
5982-D-75,5982,drains,Company D35E67B5,2026-07-23 18:05:05.949785,411.5535,3,completed,2026-07-23 00:00:00,2026-07-23 20:02:25.392549,2026-07-23 20:02:25.410231,,,,,,yard,,,false,,0
5982-D-76,5982,drains,,2026-07-23 20:03:59.669367,0,0,in_progress,,,2026-07-23 20:03:59.670014,,,,,,job,,,false,,0
5982-D-MIGRATED,5982,drains,Company A1187E29,2026-04-28 12:03:08.556771,2730.12312882056,12,completed,,,2026-04-28 12:03:08.556771,,,,,,,,,true,,0
5982-I-1,5982,irrigation,Company CFB258DA,2026-04-30 09:25:03.752702,950595.29,127,completed,,2026-04-30 09:25:03.752702,2026-04-30 10:21:50.580435,,,,,,job,,,true,,0
5982-I-2,5982,irrigation,Company 033ADA73,2026-04-30 10:35:26.849051,0,0,completed,,2026-04-30 10:35:26.849051,2026-04-30 10:35:26.873941,,,,,,job,,,true,,0
5982-I-3,5982,irrigation,Company D35E67B5,2026-06-09 14:46:28.516018,137.025,1,completed,2026-07-15 00:00:00,2026-07-15 17:02:49.876245,2026-07-15 17:02:49.887149,,,,,,yard,,,false,,0
5982-I-4,5982,irrigation,Company D35E67B5,2026-07-23 17:37:48.406523,192.81375,2,completed,2026-09-02 00:00:00,2026-09-02 16:15:03.16192,2026-09-02 16:15:03.176817,Person C6FE02A5,,,,,will_call,,,false,,0
5982-I-MIGRATED,5982,irrigation,Company A1187E29,2026-04-28 12:03:08.556771,116558.584335488,47,completed,,,2026-04-28 12:03:08.556771,,,,,,,,,true,,0
5982-L-1,5982,landscape,Company CFB258DA,2026-04-30 09:25:16.743034,632692.562,105,completed,,2026-04-30 09:25:16.743034,2026-04-30 10:22:02.011263,,,,,,job,,,true,,0
5982-L-2,5982,landscape,Company 033ADA73,2026-04-30 10:35:27.382519,57.228,1,completed,,2026-04-30 10:35:27.382519,2026-04-30 10:35:27.481949,,,,,,job,,,true,,0
5982-L-3,5982,landscape,Company B47AEED3,2026-07-13 15:31:55.592262,865.160625,5,completed,2026-07-14 00:00:00,2026-07-13 20:38:51.098698,2026-07-13 20:38:51.112373,Person 4E789DCD,555-0176,,,,job,,,false,,0
5982-L-4,5982,landscape,Company 725B3DA8,2026-07-15 14:47:03.915798,282.75,1,completed,2026-07-15 00:00:00,2026-07-15 14:47:30.306439,2026-07-15 14:47:30.321393,,,,,,will_call,,,false,,0
5982-L-5,5982,landscape,,2026-08-11 14:32:30.022524,0,0,in_progress,,,2026-08-11 14:32:30.023202,,,,,,job,,,false,,0
5982-L-MIGRATED,5982,landscape,Company A1187E29,2026-04-28 12:03:08.556771,94317.9783502926,63,completed,,,2026-04-28 12:03:08.556771,,,,,,,,,true,,0
5983-D-MIGRATED,5983,drains,Company A1187E29,2026-04-28 12:03:00.912779,171.99,1,completed,,,2026-04-28 12:03:00.912779,,,,,,,,,true,,0
5983-I-MIGRATED,5983,irrigation,Company A1187E29,2026-04-28 12:03:00.912779,102646.43,3,completed,,,2026-04-28 12:03:00.912779,,,,,,,,,true,,0
5983-L-MIGRATED,5983,landscape,Company A1187E29,2026-04-28 12:03:00.912779,1808,2,completed,,,2026-04-28 12:03:00.912779,,,,,,,,,true,,0
5984-D-MIGRATED,5984,drains,Company A1187E29,2026-04-28 12:02:50.987319,51.9999999999999,1,completed,,,2026-04-28 12:02:50.987319,,,,,,,,,true,,0
5984-I-MIGRATED,5984,irrigation,Company A1187E29,2026-04-28 12:02:50.987319,795.825,8,completed,,,2026-04-28 12:02:50.987319,,,,,,,,,true,,0
5984-L-MIGRATED,5984,landscape,Company A1187E29,2026-04-28 12:02:50.987319,3506.2,5,completed,,,2026-04-28 12:02:50.987319,,,,,,,,,true,,0
5985-I-MIGRATED,5985,irrigation,Company A1187E29,2026-04-28 12:02:41.838471,493,3,completed,,,2026-04-28 12:02:41.838471,,,,,,,,,true,,0
5985-L-MIGRATED,5985,landscape,Company A1187E29,2026-04-28 12:02:41.838471,3536.85,3,completed,,,2026-04-28 12:02:41.838471,,,,,,,,,true,,0
5986-D-MIGRATED,5986,drains,Company A1187E29,2026-04-28 12:02:12.628675,3052.28,3,completed,,,2026-04-28 12:02:12.628675,,,,,,,,,true,,0
5986-I-MIGRATED,5986,irrigation,Company A1187E29,2026-04-28 12:02:12.628675,41129909.4877293,39,completed,,,2026-04-28 12:02:12.628675,,,,,,,,,true,,0
5986-L-MIGRATED,5986,landscape,Company A1187E29,2026-04-28 12:02:12.628675,7795.70216347264,40,completed,,,2026-04-28 12:02:12.628675,,,,,,,,,true,,0
5987-D-MIGRATED,5987,drains,Company A1187E29,2026-04-28 12:01:45.36157,7723.5,5,completed,,,2026-04-28 12:01:45.36157,,,,,,,,,true,,0
5987-I-MIGRATED,5987,irrigation,Company A1187E29,2026-04-28 12:01:45.36157,23882756.271298,42,completed,,,2026-04-28 12:01:45.36157,,,,,,,,,true,,0
5987-L-MIGRATED,5987,landscape,Company A1187E29,2026-04-28 12:01:45.36157,10088.3497996829,28,completed,,,2026-04-28 12:01:45.36157,,,,,,,,,true,,0
5988-I-1,5988,irrigation,Company F9CD69D6,2026-08-14 17:35:56.328717,24.46875,1,deleted,2026-08-15 00:00:00,2026-08-14 17:36:14.214634,2026-08-14 17:38:50.408012,,,,,2026-08-14 17:38:50.402468,will_call,,,false,,0
5988-I-MIGRATED,5988,irrigation,Company A1187E29,2026-04-28 12:01:23.716993,10416.1749,27,completed,,,2026-04-28 12:01:23.716993,,,,,,,,,true,,0
5988-L-1,5988,landscape,Company B47AEED3,2026-08-31 17:27:24.346745,157.6875,1,completed,2026-09-01 00:00:00,2026-08-31 18:24:14.017243,2026-08-31 18:24:14.023779,,,,,,will_call,,,false,,0
5988-L-MIGRATED,5988,landscape,Company A1187E29,2026-04-28 12:01:23.716993,13.416,1,completed,,,2026-04-28 12:01:23.716993,,,,,,,,,true,,0
5989-I-MIGRATED,5989,irrigation,Company A1187E29,2026-04-28 12:00:56.311268,18335.680103353,28,completed,,,2026-04-28 12:00:56.311268,,,,,,,,,true,,0
5989-L-MIGRATED,5989,landscape,Company A1187E29,2026-04-28 12:00:56.311268,8794.18,24,completed,,,2026-04-28 12:00:56.311268,,,,,,,,,true,,0
5991-I-MIGRATED,5991,irrigation,Company A1187E29,2026-04-28 12:00:38.228242,5374.20551041667,18,completed,,,2026-04-28 12:00:38.228242,,,,,,,,,true,,0
5991-L-MIGRATED,5991,landscape,Company A1187E29,2026-04-28 12:00:38.228242,1432.9286258948,23,completed,,,2026-04-28 12:00:38.228242,,,,,,,,,true,,0
5992-D-MIGRATED,5992,drains,Company A1187E29,2026-04-28 12:00:21.187942,915.2,4,completed,,,2026-04-28 12:00:21.187942,,,,,,,,,true,,0
5992-I-MIGRATED,5992,irrigation,Company A1187E29,2026-04-28 12:00:21.187942,2417.925,10,completed,,,2026-04-28 12:00:21.187942,,,,,,,,,true,,0
5992-L-MIGRATED,5992,landscape,Company A1187E29,2026-04-28 12:00:21.187942,124288.325,9,completed,,,2026-04-28 12:00:21.187942,,,,,,,,,true,,0
5993-L-MIGRATED,5993,landscape,Company A1187E29,2026-04-28 12:00:16.199584,17600.4,6,completed,,,2026-04-28 12:00:16.199584,,,,,,,,,true,,0
5994-D-MIGRATED,5994,drains,Company A1187E29,2026-04-28 11:59:52.165106,3557.81836016097,9,completed,,,2026-04-28 11:59:52.165106,,,,,,,,,true,,0
5994-I-MIGRATED,5994,irrigation,Company A1187E29,2026-04-28 11:59:52.165106,6595606.6626139,25,completed,,,2026-04-28 11:59:52.165106,,,,,,,,,true,,0
5994-L-MIGRATED,5994,landscape,Company A1187E29,2026-04-28 11:59:52.165106,3723.18195987978,14,completed,,,2026-04-28 11:59:52.165106,,,,,,,,,true,,0
5996-I-MIGRATED,5996,irrigation,Company A1187E29,2026-04-28 11:59:40.119885,37748.8942307692,12,completed,,,2026-04-28 11:59:40.119885,,,,,,,,,true,,0
5996-L-MIGRATED,5996,landscape,Company A1187E29,2026-04-28 11:59:40.119885,1395,3,completed,,,2026-04-28 11:59:40.119885,,,,,,,,,true,,0
5998-L-MIGRATED,5998,landscape,Company A1187E29,2026-04-28 11:59:35.18472,3096.05,5,completed,,,2026-04-28 11:59:35.18472,,,,,,,,,true,,0
5999-I-MIGRATED,5999,irrigation,Company A1187E29,2026-04-28 11:59:25.188051,132,1,completed,,,2026-04-28 11:59:25.188051,,,,,,,,,true,,0
5999-L-MIGRATED,5999,landscape,Company A1187E29,2026-04-28 11:59:25.188051,1333.56,4,completed,,,2026-04-28 11:59:25.188051,,,,,,,,,true,,0
6001-D-MIGRATED,6001,drains,Company A1187E29,2026-04-28 11:59:09.692594,1545,3,completed,,,2026-04-28 11:59:09.692594,,,,,,,,,true,,0
6001-I-MIGRATED,6001,irrigation,Company A1187E29,2026-04-28 11:59:09.692594,525742.575,7,completed,,,2026-04-28 11:59:09.692594,,,,,,,,,true,,0
6001-L-MIGRATED,6001,landscape,Company A1187E29,2026-04-28 11:59:09.692594,6555.12,8,completed,,,2026-04-28 11:59:09.692594,,,,,,,,,true,,0
6002-D-MIGRATED,6002,drains,Company A1187E29,2026-04-28 11:58:57.258204,4804.472,7,completed,,,2026-04-28 11:58:57.258204,,,,,,,,,true,,0
6002-I-MIGRATED,6002,irrigation,Company A1187E29,2026-04-28 11:58:57.258204,9972.0375,5,completed,,,2026-04-28 11:58:57.258204,,,,,,,,,true,,0
6002-L-MIGRATED,6002,landscape,Company A1187E29,2026-04-28 11:58:57.258204,834.4,5,completed,,,2026-04-28 11:58:57.258204,,,,,,,,,true,,0
6003-D-1,6003,drains,Company C82B1E5C,2026-04-28 14:38:14.541164,60.222096,1,completed,2026-04-29 00:00:00,2026-04-30 18:35:42.796037,2026-04-30 18:35:42.808524,Person 895C1A0D,555-0117,,,,job,,,false,,0
6003-D-2,6003,drains,Company CFB258DA,2026-04-30 09:25:24.438001,80227.0499999999,15,completed,,2026-04-30 09:25:24.438001,2026-04-30 10:22:05.250416,,,,,,job,,,true,,0
6003-D-3,6003,drains,Company 033ADA73,2026-04-30 10:35:27.70051,14.388,1,completed,,2026-04-30 10:35:27.70051,2026-04-30 10:35:27.804872,,,,,,job,,,true,,0
6003-D-4,6003,drains,Company D35E67B5,2026-05-15 21:53:54.373597,3977.300875,7,deleted,2026-05-16 00:00:00,2026-05-15 21:58:49.801379,2026-05-15 22:00:05.551242,,,,,2026-05-15 22:00:05.538655,will_call,,,false,,0
6003-D-54,6003,drains,Company D35E67B5,2026-05-15 22:00:40.981824,2867.7251,7,completed,2026-05-16 00:00:00,2026-05-15 22:25:15.516854,2026-05-15 22:25:15.531902,Person 4E789DCD,555-0109,,,,will_call,,,false,,0
6003-D-55,6003,drains,Company C82B1E5C,2026-05-15 22:31:13.928939,2926.96482,7,completed,2026-06-04 00:00:00,2026-06-03 17:45:29.188566,2026-06-03 17:45:29.201959,Person 1B9E000C,555-0101,,,,job,,,false,,0
6003-D-56,6003,drains,Company C82B1E5C,2026-06-11 18:04:51.980522,1066.279563,1,deleted,2026-06-12 00:00:00,2026-06-11 22:05:21.129269,2026-06-15 18:57:20.605205,Person 4E789DCD,555-0109,,,2026-06-15 18:57:20.598038,job,,,false,,0
6003-D-57,6003,drains,Company EBBE7319,2026-06-11 18:20:41.229564,930,2,completed,2026-06-12 00:00:00,2026-06-11 18:21:33.935931,2026-06-11 18:21:33.946431,Person 4E789DCD,555-0176,,,,job,,,false,,0
6003-D-58,6003,drains,Company C82B1E5C,2026-06-30 15:31:31.459958,3480.07135,4,completed,2026-06-30 00:00:00,2026-06-30 15:33:37.301695,2026-06-30 15:33:37.314897,,,,,,yard,,,false,,0
6003-D-59,6003,drains,Company AEF5A8A0,2026-06-30 15:35:58.07016,400.05165,4,completed,2026-06-30 00:00:00,2026-06-30 15:38:05.181539,2026-06-30 15:38:05.194141,,,,,,yard,,,false,,0
6003-D-60,6003,drains,Company C82B1E5C,2026-07-07 15:09:13.902007,616.0509175,3,completed,2026-07-07 00:00:00,2026-07-07 16:18:32.639663,2026-07-07 16:18:32.651149,Person 4E789DCD,555-0109,,,,job,,,false,,0
6003-D-61,6003,drains,Company C82B1E5C,2026-07-08 15:04:56.309742,262.2,1,completed,2026-07-08 00:00:00,2026-07-08 15:05:45.136483,2026-07-08 15:05:45.146798,,,,,,yard,,,false,,0
6003-D-62,6003,drains,Company D35E67B5,2026-07-10 15:38:24.05305,108.70375,2,completed,2026-07-10 00:00:00,2026-07-10 16:07:21.095385,2026-07-10 16:07:21.107893,Person 4E789DCD,555-0109,,,,job,,,false,,0
6003-D-63,6003,drains,Company C82B1E5C,2026-08-04 15:42:23.987096,511.60901,3,completed,2026-08-05 00:00:00,2026-08-04 22:12:28.509603,2026-08-04 22:12:28.522168,Person 4E789DCD,555-0109,,,,job,,,false,,0
6003-D-64,6003,drains,Company D35E67B5,2026-08-12 15:30:24.959326,3096.758985,6,completed,2026-08-12 00:00:00,2026-08-12 15:58:36.89194,2026-08-12 15:58:36.906742,Person 4E789DCD,555-0109,,,,job,,,false,,0
6003-D-65,6003,drains,Company D35E67B5,2026-08-13 15:32:40.870367,86.526,1,completed,2026-08-13 00:00:00,2026-08-13 16:34:25.871501,2026-08-13 16:34:25.883778,Person A917849F,555-0169,,,,job,,,false,,0
6003-D-66,6003,drains,Company C82B1E5C,2026-08-18 14:41:51.211574,67.749858,1,completed,2026-08-19 00:00:00,2026-08-18 16:22:52.557671,2026-08-18 16:22:52.569549,Person A917849F,555-0169,,,,job,,,false,,0
6003-D-67,6003,drains,Company D35E67B5,2026-08-19 14:23:10.515596,413.4457,3,completed,2026-08-19 00:00:00,2026-08-19 14:49:45.104644,2026-08-19 14:49:45.116363,Person A917849F,555-0169,,,,job,,,false,,0
6003-D-68,6003,drains,Company EBBE7319,2026-08-19 15:05:49.915063,300,1,completed,2026-08-20 00:00:00,2026-08-19 15:06:59.362486,2026-08-19 15:06:59.371566,Person 9044842F,555-0176,,,,job,,,false,,0
6003-D-69,6003,drains,Company D35E67B5,2026-08-20 15:33:09.480247,1760.87402,8,completed,2026-08-20 00:00:00,2026-08-20 17:35:30.928855,2026-08-20 17:35:30.943726,Person A917849F,555-0169,,,,job,,,false,,0
6003-D-70,6003,drains,Company C82B1E5C,2026-08-21 14:49:33.558959,205.78767,1,completed,2026-08-21 00:00:00,2026-08-21 22:28:02.045751,2026-08-21 22:28:02.055743,Person A917849F,555-0169,,,,job,,,false,,0
6003-D-71,6003,drains,Company C82B1E5C,2026-08-21 22:27:08.021365,1770.3365995,3,completed,2026-09-08 00:00:00,2026-09-08 16:05:22.243695,2026-09-08 16:05:22.255961,,,,,,yard,,,false,,0
6003-D-MIGRATED,6003,drains,Company A1187E29,2026-04-28 11:58:16.369108,36975.12,8,completed,,,2026-04-28 11:58:16.369108,,,,,,,,,true,,0
6003-I-1,6003,irrigation,Company CFB258DA,2026-04-30 09:25:25.930182,207240.328,63,completed,,2026-04-30 09:25:25.930182,2026-04-30 10:22:09.538266,,,,,,job,,,true,,0
6003-I-2,6003,irrigation,Company 033ADA73,2026-04-30 10:35:28.139466,0,0,completed,,2026-04-30 10:35:28.139466,2026-04-30 10:35:28.163902,,,,,,job,,,true,,0
6003-I-3,6003,irrigation,Company C82B1E5C,2026-05-12 14:39:17.968347,1738.331375,5,deleted,2026-05-12 00:00:00,2026-05-12 14:42:28.684202,2026-05-12 14:45:07.416298,,,,,2026-05-12 14:45:07.411163,yard,,,false,,0
6003-I-4,6003,irrigation,Company C82B1E5C,2026-05-12 14:43:59.428993,23.92575,1,deleted,2026-05-13 00:00:00,2026-05-12 14:44:03.685681,2026-05-12 14:45:14.238782,,,,,2026-05-12 14:45:14.23145,yard,,,false,,0
6003-I-75,6003,irrigation,Company C82B1E5C,2026-05-12 14:44:38.387994,26.420856125,6,completed,2026-05-12 00:00:00,2026-05-12 15:07:03.86961,2026-05-12 15:07:03.887543,,,,,,yard,,,false,,0
6003-I-76,6003,irrigation,Company 2F610CBC,2026-06-11 18:06:02.474771,179.915085,1,completed,2026-06-19 00:00:00,2026-06-19 14:03:49.282915,2026-06-19 14:03:49.293773,Person 7260BABF,,,,,will_call,,,false,,0
6003-I-77,6003,irrigation,Company C82B1E5C,2026-06-19 14:01:03.76408,529.5843495,3,completed,2026-07-22 00:00:00,2026-07-23 16:14:35.915982,2026-07-23 16:14:35.928144,,,,,,yard,,,false,,0
6003-I-78,6003,irrigation,Company C82B1E5C,2026-08-04 15:46:18.155377,3260.26504775,25,completed,2026-08-10 00:00:00,2026-08-12 15:35:16.750536,2026-08-12 15:35:16.772985,,,,,,yard,,,false,,0
6003-I-79,6003,irrigation,Company C82B1E5C,2026-08-13 16:38:30.532606,95.0475,1,completed,2026-08-13 00:00:00,2026-08-13 16:38:49.16427,2026-08-13 16:38:49.178812,,,,,,yard,,,false,,0
6003-I-80,6003,irrigation,Company C82B1E5C,2026-08-17 14:53:55.810633,1376.87982575,13,completed,2026-08-17 00:00:00,2026-08-17 17:23:38.996267,2026-08-17 17:23:39.012983,Person C6FE02A5,,,,,yard,,,false,,0
6003-I-81,6003,irrigation,Company C82B1E5C,2026-08-18 14:40:10.417296,270.88045875,4,completed,2026-08-20 00:00:00,2026-08-19 16:32:03.575482,2026-08-19 16:32:03.588576,,,,,,yard,,,false,,0
6003-I-82,6003,irrigation,Company C82B1E5C,2026-08-20 15:31:29.898025,128.46489,5,completed,2026-08-21 00:00:00,2026-08-20 18:43:23.552571,2026-08-20 18:43:23.581279,,,,,,yard,,,false,,0
6003-I-83,6003,irrigation,Company C82B1E5C,2026-08-25 14:41:36.919324,7578.496389,22,completed,2026-08-25 00:00:00,2026-08-25 20:11:58.943499,2026-08-25 20:11:58.972336,,,,,,yard,,,false,,0
6003-I-MIGRATED,6003,irrigation,Company A1187E29,2026-04-28 11:58:16.369108,13099.47759127,53,completed,,,2026-04-28 11:58:16.369108,,,,,,,,,true,,0
6003-L-117,6003,landscape,Company B47AEED3,2026-04-28 18:37:56.079498,65.00375,1,completed,2026-04-29 00:00:00,2026-04-28 18:41:52.258632,2026-04-28 18:41:52.267242,Person 9044842F,,,,,will_call,,,false,,0
6003-L-118,6003,landscape,Company CFB258DA,2026-04-30 09:25:34.12406,160553.915,82,completed,,2026-04-30 09:25:34.12406,2026-04-30 10:22:18.796322,,,,,,job,,,true,,0
6003-L-119,6003,landscape,Company 033ADA73,2026-04-30 10:35:28.826489,0,0,completed,,2026-04-30 10:35:28.826489,2026-04-30 10:35:28.857007,,,,,,job,,,true,,0
6003-L-120,6003,landscape,Company DC9A38AE,2026-04-30 16:07:55.29906,1611.4375,2,completed,2026-08-12 00:00:00,2026-08-11 00:14:42.678827,2026-08-11 00:14:42.693582,,,,,,job,,,false,,0
6003-L-121,6003,landscape,Company B47AEED3,2026-08-11 15:03:24.626821,1420.25,1,completed,2026-08-12 00:00:00,2026-08-11 15:04:44.883241,2026-08-11 15:04:44.892503,Person 8F8FD991,555-0199,,,,job,,,false,,0
6003-L-122,6003,landscape,Company 79846416,2026-08-11 15:06:39.118898,1454.390625,3,completed,2026-08-14 00:00:00,2026-08-11 15:10:35.667932,2026-08-11 15:10:35.679117,Person 8F8FD991,555-0199,,,,job,,,false,,0
6003-L-123,6003,landscape,Company B47AEED3,2026-08-11 15:06:39.118898,1231.411375,2,completed,2026-08-14 00:00:00,2026-08-11 15:10:35.71852,2026-08-11 15:10:35.725645,Person 8F8FD991,555-0199,,,,job,,,false,,0
6003-L-124,6003,landscape,Company C82B1E5C,2026-08-18 14:39:39.898345,49.610862,1,completed,2026-08-19 00:00:00,2026-08-18 16:23:25.186976,2026-08-18 16:23:25.198159,Person A917849F,555-0169,,,,job,,,false,,0
6003-L-125,6003,landscape,Company 09434731,2026-08-24 17:09:34.853075,316.825,2,completed,2026-08-25 00:00:00,2026-08-24 17:11:42.735649,2026-08-24 17:11:42.749603,Person 8F8FD991,555-0199,,,,job,,,false,,0
6003-L-126,6003,landscape,,2026-09-01 13:50:33.910958,0,0,in_progress,,,2026-09-01 13:50:33.91147,,,,,,job,,,false,,0
6003-L-MIGRATED,6003,landscape,Company A1187E29,2026-04-28 11:58:16.369108,26316.4586345713,27,completed,,,2026-04-28 11:58:16.369108,,,,,,,,,true,,0
6003-M-1,6003,maintenance,Company B548E4AD,2026-08-27 17:35:50.478672,730.609375,2,completed,2026-08-31 00:00:00,2026-08-27 21:21:56.292601,2026-08-27 21:21:56.309389,,,,,,job,,,false,,0
6003-S-MIGRATED,6003,subcontract,Company A1187E29,2026-04-28 11:58:16.369108,11350,2,completed,,,2026-04-28 11:58:16.369108,,,,,,,,,true,,0
6004-I-MIGRATED,6004,irrigation,Company A1187E29,2026-04-28 11:58:10.902141,75.75,1,completed,,,2026-04-28 11:58:10.902141,,,,,,,,,true,,0
6004-L-MIGRATED,6004,landscape,Company A1187E29,2026-04-28 11:58:10.902141,60,1,completed,,,2026-04-28 11:58:10.902141,,,,,,,,,true,,0
6005-I-MIGRATED,6005,irrigation,Company A1187E29,2026-04-28 11:57:56.769401,1144.64138613861,11,completed,,,2026-04-28 11:57:56.769401,,,,,,,,,true,,0
6005-L-MIGRATED,6005,landscape,Company A1187E29,2026-04-28 11:57:56.769401,1457.04,5,completed,,,2026-04-28 11:57:56.769401,,,,,,,,,true,,0
6006-D-MIGRATED,6006,drains,Company A1187E29,2026-04-28 11:57:36.822191,2106500.38810811,6,completed,,,2026-04-28 11:57:36.822191,,,,,,,,,true,,0
6006-I-45,6006,irrigation,Company D35E67B5,2026-05-18 18:01:55.748281,392.315625,5,completed,2026-05-18 00:00:00,2026-05-19 16:02:13.819446,2026-05-19 16:02:13.832687,Person 63C78BB9,555-0130,,,,will_call,,,false,,0
6006-I-46,6006,irrigation,,2026-07-08 14:05:03.94199,0,0,in_progress,,,2026-07-08 14:05:03.942572,,,,,,job,,,false,,0
6006-I-MIGRATED,6006,irrigation,Company A1187E29,2026-04-28 11:57:36.822191,1027669.19649744,18,completed,,,2026-04-28 11:57:36.822191,,,,,,,,,true,,0
6006-L-32,6006,landscape,Company 520BDD44,2026-06-15 22:41:27.79544,239.25,6,completed,2026-06-20 00:00:00,2026-06-19 20:49:21.957203,2026-06-19 20:49:21.970457,,,,,,will_call,,,false,,0
6006-L-MIGRATED,6006,landscape,Company A1187E29,2026-04-28 11:57:36.822191,3728.56,13,completed,,,2026-04-28 11:57:36.822191,,,,,,,,,true,,0
6008-D-MIGRATED,6008,drains,Company A1187E29,2026-04-28 11:57:22.702085,96.72,1,completed,,,2026-04-28 11:57:22.702085,,,,,,,,,true,,0
6008-I-MIGRATED,6008,irrigation,Company A1187E29,2026-04-28 11:57:22.702085,536.72125,10,completed,,,2026-04-28 11:57:22.702085,,,,,,,,,true,,0
6008-L-MIGRATED,6008,landscape,Company A1187E29,2026-04-28 11:57:22.702085,36833.44,6,completed,,,2026-04-28 11:57:22.702085,,,,,,,,,true,,0
6009-I-MIGRATED,6009,irrigation,Company A1187E29,2026-04-28 11:57:08.003827,23772.45,12,completed,,,2026-04-28 11:57:08.003827,,,,,,,,,true,,0
6009-L-MIGRATED,6009,landscape,Company A1187E29,2026-04-28 11:57:08.003827,4642.7,9,completed,,,2026-04-28 11:57:08.003827,,,,,,,,,true,,0
6011-D-MIGRATED,6011,drains,Company A1187E29,2026-04-28 11:56:46.413459,3146.92057796126,5,completed,,,2026-04-28 11:56:46.413459,,,,,,,,,true,,0
6011-I-MIGRATED,6011,irrigation,Company A1187E29,2026-04-28 11:56:46.413459,7454766.424,24,completed,,,2026-04-28 11:56:46.413459,,,,,,,,,true,,0
6011-L-MIGRATED,6011,landscape,Company A1187E29,2026-04-28 11:56:46.413459,9208.234,8,completed,,,2026-04-28 11:56:46.413459,,,,,,,,,true,,0
6012-D-MIGRATED,6012,drains,Company A1187E29,2026-04-28 11:56:31.148492,180.18,2,completed,,,2026-04-28 11:56:31.148492,,,,,,,,,true,,0
6012-I-MIGRATED,6012,irrigation,Company A1187E29,2026-04-28 11:56:31.148492,42279.41,8,completed,,,2026-04-28 11:56:31.148492,,,,,,,,,true,,0
6012-L-MIGRATED,6012,landscape,Company A1187E29,2026-04-28 11:56:31.148492,18131.1,8,completed,,,2026-04-28 11:56:31.148492,,,,,,,,,true,,0
6012-S-MIGRATED,6012,subcontract,Company A1187E29,2026-04-28 11:56:31.148492,1400,1,completed,,,2026-04-28 11:56:31.148492,,,,,,,,,true,,0
6013-D-MIGRATED,6013,drains,Company A1187E29,2026-04-28 11:55:55.113695,-136.362222222222,8,completed,,,2026-04-28 11:55:55.113695,,,,,,,,,true,,0
6013-I-MIGRATED,6013,irrigation,Company A1187E29,2026-04-28 11:55:55.113695,4862382.93477463,40,completed,,,2026-04-28 11:55:55.113695,,,,,,,,,true,,0
6013-L-MIGRATED,6013,landscape,Company A1187E29,2026-04-28 11:55:55.113695,5327.99518072289,16,completed,,,2026-04-28 11:55:55.113695,,,,,,,,,true,,0
6014-D-MIGRATED,6014,drains,Company A1187E29,2026-04-28 11:55:24.835236,228.2,2,completed,,,2026-04-28 11:55:24.835236,,,,,,,,,true,,0
6014-I-MIGRATED,6014,irrigation,Company A1187E29,2026-04-28 11:55:24.835236,3991.413,15,completed,,,2026-04-28 11:55:24.835236,,,,,,,,,true,,0
6014-L-MIGRATED,6014,landscape,Company A1187E29,2026-04-28 11:55:24.835236,42501.3586666667,33,completed,,,2026-04-28 11:55:24.835236,,,,,,,,,true,,0
6015-D-1,6015,drains,,2026-06-19 15:01:54.405201,0,0,in_progress,,,2026-06-19 15:01:54.405789,,,,,,job,,,false,,0
6015-D-MIGRATED,6015,drains,Company A1187E29,2026-04-28 11:54:48.89307,1506.93821428571,4,completed,,,2026-04-28 11:54:48.89307,,,,,,,,,true,,0
6015-I-45,6015,irrigation,Company D35E67B5,2026-06-19 14:57:06.867195,12.8478,1,completed,2026-06-20 00:00:00,2026-06-23 18:03:21.038232,2026-06-23 18:03:21.050067,,,,,,will_call,,,false,,0
6015-I-46,6015,irrigation,Company D35E67B5,2026-07-01 14:11:34.682257,24.035,1,completed,2026-07-01 00:00:00,2026-07-02 14:05:45.277027,2026-07-02 14:05:45.290717,Person D086513B,555-0134,,,,will_call,,,false,,0
6015-I-MIGRATED,6015,irrigation,Company A1187E29,2026-04-28 11:54:48.89307,3645205.708,15,completed,,,2026-04-28 11:54:48.89307,,,,,,,,,true,,0
6015-L-1,6015,landscape,Company DC1364BB,2026-05-28 22:59:18.283031,8818.86,6,completed,2026-07-24 00:00:00,2026-08-27 21:16:27.927076,2026-08-27 21:16:27.941495,Person FAB920E7,555-0128,,,,yard,,,false,,0
6015-L-2,6015,landscape,Company B47AEED3,2026-06-16 21:31:07.038803,682.8125,1,completed,2026-06-17 00:00:00,2026-06-17 16:09:19.168035,2026-06-17 16:09:19.180531,Person 4E789DCD,,,,,will_call,,,false,,0
6015-L-3,6015,landscape,Company 85C03ADA,2026-06-17 16:51:03.178793,231.61,2,completed,2026-06-18 00:00:00,2026-06-17 16:52:04.193692,2026-06-17 16:52:04.206324,Person 4E789DCD,,,,,yard,,,false,,0
6015-L-4,6015,landscape,,2026-06-18 17:27:44.413129,0,0,in_progress,,,2026-06-18 17:27:44.413738,,,,,,job,,,false,,0
6015-L-MIGRATED,6015,landscape,Company A1187E29,2026-04-28 11:54:48.89307,389160.351008145,69,completed,,,2026-04-28 11:54:48.89307,,,,,,,,,true,,0
6016-I-MIGRATED,6016,irrigation,Company A1187E29,2026-04-28 11:54:35.347922,733.65,3,completed,,,2026-04-28 11:54:35.347922,,,,,,,,,true,,0
6016-L-MIGRATED,6016,landscape,Company A1187E29,2026-04-28 11:54:35.347922,4456.686,8,completed,,,2026-04-28 11:54:35.347922,,,,,,,,,true,,0
6017-I-1,6017,irrigation,Company CFB258DA,2026-04-30 09:25:40.041632,28684.92,24,completed,,2026-04-30 09:25:40.041632,2026-04-30 10:22:23.976429,,,,,,job,,,true,,0
6017-I-7,6017,irrigation,Company 2F610CBC,2026-05-01 17:42:52.049205,65.53275,2,completed,2026-05-01 00:00:00,2026-05-13 22:15:01.74147,2026-05-13 22:15:01.756912,,,,,,yard,,,false,,0
6017-I-8,6017,irrigation,,2026-06-17 15:07:33.58542,0,0,in_progress,,,2026-06-17 15:07:33.586112,,,,,,job,,,false,,0
6017-I-MIGRATED,6017,irrigation,Company A1187E29,2026-04-28 11:54:27.835726,1300.86,4,completed,,,2026-04-28 11:54:27.835726,,,,,,,,,true,,0
6017-L-1,6017,landscape,Company CFB258DA,2026-04-30 09:25:44.84618,4574,3,completed,,2026-04-30 09:25:44.84618,2026-04-30 10:22:28.29037,,,,,,job,,,true,,0
6017-L-2,6017,landscape,Company B47AEED3,2026-05-22 15:42:44.044637,1161.99375,2,deleted,2026-05-26 00:00:00,2026-05-22 15:49:56.607844,2026-05-22 15:51:40.819355,Person 50EE20A8,555-0111,,,2026-05-22 15:51:40.809962,job,,,false,,0
6017-L-7,6017,landscape,Company B47AEED3,2026-05-22 15:51:42.468957,1173.684375,2,completed,2026-05-26 00:00:00,2026-05-22 15:52:36.686556,2026-05-22 15:52:36.697371,Person 50EE20A8,555-0111,,,,job,,,false,,0
6018-I-MIGRATED,6018,irrigation,Company A1187E29,2026-04-28 11:54:05.597427,7415.725,7,completed,,,2026-04-28 11:54:05.597427,,,,,,,,,true,,0
6018-L-MIGRATED,6018,landscape,Company A1187E29,2026-04-28 11:54:05.597427,2360,2,completed,,,2026-04-28 11:54:05.597427,,,,,,,,,true,,0
6019-D-MIGRATED,6019,drains,Company A1187E29,2026-04-28 11:53:43.951499,1531.06,6,completed,,,2026-04-28 11:53:43.951499,,,,,,,,,true,,0
6019-I-MIGRATED,6019,irrigation,Company A1187E29,2026-04-28 11:53:43.951499,7427.5755,10,completed,,,2026-04-28 11:53:43.951499,,,,,,,,,true,,0
6019-L-MIGRATED,6019,landscape,Company A1187E29,2026-04-28 11:53:43.951499,13974.0939163198,28,completed,,,2026-04-28 11:53:43.951499,,,,,,,,,true,,0
6019-S-MIGRATED,6019,subcontract,Company A1187E29,2026-04-28 11:53:43.951499,10300,2,completed,,,2026-04-28 11:53:43.951499,,,,,,,,,true,,0
6021-I-MIGRATED,6021,irrigation,Company A1187E29,2026-04-28 11:53:33.219975,896.25,3,completed,,,2026-04-28 11:53:33.219975,,,,,,,,,true,,0
6021-L-MIGRATED,6021,landscape,Company A1187E29,2026-04-28 11:53:33.219975,19331.6,8,completed,,,2026-04-28 11:53:33.219975,,,,,,,,,true,,0
6022-I-44,6022,irrigation,Company D35E67B5,2026-04-30 18:52:20.966581,141.607725,6,completed,2026-04-24 00:00:00,2026-04-30 18:55:54.674833,2026-04-30 18:55:54.696084,,,,,,job,,,false,,0
6022-I-MIGRATED,6022,irrigation,Company A1187E29,2026-04-28 11:53:19.825015,15484.9861219512,15,completed,,,2026-04-28 11:53:19.825015,,,,,,,,,true,,0
6022-L-MIGRATED,6022,landscape,Company A1187E29,2026-04-28 11:53:19.825015,6490.898,6,completed,,,2026-04-28 11:53:19.825015,,,,,,,,,true,,0
6023-D-1,6023,drains,,2026-05-14 21:14:15.771338,0,0,in_progress,,,2026-05-14 21:14:15.771891,,,,,,job,,,false,,0
6023-D-MIGRATED,6023,drains,Company A1187E29,2026-04-28 11:52:43.618213,5550,1,completed,,,2026-04-28 11:52:43.618213,,,,,,,,,true,,0
6023-I-47,6023,irrigation,Company 2F610CBC,2026-05-14 21:13:29.846601,349.8585375,4,completed,2026-05-15 00:00:00,2026-05-14 22:22:41.292958,2026-05-14 22:22:41.306543,Person 7260BABF,,,,,job,,,false,,0
6023-I-48,6023,irrigation,Company D35E67B5,2026-05-19 15:23:29.699978,305.109,1,completed,2026-05-20 00:00:00,2026-05-19 15:36:42.946172,2026-05-19 15:36:42.954451,,,,,,yard,,,false,,0
6023-I-49,6023,irrigation,,2026-06-25 21:05:26.656526,0,0,in_progress,2026-06-26 00:00:00,,2026-06-25 21:07:54.029205,,,,,,job,,,false,,0
6023-I-MIGRATED,6023,irrigation,Company A1187E29,2026-04-28 11:52:43.618213,20971.5677446612,43,completed,,,2026-04-28 11:52:43.618213,,,,,,,,,true,,0
6023-L-MIGRATED,6023,landscape,Company A1187E29,2026-04-28 11:52:43.618213,29092.819602649,19,completed,,,2026-04-28 11:52:43.618213,,,,,,,,,true,,0
6023-M-1,6023,maintenance,Company B47AEED3,2026-06-24 14:36:00.0825,45.13125,2,completed,2026-06-12 00:00:00,2026-06-24 14:37:04.167471,2026-06-24 14:37:04.179703,Person 8F078E89,,,,,will_call,,,false,,0
6024-D-1,6024,drains,Company CFB258DA,2026-04-30 09:25:46.507249,35177.1,9,completed,,2026-04-30 09:25:46.507249,2026-04-30 10:22:30.22026,,,,,,job,,,true,,0
6024-D-2,6024,drains,Company 033ADA73,2026-04-30 10:35:29.174984,0,0,completed,,2026-04-30 10:35:29.174984,2026-04-30 10:35:29.197684,,,,,,job,,,true,,0
6024-D-30,6024,drains,Company D35E67B5,2026-05-06 15:15:21.124934,955.36875,2,completed,2026-05-06 00:00:00,2026-05-06 20:06:56.477713,2026-05-06 20:06:56.489321,Person 38FA9B9B,555-0106,,,,job,,,false,,0
6024-D-31,6024,drains,Company 2F610CBC,2026-05-15 17:05:32.455961,37.6155375,1,completed,2026-05-16 00:00:00,2026-05-15 17:05:47.533371,2026-05-15 17:05:47.541887,,,,,,job,,,false,,0
6024-D-32,6024,drains,Company C82B1E5C,2026-06-11 18:14:09.741388,2238.890625,7,completed,2026-06-12 00:00:00,2026-06-18 19:53:16.432495,2026-06-18 19:53:16.448468,Person 4E789DCD,555-0109,,,,job,,,false,,0
6024-D-33,6024,drains,Company D35E67B5,2026-06-25 15:59:49.848431,1489.3965,3,completed,2026-06-25 00:00:00,2026-06-25 16:52:34.274279,2026-06-25 16:52:34.286152,Person 38FA9B9B,555-0106,,,,job,,,false,,0
6024-D-34,6024,drains,,2026-07-13 14:44:13.128356,0,0,in_progress,,,2026-07-13 14:44:13.128919,,,,,,job,,,false,,0
6024-D-MIGRATED,6024,drains,Company A1187E29,2026-04-28 11:52:00.222683,893.178,5,completed,,,2026-04-28 11:52:00.222683,,,,,,,,,true,,0
6024-I-1,6024,irrigation,Company CFB258DA,2026-04-30 09:25:47.636943,7973670.152,79,completed,,2026-04-30 09:25:47.636943,2026-04-30 10:22:38.141257,,,,,,job,,,true,,0
6024-I-56,6024,irrigation,Company D35E67B5,2026-05-05 14:17:07.65422,177.186375,5,completed,2026-05-05 00:00:00,2026-05-05 14:54:40.210393,2026-05-05 14:54:40.222654,,,,,,yard,,,false,,0
6024-I-57,6024,irrigation,Company D35E67B5,2026-05-07 17:09:42.983993,310.04625,5,completed,2026-05-07 00:00:00,2026-05-07 17:44:02.877803,2026-05-07 17:44:02.889119,,,,,,yard,,,false,,0
6024-I-58,6024,irrigation,Company D35E67B5,2026-05-14 16:17:13.521102,1661.9175,1,completed,2026-05-14 00:00:00,2026-05-14 17:38:37.775566,2026-05-14 17:38:37.786313,,,,,,yard,,,false,,0
6024-I-59,6024,irrigation,Company D35E67B5,2026-05-14 18:39:56.951868,23.38125,1,completed,2026-05-14 00:00:00,2026-05-14 20:10:12.05147,2026-05-14 20:10:12.061532,,,,,,yard,,,false,,0
6024-I-60,6024,irrigation,Company D35E67B5,2026-05-26 14:44:31.926262,537.97809375,6,completed,2026-05-27 00:00:00,2026-05-26 15:12:52.505536,2026-05-26 15:12:52.519192,,,,,,yard,,,false,,0
6024-I-61,6024,irrigation,Company D35E67B5,2026-06-15 14:38:40.295816,9684.289725,37,completed,2026-06-16 00:00:00,2026-06-15 18:10:42.291692,2026-06-15 18:10:42.322378,Person 63C78BB9,555-0130,,,,job,,,false,,0
6024-I-62,6024,irrigation,Company D35E67B5,2026-06-15 15:36:26.326848,190.53,1,deleted,2026-06-16 00:00:00,2026-06-15 15:38:16.706856,2026-06-15 15:39:48.334316,Person 63C78BB9,555-0130,,,2026-06-15 15:39:48.32716,job,,,false,,0
6024-I-63,6024,irrigation,Company D35E67B5,2026-07-01 15:09:39.671516,87.348,1,completed,2026-07-02 00:00:00,2026-07-01 16:05:21.880626,2026-07-01 16:05:21.890419,Person 63C78BB9,555-0130,,,,job,,,false,,0
6024-I-64,6024,irrigation,Company D35E67B5,2026-07-13 14:43:27.969048,477.85021875,5,completed,2026-07-21 00:00:00,2026-07-20 16:46:49.311259,2026-07-20 16:46:49.323506,,,,,,job,,,false,,0
6024-I-65,6024,irrigation,Company 2F610CBC,2026-07-20 17:17:02.592127,44.5875,1,completed,2026-07-21 00:00:00,2026-07-21 14:45:48.395567,2026-07-21 14:45:48.404578,,,,,,will_call,,,false,,0
6024-I-66,6024,irrigation,Company D35E67B5,2026-07-20 17:17:02.592127,146.16,1,completed,2026-07-21 00:00:00,2026-07-21 14:45:48.433906,2026-07-21 14:45:48.44004,,,,,,will_call,,,false,,0
6024-I-67,6024,irrigation,Company D35E67B5,2026-07-30 15:31:58.356665,103.823625,2,completed,2026-07-30 00:00:00,2026-07-30 15:58:03.715089,2026-07-30 15:58:03.724928,,,,,,yard,,,false,,0
6024-I-68,6024,irrigation,Company D35E67B5,2026-08-27 15:29:20.442426,12323.556525,29,completed,2026-08-27 00:00:00,2026-08-27 17:03:04.850985,2026-08-27 17:03:04.87733,Person B98C7D92,555-0198,,,,job,,,false,,0
6024-I-MIGRATED,6024,irrigation,Company A1187E29,2026-04-28 11:52:00.222683,11071275.7269834,33,completed,,,2026-04-28 11:52:00.222683,,,,,,,,,true,,0
6024-L-1,6024,landscape,Company CFB258DA,2026-04-30 09:25:56.526786,161778.3405,92,completed,,2026-04-30 09:25:56.526786,2026-04-30 10:22:47.558258,,,,,,job,,,true,,0
6024-L-103,6024,landscape,Company B47AEED3,2026-04-30 21:16:19.298441,1925.85375,7,completed,2026-05-04 00:00:00,2026-04-30 21:18:52.239994,2026-04-30 21:18:52.254454,Person A2958278,555-0113,,,,job,,,false,,0
6024-L-104,6024,landscape,Company 5513C1E9,2026-04-30 21:19:06.84303,2610,1,deleted,2026-05-04 00:00:00,2026-04-30 21:21:53.139419,2026-05-08 17:07:00.813823,Person A2958278,555-0113,,,2026-05-08 17:07:00.808712,job,,,false,,0
6024-L-105,6024,landscape,Company D35E67B5,2026-05-06 18:07:27.407897,46.8495,1,completed,2026-05-06 00:00:00,2026-05-06 20:07:25.722222,2026-05-06 20:07:25.731347,Person 38FA9B9B,555-0106,,,,job,,,false,,0
6024-L-106,6024,landscape,Company 02A7AFB7,2026-05-06 18:57:27.666895,2610,1,completed,2026-05-11 00:00:00,2026-05-08 17:09:04.963273,2026-05-08 17:09:04.974294,Person A2958278,555-0174,,,,job,,,false,,0
6024-L-107,6024,landscape,Company 725B3DA8,2026-05-08 19:40:21.551771,282.75,1,completed,2026-05-08 00:00:00,2026-05-08 19:40:54.385589,2026-05-08 19:40:54.397372,,,,,,will_call,,,false,,0
6024-L-108,6024,landscape,Company D35E67B5,2026-05-22 14:15:46.78488,39.04125,1,completed,2026-05-22 00:00:00,2026-05-22 15:21:56.784375,2026-05-22 15:21:56.798297,Person 38FA9B9B,555-0106,,,,job,,,false,,0
6024-L-109,6024,landscape,Company F6DB773A,2026-06-29 18:33:03.780075,2175,1,deleted,2026-07-01 00:00:00,2026-06-29 18:34:50.521455,2026-06-30 21:37:03.95596,Person 44A170B2,555-0113,,,2026-06-30 21:37:03.951157,job,,,false,,0
6024-L-110,6024,landscape,Company 02A7AFB7,2026-06-29 18:33:03.780075,7830,1,completed,2026-07-01 00:00:00,2026-06-29 18:34:50.565757,2026-06-29 18:34:50.570644,Person 44A170B2,555-0113,,,,job,,,false,,0
6024-L-111,6024,landscape,Company 7FC335AE,2026-06-30 21:37:06.063343,793.875,1,completed,2026-07-08 00:00:00,2026-07-07 21:42:46.246261,2026-07-07 21:42:46.255889,,,,,,job,,,false,,0
6024-L-112,6024,landscape,Company 02A7AFB7,2026-07-06 14:25:25.520624,4065.01,2,completed,2026-07-08 00:00:00,2026-07-06 14:27:12.154595,2026-07-06 14:27:12.166527,Person A2958278,555-0113,,,,job,,,false,,0
6024-L-113,6024,landscape,Company F6DB773A,2026-07-07 14:57:26.393947,2987.960625,6,completed,2026-07-08 00:00:00,2026-07-07 15:03:08.716242,2026-07-07 15:03:08.727748,Person A2958278,555-0113,,,,job,,,false,,0
6024-L-114,6024,landscape,Company 725B3DA8,2026-07-09 16:05:30.412418,282.75,1,completed,2026-07-09 00:00:00,2026-07-09 16:06:22.616529,2026-07-09 16:06:22.629084,,,,,,will_call,,,false,,0
6024-L-115,6024,landscape,Company E52B4B11,2026-07-09 16:05:30.412418,369.75,1,completed,2026-07-09 00:00:00,2026-07-09 16:06:22.660844,2026-07-09 16:06:22.666596,,,,,,will_call,,,false,,0
6024-L-116,6024,landscape,Company FA7B954D,2026-07-09 16:09:08.590989,1369.92375,1,completed,2026-07-16 00:00:00,2026-07-15 20:48:54.438917,2026-07-15 20:48:54.450521,Person A2958278,555-0113,,,,job,,,false,,0
6024-L-117,6024,landscape,Company D35E67B5,2026-07-13 14:43:20.644414,59.866875,1,completed,2026-07-13 00:00:00,2026-07-13 15:39:30.404386,2026-07-13 15:39:30.416341,Person 4E789DCD,555-0109,,,,job,,,false,,0
6024-L-118,6024,landscape,Company D35E67B5,2026-08-05 15:10:36.131787,779.19325,2,completed,2026-08-07 00:00:00,2026-08-05 15:50:42.583135,2026-08-05 15:50:42.598321,Person A2958278,555-0113,,,,job,,,false,,0
6024-L-119,6024,landscape,Company 09434731,2026-08-05 16:02:49.368577,986.90625,5,completed,2026-08-06 00:00:00,2026-08-05 20:44:59.281699,2026-08-05 20:44:59.303416,Person A2958278,,,,,yard,,,false,,0
6024-L-2,6024,landscape,Company 033ADA73,2026-04-30 10:35:29.515506,7.83,1,completed,,2026-04-30 10:35:29.515506,2026-04-30 10:35:29.617955,,,,,,job,,,true,,0
6024-L-3,6024,landscape,Company B47AEED3,2026-04-30 21:08:47.001552,1925.85375,7,deleted,2026-05-04 00:00:00,2026-04-30 21:12:25.225805,2026-04-30 21:16:17.511122,Person A2958278,555-0113,,,2026-04-30 21:16:17.504904,job,,,false,,0
6024-L-4,6024,landscape,Company 5513C1E9,2026-04-30 21:08:47.001552,2610.02175,1,deleted,2026-05-04 00:00:00,2026-04-30 21:12:25.305089,2026-04-30 21:16:14.481215,Person A2958278,555-0113,,,2026-04-30 21:16:14.47605,job,,,false,,0
6024-L-MIGRATED,6024,landscape,Company A1187E29,2026-04-28 11:52:00.222683,10348.1267348707,29,completed,,,2026-04-28 11:52:00.222683,,,,,,,,,true,,0
6024-M-1,6024,maintenance,Company F6DB773A,2026-05-18 16:18:55.86779,165.028125,3,completed,2026-05-19 00:00:00,2026-05-18 16:20:40.063837,2026-05-18 16:20:40.077194,,,,,,yard,,,false,,0
6024-M-2,6024,maintenance,Company E52B4B11,2026-05-18 16:18:55.86779,110.925,1,completed,2026-05-18 00:00:00,2026-06-08 22:58:24.122062,2026-06-08 22:58:24.132608,,,,,,will_call,,,false,,0
6025-I-MIGRATED,6025,irrigation,Company A1187E29,2026-04-28 11:51:49.429047,109792,1,completed,,,2026-04-28 11:51:49.429047,,,,,,,,,true,,0
6025-L-MIGRATED,6025,landscape,Company A1187E29,2026-04-28 11:51:49.429047,560,1,completed,,,2026-04-28 11:51:49.429047,,,,,,,,,true,,0
6026-I-1,6026,irrigation,Company D35E67B5,2026-06-25 21:31:49.694746,194.1057,7,completed,2026-06-26 00:00:00,2026-06-25 22:15:22.355767,2026-06-25 22:15:22.36925,,,,,,job,,,false,,0
6026-I-4,6026,irrigation,Company D35E67B5,2026-06-25 22:15:40.034978,194.1057,7,completed,2026-06-26 00:00:00,2026-06-25 22:22:46.198408,2026-06-25 22:22:46.214923,Person 63C78BB9,,,,,will_call,,,false,,0
6026-I-5,6026,irrigation,Company D35E67B5,2026-07-02 20:25:19.273534,137.014125,4,completed,2026-07-03 00:00:00,2026-07-02 21:55:39.369918,2026-07-02 21:55:39.382699,,,,,,yard,,,false,,0
6026-I-6,6026,irrigation,Company D35E67B5,2026-07-27 15:43:35.68645,89.925375,5,completed,2026-07-27 00:00:00,2026-07-27 15:47:37.017605,2026-07-27 15:47:37.031016,Person 63C78BB9,,,,,will_call,,,false,,0
6026-I-7,6026,irrigation,,2026-08-19 14:06:55.660247,0,0,in_progress,,,2026-08-19 14:06:55.660935,,,,,,job,,,false,,0
6026-I-MIGRATED,6026,irrigation,Company A1187E29,2026-04-28 11:51:42.564153,90,1,completed,,,2026-04-28 11:51:42.564153,,,,,,,,,true,,0
6026-L-1,6026,landscape,Company B9797073,2026-06-29 14:25:04.447615,3196,1,completed,2026-07-07 00:00:00,2026-07-01 15:54:32.481731,2026-07-01 15:54:32.495299,Person 4E789DCD,555-0176,,,,job,,,false,,0
6026-L-2,6026,landscape,Company F6DB773A,2026-07-01 15:52:54.403156,548.1,1,completed,2026-07-30 00:00:00,2026-07-29 17:02:17.592143,2026-07-29 17:02:17.602161,Person 4E789DCD,,,,,yard,,,false,,0
6027-D-MIGRATED,6027,drains,Company A1187E29,2026-04-28 11:51:22.981603,104.846753246753,3,completed,,,2026-04-28 11:51:22.981603,,,,,,,,,true,,0
6027-I-MIGRATED,6027,irrigation,Company A1187E29,2026-04-28 11:51:22.981603,6057.50708139535,7,completed,,,2026-04-28 11:51:22.981603,,,,,,,,,true,,0
6027-L-MIGRATED,6027,landscape,Company A1187E29,2026-04-28 11:51:22.981603,18634.5301481482,20,completed,,,2026-04-28 11:51:22.981603,,,,,,,,,true,,0
6027-S-MIGRATED,6027,subcontract,Company A1187E29,2026-04-28 11:51:22.981603,9190,1,completed,,,2026-04-28 11:51:22.981603,,,,,,,,,true,,0
6028-I-MIGRATED,6028,irrigation,Company A1187E29,2026-04-28 11:51:01.115128,1458432.179,2,completed,,,2026-04-28 11:51:01.115128,,,,,,,,,true,,0
6028-L-MIGRATED,6028,landscape,Company A1187E29,2026-04-28 11:51:01.115128,7859.11047027109,35,completed,,,2026-04-28 11:51:01.115128,,,,,,,,,true,,0
6029-D-1,6029,drains,,2026-04-29 16:49:50.674316,0,0,in_progress,,,2026-04-29 16:49:50.674316,,,,,,job,,,false,,0
6029-I-1,6029,irrigation,Company CFB258DA,2026-04-30 09:26:03.753986,2437.45,24,completed,,2026-04-30 09:26:03.753986,2026-04-30 10:22:53.165355,,,,,,job,,,true,,0
6029-I-MIGRATED,6029,irrigation,Company A1187E29,2026-04-28 11:50:50.476346,22439.25,2,completed,,,2026-04-28 11:50:50.476346,,,,,,,,,true,,0
6029-L-1,6029,landscape,Company CFB258DA,2026-04-30 09:26:08.043451,5548.7875,27,completed,,2026-04-30 09:26:08.043451,2026-04-30 10:22:58.205053,,,,,,job,,,true,,0
6029-L-2,6029,landscape,Company 8B3EFD73,2026-04-29 16:30:11.638872,4.37,1,deleted,2026-04-30 00:00:00,2026-04-29 16:30:21.699259,2026-04-29 17:08:25.130428,,,,,2026-04-29 17:08:25.120797,job,,,false,,0
6029-L-3,6029,landscape,Company 09434731,2026-05-04 17:05:26.924141,24.58125,1,completed,2026-05-05 00:00:00,2026-05-04 17:05:40.80242,2026-05-04 17:05:40.813129,Person 9044842F,,,,,will_call,,,false,,0
6029-L-4,6029,landscape,,2026-05-04 17:06:11.99135,0,0,in_progress,,,2026-05-04 17:06:11.991914,,,,,,job,,,false,,0
6029-L-MIGRATED,6029,landscape,Company A1187E29,2026-04-28 11:50:50.476346,1408,6,completed,,,2026-04-28 11:50:50.476346,,,,,,,,,true,,0
6029-S-MIGRATED,6029,subcontract,Company A1187E29,2026-04-28 11:50:50.476346,62193.5,1,completed,,,2026-04-28 11:50:50.476346,,,,,,,,,true,,0
6031-D-MIGRATED,6031,drains,Company A1187E29,2026-04-28 11:50:43.80909,193.107250000001,4,completed,,,2026-04-28 11:50:43.80909,,,,,,,,,true,,0
6031-L-MIGRATED,6031,landscape,Company A1187E29,2026-04-28 11:50:43.80909,669,2,completed,,,2026-04-28 11:50:43.80909,,,,,,,,,true,,0
6032-I-MIGRATED,6032,irrigation,Company A1187E29,2026-04-28 11:50:28.818563,112342.3,18,completed,,,2026-04-28 11:50:28.818563,,,,,,,,,true,,0
6032-L-MIGRATED,6032,landscape,Company A1187E29,2026-04-28 11:50:28.818563,864,1,completed,,,2026-04-28 11:50:28.818563,,,,,,,,,true,,0
6033-D-34,6033,drains,Company 2F610CBC,2026-04-28 14:25:46.66999,2271.5265,5,completed,2026-04-28 00:00:00,2026-04-30 18:39:14.979417,2026-04-30 18:39:14.996229,Person CF1FAC34,555-0167,,,,job,,,false,,0
6033-D-35,6033,drains,Company CFB258DA,2026-04-30 09:26:10.738598,55145.3,11,completed,,2026-04-30 09:26:10.738598,2026-04-30 10:23:00.123976,,,,,,job,,,true,,0
6033-D-36,6033,drains,Company 033ADA73,2026-04-30 10:35:29.839801,0,0,completed,,2026-04-30 10:35:29.839801,2026-04-30 10:35:29.86499,,,,,,job,,,true,,0
6033-D-37,6033,drains,Company 2F610CBC,2026-06-08 16:18:54.537102,881.842875,5,completed,2026-06-08 00:00:00,2026-06-08 22:46:58.726119,2026-06-08 22:46:58.740608,,,,,,yard,,,false,,0
6033-D-38,6033,drains,Company AEF5A8A0,2026-06-08 16:18:54.537102,448.147875,5,completed,2026-06-08 00:00:00,2026-06-08 18:08:16.984081,2026-06-08 18:08:16.997045,,,,,,yard,,,false,,0
6033-D-39,6033,drains,Company 2F610CBC,2026-06-08 18:17:12.964896,3430.616625,7,completed,2026-06-10 00:00:00,2026-06-09 16:28:22.182605,2026-06-09 16:28:22.21057,Person 1B9E000C,555-0101,,,,job,,,false,,0
6033-D-40,6033,drains,Company EBBE7319,2026-06-11 18:15:35.564797,510,2,completed,2026-06-12 00:00:00,2026-06-18 19:29:46.238264,2026-06-18 19:29:46.252112,Person 4E789DCD,555-0176,,,,job,,,false,,0
6033-D-41,6033,drains,Company 2F610CBC,2026-06-29 14:13:13.421935,2166.9525,4,completed,2026-06-29 00:00:00,2026-06-29 15:00:48.003097,2026-06-29 15:00:48.016274,Person 66EF849D,555-0111,,,,job,,,false,,0
6033-D-42,6033,drains,Company 2F610CBC,2026-06-29 14:20:09.457095,2233.70325,7,completed,2026-07-07 00:00:00,2026-07-06 16:08:18.897849,2026-07-06 16:08:18.911272,Person 4E789DCD,555-0109,,,,job,,,false,,0
6033-D-43,6033,drains,Company 2F610CBC,2026-07-29 17:07:21.285631,990.571125,5,completed,2026-07-29 00:00:00,2026-07-29 18:04:45.66892,2026-07-29 18:04:45.682721,,,,,,yard,,,false,,0
6033-D-44,6033,drains,Company 2F610CBC,2026-08-04 14:59:35.624082,43.239,1,completed,2026-08-05 00:00:00,2026-08-04 15:22:08.568043,2026-08-04 15:22:08.581902,Person 66EF849D,555-0111,,,,job,,,false,,0
6033-D-MIGRATED,6033,drains,Company A1187E29,2026-04-28 11:49:53.221124,12154.72,4,completed,,,2026-04-28 11:49:53.221124,,,,,,,,,true,,0
6033-I-1,6033,irrigation,Company 2F610CBC,2026-04-28 20:44:52.425186,3316.4998125,11,deleted,2026-04-28 00:00:00,2026-04-30 21:37:14.873075,2026-04-30 22:19:03.951914,,,,,2026-04-30 22:19:03.940931,yard,,,false,,0
6033-I-2,6033,irrigation,Company CFB258DA,2026-04-30 09:26:12.087914,369811.276,78,completed,,2026-04-30 09:26:12.087914,2026-04-30 10:23:05.0365,,,,,,job,,,true,,0
6033-I-3,6033,irrigation,Company 033ADA73,2026-04-30 10:35:30.231029,0,1,completed,,2026-04-30 10:35:30.231029,2026-04-30 10:35:30.330094,,,,,,job,,,true,,0
6033-I-4,6033,irrigation,Company 2F610CBC,2026-04-30 20:52:57.987228,0.6612,1,deleted,2026-05-01 00:00:00,2026-04-30 21:56:58.063054,2026-04-30 21:57:12.131667,,,,,2026-04-30 21:57:12.128019,job,,,false,,0
6033-I-72,6033,irrigation,Company 2F610CBC,2026-04-30 21:38:59.530438,294.5765625,7,completed,2026-04-24 00:00:00,2026-04-30 21:55:29.186691,2026-04-30 21:55:29.202857,,,,,,yard,,,false,,0
6033-I-73,6033,irrigation,Company 2F610CBC,2026-04-30 22:03:47.022329,2817.8875875,11,completed,2026-04-28 00:00:00,2026-04-30 22:17:49.004314,2026-04-30 22:17:49.033609,,,,,,yard,,,false,,0
6033-I-74,6033,irrigation,Company 2F610CBC,2026-05-08 15:42:45.261711,836.3255625,1,completed,2026-05-08 00:00:00,2026-05-08 17:18:28.54978,2026-05-08 17:18:28.561664,,,,,,yard,,,false,,0
6033-I-75,6033,irrigation,Company 2F610CBC,2026-05-13 14:24:08.201982,236.3866125,3,completed,2026-05-13 00:00:00,2026-05-13 14:30:39.953398,2026-05-13 14:30:39.96547,,,,,,yard,,,false,,0
6033-I-76,6033,irrigation,Company D35E67B5,2026-05-26 14:28:32.764077,317.0715,2,completed,2026-05-27 00:00:00,2026-05-26 14:48:38.090212,2026-05-26 14:48:38.10275,Person 63C78BB9,555-0130,,,,will_call,,,false,,0
6033-I-77,6033,irrigation,Company 2F610CBC,2026-06-03 17:03:55.150365,20.669025,1,completed,2026-06-03 00:00:00,2026-06-03 17:04:32.825494,2026-06-03 17:04:32.838651,,,,,,yard,,,false,,0
6033-I-78,6033,irrigation,Company D35E67B5,2026-06-08 18:04:11.773297,464.603925,2,completed,2026-06-12 00:00:00,2026-06-15 14:08:08.79888,2026-06-15 14:08:08.815885,Person 63C78BB9,555-0130,,,,will_call,,,false,,0
6033-I-79,6033,irrigation,Company 2F610CBC,2026-06-15 16:39:49.560113,3294.113625,11,completed,2026-06-15 00:00:00,2026-06-15 17:40:42.858345,2026-06-15 17:40:42.875263,,,,,,yard,,,false,,0
6033-I-80,6033,irrigation,Company 2F610CBC,2026-06-15 16:53:29.158603,5799.235125,24,completed,2026-06-15 00:00:00,2026-06-15 20:37:12.011351,2026-06-15 20:37:12.034377,Person 63C78BB9,555-0130,,,,job,,,false,,0
6033-I-81,6033,irrigation,Company 2F610CBC,2026-06-16 20:11:58.986723,283.62,5,completed,2026-06-16 00:00:00,2026-06-18 14:01:00.092232,2026-06-18 14:01:00.109835,,,,,,yard,,,false,,0
6033-I-82,6033,irrigation,Company 2F610CBC,2026-06-17 15:05:54.230484,462.1875,2,completed,2026-06-17 00:00:00,2026-06-17 18:10:28.953539,2026-06-17 18:10:28.964625,Person 63C78BB9,555-0130,,,,job,,,false,,0
6033-I-83,6033,irrigation,Company 2F610CBC,2026-06-22 14:43:26.844717,143.55,2,completed,2026-06-22 00:00:00,2026-06-22 17:51:08.2208,2026-06-22 17:51:08.231802,,,,,,yard,,,false,,0
6033-I-84,6033,irrigation,Company 2F610CBC,2026-06-22 17:04:09.561563,953.19375,3,completed,2026-06-23 00:00:00,2026-06-22 20:46:19.134875,2026-06-22 20:46:19.148595,Person 63C78BB9,555-0130,,,,job,,,false,,0
6033-I-85,6033,irrigation,Company 2F610CBC,2026-06-24 14:28:26.840221,747.406125,5,completed,2026-06-24 00:00:00,2026-06-24 14:57:21.422116,2026-06-24 14:57:21.439151,Person 63C78BB9,555-0130,,,,job,,,false,,0
6033-I-86,6033,irrigation,Company 2F610CBC,2026-06-29 14:18:23.642488,42.553875,1,completed,2026-07-02 00:00:00,2026-07-02 17:22:31.004409,2026-07-02 17:22:31.014501,,,,,,yard,,,false,,0
6033-I-87,6033,irrigation,Company 2F610CBC,2026-07-06 15:37:53.073285,223.49082,2,completed,2026-07-06 00:00:00,2026-07-06 16:02:00.671357,2026-07-06 16:02:00.682301,,,,,,yard,,,false,,0
6033-I-88,6033,irrigation,Company 2F610CBC,2026-07-09 15:41:35.479853,454.977375,4,completed,2026-07-09 00:00:00,2026-07-09 16:39:26.522226,2026-07-09 16:39:26.53467,,,,,,yard,,,false,,0
6033-I-89,6033,irrigation,Company 2F610CBC,2026-07-14 14:37:58.442418,2694.2971275,18,completed,2026-07-14 00:00:00,2026-07-14 17:30:33.149074,2026-07-14 17:30:33.168513,,,,,,yard,,,false,,0
6033-I-90,6033,irrigation,Company 2F610CBC,2026-07-29 15:13:46.583686,308.3551875,6,completed,2026-07-29 00:00:00,2026-07-29 15:51:19.70337,2026-07-29 15:51:19.719868,Person 40A815A5,555-0127,,,,job,,,false,,0
6033-I-91,6033,irrigation,Company 2F610CBC,2026-08-03 15:17:45.097821,26.154375,1,completed,2026-08-03 00:00:00,2026-08-03 15:51:56.757219,2026-08-03 15:51:56.768109,,,,,,yard,,,false,,0
6033-I-92,6033,irrigation,Company 2F610CBC,2026-08-04 14:45:00.943208,392.82675,3,completed,2026-08-04 00:00:00,2026-08-04 15:13:14.679495,2026-08-04 15:13:14.697809,Person 40A815A5,555-0127,,,,job,,,false,,0
6033-I-93,6033,irrigation,Company 2F610CBC,2026-08-04 15:01:06.043707,784.850925,2,completed,2026-08-05 00:00:00,2026-08-05 22:49:53.477976,2026-08-05 22:49:53.489955,,,,,,yard,,,false,,0
6033-I-94,6033,irrigation,Company 2F610CBC,2026-08-05 18:04:17.59389,52.402275,5,completed,2026-08-05 00:00:00,2026-08-05 22:48:14.756246,2026-08-05 22:48:14.772083,,,,,,yard,,,false,,0
6033-I-95,6033,irrigation,Company D35E67B5,2026-09-01 15:09:19.154142,107.98875,1,completed,2026-09-01 00:00:00,2026-09-01 15:10:20.567585,2026-09-01 15:10:20.574262,Person D086513B,555-0134,,,,will_call,,,false,,0
6033-I-MIGRATED,6033,irrigation,Company A1187E29,2026-04-28 11:49:53.221124,187105.304086957,20,completed,,,2026-04-28 11:49:53.221124,,,,,,,,,true,,0
6033-L-104,6033,landscape,Company 2F610CBC,2026-04-28 16:45:57.417876,243.219375,1,completed,2026-04-28 00:00:00,2026-04-30 22:39:38.172252,2026-04-30 22:39:38.181903,Person CF1FAC34,555-0175,,,,job,,,false,,0
6033-L-105,6033,landscape,Company 09434731,2026-04-29 21:13:34.865975,1674.20625,6,completed,2026-05-04 00:00:00,2026-04-29 21:23:02.505894,2026-04-29 21:23:02.520591,Person 50EE20A8,555-0111,,,,job,,,false,,0
6033-L-106,6033,landscape,Company B548E4AD,2026-04-29 21:13:34.865975,2421.046875,7,completed,2026-05-04 00:00:00,2026-04-29 21:23:02.569517,2026-04-29 21:23:02.578517,Person 50EE20A8,555-0111,,,,job,,,false,,0
6033-L-107,6033,landscape,Company CFB258DA,2026-04-30 09:26:21.314743,195971.04,84,completed,,2026-04-30 09:26:21.314743,2026-04-30 10:23:14.857125,,,,,,job,,,true,,0
6033-L-108,6033,landscape,Company 033ADA73,2026-04-30 10:35:30.838868,5.928,1,completed,,2026-04-30 10:35:30.838868,2026-04-30 10:35:30.937016,,,,,,job,,,true,,0
6033-L-109,6033,landscape,Company B1347A9D,2026-05-08 15:52:02.12901,50.46,1,completed,2026-05-08 00:00:00,2026-05-08 15:52:52.894745,2026-05-08 15:52:52.903979,Person CF1FAC34,,,,,will_call,,,false,,0
6033-L-110,6033,landscape,Company B47AEED3,2026-05-12 18:38:01.253756,348.163125,4,completed,2026-05-13 00:00:00,2026-05-12 18:39:31.347077,2026-05-12 18:39:31.358293,Person 50EE20A8,,,,,will_call,,,false,,0
6033-L-111,6033,landscape,Company B47AEED3,2026-05-12 18:40:36.370978,216.95625,1,completed,2026-06-04 00:00:00,2026-06-03 20:29:44.223143,2026-06-03 20:29:44.232639,Person 50EE20A8,555-0111,,,,will_call,,,false,,0
6033-L-112,6033,landscape,Company 520BDD44,2026-06-04 18:17:33.890127,3202.6875,5,completed,2026-06-11 00:00:00,2026-06-04 18:29:44.973554,2026-06-04 18:29:44.989154,Person E87D0748,555-0111,,,,job,,,false,,0
6033-L-113,6033,landscape,Company B548E4AD,2026-06-04 18:17:33.890127,3568.0875,5,completed,2026-06-11 00:00:00,2026-06-04 18:29:45.035438,2026-06-04 18:29:45.043485,Person E87D0748,555-0111,,,,job,,,false,,0
6033-L-114,6033,landscape,Company 09434731,2026-06-04 18:17:33.890127,2550.1875,3,completed,2026-06-11 00:00:00,2026-06-04 18:29:45.089918,2026-06-04 18:29:45.096906,Person E87D0748,555-0111,,,,job,,,false,,0
6033-L-115,6033,landscape,Company E4A3BEFC,2026-06-04 18:17:33.890127,1500,1,completed,2026-06-11 00:00:00,2026-06-04 18:29:45.136357,2026-06-04 18:29:45.14311,Person E87D0748,555-0111,,,,job,,,false,,0
6033-L-116,6033,landscape,Company D35E67B5,2026-06-08 18:03:52.921732,831.285,1,completed,2026-06-16 00:00:00,2026-06-16 16:34:53.630839,2026-06-16 16:34:53.641841,Person 53A99539,555-0111,,,,job,,,false,,0
6033-L-117,6033,landscape,Company B47AEED3,2026-06-18 15:20:44.974703,1209.84375,6,completed,2026-06-25 00:00:00,2026-06-23 15:15:36.416792,2026-06-23 15:15:36.430259,Person 50EE20A8,555-0111,,,,job,,,false,,0
6033-L-118,6033,landscape,Company F6DB773A,2026-06-18 15:20:44.974703,1843.584375,8,completed,2026-06-25 00:00:00,2026-06-23 15:27:32.462414,2026-06-23 15:27:32.477053,Person 50EE20A8,555-0111,,,,job,,,false,,0
6033-L-119,6033,landscape,Company B548E4AD,2026-06-18 15:20:44.974703,2613.2625,7,completed,2026-06-25 00:00:00,2026-06-23 15:15:36.542983,2026-06-23 15:15:36.552722,Person 50EE20A8,555-0111,,,,job,,,false,,0
6033-L-120,6033,landscape,Company 93078B9A,2026-06-18 15:20:44.974703,195.75,1,completed,2026-06-25 00:00:00,2026-06-23 15:15:36.602233,2026-06-23 15:15:36.610038,Person 50EE20A8,555-0111,,,,will_call,,,false,,0
6033-L-121,6033,landscape,Company FA7B954D,2026-06-25 15:47:52.493481,678.6,1,completed,2026-06-30 00:00:00,2026-06-25 15:50:18.237522,2026-06-25 15:50:18.247579,Person 345369A9,555-0186,,,,job,,,false,,0
6033-L-122,6033,landscape,Company 2F610CBC,2026-06-29 14:18:02.331954,216.195,1,completed,2026-06-30 00:00:00,2026-06-29 15:02:31.006978,2026-06-29 15:02:31.017129,,,,,,job,,,false,,0
6033-L-123,6033,landscape,Company 93078B9A,2026-06-29 16:13:18.927579,622,2,completed,2026-06-30 00:00:00,2026-06-29 16:14:26.676899,2026-06-29 16:14:26.687308,Person 4E789DCD,555-0176,,,,job,,,false,,0
6033-L-124,6033,landscape,Company B47AEED3,2026-07-06 17:33:13.330909,154.96875,1,completed,2026-07-07 00:00:00,2026-07-06 17:33:44.917288,2026-07-06 17:33:44.928677,,,,,,will_call,,,false,,0
6033-L-125,6033,landscape,Company B548E4AD,2026-07-14 14:53:46.337316,2862.3,5,completed,2026-08-10 00:00:00,2026-07-15 18:09:32.844708,2026-07-15 18:09:32.859883,Person 893D6B8A,555-0186,,,,job,,,false,,0
6033-L-126,6033,landscape,Company B1347A9D,2026-07-14 14:53:46.337316,1345.509375,3,completed,2026-08-10 00:00:00,2026-07-15 18:09:32.903077,2026-07-15 18:09:32.910694,Person 893D6B8A,555-0186,,,,job,,,false,,0
6033-L-127,6033,landscape,Company 5513C1E9,2026-07-14 14:53:46.337316,1783.5,2,completed,2026-08-10 00:00:00,2026-07-15 18:09:32.946857,2026-07-15 18:09:32.95474,Person 893D6B8A,555-0186,,,,job,,,false,,0
6033-L-128,6033,landscape,Company B548E4AD,2026-07-31 18:19:14.665383,1166.34375,1,completed,2026-08-03 00:00:00,2026-07-31 18:19:57.097775,2026-07-31 18:19:57.105583,Person 893D6B8A,555-0186,,,,job,,,false,,0
6033-L-129,6033,landscape,Company B47AEED3,2026-08-04 15:01:15.325999,277.3125,2,completed,2026-08-29 00:00:00,2026-08-28 21:23:28.735329,2026-08-28 21:23:28.748605,,,,,,will_call,,,false,,0
6033-L-130,6033,landscape,,2026-09-02 15:00:12.332538,0,0,in_progress,,,2026-09-02 15:00:12.333101,,,,,,job,,,false,,0
6033-L-MIGRATED,6033,landscape,Company A1187E29,2026-04-28 11:49:53.221124,155818.923469764,27,completed,,,2026-04-28 11:49:53.221124,,,,,,,,,true,,0
6033-M-1,6033,maintenance,Company 93078B9A,2026-09-04 15:05:09.98441,204.45,3,completed,2026-09-08 00:00:00,2026-09-04 15:07:27.623606,2026-09-04 15:07:27.63396,Person 8F078E89,,,,,yard,,,false,,0
6033-M-2,6033,maintenance,Company 85C03ADA,2026-09-04 15:05:09.98441,349.0875,2,completed,2026-09-08 00:00:00,2026-09-04 15:07:27.666757,2026-09-04 15:07:27.672022,Person 8F078E89,,,,,yard,,,false,,0
6034-I-MIGRATED,6034,irrigation,Company A1187E29,2026-04-28 11:49:40.90441,546298.47438914,15,completed,,,2026-04-28 11:49:40.90441,,,,,,,,,true,,0
6034-L-MIGRATED,6034,landscape,Company A1187E29,2026-04-28 11:49:40.90441,2253.888,3,completed,,,2026-04-28 11:49:40.90441,,,,,,,,,true,,0
6035-D-MIGRATED,6035,drains,Company A1187E29,2026-04-28 11:49:26.03854,109.2,2,completed,,,2026-04-28 11:49:26.03854,,,,,,,,,true,,0
6035-I-MIGRATED,6035,irrigation,Company A1187E29,2026-04-28 11:49:26.03854,327215.76,16,completed,,,2026-04-28 11:49:26.03854,,,,,,,,,true,,0
6035-L-MIGRATED,6035,landscape,Company A1187E29,2026-04-28 11:49:26.03854,153178.71,9,completed,,,2026-04-28 11:49:26.03854,,,,,,,,,true,,0
6036-L-MIGRATED,6036,landscape,Company A1187E29,2026-04-28 11:49:17.786742,6224.2,13,completed,,,2026-04-28 11:49:17.786742,,,,,,,,,true,,0
6037-D-1,6037,drains,Company CFB258DA,2026-04-30 09:26:28.382977,23045.4,13,completed,,2026-04-30 09:26:28.382977,2026-04-30 10:23:18.561193,,,,,,job,,,true,,0
6037-D-2,6037,drains,Company 033ADA73,2026-04-30 10:35:31.188043,0,0,completed,,2026-04-30 10:35:31.188043,2026-04-30 10:35:31.212416,,,,,,job,,,true,,0
6037-D-20,6037,drains,Company D35E67B5,2026-07-06 15:07:42.79892,3120.2115,11,completed,2026-07-07 00:00:00,2026-07-06 20:05:53.245821,2026-07-06 20:05:53.262112,Person 1B9E000C,555-0101,,,,job,,,false,,0
6037-D-21,6037,drains,Company D35E67B5,2026-07-09 15:55:14.128375,593.775,1,completed,2026-07-22 00:00:00,2026-07-22 17:06:38.842497,2026-07-22 17:06:38.851495,Person 4E789DCD,555-0109,,,,yard,,,false,,0
6037-D-22,6037,drains,Company D35E67B5,2026-07-29 15:42:28.611597,448.582875,2,completed,2026-07-29 00:00:00,2026-07-29 16:48:12.294826,2026-07-29 16:48:12.306995,Person 31B0347E,555-0188,,,,job,,,false,,0
6037-D-23,6037,drains,Company D35E67B5,2026-08-10 14:51:24.235097,2426.223375,3,completed,2026-08-24 00:00:00,2026-08-10 15:33:43.188773,2026-08-10 15:33:43.204715,,,,,,yard,,,false,,0
6037-D-24,6037,drains,Company D35E67B5,2026-08-13 21:47:31.011252,811.394625,5,completed,2026-08-14 00:00:00,2026-08-13 22:24:10.342131,2026-08-13 22:24:10.356295,,,,,,yard,,,false,,0
6037-D-3,6037,drains,Company 033ADA73,2026-04-30 10:39:54.698127,14.4000000000005,1,completed,,2026-04-30 10:39:54.698127,2026-04-30 10:39:54.799476,,,,,,job,,,true,,0
6037-D-4,6037,drains,Company 033ADA73,2026-04-30 10:43:26.869133,14.4000000000005,1,completed,,2026-04-30 10:43:26.869133,2026-04-30 10:43:26.97144,,,,,,job,,,true,,0
6037-D-MIGRATED,6037,drains,Company A1187E29,2026-04-28 11:48:34.628625,267.283529411765,4,completed,,,2026-04-28 11:48:34.628625,,,,,,,,,true,,0
6037-I-1,6037,irrigation,Company CFB258DA,2026-04-30 09:26:29.427952,157304.118,58,completed,,2026-04-30 09:26:29.427952,2026-04-30 10:23:24.624108,,,,,,job,,,true,,0
6037-I-62,6037,irrigation,Company D35E67B5,2026-07-06 15:07:49.934182,74.417625,1,completed,2026-07-09 00:00:00,2026-07-09 17:27:04.922216,2026-07-09 17:27:04.932554,,,,,,yard,,,false,,0
6037-I-63,6037,irrigation,Company D35E67B5,2026-07-20 15:24:59.349796,2772.048375,20,completed,2026-07-20 00:00:00,2026-07-20 16:53:16.18123,2026-07-20 16:53:16.201992,,,,,,yard,,,false,,0
6037-I-64,6037,irrigation,Company D35E67B5,2026-07-28 14:59:50.934768,116.112375,1,completed,2026-08-03 00:00:00,2026-08-03 16:17:48.901214,2026-08-03 16:17:48.910826,Person 9797BB7E,555-0110,,,,job,,,false,,0
6037-I-65,6037,irrigation,Company D35E67B5,2026-08-26 15:30:02.813429,5441.208375,30,completed,2026-08-26 00:00:00,2026-08-26 22:03:23.161764,2026-08-26 22:03:23.190939,,,,,,yard,,,false,,0
6037-I-66,6037,irrigation,Company D35E67B5,2026-09-02 13:46:43.060043,114.1875,1,completed,2026-09-02 00:00:00,2026-09-02 13:48:55.758613,2026-09-02 13:48:55.766883,Person C6FE02A5,,,,,yard,,,false,,0
6037-I-67,6037,irrigation,,2026-09-02 15:20:02.992068,0,0,in_progress,,,2026-09-02 15:20:02.992574,,,,,,job,,,false,,0
6037-I-MIGRATED,6037,irrigation,Company A1187E29,2026-04-28 11:48:34.628625,5923.43252913753,28,completed,,,2026-04-28 11:48:34.628625,,,,,,,,,true,,0
6037-L-1,6037,landscape,Company CFB258DA,2026-04-30 09:26:36.821172,105820.3824,98,completed,,2026-04-30 09:26:36.821172,2026-04-30 10:23:35.262443,,,,,,job,,,true,,0
6037-L-10,6037,landscape,Company 5513C1E9,2026-08-10 15:19:43.190018,1473.5625,3,completed,2026-08-25 00:00:00,2026-08-12 15:23:10.264294,2026-08-12 15:23:10.270953,Person 8F8FD991,555-0199,,,,job,,,false,,0
6037-L-11,6037,landscape,Company D35E67B5,2026-09-02 13:46:40.105897,247.01475,3,completed,2026-09-03 00:00:00,2026-09-02 16:02:53.030917,2026-09-02 16:02:53.042221,Person B72FEBDC,555-0199,,,,job,,,false,,0
6037-L-12,6037,landscape,Company 09434731,2026-09-04 15:38:04.873778,224.296875,1,completed,2026-09-08 00:00:00,2026-09-04 17:09:27.215491,2026-09-04 17:09:27.224167,Person A917849F,555-0199,,,,job,,,false,,0
6037-L-2,6037,landscape,Company B1347A9D,2026-07-24 21:22:58.523188,1027.6875,5,completed,2026-07-29 00:00:00,2026-07-24 21:35:49.116266,2026-07-24 21:35:49.129602,Person 8F8FD991,555-0199,,,,job,,,false,,0
6037-L-3,6037,landscape,Company F6DB773A,2026-07-24 21:22:58.523188,937.96875,11,completed,2026-07-29 00:00:00,2026-07-24 21:35:49.176366,2026-07-24 21:35:49.187687,Person 8F8FD991,555-0199,,,,job,,,false,,0
6037-L-4,6037,landscape,Company 09434731,2026-07-24 21:22:58.523188,1082.0625,3,completed,2026-07-29 00:00:00,2026-07-24 21:35:49.25341,2026-07-24 21:35:49.260924,Person 8F8FD991,555-0199,,,,job,,,false,,0
6037-L-5,6037,landscape,Company 2F610CBC,2026-07-28 14:59:46.890357,291.885,3,completed,2026-07-29 00:00:00,2026-07-28 15:02:17.189364,2026-07-28 15:02:17.201436,Person 8F8FD991,555-0107,,,,job,,,false,,0
6037-L-6,6037,landscape,Company 09434731,2026-08-03 14:20:06.89878,433.36875,11,completed,2026-08-05 00:00:00,2026-08-04 14:53:00.212869,2026-08-04 14:53:00.228034,Person A917849F,555-0199,,,,job,,,false,,0
6037-L-7,6037,landscape,Company B47AEED3,2026-08-07 16:27:23.423912,68.5125,1,completed,2026-08-07 00:00:00,2026-08-07 16:28:05.421633,2026-08-07 16:28:05.435195,,,,,,will_call,,,false,,0
6037-L-8,6037,landscape,Company 09434731,2026-08-10 15:19:43.190018,3238.303125,20,completed,2026-08-25 00:00:00,2026-09-09 13:20:56.083199,2026-09-09 13:20:56.122064,Person 8F8FD991,555-0199,,,,job,,,false,,0
6037-L-9,6037,landscape,Company 79846416,2026-08-10 15:19:43.190018,358.875,1,completed,2026-08-25 00:00:00,2026-09-04 15:41:23.820413,2026-09-04 15:41:23.8279,Person 8F8FD991,555-0199,,,,will_call,,,false,,0
6037-L-MIGRATED,6037,landscape,Company A1187E29,2026-04-28 11:48:34.628625,77416.3789212008,32,completed,,,2026-04-28 11:48:34.628625,,,,,,,,,true,,0
6038-D-1,6038,drains,,2026-06-11 22:17:23.646936,0,0,in_progress,2026-09-09 00:00:00,,2026-09-08 14:32:30.427242,Person 9044842F,555-0176,,,,job,,,false,,0
6038-I-1,6038,irrigation,Company CFB258DA,2026-04-30 07:44:42.617829,39717.27,18,deleted,,2026-04-30 07:44:42.617829,2026-04-30 08:25:59.983926,,,,,,job,,,true,,0
6038-I-10,6038,irrigation,Company C82B1E5C,2026-06-12 19:36:06.744363,82.215,1,completed,2026-06-12 00:00:00,2026-06-12 19:36:57.724546,2026-06-12 19:36:57.733767,,,,,,yard,,,false,,0
6038-I-11,6038,irrigation,Company C82B1E5C,2026-06-22 16:42:53.9326,130.251615,2,completed,2026-06-30 00:00:00,2026-06-30 16:07:36.150118,2026-06-30 16:07:36.16297,,,,,,yard,,,false,,0
6038-I-12,6038,irrigation,Company D35E67B5,2026-07-01 18:00:01.489053,2142.498975,14,completed,2026-07-02 00:00:00,2026-07-01 20:11:56.272276,2026-07-01 20:11:56.29097,,,,,,job,,,false,,0
6038-I-13,6038,irrigation,Company 2F610CBC,2026-07-20 17:15:57.613122,44.5875,1,completed,2026-07-21 00:00:00,2026-07-21 14:41:14.045165,2026-07-21 14:41:14.053941,,,,,,will_call,,,false,,0
6038-I-14,6038,irrigation,Company D35E67B5,2026-08-24 16:06:18.670829,5896.686,15,completed,2026-08-25 00:00:00,2026-08-24 17:20:03.231412,2026-08-24 17:20:03.253587,,,,,,yard,,,false,,0
6038-I-15,6038,irrigation,Company D35E67B5,2026-08-25 17:10:33.068114,5710.825725,9,completed,2026-08-25 00:00:00,2026-08-27 21:18:54.166644,2026-08-27 21:18:54.183425,Person 63C78BB9,,,,,will_call,,,false,,0
6038-I-16,6038,irrigation,Company D35E67B5,2026-08-28 21:37:57.798454,585.325125,2,completed,2026-08-31 00:00:00,2026-08-31 14:10:41.285105,2026-08-31 14:10:41.319074,Person 63C78BB9,555-0130,,,,job,,,false,,0
6038-I-17,6038,irrigation,Company D35E67B5,2026-09-01 13:22:55.043419,2760.868875,5,completed,2026-09-01 00:00:00,2026-09-01 17:11:00.444866,2026-09-01 17:11:00.455631,Person 63C78BB9,555-0153,,,,job,,,false,,0
6038-I-18,6038,irrigation,Company D35E67B5,2026-09-03 16:02:22.780042,64.05375,1,completed,2026-09-03 00:00:00,2026-09-03 16:17:17.992842,2026-09-03 16:17:18.002493,,,,,,yard,,,false,,0
6038-I-19,6038,irrigation,Company D35E67B5,2026-09-04 14:30:08.728058,864.8235,8,completed,2026-09-04 00:00:00,2026-09-04 16:50:46.383745,2026-09-04 16:50:46.395228,,,,,,yard,,,false,,0
6038-I-2,6038,irrigation,Company CFB258DA,2026-04-30 08:29:26.411353,34750.28,31,deleted,,2026-04-30 08:29:26.411353,2026-04-30 08:42:36.133509,,,,,,job,,,true,,0
6038-I-3,6038,irrigation,Company CFB258DA,2026-04-30 08:52:05.179883,39528,14,completed,,2026-04-30 08:52:05.179883,2026-04-30 08:58:33.833887,,,,,,job,,,true,,0
6038-I-8,6038,irrigation,Company C82B1E5C,2026-06-11 17:17:01.956461,1944.50535375,13,completed,2026-06-12 00:00:00,2026-07-06 17:38:47.355983,2026-07-06 17:38:47.370963,,,,,,yard,,,false,,0
6038-I-9,6038,irrigation,Company C82B1E5C,2026-06-11 22:07:26.720538,125.28,1,completed,2026-06-12 00:00:00,2026-06-12 14:57:45.934982,2026-06-12 14:57:45.944311,Person C6FE02A5,,,,,yard,,,false,,0
6038-I-MIGRATED,6038,irrigation,Company A1187E29,2026-04-28 11:48:25.258594,2563.2,2,completed,,,2026-04-28 11:48:25.258594,,,,,,,,,true,,0
6038-L-1,6038,landscape,Company CFB258DA,2026-04-30 07:44:43.869267,2775,2,deleted,,2026-04-30 07:44:43.869267,2026-04-30 08:25:59.983926,,,,,,job,,,true,,0
6038-L-10,6038,landscape,Company F6DB773A,2026-09-02 14:18:43.593333,3081.159375,3,completed,2026-09-03 00:00:00,2026-09-02 14:24:59.796156,2026-09-02 14:24:59.80482,Person 0E8B09AE,555-0107,,,,job,,,false,,0
6038-L-11,6038,landscape,Company F6DB773A,2026-09-04 17:26:30.024332,2456.390625,3,completed,2026-09-08 00:00:00,2026-09-04 17:30:19.726286,2026-09-04 17:30:19.735523,Person C2C1EFBB,555-0102,,,,job,,,false,,0
6038-L-12,6038,landscape,Company 7FC335AE,2026-09-04 17:26:30.024332,2283.75,1,completed,2026-09-08 00:00:00,2026-09-04 17:30:19.773684,2026-09-04 17:30:19.777314,Person C2C1EFBB,555-0102,,,,job,,,false,,0
6038-L-13,6038,landscape,Company EBBE7319,2026-09-08 14:32:32.471641,690,2,completed,2026-09-09 00:00:00,2026-09-08 14:33:50.690346,2026-09-08 14:33:50.698979,Person 9044842F,555-0176,,,,job,,,false,,0
6038-L-2,6038,landscape,Company CFB258DA,2026-04-30 08:29:28.340591,2479.856,11,deleted,,2026-04-30 08:29:28.340591,2026-04-30 08:42:36.133509,,,,,,job,,,true,,0
6038-L-3,6038,landscape,Company CFB258DA,2026-04-30 08:52:07.844923,2775,2,completed,,2026-04-30 08:52:07.844923,2026-04-30 08:58:36.637,,,,,,job,,,true,,0
6038-L-4,6038,landscape,Company DC9A38AE,2026-06-10 16:29:31.845487,839.5,2,completed,2026-06-12 00:00:00,2026-06-10 16:31:45.223998,2026-06-10 16:31:45.234479,Person FDEFD43F,555-0134,,,,job,,,false,,0
6038-L-5,6038,landscape,Company FA7B954D,2026-06-19 14:22:07.847868,678.6,1,completed,2026-06-25 00:00:00,2026-06-19 14:22:54.658443,2026-06-19 14:22:54.673687,Person 33B0216B,555-0107,,,,job,,,false,,0
6038-L-6,6038,landscape,Company DC9A38AE,2026-06-30 20:55:30.557745,2474.0625,1,completed,2026-07-02 00:00:00,2026-06-30 20:56:12.820119,2026-06-30 20:56:12.83845,Person 33B0216B,555-0107,,,,job,,,false,,0
6038-L-7,6038,landscape,Company FA7B954D,2026-07-07 14:44:05.069381,1053.7875,1,completed,2026-07-10 00:00:00,2026-07-15 22:08:41.849961,2026-07-15 22:08:41.864567,Person 33B0216B,555-0107,,,,job,,,false,,0
6038-L-8,6038,landscape,Company B47AEED3,2026-08-24 15:16:46.224407,3942.1875,2,completed,2026-09-01 00:00:00,2026-08-31 21:01:06.637931,2026-08-31 21:01:06.647907,Person 9044842F,555-0176,,,,job,,,false,,0
6038-L-9,6038,landscape,Company 85C03ADA,2026-08-24 15:16:46.224407,3523.5,1,completed,2026-09-02 00:00:00,2026-08-31 21:01:06.705728,2026-08-31 21:01:06.709627,Person 9044842F,555-0176,,,,job,,,false,,0
6039-D-1,6039,drains,,2026-08-04 16:00:55.791664,0,0,in_progress,,,2026-08-04 16:00:55.792346,,,,,,job,,,false,,0
6039-I-1,6039,irrigation,Company CFB258DA,2026-04-30 09:26:43.30774,75578.17,25,completed,,2026-04-30 09:26:43.30774,2026-04-30 10:23:40.221692,,,,,,job,,,true,,0
6039-I-18,6039,irrigation,Company D35E67B5,2026-05-01 14:28:36.530876,392.1525,1,completed,2026-05-04 00:00:00,2026-05-01 14:56:34.778893,2026-05-01 14:56:34.791913,Person 63C78BB9,555-0130,,,,job,,,false,,0
6039-I-19,6039,irrigation,Company D35E67B5,2026-05-05 20:36:31.273338,27.1875,1,completed,2026-05-05 00:00:00,2026-05-05 21:05:49.044583,2026-05-05 21:05:49.058236,,,,,,yard,,,false,,0
6039-I-20,6039,irrigation,Company D35E67B5,2026-05-07 16:09:16.739008,94.06875,2,completed,2026-05-07 00:00:00,2026-05-07 16:37:57.365312,2026-05-07 16:37:57.376497,,,,,,yard,,,false,,0
6039-I-21,6039,irrigation,Company D35E67B5,2026-05-08 15:46:03.389281,598.788375,5,completed,2026-05-08 00:00:00,2026-05-08 16:05:15.578017,2026-05-08 16:05:15.597032,Person 63C78BB9,555-0130,,,,job,,,false,,0
6039-I-22,6039,irrigation,Company D35E67B5,2026-05-11 17:08:17.170234,85.9125,1,completed,2026-05-11 00:00:00,2026-05-11 17:20:21.896472,2026-05-11 17:20:21.907512,Person 63C78BB9,555-0130,,,,job,,,false,,0
6039-I-23,6039,irrigation,Company D35E67B5,2026-05-12 14:25:43.911514,42.95625,1,completed,2026-06-05 00:00:00,2026-06-04 15:04:38.583246,2026-06-04 15:04:38.591444,Person D086513B,555-0134,,,,will_call,,,false,,0
6039-I-24,6039,irrigation,Company D35E67B5,2026-06-04 15:04:04.724419,2514.202125,8,completed,2026-07-17 00:00:00,2026-07-17 15:03:36.901237,2026-07-17 15:03:36.913521,,,,,,yard,,,false,,0
6039-I-25,6039,irrigation,Company D35E67B5,2026-07-23 20:54:06.44709,470.1915,4,completed,2026-07-24 00:00:00,2026-07-23 21:06:39.820269,2026-07-23 21:06:39.832938,Person 63C78BB9,555-0130,,,,job,,,false,,0
6039-I-26,6039,irrigation,Company D35E67B5,2026-07-24 20:02:16.62662,85.9125,1,completed,2026-07-24 00:00:00,2026-07-24 20:12:16.717124,2026-07-24 20:12:16.726891,,,,,,yard,,,false,,0
6039-I-27,6039,irrigation,Company D35E67B5,2026-08-04 16:01:07.028143,880.15725,4,completed,2026-09-09 00:00:00,2026-09-09 16:35:58.55649,2026-09-09 16:35:58.567435,,,,,,yard,,,false,,0
6039-I-MIGRATED,6039,irrigation,Company A1187E29,2026-04-28 11:48:15.628053,10737.5305405405,10,completed,,,2026-04-28 11:48:15.628053,,,,,,,,,true,,0
6039-L-1,6039,landscape,Company CFB258DA,2026-04-30 09:26:47.340238,25865,7,completed,,2026-04-30 09:26:47.340238,2026-04-30 10:23:44.181493,,,,,,job,,,true,,0
6039-L-13,6039,landscape,Company FA7B954D,2026-04-30 17:09:11.998575,1566,1,completed,2026-05-15 00:00:00,2026-05-06 15:55:49.741654,2026-05-06 15:55:49.751335,Person F3F57736,555-0127,,,,job,,,false,,0
6039-L-14,6039,landscape,Company D35E67B5,2026-04-30 17:09:11.998575,47.85,1,completed,2026-05-07 00:00:00,2026-05-06 15:55:49.789797,2026-05-06 15:55:49.796249,Person F3F57736,555-0127,,,,job,,,false,,0
6039-L-15,6039,landscape,Company D35E67B5,2026-05-12 14:25:27.882853,55.13625,1,completed,2026-05-12 00:00:00,2026-05-12 15:01:36.037194,2026-05-12 15:01:36.048188,Person 895C1A0D,555-0117,,,,job,,,false,,0
6039-L-16,6039,landscape,Company DC9A38AE,2026-07-20 15:46:23.968934,2550.1875,1,completed,2026-07-23 00:00:00,2026-07-20 15:47:18.810891,2026-07-20 15:47:18.821572,Person 33B0216B,555-0107,,,,job,,,false,,0
6039-L-17,6039,landscape,Company FA7B954D,2026-07-29 14:32:24.616944,1196.25,1,completed,2026-08-04 00:00:00,2026-07-29 14:38:31.085282,2026-07-29 14:38:31.095974,Person 33B0216B,555-0107,,,,job,,,false,,0
6039-L-18,6039,landscape,Company D35E67B5,2026-08-04 16:01:29.480702,37.6275,1,completed,2026-08-04 00:00:00,2026-08-04 16:34:39.51093,2026-08-04 16:34:39.521509,,,,,,yard,,,false,,0
6039-L-19,6039,landscape,Company 85C03ADA,2026-09-01 22:36:53.850128,4356.525,8,completed,2026-09-11 00:00:00,2026-09-10 16:38:09.601789,2026-09-10 16:38:09.616788,Person 55DEE1A1,555-0168,,,,job,,,false,,0
6039-L-20,6039,landscape,Company 46E8FFF5,2026-09-01 22:36:53.850128,8792.4375,2,completed,2026-09-11 00:00:00,2026-09-10 16:26:28.67769,2026-09-10 16:26:28.688877,Person 55DEE1A1,555-0168,,,,job,,,false,,0
6039-L-21,6039,landscape,Company F66D8559,2026-09-01 22:36:53.850128,839.55,1,deleted,2026-09-09 00:00:00,2026-09-08 13:42:58.063676,2026-09-08 13:53:28.09966,Person 55DEE1A1,555-0168,,,2026-09-08 13:53:28.09504,job,,,false,,0
6039-L-22,6039,landscape,Company B548E4AD,2026-09-01 22:36:53.850128,1761.75,1,completed,2026-09-11 00:00:00,2026-09-08 18:44:34.808628,2026-09-08 18:44:34.815825,Person 55DEE1A1,555-0168,,,,job,,,false,,0
6039-L-23,6039,landscape,Company 85C03ADA,2026-09-08 16:29:44.060109,1307.71875,3,completed,2026-09-11 00:00:00,2026-09-10 16:54:23.55069,2026-09-10 16:54:23.560879,Person 55DEE1A1,555-0168,,,,job,,,false,,0
6039-L-24,6039,landscape,Company 46E8FFF5,2026-09-08 16:35:20.160703,2349,2,completed,2026-09-10 00:00:00,2026-09-08 18:28:05.23333,2026-09-08 18:28:05.245202,Person 8F399E86,,,,,job,,,false,,0
6039-L-25,6039,landscape,Company B548E4AD,2026-09-08 16:35:20.160703,1044,1,completed,2026-09-09 00:00:00,2026-09-08 16:43:46.312408,2026-09-08 16:43:46.317673,Person 8F399E86,,,,,job,,,false,,0
6039-L-26,6039,landscape,Company 85C03ADA,2026-09-08 16:35:20.160703,2999.43375,4,completed,2026-09-10 00:00:00,2026-09-10 16:47:27.862584,2026-09-10 16:47:27.872793,Person 8F399E86,,,,,job,,,false,,0
6039-L-27,6039,landscape,Company 79846416,2026-09-08 16:35:20.160703,1740,1,completed,2026-09-09 00:00:00,2026-09-08 16:43:46.378049,2026-09-08 16:43:46.382625,Person 8F399E86,,,,,job,,,false,,0
6039-L-28,6039,landscape,Company 99AC62BC,2026-09-08 16:59:25.7008,4730.625,1,completed,2026-09-09 00:00:00,2026-09-08 17:00:09.297082,2026-09-08 17:00:09.304399,Person 55DEE1A1,555-0168,,,,job,,,false,,0
6039-L-29,6039,landscape,Company 79846416,2026-09-08 17:21:12.137102,619.875,1,completed,2026-09-09 00:00:00,2026-09-08 17:23:08.313645,2026-09-08 17:23:08.320931,Person D6020D31,,,,,job,,,false,,0
6039-L-30,6039,landscape,Company 7FC335AE,2026-09-10 18:16:13.901734,1566,1,completed,2026-09-15 00:00:00,2026-09-10 18:19:20.137137,2026-09-10 18:19:20.143949,Person C2C1EFBB,555-0102,,,,job,,,false,,0
6039-S-1,6039,subcontract,,2026-07-20 21:50:55.915929,0,0,in_progress,,,2026-07-20 21:50:55.916542,,,,,,job,,,false,,0
6041-D-1,6041,drains,,2026-06-04 16:18:23.798159,0,0,in_progress,,,2026-06-04 16:18:23.798693,,,,,,job,,,false,,0
6041-I-1,6041,irrigation,,2026-06-04 16:18:20.990364,0,0,in_progress,,,2026-06-04 16:18:20.990923,,,,,,job,,,false,,0
6041-L-1,6041,landscape,Company EB07253F,2026-06-04 16:18:09.849377,2350,6,completed,2026-06-09 00:00:00,2026-06-05 18:55:18.636211,2026-06-05 18:55:18.649792,Person 9044842F,555-0176,,,,job,,,false,,0
6041-L-2,6041,landscape,,2026-09-09 19:42:21.302751,0,0,in_progress,2026-09-10 00:00:00,,2026-09-09 19:42:57.679948,Person C370DD96,555-0183,,,,job,,,false,,0
6042-D-1,6042,drains,Company CFB258DA,2026-04-30 18:28:33.546987,23466.15,9,completed,,2026-04-30 18:28:33.546987,2026-04-30 18:28:34.053457,,,,,,job,,,true,,0
6042-D-21,6042,drains,Company C82B1E5C,2026-06-30 14:48:25.170248,1757.563125,3,completed,2026-06-30 00:00:00,2026-06-30 14:50:21.013912,2026-06-30 14:50:21.025536,,,,,,job,,,false,,0
6042-D-22,6042,drains,Company C82B1E5C,2026-08-14 14:37:31.034094,871.3521975,4,completed,2026-08-14 00:00:00,2026-08-14 16:25:45.015254,2026-08-14 16:25:45.027498,,,,,,job,,,false,,0
6042-D-23,6042,drains,Company C82B1E5C,2026-08-28 20:02:42.637624,2429.8132125,7,completed,2026-08-31 00:00:00,2026-08-28 21:18:26.906852,2026-08-28 21:18:26.921653,Person F5F28944,555-0197,,,,job,,,false,,0
6042-D-MIGRATED,6042,drains,Company A1187E29,2026-04-28 11:40:18.662705,968.955,4,completed,,,2026-04-28 11:40:18.662705,,,,,,,,,true,,0
6042-I-1,6042,irrigation,Company CFB258DA,2026-04-30 18:28:34.676634,79960.32,43,completed,,2026-04-30 18:28:34.676634,2026-04-30 18:28:37.428427,,,,,,job,,,true,,0
6042-I-2,6042,irrigation,Company C82B1E5C,2026-05-18 14:19:36.537438,337.734,4,completed,2026-05-18 00:00:00,2026-05-18 14:21:10.346115,2026-05-18 14:21:10.360379,Person 63C78BB9,555-0130,,,,job,,,false,,0
6042-I-33,6042,irrigation,Company C82B1E5C,2026-06-02 15:55:37.950737,845.476875,2,completed,2026-06-02 00:00:00,2026-06-02 15:57:12.92359,2026-06-02 15:57:12.934226,Person 63C78BB9,555-0130,,,,job,,,false,,0
6042-I-34,6042,irrigation,Company D35E67B5,2026-06-04 14:26:43.559319,201.1875,4,completed,2026-06-05 00:00:00,2026-06-05 15:31:42.779595,2026-06-05 15:31:42.796073,Person D086513B,555-0134,,,,will_call,,,false,,0
6042-I-35,6042,irrigation,Company C82B1E5C,2026-06-26 17:11:40.928584,6704.122125,14,completed,2026-06-29 00:00:00,2026-06-26 17:18:34.694758,2026-06-26 17:18:34.72109,Person 63C78BB9,555-0130,,,,job,,,false,,0
6042-I-36,6042,irrigation,Company C82B1E5C,2026-07-08 17:05:09.156005,133.51716,1,completed,2026-07-09 00:00:00,2026-07-09 14:11:18.596286,2026-07-09 14:11:18.615208,Person 63C78BB9,555-0130,,,,job,,,false,,0
6042-I-37,6042,irrigation,Company C82B1E5C,2026-07-15 20:50:33.894397,637.9525125,1,completed,2026-07-16 00:00:00,2026-07-16 17:38:01.175736,2026-07-16 17:38:01.184337,Person 63C78BB9,555-0130,,,,job,,,false,,0
6042-I-38,6042,irrigation,Company C82B1E5C,2026-07-20 14:45:54.419533,827.21775,3,completed,2026-07-20 00:00:00,2026-07-20 14:47:41.733166,2026-07-20 14:47:41.743697,Person B98C7D92,555-0198,,,,job,,,false,,0
6042-I-39,6042,irrigation,Company C82B1E5C,2026-07-20 15:53:55.968916,469.419375,5,completed,2026-07-20 00:00:00,2026-07-20 16:03:18.312982,2026-07-20 16:03:18.327056,,,,,,yard,,,false,,0
6042-I-40,6042,irrigation,Company C82B1E5C,2026-07-20 17:45:17.461696,257.94423375,7,completed,2026-07-24 00:00:00,2026-07-24 15:40:41.096888,2026-07-24 15:40:41.128826,,,,,,yard,,,false,,0
6042-I-41,6042,irrigation,Company C82B1E5C,2026-08-10 14:24:52.031164,283.0545,1,completed,2026-08-10 00:00:00,2026-08-10 18:42:23.938214,2026-08-10 18:42:23.951831,Person B98C7D92,555-0198,,,,job,,,false,,0
6042-I-42,6042,irrigation,Company C82B1E5C,2026-08-12 14:37:15.30946,11256.04695,25,completed,2026-08-12 00:00:00,2026-08-12 15:53:22.914994,2026-08-12 15:53:22.939719,Person B98C7D92,555-0198,,,,job,,,false,,0
6042-I-43,6042,irrigation,Company C82B1E5C,2026-08-12 17:19:43.074281,106.3411875,1,completed,2026-08-27 00:00:00,2026-08-26 17:57:44.986118,2026-08-26 17:57:44.997416,Person 63C78BB9,555-0130,,,,job,,,false,,0
6042-I-44,6042,irrigation,Company C82B1E5C,2026-08-31 14:21:30.419265,354.27879,4,completed,2026-08-31 00:00:00,2026-09-01 14:13:01.925702,2026-09-01 14:13:01.936894,Person 63C78BB9,555-0130,,,,job,,,false,,0
6042-I-45,6042,irrigation,Company 2F610CBC,2026-09-03 16:35:55.066677,98.85375,1,completed,2026-09-03 00:00:00,2026-09-03 16:36:48.807871,2026-09-03 16:36:48.817523,Person C6FE02A5,555-0153,,,,job,,,false,,0
6042-I-46,6042,irrigation,,2026-09-03 16:38:00.944339,0,0,in_progress,2026-09-03 00:00:00,,2026-09-03 16:38:25.401549,Person 63C78BB9,555-0130,,,,job,,,false,,0
6042-I-MIGRATED,6042,irrigation,Company A1187E29,2026-04-28 11:40:18.662705,217414.050285714,15,completed,,,2026-04-28 11:40:18.662705,,,,,,,,,true,,0
6042-L-1,6042,landscape,Company CFB258DA,2026-04-30 18:28:41.601945,216972.305,62,completed,,2026-04-30 18:28:41.601945,2026-04-30 18:28:44.882647,,,,,,job,,,true,,0
6042-L-2,6042,landscape,Company B1347A9D,2026-05-18 23:18:43.871956,861.3,1,completed,2026-05-19 00:00:00,2026-05-18 23:20:48.801526,2026-05-18 23:20:48.81459,Person F6BC9F36,555-0147,,,,job,,,false,,0
6042-L-3,6042,landscape,Company B47AEED3,2026-05-20 20:37:33.48367,171.28125,1,completed,2026-05-21 00:00:00,2026-05-20 20:38:13.52016,2026-05-20 20:38:13.533912,Person 9044842F,,,,,will_call,,,false,,0
6042-L-80,6042,landscape,Company 00C4DFE3,2026-06-02 13:12:38.5888,4833.39375,2,completed,2026-06-04 00:00:00,2026-06-02 20:15:47.348233,2026-06-02 20:15:47.363995,Person A2958278,555-0113,,,,job,,,false,,0
6042-L-81,6042,landscape,Company 00C4DFE3,2026-06-02 14:16:27.718307,9630.9,1,completed,2026-06-29 00:00:00,2026-06-22 15:01:03.856803,2026-06-22 15:01:03.866755,Person A2958278,555-0113,,,,job,,,false,,0
6042-L-82,6042,landscape,Company 85C03ADA,2026-06-23 13:49:04.292374,2010.24375,2,completed,2026-07-01 00:00:00,2026-06-30 15:11:22.842154,2026-06-30 15:11:22.853697,Person A2958278,555-0113,,,,job,,,false,,0
6042-L-83,6042,landscape,Company 520BDD44,2026-06-23 13:49:04.292374,1698.675,7,completed,2026-07-01 00:00:00,2026-06-30 15:10:42.434711,2026-06-30 15:10:42.447613,Person A2958278,555-0113,,,,job,,,false,,0
6042-L-84,6042,landscape,Company B1347A9D,2026-06-23 13:49:04.292374,7184.296875,3,completed,2026-07-01 00:00:00,2026-06-30 15:10:12.855239,2026-06-30 15:10:12.867436,Person A2958278,555-0113,,,,job,,,false,,0
6042-L-85,6042,landscape,Company FA7B954D,2026-06-25 15:42:34.462136,169.65,1,completed,2026-06-26 00:00:00,2026-06-25 15:43:03.580021,2026-06-25 15:43:03.589518,Person 4E789DCD,555-0176,,,,will_call,,,false,,0
6042-L-86,6042,landscape,Company D35E67B5,2026-07-20 17:45:28.785255,241.066125,1,completed,2026-07-20 00:00:00,2026-07-20 20:05:35.923612,2026-07-20 20:05:35.932824,Person 38FA9B9B,555-0106,,,,job,,,false,,0
6042-L-87,6042,landscape,Company 2C7782AA,2026-08-17 21:25:21.862747,1685.625,2,completed,2026-08-25 00:00:00,2026-08-17 21:26:58.17125,2026-08-17 21:26:58.181685,Person A2958278,555-0113,,,,job,,,false,,0
6042-L-88,6042,landscape,Company 00C4DFE3,2026-08-19 18:08:38.970837,16051.5,1,completed,2026-09-01 00:00:00,2026-08-19 18:34:44.704242,2026-08-19 18:34:44.715826,Person A2958278,555-0113,,,,job,,,false,,0
6042-L-89,6042,landscape,Company F6DB773A,2026-08-19 18:08:38.970837,1285.96875,3,completed,2026-08-25 00:00:00,2026-08-19 18:34:44.745553,2026-08-19 18:34:44.752497,Person A2958278,555-0113,,,,job,,,false,,0
6042-L-90,6042,landscape,Company 09434731,2026-08-19 18:08:38.970837,675.609375,6,completed,2026-08-25 00:00:00,2026-08-19 18:34:44.785117,2026-08-19 18:34:44.793011,Person A2958278,555-0113,,,,job,,,false,,0
6042-L-91,6042,landscape,Company B1347A9D,2026-08-19 18:08:38.970837,5598.45,2,completed,2026-08-25 00:00:00,2026-08-19 18:34:44.829022,2026-08-19 18:34:44.83552,Person A2958278,555-0113,,,,job,,,false,,0
6042-L-92,6042,landscape,Company D35E67B5,2026-08-26 17:32:26.651805,244.6875,1,completed,2026-08-27 00:00:00,2026-08-27 15:42:37.644338,2026-08-27 15:42:37.657633,Person A2958278,555-0113,,,,job,,,false,,0
6042-L-93,6042,landscape,Company B47AEED3,2026-08-27 17:22:28.913293,221.85,1,completed,2026-08-28 00:00:00,2026-08-27 17:23:22.531148,2026-08-27 17:23:22.543276,Person A2958278,,,,,job,,,false,,0
6042-L-94,6042,landscape,Company 00C4DFE3,2026-08-28 14:46:59.734587,16051.5,1,completed,2026-09-03 00:00:00,2026-08-28 14:48:00.123482,2026-08-28 14:48:00.130977,Person A2958278,555-0113,,,,job,,,false,,0
6042-L-95,6042,landscape,Company B1347A9D,2026-08-28 21:19:51.54632,696,1,completed,2026-08-31 00:00:00,2026-08-28 21:20:30.546429,2026-08-28 21:20:30.554614,Person 9044842F,555-0176,,,,job,,,false,,0
6042-L-96,6042,landscape,Company B47AEED3,2026-08-31 18:25:18.857112,175.63125,1,completed,2026-09-01 00:00:00,2026-09-08 14:24:17.711349,2026-09-08 14:24:17.719219,,,,,,will_call,,,false,,0
6042-L-97,6042,landscape,Company FA7B954D,2026-09-01 15:14:23.293571,418.6875,1,completed,2026-09-04 00:00:00,2026-09-09 23:29:07.11878,2026-09-09 23:29:07.128631,Person 38FA9B9B,555-0113,,,,job,,,false,,0
6042-L-98,6042,landscape,Company 724579F1,2026-09-02 14:43:50.230737,8183.25,5,completed,2026-09-03 00:00:00,2026-09-03 21:27:12.089982,2026-09-03 21:27:12.101864,Person A2958278,555-0113,,,,job,,,false,,0
6042-L-99,6042,landscape,,2026-09-08 14:23:52.434812,0,0,in_progress,,,2026-09-08 14:23:52.435339,,,,,,job,,,false,,0
6042-L-MIGRATED,6042,landscape,Company A1187E29,2026-04-28 11:40:18.662705,72624.97,20,completed,,,2026-04-28 11:40:18.662705,,,,,,,,,true,,0
6043-D-1,6043,drains,Company CFB258DA,2026-04-30 18:28:47.127895,31174.8,8,completed,,2026-04-30 18:28:47.127895,2026-04-30 18:28:47.575287,,,,,,job,,,true,,0
6043-D-18,6043,drains,Company 2F610CBC,2026-05-05 15:11:18.517419,3461.817,7,completed,2026-05-06 00:00:00,2026-05-05 17:24:27.929663,2026-05-05 17:24:27.943741,Person 4E789DCD,555-0109,,,,job,,,false,,0
6043-D-19,6043,drains,Company 2F610CBC,2026-05-06 15:09:18.676397,2092.089,5,completed,2026-05-06 00:00:00,2026-05-06 16:23:58.421858,2026-05-06 16:23:58.439574,Person 38FA9B9B,555-0106,,,,job,,,false,,0
6043-D-20,6043,drains,Company D35E67B5,2026-05-07 21:46:37.614232,323.737875,1,completed,2026-05-08 00:00:00,2026-05-07 22:00:12.480889,2026-05-07 22:00:12.49271,Person 4E789DCD,555-0109,,,,will_call,,,false,,0
6043-D-21,6043,drains,Company 2F610CBC,2026-05-11 14:17:44.437282,1291.8195,3,completed,2026-05-11 00:00:00,2026-05-11 15:45:50.328769,2026-05-11 15:45:50.340287,Person 4E789DCD,555-0109,,,,job,,,false,,0
6043-D-22,6043,drains,Company 2F610CBC,2026-05-13 17:07:40.775046,2592.1215,6,completed,2026-05-29 00:00:00,2026-05-29 17:59:20.574529,2026-05-29 17:59:20.590162,Person A2958278,555-0113,,,,job,,,false,,0
6043-D-23,6043,drains,Company 2F610CBC,2026-06-09 15:44:09.636886,1818.14775,4,completed,2026-06-10 00:00:00,2026-06-10 20:50:31.178247,2026-06-10 20:50:31.191217,Person 38FA9B9B,555-0106,,,,job,,,false,,0
6043-D-24,6043,drains,Company 2F610CBC,2026-06-19 14:31:28.458554,1249.06432875,5,completed,2026-07-13 00:00:00,2026-07-13 16:04:20.545229,2026-07-13 16:04:20.561335,Person 38FA9B9B,555-0106,,,,job,,,false,,0
6043-D-25,6043,drains,Company 2F610CBC,2026-07-30 15:21:39.7823,258.3639,3,completed,2026-07-30 00:00:00,2026-08-03 15:40:46.815936,2026-08-03 15:40:46.830077,Person B98C7D92,555-0198,,,,job,,,false,,0
6043-D-26,6043,drains,Company 2F610CBC,2026-08-18 14:53:18.675854,1814.178375,6,completed,2026-08-18 00:00:00,2026-08-18 16:31:14.874233,2026-08-18 16:31:14.889288,Person 38FA9B9B,555-0106,,,,job,,,false,,0
6043-D-27,6043,drains,,2026-08-21 20:38:33.907638,0,0,in_progress,,,2026-08-21 20:38:33.908357,,,,,,job,,,false,,0
6043-I-1,6043,irrigation,Company CFB258DA,2026-04-30 18:28:47.910722,102262.5,53,completed,,2026-04-30 18:28:47.910722,2026-04-30 18:28:50.646325,,,,,,job,,,true,,0
6043-I-2,6043,irrigation,Company 2F610CBC,2026-05-01 14:15:42.49586,118.787625,4,deleted,2026-05-01 00:00:00,2026-05-01 14:17:07.566244,2026-05-01 14:19:27.790341,,,,,2026-05-01 14:19:27.784416,job,,,false,,0
6043-I-29,6043,irrigation,Company 2F610CBC,2026-05-01 14:17:50.17141,119.4847125,4,completed,2026-05-01 00:00:00,2026-05-01 14:36:30.011309,2026-05-01 14:36:30.022771,Person 63C78BB9,555-0130,,,,job,,,false,,0
6043-I-30,6043,irrigation,Company 2F610CBC,2026-05-13 16:59:36.27623,650.588175,4,completed,2026-05-13 00:00:00,2026-05-18 18:39:30.226168,2026-05-18 18:39:30.240349,Person 63C78BB9,555-0130,,,,job,,,false,,0
6043-I-31,6043,irrigation,Company 2F610CBC,2026-05-20 15:50:29.32748,183.309,3,completed,2026-05-20 00:00:00,2026-05-20 16:12:30.295577,2026-05-20 16:12:30.309814,Person 63C78BB9,555-0130,,,,job,,,false,,0
6043-I-32,6043,irrigation,Company 2F610CBC,2026-05-22 15:05:41.347739,90.6975,2,completed,2026-05-22 00:00:00,2026-05-22 15:32:41.42463,2026-05-22 15:32:41.438282,Person 63C78BB9,555-0130,,,,job,,,false,,0
6043-I-33,6043,irrigation,Company 2F610CBC,2026-05-26 14:14:51.727685,171.6945,2,completed,2026-05-26 00:00:00,2026-05-26 15:27:33.243133,2026-05-26 15:27:33.254312,Person 63C78BB9,555-0130,,,,job,,,false,,0
6043-I-34,6043,irrigation,Company 2F610CBC,2026-06-01 15:08:38.437703,4432.74135,5,completed,2026-06-01 00:00:00,2026-06-01 17:48:04.821861,2026-06-01 17:48:04.837146,,,,,,yard,,,false,,0
6043-I-35,6043,irrigation,Company 2F610CBC,2026-06-01 15:40:57.223891,723.94875,2,completed,2026-06-02 00:00:00,2026-06-01 16:56:21.072143,2026-06-01 16:56:21.091255,Person 63C78BB9,555-0130,,,,job,,,false,,0
6043-I-36,6043,irrigation,Company 2F610CBC,2026-06-02 15:49:32.169455,3512.62065,6,completed,2026-06-02 00:00:00,2026-06-02 18:31:17.429784,2026-06-02 18:31:17.44592,Person 63C78BB9,555-0130,,,,job,,,false,,0
6043-I-37,6043,irrigation,Company 2F610CBC,2026-06-02 18:42:21.662106,478.4662875,7,completed,2026-06-05 00:00:00,2026-06-05 15:33:34.578854,2026-06-05 15:33:34.592624,Person 63C78BB9,555-0130,,,,job,,,false,,0
6043-I-38,6043,irrigation,Company 2F610CBC,2026-06-08 16:21:47.795729,307.3275,5,completed,2026-06-09 00:00:00,2026-06-08 17:05:40.540582,2026-06-08 17:05:40.556038,,,,,,yard,,,false,,0
6043-I-39,6043,irrigation,Company 2F610CBC,2026-06-11 21:37:22.625149,2675.25,1,completed,2026-06-15 00:00:00,2026-06-15 17:31:57.226858,2026-06-15 17:31:57.237292,Person 63C78BB9,555-0130,,,,job,,,false,,0
6043-I-40,6043,irrigation,Company 2F610CBC,2026-06-18 16:52:47.236096,290.928,2,completed,2026-06-18 00:00:00,2026-06-18 17:43:17.737683,2026-06-18 17:43:17.750191,Person 63C78BB9,555-0130,,,,job,,,false,,0
6043-I-41,6043,irrigation,Company 2F610CBC,2026-06-18 20:43:25.160318,2491.8975,5,completed,2026-06-18 00:00:00,2026-06-19 17:50:01.738909,2026-06-19 17:50:01.755356,,,,,,yard,,,false,,0
6043-I-42,6043,irrigation,Company 2F610CBC,2026-06-19 14:05:45.385678,66.555,4,completed,2026-06-20 00:00:00,2026-06-19 14:08:37.104899,2026-06-19 14:08:37.117522,Person 63C78BB9,555-0130,,,,will_call,,,false,,0
6043-I-43,6043,irrigation,Company 2F610CBC,2026-06-19 14:32:03.34023,863.62725,7,completed,2026-06-22 00:00:00,2026-06-22 17:47:31.741125,2026-06-22 17:47:31.758062,,,,,,yard,,,false,,0
6043-I-44,6043,irrigation,Company 2F610CBC,2026-06-22 16:14:19.990161,45.675,1,completed,2026-06-19 00:00:00,2026-06-22 16:16:26.181439,2026-06-22 16:16:26.192091,Person 7260BABF,,,,,will_call,,,false,,0
6043-I-45,6043,irrigation,Company 2F610CBC,2026-06-25 17:55:25.923356,141.103125,1,completed,2026-06-25 00:00:00,2026-06-25 18:37:14.382203,2026-06-25 18:37:14.39524,,,,,,yard,,,false,,0
6043-I-46,6043,irrigation,Company 2F610CBC,2026-06-26 17:22:20.682679,5706.5246625,16,completed,2026-06-29 00:00:00,2026-06-26 21:42:33.949158,2026-06-26 21:42:33.967353,Person 63C78BB9,555-0158,,,,job,,,false,,0
6043-I-47,6043,irrigation,Company 2F610CBC,2026-06-26 21:32:42.904654,685.84275,1,completed,2026-07-16 00:00:00,2026-07-16 17:02:38.530393,2026-07-16 17:02:38.540664,Person 63C78BB9,555-0130,,,,job,,,false,,0
6043-I-48,6043,irrigation,Company 2F610CBC,2026-07-22 15:18:55.9214,7.4600325,2,completed,2026-07-22 00:00:00,2026-07-22 15:51:14.252576,2026-07-22 15:51:14.262724,,,,,,yard,,,false,,0
6043-I-49,6043,irrigation,Company 2F610CBC,2026-07-22 15:35:24.61467,2299.04025,5,completed,2026-07-23 00:00:00,2026-08-12 21:47:35.488258,2026-08-12 21:47:35.500734,,,,,,job,,,false,,0
6043-I-50,6043,irrigation,Company 2F610CBC,2026-07-24 14:16:38.426718,55.0275,2,completed,2026-07-24 00:00:00,2026-07-24 15:47:50.56292,2026-07-24 15:47:50.57469,Person B98C7D92,555-0198,,,,job,,,false,,0
6043-I-51,6043,irrigation,Company 2F610CBC,2026-07-30 14:22:52.40058,401.102625,5,completed,2026-07-30 00:00:00,2026-07-30 15:20:55.35712,2026-07-30 15:20:55.372303,Person B98C7D92,555-0198,,,,job,,,false,,0
6043-I-52,6043,irrigation,Company 2F610CBC,2026-07-30 18:34:56.844192,129.684375,2,completed,2026-08-03 00:00:00,2026-08-03 18:22:08.78988,2026-08-03 18:22:08.804291,Person B98C7D92,555-0198,,,,job,,,false,,0
6043-I-53,6043,irrigation,Company 2F610CBC,2026-08-10 14:21:53.07612,245.34,1,completed,2026-08-10 00:00:00,2026-08-10 14:40:18.452177,2026-08-10 14:40:18.465381,Person B98C7D92,555-0198,,,,job,,,false,,0
6043-I-54,6043,irrigation,Company 2F610CBC,2026-08-12 14:23:23.76892,8804.0900625,24,completed,2026-08-12 00:00:00,2026-08-12 16:02:31.36758,2026-08-12 16:02:31.387726,Person B98C7D92,555-0198,,,,job,,,false,,0
6043-I-55,6043,irrigation,Company 2F610CBC,2026-08-21 20:10:24.106966,473.0625,1,completed,2026-08-21 00:00:00,2026-08-21 20:29:20.013499,2026-08-21 20:29:20.026864,,,,,,job,,,false,,0
6043-I-56,6043,irrigation,Company 2F610CBC,2026-09-02 19:40:02.730964,98.85375,1,completed,2026-09-03 00:00:00,2026-09-02 19:42:12.573072,2026-09-02 19:42:12.58181,Person C6FE02A5,555-0153,,,,job,,,false,,0
6043-I-57,6043,irrigation,Company 2F610CBC,2026-09-04 14:19:45.816349,715.2705,14,completed,2026-09-04 00:00:00,2026-09-08 14:40:47.263304,2026-09-08 14:40:47.277539,Person B98C7D92,555-0198,,,,job,,,false,,0
6043-I-58,6043,irrigation,Company 2F610CBC,2026-09-08 16:08:42.329394,139.96125,2,completed,2026-09-08 00:00:00,2026-09-08 17:07:58.86895,2026-09-08 17:07:58.878242,Person 63C78BB9,555-0130,,,,job,,,false,,0
6043-I-59,6043,irrigation,Company 2F610CBC,2026-09-09 14:26:09.340425,11196.33885,24,completed,2026-09-09 00:00:00,2026-09-09 16:26:27.906024,2026-09-09 16:26:27.93307,Person B98C7D92,555-0198,,,,job,,,false,,0
6043-I-MIGRATED,6043,irrigation,Company A1187E29,2026-04-28 11:38:12.400391,190256.009634146,13,completed,,,2026-04-28 11:38:12.400391,,,,,,,,,true,,0
6043-L-1,6043,landscape,Company 7FC335AE,2026-04-30 15:45:16.379814,3675.75,2,deleted,2026-05-05 00:00:00,2026-04-30 22:08:20.099066,2026-05-01 14:17:02.638703,Person A2958278,555-0113,,,2026-05-01 14:17:02.634164,job,,,false,,0
6043-L-100,6043,landscape,Company B1347A9D,2026-08-28 21:20:49.204004,1392,1,completed,2026-08-31 00:00:00,2026-08-28 21:21:30.164322,2026-08-28 21:21:30.186515,Person 9044842F,555-0176,,,,job,,,false,,0
6043-L-101,6043,landscape,Company D35E67B5,2026-08-31 17:07:56.414038,244.6875,1,completed,2026-08-31 00:00:00,2026-08-31 17:08:55.112896,2026-08-31 17:08:55.1238,,,,,,job,,,false,,0
6043-L-102,6043,landscape,Company E52B4B11,2026-09-01 15:12:01.743157,1479,1,completed,2026-09-01 00:00:00,2026-09-01 15:13:14.119075,2026-09-01 15:13:14.125883,Person 9044842F,,,,,will_call,,,false,,0
6043-L-103,6043,landscape,Company 724579F1,2026-09-02 14:48:33.395121,8183.25,5,completed,2026-09-03 00:00:00,2026-09-03 21:24:12.932679,2026-09-03 21:24:12.942243,Person A2958278,555-0113,,,,job,,,false,,0
6043-L-104,6043,landscape,Company 85C03ADA,2026-09-03 20:58:53.144204,1827,2,completed,2026-09-09 00:00:00,2026-09-04 14:34:58.688369,2026-09-04 14:34:58.696559,Person A2958278,555-0113,,,,job,,,false,,0
6043-L-105,6043,landscape,Company DC9A38AE,2026-09-03 20:58:53.144204,1392,2,completed,2026-09-09 00:00:00,2026-09-04 14:34:58.765246,2026-09-04 14:34:58.772048,Person A2958278,555-0113,,,,job,,,false,,0
6043-L-106,6043,landscape,Company 2C7782AA,2026-09-03 20:58:53.144204,1903.125,1,completed,2026-09-09 00:00:00,2026-09-04 14:34:58.798402,2026-09-04 14:34:58.803023,Person A2958278,555-0113,,,,job,,,false,,0
6043-L-2,6043,landscape,Company CFB258DA,2026-04-30 18:28:54.710708,121603.405,70,completed,,2026-04-30 18:28:54.710708,2026-04-30 18:28:58.324478,,,,,,job,,,true,,0
6043-L-3,6043,landscape,Company 09434731,2026-04-30 15:45:16.379814,717.75,2,deleted,2026-05-05 00:00:00,2026-04-30 22:08:20.14667,2026-04-30 22:12:51.970597,Person A2958278,555-0113,,,2026-04-30 22:12:51.966476,job,,,false,,0
6043-L-4,6043,landscape,Company 5513C1E9,2026-04-30 15:45:16.379814,11690.625,4,deleted,2026-05-05 00:00:00,2026-04-30 22:08:20.187571,2026-04-30 22:12:48.363867,Person A2958278,555-0113,,,2026-04-30 22:12:48.359456,job,,,false,,0
6043-L-58,6043,landscape,Company 5513C1E9,2026-04-30 22:15:57.504238,9135,3,completed,2026-05-05 00:00:00,2026-05-08 17:09:38.106901,2026-05-08 17:09:38.119311,Person 38FA9B9B,555-0113,,,,job,,,false,,0
6043-L-59,6043,landscape,Company 7FC335AE,2026-05-01 14:17:06.165985,3675.75,2,completed,2026-05-05 00:00:00,2026-05-01 14:18:38.25333,2026-05-01 14:18:38.265427,Person 38FA9B9B,555-0113,,,,job,,,false,,0
6043-L-60,6043,landscape,Company 09434731,2026-05-01 14:17:06.165985,750.375,2,completed,2026-05-05 00:00:00,2026-05-01 14:18:38.300849,2026-05-01 14:18:38.309738,Person 38FA9B9B,555-0113,,,,job,,,false,,0
6043-L-61,6043,landscape,Company 85C03ADA,2026-05-02 00:12:43.496643,4676.25,1,completed,2026-05-06 00:00:00,2026-05-04 18:32:09.305242,2026-05-04 18:32:09.335816,Person 38FA9B9B,555-0113,,,,job,,,false,,0
6043-L-62,6043,landscape,Company 02A7AFB7,2026-05-05 15:11:11.045142,2773.125,2,completed,2026-05-11 00:00:00,2026-05-08 17:10:45.340219,2026-05-08 17:10:45.351732,Person 38FA9B9B,555-0113,,,,job,,,false,,0
6043-L-63,6043,landscape,Company B1347A9D,2026-05-08 20:06:22.893583,909.15,1,completed,2026-05-11 00:00:00,2026-05-08 20:13:47.204848,2026-05-08 20:13:47.218271,Person 9044842F,555-0176,,,,job,,,false,,0
6043-L-64,6043,landscape,Company B548E4AD,2026-05-14 15:42:57.999874,4100.9625,9,completed,2026-05-18 00:00:00,2026-05-14 22:00:25.389358,2026-05-14 22:00:25.408627,Person A2958278,555-0113,,,,job,,,false,,0
6043-L-65,6043,landscape,Company F6DB773A,2026-05-14 15:42:57.999874,8395.5,3,completed,2026-05-18 00:00:00,2026-05-15 16:29:49.29489,2026-05-15 16:29:49.30626,Person A2958278,555-0113,,,,job,,,false,,0
6043-L-66,6043,landscape,Company 85C03ADA,2026-05-14 15:42:57.999874,2331.05625,3,completed,2026-05-18 00:00:00,2026-05-15 16:36:56.878751,2026-05-15 16:36:56.88953,Person A2958278,555-0113,,,,job,,,false,,0
6043-L-67,6043,landscape,Company B1347A9D,2026-05-14 15:42:57.999874,6220.5,1,completed,2026-05-18 00:00:00,2026-05-14 22:00:25.537306,2026-05-14 22:00:25.542909,Person A2958278,555-0113,,,,job,,,false,,0
6043-L-68,6043,landscape,Company B47AEED3,2026-05-14 15:42:57.999874,1735.65,3,completed,2026-05-18 00:00:00,2026-05-14 22:00:25.573819,2026-05-14 22:00:25.581633,Person A2958278,555-0113,,,,job,,,false,,0
6043-L-69,6043,landscape,Company 85C03ADA,2026-05-19 13:18:40.548773,424.125,1,deleted,2026-05-20 00:00:00,2026-05-19 16:26:57.540369,2026-05-19 17:56:36.569946,Person 9044842F,,,,2026-05-19 17:56:36.564067,yard,,,false,,0
6043-L-70,6043,landscape,Company 5513C1E9,2026-05-19 17:52:04.124018,358.875,1,completed,2026-05-20 00:00:00,2026-05-19 17:52:30.263435,2026-05-19 17:52:30.272479,Person 9044842F,,,,,yard,,,false,,0
6043-L-71,6043,landscape,Company 724579F1,2026-05-20 17:43:30.374641,668.8125,1,completed,2026-05-22 00:00:00,2026-06-08 22:14:31.073377,2026-06-08 22:14:31.087922,Person 9044842F,,,,,will_call,,,false,,0
6043-L-72,6043,landscape,Company B1347A9D,2026-05-21 18:43:20.549029,957,1,completed,2026-05-22 00:00:00,2026-05-21 18:44:05.134169,2026-05-21 18:44:05.143523,Person A2958278,555-0113,,,,job,,,false,,0
6043-L-73,6043,landscape,Company B1347A9D,2026-06-05 17:23:59.371251,696,1,completed,2026-06-08 00:00:00,2026-06-10 17:38:12.005314,2026-06-10 17:38:12.016871,Person C6FE02A5,555-0153,,,,job,,,false,,0
6043-L-74,6043,landscape,Company 256CA5A8,2026-06-09 15:45:06.369944,3130,1,completed,2026-06-10 00:00:00,2026-06-12 15:42:06.784356,2026-06-12 15:42:06.79674,Person 9044842F,555-0176,,,,job,,,false,,0
6043-L-75,6043,landscape,Company E52B4B11,2026-06-10 14:49:42.14408,1479,1,completed,2026-06-10 00:00:00,2026-07-06 22:40:04.020217,2026-07-06 22:40:04.038033,Person 4E789DCD,,,,,will_call,,,false,,0
6043-L-76,6043,landscape,Company FA7B954D,2026-06-10 14:52:35.895568,2615.4375,1,completed,2026-06-18 00:00:00,2026-06-24 21:33:38.283805,2026-06-24 21:33:38.294613,Person A2958278,555-0113,,,,job,,,false,,0
6043-L-77,6043,landscape,Company D35E67B5,2026-06-11 20:48:08.181174,837.375,1,completed,2026-06-11 00:00:00,2026-06-11 20:58:10.637092,2026-06-11 20:58:10.646942,Person 4E789DCD,,,,,yard,,,false,,0
6043-L-78,6043,landscape,Company E52B4B11,2026-06-19 14:16:25.011538,1109.25,1,completed,2026-06-19 00:00:00,2026-07-06 22:41:37.244725,2026-07-06 22:41:37.256038,Person 4E789DCD,,,,,will_call,,,false,,0
6043-L-79,6043,landscape,Company 2F610CBC,2026-06-19 14:32:10.720216,111.544875,1,completed,2026-06-20 00:00:00,2026-06-19 15:10:39.559478,2026-06-19 15:10:39.571006,Person 38FA9B9B,555-0106,,,,job,,,false,,0
6043-L-80,6043,landscape,Company 00C4DFE3,2026-06-22 14:59:06.1653,9630.9,1,completed,2026-06-29 00:00:00,2026-06-22 14:59:56.10303,2026-06-22 14:59:56.112014,Person A2958278,555-0113,,,,job,,,false,,0
6043-L-81,6043,landscape,Company B1347A9D,2026-06-22 16:42:58.262905,633.46875,3,completed,2026-06-24 00:00:00,2026-06-23 13:46:52.436504,2026-06-23 13:46:52.448878,Person A2958278,555-0113,,,,job,,,false,,0
6043-L-82,6043,landscape,Company 85C03ADA,2026-06-22 16:42:58.262905,22.29375,1,completed,2026-06-24 00:00:00,2026-06-30 15:12:52.66011,2026-06-30 15:12:52.670352,Person A2958278,555-0113,,,,job,,,false,,0
6043-L-83,6043,landscape,Company 2C7782AA,2026-07-20 16:12:57.695639,2392.5,1,completed,2026-07-22 00:00:00,2026-07-21 00:06:00.79312,2026-07-21 00:06:00.803256,Person A2958278,555-0113,,,,job,,,false,,0
6043-L-84,6043,landscape,Company 09434731,2026-07-20 16:12:57.695639,1118.221875,8,completed,2026-07-22 00:00:00,2026-07-21 00:06:00.832424,2026-07-21 00:06:00.842409,Person A2958278,555-0113,,,,job,,,false,,0
6043-L-85,6043,landscape,Company 5513C1E9,2026-07-20 16:12:57.695639,1123.3875,2,completed,2026-07-22 00:00:00,2026-07-21 00:06:00.883785,2026-07-21 00:06:00.890177,Person A2958278,555-0113,,,,job,,,false,,0
6043-L-86,6043,landscape,Company 99AC62BC,2026-07-20 16:12:57.695639,1657.35,2,completed,2026-07-22 00:00:00,2026-07-21 00:06:00.919711,2026-07-21 00:06:00.92601,Person A2958278,555-0113,,,,job,,,false,,0
6043-L-87,6043,landscape,Company B47AEED3,2026-07-21 19:29:26.195708,462.1875,1,completed,2026-07-22 00:00:00,2026-07-21 19:30:13.097031,2026-07-21 19:30:13.107674,Person A2958278,555-0113,,,,job,,,false,,0
6043-L-88,6043,landscape,Company B47AEED3,2026-07-23 21:06:03.324913,32.625,1,deleted,2026-07-24 00:00:00,2026-07-23 21:07:36.278587,2026-07-23 21:20:04.894295,Person A2958278,,,,2026-07-23 21:20:04.886399,will_call,,,false,,0
6043-L-89,6043,landscape,Company DE14B8EC,2026-07-23 21:18:37.814292,29.29725,1,completed,2026-07-24 00:00:00,2026-07-23 21:19:21.062575,2026-07-23 21:19:21.071826,Person A2958278,,,,,will_call,,,false,,0
6043-L-90,6043,landscape,Company 00C4DFE3,2026-07-27 17:18:06.740612,11557.08,1,completed,2026-07-30 00:00:00,2026-08-04 16:35:45.605013,2026-08-04 16:35:45.615324,Person 4E789DCD,555-0176,,,,job,,,false,,0
6043-L-91,6043,landscape,Company 00C4DFE3,2026-08-03 15:07:02.300859,16051.5,1,completed,2026-08-13 00:00:00,2026-08-03 15:08:30.18869,2026-08-03 15:08:30.198522,Person A2958278,555-0113,,,,job,,,false,,0
6043-L-92,6043,landscape,Company D35E67B5,2026-08-07 17:58:42.539853,407.8125,1,completed,2026-08-07 00:00:00,2026-08-07 17:59:18.1779,2026-08-07 17:59:18.186588,Person 9044842F,,,,,yard,,,false,,0
6043-L-93,6043,landscape,Company 2C7782AA,2026-08-07 18:02:43.305688,2610,1,completed,2026-08-20 00:00:00,2026-08-17 21:24:58.773379,2026-08-17 21:24:58.783584,Person A2958278,555-0113,,,,job,,,false,,0
6043-L-94,6043,landscape,Company 09434731,2026-08-18 21:23:16.554727,1404.778125,5,completed,2026-08-20 00:00:00,2026-08-18 21:35:20.125241,2026-08-18 21:35:20.139348,Person A2958278,555-0196,,,,job,,,false,,0
6043-L-95,6043,landscape,Company B548E4AD,2026-08-18 21:23:16.554727,2202.1875,2,completed,2026-08-20 00:00:00,2026-08-18 21:28:14.669781,2026-08-18 21:28:14.685133,Person A2958278,555-0196,,,,job,,,false,,0
6043-L-96,6043,landscape,Company 99AC62BC,2026-08-18 21:23:16.554727,511.396875,2,deleted,2026-08-20 00:00:00,2026-08-18 21:28:14.717412,2026-08-18 21:34:00.4572,Person A2958278,555-0196,,,2026-08-18 21:34:00.45272,job,,,false,,0
6043-L-97,6043,landscape,Company B47AEED3,2026-08-18 21:23:16.554727,1277.26875,2,completed,2026-08-20 00:00:00,2026-08-18 21:28:14.7596,2026-08-18 21:28:14.766528,Person A2958278,555-0196,,,,job,,,false,,0
6043-L-98,6043,landscape,Company B47AEED3,2026-08-27 15:40:58.661826,349.58125,2,completed,2026-08-28 00:00:00,2026-08-27 17:21:21.389361,2026-08-27 17:21:21.405168,Person A6D44A1E,555-0113,,,,job,,,false,,0
6043-L-99,6043,landscape,Company 00C4DFE3,2026-08-28 14:59:30.639956,16051.5,1,completed,2026-09-03 00:00:00,2026-08-28 15:00:18.32546,2026-08-28 15:00:18.334044,Person A2958278,555-0105,,,,job,,,false,,0
6043-L-MIGRATED,6043,landscape,Company A1187E29,2026-04-28 11:38:12.400391,259352.546,19,completed,,,2026-04-28 11:38:12.400391,,,,,,,,,true,,0
6043-S-1,6043,subcontract,,2026-06-09 15:44:24.153219,0,0,in_progress,,,2026-06-09 15:44:24.153762,,,,,,job,,,false,,0
6044-I-1,6044,irrigation,Company 2F610CBC,2025-08-22 21:21:25.928521,3331.31,30,completed,2025-10-28 00:00:00,2025-10-27 16:18:28.579789,2025-10-27 16:19:10.369112,,,,,,yard,,,false,,0
6044-I-2,6044,irrigation,Company 2F610CBC,2025-10-31 14:20:41.569818,932.06,8,completed,2025-11-03 00:00:00,2025-10-31 14:35:09.772315,2025-10-31 14:35:15.399076,Person 1CAC5ACA,555-0153,,,,job,,,false,,0
6044-I-3,6044,irrigation,Company 2F610CBC,2025-11-03 17:31:35.136534,202.5,4,completed,2025-11-04 00:00:00,2025-11-03 17:36:17.939506,2025-11-03 17:36:26.244571,,,,,,yard,,,false,,0
6044-I-4,6044,irrigation,Company 2F610CBC,2025-11-11 18:58:27.093296,432.18525,3,completed,2025-11-12 00:00:00,2025-11-14 17:12:35.060627,2025-11-14 17:12:35.121401,,,,,,job,,,false,,0
6044-I-5,6044,irrigation,Company 2F610CBC,2025-11-25 17:07:46.299393,59.3918,1,completed,2025-11-26 00:00:00,2025-11-25 19:08:40.51137,2025-11-25 19:08:40.532622,,,,,,yard,,,false,,0
6044-I-6,6044,irrigation,Company 2F610CBC,2025-12-10 15:27:00.39219,60,1,completed,2025-12-11 00:00:00,2025-12-10 15:31:59.026421,2025-12-10 15:33:08.856478,,,,,,yard,,,false,,0
6044-L-1,6044,landscape,Company EB810C42,2025-08-28 18:50:19.522759,1191.715,1,completed,2025-10-08 00:00:00,2025-08-28 18:56:32.006813,2025-09-11 14:22:05.323106,Person 4E789DCD,555-0176,,,,job,,,false,,0
6044-L-10,6044,landscape,Company 09434731,2025-12-05 22:00:56.670048,38,1,completed,2025-12-08 00:00:00,2025-12-05 22:01:26.906767,2025-12-05 22:01:34.6969,,,,,,will_call,,,false,,0
6044-L-2,6044,landscape,Company 7FC335AE,2025-08-28 18:56:32.154091,6953.36,3,completed,2025-11-03 00:00:00,2025-10-29 17:34:12.089811,2025-10-29 17:34:19.620609,Person 4E789DCD,555-0176,,,,job,,,false,,0
6044-L-3,6044,landscape,Company D35E67B5,2025-08-28 18:56:32.154091,3.6204,1,completed,2025-11-03 00:00:00,2025-10-29 17:34:12.172401,2025-10-29 17:34:12.185365,Person 4E789DCD,555-0176,,,,job,,,false,,0
6044-L-4,6044,landscape,Company 256CA5A8,2025-08-28 18:56:32.154091,3300,1,completed,2025-11-03 00:00:00,2025-10-29 17:34:12.252891,2025-10-29 17:34:12.265441,Person 4E789DCD,555-0176,,,,job,,,false,,0
6044-L-5,6044,landscape,Company 5513C1E9,2025-10-30 19:25:22.777483,6445,2,completed,2025-11-04 00:00:00,2025-10-30 19:26:54.357439,2025-10-30 19:28:21.996607,Person 22A1BBA5,555-0111,,,,job,,,false,,0
6044-L-6,6044,landscape,Company 7FC335AE,2025-10-30 19:25:22.777483,4040.625,1,completed,2025-11-04 00:00:00,2025-10-30 19:26:54.452379,2025-10-30 19:26:54.464767,Person 22A1BBA5,555-0111,,,,job,,,false,,0
6044-L-7,6044,landscape,Company 85C03ADA,2025-10-30 19:29:50.79678,2035.25,3,completed,2025-11-07 00:00:00,2025-10-30 19:32:46.420547,2025-10-30 19:32:59.045661,Person 53A99539,555-0111,,,,job,,,false,,0
6044-L-8,6044,landscape,Company 46E8FFF5,2025-10-30 21:44:40.631221,8415,1,completed,2025-11-07 00:00:00,2025-10-30 21:45:27.001563,2025-10-30 21:50:32.458038,Person 53A99539,555-0111,,,,job,,,false,,0
6044-L-9,6044,landscape,Company FA7B954D,2025-11-19 20:05:35.195454,7830,1,completed,2025-11-26 00:00:00,2025-11-19 20:08:18.537203,2025-11-19 20:08:23.671624,Person 253039FB,555-0134,,,,job,,,false,,0
6044-M-1,6044,maintenance,Company F6DB773A,2026-02-10 18:21:23.685886,89.4325,2,completed,2026-02-11 00:00:00,2026-02-10 18:21:49.973916,2026-02-10 18:21:49.986393,,,,,,yard,,,false,,0
6045-I-4,6045,irrigation,Company D35E67B5,2026-06-15 15:14:46.372482,94.5429,2,completed,2026-06-16 00:00:00,2026-06-15 22:58:03.239633,2026-06-15 22:58:03.252877,Person 63C78BB9,555-0130,,,,will_call,,,false,,0
6045-I-5,6045,irrigation,Company D35E67B5,2026-06-19 15:18:40.174863,45.675,1,deleted,2026-06-20 00:00:00,2026-06-19 15:19:59.369333,2026-06-22 16:17:08.186314,Person 63C78BB9,555-0130,,,2026-06-22 16:17:08.179253,will_call,,,false,,0
6045-I-MIGRATED,6045,irrigation,Company A1187E29,2026-04-28 11:37:55.121475,392.25,4,completed,,,2026-04-28 11:37:55.121475,,,,,,,,,true,,0
6045-L-MIGRATED,6045,landscape,Company A1187E29,2026-04-28 11:37:55.121475,444,1,completed,,,2026-04-28 11:37:55.121475,,,,,,,,,true,,0
6046-I-MIGRATED,6046,irrigation,Company A1187E29,2026-04-28 11:37:27.290018,71541,2,completed,,,2026-04-28 11:37:27.290018,,,,,,,,,true,,0
6046-L-MIGRATED,6046,landscape,Company A1187E29,2026-04-28 11:37:27.290018,16415.6,8,completed,,,2026-04-28 11:37:27.290018,,,,,,,,,true,,0
6047-D-1,6047,drains,Company D35E67B5,2026-03-02 16:24:50.317791,691.2378,5,completed,2026-03-03 00:00:00,2026-03-02 16:49:32.983902,2026-03-02 16:49:32.998092,Person 4E789DCD,555-0109,,,,job,,,false,,0
6047-D-2,6047,drains,Company D35E67B5,2026-03-27 14:51:48.068487,506.9853,4,completed,2026-03-27 00:00:00,2026-03-27 16:27:44.674534,2026-03-27 16:27:44.700266,Person B5A7B002,555-0130,,,,job,,,false,,0
6047-D-3,6047,drains,Company D35E67B5,2026-03-31 15:09:53.967277,205.17755,4,completed,2026-04-01 00:00:00,2026-03-31 15:50:46.831534,2026-03-31 15:50:46.845069,Person 0F38FB86,555-0130,,,,job,,,false,,0
6047-D-4,6047,drains,Company D35E67B5,2026-04-03 14:45:02.149139,4920.5556362727,11,completed,2026-04-03 00:00:00,2026-04-13 18:31:11.752998,2026-04-13 18:31:11.768884,Person 4E789DCD,555-0109,,,,job,,,false,,0
6047-D-5,6047,drains,Company D35E67B5,2026-04-03 17:07:19.04364,731.245375,3,completed,2026-04-03 00:00:00,2026-04-03 17:37:52.400068,2026-04-03 17:37:52.413342,,,,,,yard,,,false,,0
6047-D-6,6047,drains,Company D35E67B5,2026-04-13 14:41:35.416685,469.994725,3,completed,2026-04-13 00:00:00,2026-04-13 14:58:59.622825,2026-04-13 14:58:59.633058,Person 0F38FB86,555-0130,,,,job,,,false,,0
6047-D-7,6047,drains,,2026-04-16 14:52:55.620561,0,0,in_progress,,,2026-04-16 14:52:55.621301,,,,,,job,,,false,,0
6047-I-1,6047,irrigation,Company D35E67B5,2025-10-31 15:11:07.692903,81.224,2,completed,2025-10-31 00:00:00,2025-10-31 15:13:45.116983,2025-10-31 15:14:02.257652,,,,,,yard,,,false,,0
6047-I-10,6047,irrigation,Company D35E67B5,2026-04-01 14:57:31.593174,5204.615925,19,completed,2026-04-01 00:00:00,2026-04-01 16:54:47.5452,2026-04-01 16:54:47.565486,,,,,,yard,,,false,,0
6047-I-11,6047,irrigation,Company D35E67B5,2026-04-01 22:48:39.51255,1489.689005,11,completed,2026-04-01 00:00:00,2026-04-01 22:53:09.22537,2026-04-01 22:53:09.241809,,,,,,job,,,false,,0
6047-I-12,6047,irrigation,Company D35E67B5,2026-04-03 14:10:55.053624,810.273535,9,completed,2026-04-03 00:00:00,2026-04-03 21:51:57.686463,2026-04-03 21:51:57.706891,Person 63C78BB9,555-0180,,,,job,,,false,,0
6047-I-13,6047,irrigation,Company D35E67B5,2026-04-06 14:06:18.181179,554.67545,7,completed,2026-04-06 00:00:00,2026-04-06 14:45:07.875921,2026-04-06 14:45:07.889332,Person 63C78BB9,555-0130,,,,job,,,false,,0
6047-I-14,6047,irrigation,Company D35E67B5,2026-04-08 14:24:39.178935,345.34737,7,completed,2026-04-08 00:00:00,2026-04-13 22:48:39.674736,2026-04-13 22:48:39.688965,,,,,,yard,,,false,,0
6047-I-15,6047,irrigation,Company D35E67B5,2026-04-10 18:37:56.572112,589.93125,2,completed,2026-04-11 00:00:00,2026-04-10 18:40:05.145103,2026-04-10 18:40:05.156666,Person 63C78BB9,,,,,will_call,,,false,,0
6047-I-16,6047,irrigation,Company D35E67B5,2026-04-14 14:11:30.755029,137.435125,3,completed,2026-04-14 00:00:00,2026-04-14 14:34:48.442216,2026-04-14 14:34:48.456009,Person 63C78BB9,555-0130,,,,job,,,false,,0
6047-I-17,6047,irrigation,Company D35E67B5,2026-04-15 14:43:58.662821,414.42805,6,completed,2026-04-16 00:00:00,2026-04-15 16:35:10.62139,2026-04-15 16:35:10.636213,,,,,,yard,,,false,,0
6047-I-18,6047,irrigation,Company 2F610CBC,2026-05-19 15:46:22.310338,454.60156,4,completed,2026-05-19 00:00:00,2026-05-19 22:15:00.848749,2026-05-19 22:15:00.859818,,,,,,yard,,,false,,0
6047-I-19,6047,irrigation,Company A47A2876,2026-06-01 17:53:15.88975,175,1,completed,2026-06-02 00:00:00,2026-06-11 18:21:07.524896,2026-06-11 18:21:07.535932,,,,,,job,,,false,,0
6047-I-2,6047,irrigation,Company D35E67B5,2026-03-02 15:10:58.067551,1654.757695,11,completed,2026-03-03 00:00:00,2026-03-02 15:51:47.275762,2026-03-02 15:51:47.29299,Person 63C78BB9,555-0130,,,,job,,,false,,0
6047-I-20,6047,irrigation,Company D35E67B5,2026-06-01 17:56:15.006499,1433.861575,11,completed,2026-04-01 00:00:00,2026-06-18 22:42:34.053566,2026-06-18 22:42:34.071684,Person 63C78BB9,555-0130,,,,job,,,false,,0
6047-I-3,6047,irrigation,Company D35E67B5,2026-03-04 15:32:37.756576,203.938425,6,completed,2026-03-04 00:00:00,2026-03-04 16:00:35.338975,2026-03-04 16:00:35.376169,Person 63C78BB9,555-0130,,,,job,,,false,,0
6047-I-4,6047,irrigation,Company 2F610CBC,2026-03-05 21:47:28.040269,145.042275,3,completed,2026-03-06 00:00:00,2026-03-12 23:40:51.364357,2026-03-12 23:40:51.376884,Person 31B0347E,555-0188,,,,will_call,,,false,,0
6047-I-5,6047,irrigation,Company D35E67B5,2026-03-06 15:12:35.298386,12934.93495,37,completed,2026-03-06 00:00:00,2026-03-16 22:00:29.776466,2026-03-16 22:00:29.819878,,,,,,yard,,,false,,0
6047-I-6,6047,irrigation,Company D35E67B5,2026-03-16 21:19:51.462108,1146.9772,1,deleted,2026-03-16 00:00:00,2026-03-16 21:47:13.908909,2026-03-16 22:10:08.072865,,,,,2026-03-16 22:10:08.067953,yard,,,false,,0
6047-I-7,6047,irrigation,Company D35E67B5,2026-03-25 14:33:35.097144,1962.5585,4,completed,2026-03-24 00:00:00,2026-03-26 18:04:35.513378,2026-03-26 18:04:35.526424,Person 63C78BB9,555-0130,,,,yard,,,false,,0
6047-I-8,6047,irrigation,Company D35E67B5,2026-03-26 15:46:13.797482,66.1585,4,completed,2026-03-26 00:00:00,2026-03-26 16:19:32.31843,2026-03-26 16:19:32.332266,,,,,,yard,,,false,,0
6047-I-9,6047,irrigation,Company D35E67B5,2026-03-27 14:08:16.20589,166.161275,5,completed,2026-03-27 00:00:00,2026-03-27 16:30:39.721266,2026-03-27 16:30:39.735975,,,,,,job,,,false,,0
6047-L-1,6047,landscape,Company 85C03ADA,2025-08-28 18:54:18.096728,62.495,1,completed,2025-09-11 00:00:00,2025-09-04 18:55:11.109951,2025-09-04 18:55:11.153873,,,,,,job,,,false,,0
6047-L-10,6047,landscape,Company 2F610CBC,2026-03-23 15:59:26.795208,323.25,1,completed,2026-03-27 00:00:00,2026-03-27 14:53:27.86137,2026-03-27 14:53:27.872211,Person 153DA07E,555-0168,,,,job,,,false,,0
6047-L-11,6047,landscape,Company 09434731,2026-03-27 21:09:08.718166,3073.299375,7,completed,2026-03-31 00:00:00,2026-03-27 21:13:15.992564,2026-03-27 21:13:16.006777,Person B5A7B002,555-0168,,,,job,,,false,,0
6047-L-12,6047,landscape,Company B548E4AD,2026-03-27 21:09:08.718166,3007.84125,4,completed,2026-03-31 00:00:00,2026-03-27 21:13:16.052661,2026-03-27 21:13:16.059939,Person B5A7B002,555-0168,,,,job,,,false,,0
6047-L-13,6047,landscape,Company B1347A9D,2026-03-31 17:00:43.100048,203.6475,1,completed,2026-04-01 00:00:00,2026-03-31 17:01:10.750387,2026-03-31 17:01:10.765893,Person 153DA07E,,,,,yard,,,false,,0
6047-L-14,6047,landscape,Company F6DB773A,2026-04-01 20:35:40.481006,922.34,5,completed,2026-04-03 00:00:00,2026-04-01 20:37:14.210381,2026-04-01 20:37:14.224092,Person 153DA07E,555-0168,,,,job,,,false,,0
6047-L-15,6047,landscape,Company FA7B954D,2026-04-02 16:04:41.658072,336.18,1,completed,2026-04-08 00:00:00,2026-04-17 21:42:26.754157,2026-04-17 21:42:26.766304,Person 016A5B33,555-0168,,,,job,,,false,,0
6047-L-16,6047,landscape,Company 725B3DA8,2026-04-03 14:59:50.246738,145.4625,1,completed,2026-04-03 00:00:00,2026-04-03 15:00:05.862436,2026-04-03 15:00:05.874683,Person 4E789DCD,,,,,job,,,false,,0
6047-L-17,6047,landscape,Company D35E67B5,2026-04-03 18:37:05.000684,1092.3264,1,completed,2026-04-03 00:00:00,2026-04-06 15:52:20.054257,2026-04-06 15:52:20.065858,,,,,,yard,,,false,,0
6047-L-18,6047,landscape,Company D35E67B5,2026-04-03 18:49:29.051638,1202.49,1,deleted,2026-04-04 00:00:00,2026-04-03 18:49:40.62598,2026-04-03 20:39:21.267464,,,,,2026-04-03 20:39:21.261175,job,,,false,,0
6047-L-19,6047,landscape,Company 5661A390,2026-04-03 20:39:24.857375,421.3025,1,completed,2026-04-07 00:00:00,2026-04-06 16:35:18.35344,2026-04-06 16:35:18.363823,Person 4E789DCD,555-0176,,,,job,,,false,,0
6047-L-2,6047,landscape,Company 5513C1E9,2025-09-04 18:55:11.275972,38.79,1,completed,2025-09-11 00:00:00,2025-09-04 18:55:11.275968,2025-09-04 18:55:11.293754,,,,,,job,,,false,,0
6047-L-20,6047,landscape,Company 725B3DA8,2026-04-06 16:39:06.571131,140.075,1,completed,2026-04-07 00:00:00,2026-04-07 18:19:57.036589,2026-04-07 18:19:57.048527,,,,,,will_call,,,false,,0
6047-L-21,6047,landscape,Company 09434731,2026-04-07 21:07:34.566848,1505.2675,2,completed,2026-04-10 00:00:00,2026-04-07 21:27:17.636257,2026-04-07 21:27:17.657009,Person 153DA07E,555-0168,,,,job,,,false,,0
6047-L-22,6047,landscape,Company 5513C1E9,2026-04-07 21:07:34.566848,2812.275,5,completed,2026-04-10 00:00:00,2026-04-08 14:59:05.389888,2026-04-08 14:59:05.40386,Person 153DA07E,555-0168,,,,job,,,false,,0
6047-L-23,6047,landscape,Company D8508194,2026-04-08 14:50:11.507007,173.4775,1,completed,2026-04-08 00:00:00,2026-04-08 16:24:27.924504,2026-04-08 16:24:27.937817,,,,,,will_call,,,false,,0
6047-L-24,6047,landscape,Company 9419A0D4,2026-04-09 19:02:03.919234,999.92,2,completed,2026-04-10 00:00:00,2026-06-08 15:58:44.590438,2026-06-08 15:58:44.60191,,,,,,yard,,,false,,0
6047-L-25,6047,landscape,Company FA7B954D,2026-04-09 20:49:37.508321,724.08,1,completed,2026-04-14 00:00:00,2026-04-17 21:46:50.446027,2026-04-17 21:46:50.455804,Person 153DA07E,555-0168,,,,job,,,false,,0
6047-L-26,6047,landscape,Company B1347A9D,2026-04-10 00:53:52.766455,2783.451875,7,completed,2026-04-13 00:00:00,2026-04-10 14:12:48.555314,2026-04-10 14:12:48.568865,Person B5A7B002,555-0168,,,,job,,,false,,0
6047-L-27,6047,landscape,Company B548E4AD,2026-04-10 00:53:52.766455,4385.425,4,completed,2026-04-13 00:00:00,2026-05-18 15:57:36.505062,2026-05-18 15:57:36.517128,Person B5A7B002,555-0168,,,,job,,,false,,0
6047-L-28,6047,landscape,Company B386ADC3,2026-04-10 14:15:21.565152,14480.69,5,completed,2026-04-11 00:00:00,2026-05-07 14:26:40.70908,2026-05-07 14:26:40.722872,,,,,,job,,,false,,0
6047-L-29,6047,landscape,Company 85C03ADA,2026-04-14 16:45:21.513526,504.27,1,completed,2026-04-15 00:00:00,2026-04-14 16:45:27.808761,2026-04-14 16:45:27.819751,,,,,,yard,,,false,,0
6047-L-3,6047,landscape,Company B1347A9D,2025-09-04 18:55:11.418878,193.95,1,completed,2025-09-11 00:00:00,2025-09-04 18:55:11.418875,2025-09-04 18:55:11.42906,,,,,,job,,,false,,0
6047-L-30,6047,landscape,Company FA7B954D,2026-04-15 16:08:21.528516,523.665,1,completed,2026-04-17 00:00:00,2026-04-15 21:37:36.493241,2026-04-15 21:37:36.504712,Person 153DA07E,555-0168,,,,job,,,false,,0
6047-L-31,6047,landscape,Company 2F610CBC,2026-04-16 16:22:21.34116,245.67,1,completed,2026-04-17 00:00:00,2026-04-16 16:23:29.876275,2026-04-16 16:23:29.886311,,,,,,job,,,false,,0
6047-L-32,6047,landscape,Company 5513C1E9,2026-04-16 18:31:51.400665,2327.4,1,completed,2026-04-17 00:00:00,2026-04-16 18:32:21.743195,2026-04-16 18:32:21.763004,Person 9044842F,555-0176,,,,job,,,false,,0
6047-L-33,6047,landscape,Company B1347A9D,2026-04-16 18:42:15.428994,747.5775,6,completed,2026-04-17 00:00:00,2026-04-17 17:08:31.09654,2026-04-17 17:08:31.114102,Person 9044842F,555-0176,,,,job,,,false,,0
6047-L-34,6047,landscape,Company B47AEED3,2026-04-28 18:35:43.771075,85.9845,1,completed,2026-04-29 00:00:00,2026-04-28 18:37:36.480741,2026-04-28 18:37:36.495755,Person 9044842F,,,,,will_call,,,false,,0
6047-L-35,6047,landscape,Company B386ADC3,2026-05-05 21:09:36.448543,175,1,deleted,2026-05-11 00:00:00,2026-05-07 21:02:15.272898,2026-05-07 21:02:31.945123,Person 9044842F,,,,2026-05-07 21:02:31.940744,yard,,,false,,0
6047-L-36,6047,landscape,Company 0AF76EC0,2026-05-05 21:09:36.448543,1390.42,2,completed,2026-05-11 00:00:00,2026-05-07 21:03:33.383684,2026-05-07 21:03:33.395944,Person 9044842F,,,,,yard,,,false,,0
6047-L-37,6047,landscape,Company D8508194,2026-05-08 15:57:57.231228,99.13,1,completed,2026-05-18 00:00:00,2026-05-18 15:57:02.684744,2026-05-18 15:57:02.693335,,,,,,will_call,,,false,,0
6047-L-38,6047,landscape,Company D35E67B5,2026-05-19 13:34:09.081387,68.96,1,completed,2026-05-19 00:00:00,2026-05-19 13:35:54.533054,2026-05-19 13:35:54.545334,Person 9044842F,,,,,will_call,,,false,,0
6047-L-39,6047,landscape,,2026-06-08 15:51:50.286458,0,0,in_progress,,,2026-06-08 15:51:50.287031,,,,,,job,,,false,,0
6047-L-4,6047,landscape,Company 5513C1E9,2025-09-04 18:58:13.893126,17.64945,1,completed,2025-09-11 00:00:00,2026-03-05 21:49:43.563797,2026-03-05 21:49:43.574144,,,,,,job,,,false,,0
6047-L-5,6047,landscape,Company D35E67B5,2025-09-04 18:58:41.713131,4438.76125,1,completed,2026-03-19 00:00:00,2026-03-18 16:11:34.602525,2026-03-18 16:11:34.613615,Person 4E789DCD,,,,,yard,,,false,,0
6047-L-6,6047,landscape,Company 5513C1E9,2026-03-19 18:43:51.936999,1076.4225,4,completed,2026-03-26 00:00:00,2026-03-23 16:05:36.607137,2026-03-23 16:05:36.619069,Person 9044842F,555-0176,,,,job,,,false,,0
6047-L-7,6047,landscape,Company 520BDD44,2026-03-19 18:43:51.936999,1395.3625,2,completed,2026-03-26 00:00:00,2026-03-23 16:03:24.235033,2026-03-23 16:03:24.247939,Person 9044842F,555-0176,,,,job,,,false,,0
6047-L-8,6047,landscape,Company E4A3BEFC,2026-03-19 18:43:51.936999,7750,1,completed,2026-04-01 00:00:00,2026-03-27 17:04:25.169815,2026-03-27 17:04:25.180413,Person 9044842F,555-0176,,,,job,,,false,,0
6047-L-9,6047,landscape,Company 7FC335AE,2026-03-19 18:43:51.936999,1961.05,1,completed,2026-03-26 00:00:00,2026-03-23 16:04:37.175031,2026-03-23 16:04:37.187151,Person 9044842F,555-0176,,,,job,,,false,,0
6047-S-1,6047,subcontract,,2026-04-09 21:41:55.012574,0,0,in_progress,,,2026-04-09 21:41:55.013173,,,,,,job,,,false,,0
6048-D-1,6048,drains,Company 2F610CBC,2025-10-06 19:36:26.210824,4785.7,8,completed,2025-10-09 00:00:00,,2025-10-13 07:38:56.690617,Person 4E789DCD,555-0176,,,,job,,,false,,0
6048-D-10,6048,drains,,2026-07-06 17:06:37.048219,0,0,in_progress,,,2026-07-06 17:06:37.048832,,,,,,job,,,false,,0
6048-D-2,6048,drains,Company 2F610CBC,2025-10-15 17:02:34.684026,4715.14,8,completed,2025-10-16 00:00:00,2025-10-16 14:23:26.037461,2025-10-16 14:23:26.05894,Person 4E789DCD,555-0199,,,,job,,,false,,0
6048-D-3,6048,drains,Company 2F610CBC,2026-01-07 16:29:48.838838,1058.071,4,completed,2026-01-07 00:00:00,2026-01-07 16:33:44.777793,2026-01-07 16:38:29.987601,Person 253039FB,555-0117,,,,job,,,false,,0
6048-D-4,6048,drains,Company 2F610CBC,2026-01-23 17:21:27.569165,2829.400785,7,completed,2026-01-24 00:00:00,2026-01-26 18:45:50.017737,2026-01-26 18:45:50.033933,,,,,,job,,,false,,0
6048-D-5,6048,drains,Company 2F610CBC,2026-01-26 16:32:20.170409,37.24,1,completed,2026-01-27 00:00:00,2026-01-26 16:38:03.945858,2026-01-26 16:40:24.012196,Person 4E789DCD,555-0199,,,,job,,,false,,0
6048-D-6,6048,drains,Company 2F610CBC,2026-02-10 17:04:59.716001,485.3329375,6,completed,2026-02-10 00:00:00,2026-02-10 19:33:18.368981,2026-02-10 19:33:18.382457,,,,,,yard,,,false,,0
6048-D-7,6048,drains,Company 2F610CBC,2026-03-10 15:27:05.427977,1344.66397,9,completed,2026-03-10 00:00:00,2026-03-10 17:00:15.986076,2026-03-10 17:00:16.001845,Person 66EF849D,555-0117,,,,job,,,false,,0
6048-D-8,6048,drains,Company 2F610CBC,2026-03-18 14:56:10.701414,2338.422825,7,completed,2026-03-19 00:00:00,2026-03-18 17:53:25.04092,2026-03-18 17:53:25.055401,Person 66EF849D,555-0117,,,,job,,,false,,0
6048-D-9,6048,drains,Company 2F610CBC,2026-07-06 16:28:35.653273,1008.35036,7,completed,2026-07-07 00:00:00,2026-07-06 17:09:13.318877,2026-07-06 17:09:13.331239,Person 66EF849D,555-0117,,,,job,,,false,,0
6048-I-1,6048,irrigation,Company D35E67B5,2025-11-06 14:55:36.926292,12965.342,1,completed,2025-11-07 00:00:00,2025-11-06 15:01:16.074701,2025-11-06 15:01:16.101332,,,,,,job,,,false,,0
6048-I-10,6048,irrigation,Company 2F610CBC,2026-01-13 16:17:44.798445,1303.001355,8,completed,2026-01-13 00:00:00,2026-01-14 16:59:30.477724,2026-01-14 16:59:30.491606,Person 0B35C5A9,555-0168,,,,job,,,false,,0
6048-I-11,6048,irrigation,Company 2F610CBC,2026-01-23 16:29:06.74461,4217.431975,6,completed,2026-01-26 00:00:00,2026-01-26 18:52:21.278226,2026-01-26 18:52:21.293774,Person 0B35C5A9,555-0168,,,,job,,,false,,0
6048-I-12,6048,irrigation,Company 2F610CBC,2026-01-30 15:37:17.020819,96.35,2,completed,2026-01-30 00:00:00,2026-01-30 15:43:05.434132,2026-01-30 15:44:24.367503,Person BAC60484,,,,,job,,,false,,0
6048-I-13,6048,irrigation,Company 2F610CBC,2026-02-03 15:34:48.273524,5076.2048625,4,completed,2026-02-03 00:00:00,2026-02-05 17:55:25.54381,2026-02-05 17:55:25.557283,Person 4E789DCD,,,,,yard,,,false,,0
6048-I-14,6048,irrigation,Company 2F610CBC,2026-02-10 17:09:29.78698,790.4874025,5,completed,2026-02-10 00:00:00,2026-02-10 19:35:16.478355,2026-02-10 19:35:16.492345,,,,,,yard,,,false,,0
6048-I-15,6048,irrigation,Company 2F610CBC,2026-02-23 16:32:28.307161,37.486225,1,completed,2026-02-24 00:00:00,2026-02-25 17:15:45.18126,2026-02-25 17:15:45.194892,,,,,,yard,,,false,,0
6048-I-16,6048,irrigation,Company D35E67B5,2026-04-20 15:04:46.588842,806.9182,3,completed,2026-04-20 00:00:00,2026-04-21 17:09:01.971535,2026-04-21 17:09:01.989502,,,,,,yard,,,false,,0
6048-I-17,6048,irrigation,Company D35E67B5,2026-05-07 17:22:07.093645,70.716325,1,completed,2026-05-07 00:00:00,2026-05-12 23:45:19.816293,2026-05-12 23:45:19.833145,Person 63C78BB9,,,,,will_call,,,false,,0
6048-I-18,6048,irrigation,,2026-07-06 16:33:22.728561,0,0,in_progress,2026-07-07 00:00:00,,2026-07-06 16:33:46.572916,,,,,,job,,,false,,0
6048-I-2,6048,irrigation,Company 2F610CBC,2025-12-05 18:55:03.98609,111.116,4,completed,2025-12-06 00:00:00,2025-12-05 19:01:52.110681,2025-12-05 19:03:59.435237,Person 7260BABF,555-0158,,,,will_call,,,false,,0
6048-I-3,6048,irrigation,Company 2F610CBC,2025-12-09 17:18:09.20538,15283.938825,25,completed,2025-12-10 00:00:00,2026-02-03 16:56:31.686746,2026-02-03 16:56:31.714881,,,,,,yard,,,false,,0
6048-I-4,6048,irrigation,Company 2F610CBC,2025-12-12 16:00:12.162213,5969.525,19,completed,2025-12-15 00:00:00,2025-12-12 16:24:40.183912,2025-12-12 16:25:47.544843,Person 0B35C5A9,555-0168,,,,job,,,false,,0
6048-I-5,6048,irrigation,Company 2F610CBC,2025-12-15 15:38:30.124116,740.35025,7,completed,2025-12-16 00:00:00,2025-12-15 18:19:54.575726,2025-12-15 18:19:54.597103,Person 4A701970,555-0168,,,,job,,,false,,0
6048-I-6,6048,irrigation,Company 2F610CBC,2025-12-22 15:28:14.919679,8068.368,17,completed,2025-12-22 00:00:00,2025-12-22 15:44:00.01117,2025-12-22 15:45:17.526485,Person 0B35C5A9,555-0102,,,,job,,,false,,0
6048-I-7,6048,irrigation,Company 2F610CBC,2025-12-29 15:43:52.346189,2717.164075,19,completed,2025-12-30 00:00:00,2025-12-30 16:29:53.990209,2025-12-30 16:29:54.033003,Person 0B35C5A9,555-0168,,,,job,,,false,,0
6048-I-8,6048,irrigation,Company 2F610CBC,2026-01-06 17:24:22.630982,2430.1450125,5,completed,2026-01-06 00:00:00,2026-01-09 17:12:56.854345,2026-01-09 17:12:56.935581,Person 0B35C5A9,555-0168,,,,job,,,false,,0
6048-I-9,6048,irrigation,Company 2F610CBC,2026-01-07 18:31:22.942011,122.9,1,completed,2026-01-08 00:00:00,2026-01-07 18:31:39.14398,2026-01-07 18:32:11.614522,,,,,,will_call,,,false,,0
6048-L-1,6048,landscape,Company 730FB671,2025-11-04 21:51:50.827559,6133.63,3,completed,2025-12-10 00:00:00,2025-11-04 21:56:46.549523,2025-11-04 21:56:46.572555,Person FAB920E7,555-0125,,,,yard,,,false,,0
6048-L-10,6048,landscape,Company 85C03ADA,2025-12-23 19:41:15.78005,10717,5,completed,2025-12-30 00:00:00,2025-12-23 19:46:05.285164,2025-12-23 19:46:45.274519,Person 253039FB,555-0134,,,,job,,,false,,0
6048-L-11,6048,landscape,Company DC9A38AE,2025-12-23 19:41:15.78005,4525.5,1,completed,2025-12-30 00:00:00,2025-12-23 19:46:05.578474,2025-12-23 19:46:05.60476,Person 253039FB,555-0134,,,,job,,,false,,0
6048-L-12,6048,landscape,Company 02A7AFB7,2025-12-23 19:41:15.78005,5333.625,2,completed,2025-12-30 00:00:00,2025-12-23 19:46:05.717683,2025-12-23 19:46:05.736735,Person 253039FB,555-0134,,,,job,,,false,,0
6048-L-13,6048,landscape,Company 99AC62BC,2025-12-29 18:06:11.117017,2600,1,completed,2025-12-30 00:00:00,2025-12-29 18:07:21.771552,2025-12-29 18:08:06.654584,Person 253039FB,555-0134,,,,job,,,false,,0
6048-L-14,6048,landscape,Company A71C01F2,2025-12-30 22:09:49.450301,1930,3,completed,2026-01-05 00:00:00,2025-12-30 22:13:15.98768,2025-12-30 22:13:22.340061,Person 4E789DCD,555-0176,,,,job,,,false,,0
6048-L-15,6048,landscape,Company 2F610CBC,2026-01-06 16:11:38.993013,593.8749,4,completed,2026-01-06 00:00:00,2026-01-06 19:04:19.24094,2026-01-06 19:04:19.276155,Person 253039FB,555-0122,,,,job,,,false,,0
6048-L-16,6048,landscape,Company 5661A390,2026-01-06 18:58:18.870717,575,1,completed,2026-01-07 00:00:00,2026-01-06 18:59:55.921342,2026-01-06 19:00:12.912364,Person 253039FB,555-0134,,,,job,,,false,,0
6048-L-17,6048,landscape,Company D35E67B5,2026-01-07 16:20:18.642809,1764.783375,3,completed,2026-01-07 00:00:00,2026-01-07 18:09:49.423364,2026-01-07 18:09:49.469177,Person 253039FB,,,,,yard,,,false,,0
6048-L-18,6048,landscape,Company D35E67B5,2026-01-07 16:28:55.400349,4751.2,2,completed,2026-01-07 00:00:00,2026-01-07 16:30:23.687247,2026-01-07 16:31:08.785073,Person 253039FB,,,,,yard,,,false,,0
6048-L-19,6048,landscape,Company B47AEED3,2026-01-07 22:50:50.77637,7666,30,completed,2026-01-12 00:00:00,2026-01-07 23:05:54.284291,2026-01-07 23:06:07.409014,Person 253039FB,555-0134,,,,job,,,false,,0
6048-L-2,6048,landscape,Company 16AC8FE9,2025-11-11 17:36:34.162779,2953.136575,1,completed,2025-11-12 00:00:00,2025-11-11 17:40:28.632691,2025-11-11 17:40:28.72487,Person FAB920E7,555-0171,,,,yard,,,false,,0
6048-L-20,6048,landscape,Company 85C03ADA,2026-01-07 22:50:50.77637,2492.042,10,completed,2026-01-12 00:00:00,2026-01-07 23:05:54.703609,2026-01-07 23:05:54.772516,Person 253039FB,555-0134,,,,job,,,false,,0
6048-L-21,6048,landscape,Company 09434731,2026-01-07 22:50:50.77637,1859.765,6,completed,2026-01-12 00:00:00,2026-01-07 23:05:55.130257,2026-01-07 23:05:55.209146,Person 253039FB,555-0134,,,,job,,,false,,0
6048-L-22,6048,landscape,Company F6DB773A,2026-01-07 22:50:50.77637,1518.6285,5,completed,2026-01-12 00:00:00,2026-01-07 23:05:55.428787,2026-01-07 23:05:55.469141,Person 253039FB,555-0134,,,,job,,,false,,0
6048-L-23,6048,landscape,Company 724579F1,2026-01-08 16:53:15.030409,946,3,completed,2026-01-09 00:00:00,2026-01-08 16:55:04.765759,2026-01-08 16:55:13.669487,Person 253039FB,555-0134,,,,job,,,false,,0
6048-L-24,6048,landscape,Company 724579F1,2026-01-08 16:55:15.957393,5763,6,completed,2026-01-15 00:00:00,2026-01-08 16:59:50.399699,2026-01-08 16:59:59.683732,Person 253039FB,555-0134,,,,job,,,false,,0
6048-L-25,6048,landscape,Company 85C03ADA,2026-01-09 20:06:11.86721,10715.1,25,completed,2026-01-13 00:00:00,2026-01-09 20:23:08.672408,2026-01-09 20:23:24.263789,Person 253039FB,555-0134,,,,job,,,false,,0
6048-L-26,6048,landscape,Company B47AEED3,2026-01-09 20:06:11.86721,2148.535,6,completed,2026-01-13 00:00:00,2026-01-09 20:23:09.298436,2026-01-09 20:23:09.42731,Person 253039FB,555-0134,,,,job,,,false,,0
6048-L-27,6048,landscape,Company DC9A38AE,2026-01-09 20:06:11.86721,1316.705,2,completed,2026-01-13 00:00:00,2026-01-09 20:23:09.835845,2026-01-09 20:23:09.86723,Person 253039FB,555-0134,,,,job,,,false,,0
6048-L-28,6048,landscape,Company 520BDD44,2026-01-09 20:06:11.86721,1873.7725,6,completed,2026-01-13 00:00:00,2026-01-09 20:23:10.182797,2026-01-09 20:23:10.318631,Person 253039FB,555-0134,,,,job,,,false,,0
6048-L-29,6048,landscape,Company 99AC62BC,2026-01-09 20:06:11.86721,700.375,1,completed,2026-01-13 00:00:00,2026-01-09 20:23:10.735811,2026-01-09 20:23:10.802315,Person 253039FB,555-0134,,,,job,,,false,,0
6048-L-3,6048,landscape,Company 1448F25B,2025-11-11 17:44:04.147198,2590.05,3,completed,2025-11-12 00:00:00,2025-11-11 17:45:40.957433,2025-11-11 17:45:40.986919,Person FAB920E7,,,,,yard,,,false,,0
6048-L-30,6048,landscape,Company 5513C1E9,2026-01-09 20:06:11.86721,1228.35,1,completed,2026-01-13 00:00:00,2026-01-30 18:17:33.352443,2026-01-30 18:17:33.366977,Person 253039FB,555-0134,,,,job,,,false,,0
6048-L-31,6048,landscape,Company B47AEED3,2026-01-13 19:22:29.753138,1743,2,completed,2026-01-14 00:00:00,2026-01-13 19:23:30.19246,2026-01-13 19:26:42.088577,Person 4E789DCD,555-0176,,,,job,,,false,,0
6048-L-32,6048,landscape,Company D35E67B5,2026-01-15 15:48:27.77138,417.53125,1,completed,2026-01-15 00:00:00,2026-01-15 16:42:03.751733,2026-01-15 16:42:03.762389,Person 253039FB,555-0134,,,,job,,,false,,0
6048-L-33,6048,landscape,Company D35E67B5,2026-01-15 16:12:33.119319,163.2,1,completed,2026-01-15 00:00:00,2026-01-15 16:13:05.74935,2026-01-15 16:13:09.006122,Person 253039FB,555-0134,,,,job,,,false,,0
6048-L-34,6048,landscape,Company 2F610CBC,2026-01-21 15:38:53.027431,159.47,1,completed,2026-01-21 00:00:00,2026-01-21 18:39:10.46507,2026-01-21 18:39:10.474735,Person 253039FB,555-0117,,,,job,,,false,,0
6048-L-35,6048,landscape,Company 2F610CBC,2026-01-21 17:09:47.161152,771,2,completed,2026-01-21 00:00:00,2026-01-21 17:10:55.031842,2026-01-21 17:10:55.843131,Person 253039FB,555-0134,,,,job,,,false,,0
6048-L-36,6048,landscape,Company 725B3DA8,2026-01-23 15:40:49.761238,1080,1,completed,2026-01-26 00:00:00,2026-01-23 15:41:37.027224,2026-01-23 18:46:39.070347,Person 253039FB,555-0134,,,,job,,,false,,0
6048-L-37,6048,landscape,Company F31EC0F6,2026-01-23 22:03:15.359615,408.7173,2,completed,2026-01-24 00:00:00,2026-01-23 22:05:10.06305,2026-01-23 22:05:10.075824,,,,,,job,,,false,,0
6048-L-38,6048,landscape,Company 2F610CBC,2026-01-26 16:36:15.410545,564,1,completed,2026-01-26 00:00:00,2026-01-26 16:36:43.313619,2026-01-26 16:36:43.856161,Person 253039FB,555-0134,,,,job,,,false,,0
6048-L-39,6048,landscape,Company D35E67B5,2026-01-26 18:59:27.545419,81.6,1,completed,2026-01-26 00:00:00,2026-01-26 18:59:56.993067,2026-01-26 18:59:57.739012,Person 253039FB,555-0134,,,,yard,,,false,,0
6048-L-4,6048,landscape,Company C2E3692D,2025-11-12 22:59:08.489181,9840.17,14,completed,2025-11-20 00:00:00,2025-11-17 16:41:57.180216,2025-11-17 16:41:57.261967,Person 847C86C2,555-0128,,,,yard,,,false,,0
6048-L-40,6048,landscape,Company 702C29F8,2026-01-26 19:03:09.982231,1069.44,1,completed,2026-01-27 00:00:00,2026-01-26 19:04:16.005361,2026-01-26 19:04:16.52207,Person FAB920E7,555-0128,,,,will_call,,,false,,0
6048-L-41,6048,landscape,Company 724579F1,2026-01-26 23:16:58.415724,1136.4925,1,completed,2026-01-26 00:00:00,2026-01-26 23:18:32.693199,2026-01-26 23:18:33.309811,Person 4E789DCD,555-0176,,,,will_call,,,false,,0
6048-L-42,6048,landscape,Company 86A496FF,2026-01-27 22:09:20.585862,521.5,11,completed,2026-01-28 00:00:00,2026-01-27 22:19:03.228175,2026-01-27 22:19:04.029847,,,,,,job,,,false,,0
6048-L-43,6048,landscape,Company B47AEED3,2026-01-27 22:09:20.585862,1359.805,3,completed,2026-01-29 00:00:00,2026-01-27 22:27:46.464272,2026-01-27 22:27:46.482295,Person 4E789DCD,555-0176,,,,job,,,false,,0
6048-L-44,6048,landscape,Company 93078B9A,2026-01-28 17:53:10.887229,48,1,completed,2026-01-28 00:00:00,2026-01-28 17:53:54.057084,2026-01-28 17:53:54.574899,,,,,,will_call,,,false,,0
6048-L-45,6048,landscape,Company F6DB773A,2026-01-28 18:03:31.020025,283.5,11,deleted,2026-01-29 00:00:00,2026-01-29 00:53:53.618252,2026-01-29 00:59:25.964366,Person 4E789DCD,555-0176,,,2026-01-29 00:59:25.955598,will_call,,,false,,0
6048-L-46,6048,landscape,Company 93078B9A,2026-01-28 18:03:31.020025,131.455,4,completed,2026-01-29 00:00:00,2026-01-29 00:58:39.099161,2026-01-29 00:58:39.123514,Person 4E789DCD,555-0176,,,,will_call,,,false,,0
6048-L-47,6048,landscape,Company B47AEED3,2026-01-28 18:03:31.020025,79.735,3,completed,2026-01-29 00:00:00,2026-01-29 00:53:53.702248,2026-01-29 00:53:53.717492,Person 4E789DCD,555-0176,,,,will_call,,,false,,0
6048-L-48,6048,landscape,Company F6DB773A,2026-01-29 01:01:28.974285,94.28125,4,completed,2026-01-30 00:00:00,2026-01-29 01:04:16.567554,2026-01-29 01:04:16.580969,,,,,,job,,,false,,0
6048-L-49,6048,landscape,Company 85C03ADA,2026-01-29 17:29:53.161755,1563,8,completed,2026-01-30 00:00:00,2026-01-29 17:34:38.249437,2026-01-29 17:34:38.832148,Person 253039FB,555-0134,,,,job,,,false,,0
6048-L-5,6048,landscape,Company DC9A38AE,2025-12-17 16:00:15.962085,4180,6,completed,2025-12-18 00:00:00,2025-12-17 16:02:57.493945,2025-12-17 16:05:05.019233,Person 4E789DCD,555-0176,,,,job,,,false,,0
6048-L-50,6048,landscape,Company B47AEED3,2026-01-29 18:13:08.598125,420.55,6,completed,2026-01-29 00:00:00,2026-01-29 18:17:52.167372,2026-01-29 18:17:53.354561,Person 253039FB,555-0134,,,,job,,,false,,0
6048-L-51,6048,landscape,Company 85C03ADA,2026-01-29 18:13:08.598125,57.43075,1,completed,2026-01-29 00:00:00,2026-01-29 18:17:52.235321,2026-01-29 18:17:52.241186,Person 253039FB,555-0134,,,,job,,,false,,0
6048-L-52,6048,landscape,Company F66D8559,2026-01-29 19:33:11.84731,21.3,1,completed,2026-01-29 00:00:00,2026-01-29 19:34:15.442844,2026-01-29 19:34:16.189156,,,,,,will_call,,,false,,0
6048-L-53,6048,landscape,Company B47AEED3,2026-01-30 18:59:56.937049,2690.9,13,completed,2026-02-02 00:00:00,2026-01-30 19:11:31.610265,2026-01-30 19:11:32.552546,Person 253039FB,555-0134,,,,job,,,false,,0
6048-L-54,6048,landscape,Company F6DB773A,2026-01-30 18:59:56.937049,1916.33375,9,completed,2026-02-02 00:00:00,2026-01-30 19:11:31.657911,2026-01-30 19:11:31.668961,Person 253039FB,555-0134,,,,job,,,false,,0
6048-L-55,6048,landscape,Company 725B3DA8,2026-02-03 17:38:20.973398,290.925,1,completed,2026-02-03 00:00:00,2026-02-03 17:40:06.169878,2026-02-03 17:40:06.180762,,,,,,will_call,,,false,,0
6048-L-56,6048,landscape,Company 89E4720D,2026-02-04 18:52:13.488659,3043.1,4,completed,2026-03-05 00:00:00,2026-02-04 22:32:03.705203,2026-02-04 22:32:03.720504,Person FAB920E7,555-0150,,,,yard,,,false,,0
6048-L-57,6048,landscape,Company F6DB773A,2026-02-05 19:29:22.102371,504.27,5,completed,2026-02-06 00:00:00,2026-02-05 19:39:25.047978,2026-02-05 19:39:25.062392,Person 253039FB,,,,,will_call,,,false,,0
6048-L-58,6048,landscape,Company B47AEED3,2026-02-05 19:43:44.572873,255.3675,3,completed,2026-02-06 00:00:00,2026-02-09 16:57:10.714278,2026-02-09 16:57:10.74078,Person 253039FB,555-0134,,,,will_call,,,false,,0
6048-L-59,6048,landscape,Company C2E3692D,2026-02-06 21:30:43.930409,1444.93,6,completed,2026-02-09 00:00:00,2026-02-06 21:35:29.535172,2026-02-06 21:35:29.547595,Person 847C86C2,555-0128,,,,yard,,,false,,0
6048-L-6,6048,landscape,Company 02A7AFB7,2025-12-17 16:00:15.962085,1508.5,2,completed,2025-12-18 00:00:00,2025-12-17 16:10:56.652107,2025-12-17 16:10:56.671781,Person 4E789DCD,555-0176,,,,job,,,false,,0
6048-L-60,6048,landscape,Company 09434731,2026-02-10 17:11:39.580681,100.854,1,completed,2026-02-10 00:00:00,2026-02-10 17:12:30.284884,2026-02-10 17:12:30.297411,Person 4E789DCD,,,,,will_call,,,false,,0
6048-L-61,6048,landscape,Company 85C03ADA,2026-02-16 18:06:50.290697,567.30375,1,completed,2026-02-20 00:00:00,2026-02-18 22:57:36.770832,2026-02-18 22:57:36.780195,Person 4E789DCD,,,,,yard,,,false,,0
6048-L-62,6048,landscape,Company 725B3DA8,2026-02-25 16:27:09.127185,290.925,1,completed,2026-02-26 00:00:00,2026-02-25 16:27:54.914204,2026-02-25 16:27:54.994451,Person 4E789DCD,555-0176,,,,will_call,,,false,,0
6048-L-63,6048,landscape,Company 09434731,2026-02-25 16:45:35.658409,48.4875,1,completed,2026-02-24 00:00:00,2026-02-25 16:46:07.634122,2026-02-25 16:46:07.674836,,,,,,will_call,,,false,,0
6048-L-64,6048,landscape,Company 09434731,2026-02-25 18:11:13.556385,529.59125,6,completed,2026-02-26 00:00:00,2026-02-25 18:14:25.728587,2026-02-25 18:14:25.799808,Person 253039FB,555-0134,,,,job,,,false,,0
6048-L-65,6048,landscape,Company B47AEED3,2026-02-25 18:11:13.556385,204.725,1,deleted,2026-02-26 00:00:00,2026-02-25 18:15:35.881037,2026-02-26 15:25:29.234221,Person 253039FB,555-0134,,,2026-02-26 15:25:29.19386,will_call,,,false,,0
6048-L-66,6048,landscape,Company DE14B8EC,2026-02-25 22:28:45.096185,183.228875,1,deleted,2026-02-26 00:00:00,2026-02-25 22:30:08.574637,2026-02-27 18:51:21.699296,Person 253039FB,555-0134,,,2026-02-27 18:51:21.684277,will_call,,,false,,0
6048-L-67,6048,landscape,Company B47AEED3,2026-02-27 17:51:45.666907,474.153875,2,completed,2026-03-02 00:00:00,2026-02-27 18:53:08.433021,2026-02-27 18:53:08.523367,Person 253039FB,555-0134,,,,will_call,,,false,,0
6048-L-68,6048,landscape,Company 2F610CBC,2026-04-01 18:01:22.334206,245.67,1,deleted,2026-04-15 00:00:00,2026-04-15 15:30:23.345611,2026-04-16 16:24:33.526794,Person B5A7B002,555-0168,,,2026-04-16 16:24:33.518829,job,,,false,,0
6048-L-69,6048,landscape,Company B47AEED3,2026-04-17 22:27:52.279282,148.425625,4,completed,2026-06-11 00:00:00,2026-06-09 21:14:29.268939,2026-06-09 21:14:29.281581,Person 4E789DCD,,,,,will_call,,,false,,0
6048-L-7,6048,landscape,Company 5513C1E9,2025-12-17 16:00:15.962085,1217.575,2,completed,2025-12-18 00:00:00,2025-12-17 16:02:57.7552,2025-12-17 16:02:57.769031,Person 4E789DCD,555-0176,,,,job,,,false,,0
6048-L-70,6048,landscape,,2026-07-06 16:33:01.046818,0,0,in_progress,,,2026-07-06 16:33:01.047604,,,,,,job,,,false,,0
6048-L-8,6048,landscape,Company 85C03ADA,2025-12-17 16:00:15.962085,1185.25,1,completed,2025-12-18 00:00:00,2025-12-17 16:14:51.889094,2025-12-17 16:14:51.906107,Person 4E789DCD,555-0176,,,,job,,,false,,0
6048-L-9,6048,landscape,Company C2E3692D,2025-12-22 18:41:51.747363,1606.5525,2,completed,2025-12-23 00:00:00,2025-12-22 21:27:19.419053,2025-12-22 21:27:19.435927,,,,,,job,,,false,,0
6048-M-1,6048,maintenance,Company B47AEED3,2026-08-06 14:11:40.653493,352.3425,3,completed,2026-08-07 00:00:00,2026-08-06 14:12:37.368082,2026-08-06 14:12:37.380358,Person 8F078E89,,,,,will_call,,,false,,0
6048-M-2,6048,maintenance,,2026-08-10 13:54:43.495216,0,0,in_progress,,,2026-08-10 13:54:43.49585,,,,,,job,,,false,,0
6049-D-1,6049,drains,Company D35E67B5,2025-09-30 13:53:03.474012,1706.2,7,completed,2025-09-30 00:00:00,,2025-10-13 07:38:56.690617,Person 4E789DCD,555-0176,,,,job,,,false,,0
6049-D-10,6049,drains,Company D35E67B5,2026-01-13 21:33:29.32094,175.5,1,completed,2026-01-13 00:00:00,2026-01-13 21:33:44.1942,2026-01-13 21:33:57.735977,Person 4E789DCD,,,,,yard,,,false,,0
6049-D-11,6049,drains,Company D35E67B5,2026-01-16 16:07:23.038942,1284.99,4,completed,2026-01-17 00:00:00,2026-01-16 17:01:23.407684,2026-01-16 17:01:23.419694,,,,,,yard,,,false,,0
6049-D-12,6049,drains,Company D35E67B5,2026-01-19 15:23:19.736559,439.534875,2,completed,2026-01-19 00:00:00,2026-01-19 17:37:28.315782,2026-01-19 17:37:28.330208,Person 4E789DCD,555-0199,,,,job,,,false,,0
6049-D-13,6049,drains,Company D35E67B5,2026-02-27 21:54:46.462551,4246.905,12,completed,2026-03-02 00:00:00,2026-02-27 23:03:52.738705,2026-02-27 23:03:52.83934,Person F5F28944,555-0197,,,,job,,,false,,0
6049-D-14,6049,drains,Company D35E67B5,2026-03-02 16:39:11.038256,2046.8055,9,completed,2026-03-03 00:00:00,2026-03-02 17:50:48.397575,2026-03-02 17:50:48.435065,Person 66EF849D,555-0117,,,,job,,,false,,0
6049-D-15,6049,drains,Company D35E67B5,2026-03-16 22:15:56.984803,208.963125,1,completed,2026-03-17 00:00:00,2026-03-16 22:40:49.522587,2026-03-16 22:40:49.536955,,,,,,yard,,,false,,0
6049-D-16,6049,drains,Company D35E67B5,2026-04-13 14:48:21.640688,3712.257375,11,completed,2026-04-13 00:00:00,2026-04-13 15:25:02.432413,2026-04-13 15:25:02.452679,Person A2D24D47,555-0120,,,,job,,,false,,0
6049-D-17,6049,drains,Company D35E67B5,2026-04-15 15:34:55.761225,159.79725,1,completed,2026-04-16 00:00:00,2026-04-15 16:08:19.056664,2026-04-15 16:08:19.072575,Person 4E789DCD,555-0109,,,,will_call,,,false,,0
6049-D-18,6049,drains,Company D35E67B5,2026-04-16 15:57:21.16888,1091.08875,5,completed,2026-04-16 00:00:00,2026-04-16 16:16:09.935018,2026-04-16 16:16:09.948103,,,,,,job,,,false,,0
6049-D-19,6049,drains,Company D35E67B5,2026-05-13 14:52:51.336901,1144.7025,5,completed,2026-05-13 00:00:00,2026-05-13 15:22:41.362427,2026-05-13 15:22:41.376836,Person 0E8B09AE,555-0185,,,,job,,,false,,0
6049-D-2,6049,drains,,2025-10-13 07:19:56.451455,0,0,deleted,2025-10-20 00:00:00,,2025-10-13 07:29:26.077925,,,,,2025-10-13 07:29:26.008106,job,,,false,,0
6049-D-20,6049,drains,Company D35E67B5,2026-05-15 15:07:39.980747,79.605,1,completed,2026-05-15 00:00:00,2026-05-15 16:56:51.6359,2026-05-15 16:56:51.644186,Person 0E8B09AE,555-0185,,,,job,,,false,,0
6049-D-21,6049,drains,Company D35E67B5,2026-05-15 20:52:47.646483,938.762625,7,completed,2026-06-08 00:00:00,2026-06-08 16:42:19.508985,2026-06-08 16:42:19.522724,Person 0E8B09AE,555-0185,,,,job,,,false,,0
6049-D-22,6049,drains,Company D35E67B5,2026-07-21 21:11:30.018688,580.26825,3,completed,2026-07-22 00:00:00,2026-07-22 20:37:33.042263,2026-07-22 20:37:33.053554,Person 66EF849D,555-0117,,,,job,,,false,,0
6049-D-23,6049,drains,Company D35E67B5,2026-07-23 17:01:38.577781,2725.884,10,completed,2026-07-30 00:00:00,2026-07-23 17:35:39.848355,2026-07-23 17:35:39.863598,Person A2D24D47,555-0120,,,,job,,,false,,0
6049-D-24,6049,drains,Company D35E67B5,2026-07-24 14:20:38.602281,144.26775,1,completed,2026-07-24 00:00:00,2026-07-24 15:34:46.603183,2026-07-24 15:34:46.613558,Person 66EF849D,555-0117,,,,job,,,false,,0
6049-D-25,6049,drains,Company D35E67B5,2026-07-30 17:44:51.444012,958.663875,5,completed,2026-08-10 00:00:00,2026-08-07 14:58:45.516162,2026-08-07 14:58:45.530315,Person 66EF849D,555-0117,,,,job,,,false,,0
6049-D-26,6049,drains,Company D35E67B5,2026-08-27 17:36:28.822134,3568.903125,12,completed,2026-08-28 00:00:00,2026-08-27 20:37:02.698474,2026-08-27 20:37:02.718964,Person A2D24D47,555-0120,,,,job,,,false,,0
6049-D-27,6049,drains,,2026-09-04 15:37:43.826587,0,0,in_progress,,,2026-09-04 15:37:43.827087,,,,,,job,,,false,,0
6049-D-3,6049,drains,,2025-10-13 07:20:14.133397,0,0,deleted,2025-10-20 00:00:00,,2025-10-13 07:29:23.77521,,,,,2025-10-13 07:29:23.704995,job,,,false,,0
6049-D-4,6049,drains,,2025-10-13 07:20:19.606067,0,0,deleted,2025-10-20 00:00:00,,2025-10-13 07:29:21.635108,,,,,2025-10-13 07:29:21.562316,job,,,false,,0
6049-D-5,6049,drains,Company D35E67B5,2025-10-13 07:41:16.237578,741.43575,5,completed,2025-10-16 00:00:00,2025-10-16 15:36:41.662208,2025-10-16 15:36:41.903099,Person 253039FB,555-0134,,,,job,,,false,,0
6049-D-6,6049,drains,Company D35E67B5,2025-10-22 17:16:14.067886,1892.337,8,completed,2025-10-23 00:00:00,2025-10-22 17:16:14.067884,2025-10-22 17:16:14.131152,Person 3751D3D4,555-0179,,,,job,,,false,,0
6049-D-7,6049,drains,Company D35E67B5,2025-11-03 19:25:01.51957,5198.79375,12,completed,2025-11-04 00:00:00,2025-11-03 22:46:26.068989,2025-11-03 22:46:26.096285,,,,,,job,,,false,,0
6049-D-8,6049,drains,Company D35E67B5,2025-11-20 18:51:07.869015,4378.68825,12,completed,2025-11-24 00:00:00,2025-11-20 19:28:28.834982,2025-11-20 19:28:28.956816,Person 4E789DCD,555-0176,,,,job,,,false,,0
6049-D-9,6049,drains,Company D35E67B5,2025-12-19 16:20:30.43839,150.075,1,completed,2025-12-19 00:00:00,2025-12-22 19:09:17.620265,2025-12-22 19:09:17.649144,,,,,,job,,,false,,0
6049-I-1,6049,irrigation,Company D35E67B5,2025-10-13 00:00:00,16551.043125,33,completed,2025-10-16 00:00:00,2025-10-23 01:20:07.505602,2025-10-23 01:20:07.597603,Person 4E789DCD,,,,,yard,,,false,,0
6049-I-10,6049,irrigation,Company D35E67B5,2025-12-01 15:19:42.613274,4788.9498,10,completed,2025-12-02 00:00:00,2025-12-01 18:27:41.429923,2025-12-01 18:27:41.47289,,,,,,job,,,false,,0
6049-I-11,6049,irrigation,Company D35E67B5,2025-12-04 15:37:49.587334,624,3,completed,2025-12-05 00:00:00,2025-12-04 15:40:37.593904,2025-12-04 15:40:40.853882,Person 4E789DCD,555-0176,,,,will_call,,,false,,0
6049-I-12,6049,irrigation,Company D35E67B5,2025-12-04 15:41:32.489057,214,1,completed,2025-12-04 00:00:00,2025-12-04 15:42:14.282445,2025-12-04 15:43:19.865655,Person FEE36AB2,555-0161,,,,job,,,false,,0
6049-I-13,6049,irrigation,Company D35E67B5,2025-12-05 16:22:14.453925,264.7,2,completed,2025-12-05 00:00:00,2025-12-05 16:26:19.818853,2025-12-05 16:26:38.623607,Person 4E789DCD,555-0199,,,,job,,,false,,0
6049-I-14,6049,irrigation,Company D35E67B5,2025-12-08 16:30:54.235337,17.2,2,completed,2025-12-08 00:00:00,2025-12-08 16:33:01.379322,2025-12-08 16:37:52.47613,,,,,,yard,,,false,,0
6049-I-15,6049,irrigation,Company D35E67B5,2025-12-09 15:57:41.386303,28.29675,2,completed,2025-12-09 00:00:00,2025-12-09 16:27:51.288175,2025-12-09 16:27:51.307636,Person 4E789DCD,555-0176,,,,job,,,false,,0
6049-I-16,6049,irrigation,Company D35E67B5,2025-12-09 18:24:34.287663,29.6235,2,completed,2025-12-10 00:00:00,2025-12-15 18:24:48.706722,2025-12-15 18:24:48.772187,,,,,,job,,,false,,0
6049-I-17,6049,irrigation,Company D35E67B5,2025-12-10 15:57:44.388963,330,1,completed,2025-12-10 00:00:00,2025-12-10 16:00:11.914377,2025-12-10 16:01:26.644923,Person 713C1F68,555-0117,,,,job,,,false,,0
6049-I-18,6049,irrigation,Company D35E67B5,2026-01-06 18:12:07.502781,1542.18375,5,completed,2026-01-06 00:00:00,2026-01-06 18:44:18.238855,2026-01-06 18:44:18.392531,,,,,,job,,,false,,0
6049-I-19,6049,irrigation,Company D35E67B5,2026-01-07 16:14:57.288923,773.865,11,completed,2026-01-07 00:00:00,2026-01-07 19:04:07.698037,2026-01-07 19:04:07.766432,,,,,,job,,,false,,0
6049-I-2,6049,irrigation,,2025-10-08 18:21:00.505798,0,0,deleted,2025-10-17 00:00:00,,2025-10-13 07:29:33.283814,,,,,2025-10-13 07:29:33.216201,job,,,false,,0
6049-I-20,6049,irrigation,Company D35E67B5,2026-01-08 16:34:40.440901,422.85,2,completed,2026-01-08 00:00:00,2026-01-08 16:35:39.28021,2026-01-08 16:36:48.545693,Person 713C1F68,555-0102,,,,job,,,false,,0
6049-I-21,6049,irrigation,Company D35E67B5,2026-01-09 15:39:02.33791,1923.57,2,completed,2026-01-10 00:00:00,2026-01-09 18:09:48.669589,2026-01-09 18:09:48.709623,,,,,,yard,,,false,,0
6049-I-22,6049,irrigation,Company D35E67B5,2026-01-12 15:37:42.662328,2549.97,19,completed,2026-01-12 00:00:00,2026-01-12 16:43:40.013785,2026-01-12 16:43:40.066517,Person 713C1F68,555-0102,,,,job,,,false,,0
6049-I-23,6049,irrigation,Company D35E67B5,2026-01-19 16:48:04.281173,518.88975,6,completed,2026-01-20 00:00:00,2026-01-19 17:57:45.865176,2026-01-19 17:57:45.879583,,,,,,yard,,,false,,0
6049-I-24,6049,irrigation,Company D35E67B5,2026-01-20 15:48:16.95409,131.2,1,completed,2026-01-20 00:00:00,2026-01-20 15:52:23.861665,2026-01-20 15:53:31.217659,Person 713C1F68,555-0102,,,,job,,,false,,0
6049-I-25,6049,irrigation,Company D35E67B5,2026-01-21 15:53:00.577463,395.2,1,completed,2026-01-22 00:00:00,2026-01-21 15:53:26.562827,2026-01-21 15:55:02.814556,,,,,,yard,,,false,,0
6049-I-26,6049,irrigation,Company D35E67B5,2026-01-22 18:52:07.491766,817.74,1,completed,2026-01-23 00:00:00,2026-01-22 18:52:24.954804,2026-01-22 18:52:40.064394,,,,,,will_call,,,false,,0
6049-I-27,6049,irrigation,Company D35E67B5,2026-01-30 15:46:49.974969,102.13,1,completed,2026-01-31 00:00:00,2026-01-30 15:47:13.750611,2026-01-30 15:48:23.730114,,,,,,yard,,,false,,0
6049-I-28,6049,irrigation,Company D35E67B5,2026-03-12 14:05:46.722794,1802.64,17,completed,2026-03-12 00:00:00,2026-03-12 15:14:31.387261,2026-03-12 15:14:31.406499,Person 01B226B8,555-0127,,,,job,,,false,,0
6049-I-29,6049,irrigation,Company D35E67B5,2026-03-13 15:03:22.337807,4699.71825,22,completed,2026-03-14 00:00:00,2026-03-13 20:36:10.33368,2026-03-13 20:36:10.357736,Person 01B226B8,555-0127,,,,job,,,false,,0
6049-I-3,6049,irrigation,Company D35E67B5,2025-10-13 13:42:33.298016,1492.05,2,completed,2025-10-13 00:00:00,2025-10-13 15:44:46.677761,2025-10-13 15:44:46.801054,Person 4E789DCD,555-0176,,,,job,,,false,,0
6049-I-30,6049,irrigation,Company D35E67B5,2026-03-20 16:03:06.507569,551.58,8,completed,2026-03-23 00:00:00,2026-03-20 22:45:36.627047,2026-03-20 22:45:36.646621,Person 01B226B8,555-0127,,,,job,,,false,,0
6049-I-31,6049,irrigation,Company D35E67B5,2026-03-24 17:22:30.542057,10916.270625,1,completed,2026-03-25 00:00:00,2026-04-27 16:01:07.473877,2026-04-27 16:01:07.482848,,,,,,yard,,,false,,0
6049-I-32,6049,irrigation,Company D35E67B5,2026-04-09 16:19:18.413835,2106.46575,27,completed,2026-04-10 00:00:00,2026-04-09 17:42:12.145593,2026-04-09 17:42:12.169709,,,,,,yard,,,false,,0
6049-I-33,6049,irrigation,Company D35E67B5,2026-04-10 15:33:15.489015,1073.25375,1,completed,2026-04-10 00:00:00,2026-04-27 20:35:44.167185,2026-04-27 20:35:44.177758,,,,,,yard,,,false,,0
6049-I-34,6049,irrigation,Company D35E67B5,2026-04-15 15:57:25.763747,3692.334375,2,completed,2026-04-16 00:00:00,2026-04-15 17:45:23.670296,2026-04-15 17:45:23.683212,,,,,,yard,,,false,,0
6049-I-35,6049,irrigation,Company D35E67B5,2026-04-15 15:59:25.982363,536.518125,5,completed,2026-04-15 00:00:00,2026-04-15 17:43:57.862849,2026-04-15 17:43:57.87546,,,,,,yard,,,false,,0
6049-I-36,6049,irrigation,Company D35E67B5,2026-04-15 20:58:02.641272,1884.765825,10,completed,2026-04-16 00:00:00,2026-04-15 21:34:52.637345,2026-04-15 21:34:52.65534,Person 63C78BB9,555-0130,,,,job,,,false,,0
6049-I-37,6049,irrigation,Company 2F610CBC,2026-04-20 14:21:13.097188,2281.2889875,11,completed,2026-04-20 00:00:00,2026-04-20 16:49:28.3371,2026-04-20 16:49:28.361586,Person 63C78BB9,555-0130,,,,job,,,false,,0
6049-I-38,6049,irrigation,Company D35E67B5,2026-04-22 15:03:04.137414,337.56,3,completed,2026-04-22 00:00:00,2026-04-22 15:30:11.554949,2026-04-22 15:30:11.569875,Person 63C78BB9,555-0130,,,,job,,,false,,0
6049-I-39,6049,irrigation,Company D35E67B5,2026-04-28 15:21:00.807631,2886.20325,26,completed,2026-04-28 00:00:00,2026-04-28 18:24:23.889928,2026-04-28 18:24:23.913996,,,,,,yard,,,false,,0
6049-I-4,6049,irrigation,Company D35E67B5,2025-10-23 15:28:31.249511,543.978375,9,completed,2025-10-23 00:00:00,2025-10-27 17:52:25.347503,2025-10-27 17:52:25.373759,Person 4E789DCD,555-0199,,,,will_call,,,false,,0
6049-I-40,6049,irrigation,Company D35E67B5,2026-05-12 20:13:14.598796,213.99825,4,completed,2026-05-12 00:00:00,2026-05-12 20:53:41.643329,2026-05-12 20:53:41.659105,,,,,,yard,,,false,,0
6049-I-41,6049,irrigation,Company D35E67B5,2026-05-15 14:28:28.199924,3422.199375,24,completed,2026-05-18 00:00:00,2026-07-30 17:48:48.318312,2026-07-30 17:48:48.342982,Person 63C78BB9,555-0130,,,,job,,,false,,0
6049-I-42,6049,irrigation,Company D35E67B5,2026-06-01 14:14:20.086313,499.347375,9,completed,2026-06-05 00:00:00,2026-06-05 17:23:19.94684,2026-06-05 17:23:19.966712,,,,,,yard,,,false,,0
6049-I-43,6049,irrigation,Company D35E67B5,2026-06-05 15:59:53.568037,160.428,1,completed,2026-06-09 00:00:00,2026-06-09 20:04:31.163525,2026-06-09 20:04:31.173564,,,,,,yard,,,false,,0
6049-I-44,6049,irrigation,Company D35E67B5,2026-06-16 17:50:59.766982,1396.15425,23,completed,2026-06-30 00:00:00,2026-06-30 17:56:24.949287,2026-06-30 17:56:24.971041,,,,,,yard,,,false,,0
6049-I-45,6049,irrigation,Company D35E67B5,2026-07-30 17:36:48.657117,3482.12715,11,completed,2026-08-03 00:00:00,2026-07-31 17:35:55.090205,2026-07-31 17:35:55.106061,Person 527C8A38,555-0168,,,,job,,,false,,0
6049-I-46,6049,irrigation,Company D35E67B5,2026-07-31 16:42:36.942549,6115.327875,24,completed,2026-07-31 00:00:00,2026-07-31 21:53:00.606646,2026-07-31 21:53:00.634419,,,,,,yard,,,false,,0
6049-I-47,6049,irrigation,Company D35E67B5,2026-08-03 14:19:10.793529,107.6625,2,completed,2026-08-03 00:00:00,2026-08-03 14:20:09.20063,2026-08-03 14:20:09.214092,,,,,,yard,,,false,,0
6049-I-48,6049,irrigation,Company D35E67B5,2026-08-04 14:08:56.879002,200.1,5,completed,2026-08-04 00:00:00,2026-08-04 16:33:07.223933,2026-08-04 16:33:07.236524,,,,,,yard,,,false,,0
6049-I-49,6049,irrigation,Company D35E67B5,2026-08-04 18:19:04.996344,507.286125,1,completed,2026-08-05 00:00:00,2026-08-04 22:50:38.051849,2026-08-04 22:50:38.062725,,,,,,yard,,,false,,0
6049-I-5,6049,irrigation,Company D35E67B5,2025-10-23 16:50:53.241997,101.1375,2,completed,2025-10-25 00:00:00,2025-10-24 18:12:57.778707,2025-10-24 18:12:57.795986,,,,,,job,,,false,,0
6049-I-50,6049,irrigation,Company D35E67B5,2026-08-05 14:55:56.979964,2926.1251575,29,completed,2026-08-05 00:00:00,2026-08-05 17:07:20.05876,2026-08-05 17:07:20.085977,Person 527C8A38,555-0168,,,,job,,,false,,0
6049-I-51,6049,irrigation,Company D35E67B5,2026-08-12 15:15:19.197767,182.15625,3,completed,2026-08-12 00:00:00,2026-08-12 15:42:33.067504,2026-08-12 15:42:33.081076,,,,,,yard,,,false,,0
6049-I-52,6049,irrigation,Company D35E67B5,2026-08-14 15:09:53.663707,1423.12425,1,completed,2026-08-15 00:00:00,2026-08-14 15:10:18.683304,2026-08-14 15:10:18.693053,,,,,,yard,,,false,,0
6049-I-53,6049,irrigation,Company D35E67B5,2026-08-24 15:29:27.638974,262.359375,4,completed,2026-08-24 00:00:00,2026-08-24 16:52:11.667587,2026-08-24 16:52:11.679228,,,,,,yard,,,false,,0
6049-I-54,6049,irrigation,Company D35E67B5,2026-08-25 17:46:58.499651,3065.57985,15,completed,2026-08-31 00:00:00,2026-08-28 17:22:15.061034,2026-08-28 17:22:15.081226,Person 4E789DCD,555-0109,,,,job,,,false,,0
6049-I-55,6049,irrigation,Company D35E67B5,2026-09-04 15:05:48.718254,2296.636875,1,completed,2026-09-04 00:00:00,2026-09-08 14:36:45.637171,2026-09-08 14:36:45.645649,,,,,,yard,,,false,,0
6049-I-56,6049,irrigation,Company D35E67B5,2026-09-08 14:10:04.994077,3696.727875,25,completed,2026-09-08 00:00:00,2026-09-08 15:04:23.352561,2026-09-08 15:04:23.37268,Person 527C8A38,555-0168,,,,job,,,false,,0
6049-I-6,6049,irrigation,Company D35E67B5,2025-10-24 17:26:12.122988,1261.5,2,completed,2025-10-28 00:00:00,2025-10-27 17:05:36.396651,2025-10-27 17:05:50.136016,,,,,,job,,,false,,0
6049-I-7,6049,irrigation,Company D35E67B5,2025-10-27 17:09:28.673922,47500.36875,16,completed,2025-10-28 00:00:00,2025-10-27 22:18:09.224555,2025-10-27 22:18:09.249854,,,,,,job,,,false,,0
6049-I-8,6049,irrigation,Company D35E67B5,2025-10-30 15:50:05.881926,10657.554375,3,completed,2025-10-31 00:00:00,2025-12-12 18:43:48.166063,2025-12-12 18:43:48.196095,,,,,,job,,,false,,0
6049-I-9,6049,irrigation,Company D35E67B5,2025-11-03 15:28:08.89252,326.92,4,completed,2025-11-04 00:00:00,2025-11-03 15:38:35.089535,2025-11-03 15:38:48.987038,,,,,,job,,,false,,0
6049-L-1,6049,landscape,Company 85C03ADA,2025-10-09 00:00:00,479.04375,3,completed,2025-10-16 00:00:00,2025-10-22 20:14:32.933452,2025-10-22 20:14:32.993084,Person 253039FB,555-0170,,,,job,,,false,,0
6049-L-10,6049,landscape,Company B1347A9D,2025-10-17 00:00:00,1015,3,completed,2025-10-22 00:00:00,2025-10-22 21:05:54.80563,2025-10-22 21:05:57.598201,Person 253039FB,555-0134,,,,job,,,false,,0
6049-L-11,6049,landscape,Company 8B3EFD73,2025-10-22 21:18:44.097247,1172.78,6,completed,2025-10-29 00:00:00,2025-10-28 13:56:17.963238,2025-10-28 13:58:15.03784,,,,,,job,,,false,,0
6049-L-12,6049,landscape,Company 724579F1,2025-10-22 21:18:44.097247,1044,3,completed,2025-10-29 00:00:00,2025-10-28 13:56:18.075059,2025-10-28 13:56:18.087244,,,,,,job,,,false,,0
6049-L-13,6049,landscape,Company D35E67B5,2025-10-22 21:18:44.097247,225.4605,2,completed,2025-10-29 00:00:00,2025-10-28 13:56:18.164131,2025-10-28 13:56:18.174701,,,,,,job,,,false,,0
6049-L-14,6049,landscape,Company 724579F1,2025-10-30 23:51:05.308434,295,1,completed,2025-10-31 00:00:00,2025-10-30 23:52:12.718451,2025-10-30 23:54:45.508976,Person 4E789DCD,555-0176,,,,will_call,,,false,,0
6049-L-15,6049,landscape,Company 0FFBF6D9,2025-10-31 00:58:50.767537,980,5,completed,2025-11-03 00:00:00,2025-10-31 15:02:36.077902,2025-10-31 15:09:10.713943,,,,,,yard,,,false,,0
6049-L-16,6049,landscape,Company 85C03ADA,2025-11-05 17:59:11.300469,60.4,1,completed,2025-11-06 00:00:00,2025-11-05 17:59:24.145929,2025-11-05 18:01:41.181807,,,,,,yard,,,false,,0
6049-L-17,6049,landscape,Company F66D8559,2025-11-10 18:20:19.926393,77.44,1,completed,2025-11-11 00:00:00,2025-11-10 18:22:37.041309,2025-11-10 18:24:06.176986,Person 4E789DCD,555-0176,,,,will_call,,,false,,0
6049-L-18,6049,landscape,Company 09434731,2026-01-07 20:00:24.612261,6299,19,completed,2026-01-09 00:00:00,2026-01-07 20:11:28.871081,2026-01-07 21:27:13.752771,Person 253039FB,555-0134,,,,job,,,false,,0
6049-L-19,6049,landscape,Company B548E4AD,2026-01-07 20:00:24.612261,1841.1375,5,completed,2026-01-09 00:00:00,2026-01-07 20:11:29.136501,2026-01-07 20:11:29.192414,Person 253039FB,555-0134,,,,job,,,false,,0
6049-L-2,6049,landscape,Company 93078B9A,2025-10-09 00:00:00,2195.6625,5,completed,2025-10-16 00:00:00,2025-10-22 20:24:01.580294,2025-10-22 20:24:01.737148,Person 253039FB,555-0134,,,,job,,,false,,0
6049-L-20,6049,landscape,Company B47AEED3,2026-01-07 20:00:24.612261,2344.10625,4,completed,2026-01-09 00:00:00,2026-01-07 20:11:29.363239,2026-01-07 20:11:29.389534,Person 253039FB,555-0134,,,,job,,,false,,0
6049-L-21,6049,landscape,Company 99AC62BC,2026-01-07 20:00:24.612261,1163.625,3,completed,2026-01-09 00:00:00,2026-01-07 20:11:29.609954,2026-01-07 20:11:29.647712,Person 253039FB,555-0134,,,,job,,,false,,0
6049-L-22,6049,landscape,Company 09434731,2026-01-19 19:48:36.808702,3158.1,1,completed,2026-01-20 00:00:00,2026-04-03 14:22:45.674992,2026-04-03 14:22:45.683396,Person 4E789DCD,555-0176,,,,job,,,false,,0
6049-L-23,6049,landscape,Company 725B3DA8,2026-01-27 15:34:18.759056,146.8125,1,completed,2026-01-27 00:00:00,2026-04-03 14:23:07.208698,2026-04-03 14:23:07.222543,Person 4E789DCD,555-0176,,,,will_call,,,false,,0
6049-L-24,6049,landscape,Company 46E8FFF5,2026-03-02 16:26:16.850867,2582.8125,1,completed,2026-03-10 00:00:00,2026-03-04 16:47:54.826845,2026-03-04 16:47:54.875025,Person 253039FB,555-0134,,,,job,,,false,,0
6049-L-25,6049,landscape,Company 02A7AFB7,2026-03-02 16:26:16.850867,2506.6875,4,completed,2026-03-10 00:00:00,2026-03-04 16:50:54.99798,2026-03-04 16:50:55.036601,Person 253039FB,555-0134,,,,job,,,false,,0
6049-L-26,6049,landscape,Company 93078B9A,2026-03-10 14:10:38.820962,1255.51875,6,completed,2026-03-17 00:00:00,2026-03-12 21:49:51.804008,2026-03-12 21:49:51.822006,Person FCFC2785,555-0134,,,,job,,,false,,0
6049-L-27,6049,landscape,Company 09434731,2026-03-10 14:10:38.820962,2158.6875,5,completed,2026-03-17 00:00:00,2026-03-12 21:49:51.866217,2026-03-12 21:49:51.874259,Person FCFC2785,555-0134,,,,job,,,false,,0
6049-L-28,6049,landscape,Company B47AEED3,2026-03-10 14:10:38.820962,3799.996875,4,completed,2026-03-17 00:00:00,2026-03-12 21:49:51.918607,2026-03-12 21:49:51.927134,Person FCFC2785,555-0134,,,,job,,,false,,0
6049-L-29,6049,landscape,Company B548E4AD,2026-03-10 14:10:38.820962,5684.3625,7,completed,2026-03-17 00:00:00,2026-03-12 21:49:51.963973,2026-03-12 21:49:51.973783,Person FCFC2785,555-0134,,,,job,,,false,,0
6049-L-3,6049,landscape,Company 02A7AFB7,2025-10-17 00:00:00,3930,2,completed,2025-10-23 00:00:00,2025-10-22 20:51:56.372248,2025-10-22 20:52:00.058386,Person 253039FB,555-0125,,,,job,,,false,,0
6049-L-30,6049,landscape,Company 85C03ADA,2026-03-16 20:05:25.552316,359.5275,1,completed,2026-03-19 00:00:00,2026-03-18 16:39:27.497345,2026-03-18 16:39:27.509494,Person 76ECAD1C,,,,,yard,,,false,,0
6049-L-31,6049,landscape,Company 99AC62BC,2026-03-19 17:00:05.650488,2897.1,2,completed,2026-03-20 00:00:00,2026-03-19 17:01:23.013782,2026-03-19 17:01:23.023774,Person 4E789DCD,555-0176,,,,job,,,false,,0
6049-L-32,6049,landscape,Company 93078B9A,2026-03-26 17:24:14.658782,811.225,3,completed,2026-03-27 00:00:00,2026-03-26 17:41:47.309215,2026-03-26 17:41:47.332161,Person FDEFD43F,555-0134,,,,job,,,false,,0
6049-L-33,6049,landscape,Company B47AEED3,2026-03-26 20:49:57.636618,425.75625,1,completed,2026-03-27 00:00:00,2026-03-26 20:50:07.370042,2026-03-26 20:50:07.380093,,,,,,will_call,,,false,,0
6049-L-34,6049,landscape,Company B47AEED3,2026-04-02 20:44:34.176769,244.089375,4,completed,2026-04-03 00:00:00,2026-04-02 20:46:57.675565,2026-04-02 20:46:57.68869,Person 4E789DCD,,,,,yard,,,false,,0
6049-L-35,6049,landscape,Company 725B3DA8,2026-04-03 14:18:35.801695,146.8125,1,completed,2026-04-03 00:00:00,2026-04-03 14:26:31.156162,2026-04-03 14:26:31.165708,Person 4E789DCD,555-0109,,,,will_call,,,false,,0
6049-L-36,6049,landscape,Company AEF5A8A0,2026-04-06 15:20:07.992038,19.575,1,completed,2026-04-06 00:00:00,2026-04-06 15:20:31.503126,2026-04-06 15:20:31.516608,,,,,,yard,,,false,,0
6049-L-37,6049,landscape,Company D35E67B5,2026-04-06 15:21:13.92405,37.203375,1,completed,2026-04-07 00:00:00,2026-04-06 15:54:02.276113,2026-04-06 15:54:02.29936,,,,,,job,,,false,,0
6049-L-38,6049,landscape,Company B47AEED3,2026-04-06 17:32:00.33288,152.25,1,completed,2026-04-06 00:00:00,2026-04-06 17:33:11.449389,2026-04-06 17:33:11.458441,,,,,,will_call,,,false,,0
6049-L-39,6049,landscape,Company D35E67B5,2026-04-14 15:29:01.773822,40.5855,1,completed,2026-04-14 00:00:00,2026-04-14 15:51:56.326864,2026-04-14 15:51:56.341744,,,,,,job,,,false,,0
6049-L-4,6049,landscape,Company 50501820,2025-10-22 20:58:48.94541,0,1,completed,2025-10-23 00:00:00,2025-10-22 20:58:48.945408,2025-10-22 20:58:51.823946,,,,,,job,,,false,,0
6049-L-40,6049,landscape,Company DE14B8EC,2026-04-20 14:37:52.190398,200.1,1,completed,2026-04-21 00:00:00,2026-04-20 15:58:15.631447,2026-04-20 15:58:15.653133,Person D086513B,555-0162,,,,will_call,,,false,,0
6049-L-41,6049,landscape,Company 02A7AFB7,2026-04-20 19:59:47.853922,2794.875,4,completed,2026-05-08 00:00:00,2026-05-06 20:10:05.056398,2026-05-06 20:10:05.068526,Person 0E8B09AE,555-0107,,,,job,,,false,,0
6049-L-42,6049,landscape,Company 09434731,2026-05-07 14:15:02.67569,2378.47125,9,completed,2026-05-11 00:00:00,2026-05-08 15:24:58.448619,2026-05-08 15:24:58.466618,,,,,,job,,,false,,0
6049-L-43,6049,landscape,Company B47AEED3,2026-05-07 14:15:02.67569,874.89375,4,completed,2026-05-11 00:00:00,2026-05-08 15:24:58.519493,2026-05-08 15:24:58.530777,,,,,,job,,,false,,0
6049-L-44,6049,landscape,Company 85C03ADA,2026-05-07 14:15:02.67569,427.27875,2,completed,2026-05-11 00:00:00,2026-05-08 15:24:58.573972,2026-05-08 15:24:58.582191,,,,,,yard,,,false,,0
6049-L-45,6049,landscape,Company DE14B8EC,2026-05-07 14:15:02.67569,234.9,1,completed,2026-05-11 00:00:00,2026-05-08 15:24:58.619311,2026-05-08 15:24:58.626406,,,,,,will_call,,,false,,0
6049-L-46,6049,landscape,Company 93078B9A,2026-05-07 14:15:02.67569,3073.275,2,completed,2026-05-11 00:00:00,2026-05-08 15:24:58.659522,2026-05-08 15:24:58.667291,,,,,,job,,,false,,0
6049-L-47,6049,landscape,Company D35E67B5,2026-05-12 14:14:51.343789,277.59525,4,completed,2026-05-12 00:00:00,2026-05-12 14:57:56.972996,2026-05-12 14:57:56.984474,Person 0E8B09AE,555-0185,,,,job,,,false,,0
6049-L-48,6049,landscape,Company D35E67B5,2026-05-12 14:20:53.084825,73.40625,1,deleted,2026-05-12 00:00:00,2026-05-12 14:21:46.6378,2026-05-12 14:25:09.796368,Person 895C1A0D,555-0117,,,2026-05-12 14:25:09.791418,job,,,false,,0
6049-L-49,6049,landscape,Company 725B3DA8,2026-05-18 17:59:02.729225,146.8125,1,completed,2026-05-19 00:00:00,2026-05-18 17:59:32.520196,2026-05-18 17:59:32.529483,,,,,,job,,,false,,0
6049-L-5,6049,landscape,Company 50501820,2025-10-22 20:59:14.631811,0,1,completed,2025-10-23 00:00:00,2025-10-22 20:59:14.63181,2025-10-22 20:59:18.465454,,,,,,job,,,false,,0
6049-L-50,6049,landscape,Company 85C03ADA,2026-05-19 16:34:51.73044,116.199375,2,deleted,2026-05-20 00:00:00,2026-05-19 16:36:10.27846,2026-05-19 17:55:38.330756,Person DF6342DA,,,,2026-05-19 17:55:38.322816,yard,,,false,,0
6049-L-51,6049,landscape,Company 5513C1E9,2026-05-19 17:52:59.042507,43.5,1,completed,2026-05-20 00:00:00,2026-05-19 17:53:59.146569,2026-05-19 17:53:59.1571,Person DF6342DA,,,,,yard,,,false,,0
6049-L-52,6049,landscape,Company B548E4AD,2026-05-21 20:38:48.454184,45.675,1,completed,2026-05-22 00:00:00,2026-05-21 20:39:56.485181,2026-05-21 20:39:56.496591,Person DF6342DA,555-0162,,,,will_call,,,false,,0
6049-L-53,6049,landscape,Company 02A7AFB7,2026-05-29 18:39:06.84509,1340.8125,3,completed,2026-06-02 00:00:00,2026-05-29 18:40:22.927953,2026-05-29 18:40:22.938372,Person 33B0216B,555-0107,,,,job,,,false,,0
6049-L-54,6049,landscape,Company B47AEED3,2026-06-02 14:16:55.213394,1326.75,7,completed,2026-06-03 00:00:00,2026-06-02 18:59:12.30404,2026-06-02 18:59:12.317965,Person 33B0216B,555-0107,,,,job,,,false,,0
6049-L-55,6049,landscape,Company 93078B9A,2026-06-02 14:16:55.213394,2077.125,6,completed,2026-06-03 00:00:00,2026-06-02 18:59:12.366943,2026-06-02 18:59:12.374704,Person 33B0216B,555-0107,,,,job,,,false,,0
6049-L-56,6049,landscape,Company DE14B8EC,2026-06-02 14:16:55.213394,225.33,1,completed,2026-06-03 00:00:00,2026-06-02 18:59:12.413137,2026-06-02 18:59:12.421658,Person 33B0216B,555-0107,,,,will_call,,,false,,0
6049-L-57,6049,landscape,Company F5E37F78,2026-06-02 19:02:14.093598,646.51875,1,deleted,2026-06-03 00:00:00,2026-06-02 19:03:09.549221,2026-06-02 20:16:04.424432,Person 33B0216B,,,,2026-06-02 20:16:04.418125,will_call,,,false,,0
6049-L-58,6049,landscape,Company B47AEED3,2026-06-02 19:50:43.777538,101.68125,1,completed,2026-06-05 00:00:00,2026-06-04 20:17:15.813671,2026-06-04 20:17:15.825208,,,,,,will_call,,,false,,0
6049-L-59,6049,landscape,Company 09434731,2026-06-02 19:50:43.777538,156.6,1,completed,2026-06-05 00:00:00,2026-06-04 20:17:15.855084,2026-06-04 20:17:15.860345,,,,,,will_call,,,false,,0
6049-L-6,6049,landscape,Company 50501820,2025-10-22 20:59:35.252307,0,1,completed,2025-10-23 00:00:00,2025-10-22 20:59:35.252304,2025-10-22 20:59:57.786033,,,,,,job,,,false,,0
6049-L-60,6049,landscape,Company 7FC335AE,2026-06-10 14:50:41.845727,396.9375,1,completed,2026-06-11 00:00:00,2026-06-10 14:51:43.936887,2026-06-10 14:51:43.945571,,,,,,will_call,,,false,,0
6049-L-61,6049,landscape,Company 725B3DA8,2026-06-10 14:50:41.845727,282.75,1,completed,2026-06-10 00:00:00,2026-06-10 14:51:43.975262,2026-06-10 14:51:43.981551,,,,,,will_call,,,false,,0
6049-L-62,6049,landscape,Company 85C03ADA,2026-06-15 18:25:55.709081,638.7975,2,completed,2026-06-18 00:00:00,2026-06-16 22:02:35.480115,2026-06-16 22:02:35.490627,Person 9044842F,,,,,yard,,,false,,0
6049-L-63,6049,landscape,Company B47AEED3,2026-06-22 18:07:12.071842,48.9375,1,completed,2026-06-23 00:00:00,2026-06-22 18:07:38.696956,2026-06-22 18:07:38.706843,Person 4E789DCD,,,,,will_call,,,false,,0
6049-L-64,6049,landscape,Company B47AEED3,2026-07-09 15:40:22.540957,1089.13125,7,completed,2026-07-21 00:00:00,2026-07-15 16:51:53.232087,2026-07-15 16:51:53.245738,Person 33B0216B,555-0107,,,,job,,,false,,0
6049-L-65,6049,landscape,Company 520BDD44,2026-07-09 15:40:22.540957,1093.48125,7,completed,2026-07-21 00:00:00,2026-07-15 16:51:53.28875,2026-07-15 16:51:53.298349,Person 33B0216B,555-0107,,,,job,,,false,,0
6049-L-66,6049,landscape,Company 5513C1E9,2026-07-09 15:40:22.540957,1468.125,1,completed,2026-07-21 00:00:00,2026-07-15 16:51:53.339655,2026-07-15 16:51:53.346204,Person 33B0216B,555-0107,,,,job,,,false,,0
6049-L-67,6049,landscape,Company 99AC62BC,2026-07-09 15:40:22.540957,327.3375,2,completed,2026-07-21 00:00:00,2026-07-15 16:51:53.37454,2026-07-15 16:51:53.381107,Person 33B0216B,555-0107,,,,will_call,,,false,,0
6049-L-68,6049,landscape,Company 09434731,2026-07-09 15:40:22.540957,809.1,3,completed,2026-07-22 00:00:00,2026-07-20 23:23:26.545017,2026-07-20 23:23:26.557046,Person 33B0216B,555-0107,,,,job,,,false,,0
6049-L-69,6049,landscape,Company 79846416,2026-07-15 16:55:51.224516,1670.4,2,completed,2026-07-21 00:00:00,2026-07-20 23:21:03.365176,2026-07-20 23:21:03.377291,Person 33B0216B,555-0107,,,,job,,,false,,0
6049-L-7,6049,landscape,Company 85C03ADA,2025-10-20 00:00:00,1973.540625,3,completed,2025-10-20 00:00:00,2025-10-27 15:55:04.062433,2025-10-27 15:55:04.093229,Person 253039FB,555-0125,,,,job,,,false,,0
6049-L-70,6049,landscape,Company 09434731,2026-07-20 23:21:18.512882,679.6875,2,deleted,2026-07-21 00:00:00,2026-07-20 23:22:05.356558,2026-07-20 23:26:26.363052,,,,,2026-07-20 23:26:26.3588,job,,,false,,0
6049-L-71,6049,landscape,Company DE14B8EC,2026-07-24 15:07:11.400693,76.125,1,completed,2026-07-27 00:00:00,2026-07-24 15:08:25.262746,2026-07-24 15:08:25.27624,Person FDEFD43F,555-0134,,,,will_call,,,false,,0
6049-L-72,6049,landscape,Company 93078B9A,2026-07-24 15:07:11.400693,382.8,1,completed,2026-07-27 00:00:00,2026-07-24 15:08:25.310719,2026-07-24 15:08:25.316738,Person FDEFD43F,555-0134,,,,will_call,,,false,,0
6049-L-73,6049,landscape,Company D35E67B5,2026-08-05 14:55:22.737689,75.255,1,completed,2026-08-05 00:00:00,2026-08-05 16:48:31.239978,2026-08-05 16:48:31.25369,Person 66EF849D,555-0117,,,,job,,,false,,0
6049-L-74,6049,landscape,Company B47AEED3,2026-08-06 20:41:12.615929,1440.448125,7,completed,2026-08-11 00:00:00,2026-08-06 20:51:33.206481,2026-08-06 20:51:33.222743,Person FDEFD43F,555-0134,,,,job,,,false,,0
6049-L-75,6049,landscape,Company 09434731,2026-08-06 20:41:12.615929,2028.1875,4,completed,2026-08-11 00:00:00,2026-08-06 20:51:33.275482,2026-08-06 20:51:33.283243,Person FDEFD43F,555-0134,,,,job,,,false,,0
6049-L-76,6049,landscape,Company 93078B9A,2026-08-06 20:41:12.615929,1936.8375,8,completed,2026-08-11 00:00:00,2026-08-06 20:51:33.321165,2026-08-06 20:51:33.33172,Person FDEFD43F,555-0134,,,,job,,,false,,0
6049-L-77,6049,landscape,Company 5513C1E9,2026-08-06 20:41:12.615929,2153.25,3,completed,2026-08-11 00:00:00,2026-08-06 20:51:33.374808,2026-08-06 20:51:33.381912,Person FDEFD43F,555-0134,,,,job,,,false,,0
6049-L-78,6049,landscape,Company B47AEED3,2026-08-17 13:32:29.093308,214.12875,1,completed,2026-08-26 00:00:00,2026-08-25 16:53:20.203789,2026-08-25 16:53:20.213091,Person 9044842F,,,,,will_call,,,false,,0
6049-L-79,6049,landscape,Company 99AC62BC,2026-09-02 15:35:58.658307,156.6,1,completed,2026-09-03 00:00:00,2026-09-02 17:23:15.219859,2026-09-02 17:23:15.233784,Person 4E789DCD,,,,,yard,,,false,,0
6049-L-8,6049,landscape,Company B47AEED3,2025-10-17 00:00:00,2027,2,completed,2025-10-22 00:00:00,2025-10-22 21:02:53.367286,2025-10-22 21:02:57.298903,Person 253039FB,555-0134,,,,job,,,false,,0
6049-L-9,6049,landscape,Company B548E4AD,2025-10-17 00:00:00,1729.98,4,completed,2025-10-22 00:00:00,2025-10-22 21:04:26.93668,2025-10-22 21:04:31.015294,Person 253039FB,555-0134,,,,job,,,false,,0
6049-M-1,6049,maintenance,Company 93078B9A,2026-04-06 17:31:48.949877,119.625,1,completed,2026-04-21 00:00:00,2026-04-20 20:01:22.693769,2026-04-20 20:01:22.705935,,,,,,will_call,,,false,,0
6049-M-2,6049,maintenance,Company 93078B9A,2026-07-24 15:08:54.118161,110.925,2,completed,2026-07-27 00:00:00,2026-07-24 15:21:12.027637,2026-07-24 15:21:12.040119,Person D086513B,555-0162,,,,will_call,,,false,,0
6049-M-3,6049,maintenance,Company 85C03ADA,2026-09-04 14:50:44.746045,86.23875,2,completed,2026-09-08 00:00:00,2026-09-04 14:52:13.089883,2026-09-04 14:52:13.099968,Person 8F078E89,,,,,yard,,,false,,0
6049-M-4,6049,maintenance,Company 93078B9A,2026-09-04 14:50:44.746045,71.775,2,completed,2026-09-08 00:00:00,2026-09-04 14:52:13.12613,2026-09-04 14:52:13.131032,Person 8F078E89,,,,,yard,,,false,,0
6049-M-5,6049,maintenance,Company F6DB773A,2026-09-04 18:11:10.177136,79.93125,2,completed,2026-09-05 00:00:00,2026-09-04 18:12:10.428803,2026-09-04 18:12:10.437943,Person 8F078E89,,,,,will_call,,,false,,0
6050-D-1,6050,drains,,2025-09-25 18:13:49.307968,0,0,completed,2025-10-02 00:00:00,,2025-10-13 07:38:56.690617,,,,,,job,,,false,,0
6050-D-10,6050,drains,Company 2F610CBC,2026-03-18 15:03:48.515642,487.527805,5,completed,2026-03-18 00:00:00,2026-03-18 17:57:27.505387,2026-03-18 17:57:27.517496,Person 3D9F9CE4,555-0179,,,,job,,,false,,0
6050-D-11,6050,drains,Company 2F610CBC,2026-03-27 15:05:16.894402,531.423,1,completed,2026-03-27 00:00:00,2026-03-27 15:05:23.205008,2026-03-27 15:05:23.220857,Person F5F28944,555-0197,,,,job,,,false,,0
6050-D-12,6050,drains,Company 2F610CBC,2026-03-31 21:34:28.097454,1689.129945,6,completed,2026-04-01 00:00:00,2026-03-31 22:18:58.21124,2026-03-31 22:18:58.22819,Person 4E789DCD,555-0109,,,,job,,,false,,0
6050-D-13,6050,drains,Company 2F610CBC,2026-04-07 14:25:05.237461,289.48115,2,completed,2026-04-07 00:00:00,2026-04-07 16:07:43.152279,2026-04-07 16:07:43.162552,Person 3D9F9CE4,555-0179,,,,job,,,false,,0
6050-D-14,6050,drains,Company 2F610CBC,2026-04-22 18:15:45.461073,296.3125,1,completed,2026-04-22 00:00:00,2026-04-22 18:22:02.71919,2026-04-22 18:22:02.739798,,,,,,job,,,false,,0
6050-D-15,6050,drains,Company 2F610CBC,2026-04-28 14:10:40.510317,183.7353,3,completed,2026-04-28 00:00:00,2026-04-28 15:50:48.962993,2026-04-28 15:50:48.980237,Person 3D9F9CE4,555-0179,,,,job,,,false,,0
6050-D-16,6050,drains,Company 2F610CBC,2026-04-30 20:17:53.239377,32.13105,1,completed,2026-04-30 00:00:00,2026-04-30 21:27:01.261028,2026-04-30 21:27:01.27351,,,,,,yard,,,false,,0
6050-D-17,6050,drains,Company 2F610CBC,2026-05-13 15:13:19.012187,3094.9948375,7,completed,2026-05-14 00:00:00,2026-05-14 15:41:54.956786,2026-05-14 15:41:54.971175,Person F5F28944,555-0197,,,,job,,,false,,0
6050-D-18,6050,drains,Company D35E67B5,2026-05-20 22:51:04.965706,1334.8932,5,completed,2026-05-20 00:00:00,2026-05-21 14:05:32.018724,2026-05-21 14:05:32.036184,Person 4E789DCD,555-0109,,,,will_call,,,false,,0
6050-D-19,6050,drains,Company 2F610CBC,2026-06-02 15:20:57.550275,764.152225,4,completed,2026-06-03 00:00:00,2026-06-02 20:59:12.117982,2026-06-02 20:59:12.131048,Person 63C78BB9,555-0130,,,,job,,,false,,0
6050-D-2,6050,drains,Company D35E67B5,2025-10-06 19:40:36.961688,509.345025,3,completed,2025-10-07 00:00:00,2025-10-07 18:18:00.679439,2025-10-07 18:18:00.703184,Person C2C1EFBB,555-0102,,,,job,,,false,,0
6050-D-20,6050,drains,Company 2F610CBC,2026-06-03 16:10:54.576376,1476.5575125,3,completed,2026-06-03 00:00:00,2026-06-04 16:15:45.894883,2026-06-04 16:15:45.90646,Person 63C78BB9,555-0130,,,,job,,,false,,0
6050-D-21,6050,drains,Company 2F610CBC,2026-06-08 16:16:39.631756,1570.337725,5,completed,2026-06-29 00:00:00,2026-06-29 16:27:51.916866,2026-06-29 16:27:51.928609,Person F5F28944,555-0197,,,,job,,,false,,0
6050-D-22,6050,drains,,2026-07-14 18:42:49.161,0,0,in_progress,,,2026-07-14 18:42:49.162,,,,,,job,,,false,,0
6050-D-3,6050,drains,Company 2F610CBC,2025-10-15 15:43:49.573309,3225.53935,7,completed,2025-12-16 00:00:00,2025-12-15 18:21:56.364687,2025-12-15 18:21:56.394383,Person 9E0180CA,555-0120,,,,job,,,false,,0
6050-D-4,6050,drains,Company 2F610CBC,2026-01-22 19:01:28.511493,1743.9,5,completed,2026-01-22 00:00:00,2026-01-22 19:04:59.470228,2026-01-22 19:05:23.831636,Person 4E789DCD,555-0199,,,,job,,,false,,0
6050-D-5,6050,drains,Company 2F610CBC,2026-02-03 16:25:26.224955,3277.4964,6,completed,2026-02-05 00:00:00,2026-02-03 17:47:38.530046,2026-02-03 17:47:38.551571,Person F5F28944,555-0197,,,,job,,,false,,0
6050-D-6,6050,drains,Company 2F610CBC,2026-02-04 16:11:14.676586,3609.4095,6,deleted,2026-02-05 00:00:00,2026-02-04 16:14:20.966486,2026-02-04 19:15:40.703464,Person F5F28944,555-0197,,,2026-02-04 19:15:40.697539,job,,,false,,0
6050-D-7,6050,drains,Company 2F610CBC,2026-02-04 16:24:37.443766,507.3850525,10,completed,2026-02-10 00:00:00,2026-02-10 17:29:04.719155,2026-02-10 17:29:04.739388,Person 3751D3D4,555-0114,,,,job,,,false,,0
6050-D-8,6050,drains,Company 2F610CBC,2026-02-11 15:58:36.596814,507.3850525,10,completed,2026-02-12 00:00:00,2026-02-11 18:12:49.534463,2026-02-11 18:12:49.553538,Person F5F28944,555-0197,,,,job,,,false,,0
6050-D-9,6050,drains,Company 91A2C43A,2026-02-12 17:47:25.685603,345,2,completed,2026-02-13 00:00:00,2026-02-12 17:51:25.198501,2026-02-12 17:51:25.298733,,,,,,job,,,false,,0
6050-I-1,6050,irrigation,Company 2F610CBC,2025-09-22 21:01:35.059274,1131.4181,9,completed,2025-09-29 00:00:00,,2025-10-13 07:38:56.690617,Person 9044842F,555-0129,,,,job,,,false,,0
6050-I-10,6050,irrigation,Company 2F610CBC,2026-01-26 18:27:50.016841,269.375,2,completed,2026-01-27 00:00:00,2026-01-28 18:43:47.94461,2026-01-28 18:43:47.956226,,,,,,yard,,,false,,0
6050-I-11,6050,irrigation,Company D35E67B5,2026-01-28 16:53:36.38304,2284.3,3,completed,2026-01-29 00:00:00,2026-01-28 18:26:37.734677,2026-01-28 18:26:37.747389,,,,,,will_call,,,false,,0
6050-I-12,6050,irrigation,Company 2F610CBC,2026-01-28 17:06:11.700008,151.3672,2,completed,2026-01-28 00:00:00,2026-01-30 17:43:17.446047,2026-01-30 17:43:17.456651,Person 1CAC5ACA,555-0130,,,,job,,,false,,0
6050-I-13,6050,irrigation,Company 2F610CBC,2026-02-26 16:52:02.070929,24126.2609085,38,completed,2026-02-26 00:00:00,2026-02-26 21:29:42.846037,2026-02-26 21:29:43.344754,,,,,,yard,,,false,,0
6050-I-14,6050,irrigation,Company 2F610CBC,2026-02-27 17:20:54.868487,790.3128475,14,completed,2026-03-02 00:00:00,2026-03-02 18:39:21.778878,2026-03-02 18:39:21.795184,Person 63C78BB9,555-0130,,,,job,,,false,,0
6050-I-15,6050,irrigation,Company 2F610CBC,2026-03-09 14:58:31.571355,234.841125,3,completed,2026-03-09 00:00:00,2026-03-09 15:42:40.831588,2026-03-09 15:42:40.845672,,,,,,yard,,,false,,0
6050-I-16,6050,irrigation,Company 2F610CBC,2026-03-16 18:14:14.761589,203.6475,1,completed,2026-03-17 00:00:00,2026-03-16 20:58:52.883497,2026-03-16 20:58:52.895453,Person 63C78BB9,555-0130,,,,job,,,false,,0
6050-I-17,6050,irrigation,Company 2F610CBC,2026-03-19 17:58:53.616426,464.70851,14,completed,2026-03-19 00:00:00,2026-03-19 20:35:06.430273,2026-03-19 20:35:06.445998,,,,,,yard,,,false,,0
6050-I-18,6050,irrigation,Company 2F610CBC,2026-03-30 14:11:42.700868,6810.3204325,41,completed,2026-03-31 00:00:00,2026-03-30 18:37:54.536581,2026-03-30 18:37:54.582006,Person 527C8A38,555-0168,,,,job,,,false,,0
6050-I-19,6050,irrigation,Company 2F610CBC,2026-04-09 15:59:35.93308,177.384515,6,completed,2026-04-09 00:00:00,2026-04-09 17:40:08.164773,2026-04-09 17:40:08.177232,,,,,,yard,,,false,,0
6050-I-2,6050,irrigation,Company 2F610CBC,2025-09-22 21:42:20.264011,5845.1627375,21,completed,2025-09-23 00:00:00,2025-09-24 02:13:26.540164,2025-10-13 07:38:56.690617,Person 4E789DCD,,,,,yard,,,false,,0
6050-I-20,6050,irrigation,Company AEF5A8A0,2026-04-09 16:10:37.501748,196.64375,1,completed,2026-04-10 00:00:00,2026-04-09 16:10:46.386392,2026-04-09 16:10:46.397779,,,,,,job,,,false,,0
6050-I-21,6050,irrigation,Company 2F610CBC,2026-04-09 17:36:38.073387,51.72,1,completed,2026-04-09 00:00:00,2026-04-09 18:54:03.665118,2026-04-09 18:54:03.674898,,,,,,yard,,,false,,0
6050-I-22,6050,irrigation,Company 2F610CBC,2026-04-13 14:11:44.245813,222.678305,9,completed,2026-04-13 00:00:00,2026-04-13 15:21:53.196055,2026-04-13 15:21:53.211779,,,,,,yard,,,false,,0
6050-I-23,6050,irrigation,Company 2F610CBC,2026-05-15 14:25:24.048348,716.7961,3,completed,2026-05-18 00:00:00,2026-05-15 20:18:51.072646,2026-05-15 20:18:51.085243,Person 63C78BB9,555-0107,,,,job,,,false,,0
6050-I-24,6050,irrigation,Company 2F610CBC,2026-05-19 14:37:18.950383,50.83645,4,completed,2026-05-19 00:00:00,2026-05-19 16:36:36.099698,2026-05-19 16:36:36.116101,,,,,,yard,,,false,,0
6050-I-25,6050,irrigation,Company 2F610CBC,2026-05-19 15:27:32.29083,586.2462,8,completed,2026-05-19 00:00:00,2026-05-19 21:11:06.742116,2026-05-19 21:11:06.755307,,,,,,yard,,,false,,0
6050-I-26,6050,irrigation,Company D35E67B5,2026-05-19 15:51:16.671119,169.57695,1,completed,2026-05-19 00:00:00,2026-05-19 16:04:32.568047,2026-05-19 16:04:32.577284,,,,,,yard,,,false,,0
6050-I-27,6050,irrigation,Company 2F610CBC,2026-05-28 17:24:59.625612,64.725425,1,completed,2026-05-28 00:00:00,2026-05-28 17:39:13.684132,2026-05-28 17:39:13.698541,,,,,,yard,,,false,,0
6050-I-28,6050,irrigation,Company 2F610CBC,2026-06-05 16:44:12.378371,1871.7047775,22,completed,2026-06-05 00:00:00,2026-06-05 20:02:34.918265,2026-06-05 20:02:34.939945,,,,,,yard,,,false,,0
6050-I-29,6050,irrigation,Company 2F610CBC,2026-06-09 14:26:12.043385,132.888075,9,completed,2026-06-09 00:00:00,2026-06-09 16:07:03.69783,2026-06-09 16:07:03.712575,,,,,,yard,,,false,,0
6050-I-3,6050,irrigation,Company 2F610CBC,2025-09-22 22:10:34.439574,520,1,completed,2025-10-02 00:00:00,2025-09-26 15:35:13.483198,2025-09-25 18:41:40.530005,,,,,,job,,,false,,0
6050-I-30,6050,irrigation,Company 2F610CBC,2026-06-12 21:19:05.943088,1956.54605,14,completed,2026-06-15 00:00:00,2026-06-12 21:31:53.56997,2026-06-12 21:31:53.603265,Person C6FE02A5,555-0153,,,,job,,,false,,0
6050-I-31,6050,irrigation,Company 2F610CBC,2026-06-19 15:40:57.385071,384.77525,2,completed,2026-06-22 00:00:00,2026-06-19 16:20:44.091441,2026-06-19 16:20:44.102296,Person 63C78BB9,555-0130,,,,job,,,false,,0
6050-I-32,6050,irrigation,Company 2F610CBC,2026-06-19 15:44:01.84136,359.4971,5,completed,2026-06-29 00:00:00,2026-06-29 22:13:56.791505,2026-06-29 22:13:56.814236,,,,,,yard,,,false,,0
6050-I-33,6050,irrigation,Company 2F610CBC,2026-06-29 20:08:35.142083,667.4897,11,completed,2026-07-10 00:00:00,2026-07-10 17:31:57.431222,2026-07-10 17:31:57.448978,,,,,,yard,,,false,,0
6050-I-34,6050,irrigation,Company 2F610CBC,2026-08-27 18:18:00.723801,825.871425,12,completed,2026-08-28 00:00:00,2026-08-27 20:45:57.915912,2026-08-27 20:45:57.935305,,,,,,yard,,,false,,0
6050-I-4,6050,irrigation,Company D35E67B5,2025-10-06 17:44:04.874091,1406.708575,11,completed,2025-10-07 00:00:00,2025-10-06 22:11:34.483394,2025-10-13 07:38:56.690617,Person 4E789DCD,555-0176,,,,job,,,false,,0
6050-I-5,6050,irrigation,Company 2F610CBC,2025-10-07 14:25:24.584822,37193.576,2,completed,2025-10-15 00:00:00,2025-10-08 21:04:27.237585,2025-10-08 21:04:27.256698,Person 4E789DCD,,,,,yard,,,false,,0
6050-I-6,6050,irrigation,Company D35E67B5,2025-10-09 15:15:40.309886,387.9,1,completed,2025-10-09 00:00:00,2025-10-13 19:00:01.577746,2025-10-13 19:00:01.604193,Person 4E789DCD,,,,,yard,,,false,,0
6050-I-7,6050,irrigation,Company 2F610CBC,2025-10-10 14:20:39.724436,144.14364,1,completed,2025-10-10 00:00:00,2025-10-15 21:00:31.020287,2025-10-15 21:00:31.051511,Person 4E789DCD,,,,,yard,,,false,,0
6050-I-8,6050,irrigation,Company 2F610CBC,2025-10-30 18:20:31.572623,1520.4423635,5,completed,2025-10-31 00:00:00,2025-11-03 19:19:55.324067,2025-11-03 19:19:55.343046,,,,,,yard,,,false,,0
6050-I-9,6050,irrigation,Company 2F610CBC,2026-01-23 15:57:51.052421,2735.36305,23,completed,2026-01-23 00:00:00,2026-01-23 18:53:47.18055,2026-01-23 18:53:47.200987,Person 4E789DCD,555-0199,,,,job,,,false,,0
6050-L-1,6050,landscape,Company CEF0E872,2025-09-22 19:08:14.071588,30385.5,2,completed,2025-09-22 00:00:00,2026-01-13 17:47:00.049152,2026-01-13 17:47:00.097427,Person 9044842F,555-0129,,,,job,,,false,,0
6050-L-10,6050,landscape,Company 2F610CBC,2025-10-22 15:46:09.069095,18.4899,1,completed,2025-10-23 00:00:00,2025-10-22 15:46:09.069092,2025-10-22 15:46:09.117498,Person 1A1B39A1,555-0116,,,,job,,,false,,0
6050-L-11,6050,landscape,Company CEF0E872,2025-10-31 20:40:05.352515,2032.5,4,completed,2025-11-03 00:00:00,2025-10-31 20:44:31.041369,2025-10-31 20:50:10.279383,Person 1A1B39A1,555-0102,,,,job,,,false,,0
6050-L-12,6050,landscape,Company CEF0E872,2025-11-12 17:12:12.298647,1,1,completed,2025-11-13 00:00:00,2025-11-12 17:12:26.173879,2025-11-12 17:12:39.091383,,,,,,will_call,,,false,,0
6050-L-13,6050,landscape,Company CEF0E872,2025-11-12 19:26:14.216753,1560,1,completed,2025-11-13 00:00:00,2025-11-12 19:26:29.064267,2025-11-12 19:26:51.518619,,,,,,job,,,false,,0
6050-L-14,6050,landscape,Company 85C03ADA,2026-02-18 17:07:53.169708,1255.2875,2,completed,2026-02-26 00:00:00,2026-02-18 17:09:24.629067,2026-02-18 17:09:24.698206,Person 4E789DCD,555-0176,,,,job,,,false,,0
6050-L-15,6050,landscape,Company 7FC335AE,2026-02-23 23:17:53.732928,2575.225,2,completed,2026-02-26 00:00:00,2026-02-23 23:19:22.546958,2026-02-23 23:19:22.647357,Person C2C1EFBB,555-0102,,,,job,,,false,,0
6050-L-16,6050,landscape,Company B548E4AD,2026-03-02 19:10:40.944578,8760.075,5,completed,2026-03-16 00:00:00,2026-03-12 15:33:59.580883,2026-03-12 15:33:59.592932,Person 1A1B39A1,555-0102,,,,job,,,false,,0
6050-L-17,6050,landscape,Company D35E67B5,2026-03-25 14:55:11.287632,30.159225,1,completed,2026-03-25 00:00:00,2026-03-25 15:32:59.984022,2026-03-25 15:32:59.995987,,,,,,yard,,,false,,0
6050-L-18,6050,landscape,Company 02A7AFB7,2026-03-30 15:01:37.283354,6465,1,completed,2026-04-01 00:00:00,2026-03-30 19:37:07.197178,2026-03-30 19:37:07.207618,Person C2C1EFBB,555-0102,,,,job,,,false,,0
6050-L-19,6050,landscape,Company 7FC335AE,2026-03-30 15:01:37.283354,6206.4,1,completed,2026-04-01 00:00:00,2026-03-31 16:19:05.005647,2026-03-31 16:19:05.015313,Person C2C1EFBB,555-0102,,,,job,,,false,,0
6050-L-2,6050,landscape,Company 93FFFB54,2025-09-22 19:29:39.736594,5400,2,completed,2025-09-29 00:00:00,2025-11-04 21:10:40.646426,2025-11-04 21:10:40.667774,,,,,,job,,,false,,0
6050-L-20,6050,landscape,Company F6DB773A,2026-03-31 16:44:56.498633,2560.14,2,completed,2026-04-06 00:00:00,2026-03-31 16:52:59.226218,2026-03-31 16:52:59.236091,Person C2C1EFBB,555-0102,,,,job,,,false,,0
6050-L-21,6050,landscape,Company B548E4AD,2026-03-31 16:44:56.498633,4146.22,1,completed,2026-04-06 00:00:00,2026-03-31 16:52:59.27008,2026-03-31 16:52:59.275371,Person C2C1EFBB,555-0102,,,,job,,,false,,0
6050-L-22,6050,landscape,Company 2F610CBC,2026-03-31 21:39:54.845113,114.49946,2,completed,2026-04-01 00:00:00,2026-03-31 22:19:49.505797,2026-03-31 22:19:49.517411,Person 4E789DCD,555-0109,,,,job,,,false,,0
6050-L-23,6050,landscape,Company B47AEED3,2026-04-01 16:40:24.588473,794.65625,2,completed,2026-04-06 00:00:00,2026-04-01 16:41:16.112569,2026-04-01 16:41:16.124113,Person C2C1EFBB,555-0102,,,,job,,,false,,0
6050-L-24,6050,landscape,Company F6DB773A,2026-04-01 16:46:40.863195,3918.54425,15,completed,2026-04-09 00:00:00,2026-04-07 16:43:57.164216,2026-04-07 16:43:57.181249,Person C2C1EFBB,555-0140,,,,job,,,false,,0
6050-L-25,6050,landscape,Company 5513C1E9,2026-04-01 16:46:40.863195,1012.85,3,completed,2026-04-09 00:00:00,2026-04-07 16:43:57.242981,2026-04-07 16:43:57.250203,Person C2C1EFBB,555-0140,,,,job,,,false,,0
6050-L-26,6050,landscape,Company F6DB773A,2026-04-10 17:00:56.385454,1174.37525,4,completed,2026-04-13 00:00:00,2026-04-10 21:03:21.77056,2026-04-10 21:03:21.784556,Person 9044842F,555-0176,,,,job,,,false,,0
6050-L-27,6050,landscape,Company 85C03ADA,2026-04-10 17:38:26.238463,39.705875,2,completed,2026-04-15 00:00:00,2026-04-14 14:39:49.540141,2026-04-14 14:39:49.554648,Person C2C1EFBB,,,,,job,,,false,,0
6050-L-28,6050,landscape,Company 8D920A11,2026-04-10 17:38:26.238463,484.875,1,deleted,2026-04-15 00:00:00,2026-04-14 14:39:49.604273,2026-07-22 14:57:28.161349,Person C2C1EFBB,,,,2026-07-22 14:57:28.155321,yard,,,false,,0
6050-L-29,6050,landscape,Company 2F610CBC,2026-04-22 18:16:59.387275,145.4625,1,completed,2026-04-22 00:00:00,2026-04-22 18:20:19.247997,2026-04-22 18:20:19.263679,,,,,,job,,,false,,0
6050-L-3,6050,landscape,Company 2F610CBC,2025-09-22 21:42:38.808224,1646.6355,4,completed,2025-09-24 00:00:00,2025-10-02 20:45:43.949143,2025-10-02 20:45:43.969251,Person 4E789DCD,555-0183,,,,job,,,false,,0
6050-L-30,6050,landscape,Company 725B3DA8,2026-04-23 16:49:07.489767,72.73125,1,completed,2026-04-24 00:00:00,2026-04-23 16:54:12.599322,2026-04-23 16:54:12.616249,,,,,,job,,,false,,0
6050-L-31,6050,landscape,Company 99AC62BC,2026-04-23 17:58:03.649483,1179.8625,3,completed,2026-04-24 00:00:00,2026-04-23 18:00:51.554938,2026-04-23 18:00:51.566345,Person C2C1EFBB,555-0102,,,,job,,,false,,0
6050-L-32,6050,landscape,Company DE14B8EC,2026-04-24 16:24:27.987308,161.3664,1,completed,2026-04-27 00:00:00,2026-04-24 16:34:45.444982,2026-04-24 16:34:45.454894,Person C2C1EFBB,,,,,yard,,,false,,0
6050-L-33,6050,landscape,Company B1347A9D,2026-05-07 20:50:48.000615,406.2175,1,completed,2026-05-08 00:00:00,2026-05-07 20:51:36.980135,2026-05-07 20:51:36.991021,Person 9044842F,555-0176,,,,job,,,false,,0
6050-L-34,6050,landscape,Company 85C03ADA,2026-05-07 20:59:55.336531,616.33,1,completed,2026-05-13 00:00:00,2026-05-12 16:43:42.788977,2026-05-12 16:43:42.802948,Person 9044842F,,,,,yard,,,false,,0
6050-L-35,6050,landscape,Company 93078B9A,2026-06-11 16:17:54.876894,643.2675,4,completed,2026-06-15 00:00:00,2026-06-11 21:41:20.632434,2026-06-11 21:41:20.644213,Person C2C1EFBB,555-0102,,,,job,,,false,,0
6050-L-36,6050,landscape,Company 09434731,2026-06-11 16:17:54.876894,4079.415,3,completed,2026-06-15 00:00:00,2026-06-18 20:45:31.617502,2026-06-18 20:45:31.628652,Person C2C1EFBB,555-0102,,,,job,,,false,,0
6050-L-37,6050,landscape,Company 93078B9A,2026-06-12 16:18:18.776082,499.96,1,completed,2026-06-15 00:00:00,2026-06-12 16:19:56.573444,2026-06-12 16:19:56.583065,Person C2C1EFBB,555-0102,,,,job,,,false,,0
6050-L-38,6050,landscape,Company 09434731,2026-06-12 16:18:18.776082,1693.83,2,completed,2026-06-15 00:00:00,2026-06-18 20:45:04.535943,2026-06-18 20:45:04.548199,Person C2C1EFBB,555-0102,,,,job,,,false,,0
6050-L-39,6050,landscape,Company 85C03ADA,2026-06-17 13:16:15.804206,305.148,2,completed,2026-06-23 00:00:00,2026-06-23 14:27:01.943104,2026-06-23 14:27:01.956061,Person C2C1EFBB,,,,,job,,,false,,0
6050-L-4,6050,landscape,Company D35E67B5,2025-09-23 22:16:15.56833,1188.72,4,completed,2025-09-24 00:00:00,2025-09-24 02:15:44.189901,2025-09-24 02:16:19.627161,Person 4E789DCD,555-0157,,,,yard,,,false,,0
6050-L-40,6050,landscape,Company F6DB773A,2026-06-19 17:07:47.554691,2699.67625,6,completed,2026-06-22 00:00:00,2026-06-19 17:14:59.469442,2026-06-19 17:14:59.481956,Person C2C1EFBB,555-0102,,,,job,,,false,,0
6050-L-41,6050,landscape,Company 99AC62BC,2026-06-19 17:07:47.554691,1442.7725,7,completed,2026-06-22 00:00:00,2026-06-19 17:14:59.525537,2026-06-19 17:14:59.534266,Person C2C1EFBB,555-0102,,,,job,,,false,,0
6050-L-42,6050,landscape,Company 02A7AFB7,2026-06-19 17:07:47.554691,797.35,1,completed,2026-06-22 00:00:00,2026-06-19 17:14:59.575962,2026-06-19 17:14:59.582213,Person C2C1EFBB,555-0102,,,,will_call,,,false,,0
6050-L-43,6050,landscape,Company 7FC335AE,2026-06-19 17:07:47.554691,2472.8625,3,completed,2026-06-22 00:00:00,2026-06-19 17:14:59.610104,2026-06-19 17:14:59.620503,Person C2C1EFBB,555-0102,,,,job,,,false,,0
6050-L-44,6050,landscape,Company 725B3DA8,2026-06-22 15:56:56.427682,560.3,1,completed,2026-06-24 00:00:00,2026-06-24 15:12:18.733464,2026-06-24 15:12:18.743558,Person 4E789DCD,,,,,will_call,,,false,,0
6050-L-45,6050,landscape,Company 93078B9A,2026-06-24 16:25:17.911349,51.72,1,completed,2026-06-25 00:00:00,2026-06-24 16:25:56.106434,2026-06-24 16:25:56.115808,,,,,,yard,,,false,,0
6050-L-46,6050,landscape,Company 93078B9A,2026-06-24 19:49:51.41377,48.4875,1,completed,2026-06-25 00:00:00,2026-06-24 19:50:23.198066,2026-06-24 19:50:23.20686,Person 4E789DCD,,,,,yard,,,false,,0
6050-L-47,6050,landscape,Company F5E37F78,2026-06-26 18:08:44.18893,1115.2125,4,completed,2026-07-02 00:00:00,2026-07-01 15:34:48.653784,2026-07-01 15:34:48.6678,Person 4E789DCD,555-0176,,,,job,,,false,,0
6050-L-48,6050,landscape,Company F6DB773A,2026-06-29 13:57:24.556643,1094.74,7,completed,2026-07-13 00:00:00,2026-07-08 14:24:31.892849,2026-07-08 14:24:31.907745,Person C2C1EFBB,555-0102,,,,job,,,false,,0
6050-L-49,6050,landscape,Company 99AC62BC,2026-06-29 13:57:24.556643,772.02875,4,completed,2026-07-13 00:00:00,2026-07-08 14:24:31.954233,2026-07-08 14:24:31.962061,Person C2C1EFBB,555-0102,,,,job,,,false,,0
6050-L-5,6050,landscape,Company CEF0E872,2025-09-25 15:23:15.502744,10677.75,3,completed,2025-09-29 00:00:00,,2025-10-13 07:38:56.690617,Person 1A1B39A1,555-0102,,,,job,,,false,,0
6050-L-50,6050,landscape,Company B47AEED3,2026-06-29 13:57:24.556643,1258.52,6,completed,2026-07-13 00:00:00,2026-07-08 14:24:31.996008,2026-07-08 14:24:32.004112,Person C2C1EFBB,555-0102,,,,job,,,false,,0
6050-L-51,6050,landscape,Company B548E4AD,2026-07-16 13:56:51.127887,1179.8625,1,completed,2026-07-20 00:00:00,2026-07-17 20:36:10.239838,2026-07-17 20:36:10.256381,Person 4E789DCD,555-0176,,,,job,,,false,,0
6050-L-52,6050,landscape,Company DE14B8EC,2026-07-30 15:22:54.215277,906.405,2,completed,2026-07-31 00:00:00,2026-07-30 16:53:18.912931,2026-07-30 16:53:18.923712,Person 4E789DCD,555-0176,,,,job,,,false,,0
6050-L-53,6050,landscape,Company B548E4AD,2026-07-30 15:47:40.958821,696.17875,3,completed,2026-08-28 00:00:00,2026-08-27 15:59:30.663774,2026-08-27 15:59:30.677749,Person C2C1EFBB,555-0102,,,,job,,,false,,0
6050-L-54,6050,landscape,Company B1347A9D,2026-08-25 22:02:29.080648,1134.6075,2,completed,2026-08-28 00:00:00,2026-08-27 16:04:00.80366,2026-08-27 16:04:00.817689,Person C2C1EFBB,555-0102,,,,job,,,false,,0
6050-L-55,6050,landscape,Company DE14B8EC,2026-08-25 22:02:29.080648,40.40625,1,completed,2026-08-26 00:00:00,2026-08-27 14:11:59.768893,2026-08-27 14:11:59.782932,Person C2C1EFBB,555-0102,,,,will_call,,,false,,0
6050-L-56,6050,landscape,Company F6DB773A,2026-08-28 21:24:26.683772,125.259375,4,completed,2026-08-29 00:00:00,2026-08-28 21:26:42.902382,2026-08-28 21:26:42.912377,,,,,,will_call,,,false,,0
6050-L-57,6050,landscape,,2026-09-02 13:32:22.347056,0,0,in_progress,,,2026-09-02 13:32:22.347568,,,,,,job,,,false,,0
6050-L-6,6050,landscape,Company CEF0E872,2025-09-30 18:32:41.396818,30881.203875,17,completed,2025-10-14 00:00:00,2025-10-13 19:07:52.179076,2025-10-13 19:07:52.204598,Person 1A1B39A1,555-0102,,,,job,,,false,,0
6050-L-7,6050,landscape,Company D35E67B5,2025-10-03 13:50:30.296403,795.6,1,completed,2025-10-09 00:00:00,2025-10-09 21:29:24.500281,2025-10-09 21:29:27.676285,Person 4E789DCD,555-0176,,,,yard,,,false,,0
6050-L-8,6050,landscape,Company D35E67B5,2025-10-09 21:29:31.308006,786.24,1,completed,2025-10-09 00:00:00,2025-10-09 21:32:34.980285,2025-10-09 21:32:36.912246,Person 4E789DCD,,,,,yard,,,false,,0
6050-L-9,6050,landscape,Company D35E67B5,2025-10-10 18:01:45.338035,23.4,1,completed,2025-10-15 00:00:00,2025-10-15 15:53:55.193996,2025-10-15 15:54:21.749946,Person 4E789DCD,,,,,yard,,,false,,0
6050-M-1,6050,maintenance,Company B47AEED3,2026-06-16 13:42:10.696516,47.41,3,completed,2026-06-17 00:00:00,2026-06-16 13:43:31.769901,2026-06-16 13:43:31.782531,,,,,,job,,,false,,0
6050-M-2,6050,maintenance,Company 93078B9A,2026-09-04 14:46:45.430981,32.325,1,completed,2026-09-08 00:00:00,2026-09-04 14:47:12.402198,2026-09-04 14:47:12.409104,Person 8F078E89,,,,,yard,,,false,,0
6051-D-1,6051,drains,Company D35E67B5,2026-03-03 21:02:17.098955,695.05415415,7,completed,2026-03-03 00:00:00,2026-03-03 22:24:51.384869,2026-03-03 22:24:51.705799,,,,,,yard,,,false,,0
6051-D-2,6051,drains,,2026-03-04 15:12:57.344443,0,0,in_progress,,,2026-03-04 15:12:57.345087,,,,,,job,,,false,,0
6051-I-1,6051,irrigation,Company 2F610CBC,2025-12-22 17:23:15.951039,431.06,4,completed,2025-12-23 00:00:00,2025-12-22 17:25:50.623265,2025-12-22 17:32:41.010367,,,,,,yard,,,false,,0
6051-I-10,6051,irrigation,Company 2F610CBC,2026-02-13 18:15:31.281453,210.133188,3,completed,2026-02-13 00:00:00,2026-02-13 19:10:06.552977,2026-02-13 19:10:06.568506,,,,,,yard,,,false,,0
6051-I-11,6051,irrigation,Company D35E67B5,2026-02-16 16:54:18.899191,175.6325,1,completed,2026-02-16 00:00:00,2026-02-19 18:30:04.562981,2026-02-19 18:30:04.725092,,,,,,yard,,,false,,0
6051-I-12,6051,irrigation,Company 2F610CBC,2026-02-17 18:38:07.836081,152.65158,1,completed,2026-02-17 00:00:00,2026-02-17 19:57:13.993967,2026-02-17 19:57:14.006812,,,,,,yard,,,false,,0
6051-I-13,6051,irrigation,Company D35E67B5,2026-02-23 15:35:49.588308,128.3283105,1,completed,2026-02-23 00:00:00,2026-02-23 21:54:50.958498,2026-02-23 21:54:50.982075,,,,,,yard,,,false,,0
6051-I-14,6051,irrigation,Company 2F610CBC,2026-02-24 21:22:03.526413,99.5879375,2,completed,2026-02-25 00:00:00,2026-02-24 22:41:13.255114,2026-02-24 22:41:13.29609,Person 63C78BB9,,,,,will_call,,,false,,0
6051-I-15,6051,irrigation,Company D35E67B5,2026-02-24 21:51:28.009416,58.993125,1,completed,2026-02-25 00:00:00,2026-02-24 22:09:14.654567,2026-02-24 22:09:14.78477,Person 63C78BB9,,,,,will_call,,,false,,0
6051-I-16,6051,irrigation,Company 2F610CBC,2026-02-27 21:42:39.277069,678.5179125,1,completed,2026-03-02 00:00:00,2026-03-02 18:07:27.990413,2026-03-02 18:07:28.002147,,,,,,yard,,,false,,0
6051-I-17,6051,irrigation,Company 2F610CBC,2026-03-10 14:25:35.740848,2906.9301425,29,completed,2026-03-10 00:00:00,2026-03-10 18:13:01.173312,2026-03-10 18:13:01.19976,,,,,,yard,,,false,,0
6051-I-18,6051,irrigation,Company 2F610CBC,2026-04-01 14:53:57.848168,189.26934,1,completed,2026-04-01 00:00:00,2026-04-01 16:49:04.096541,2026-04-01 16:49:04.10731,,,,,,yard,,,false,,0
6051-I-19,6051,irrigation,Company 2F610CBC,2026-04-01 15:23:46.031051,215.902985,1,completed,2026-04-01 00:00:00,2026-04-01 16:58:43.858552,2026-04-01 16:58:43.868966,,,,,,yard,,,false,,0
6051-I-2,6051,irrigation,Company 2F610CBC,2026-01-19 15:47:58.233647,6542.29985,34,completed,2026-01-20 00:00:00,2026-01-21 17:43:46.371323,2026-01-21 17:43:46.399255,Person 1CAC5ACA,555-0130,,,,job,,,false,,0
6051-I-20,6051,irrigation,Company 2F610CBC,2026-04-06 14:21:10.948834,119.92575,2,completed,2026-04-06 00:00:00,2026-04-06 20:08:58.284186,2026-04-06 20:08:58.2971,,,,,,yard,,,false,,0
6051-I-21,6051,irrigation,Company D35E67B5,2026-04-07 14:08:14.007642,646.53017,6,completed,2026-04-07 00:00:00,2026-04-07 15:11:04.409074,2026-04-07 15:11:04.425389,Person 63C78BB9,555-0130,,,,will_call,,,false,,0
6051-I-22,6051,irrigation,Company D35E67B5,2026-04-08 14:38:44.125707,292.164125,5,completed,2026-04-09 00:00:00,2026-04-14 15:48:05.896173,2026-04-14 15:48:05.917559,Person 63C78BB9,,,,,will_call,,,false,,0
6051-I-23,6051,irrigation,Company 2F610CBC,2026-04-09 15:53:36.319816,242.70472,4,completed,2026-04-09 00:00:00,2026-04-09 17:15:41.286441,2026-04-09 17:15:41.298671,,,,,,yard,,,false,,0
6051-I-24,6051,irrigation,Company D35E67B5,2026-04-08 14:38:44.125707,103.817125,3,completed,2026-04-09 00:00:00,2026-04-13 23:00:25.149832,2026-04-13 23:00:25.158578,Person 63C78BB9,,,,,will_call,,,false,,0
6051-I-25,6051,irrigation,Company D35E67B5,2026-04-08 14:38:44.125707,151.658125,4,completed,2026-04-09 00:00:00,2026-04-14 15:40:18.089072,2026-04-14 15:40:18.102337,Person 63C78BB9,,,,,will_call,,,false,,0
6051-I-26,6051,irrigation,,2026-04-22 18:12:35.747563,0,0,in_progress,,,2026-04-22 18:12:35.748326,,,,,,job,,,false,,0
6051-I-3,6051,irrigation,Company 2F610CBC,2026-02-02 19:39:50.328559,1001.2291625,9,completed,2026-02-02 00:00:00,2026-02-02 21:43:03.745427,2026-02-02 21:43:03.764663,Person 63C78BB9,,,,,yard,,,false,,0
6051-I-4,6051,irrigation,Company 2F610CBC,2026-02-04 15:22:08.429884,1062.66929,6,completed,2026-02-04 00:00:00,2026-02-28 03:44:19.741149,2026-02-28 03:44:19.780291,,,,,,yard,,,false,,0
6051-I-5,6051,irrigation,Company 2F610CBC,2026-02-06 15:38:35.204645,37.2815,1,completed,2026-02-06 00:00:00,2026-02-06 19:00:32.318056,2026-02-06 19:00:32.329163,,,,,,yard,,,false,,0
6051-I-6,6051,irrigation,Company 2F610CBC,2026-02-09 15:18:04.830081,135.765,1,completed,2026-02-10 00:00:00,2026-02-09 15:46:22.965236,2026-02-09 15:46:22.975557,,,,,,yard,,,false,,0
6051-I-7,6051,irrigation,Company 2F610CBC,2026-02-09 15:32:32.119215,304.98853,2,completed,2026-02-10 00:00:00,2026-02-09 17:34:51.451837,2026-02-09 17:34:51.466946,,,,,,yard,,,false,,0
6051-I-8,6051,irrigation,Company 2F610CBC,2026-02-09 18:50:05.325256,50.427,1,completed,2026-02-09 00:00:00,2026-02-09 19:58:07.799001,2026-02-09 19:58:07.81148,,,,,,yard,,,false,,0
6051-I-9,6051,irrigation,Company D35E67B5,2026-02-10 23:57:01.1992,418.44227625,1,completed,2026-02-10 00:00:00,2026-02-28 03:45:21.773661,2026-02-28 03:45:21.784889,,,,,,yard,,,false,,0
6051-L-1,6051,landscape,Company 82B29C5F,2025-10-08 01:31:30.587224,27770,4,completed,2025-10-24 00:00:00,2026-02-25 19:21:37.28372,2026-02-25 19:21:37.296271,Person FAB920E7,555-0155,,,,yard,,,false,,0
6051-L-10,6051,landscape,Company C82B1E5C,2026-02-04 16:03:35.513519,780.64875,2,deleted,2026-02-04 00:00:00,2026-02-04 16:05:34.868698,2026-02-04 16:07:22.929929,Person 7D85D3BD,555-0186,,,2026-02-04 16:07:22.921142,job,,,false,,0
6051-L-11,6051,landscape,Company ADB400A8,2026-02-04 18:41:08.850483,487.461,1,completed,2026-02-04 00:00:00,2026-02-04 19:14:50.451879,2026-02-04 19:14:50.464453,Person 4E789DCD,555-0176,,,,will_call,,,false,,0
6051-L-12,6051,landscape,Company B1347A9D,2026-02-05 14:36:31.630152,568.38125,2,completed,2026-02-16 00:00:00,2026-02-13 15:27:59.513524,2026-02-13 15:27:59.667624,Person 4E789DCD,555-0176,,,,yard,,,false,,0
6051-L-13,6051,landscape,Company ADB400A8,2026-02-13 16:35:00.281905,2945.77725,2,completed,2026-02-14 00:00:00,2026-03-04 01:16:33.937802,2026-03-04 01:16:34.321479,Person 9044842F,555-0176,,,,will_call,,,false,,0
6051-L-14,6051,landscape,Company FA7B954D,2026-02-13 16:35:00.281905,8550,2,completed,2026-03-05 00:00:00,2026-02-25 17:16:49.010541,2026-02-25 17:16:49.088553,Person 9044842F,555-0176,,,,job,,,false,,0
6051-L-15,6051,landscape,Company 2F610CBC,2026-02-13 16:49:10.830037,13.55495,1,completed,2026-02-14 00:00:00,2026-02-13 18:04:46.480158,2026-02-13 18:04:46.489122,,,,,,yard,,,false,,0
6051-L-16,6051,landscape,Company D35E67B5,2026-02-16 16:58:10.129144,14.223,1,completed,2026-02-16 00:00:00,2026-02-19 18:29:31.916653,2026-02-19 18:29:32.099548,,,,,,yard,,,false,,0
6051-L-17,6051,landscape,Company B47AEED3,2026-02-19 17:11:44.758955,1163.7,1,completed,2026-02-20 00:00:00,2026-02-19 17:13:05.014845,2026-02-19 17:13:05.065325,Person 4E789DCD,555-0176,,,,job,,,false,,0
6051-L-18,6051,landscape,Company ADB400A8,2026-02-23 15:36:41.749316,756.405,1,completed,2026-02-23 00:00:00,2026-03-04 01:17:02.763375,2026-03-04 01:17:02.888037,Person 4E789DCD,555-0176,,,,will_call,,,false,,0
6051-L-19,6051,landscape,Company 82B29C5F,2026-02-23 22:57:27.77596,5120,3,completed,2026-05-08 00:00:00,2026-03-05 22:18:31.885233,2026-03-05 22:18:32.821798,Person FAB920E7,555-0150,,,,yard,,,false,,0
6051-L-2,6051,landscape,Company 02A7AFB7,2026-01-07 18:11:23.59825,4800,1,completed,2026-01-15 00:00:00,2026-01-07 18:13:03.275638,2026-01-07 18:16:18.728844,Person C2C1EFBB,555-0102,,,,job,,,false,,0
6051-L-20,6051,landscape,Company 5FE0E524,2026-03-06 22:28:29.559862,1658.2725,8,completed,2026-03-07 00:00:00,2026-03-06 22:34:29.418601,2026-03-06 22:34:29.432308,,,,,,job,,,false,,0
6051-L-21,6051,landscape,Company 6244E262,2026-03-09 16:25:59.911265,4315.7,4,completed,2026-03-24 00:00:00,2026-03-09 16:34:54.09084,2026-03-09 16:34:54.103239,Person FAB920E7,555-0128,,,,job,,,false,,0
6051-L-22,6051,landscape,Company EB810C42,2026-03-10 20:55:28.376511,793.05,2,completed,2026-03-19 00:00:00,2026-03-18 18:48:12.642774,2026-03-18 18:48:12.655011,Person 4E789DCD,,,,,yard,,,false,,0
6051-L-23,6051,landscape,Company B47AEED3,2026-03-18 16:27:23.083807,1508.5,1,completed,2026-03-30 00:00:00,2026-03-18 16:28:09.56627,2026-03-18 16:28:09.577441,Person C2C1EFBB,555-0102,,,,job,,,false,,0
6051-L-24,6051,landscape,Company 85C03ADA,2026-03-20 15:24:18.970751,707.271,3,completed,2026-04-07 00:00:00,2026-04-06 16:57:56.117373,2026-04-06 16:57:56.12891,Person 9044842F,555-0176,,,,job,,,false,,0
6051-L-25,6051,landscape,Company 85C03ADA,2026-03-31 14:03:04.465246,796.488,1,deleted,2026-04-07 00:00:00,2026-04-06 16:53:44.334823,2026-04-06 18:11:19.262147,Person 4E789DCD,555-0176,,,2026-04-06 18:11:19.255903,job,,,false,,0
6051-L-26,6051,landscape,Company 93078B9A,2026-03-31 14:03:04.465246,2017.08,2,completed,2026-04-07 00:00:00,2026-04-06 17:00:38.558297,2026-04-06 17:00:38.571261,Person 4E789DCD,555-0176,,,,job,,,false,,0
6051-L-27,6051,landscape,Company 99AC62BC,2026-03-31 14:03:04.465246,1728.31,2,completed,2026-04-07 00:00:00,2026-04-06 17:59:42.539625,2026-04-06 17:59:42.555073,Person 4E789DCD,555-0176,,,,job,,,false,,0
6051-L-28,6051,landscape,Company B47AEED3,2026-04-01 16:20:55.301066,80.8125,1,completed,2026-04-01 00:00:00,2026-04-01 16:21:24.228799,2026-04-01 16:21:24.237967,Person 4E789DCD,,,,,will_call,,,false,,0
6051-L-29,6051,landscape,Company FA7B954D,2026-04-06 16:40:25.608861,32.325,1,completed,2026-04-10 00:00:00,2026-04-17 21:43:50.115599,2026-04-17 21:43:50.127525,Person 4E789DCD,555-0176,,,,will_call,,,false,,0
6051-L-3,6051,landscape,Company D35E67B5,2026-01-07 18:29:06.262283,237.56,1,completed,2026-01-08 00:00:00,2026-01-07 18:29:52.105533,2026-01-07 18:29:58.561434,Person C2C1EFBB,,,,,yard,,,false,,0
6051-L-30,6051,landscape,Company 09434731,2026-04-06 16:50:21.141868,67.8825,1,completed,2026-04-07 00:00:00,2026-04-06 18:12:57.886084,2026-04-06 18:12:57.89817,,,,,,will_call,,,false,,0
6051-L-31,6051,landscape,Company 2F610CBC,2026-04-06 19:56:58.984749,338.335,3,completed,2026-04-07 00:00:00,2026-04-06 19:58:14.713731,2026-04-06 19:58:14.731826,Person C2C1EFBB,555-0102,,,,job,,,false,,0
6051-L-32,6051,landscape,Company 9ADB0B0E,2026-04-10 13:18:30.591341,25923.125,3,completed,2026-04-23 00:00:00,2026-04-22 18:11:00.912503,2026-04-22 18:11:00.925452,Person 9044842F,555-0176,,,,job,,,false,,0
6051-L-33,6051,landscape,Company 2F610CBC,2026-04-24 14:06:37.749358,27.1099,1,completed,2026-04-25 00:00:00,2026-04-27 14:24:40.906035,2026-04-27 14:24:40.91621,,,,,,job,,,false,,0
6051-L-34,6051,landscape,Company B47AEED3,2026-04-27 14:24:22.359578,14.54625,1,completed,2026-06-10 00:00:00,2026-06-09 21:15:16.50861,2026-06-09 21:15:16.521873,,,,,,will_call,,,false,,0
6051-L-4,6051,landscape,Company EB810C42,2026-01-27 21:38:49.185159,2009.753,3,completed,2026-01-28 00:00:00,2026-01-27 21:57:38.26319,2026-01-27 21:57:38.283758,Person FAB920E7,555-0128,,,,yard,,,false,,0
6051-L-5,6051,landscape,Company B548E4AD,2026-02-03 13:52:27.598573,1163.7,1,completed,2026-02-10 00:00:00,2026-02-03 13:59:28.480264,2026-02-03 13:59:28.49117,Person C2C1EFBB,555-0102,,,,job,,,false,,0
6051-L-6,6051,landscape,Company B1347A9D,2026-02-03 13:52:27.598573,4592.84375,1,completed,2026-02-10 00:00:00,2026-02-03 13:59:28.522661,2026-02-03 13:59:28.528514,Person C2C1EFBB,555-0102,,,,job,,,false,,0
6051-L-7,6051,landscape,Company B47AEED3,2026-02-03 13:52:27.598573,934.1925,1,completed,2026-02-10 00:00:00,2026-02-13 15:25:51.655867,2026-02-13 15:25:51.668849,Person C2C1EFBB,555-0102,,,,job,,,false,,0
6051-L-8,6051,landscape,Company 46E8FFF5,2026-02-03 13:52:27.598573,256.445,1,completed,2026-02-10 00:00:00,2026-02-03 14:06:38.080474,2026-02-03 14:06:38.090918,Person C2C1EFBB,555-0102,,,,will_call,,,false,,0
6051-L-9,6051,landscape,Company 2F610CBC,2026-02-04 15:59:51.578548,538.19401,3,completed,2026-02-04 00:00:00,2026-02-04 19:09:46.906048,2026-02-04 19:09:46.921164,,,,,,yard,,,false,,0
6051-M-1,6051,maintenance,,2026-04-06 17:31:23.678065,0,0,in_progress,,,2026-04-06 17:31:23.67867,,,,,,job,,,false,,0
6051-S-1,6051,subcontract,,2026-02-03 23:15:16.9745,0,0,in_progress,,,2026-02-03 23:15:16.975285,,,,,,job,,,false,,0
6052-D-1,6052,drains,Company C82B1E5C,2026-01-26 16:53:38.41479,2476.2,6,completed,2026-01-27 00:00:00,2026-01-26 17:09:16.42185,2026-01-26 17:09:31.698994,Person 4E789DCD,555-0199,,,,job,,,false,,0
6052-D-2,6052,drains,Company C82B1E5C,2026-02-26 16:35:33.848433,497.643375,2,completed,2026-02-26 00:00:00,2026-03-10 14:14:43.612061,2026-03-10 14:14:43.625246,Person 66EF849D,555-0111,,,,job,,,false,,0
6052-D-3,6052,drains,Company C82B1E5C,2026-03-11 15:15:20.033143,323.25,2,completed,2026-03-11 00:00:00,2026-03-11 15:19:35.45714,2026-03-11 15:19:35.468577,Person 893D6B8A,555-0186,,,,job,,,false,,0
6052-D-4,6052,drains,,2026-03-12 20:43:13.352311,0,0,in_progress,,,2026-03-12 20:43:13.352851,,,,,,job,,,false,,0
6052-I-1,6052,irrigation,Company C82B1E5C,2025-12-16 00:00:00,434,7,completed,2025-12-16 00:00:00,2026-01-17 09:59:40.282659,2026-01-17 09:59:43.161494,,,,,,job,,,false,,0
6052-I-10,6052,irrigation,,2026-03-12 20:42:09.322055,0,0,in_progress,,,2026-03-12 20:42:09.322888,,,,,,job,,,false,,0
6052-I-2,6052,irrigation,Company C82B1E5C,2026-01-29 22:04:56.290946,1173,7,completed,2026-01-30 00:00:00,2026-01-29 22:07:40.036673,2026-01-29 22:07:40.684438,Person 0B35C5A9,555-0156,,,,job,,,false,,0
6052-I-3,6052,irrigation,Company C82B1E5C,2026-01-29 22:08:11.367913,9503.784,29,completed,2026-01-30 00:00:00,2026-01-29 22:17:23.177942,2026-01-29 22:17:23.743705,Person 4FD12D04,,,,,job,,,false,,0
6052-I-4,6052,irrigation,Company C82B1E5C,2026-02-02 16:44:32.679618,1288.5,5,completed,2026-02-02 00:00:00,2026-02-02 16:51:45.051674,2026-02-02 16:51:45.666518,Person 4FD12D04,555-0156,,,,job,,,false,,0
6052-I-5,6052,irrigation,Company A7FE94E8,2026-02-09 16:36:16.479666,7208.475,11,completed,2026-02-10 00:00:00,2026-04-16 13:40:10.839342,2026-04-16 13:40:10.859982,Person 4E789DCD,,,,,yard,,,false,,0
6052-I-6,6052,irrigation,Company C82B1E5C,2026-02-10 16:59:31.523009,69.9467745,2,completed,2026-02-10 00:00:00,2026-02-10 19:20:41.656776,2026-02-10 19:20:41.669989,Person 527C8A38,555-0168,,,,job,,,false,,0
6052-I-7,6052,irrigation,Company C82B1E5C,2026-02-23 15:52:40.398786,130.86453,2,completed,2026-02-24 00:00:00,2026-02-23 15:56:07.132937,2026-02-23 15:56:07.241431,Person 63C78BB9,555-0130,,,,job,,,false,,0
6052-I-8,6052,irrigation,Company C82B1E5C,2026-02-26 18:04:47.253603,3.588075,4,completed,2026-02-26 00:00:00,2026-02-26 18:14:07.9274,2026-02-26 18:14:07.965528,Person 66EF849D,555-0111,,,,job,,,false,,0
6052-I-9,6052,irrigation,Company C82B1E5C,2026-02-27 16:21:50.548549,339.13235,3,completed,2026-03-11 00:00:00,2026-03-11 15:37:35.050952,2026-03-11 15:37:35.06201,Person C6FE02A5,,,,,yard,,,false,,0
6052-L-1,6052,landscape,Company 7FC335AE,2025-12-19 17:00:23.740443,6550,2,completed,2026-02-03 00:00:00,2026-01-16 17:01:05.470696,2026-01-16 17:01:33.488918,Person 4E789DCD,555-0176,,,,job,,,false,,0
6052-L-10,6052,landscape,Company 85C03ADA,2026-01-20 19:22:18.680597,2806.8875,3,completed,2026-02-04 00:00:00,2026-02-03 00:47:01.913746,2026-02-03 00:47:01.9225,Person 4E789DCD,555-0176,,,,job,,,false,,0
6052-L-11,6052,landscape,Company 5513C1E9,2026-01-20 19:22:18.680597,3448,2,completed,2026-02-04 00:00:00,2026-02-03 00:47:01.963727,2026-02-03 00:47:01.970166,Person 4E789DCD,555-0176,,,,job,,,false,,0
6052-L-12,6052,landscape,Company F5E37F78,2026-01-20 19:22:18.680597,2909.25,1,completed,2026-02-04 00:00:00,2026-02-03 00:47:02.000308,2026-02-03 00:47:02.006946,Person 4E789DCD,555-0176,,,,job,,,false,,0
6052-L-13,6052,landscape,Company C82B1E5C,2026-02-03 18:36:55.235273,515.58375,2,completed,2026-02-04 00:00:00,2026-02-04 16:11:46.384744,2026-02-04 16:11:46.399408,Person 7D85D3BD,555-0186,,,,job,,,false,,0
6052-L-14,6052,landscape,Company D35E67B5,2026-02-04 16:17:26.194567,262.791475,3,completed,2026-02-06 00:00:00,2026-02-06 17:16:19.043759,2026-02-06 17:16:19.056448,Person 7D85D3BD,,,,,yard,,,false,,0
6052-L-15,6052,landscape,Company D35E67B5,2026-02-06 17:16:47.170023,917.545125,2,completed,2026-02-06 00:00:00,2026-02-06 18:55:56.579061,2026-02-06 18:55:56.591556,Person 7D85D3BD,,,,,yard,,,false,,0
6052-L-16,6052,landscape,Company 724579F1,2026-02-06 18:38:02.505106,1926.1821,4,completed,2026-02-09 00:00:00,2026-02-06 18:44:53.696889,2026-02-06 18:44:53.709655,Person 7D85D3BD,555-0186,,,,job,,,false,,0
6052-L-17,6052,landscape,Company 2F610CBC,2026-02-09 17:44:08.285289,550.6025,3,deleted,2026-02-09 00:00:00,2026-02-09 17:45:23.604484,2026-02-10 17:30:09.911145,Person 7D85D3BD,555-0186,,,2026-02-10 17:30:09.904369,job,,,false,,0
6052-L-18,6052,landscape,Company D35E67B5,2026-02-10 16:55:24.854624,309.016225,3,completed,2026-02-10 00:00:00,2026-02-10 17:41:09.578672,2026-02-10 17:41:09.593084,Person 34CBBCD0,,,,,yard,,,false,,0
6052-L-19,6052,landscape,Company 5513C1E9,2026-02-10 17:47:08.252191,1077.5,1,completed,2026-02-12 00:00:00,2026-02-10 17:50:33.471321,2026-02-10 17:50:33.48348,Person 4E789DCD,555-0176,,,,job,,,false,,0
6052-L-2,6052,landscape,Company 99AC62BC,2025-12-19 17:00:23.740443,2101.125,1,completed,2026-02-05 00:00:00,2026-02-03 01:04:09.204952,2026-02-03 01:04:09.21611,Person 4E789DCD,555-0176,,,,job,,,false,,0
6052-L-20,6052,landscape,Company EB810C42,2026-02-10 19:22:33.866595,1417.128,1,completed,2026-02-11 00:00:00,2026-02-10 19:23:33.521558,2026-02-10 19:23:33.531236,Person 4E789DCD,,,,,yard,,,false,,0
6052-L-21,6052,landscape,Company 6AC04464,2026-02-10 19:35:11.843618,3441.54,7,completed,2026-02-11 00:00:00,2026-02-10 21:32:52.065163,2026-02-10 21:32:52.0797,Person 847C86C2,555-0128,,,,job,,,false,,0
6052-L-22,6052,landscape,Company C82B1E5C,2026-02-27 16:21:40.86486,738.84606,4,completed,2026-02-28 00:00:00,2026-03-02 17:09:42.972944,2026-03-02 17:09:42.993859,Person 66EF849D,555-0111,,,,job,,,false,,0
6052-L-23,6052,landscape,Company 09434731,2026-02-27 16:33:12.390386,3085.42125,5,completed,2026-03-03 00:00:00,2026-02-27 17:22:06.64219,2026-02-27 17:22:06.680844,Person 55DEE1A1,555-0168,,,,job,,,false,,0
6052-L-24,6052,landscape,Company B47AEED3,2026-02-27 16:33:12.390386,1470.7875,1,deleted,2026-03-03 00:00:00,2026-02-27 17:24:28.176441,2026-03-16 15:14:39.846408,Person 55DEE1A1,555-0168,,,2026-03-16 15:14:39.840544,job,,,false,,0
6052-L-25,6052,landscape,Company 85C03ADA,2026-02-27 16:33:12.390386,2222.34375,6,completed,2026-03-03 00:00:00,2026-02-27 17:22:06.879258,2026-02-27 17:22:06.900956,Person 55DEE1A1,555-0168,,,,job,,,false,,0
6052-L-26,6052,landscape,Company DE14B8EC,2026-02-27 16:33:12.390386,1066.725,3,completed,2026-03-03 00:00:00,2026-02-27 17:22:06.970395,2026-02-27 17:22:06.992185,Person 55DEE1A1,555-0168,,,,job,,,false,,0
6052-L-27,6052,landscape,Company 93078B9A,2026-02-27 16:33:12.390386,771.49,2,completed,2026-03-03 00:00:00,2026-02-27 17:22:07.049745,2026-02-27 17:22:07.071403,Person 55DEE1A1,555-0168,,,,job,,,false,,0
6052-L-28,6052,landscape,Company B1347A9D,2026-02-27 16:33:12.390386,1743.6105,5,completed,2026-03-03 00:00:00,2026-02-27 17:22:07.130336,2026-02-27 17:22:07.152361,Person 55DEE1A1,555-0168,,,,job,,,false,,0
6052-L-29,6052,landscape,Company 99AC62BC,2026-02-27 16:33:12.390386,275.84,1,completed,2026-03-03 00:00:00,2026-02-27 17:22:07.210462,2026-02-27 17:22:07.231184,Person 55DEE1A1,555-0168,,,,job,,,false,,0
6052-L-3,6052,landscape,Company F66D8559,2026-01-20 19:22:18.680597,4040.625,2,completed,2026-02-05 00:00:00,2026-02-03 01:03:33.349985,2026-02-03 01:03:33.362287,Person 4E789DCD,555-0176,,,,job,,,false,,0
6052-L-30,6052,landscape,Company 7FC335AE,2026-02-27 22:36:14.985976,393.2875,1,completed,2026-03-03 00:00:00,2026-02-27 22:37:20.710769,2026-02-27 22:37:20.772008,Person 7D85D3BD,555-0186,,,,job,,,false,,0
6052-L-31,6052,landscape,Company F5E37F78,2026-02-27 23:09:15.545117,301.7,1,completed,2026-03-05 00:00:00,2026-03-03 19:05:56.34959,2026-03-03 19:05:56.410899,,,,,,job,,,false,,0
6052-L-32,6052,landscape,Company C82B1E5C,2026-03-11 15:16:57.815523,96.975,1,completed,2026-03-11 00:00:00,2026-03-11 15:17:45.261439,2026-03-11 15:17:45.27281,Person 7D85D3BD,555-0186,,,,job,,,false,,0
6052-L-33,6052,landscape,Company 99AC62BC,2026-03-12 14:58:18.850659,2423.2975,8,completed,2026-03-13 00:00:00,2026-03-12 15:03:28.858995,2026-03-12 15:03:28.875241,Person 55DEE1A1,555-0168,,,,job,,,false,,0
6052-L-34,6052,landscape,Company B548E4AD,2026-03-12 14:58:18.850659,812.97375,3,completed,2026-03-13 00:00:00,2026-03-12 16:29:53.570584,2026-03-12 16:29:53.581592,Person 55DEE1A1,555-0168,,,,job,,,false,,0
6052-L-35,6052,landscape,Company DE14B8EC,2026-03-12 16:29:00.562747,164.74975,1,completed,2026-03-13 00:00:00,2026-03-12 16:29:22.302386,2026-03-12 16:29:22.32199,,,,,,will_call,,,false,,0
6052-L-36,6052,landscape,Company 93078B9A,2026-03-16 14:30:09.098547,1244.5125,1,completed,2026-03-17 00:00:00,2026-03-16 14:33:16.943383,2026-03-16 14:33:16.960551,Person 4E789DCD,555-0176,,,,job,,,false,,0
6052-L-37,6052,landscape,Company 85C03ADA,2026-03-25 13:39:24.008553,125.52875,4,completed,2026-03-31 00:00:00,2026-03-25 13:45:06.963375,2026-03-25 13:45:06.97476,Person 893D6B8A,,,,,job,,,false,,0
6052-L-38,6052,landscape,Company 2F610CBC,2026-03-25 13:39:24.008553,168.704175,1,completed,2026-03-25 00:00:00,2026-03-25 13:44:11.641584,2026-03-25 13:44:11.654752,,,,,,yard,,,false,,0
6052-L-39,6052,landscape,Company 0CE7F8DB,2026-03-25 16:49:12.463013,210,1,completed,2026-03-31 00:00:00,2026-03-25 16:51:38.214718,2026-03-25 16:51:38.227464,Person 4E789DCD,,,,,yard,,,false,,0
6052-L-4,6052,landscape,Company 7FC335AE,2026-01-20 19:22:18.680597,7251.575,3,completed,2026-02-05 00:00:00,2026-02-03 15:23:18.488389,2026-02-03 15:23:18.499772,Person 4E789DCD,555-0176,,,,job,,,false,,0
6052-L-40,6052,landscape,Company 85C03ADA,2026-03-27 17:35:26.384321,386.06825,4,completed,2026-03-31 00:00:00,2026-03-27 17:48:20.353844,2026-03-27 17:48:20.366297,Person 893D6B8A,,,,,job,,,false,,0
6052-L-41,6052,landscape,Company 85C03ADA,2026-03-27 20:51:40.383501,42.0225,1,completed,2026-04-15 00:00:00,2026-04-14 16:44:29.276554,2026-04-14 16:44:29.287726,Person 4E789DCD,,,,,yard,,,false,,0
6052-L-42,6052,landscape,Company 85C03ADA,2026-05-12 14:20:55.196415,1029.76675,3,completed,2026-05-13 00:00:00,2026-05-12 16:46:24.343443,2026-05-12 16:46:24.35907,Person 9044842F,555-0176,,,,job,,,false,,0
6052-L-43,6052,landscape,Company DE14B8EC,2026-05-12 16:47:56.885911,311.3975,4,completed,2026-05-13 00:00:00,2026-05-12 17:18:59.213353,2026-05-12 17:18:59.225923,Person 9044842F,555-0176,,,,will_call,,,false,,0
6052-L-5,6052,landscape,Company 85C03ADA,2026-01-20 19:22:18.680597,436.3875,1,completed,2026-03-03 00:00:00,2026-02-27 22:38:19.937348,2026-02-27 22:38:20.037213,Person 7D85D3BD,,,,,job,,,false,,0
6052-L-6,6052,landscape,Company 5513C1E9,2026-01-20 19:22:18.680597,6034,3,completed,2026-02-05 00:00:00,2026-02-03 15:27:28.241397,2026-02-03 15:27:28.267035,Person 4E789DCD,555-0176,,,,job,,,false,,0
6052-L-7,6052,landscape,Company F5E37F78,2026-01-20 19:22:18.680597,2909.25,1,deleted,2026-02-05 00:00:00,2026-02-03 01:12:46.211553,2026-03-03 18:53:09.661774,Person 4E789DCD,555-0176,,,2026-03-03 18:53:09.656237,job,,,false,,0
6052-L-8,6052,landscape,Company 7FC335AE,2026-02-02 23:14:27.572501,2866.15,1,completed,2026-02-05 00:00:00,2026-02-03 01:13:53.974665,2026-02-03 01:13:53.986588,Person 4E789DCD,555-0176,,,,job,,,false,,0
6052-L-9,6052,landscape,Company 7FC335AE,2026-01-20 19:22:18.680597,3457.643625,2,completed,2026-02-04 00:00:00,2026-02-03 00:47:01.876914,2026-02-03 00:47:01.883745,Person 4E789DCD,555-0176,,,,job,,,false,,0
6053-D-1,6053,drains,Company C82B1E5C,2026-01-26 16:43:24.071734,2293.7,7,completed,2026-01-27 00:00:00,2026-01-26 16:48:28.95082,2026-01-26 16:49:31.576457,Person 4E789DCD,555-0199,,,,job,,,false,,0
6053-D-2,6053,drains,Company 91A2C43A,2026-02-28 16:57:37.940987,170,2,completed,2026-03-02 00:00:00,2026-02-28 16:59:42.193245,2026-02-28 16:59:42.29833,Person 4E789DCD,555-0176,,,,job,,,false,,0
6053-D-3,6053,drains,Company C82B1E5C,2026-03-20 15:02:31.935388,1129.10807625,5,completed,2026-03-20 00:00:00,2026-03-20 15:54:11.952381,2026-03-20 15:54:11.964516,Person 3D169557,555-0111,,,,job,,,false,,0
6053-D-4,6053,drains,Company C82B1E5C,2026-03-30 16:02:56.791879,122.559075,1,completed,2026-03-30 00:00:00,2026-03-30 17:27:17.777184,2026-03-30 17:27:17.792317,,,,,,yard,,,false,,0
6053-D-5,6053,drains,,2026-05-01 14:27:31.963602,0,0,in_progress,,,2026-05-01 14:27:31.964176,,,,,,job,,,false,,0
6053-I-1,6053,irrigation,Company C82B1E5C,2026-01-29 22:23:08.251892,968.76,7,completed,2026-01-30 00:00:00,2026-01-29 22:26:10.578259,2026-01-29 22:26:11.103231,Person 4FD12D04,555-0156,,,,job,,,false,,0
6053-I-2,6053,irrigation,Company C82B1E5C,2026-01-29 22:27:26.325,138168.3694425,26,completed,2026-01-30 00:00:00,2026-03-03 16:12:40.764888,2026-03-03 16:12:41.962199,Person 4A701970,,,,,yard,,,false,,0
6053-I-3,6053,irrigation,Company A7FE94E8,2026-02-06 19:40:07.676201,5060.1375,10,completed,2026-02-07 00:00:00,2026-02-09 17:19:31.563188,2026-02-09 17:19:31.580599,Person 4E789DCD,,,,,yard,,,false,,0
6053-I-4,6053,irrigation,Company C82B1E5C,2026-02-23 15:59:18.234017,183.67005,3,completed,2026-02-23 00:00:00,2026-02-23 16:01:00.567496,2026-02-23 16:01:00.772848,Person 63C78BB9,555-0130,,,,job,,,false,,0
6053-I-5,6053,irrigation,Company C82B1E5C,2026-02-26 18:23:06.793698,197.8815,10,completed,2026-02-26 00:00:00,2026-02-26 18:34:31.535887,2026-02-26 18:34:31.663932,Person 4E789DCD,555-0109,,,,yard,,,false,,0
6053-I-6,6053,irrigation,Company C82B1E5C,2026-04-08 15:00:42.237253,812.4440625,2,completed,2026-04-08 00:00:00,2026-04-08 17:56:13.530117,2026-04-08 17:56:13.543679,,,,,,yard,,,false,,0
6053-I-7,6053,irrigation,,2026-05-01 14:42:36.635329,0,0,in_progress,,,2026-05-01 14:42:36.635953,,,,,,job,,,false,,0
6053-L-1,6041,landscape,Company 8B3EFD73,2025-08-13 15:43:20.700077,2521.35,1,deleted,2026-06-05 00:00:00,2026-06-04 16:17:57.665528,2026-06-04 16:18:18.828059,,,,,2026-06-04 16:18:18.82097,job,,,false,,0
6053-L-10,6053,landscape,Company D35E67B5,2026-02-13 16:25:25.955713,662.2875,1,completed,2026-02-14 00:00:00,2026-02-16 15:11:17.15196,2026-02-16 15:11:17.281292,,,,,,yard,,,false,,0
6053-L-11,6053,landscape,Company D8508194,2026-02-13 16:25:25.955713,50.025,1,completed,2026-02-14 00:00:00,2026-02-13 21:47:45.323045,2026-02-13 21:47:45.335816,,,,,,will_call,,,false,,0
6053-L-12,6053,landscape,Company 2F610CBC,2026-02-26 18:39:07.556259,7.63425,1,deleted,2026-02-27 00:00:00,2026-02-26 18:47:19.588405,2026-02-26 19:07:17.186192,Person 7D85D3BD,555-0186,,,2026-02-26 19:07:17.107936,yard,,,false,,0
6053-L-13,6053,landscape,Company 5661A390,2026-02-26 18:39:07.556259,271.875,1,completed,2026-02-27 00:00:00,2026-02-26 18:42:21.228724,2026-02-26 18:42:21.249834,Person 7D85D3BD,555-0186,,,,job,,,false,,0
6053-L-14,6053,landscape,Company EB810C42,2026-02-26 19:08:33.689713,8.93925,1,completed,2026-02-27 00:00:00,2026-02-26 19:08:50.276067,2026-02-26 19:08:50.346287,,,,,,will_call,,,false,,0
6053-L-15,6053,landscape,Company 2C7782AA,2026-02-27 16:59:05.423036,2392.5,1,completed,2026-03-02 00:00:00,2026-02-27 16:59:59.281843,2026-02-27 16:59:59.339301,Person 7D85D3BD,555-0186,,,,job,,,false,,0
6053-L-16,6053,landscape,Company DC9A38AE,2026-02-27 18:46:09.881693,761.25,1,completed,2026-03-03 00:00:00,2026-02-27 22:31:04.268058,2026-02-27 22:31:04.355871,Person 7D85D3BD,555-0186,,,,job,,,false,,0
6053-L-17,6053,landscape,Company EB810C42,2026-02-27 22:35:15.425074,1374.165,1,completed,2026-03-04 00:00:00,2026-03-03 16:29:30.240103,2026-03-03 16:29:30.33583,Person 7D85D3BD,555-0186,,,,job,,,false,,0
6053-L-18,6053,landscape,Company 85C03ADA,2026-03-04 23:07:18.931642,1294.125,3,completed,2026-03-06 00:00:00,2026-03-05 17:46:55.905309,2026-03-05 17:46:56.161211,Person 7D85D3BD,,,,,job,,,false,,0
6053-L-19,6053,landscape,Company 2492B0E9,2026-03-05 14:53:38.337806,5165.625,2,completed,2026-03-06 00:00:00,2026-03-05 17:55:57.762117,2026-03-05 17:55:57.8791,Person 7D85D3BD,555-0186,,,,job,,,false,,0
6053-L-2,6053,landscape,Company AB2F70F4,2025-12-01 22:40:40.815269,4165,1,completed,2025-12-30 00:00:00,2025-12-01 22:41:01.746811,2025-12-01 22:41:19.08073,,,,,,job,,,false,,0
6053-L-20,6053,landscape,Company DE14B8EC,2026-03-05 17:59:16.246095,560.0625,2,deleted,2026-03-06 00:00:00,2026-03-05 18:03:27.781328,2026-03-06 15:33:01.365128,Person 66EF849D,555-0186,,,2026-03-06 15:33:01.357259,job,,,false,,0
6053-L-21,6053,landscape,Company F66D8559,2026-03-06 15:33:07.46022,711.225,2,completed,2026-03-10 00:00:00,2026-03-06 16:05:28.693562,2026-03-06 16:05:28.706688,Person 66EF849D,555-0186,,,,job,,,false,,0
6053-L-22,6053,landscape,Company 724579F1,2026-03-12 14:09:38.089869,1446.375,5,completed,2026-03-13 00:00:00,2026-03-12 15:26:02.93587,2026-03-12 15:26:02.949887,Person 4E789DCD,555-0176,,,,job,,,false,,0
6053-L-23,6053,landscape,Company DC9A38AE,2026-03-12 16:28:08.177544,647.0625,2,completed,2026-03-17 00:00:00,2026-03-16 16:26:11.19511,2026-03-16 16:26:11.210192,Person 893D6B8A,555-0186,,,,job,,,false,,0
6053-L-24,6053,landscape,Company 85C03ADA,2026-03-18 16:41:04.8882,195.75,1,completed,2026-03-19 00:00:00,2026-03-18 16:41:56.512308,2026-03-18 16:41:56.5223,Person 7D85D3BD,,,,,yard,,,false,,0
6053-L-25,6053,landscape,Company 85C03ADA,2026-03-20 15:06:22.204894,957,6,completed,2026-03-31 00:00:00,2026-03-24 21:23:55.639261,2026-03-24 21:23:55.655235,Person 7D85D3BD,555-0186,,,,job,,,false,,0
6053-L-26,6053,landscape,Company F6DB773A,2026-03-20 15:06:22.204894,1072.275,4,completed,2026-03-31 00:00:00,2026-03-25 16:14:52.050277,2026-03-25 16:14:52.07754,Person 7D85D3BD,555-0186,,,,job,,,false,,0
6053-L-27,6053,landscape,Company 09434731,2026-03-20 15:06:22.204894,957,3,completed,2026-03-31 00:00:00,2026-03-24 21:23:55.751863,2026-03-24 21:23:55.75975,Person 7D85D3BD,555-0186,,,,job,,,false,,0
6053-L-28,6053,landscape,Company 99AC62BC,2026-03-20 15:06:22.204894,1844.4,5,completed,2026-03-31 00:00:00,2026-03-24 21:23:55.794147,2026-03-24 21:23:55.801827,Person 7D85D3BD,555-0186,,,,job,,,false,,0
6053-L-29,6053,landscape,Company B1347A9D,2026-03-20 15:06:22.204894,904.8,1,completed,2026-03-31 00:00:00,2026-03-24 21:23:55.84557,2026-03-24 21:23:55.851505,Person 7D85D3BD,555-0186,,,,job,,,false,,0
6053-L-3,6053,landscape,Company 724579F1,2026-01-13 19:27:48.891291,5466.7,5,completed,2026-02-03 00:00:00,2026-01-13 19:33:39.643323,2026-01-13 19:33:39.666501,Person 4E789DCD,555-0176,,,,job,,,false,,0
6053-L-30,6053,landscape,Company B47AEED3,2026-03-20 15:06:22.204894,54.375,1,completed,2026-03-31 00:00:00,2026-03-24 21:23:55.885351,2026-03-24 21:23:55.893781,Person 7D85D3BD,555-0186,,,,job,,,false,,0
6053-L-31,6053,landscape,Company B47AEED3,2026-03-30 15:43:58.84236,40.78125,1,completed,2026-03-31 00:00:00,2026-03-30 17:38:36.224231,2026-03-30 17:38:36.237102,Person 4E789DCD,,,,,will_call,,,false,,0
6053-L-32,6053,landscape,Company F66D8559,2026-04-14 15:17:06.042464,205.5375,1,completed,2026-04-15 00:00:00,2026-04-14 15:17:54.257483,2026-04-14 15:17:54.274735,Person 9044842F,555-0176,,,,will_call,,,false,,0
6053-L-33,6053,landscape,Company B47AEED3,2026-04-14 16:38:10.374883,1250.061675,5,completed,2026-04-15 00:00:00,2026-04-14 16:41:19.91553,2026-04-14 16:41:19.930523,Person 83C8F087,555-0186,,,,job,,,false,,0
6053-L-34,6053,landscape,Company C82B1E5C,2026-05-01 14:28:31.504156,74.9331,1,completed,2026-05-01 00:00:00,2026-05-01 22:12:35.921277,2026-05-01 22:12:35.932418,,,,,,yard,,,false,,0
6053-L-35,6053,landscape,Company 85C03ADA,2026-05-12 16:27:00.478937,1615.3725,5,completed,2026-05-13 00:00:00,2026-05-12 16:40:01.992854,2026-05-12 16:40:02.013275,Person 9044842F,555-0176,,,,job,,,false,,0
6053-L-36,6053,landscape,Company DE14B8EC,2026-05-12 17:17:02.862669,901.875,3,completed,2026-05-13 00:00:00,2026-05-12 17:58:40.210502,2026-05-12 17:58:40.226188,Person 9044842F,555-0176,,,,job,,,false,,0
6053-L-37,6053,landscape,Company D35E67B5,2026-05-12 17:57:56.340904,121.8,1,completed,2026-05-13 00:00:00,2026-05-13 13:43:53.03883,2026-05-13 13:43:53.059487,Person AC31A8B8,,,,,will_call,,,false,,0
6053-L-38,6053,landscape,,2026-05-22 17:21:40.202335,0,0,in_progress,,,2026-05-22 17:21:40.20292,,,,,,job,,,false,,0
6053-L-4,6053,landscape,Company 99AC62BC,2026-01-16 17:01:59.850027,3262.5,1,completed,2026-03-02 00:00:00,2026-02-27 16:23:22.590125,2026-02-27 16:23:22.617942,Person 4E789DCD,555-0176,,,,job,,,false,,0
6053-L-5,6053,landscape,Company 85C03ADA,2026-01-20 00:00:00,1761.75,4,completed,2026-03-03 00:00:00,2026-02-27 22:28:09.623814,2026-02-27 22:28:09.702854,Person 7D85D3BD,555-0131,,,,job,,,false,,0
6053-L-6,6053,landscape,Company 7FC335AE,2026-01-20 19:40:48.499477,5491.875,2,completed,2026-03-03 00:00:00,2026-03-06 17:12:03.657666,2026-03-06 17:12:03.669574,Person 7D85D3BD,555-0186,,,,job,,,false,,0
6053-L-7,6053,landscape,Company F5E37F78,2026-01-20 19:40:48.499477,1957.5,1,completed,2026-03-05 00:00:00,2026-02-27 22:53:23.396507,2026-02-27 22:53:23.525101,Person 4E789DCD,555-0176,,,,job,,,false,,0
6053-L-8,6053,landscape,Company 2C7782AA,2026-02-02 19:15:17.077209,2392.5,1,deleted,2026-02-05 00:00:00,2026-02-02 19:18:19.474349,2026-02-27 16:21:51.293505,Person 4E789DCD,555-0176,,,2026-02-27 16:21:51.275788,yard,,,false,,0
6053-L-9,6053,landscape,Company 062F9F55,2026-02-11 20:23:16.291548,5468.56,6,completed,2026-03-12 00:00:00,2026-02-11 20:30:29.199634,2026-02-11 20:30:29.216219,Person FAB920E7,555-0128,,,,yard,,,false,,0
6053-S-1,6053,subcontract,,2026-04-14 15:50:12.940878,0,0,in_progress,,,2026-04-14 15:50:12.941471,,,,,,job,,,false,,0
6054-D-1,6054,drains,,2026-05-18 20:10:14.877936,0,0,in_progress,,,2026-05-18 20:10:14.878524,,,,,,job,,,false,,0
6054-I-1,6054,irrigation,Company 2F610CBC,2025-10-17 21:14:57.86065,1084.28825,7,completed,2025-10-20 00:00:00,2025-10-17 21:14:57.860648,2025-10-17 21:14:57.8787,Person 4E789DCD,,,,,yard,,,false,,0
6054-I-2,6054,irrigation,Company 2F610CBC,2026-04-21 15:45:24.83546,1500.1386,4,completed,2026-04-21 00:00:00,2026-04-21 15:47:12.080314,2026-04-21 15:47:12.090864,,,,,,yard,,,false,,0
6054-I-3,6054,irrigation,Company 2F610CBC,2026-05-18 15:20:08.644044,92.585265,1,completed,2026-05-18 00:00:00,2026-05-18 20:41:06.08722,2026-05-18 20:41:06.097593,,,,,,yard,,,false,,0
6054-L-1,6054,landscape,Company ADE9598D,2025-10-22 16:29:19.51746,2920,2,completed,2025-10-30 00:00:00,2025-10-22 16:29:19.517458,2025-10-22 16:30:07.516275,Person F6BC9F36,555-0147,,,,job,,,false,,0
6054-L-2,6054,landscape,Company 5661A390,2025-10-29 17:23:11.520456,510,1,completed,2025-10-30 00:00:00,2025-10-29 17:24:09.349586,2025-10-29 17:29:33.356068,Person F6BC9F36,555-0147,,,,job,,,false,,0
6054-L-3,6054,landscape,Company D165D0A9,2025-10-31 18:32:36.049063,14624.64,4,completed,2025-12-12 00:00:00,2025-10-31 18:35:15.229117,2025-10-31 18:35:15.24845,Person 847C86C2, ,,,,yard,,,false,,0
6054-L-4,6054,landscape,Company 2F610CBC,2026-02-20 15:39:19.564089,105.8137325,1,completed,2026-02-20 00:00:00,2026-02-23 15:17:04.97942,2026-02-23 15:17:05.021126,,,,,,yard,,,false,,0
6054-L-5,6054,landscape,Company 2F610CBC,2026-02-23 15:16:31.288365,209.035,1,completed,2026-04-21 00:00:00,2026-04-21 18:07:33.156611,2026-04-21 18:07:33.167777,Person 9044842F,,,,,yard,,,false,,0
6054-L-6,6054,landscape,Company B47AEED3,2026-04-21 18:09:23.476038,521.2945,5,completed,2026-04-22 00:00:00,2026-04-21 18:12:21.464567,2026-04-21 18:12:21.475894,Person 9044842F,,,,,yard,,,false,,0
6054-L-7,6054,landscape,Company 4B90513A,2026-04-22 14:36:46.751408,72.73125,1,completed,2026-04-23 00:00:00,2026-04-22 14:40:23.034926,2026-04-22 14:40:23.050213,,,,,,will_call,,,false,,0
6054-L-8,6054,landscape,Company 85C03ADA,2026-05-08 16:50:10.109307,651.8875,1,completed,2026-05-11 00:00:00,2026-05-08 16:50:54.842574,2026-05-08 16:50:54.852707,,,,,,yard,,,false,,0
6054-L-9,6054,landscape,Company 85C03ADA,2026-05-08 16:52:55.550063,426.69,2,completed,2026-08-24 00:00:00,2026-08-21 16:31:21.833969,2026-08-21 16:31:21.848708,Person 9044842F,,,,,yard,,,false,,0
6054-M-1,6054,maintenance,,2026-05-18 17:56:55.366023,0,0,in_progress,,,2026-05-18 17:56:55.366519,,,,,,job,,,false,,0
6055-D-1,6055,drains,,2025-11-12 21:51:23.975511,1283.96,4,completed,2025-11-12 00:00:00,2025-11-12 21:53:27.678472,2025-11-12 22:53:02.34646,Person 4E789DCD,,,,,yard,,,false,,0
6055-D-2,6055,drains,Company 2F610CBC,2025-11-24 15:52:26.970356,24.20496,1,completed,2025-11-25 00:00:00,2025-11-24 16:24:39.382835,2025-11-24 16:24:39.416019,,,,,,job,,,false,,0
6055-I-1,6055,irrigation,Company 2F610CBC,2025-10-17 21:09:51.406894,15379.5885,31,completed,2025-10-20 00:00:00,2025-11-21 15:33:58.443361,2025-11-21 15:33:58.542097,Person 2B05F4FD,555-0125,,,,job,,,false,,0
6055-I-2,6055,irrigation,Company 2F610CBC,2025-10-24 14:44:06.656464,2881.245775,13,completed,2025-10-24 00:00:00,2025-10-29 16:54:08.417998,2025-10-29 16:54:08.442962,Person 9002A79B,555-0198,,,,job,,,false,,0
6055-I-3,6055,irrigation,Company D35E67B5,2025-10-28 17:40:27.596787,554.0505,2,completed,2025-10-29 00:00:00,2025-10-28 18:04:22.058453,2025-10-28 18:04:22.08179,,,,,,will_call,,,false,,0
6055-I-4,6055,irrigation,Company 2F610CBC,2025-10-29 14:41:05.791316,1495.03125,17,completed,2025-10-29 00:00:00,2025-10-30 17:58:30.536684,2025-10-30 17:58:30.5654,,,,,,job,,,false,,0
6055-I-5,6055,irrigation,Company D35E67B5,2025-10-31 13:59:44.246686,284,2,completed,2025-10-31 00:00:00,2025-10-31 14:05:51.405676,2025-10-31 14:06:31.046636,Person 27CE2D2F,555-0163,,,,job,,,false,,0
6055-I-6,6055,irrigation,Company D35E67B5,2025-11-04 15:40:29.679294,430.967675,6,completed,2025-11-05 00:00:00,2025-11-04 23:07:37.719193,2025-11-04 23:07:37.741525,Person 75524FBD,555-0161,,,,job,,,false,,0
6055-I-7,6055,irrigation,Company 2F610CBC,2025-11-07 15:42:02.005971,1731.758,6,completed,2025-11-08 00:00:00,2025-11-07 16:37:47.053472,2025-11-07 16:37:47.085915,Person 4E789DCD,555-0199,,,,job,,,false,,0
6055-I-8,6055,irrigation,Company 2F610CBC,2025-11-20 15:20:46.834156,240.551875,2,completed,2025-11-20 00:00:00,2025-11-20 21:41:07.522255,2025-11-20 21:41:07.55128,Person 4E789DCD,555-0176,,,,job,,,false,,0
6055-I-9,6055,irrigation,Company A47A2876,2025-12-02 20:00:54.916879,125,1,completed,2025-12-03 00:00:00,2025-12-16 15:07:22.408925,2025-12-16 15:07:22.431353,Person 4E789DCD,555-0199,,,,job,,,false,,0
6055-L-1,6055,landscape,Company F66D8559,2025-10-20 21:19:51.04274,1346.875,1,completed,2025-10-20 00:00:00,2025-10-20 21:19:51.042738,2025-10-20 21:19:51.058433,Person 7D85D3BD,555-0115,,,,job,,,false,,0
6055-L-10,6055,landscape,Company A71C01F2,2025-10-22 20:57:14.632946,780,1,completed,2025-10-22 00:00:00,2025-10-22 20:57:14.632944,2025-10-22 20:57:56.309072,Person 4E789DCD,555-0176,,,,job,,,false,,0
6055-L-11,6055,landscape,Company 5513C1E9,2025-10-29 21:44:06.630721,2700,3,completed,2025-10-31 00:00:00,2025-10-29 21:46:15.139142,2025-10-29 21:46:29.181038,Person 7D85D3BD,555-0186,,,,job,,,false,,0
6055-L-12,6055,landscape,Company 85C03ADA,2025-10-31 20:57:07.275593,19982.5,22,completed,2025-11-04 00:00:00,2025-10-31 21:19:33.879392,2025-10-31 21:21:18.417785,Person 7D85D3BD,555-0186,,,,job,,,false,,0
6055-L-13,6055,landscape,Company 99AC62BC,2025-10-31 20:57:07.275593,1792.96,5,completed,2025-11-04 00:00:00,2025-10-31 21:19:34.027653,2025-10-31 21:19:34.047626,Person 7D85D3BD,555-0186,,,,job,,,false,,0
6055-L-14,6055,landscape,Company B548E4AD,2025-10-31 20:57:07.275593,1754.17,2,completed,2025-11-04 00:00:00,2025-10-31 21:19:34.137571,2025-10-31 21:19:34.149078,Person 7D85D3BD,555-0186,,,,job,,,false,,0
6055-L-15,6055,landscape,Company B47AEED3,2025-10-31 20:57:07.275593,636.8025,3,completed,2025-11-04 00:00:00,2025-10-31 21:19:34.231008,2025-10-31 21:19:34.248899,Person 7D85D3BD,555-0186,,,,job,,,false,,0
6055-L-16,6055,landscape,Company 724579F1,2025-10-31 20:57:07.275593,7327,4,completed,2025-11-04 00:00:00,2025-10-31 21:19:34.328691,2025-10-31 21:19:34.340399,Person 7D85D3BD,555-0186,,,,job,,,false,,0
6055-L-17,6055,landscape,Company 85C03ADA,2025-11-04 20:56:14.732514,1074.3,3,completed,2025-11-06 00:00:00,2025-11-04 21:00:00.212406,2025-11-04 21:05:17.141963,Person 7D85D3BD,555-0186,,,,job,,,false,,0
6055-L-18,6055,landscape,Company D35E67B5,2025-11-07 16:26:02.556756,390.4,1,completed,2025-11-07 00:00:00,2025-11-07 16:26:48.008069,2025-11-07 16:27:45.010791,Person 7D85D3BD,555-0186,,,,job,,,false,,0
6055-L-19,6055,landscape,Company 725B3DA8,2025-11-10 16:57:07.176482,520,1,completed,2025-11-11 00:00:00,2025-11-10 16:59:00.024333,2025-11-10 17:01:21.467023,Person 7D85D3BD,555-0175,,,,job,,,false,,0
6055-L-2,6055,landscape,Company 56FF451C,2025-10-20 21:21:36.365089,4283.0625,1,completed,2025-10-20 00:00:00,2025-10-20 21:21:36.365087,2025-10-20 21:21:36.387753,Person 7D85D3BD,555-0115,,,,will_call,,,false,,0
6055-L-20,6055,landscape,Company B47AEED3,2025-11-11 16:58:52.744246,45,1,completed,2025-11-12 00:00:00,2025-11-11 16:59:27.532608,2025-11-11 16:59:35.51708,,,,,,will_call,,,false,,0
6055-L-21,6055,landscape,Company 522D8F95,2025-11-11 18:10:30.111314,2698.79,2,completed,2025-11-26 00:00:00,2025-11-11 18:14:54.344637,2025-11-11 18:15:00.101047,,,,,,yard,,,false,,0
6055-L-22,6055,landscape,Company 2F610CBC,2025-11-12 16:13:33.732457,132.317,1,completed,2025-11-13 00:00:00,2025-11-12 19:05:24.375206,2025-11-12 19:05:24.392719,,,,,,job,,,false,,0
6055-L-23,6055,landscape,Company B47AEED3,2025-11-18 16:22:28.078311,628.1825,3,completed,2025-11-19 00:00:00,2025-11-18 17:20:26.256648,2025-11-18 17:20:26.397556,Person 4E789DCD,,,,,yard,,,false,,0
6055-L-24,6055,landscape,Company FA7B954D,2025-11-19 16:38:05.455052,1566,1,completed,2025-11-26 00:00:00,2025-11-19 16:39:13.03819,2025-11-19 16:39:23.940223,Person 893D6B8A,555-0186,,,,job,,,false,,0
6055-L-25,6055,landscape,Company 0FFBF6D9,2025-11-19 22:58:29.255739,1012,2,completed,2025-11-20 00:00:00,2025-11-19 23:00:52.961552,2025-11-19 23:00:53.01027,Person 4E789DCD,555-0176,,,,yard,,,false,,0
6055-L-26,6055,landscape,Company 93078B9A,2025-11-20 19:13:46.459564,320,4,completed,2025-11-21 00:00:00,2025-11-20 19:16:58.955798,2025-11-20 19:26:21.24939,Person 893D6B8A,555-0111,,,,yard,,,false,,0
6055-L-27,6055,landscape,Company FA7B954D,2025-11-20 21:56:54.668043,956.82,1,completed,2025-12-04 00:00:00,2025-11-20 22:00:31.806298,2025-11-20 22:00:31.845985,Person 7D85D3BD,555-0186,,,,job,,,false,,0
6055-L-28,6055,landscape,Company B47AEED3,2025-11-21 15:44:42.476353,195,1,completed,2025-11-21 00:00:00,2025-11-21 15:45:08.151599,2025-11-21 15:45:17.913628,Person 4E789DCD,555-0176,,,,will_call,,,false,,0
6055-L-29,6055,landscape,Company B1347A9D,2025-12-03 21:49:15.177108,507.5,1,completed,2025-12-04 00:00:00,2025-12-03 21:49:41.671645,2025-12-03 21:49:51.152036,Person 4E789DCD,555-0176,,,,will_call,,,false,,0
6055-L-3,6055,landscape,Company 7158A058,2025-10-17 16:17:01.936545,171.3225,1,completed,2025-10-20 00:00:00,2025-10-17 16:17:01.936544,2025-10-17 16:17:01.979596,Person 7D85D3BD,555-0115,,,,job,,,false,,0
6055-L-30,6055,landscape,Company E52B4B11,2025-12-04 19:41:44.817019,330,1,completed,2025-11-19 00:00:00,2025-12-04 19:42:32.365729,2025-12-04 19:43:28.689143,,,,,,will_call,,,false,,0
6055-L-31,6055,landscape,Company 09434731,2025-12-23 17:15:16.643611,169,2,completed,2025-12-23 00:00:00,2025-12-23 17:16:36.374469,2025-12-23 17:17:19.77245,Person 4E789DCD,,,,,will_call,,,false,,0
6055-L-32,6055,landscape,Company B47AEED3,2026-02-03 15:21:04.344946,56.56875,1,completed,2026-02-03 00:00:00,2026-02-03 15:21:25.074337,2026-02-03 15:21:25.086264,,,,,,will_call,,,false,,0
6055-L-33,6055,landscape,Company 09434731,2026-02-03 16:23:20.468557,64.65,1,completed,2026-02-03 00:00:00,2026-02-03 16:41:29.999951,2026-02-03 16:41:30.012383,Person 38FA9B9B,,,,,will_call,,,false,,0
6055-L-34,6055,landscape,Company 7FC335AE,2026-02-17 15:08:24.379739,4008.3,1,completed,2026-04-30 00:00:00,2026-04-29 14:53:13.599156,2026-04-29 14:53:13.611082,Person 9044842F,555-0176,,,,job,,,false,,0
6055-L-35,6055,landscape,,2026-07-20 15:14:28.616381,0,0,in_progress,,,2026-07-20 15:14:28.617019,,,,,,job,,,false,,0
6055-L-4,6055,landscape,Company 85C03ADA,2025-10-17 16:25:09.331753,9195.64485,7,completed,2025-10-20 00:00:00,2025-10-17 16:29:28.142621,2025-10-17 16:31:55.034609,Person 7D85D3BD,555-0186,,,,job,,,false,,0
6055-L-5,6055,landscape,Company 7FC335AE,2025-10-17 16:29:28.250915,3717.375,3,completed,2025-10-20 00:00:00,2025-10-17 16:29:28.250913,2025-10-17 16:29:28.262989,Person 7D85D3BD,555-0186,,,,job,,,false,,0
6055-L-6,6055,landscape,Company 5513C1E9,2025-10-17 16:29:28.371891,3728.15,2,completed,2025-10-20 00:00:00,2025-10-17 16:29:28.371889,2025-10-17 16:29:28.41141,Person 7D85D3BD,555-0186,,,,job,,,false,,0
6055-L-7,6055,landscape,Company D35E67B5,2025-10-17 17:20:55.180601,2650.65,2,completed,2025-10-18 00:00:00,2025-11-04 18:07:14.462276,2025-11-04 18:07:14.541947,,,,,,job,,,false,,0
6055-L-8,6055,landscape,Company 6C625DAA,2025-10-20 21:30:22.819954,3537.65,2,completed,2025-10-21 00:00:00,2025-10-23 17:59:56.234693,2025-10-23 17:59:56.265558,Person 847C86C2,,,,,yard,,,false,,0
6055-L-9,6055,landscape,Company 2F610CBC,2025-10-22 17:22:17.618427,271.96,3,completed,2025-10-22 00:00:00,2025-10-22 17:22:17.618425,2025-10-22 17:22:43.055012,Person 3D169557,555-0186,,,,job,,,false,,0
6056-D-1,6056,drains,,2026-04-20 20:48:47.591945,0,0,in_progress,,,2026-04-20 20:48:47.592838,,,,,,job,,,false,,0
6056-I-1,6056,irrigation,Company 2F610CBC,2026-04-03 14:28:30.695358,2136.82875,38,completed,2026-04-03 00:00:00,2026-04-21 22:52:01.598162,2026-04-21 22:52:01.628832,,,,,,yard,,,false,,0
6056-I-2,6056,irrigation,Company A7FE94E8,2026-05-05 16:49:19.877548,5733.84375,7,completed,2026-05-06 00:00:00,2026-05-05 16:53:45.744452,2026-05-05 16:53:45.757535,Person 9044842F,,,,,yard,,,false,,0
6056-L-1,6056,landscape,Company 9B531276,2025-11-07 03:26:36.724056,5905.11,3,completed,2025-12-31 00:00:00,2025-11-07 03:26:37.12529,2025-11-07 03:26:37.194617,Person FAB920E7,555-0125,,,,yard,,,false,,0
6056-L-10,6056,landscape,Company 85C03ADA,2026-04-14 20:55:40.48357,880.875,1,completed,2026-04-21 00:00:00,2026-04-17 21:49:06.251375,2026-04-17 21:49:06.262027,Person 9044842F,555-0176,,,,job,,,false,,0
6056-L-11,6056,landscape,Company F66D8559,2026-04-14 20:55:40.48357,884.0625,2,completed,2026-04-21 00:00:00,2026-04-17 21:49:06.298154,2026-04-17 21:49:06.305068,Person 9044842F,555-0176,,,,job,,,false,,0
6056-L-12,6056,landscape,Company DE14B8EC,2026-04-14 20:55:40.48357,1237.5,2,deleted,2026-04-21 00:00:00,2026-04-20 15:19:12.538799,2026-04-21 21:44:23.449276,Person 9044842F,555-0176,,,2026-04-21 21:44:23.44269,job,,,false,,0
6056-L-13,6056,landscape,Company B47AEED3,2026-04-21 16:23:38.37842,2758.44375,1,completed,2026-04-23 00:00:00,2026-04-21 17:29:11.967261,2026-04-21 17:29:11.97641,Person B93A0D4E,,,,,job,,,false,,0
6056-L-14,6056,landscape,Company DE14B8EC,2026-04-21 17:37:57.053416,234.9,1,completed,2026-04-25 00:00:00,2026-04-24 16:37:23.777996,2026-04-24 16:37:23.791444,Person B93A0D4E,,,,,job,,,false,,0
6056-L-15,6056,landscape,Company DC9A38AE,2026-05-01 19:15:16.59438,788.4375,2,completed,2026-08-17 00:00:00,2026-08-14 20:03:04.950071,2026-08-14 20:03:04.961655,Person 4E789DCD,555-0109,,,,job,,,false,,0
6056-L-16,6056,landscape,Company 99AC62BC,2026-09-01 22:32:41.23992,537.225,1,completed,2026-09-03 00:00:00,2026-09-02 17:24:16.368721,2026-09-02 17:24:16.377278,Person 9044842F,,,,,yard,,,false,,0
6056-L-2,6056,landscape,Company DC7E4480,2025-11-07 03:12:28.875223,13706,3,completed,2025-12-31 00:00:00,2025-11-07 03:24:29.054044,2025-11-07 03:24:29.073973,Person FAB920E7,555-0125,,,,yard,,,false,,0
6056-L-3,6056,landscape,Company 2F610CBC,2026-04-03 21:13:18.149662,781.5155625,3,completed,2026-04-03 00:00:00,2026-04-06 16:57:36.757855,2026-04-06 16:57:36.774391,,,,,,yard,,,false,,0
6056-L-4,6056,landscape,Company E4A3BEFC,2026-04-06 14:57:34.350077,3100,1,deleted,2026-04-15 00:00:00,2026-04-10 14:39:50.044632,2026-04-21 21:44:07.967043,Person 9044842F,555-0176,,,2026-04-21 21:44:07.959497,job,,,false,,0
6056-L-5,6056,landscape,Company B47AEED3,2026-04-10 18:50:22.890269,4003.0875,3,completed,2026-04-23 00:00:00,2026-04-21 16:29:23.423958,2026-04-21 16:29:23.436634,Person B93A0D4E,555-0114,,,,job,,,false,,0
6056-L-6,6056,landscape,Company 5513C1E9,2026-04-10 18:50:22.890269,2414.25,1,completed,2026-04-21 00:00:00,2026-04-17 21:45:49.942472,2026-04-17 21:45:49.957032,Person 9044842F,555-0176,,,,job,,,false,,0
6056-L-7,6056,landscape,Company F6DB773A,2026-04-10 18:50:22.890269,424.125,1,completed,2026-04-23 00:00:00,2026-04-21 16:26:40.413007,2026-04-21 16:26:40.423856,,,,,,will_call,,,false,,0
6056-L-8,6056,landscape,Company 724579F1,2026-04-10 21:48:33.666911,844.5875,2,completed,2026-04-17 00:00:00,2026-04-10 21:50:29.429294,2026-04-10 21:50:29.44244,Person 9044842F,555-0176,,,,job,,,false,,0
6056-L-9,6056,landscape,Company EB07253F,2026-04-14 14:41:32.843563,902.5,2,completed,2026-04-15 00:00:00,2026-04-14 14:46:24.700322,2026-04-14 14:46:24.711659,Person 9044842F,555-0176,,,,job,,,false,,0
6056-M-1,6056,maintenance,Company 2F610CBC,2026-05-28 15:59:16.253649,30.6675,1,completed,2026-05-28 00:00:00,2026-05-28 15:59:28.24353,2026-05-28 15:59:28.263363,,,,,,yard,,,false,,0
6056-S-1,6056,subcontract,,2026-05-01 19:17:35.192722,0,0,in_progress,,,2026-05-01 19:17:35.193525,,,,,,job,,,false,,0
6057-D-1,6057,drains,Company D35E67B5,2025-11-26 20:59:26.138454,1271.76,12,completed,2025-12-01 00:00:00,2025-11-26 21:08:10.45582,2025-11-26 21:08:22.56985,,,,,,job,,,false,,0
6057-D-10,6057,drains,Company 2F610CBC,2026-07-16 18:33:19.504085,397.22025,5,completed,2026-07-22 00:00:00,2026-07-22 14:09:37.298884,2026-07-22 14:09:37.310218,Person 38FA9B9B,555-0165,,,,job,,,false,,0
6057-D-11,6057,drains,Company D35E67B5,2026-07-22 16:35:49.985806,73.895625,1,completed,2026-07-22 00:00:00,2026-07-22 17:25:57.469308,2026-07-22 17:25:57.478969,Person 4E789DCD,555-0109,,,,job,,,false,,0
6057-D-12,6057,drains,Company D35E67B5,2026-07-27 14:20:32.642839,360.712875,1,completed,2026-07-28 00:00:00,2026-07-27 15:56:38.011067,2026-07-27 15:56:38.022854,Person 38FA9B9B,555-0165,,,,job,,,false,,0
6057-D-13,6057,drains,Company 2F610CBC,2026-07-27 14:43:49.538139,1165.419375,5,completed,2026-07-27 00:00:00,2026-07-27 15:30:03.535476,2026-07-27 15:30:03.556871,,,,,,yard,,,false,,0
6057-D-14,6057,drains,Company D35E67B5,2026-07-27 20:27:39.439979,43.989375,1,completed,2026-07-29 00:00:00,2026-07-29 16:37:05.418399,2026-07-29 16:37:05.43598,Person 38FA9B9B,555-0165,,,,job,,,false,,0
6057-D-15,6057,drains,Company 2F610CBC,2026-08-07 18:07:16.757812,3118.1398125,14,completed,2026-08-13 00:00:00,2026-08-08 17:24:43.133185,2026-08-08 17:24:43.155701,Person 1B9E000C,555-0101,,,,job,,,false,,0
6057-D-16,6057,drains,Company 2F610CBC,2026-09-09 17:30:39.717,987.45,1,completed,2026-09-09 00:00:00,2026-09-09 18:31:33.572191,2026-09-09 18:31:33.583553,Person 4E789DCD,555-0109,,,,job,,,false,,0
6057-D-2,6057,drains,Company 2F610CBC,2025-12-19 15:49:56.510135,1083.38,4,completed,2025-12-19 00:00:00,2025-12-19 15:54:21.851406,2025-12-19 15:54:44.269872,Person E2E977EE,555-0165,,,,job,,,false,,0
6057-D-3,6057,drains,Company 2F610CBC,2026-01-05 15:12:12.949246,294.495,1,completed,2026-01-05 00:00:00,2026-01-08 18:16:11.798927,2026-01-08 18:16:11.82648,,,,,,job,,,false,,0
6057-D-4,6057,drains,Company D35E67B5,2026-04-08 15:07:08.815761,23.783625,1,completed,2026-04-08 00:00:00,2026-04-08 16:20:47.932176,2026-04-08 16:20:47.944791,,,,,,job,,,false,,0
6057-D-5,6057,drains,Company 2F610CBC,2026-06-11 18:22:06.476852,4366.24725,23,completed,2026-06-15 00:00:00,2026-06-12 21:08:23.718067,2026-06-12 21:08:23.742429,Person 1B9E000C,555-0101,,,,job,,,false,,0
6057-D-6,6057,drains,Company 2F610CBC,2026-06-15 18:33:06.341746,763.544625,4,completed,2026-06-15 00:00:00,2026-06-15 20:05:42.789691,2026-06-15 20:05:42.802333,Person 1B9E000C,555-0101,,,,job,,,false,,0
6057-D-7,6057,drains,Company D35E67B5,2026-06-17 15:29:37.055817,308.839125,3,completed,2026-06-18 00:00:00,2026-06-17 15:31:58.74416,2026-06-17 15:31:58.760325,Person 7260BABF,,,,,will_call,,,false,,0
6057-D-8,6057,drains,Company 2F610CBC,2026-06-17 16:50:18.864319,875.510145,6,completed,2026-07-15 00:00:00,2026-07-15 15:08:51.859682,2026-07-15 15:08:51.873847,Person 38FA9B9B,555-0165,,,,job,,,false,,0
6057-D-9,6057,drains,Company 2F610CBC,2026-07-16 16:02:04.231737,151.70625,1,completed,2026-07-16 00:00:00,2026-07-16 16:51:17.357853,2026-07-16 16:51:17.3686,Person B93A0D4E,555-0114,,,,job,,,false,,0
6057-I-1,6057,irrigation,Company D35E67B5,2025-11-24 16:29:13.992767,5313.579375,4,completed,2025-11-25 00:00:00,2025-12-19 18:36:34.144766,2025-12-19 18:36:34.174148,,,,,,job,,,false,,0
6057-I-10,6057,irrigation,Company 2F610CBC,2025-12-12 22:16:34.542587,1252,2,completed,2025-12-15 00:00:00,2025-12-12 22:17:32.150024,2025-12-12 22:17:36.470927,Person 63C78BB9,555-0153,,,,job,,,false,,0
6057-I-11,6057,irrigation,Company 2F610CBC,2025-12-16 19:11:15.788062,4751.48325,13,completed,2025-12-17 00:00:00,2025-12-16 19:21:45.978121,2025-12-16 19:21:46.013699,Person 9797BB7E,555-0158,,,,job,,,false,,0
6057-I-12,6057,irrigation,Company C82B1E5C,2025-12-17 16:52:51.120545,434,7,completed,2025-12-18 00:00:00,2025-12-17 17:03:27.261043,2025-12-17 17:03:44.738063,,,,,,job,,,false,,0
6057-I-13,6057,irrigation,Company 2F610CBC,2025-12-18 16:46:52.046564,363.975375,2,completed,2025-12-18 00:00:00,2025-12-18 18:08:08.623894,2025-12-18 18:08:08.652052,Person E43C1B69,555-0123,,,,job,,,false,,0
6057-I-14,6057,irrigation,Company D35E67B5,2025-12-19 15:19:32.681581,11119.14375,4,completed,2025-12-20 00:00:00,2025-12-19 20:00:44.986193,2025-12-19 20:00:45.010523,,,,,,yard,,,false,,0
6057-I-15,6057,irrigation,Company 2F610CBC,2025-12-22 15:09:48.323761,498.31425,7,completed,2025-12-22 00:00:00,2025-12-22 15:21:42.283319,2025-12-22 15:21:42.305419,,,,,,job,,,false,,0
6057-I-16,6057,irrigation,Company 2F610CBC,2025-12-23 15:25:28.680689,12690.8814,39,completed,2025-12-24 00:00:00,2026-09-02 14:39:09.766464,2026-09-02 14:39:09.797022,,,,,,yard,,,false,,0
6057-I-17,6057,irrigation,Company D35E67B5,2025-12-23 22:11:24.345299,40,1,completed,2025-12-23 00:00:00,2025-12-23 22:11:53.450123,2025-12-23 22:12:43.827259,Person 63C78BB9,,,,,yard,,,false,,0
6057-I-18,6057,irrigation,Company 2F610CBC,2025-12-29 15:04:31.33037,97.9185,2,completed,2025-12-30 00:00:00,2025-12-30 16:31:06.618604,2025-12-30 16:31:06.643494,,,,,,yard,,,false,,0
6057-I-19,6057,irrigation,Company A47A2876,2025-12-30 21:31:36.80491,175,1,completed,2025-12-30 00:00:00,2025-12-30 21:32:42.610303,2025-12-30 21:32:56.713666,,,,,,job,,,false,,0
6057-I-2,6057,irrigation,Company D35E67B5,2025-11-24 16:41:27.313383,7555.08,4,completed,2025-11-25 00:00:00,2026-05-21 22:21:35.045009,2026-05-21 22:21:35.063635,,,,,,yard,,,false,,0
6057-I-20,6057,irrigation,Company 2F610CBC,2026-01-05 15:19:33.813206,315,4,completed,2026-01-05 00:00:00,2026-01-05 15:24:03.855168,2026-01-05 15:31:30.979502,,,,,,job,,,false,,0
6057-I-21,6057,irrigation,Company 2F610CBC,2026-01-06 14:57:58.742708,703.4896125,5,completed,2026-01-07 00:00:00,2026-01-06 19:02:13.225436,2026-01-06 19:02:13.384734,,,,,,will_call,,,false,,0
6057-I-22,6057,irrigation,Company 2F610CBC,2026-01-07 17:58:15.742465,432,2,completed,2026-01-08 00:00:00,2026-01-07 18:08:31.167309,2026-01-07 18:12:16.743543,Person 1CAC5ACA,555-0130,,,,job,,,false,,0
6057-I-23,6057,irrigation,Company 2F610CBC,2026-01-07 22:20:42.593859,1112.75,2,completed,2026-01-07 00:00:00,2026-01-07 22:22:30.977499,2026-01-07 22:22:52.662763,,,,,,job,,,false,,0
6057-I-24,6057,irrigation,Company D35E67B5,2026-01-07 22:20:42.593859,1209.3,1,completed,2026-01-07 00:00:00,2026-01-07 22:22:31.593527,2026-01-07 22:22:31.661978,,,,,,job,,,false,,0
6057-I-25,6057,irrigation,Company D35E67B5,2026-01-07 22:37:36.374883,1110,1,completed,2026-01-07 00:00:00,2026-01-07 22:38:08.016238,2026-01-07 22:38:41.08171,,,,,,yard,,,false,,0
6057-I-26,6057,irrigation,Company 2F610CBC,2026-01-08 17:36:36.012414,1723.5135,1,completed,2026-01-09 00:00:00,2026-01-08 17:39:27.713934,2026-01-08 17:39:27.761223,,,,,,yard,,,false,,0
6057-I-27,6057,irrigation,Company 2F610CBC,2026-01-09 15:16:17.031697,166,3,completed,2026-01-10 00:00:00,2026-01-09 15:17:57.873967,2026-01-09 15:18:52.575221,,,,,,yard,,,false,,0
6057-I-28,6057,irrigation,Company 2F610CBC,2026-01-12 15:22:17.17422,281.88,1,completed,2026-01-13 00:00:00,2026-01-12 16:45:45.838891,2026-01-12 16:45:45.871618,,,,,,job,,,false,,0
6057-I-29,6057,irrigation,Company 2F610CBC,2026-01-13 15:31:55.818509,4148.273,13,completed,2026-01-14 00:00:00,2026-01-13 16:10:20.267552,2026-01-13 16:10:37.993298,,,,,,yard,,,false,,0
6057-I-3,6057,irrigation,Company 2F610CBC,2025-11-26 16:00:47.166747,3750.24375,16,completed,2025-12-01 00:00:00,2025-12-01 17:25:29.941593,2025-12-01 17:25:30.024542,Person 1CAC5ACA,555-0130,,,,job,,,false,,0
6057-I-30,6057,irrigation,Company 2F610CBC,2026-01-13 16:56:20.75208,176.4,1,completed,2026-01-14 00:00:00,2026-01-13 16:56:55.86096,2026-01-13 16:58:57.301912,,,,,,yard,,,false,,0
6057-I-31,6057,irrigation,Company 2F610CBC,2026-01-14 15:09:50.971044,167.086,1,completed,2026-01-15 00:00:00,2026-01-14 15:10:08.479607,2026-01-14 15:11:09.338426,,,,,,yard,,,false,,0
6057-I-32,6057,irrigation,Company 2F610CBC,2026-01-15 15:38:59.766773,54.375,1,completed,2026-01-16 00:00:00,2026-01-15 18:29:14.434561,2026-01-15 18:29:14.446729,Person 1CAC5ACA,555-0130,,,,job,,,false,,0
6057-I-33,6057,irrigation,Company 2F610CBC,2026-01-19 15:31:13.673042,9014.0961,9,completed,2026-01-20 00:00:00,2026-01-21 18:37:55.819599,2026-01-21 18:37:55.836217,,,,,,yard,,,false,,0
6057-I-34,6057,irrigation,Company 2F610CBC,2026-01-20 15:11:37.725002,210,3,completed,2026-01-20 00:00:00,2026-01-20 15:18:39.470659,2026-01-20 15:19:05.645303,,,,,,yard,,,false,,0
6057-I-35,6057,irrigation,Company 2F610CBC,2026-01-23 16:40:29.030088,858.72,7,completed,2026-01-24 00:00:00,2026-01-23 16:46:03.847243,2026-01-23 16:49:31.50578,,,,,,yard,,,false,,0
6057-I-36,6057,irrigation,Company D35E67B5,2026-01-29 17:06:42.962388,81.52,1,completed,2026-01-30 00:00:00,2026-01-29 17:07:07.240347,2026-01-29 17:07:34.362837,,,,,,will_call,,,false,,0
6057-I-37,6057,irrigation,Company D35E67B5,2026-02-02 19:04:18.856138,1053.048,1,completed,2026-02-02 00:00:00,2026-02-02 22:20:07.603702,2026-02-02 22:20:07.61754,Person C6FE02A5,,,,,will_call,,,false,,0
6057-I-38,6057,irrigation,Company D35E67B5,2026-02-10 15:05:55.71257,2503.066125,2,completed,2026-02-11 00:00:00,2026-02-10 15:07:06.475991,2026-02-10 15:07:06.568725,,,,,,yard,,,false,,0
6057-I-39,6057,irrigation,Company 2F610CBC,2026-02-11 15:42:11.15156,5208.887925,11,completed,2026-02-11 00:00:00,2026-02-11 17:47:56.962743,2026-02-11 17:47:56.982042,,,,,,yard,,,false,,0
6057-I-4,6057,irrigation,Company 2F610CBC,2025-12-02 15:26:18.369367,15820.243125,41,completed,2025-12-04 00:00:00,2026-03-19 16:11:35.236429,2026-03-19 16:11:35.277924,,,,,,yard,,,false,,0
6057-I-40,6057,irrigation,Company A47A2876,2026-02-17 18:44:45.892349,85,1,completed,2026-02-18 00:00:00,2026-02-17 19:10:19.749395,2026-02-17 19:10:19.893727,Person 63C78BB9,555-0130,,,,job,,,false,,0
6057-I-41,6057,irrigation,Company 2F610CBC,2026-03-16 17:07:11.163918,3522.21675,2,completed,2026-03-17 00:00:00,2026-03-16 20:48:11.699431,2026-03-16 20:48:11.711166,Person 63C78BB9,555-0130,,,,job,,,false,,0
6057-I-42,6057,irrigation,Company 2F610CBC,2026-03-18 14:19:23.892248,1097.7225,5,completed,2026-03-18 00:00:00,2026-03-18 17:19:41.201393,2026-03-18 17:19:41.216827,Person 63C78BB9,555-0130,,,,job,,,false,,0
6057-I-43,6057,irrigation,Company 2F610CBC,2026-03-19 18:29:33.576447,365.7730125,3,completed,2026-03-19 00:00:00,2026-04-01 23:16:27.763726,2026-04-01 23:16:27.777173,,,,,,yard,,,false,,0
6057-I-44,6057,irrigation,Company 2F610CBC,2026-03-24 14:49:49.896469,86.89125,2,completed,2026-03-24 00:00:00,2026-03-24 14:50:14.575769,2026-03-24 14:50:14.587644,,,,,,yard,,,false,,0
6057-I-45,6057,irrigation,Company 2F610CBC,2026-03-26 15:43:00.760767,103.095,1,completed,2026-03-27 00:00:00,2026-03-26 15:43:03.684705,2026-03-26 15:43:03.699424,,,,,,yard,,,false,,0
6057-I-46,6057,irrigation,Company 2F610CBC,2026-03-31 14:22:00.245202,98.403525,1,completed,2026-03-31 00:00:00,2026-03-31 14:57:58.225593,2026-03-31 14:57:58.23596,,,,,,yard,,,false,,0
6057-I-47,6057,irrigation,Company 2F610CBC,2026-04-07 15:55:11.404486,394.89735,10,completed,2026-04-08 00:00:00,2026-04-07 18:06:19.404645,2026-04-07 18:06:19.420273,,,,,,yard,,,false,,0
6057-I-48,6057,irrigation,Company 2F610CBC,2026-04-29 15:06:52.36915,233.7657375,4,completed,2026-04-29 00:00:00,2026-04-29 21:05:34.646094,2026-04-29 21:05:34.659154,,,,,,yard,,,false,,0
6057-I-49,6057,irrigation,Company 2F610CBC,2026-05-21 17:35:17.242804,6230.43975,23,completed,2026-06-18 00:00:00,2026-06-17 21:15:43.049686,2026-06-17 21:15:43.067707,Person 63C78BB9,555-0130,,,,job,,,false,,0
6057-I-5,6057,irrigation,Company 2F610CBC,2025-12-03 17:19:50.151457,3707.668125,17,completed,2025-12-04 00:00:00,2025-12-03 19:11:51.660472,2025-12-03 19:11:51.720572,Person FDC99024,555-0130,,,,job,,,false,,0
6057-I-50,6057,irrigation,Company 2F610CBC,2026-06-17 17:49:05.051863,291.12375,2,completed,2026-06-24 00:00:00,2026-06-23 15:27:39.37009,2026-06-23 15:27:39.381953,Person 63C78BB9,555-0130,,,,job,,,false,,0
6057-I-51,6057,irrigation,Company 2F610CBC,2026-06-24 17:57:08.771006,323.64,2,completed,2026-06-24 00:00:00,2026-06-24 17:58:15.705766,2026-06-24 17:58:15.715966,Person 63C78BB9,555-0130,,,,job,,,false,,0
6057-I-52,6057,irrigation,Company 2F610CBC,2026-06-26 15:59:04.539338,13374.0652125,32,completed,2026-06-27 00:00:00,2026-06-26 20:24:40.691881,2026-06-26 20:24:40.717932,,,,,,job,,,false,,0
6057-I-53,6057,irrigation,Company 2F610CBC,2026-07-06 15:54:14.723994,78.3,1,completed,2026-07-06 00:00:00,2026-07-06 16:10:02.774719,2026-07-06 16:10:02.809729,,,,,,yard,,,false,,0
6057-I-54,6057,irrigation,Company 2F610CBC,2026-07-13 14:50:24.21331,238.74975,5,completed,2026-07-13 00:00:00,2026-07-13 15:47:23.297815,2026-07-13 15:47:23.309037,Person 63C78BB9,555-0130,,,,job,,,false,,0
6057-I-55,6057,irrigation,Company 2F610CBC,2026-07-14 17:09:33.191445,226.2,3,completed,2026-07-14 00:00:00,2026-07-14 17:34:52.161979,2026-07-14 17:34:52.173408,Person 63C78BB9,555-0130,,,,job,,,false,,0
6057-I-56,6057,irrigation,Company 2F610CBC,2026-07-15 14:32:53.218731,261.174,2,completed,2026-07-16 00:00:00,2026-07-16 16:00:39.118564,2026-07-16 16:00:39.132422,Person C6FE02A5,555-0153,,,,job,,,false,,0
6057-I-57,6057,irrigation,Company 2F610CBC,2026-07-16 18:43:13.494134,156.165,2,completed,2026-07-17 00:00:00,2026-07-17 15:26:46.470764,2026-07-17 15:26:46.484736,,,,,,yard,,,false,,0
6057-I-58,6057,irrigation,Company 2F610CBC,2026-07-17 20:46:26.791017,306.9740625,5,completed,2026-07-21 00:00:00,2026-07-21 16:12:02.737202,2026-07-21 16:12:02.752937,Person 8E9BA142,555-0191,,,,job,,,false,,0
6057-I-59,6057,irrigation,Company 2F610CBC,2026-07-22 14:08:42.733172,493.561875,4,completed,2026-07-22 00:00:00,2026-07-23 16:46:18.57026,2026-07-23 16:46:18.584159,,,,,,yard,,,false,,0
6057-I-6,6057,irrigation,Company 2F610CBC,2025-12-04 15:31:13.688953,179.4,1,completed,2025-12-05 00:00:00,2025-12-04 15:34:00.709756,2025-12-04 15:34:43.713831,Person 63C78BB9,555-0130,,,,job,,,false,,0
6057-I-60,6057,irrigation,Company 2F610CBC,2026-07-22 18:41:28.048805,41.12925,1,completed,2026-07-22 00:00:00,2026-07-22 20:06:18.247358,2026-07-22 20:06:18.258235,,,,,,yard,,,false,,0
6057-I-61,6057,irrigation,Company 2F610CBC,2026-07-23 15:53:53.464777,6115.056,3,completed,2026-07-24 00:00:00,2026-07-23 16:39:47.292793,2026-07-23 16:39:47.305016,Person 63C78BB9,,,,,will_call,,,false,,0
6057-I-62,6057,irrigation,Company D35E67B5,2026-07-22 14:08:42.733172,1732.17,1,completed,2026-07-22 00:00:00,2026-07-23 16:46:18.620165,2026-07-23 16:46:18.625805,,,,,,yard,,,false,,0
6057-I-63,6057,irrigation,Company 2F610CBC,2026-07-24 15:11:44.547689,402.3315,6,completed,2026-07-24 00:00:00,2026-07-24 16:06:58.843212,2026-07-24 16:06:58.85609,,,,,,yard,,,false,,0
6057-I-64,6057,irrigation,Company D35E67B5,2026-07-27 14:18:46.677377,846.9885,4,completed,2026-07-27 00:00:00,2026-07-27 21:33:05.694276,2026-07-27 21:33:05.715188,Person 63C78BB9,,,,,will_call,,,false,,0
6057-I-65,6057,irrigation,Company D35E67B5,2026-07-27 14:18:46.677377,1432.34625,4,deleted,2026-07-27 00:00:00,2026-07-27 21:27:06.811522,2026-07-27 21:32:35.044604,Person 63C78BB9,,,,2026-07-27 21:32:35.039796,will_call,,,false,,0
6057-I-66,6057,irrigation,Company D35E67B5,2026-07-27 14:18:46.677377,1432.34625,4,deleted,2026-07-27 00:00:00,2026-07-27 21:29:46.282399,2026-07-27 21:30:27.045086,Person 63C78BB9,,,,2026-07-27 21:30:27.038693,will_call,,,false,,0
6057-I-67,6057,irrigation,Company D35E67B5,2026-07-28 14:22:32.428804,2099.8929,11,completed,2026-07-28 00:00:00,2026-07-28 14:46:31.085148,2026-07-28 14:46:31.101689,Person 8E9BA142,555-0191,,,,job,,,false,,0
6057-I-68,6057,irrigation,Company 2F610CBC,2026-07-29 14:18:42.784739,264.89325,4,completed,2026-07-29 00:00:00,2026-07-29 17:20:37.087981,2026-07-29 17:20:37.101783,,,,,,yard,,,false,,0
6057-I-69,6057,irrigation,Company 2F610CBC,2026-07-31 14:12:34.629816,5108.520375,13,completed,2026-07-31 00:00:00,2026-07-31 18:22:49.469193,2026-07-31 18:22:49.485895,Person 63C78BB9,555-0130,,,,job,,,false,,0
6057-I-7,6057,irrigation,Company 2F610CBC,2025-12-08 15:31:58.375537,229.5,4,completed,2025-12-08 00:00:00,2025-12-08 15:34:46.596562,2025-12-08 15:37:03.613168,Person 1CAC5ACA,555-0153,,,,job,,,false,,0
6057-I-70,6057,irrigation,Company 2F610CBC,2026-08-03 14:40:18.000531,750.17925,5,completed,2026-08-04 00:00:00,2026-08-03 15:03:47.580059,2026-08-03 15:03:47.601428,Person 8E9BA142,555-0191,,,,job,,,false,,0
6057-I-71,6057,irrigation,Company 2F610CBC,2026-08-04 17:13:57.654991,78.561,1,completed,2026-08-04 00:00:00,2026-08-04 17:52:22.192525,2026-08-04 17:52:22.203101,,,,,,yard,,,false,,0
6057-I-72,6057,irrigation,Company 2F610CBC,2026-08-06 14:34:09.857363,261,1,completed,2026-08-06 00:00:00,2026-08-06 15:22:02.263551,2026-08-06 15:22:02.273698,Person 8E9BA142,555-0191,,,,job,,,false,,0
6057-I-73,6057,irrigation,Company 2F610CBC,2026-08-11 15:06:53.231931,7923.6555,16,completed,2026-08-11 00:00:00,2026-08-11 17:19:40.169194,2026-08-11 17:19:40.189325,Person 63C78BB9,555-0130,,,,job,,,false,,0
6057-I-74,6057,irrigation,Company 2F610CBC,2026-08-11 15:18:50.486606,211.51875,1,completed,2026-08-12 00:00:00,2026-08-20 20:27:20.005731,2026-08-20 20:27:20.016864,,,,,,yard,,,false,,0
6057-I-75,6057,irrigation,Company 2F610CBC,2026-08-20 20:24:44.321246,4577.8584375,15,completed,2026-08-26 00:00:00,2026-08-25 15:56:48.978238,2026-08-25 15:56:48.995115,,,,,,job,,,false,,0
6057-I-76,6057,irrigation,Company 2F610CBC,2026-09-01 13:19:51.477651,82.639125,2,completed,2026-09-02 00:00:00,2026-09-01 13:22:14.628287,2026-09-01 13:22:14.640796,Person C6FE02A5,555-0153,,,,job,,,false,,0
6057-I-77,6057,irrigation,Company 2F610CBC,2026-09-02 13:43:47.458772,245.949,1,completed,2026-09-02 00:00:00,2026-09-02 13:44:40.266562,2026-09-02 13:44:40.275799,Person C6FE02A5,555-0153,,,,job,,,false,,0
6057-I-78,6057,irrigation,Company 2F610CBC,2026-09-02 13:51:12.528794,5582.703,3,completed,2026-09-02 00:00:00,2026-09-02 17:28:02.072549,2026-09-02 17:28:02.083247,Person C6FE02A5,,,,,yard,,,false,,0
6057-I-79,6057,irrigation,,2026-09-02 14:38:31.720619,0,0,in_progress,,,2026-09-02 14:38:31.721221,,,,,,job,,,false,,0
6057-I-8,6057,irrigation,Company 2F610CBC,2025-12-09 18:09:58.832217,0.1496,1,completed,2025-12-10 00:00:00,2025-12-09 18:49:22.546936,2025-12-09 19:03:13.26069,,,,,,job,,,false,,0
6057-I-9,6057,irrigation,Company 2F610CBC,2025-12-11 15:07:11.770855,53.98,1,completed,2025-12-12 00:00:00,2025-12-11 15:07:53.299574,2025-12-11 15:09:07.044876,,,,,,yard,,,false,,0
6057-L-1,6057,landscape,Company 5513C1E9,2025-12-01 21:25:09.628881,21981,9,completed,2025-12-09 00:00:00,2025-12-01 21:29:36.28366,2025-12-01 21:30:50.554548,Person B93A0D4E,555-0114,,,,job,,,false,,0
6057-L-10,6057,landscape,Company 99AC62BC,2025-12-15 21:16:35.904431,20318.75,9,completed,2025-12-17 00:00:00,2025-12-15 21:20:31.083491,2025-12-15 21:20:48.50441,Person 91B849ED,555-0114,,,,job,,,false,,0
6057-L-11,6057,landscape,Company 85C03ADA,2025-12-15 21:16:35.904431,3125.475,3,completed,2025-12-17 00:00:00,2025-12-16 18:13:14.609246,2025-12-16 18:13:14.742171,Person 91B849ED,555-0114,,,,job,,,false,,0
6057-L-12,6057,landscape,Company B548E4AD,2025-12-15 21:16:35.904431,13919.728125,4,completed,2025-12-17 00:00:00,2025-12-15 21:20:31.534093,2025-12-15 21:20:31.552383,Person 91B849ED,555-0114,,,,job,,,false,,0
6057-L-13,6057,landscape,Company B1347A9D,2025-12-16 17:52:40.83094,7140,1,completed,2025-12-17 00:00:00,2025-12-16 17:56:58.212717,2025-12-16 17:57:02.968263,Person 38FA9B9B,555-0114,,,,job,,,false,,0
6057-L-14,6057,landscape,Company 5513C1E9,2025-12-18 16:46:34.331767,1500,1,completed,2025-12-19 00:00:00,2025-12-18 16:47:11.89669,2025-12-18 17:56:23.252826,Person 38FA9B9B,555-0114,,,,job,,,false,,0
6057-L-15,6057,landscape,Company 520BDD44,2025-12-23 18:23:48.660332,4390.5,2,completed,2025-12-29 00:00:00,2025-12-23 18:25:35.082271,2025-12-23 18:25:44.878817,Person 91B849ED,555-0114,,,,job,,,false,,0
6057-L-16,6057,landscape,Company B548E4AD,2025-12-23 18:23:48.660332,2081.475,1,completed,2025-12-29 00:00:00,2025-12-23 18:25:35.174561,2025-12-23 18:25:35.186149,Person 91B849ED,555-0114,,,,job,,,false,,0
6057-L-17,6057,landscape,Company 6CDECF5F,2025-12-29 16:22:07.432761,1500,1,completed,2025-12-30 00:00:00,2025-12-29 16:22:51.652419,2025-12-29 16:23:01.087124,Person B93A0D4E,555-0114,,,,job,,,false,,0
6057-L-18,6057,landscape,Company B47AEED3,2026-01-06 16:48:51.326311,977.5,1,completed,2026-01-07 00:00:00,2026-01-06 16:50:02.70092,2026-01-06 16:50:19.129925,Person 91B849ED,555-0114,,,,job,,,false,,0
6057-L-19,6057,landscape,Company B47AEED3,2026-01-07 17:32:11.759379,1820,4,completed,2026-01-08 00:00:00,2026-01-07 17:34:07.320668,2026-01-07 17:38:32.851054,Person 91B849ED,555-0114,,,,job,,,false,,0
6057-L-2,6057,landscape,Company 02A7AFB7,2025-12-01 21:25:09.628881,4948.125,2,completed,2025-12-09 00:00:00,2025-12-01 21:29:36.574557,2025-12-01 21:29:36.597373,Person B93A0D4E,555-0114,,,,job,,,false,,0
6057-L-20,6057,landscape,Company 7FC335AE,2026-01-08 23:32:22.727782,1460,1,completed,2026-01-12 00:00:00,2026-01-08 23:33:07.448158,2026-01-08 23:33:29.214883,Person 4E789DCD,555-0176,,,,job,,,false,,0
6057-L-21,6057,landscape,Company 99AC62BC,2026-02-05 18:59:52.464195,971.1375,18,completed,2026-02-06 00:00:00,2026-02-05 19:22:00.827655,2026-02-05 19:22:00.847908,Person 253039FB,555-0134,,,,job,,,false,,0
6057-L-22,6057,landscape,Company B1347A9D,2026-02-06 14:33:51.187615,182.7,1,completed,2026-02-06 00:00:00,2026-02-06 14:35:17.53367,2026-02-06 14:35:17.543062,Person 4E789DCD,555-0176,,,,will_call,,,false,,0
6057-L-23,6057,landscape,Company AB5CA754,2026-02-13 22:24:49.536555,31852.88,5,completed,2026-03-14 00:00:00,2026-08-06 17:46:09.41182,2026-08-06 17:46:09.42561,Person FAB920E7,555-0128,,,,yard,,,false,,0
6057-L-24,6057,landscape,Company BCA134E8,2026-02-13 22:32:45.452096,36581,3,completed,2026-03-13 00:00:00,2026-02-13 22:46:49.22352,2026-02-13 22:46:49.235771,Person FAB920E7,555-0128,,,,yard,,,false,,0
6057-L-25,6057,landscape,Company D4B78DB3,2026-02-13 22:48:46.871799,48906.44,5,completed,2026-05-04 00:00:00,2026-07-07 21:46:06.686458,2026-07-07 21:46:06.69809,Person FAB920E7,555-0128,,,,job,,,false,,0
6057-L-26,6057,landscape,Company 89E4720D,2026-02-13 22:56:42.646143,5165.041,4,completed,2026-03-12 00:00:00,2026-02-13 22:59:07.878329,2026-02-13 22:59:07.892818,Person FAB920E7,555-0128,,,,yard,,,false,,0
6057-L-27,6057,landscape,Company A0B5AE5E,2026-02-13 23:05:19.173182,12462.43,4,completed,2026-04-10 00:00:00,2026-02-13 23:07:51.166754,2026-02-13 23:07:51.177788,Person FAB920E7,555-0128,,,,yard,,,false,,0
6057-L-28,6057,landscape,Company D59B13FC,2026-02-18 17:01:50.289089,10039.43,4,completed,2026-03-11 00:00:00,2026-02-24 15:09:07.284064,2026-02-24 15:09:07.639932,Person FAB920E7,555-0128,,,,yard,,,false,,0
6057-L-29,6057,landscape,Company 7FC335AE,2026-03-26 16:13:43.124088,978.75,1,completed,2026-03-31 00:00:00,2026-03-27 15:59:59.145277,2026-03-27 15:59:59.156194,Person 83FC1EE5,555-0199,,,,job,,,false,,0
6057-L-3,6057,landscape,Company 85C03ADA,2025-12-01 21:25:09.628881,1674.75,2,completed,2025-12-09 00:00:00,2025-12-01 21:29:36.725717,2025-12-01 21:29:36.747412,Person B93A0D4E,555-0114,,,,job,,,false,,0
6057-L-30,6057,landscape,Company B548E4AD,2026-03-27 16:13:57.953703,1973.8125,1,completed,2026-03-31 00:00:00,2026-03-27 16:14:54.785617,2026-03-27 16:14:54.795141,Person 8F8FD991,555-0199,,,,job,,,false,,0
6057-L-31,6057,landscape,Company 725B3DA8,2026-04-07 15:41:38.70677,141.375,1,completed,2026-04-07 00:00:00,2026-04-07 15:42:14.733209,2026-04-07 15:42:14.744049,,,,,,will_call,,,false,,0
6057-L-32,6057,landscape,Company 2C7782AA,2026-04-08 15:04:26.609199,2523,3,completed,2026-07-06 00:00:00,2026-06-25 18:07:03.233033,2026-06-25 18:07:03.245042,Person 153DA07E,555-0168,,,,job,,,false,,0
6057-L-33,6057,landscape,Company 5513C1E9,2026-04-08 15:04:26.609199,859.125,1,completed,2026-07-06 00:00:00,2026-07-09 16:45:11.515269,2026-07-09 16:45:11.524741,Person 153DA07E,555-0168,,,,job,,,false,,0
6057-L-34,6057,landscape,Company B1347A9D,2026-04-08 15:04:26.609199,1472.475,2,completed,2026-07-06 00:00:00,2026-06-25 18:07:03.325183,2026-06-25 18:07:03.332054,Person 153DA07E,555-0168,,,,job,,,false,,0
6057-L-35,6057,landscape,Company 85C03ADA,2026-06-26 17:27:30.28341,10072.96875,4,completed,2026-07-14 00:00:00,2026-06-26 20:52:27.790689,2026-06-26 20:52:27.803817,Person 153DA07E,555-0168,,,,job,,,false,,0
6057-L-36,6057,landscape,Company 99AC62BC,2026-06-26 17:27:30.28341,3903.309375,5,completed,2026-07-14 00:00:00,2026-06-26 20:52:27.843598,2026-06-26 20:52:27.850788,Person 153DA07E,555-0168,,,,job,,,false,,0
6057-L-37,6057,landscape,Company B548E4AD,2026-06-26 17:27:30.28341,7807.1625,5,completed,2026-07-16 00:00:00,2026-07-15 15:34:36.262686,2026-07-15 15:34:36.276024,Person 153DA07E,555-0168,,,,job,,,false,,0
6057-L-38,6057,landscape,Company DC9A38AE,2026-07-01 13:53:39.319372,880.875,2,completed,2026-07-07 00:00:00,2026-07-01 14:03:31.82779,2026-07-01 14:03:31.838908,Person 153DA07E,555-0168,,,,job,,,false,,0
6057-L-39,6057,landscape,Company 5513C1E9,2026-07-01 13:53:39.319372,1239.75,1,completed,2026-07-07 00:00:00,2026-07-01 14:03:31.91238,2026-07-01 14:03:31.918706,Person 153DA07E,555-0168,,,,job,,,false,,0
6057-L-4,6057,landscape,Company 7FC335AE,2025-12-01 21:25:09.628881,7650.5625,2,completed,2025-12-09 00:00:00,2025-12-01 21:29:36.848342,2025-12-01 21:29:36.878144,Person B93A0D4E,555-0114,,,,job,,,false,,0
6057-L-40,6057,landscape,Company 520BDD44,2026-07-01 13:53:39.319372,1495.3125,3,completed,2026-07-07 00:00:00,2026-07-01 14:03:31.948708,2026-07-01 14:03:31.957309,Person 153DA07E,555-0168,,,,job,,,false,,0
6057-L-41,6057,landscape,Company 09434731,2026-07-09 16:41:56.993039,1973.8125,1,completed,2026-07-10 00:00:00,2026-07-09 16:43:42.203634,2026-07-09 16:43:42.216056,Person 4E789DCD,555-0176,,,,job,,,false,,0
6057-L-42,6057,landscape,Company 2F610CBC,2026-07-13 14:49:57.587228,135.72,1,completed,2026-07-13 00:00:00,2026-07-13 14:54:05.214155,2026-07-13 14:54:05.224226,Person 91B849ED,555-0114,,,,job,,,false,,0
6057-L-43,6057,landscape,Company 2F610CBC,2026-07-13 14:54:40.76227,248.82,1,completed,2026-07-13 00:00:00,2026-07-13 15:42:46.343815,2026-07-13 15:42:46.35512,Person 38FA9B9B,555-0185,,,,job,,,false,,0
6057-L-44,6057,landscape,Company B47AEED3,2026-07-14 16:38:09.708996,679.6875,1,completed,2026-07-15 00:00:00,2026-07-14 17:05:26.269066,2026-07-14 17:05:26.280792,Person B93A0D4E,555-0114,,,,job,,,false,,0
6057-L-45,6057,landscape,Company 520BDD44,2026-07-16 18:30:42.719982,565.5,3,completed,2026-07-17 00:00:00,2026-07-16 20:26:05.050758,2026-07-16 20:26:05.068804,Person B93A0D4E,555-0114,,,,job,,,false,,0
6057-L-46,6057,landscape,Company B548E4AD,2026-07-17 20:46:45.557737,1614.9375,1,completed,2026-07-22 00:00:00,2026-07-21 19:18:14.713535,2026-07-21 19:18:14.724824,Person 91B849ED,555-0114,,,,job,,,false,,0
6057-L-47,6057,landscape,Company 2F610CBC,2026-07-21 21:19:03.482629,158.02332,1,completed,2026-07-22 00:00:00,2026-07-22 14:08:37.026672,2026-07-22 14:08:37.041012,Person 38FA9B9B,555-0106,,,,job,,,false,,0
6057-L-48,6057,landscape,Company B47AEED3,2026-07-23 17:10:45.574993,711.225,4,completed,2026-07-24 00:00:00,2026-07-23 17:12:46.776472,2026-07-23 17:12:46.786717,Person B93A0D4E,555-0114,,,,job,,,false,,0
6057-L-49,6057,landscape,Company 6CDECF5F,2026-07-24 14:36:18.111906,1631.25,1,completed,2026-07-27 00:00:00,2026-07-24 20:30:55.630844,2026-07-24 20:30:55.644374,Person B93A0D4E,555-0114,,,,job,,,false,,0
6057-L-5,6057,landscape,Company AB5CA754,2025-12-02 16:06:44.598415,6111.75,3,completed,2026-01-07 00:00:00,2025-12-02 16:18:28.260818,2025-12-02 16:20:42.970583,Person FAB920E7,555-0128,,,,yard,,,false,,0
6057-L-50,6057,landscape,Company 6ABDAA9C,2026-07-27 14:18:52.473559,2088.17,3,completed,2026-07-29 00:00:00,2026-07-28 17:18:17.623201,2026-07-28 17:18:17.638994,,,,,,job,,,false,,0
6057-L-51,6057,landscape,Company B47AEED3,2026-07-29 14:18:24.238652,802.03125,4,completed,2026-07-31 00:00:00,2026-07-30 22:13:48.672051,2026-07-30 22:13:48.684504,Person 4E789DCD,555-0176,,,,job,,,false,,0
6057-L-52,6057,landscape,Company 85C03ADA,2026-08-04 15:58:31.129244,1471.480625,3,completed,2026-08-05 00:00:00,2026-08-27 16:36:16.97414,2026-08-27 16:36:16.989066,Person 4E789DCD,555-0176,,,,job,,,false,,0
6057-L-53,6057,landscape,Company 99AC62BC,2026-08-04 15:58:31.129244,195,2,completed,2026-08-05 00:00:00,2026-08-11 14:27:45.701639,2026-08-11 14:27:45.712883,Person 4E789DCD,555-0176,,,,job,,,false,,0
6057-L-54,6057,landscape,Company B548E4AD,2026-08-04 15:58:31.129244,28,2,completed,2026-08-05 00:00:00,2026-08-04 16:06:22.077214,2026-08-04 16:06:22.083778,Person 4E789DCD,555-0176,,,,job,,,false,,0
6057-L-55,6057,landscape,Company AB5CA754,2026-08-06 17:45:22.215095,2402.83,3,completed,2026-08-12 00:00:00,2026-08-20 20:27:43.547704,2026-08-20 20:27:43.562446,Person FAB920E7,555-0128,,,,yard,,,false,,0
6057-L-6,6057,landscape,Company 724579F1,2025-12-12 16:49:50.146118,7336.53,2,completed,2025-12-15 00:00:00,2025-12-12 16:52:20.568057,2025-12-12 16:52:53.161207,Person B93A0D4E,555-0114,,,,job,,,false,,0
6057-L-7,6057,landscape,Company D35E67B5,2025-12-12 16:49:50.146118,2301.726375,1,completed,2025-12-15 00:00:00,2025-12-12 16:52:21.37031,2025-12-12 16:52:21.420498,Person B93A0D4E,555-0114,,,,job,,,false,,0
6057-L-8,6057,landscape,Company 5513C1E9,2025-12-12 17:53:40.790514,1050,1,completed,2025-12-15 00:00:00,2025-12-12 17:55:33.654265,2025-12-12 17:55:43.03103,Person 91B849ED,555-0114,,,,job,,,false,,0
6057-L-9,6057,landscape,Company 2F610CBC,2025-12-15 16:46:27.609525,79.71375,1,completed,2025-12-15 00:00:00,2025-12-15 18:16:35.508615,2025-12-15 18:16:35.546562,Person 91B849ED,555-0114,,,,job,,,false,,0
6057-S-1,6057,subcontract,,2026-07-30 21:25:41.389636,0,0,in_progress,,,2026-07-30 21:25:41.390195,,,,,,job,,,false,,0
6058-D-1,6058,drains,Company 2F610CBC,2025-11-26 20:29:26.978622,1686.6754,10,completed,2025-12-01 00:00:00,2025-12-01 16:42:52.607181,2025-12-01 16:42:52.659125,,,,,,job,,,false,,0
6058-D-2,6058,drains,Company D35E67B5,2026-01-07 16:39:09.603976,188.65,2,completed,2026-01-07 00:00:00,2026-01-07 16:42:29.102023,2026-01-07 16:47:35.77221,Person 10E8C7FD,555-0185,,,,job,,,false,,0
6058-D-3,6058,drains,Company D35E67B5,2026-02-19 19:16:32.919901,1661.795925,10,completed,2026-02-20 00:00:00,2026-02-19 21:07:33.961221,2026-02-19 21:07:34.038767,Person B45AED10,555-0101,,,,job,,,false,,0
6058-D-4,6058,drains,Company D35E67B5,2026-02-27 16:57:54.06135,1960.802175,9,completed,2026-02-28 00:00:00,2026-02-27 23:26:04.374294,2026-02-27 23:26:04.687464,Person 63C78BB9,555-0109,,,,job,,,false,,0
6058-D-5,6058,drains,Company D35E67B5,2026-03-06 16:45:51.939533,79.304,1,completed,2026-03-06 00:00:00,2026-03-06 23:44:02.271005,2026-03-06 23:44:02.283832,,,,,,will_call,,,false,,0
6058-D-6,6058,drains,Company D35E67B5,2026-04-07 14:28:37.209795,51.13815,1,completed,2026-04-07 00:00:00,2026-04-07 16:06:05.38308,2026-04-07 16:06:05.392074,Person 4E789DCD,555-0109,,,,job,,,false,,0
6058-D-7,6058,drains,Company D35E67B5,2026-04-10 15:41:23.695559,57.7109,1,completed,2026-04-10 00:00:00,2026-04-10 16:21:42.773005,2026-04-10 16:21:42.784417,Person 38FA9B9B,555-0165,,,,job,,,false,,0
6058-I-1,6058,irrigation,Company 2F610CBC,2025-11-26 19:56:57.556499,3059.5722128,15,completed,2025-11-27 00:00:00,2025-11-26 20:14:46.230732,2025-11-26 20:15:33.056931,,,,,,job,,,false,,0
6058-I-10,6058,irrigation,Company D35E67B5,2025-12-11 20:01:51.532447,5896.8,5,completed,2025-12-12 00:00:00,2025-12-11 20:04:43.582995,2025-12-11 20:08:50.271934,,,,,,yard,,,false,,0
6058-I-11,6058,irrigation,Company D35E67B5,2025-12-11 22:01:36.159009,121.4,1,completed,2025-12-12 00:00:00,2025-12-11 22:02:15.634339,2025-12-11 22:02:21.304128,Person C6FE02A5,,,,,will_call,,,false,,0
6058-I-12,6058,irrigation,Company D35E67B5,2025-12-30 15:17:55.157883,9884.7695,45,completed,2025-12-31 00:00:00,2026-02-06 14:22:41.05913,2026-02-06 14:22:41.091207,,,,,,yard,,,false,,0
6058-I-13,6058,irrigation,Company D35E67B5,2025-12-31 17:12:50.517738,48.56,1,completed,2026-01-01 00:00:00,2025-12-31 17:13:43.44687,2025-12-31 17:13:45.454678,,,,,,yard,,,false,,0
6058-I-14,6058,irrigation,Company D35E67B5,2026-01-07 21:43:13.388143,1307.16,2,completed,2026-01-07 00:00:00,2026-01-07 21:44:31.773965,2026-01-07 21:47:17.375605,Person 63C78BB9,,,,,yard,,,false,,0
6058-I-15,6058,irrigation,Company D35E67B5,2026-01-08 14:55:26.327583,1776.424685,16,completed,2026-01-08 00:00:00,2026-01-08 18:08:12.678406,2026-01-08 18:08:12.747197,Person 1CAC5ACA,555-0130,,,,job,,,false,,0
6058-I-16,6058,irrigation,Company D35E67B5,2026-02-19 16:55:05.238903,747.265645,10,completed,2026-02-20 00:00:00,2026-02-19 17:43:27.900866,2026-02-19 17:43:27.970166,Person 63C78BB9,555-0130,,,,job,,,false,,0
6058-I-17,6058,irrigation,Company D35E67B5,2026-02-24 17:54:05.38199,253.1694,4,completed,2026-02-25 00:00:00,2026-02-24 18:27:27.618578,2026-02-24 18:27:27.694982,Person 63C78BB9,555-0130,,,,job,,,false,,0
6058-I-18,6058,irrigation,Company D35E67B5,2026-02-27 15:34:46.646459,1582.10618,9,completed,2026-02-27 00:00:00,2026-02-27 19:11:26.733753,2026-02-27 19:11:26.811079,Person 63C78BB9,555-0130,,,,job,,,false,,0
6058-I-19,6058,irrigation,Company D35E67B5,2026-03-03 14:46:15.727958,0.49565,1,completed,2026-03-03 00:00:00,2026-03-03 14:47:01.372303,2026-03-03 14:47:01.806026,Person CBFCCFCB,,,,,will_call,,,false,,0
6058-I-2,6058,irrigation,Company 2F610CBC,2025-12-01 15:05:58.754207,356.868,9,completed,2025-12-01 00:00:00,2025-12-01 18:24:31.60343,2025-12-01 18:24:31.660824,,,,,,job,,,false,,0
6058-I-20,6058,irrigation,Company D35E67B5,2026-03-05 19:07:13.088072,3681.7313,35,completed,2026-03-05 00:00:00,2026-03-05 22:13:41.870101,2026-03-05 22:13:41.977378,,,,,,yard,,,false,,0
6058-I-21,6058,irrigation,Company A47A2876,2026-03-05 22:23:07.908593,175,1,completed,2026-03-21 00:00:00,2026-04-13 23:41:03.444026,2026-04-13 23:41:03.455574,Person 63C78BB9,555-0130,,,,job,,,false,,0
6058-I-22,6058,irrigation,Company D35E67B5,2026-03-05 22:23:07.908593,43.455575,2,deleted,2026-03-21 00:00:00,2026-03-20 20:16:54.795567,2026-03-20 20:17:24.538881,Person 63C78BB9,555-0130,,,2026-03-20 20:17:24.531623,job,,,false,,0
6058-I-23,6058,irrigation,Company D35E67B5,2026-04-03 17:17:38.75788,26.1617,1,completed,2026-04-04 00:00:00,2026-04-03 17:17:52.529586,2026-04-03 17:17:52.541307,,,,,,yard,,,false,,0
6058-I-24,6058,irrigation,Company D35E67B5,2026-04-07 15:15:55.959601,1456.48638987,20,completed,2026-04-07 00:00:00,2026-04-07 16:32:50.067349,2026-04-07 16:32:50.08886,,,,,,yard,,,false,,0
6058-I-25,6058,irrigation,Company D35E67B5,2026-04-08 14:12:38.417737,230.315625,6,completed,2026-04-08 00:00:00,2026-04-08 16:23:38.83832,2026-04-08 16:23:38.851455,,,,,,yard,,,false,,0
6058-I-26,6058,irrigation,Company D35E67B5,2026-04-14 14:40:12.390471,332.9906,6,completed,2026-04-15 00:00:00,2026-04-14 15:07:07.910356,2026-04-14 15:07:07.925845,,,,,,yard,,,false,,0
6058-I-27,6058,irrigation,Company AEF5A8A0,2026-04-15 17:20:15.469984,2382.137,1,deleted,2026-04-16 00:00:00,2026-04-15 17:20:26.478355,2026-04-15 17:21:13.975226,,,,,2026-04-15 17:21:13.966046,yard,,,false,,0
6058-I-28,6058,irrigation,Company D35E67B5,2026-04-15 17:21:47.848076,82.61408,3,completed,2026-05-14 00:00:00,2026-05-14 16:14:32.846394,2026-05-14 16:14:32.8575,,,,,,yard,,,false,,0
6058-I-3,6058,irrigation,Company D35E67B5,2025-12-02 15:15:04.028565,408,2,completed,2025-12-03 00:00:00,2025-12-02 15:18:55.839463,2025-12-02 15:23:52.754841,Person 1CAC5ACA,555-0130,,,,job,,,false,,0
6058-I-4,6058,irrigation,Company 2F610CBC,2025-12-02 19:22:46.273355,641,3,completed,2025-12-03 00:00:00,2025-12-02 19:25:08.507222,2025-12-02 19:33:58.092946,Person 63C78BB9,555-0130,,,,will_call,,,false,,0
6058-I-5,6058,irrigation,Company D35E67B5,2025-12-03 19:46:05.983878,48.4875,1,completed,2025-12-04 00:00:00,2025-12-03 19:46:48.908043,2025-12-03 19:46:48.93202,,,,,,yard,,,false,,0
6058-I-6,6058,irrigation,Company D35E67B5,2025-12-04 15:19:09.616328,1419.918725,10,completed,2025-12-05 00:00:00,2025-12-04 17:05:57.320654,2025-12-04 17:05:57.354467,Person FDC99024,555-0130,,,,job,,,false,,0
6058-I-7,6058,irrigation,Company D35E67B5,2025-12-09 14:52:44.645717,156.9702,1,completed,2025-12-09 00:00:00,2025-12-09 14:57:30.612954,2025-12-09 14:57:30.632594,Person 1CAC5ACA,555-0130,,,,job,,,false,,0
6058-I-8,6058,irrigation,Company D35E67B5,2025-12-10 15:48:21.436842,239.16,5,completed,2025-12-11 00:00:00,2025-12-10 15:55:27.452658,2025-12-10 15:56:39.878843,Person 1CAC5ACA,555-0130,,,,job,,,false,,0
6058-I-9,6058,irrigation,Company D35E67B5,2025-12-10 22:18:47.566258,100.08,2,completed,2025-12-11 00:00:00,2025-12-10 22:23:31.596462,2025-12-10 22:23:41.524111,Person 63C78BB9,555-0153,,,,job,,,false,,0
6058-L-1,6058,landscape,Company 1448F25B,2025-11-19 16:54:39.809952,13778.14,3,completed,2025-12-31 00:00:00,2025-11-19 17:37:31.616963,2025-11-19 17:37:31.646657,Person FAB920E7,555-0128,,,,yard,,,false,,0
6058-L-10,6058,landscape,Company B47AEED3,2025-12-30 19:30:19.087164,892.95,11,completed,2026-01-05 00:00:00,2025-12-30 19:37:33.629517,2025-12-30 19:37:44.912085,Person B5A7B002,555-0168,,,,job,,,false,,0
6058-L-11,6058,landscape,Company 93078B9A,2025-12-30 19:30:19.087164,112.06,2,completed,2026-01-05 00:00:00,2025-12-30 19:37:33.765999,2025-12-30 19:37:33.784275,Person B5A7B002,555-0168,,,,job,,,false,,0
6058-L-12,6058,landscape,Company 2F610CBC,2026-01-05 17:42:29.698704,270,2,completed,2026-01-05 00:00:00,2026-01-05 17:43:23.567947,2026-01-05 17:43:43.713955,,,,,,yard,,,false,,0
6058-L-13,6058,landscape,Company 520BDD44,2026-01-09 20:42:01.009272,2675.79025,15,completed,2026-01-13 00:00:00,2026-01-09 22:16:11.118973,2026-01-09 22:17:37.517359,Person B5A7B002,555-0168,,,,job,,,false,,0
6058-L-14,6058,landscape,Company B47AEED3,2026-01-09 20:42:01.009272,179.393244375,2,completed,2026-01-13 00:00:00,2026-01-09 22:17:50.833986,2026-01-09 22:17:50.948742,Person B5A7B002,555-0168,,,,will_call,,,false,,0
6058-L-15,6058,landscape,Company B548E4AD,2026-01-09 20:42:01.009272,1768.985625,3,completed,2026-01-13 00:00:00,2026-01-09 22:16:11.544297,2026-01-09 22:16:11.563809,Person B5A7B002,555-0168,,,,job,,,false,,0
6058-L-16,6058,landscape,Company D35E67B5,2026-01-15 15:32:54.249557,243,1,completed,2026-01-15 00:00:00,2026-01-15 15:34:18.961798,2026-01-15 15:35:35.940672,Person 4E789DCD,555-0199,,,,job,,,false,,0
6058-L-17,6058,landscape,Company 99AC62BC,2026-01-26 15:40:38.484317,580,3,completed,2026-02-05 00:00:00,2026-01-26 15:43:00.018793,2026-01-26 15:43:00.707823,Person 4E789DCD,555-0176,,,,job,,,false,,0
6058-L-18,6058,landscape,Company B47AEED3,2026-01-27 13:49:49.708298,1042.48125,3,completed,2026-02-05 00:00:00,2026-01-28 18:25:03.469926,2026-01-28 18:25:03.574403,Person 4E789DCD,555-0176,,,,job,,,false,,0
6058-L-19,6058,landscape,Company B1347A9D,2026-02-02 15:58:28.211667,87,1,completed,2026-02-02 00:00:00,2026-02-02 15:59:31.623291,2026-02-02 15:59:32.432503,Person 4E789DCD,555-0176,,,,will_call,,,false,,0
6058-L-2,6058,landscape,Company 730FB671,2025-11-19 16:54:39.809952,17250.72,9,completed,2025-12-31 00:00:00,2025-11-19 18:00:10.525987,2025-11-19 18:00:10.574194,Person FAB920E7,555-0128,,,,yard,,,false,,0
6058-L-20,6058,landscape,Company 520BDD44,2026-03-04 16:31:51.214051,4104.47765,13,completed,2026-03-30 00:00:00,2026-03-10 15:23:45.623654,2026-03-10 15:23:45.6406,Person 153DA07E,555-0168,,,,job,,,false,,0
6058-L-21,6058,landscape,Company D35E67B5,2026-04-10 15:42:50.987213,91.5875,2,completed,2026-04-10 00:00:00,2026-04-10 16:22:20.949697,2026-04-10 16:22:20.959077,Person 38FA9B9B,555-0165,,,,job,,,false,,0
6058-L-22,6058,landscape,Company 85C03ADA,2026-04-13 18:03:10.061953,285.914625,4,completed,2026-04-15 00:00:00,2026-04-13 21:23:12.965417,2026-04-13 21:23:12.980429,Person 91B849ED,,,,,yard,,,false,,0
6058-L-23,6058,landscape,Company 85C03ADA,2026-04-14 16:33:34.473617,236.29575,3,completed,2026-04-15 00:00:00,2026-04-14 16:36:04.696446,2026-04-14 16:36:04.714314,,,,,,yard,,,false,,0
6058-L-24,6058,landscape,Company 09434731,2026-04-14 16:33:34.473617,101.82375,2,completed,2026-04-15 00:00:00,2026-04-14 16:36:04.749321,2026-04-14 16:36:04.75679,,,,,,will_call,,,false,,0
6058-L-25,6058,landscape,,2026-05-20 17:11:23.546161,0,0,in_progress,,,2026-05-20 17:11:23.546776,,,,,,job,,,false,,0
6058-L-3,6058,landscape,Company 5513C1E9,2025-12-03 18:54:11.186748,7797.478,11,deleted,2025-12-11 00:00:00,2025-12-03 19:16:12.718543,2026-01-09 22:03:08.929073,Person 10E8C7FD,555-0168,,,2026-01-09 22:03:08.916413,job,,,false,,0
6058-L-4,6058,landscape,Company F6DB773A,2025-12-03 18:54:11.186748,880.832545,7,deleted,2025-12-11 00:00:00,2025-12-03 19:16:12.929407,2026-01-09 22:03:23.524771,Person 10E8C7FD,555-0168,,,2026-01-09 22:03:23.519189,job,,,false,,0
6058-L-5,6058,landscape,Company B47AEED3,2025-12-03 18:54:11.186748,651.8875,3,deleted,2025-12-11 00:00:00,2025-12-03 19:16:13.238786,2026-01-09 22:03:46.656054,Person 10E8C7FD,555-0168,,,2026-01-09 22:03:46.65158,job,,,false,,0
6058-L-6,6058,landscape,Company 85C03ADA,2025-12-04 15:34:26.296008,1665,1,completed,2025-12-11 00:00:00,2025-12-04 15:35:03.166363,2025-12-04 15:35:30.433923,Person 10E8C7FD,555-0168,,,,job,,,false,,0
6058-L-8,6058,landscape,Company B47AEED3,2025-12-29 21:47:23.846787,957.35875,3,completed,2026-01-05 00:00:00,2025-12-29 21:52:23.974667,2025-12-29 21:52:23.985744,Person 153DA07E,555-0168,,,,job,,,false,,0
6058-L-9,6058,landscape,Company 02A7AFB7,2025-12-29 22:41:03.253268,5495.25,3,completed,2026-01-05 00:00:00,2025-12-30 16:25:17.694256,2025-12-30 16:25:17.733918,Person B5A7B002,555-0168,,,,job,,,false,,0
6058-M-1,6058,maintenance,Company B47AEED3,2026-08-06 14:09:00.329862,103.44,3,completed,2026-08-07 00:00:00,2026-08-06 14:10:24.87077,2026-08-06 14:10:24.885614,Person 8F078E89,,,,,will_call,,,false,,0
6058-M-2,6058,maintenance,Company 94837B57,2026-08-11 14:30:44.846519,172.4,2,completed,2026-08-11 00:00:00,2026-08-11 14:31:54.237625,2026-08-11 14:31:54.25081,Person 8F078E89,,,,,will_call,,,false,,0
6058-M-3,6058,maintenance,Company B47AEED3,2026-08-18 13:56:53.846402,79.19625,2,completed,2026-08-19 00:00:00,2026-08-18 13:57:39.058941,2026-08-18 13:57:39.075863,Person 8F078E89,,,,,will_call,,,false,,0
6059-D-1,6059,drains,Company 2F610CBC,2025-12-10 18:24:39.10195,11407.6401175,21,completed,2025-12-15 00:00:00,2025-12-11 18:36:03.977255,2025-12-11 18:36:04.126168,,,,,,job,,,false,,0
6059-D-10,6059,drains,Company 2F610CBC,2026-03-30 20:34:49.319257,217.32313,1,deleted,2026-03-31 00:00:00,2026-03-30 20:34:55.538368,2026-03-31 14:26:18.511818,,,,,2026-03-31 14:26:18.505704,yard,,,false,,0
6059-D-11,6059,drains,Company 2F610CBC,2026-04-03 17:00:14.29706,5358.67741375,8,completed,2026-04-03 00:00:00,2026-04-03 18:12:25.801978,2026-04-03 18:12:25.814843,,,,,,yard,,,false,,0
6059-D-12,6059,drains,Company D35E67B5,2026-04-10 16:55:35.313606,7805.34535,14,completed,2026-04-13 00:00:00,2026-04-14 20:54:32.150584,2026-04-14 20:54:32.167325,Person 63C78BB9,555-0130,,,,job,,,false,,0
6059-D-13,6059,drains,Company 2F610CBC,2026-04-13 15:05:29.116609,198.47981,2,completed,2026-04-13 00:00:00,2026-04-13 16:25:40.974605,2026-04-13 16:25:40.991291,,,,,,yard,,,false,,0
6059-D-14,6059,drains,Company 2F610CBC,2026-04-14 20:04:04.834477,1334.807,1,completed,2026-04-15 00:00:00,2026-04-16 17:21:43.065823,2026-04-16 17:21:43.076777,Person 63C78BB9,555-0130,,,,job,,,false,,0
6059-D-15,6059,drains,Company D35E67B5,2026-04-16 17:22:40.598311,232.798185,1,completed,2026-04-16 00:00:00,2026-04-27 20:56:44.513024,2026-04-27 20:56:44.523072,,,,,,yard,,,false,,0
6059-D-16,6059,drains,Company 2F610CBC,2026-04-27 14:32:28.168743,268.39663,1,completed,2026-04-27 00:00:00,2026-04-28 18:04:34.204629,2026-04-28 18:04:34.216781,,,,,,yard,,,false,,0
6059-D-17,6059,drains,Company 2F610CBC,2026-04-27 15:44:40.979683,202.60448,2,completed,2026-04-28 00:00:00,2026-04-29 14:06:37.858375,2026-04-29 14:06:37.879945,,,,,,yard,,,false,,0
6059-D-18,6059,drains,,2026-04-29 14:11:54.425219,409.86,2,in_progress,2026-05-01 00:00:00,,2026-04-30 20:04:50.805048,,,,,,job,,,false,,0
6059-D-2,6059,drains,Company 2F610CBC,2025-12-16 16:11:08.371892,173.833075,2,completed,2025-12-16 00:00:00,2025-12-16 18:53:07.631455,2025-12-16 18:53:07.651456,,,,,,job,,,false,,0
6059-D-3,6059,drains,Company 2F610CBC,2025-12-18 21:36:13.352274,150,2,completed,2025-12-18 00:00:00,2025-12-18 21:37:13.108072,2025-12-18 21:37:30.941066,Person 4E789DCD,,,,,yard,,,false,,0
6059-D-4,6059,drains,Company 2F610CBC,2025-12-22 16:27:03.750513,201.692,1,completed,2025-12-23 00:00:00,2025-12-22 16:27:34.600072,2025-12-22 16:36:28.961873,,,,,,yard,,,false,,0
6059-D-5,6059,drains,Company 2F610CBC,2026-02-10 17:17:31.91161,626.102925,3,completed,2026-02-11 00:00:00,2026-02-10 19:29:40.500613,2026-02-10 19:29:40.513366,Person A2D24D47,555-0120,,,,job,,,false,,0
6059-D-6,6059,drains,Company 5661A390,2026-03-18 17:03:08.787521,950.732125,1,completed,2026-03-24 00:00:00,2026-03-27 21:07:01.606041,2026-03-27 21:07:01.618237,,,,,,job,,,false,,0
6059-D-7,6059,drains,Company 2F610CBC,2026-03-18 17:41:09.620251,2601.720725,5,completed,2026-03-24 00:00:00,2026-03-18 20:18:03.694805,2026-03-18 20:18:03.707277,Person A2D24D47,555-0120,,,,job,,,false,,0
6059-D-8,6059,drains,Company 2F610CBC,2026-03-19 17:22:57.2297,396.108395,5,completed,2026-03-19 00:00:00,2026-03-19 20:26:46.686688,2026-03-19 20:26:46.709916,Person 4E789DCD,555-0109,,,,job,,,false,,0
6059-D-9,6059,drains,Company 2F610CBC,2026-03-26 15:31:53.840297,4628.0726125,2,completed,2026-03-27 00:00:00,2026-03-26 15:33:02.188134,2026-03-26 15:33:02.212509,Person A2D24D47,555-0120,,,,job,,,false,,0
6059-I-1,6059,irrigation,Company D35E67B5,2026-01-08 17:06:02.891988,12018.273375,1,completed,2026-01-09 00:00:00,2026-02-20 16:17:17.901167,2026-02-20 16:17:17.941473,Person 4E789DCD,555-0199,,,,yard,,,false,,0
6059-I-10,6059,irrigation,Company D35E67B5,2026-04-17 20:22:34.834493,1696.3298,1,completed,2026-04-17 00:00:00,2026-04-17 20:39:49.473921,2026-04-17 20:39:49.485164,,,,,,yard,,,false,,0
6059-I-11,6059,irrigation,Company 2F610CBC,2026-04-20 20:35:41.206729,134.14875,2,completed,2026-04-20 00:00:00,2026-04-20 21:19:38.844522,2026-04-20 21:19:38.861707,,,,,,yard,,,false,,0
6059-I-12,6059,irrigation,Company 2F610CBC,2026-04-23 17:13:53.638543,139.75175,1,completed,2026-04-23 00:00:00,2026-04-23 18:07:14.73997,2026-04-23 18:07:14.750585,,,,,,yard,,,false,,0
6059-I-13,6059,irrigation,Company D35E67B5,2026-04-23 18:00:25.689069,94.852325,3,completed,2026-04-24 00:00:00,2026-04-23 18:00:25.950055,2026-04-23 18:00:25.962912,Person 7260BABF,,,,,will_call,,,false,,0
6059-I-14,6059,irrigation,Company 2F610CBC,2026-04-27 14:15:53.793171,1824.06096,2,completed,2026-04-27 00:00:00,2026-04-27 15:56:35.111576,2026-04-27 15:56:35.123899,,,,,,yard,,,false,,0
6059-I-15,6059,irrigation,Company 2F610CBC,2026-04-27 20:12:40.489753,183.983125,4,completed,2026-04-27 00:00:00,2026-04-27 20:43:46.682798,2026-04-27 20:43:46.698528,,,,,,yard,,,false,,0
6059-I-16,6059,irrigation,Company 2F610CBC,2026-04-30 15:59:28.572504,214.21131,2,completed,2026-04-30 00:00:00,2026-04-30 18:04:59.36238,2026-04-30 18:04:59.379499,,,,,,yard,,,false,,0
6059-I-17,6059,irrigation,Company 2F610CBC,2026-04-30 20:04:52.463002,1047.52395,5,completed,2026-04-30 00:00:00,2026-04-30 21:31:00.309763,2026-04-30 21:31:00.325641,,,,,,yard,,,false,,0
6059-I-18,6059,irrigation,Company 2F610CBC,2026-05-01 14:07:05.468728,152.433925,1,completed,2026-05-01 00:00:00,2026-05-01 14:23:01.768136,2026-05-01 14:23:01.781561,Person 63C78BB9,555-0130,,,,job,,,false,,0
6059-I-19,6059,irrigation,Company 2F610CBC,2026-05-04 16:19:52.630226,173.4344,1,completed,2026-05-04 00:00:00,2026-05-04 20:06:59.252652,2026-05-04 20:06:59.26409,,,,,,job,,,false,,0
6059-I-2,6059,irrigation,Company 2F610CBC,2026-01-08 17:23:47.410678,12963.81195,4,completed,2026-01-09 00:00:00,2026-02-20 16:16:44.025423,2026-02-20 16:16:44.375274,,,,,,yard,,,false,,0
6059-I-20,6059,irrigation,Company 2F610CBC,2026-05-11 14:55:54.175938,362.6961975,7,completed,2026-05-11 00:00:00,2026-05-11 16:37:13.354214,2026-05-11 16:37:13.366698,,,,,,yard,,,false,,0
6059-I-21,6059,irrigation,Company 2F610CBC,2026-05-15 17:20:36.539746,362.04,1,completed,2026-05-15 00:00:00,2026-05-15 20:05:22.690869,2026-05-15 20:05:22.701657,,,,,,yard,,,false,,0
6059-I-22,6059,irrigation,Company 2F610CBC,2026-05-29 15:06:35.450111,750.43134,5,completed,2026-05-29 00:00:00,2026-05-29 15:45:24.692559,2026-05-29 15:45:24.7071,,,,,,yard,,,false,,0
6059-I-23,6059,irrigation,Company 2F610CBC,2026-06-08 14:07:44.850485,532.60825,14,completed,2026-06-08 00:00:00,2026-06-08 22:41:30.289197,2026-06-08 22:41:30.306255,,,,,,yard,,,false,,0
6059-I-24,6059,irrigation,Company 2F610CBC,2026-06-11 21:39:25.153906,71.578325,1,completed,2026-06-11 00:00:00,2026-06-11 21:41:43.419977,2026-06-11 21:41:43.431465,,,,,,yard,,,false,,0
6059-I-25,6059,irrigation,Company 2F610CBC,2026-06-12 14:45:55.967932,111.014825,5,completed,2026-06-12 00:00:00,2026-06-12 16:13:26.321191,2026-06-12 16:13:26.335366,,,,,,yard,,,false,,0
6059-I-26,6059,irrigation,Company 2F610CBC,2026-06-15 18:53:51.654255,3.7928,2,completed,2026-06-16 00:00:00,2026-06-16 17:34:53.156573,2026-06-16 17:34:53.167498,,,,,,yard,,,false,,0
6059-I-27,6059,irrigation,Company D35E67B5,2026-06-19 14:11:57.844042,181.55875,1,completed,2026-06-20 00:00:00,2026-06-19 14:43:03.664736,2026-06-19 14:43:03.67674,Person 63C78BB9,555-0130,,,,will_call,,,false,,0
6059-I-3,6059,irrigation,Company D35E67B5,2026-01-27 15:05:57.003736,1244.674125,12,completed,2026-01-28 00:00:00,2026-01-27 16:57:59.69539,2026-01-27 16:57:59.713445,Person 4E789DCD,555-0199,,,,job,,,false,,0
6059-I-4,6059,irrigation,Company 2F610CBC,2026-01-29 15:11:46.4924,24942.2318325,55,completed,2026-01-30 00:00:00,2026-01-30 17:40:22.95564,2026-01-30 17:40:23.002974,,,,,,yard,,,false,,0
6059-I-5,6059,irrigation,Company 2F610CBC,2026-03-16 14:13:27.993628,571.18275,5,completed,2026-03-16 00:00:00,2026-03-16 15:26:07.467484,2026-03-16 15:26:07.486595,,,,,,yard,,,false,,0
6059-I-6,6059,irrigation,Company 2F610CBC,2026-03-27 14:14:45.517239,8716.878025,22,completed,2026-03-30 00:00:00,2026-03-27 22:54:28.426222,2026-03-27 22:54:28.446548,Person 01B226B8,555-0127,,,,job,,,false,,0
6059-I-7,6059,irrigation,Company 2F610CBC,2026-04-07 14:50:33.112863,4478.87011,14,completed,2026-04-07 00:00:00,2026-04-07 17:06:47.089829,2026-04-07 17:06:47.111521,Person 01B226B8,555-0127,,,,job,,,false,,0
6059-I-8,6059,irrigation,Company 2F610CBC,2026-04-09 14:15:19.489879,451.0253375,6,completed,2026-04-14 00:00:00,2026-04-14 16:56:07.095027,2026-04-14 16:56:07.111378,Person 63C78BB9,555-0130,,,,job,,,false,,0
6059-I-9,6059,irrigation,Company 2F610CBC,2026-04-15 14:42:16.144965,18.26578,1,completed,2026-04-16 00:00:00,2026-04-15 17:46:45.695835,2026-04-15 17:46:45.711494,,,,,,yard,,,false,,0
6059-L-1,6059,landscape,Company 5E63458E,2026-01-06 02:51:53.423331,13472.79,4,completed,2026-02-07 00:00:00,2026-01-06 03:00:46.407847,2026-01-06 03:01:05.608387,Person FAB920E7,555-0128,,,,yard,,,false,,0
6059-L-10,6059,landscape,Company F3AE3D72,2026-01-12 22:39:55.80894,4491.25,3,completed,2026-03-24 00:00:00,2026-02-03 19:44:07.197739,2026-02-03 19:44:07.218728,Person FAB920E7,555-0128,,,,yard,,,false,,0
6059-L-11,6059,landscape,Company 12B97A14,2026-01-27 15:17:46.405213,13282.97,3,completed,2026-04-14 00:00:00,2026-01-27 15:19:50.786757,2026-01-27 15:19:50.799756,Person FAB920E7,555-0128,,,,yard,,,false,,0
6059-L-12,6059,landscape,Company B6CFCB9D,2026-01-29 17:06:04.374604,2494,1,completed,2026-01-30 00:00:00,2026-01-29 17:07:59.014857,2026-01-29 17:07:59.719716,,,,,,job,,,false,,0
6059-L-13,6059,landscape,Company D35E67B5,2026-02-03 19:36:02.068417,417.53125,1,completed,2026-03-24 00:00:00,2026-03-24 17:16:36.715523,2026-03-24 17:16:36.730744,Person 4E789DCD,,,,,will_call,,,false,,0
6059-L-14,6059,landscape,Company 9ADB0B0E,2026-03-26 15:33:37.467505,20842.5,2,completed,2026-04-01 00:00:00,2026-03-27 16:47:04.810949,2026-03-27 16:47:04.825202,Person 9044842F,555-0176,,,,job,,,false,,0
6059-L-15,6059,landscape,Company D35E67B5,2026-03-26 15:33:37.467505,815.4089,1,completed,2026-03-31 00:00:00,2026-03-26 17:40:56.101861,2026-03-26 17:40:56.120789,Person 9044842F,555-0176,,,,job,,,false,,0
6059-L-16,6059,landscape,Company A615ED81,2026-03-26 16:52:49.492825,142.23,1,completed,2026-03-27 00:00:00,2026-03-26 16:55:40.432925,2026-03-26 16:55:40.4453,,,,,,job,,,false,,0
6059-L-17,6059,landscape,Company 2F610CBC,2026-03-26 17:45:44.108123,6018.6133,1,completed,2026-03-27 00:00:00,2026-04-08 22:58:26.689442,2026-04-08 22:58:26.701908,Person 9044842F,555-0176,,,,job,,,false,,0
6059-L-18,6059,landscape,Company D35E67B5,2026-03-26 20:47:19.496171,407.70445,1,completed,2026-04-01 00:00:00,2026-04-01 18:00:06.730609,2026-04-01 18:00:06.742776,Person 3751D3D4,555-0109,,,,job,,,false,,0
6059-L-19,6059,landscape,Company 5661A390,2026-04-01 21:04:47.511107,193.3035,1,completed,2026-04-08 00:00:00,2026-04-06 14:20:14.832506,2026-04-06 14:20:14.851177,Person 9044842F,,,,,job,,,false,,0
6059-L-2,6059,landscape,Company 2763A682,2026-01-06 03:03:22.138688,6050.88,3,completed,2026-02-02 00:00:00,2026-01-06 03:14:02.97965,2026-01-06 03:14:03.167211,Person FAB920E7,555-0128,,,,yard,,,false,,0
6059-L-20,6059,landscape,Company D35E67B5,2026-04-06 14:55:17.90725,3577.62325,3,completed,2026-04-06 00:00:00,2026-04-06 14:59:57.964707,2026-04-06 14:59:57.978878,Person 4E789DCD,,,,,yard,,,false,,0
6059-L-21,6059,landscape,Company 02A7AFB7,2026-04-06 15:00:23.438658,948.2,3,completed,2026-04-08 00:00:00,2026-04-07 17:52:09.485081,2026-04-07 17:52:09.501759,Person 9044842F,555-0176,,,,job,,,false,,0
6059-L-22,6059,landscape,Company 5513C1E9,2026-04-06 15:00:23.438658,2047.25,1,completed,2026-04-08 00:00:00,2026-04-07 17:52:09.555089,2026-04-07 17:52:09.563415,Person 9044842F,555-0176,,,,job,,,false,,0
6059-L-23,6059,landscape,Company 0355C7A0,2026-04-07 21:24:11.008069,2958.213625,2,completed,2026-04-09 00:00:00,2026-04-09 15:57:11.059037,2026-04-09 15:57:11.076893,Person FAB920E7,555-0128,,,,yard,,,false,,0
6059-L-24,6059,landscape,Company 02A7AFB7,2026-04-08 22:56:23.772197,543.2875,2,completed,2026-04-15 00:00:00,2026-04-14 18:32:31.175117,2026-04-14 18:32:31.189835,Person FDEFD43F,555-0134,,,,yard,,,false,,0
6059-L-25,6059,landscape,Company 7FC335AE,2026-04-08 22:56:23.772197,1239.125,1,completed,2026-04-15 00:00:00,2026-04-14 18:32:31.232547,2026-04-14 18:32:31.238375,Person FDEFD43F,555-0134,,,,job,,,false,,0
6059-L-26,6059,landscape,Company B548E4AD,2026-04-14 22:02:31.567779,1669.0475,6,completed,2026-04-21 00:00:00,2026-04-14 22:07:02.845357,2026-04-14 22:07:02.85928,Person FDEFD43F,555-0134,,,,job,,,false,,0
6059-L-27,6059,landscape,Company F6DB773A,2026-04-14 22:02:31.567779,2582.121,5,completed,2026-04-21 00:00:00,2026-04-14 22:19:02.555919,2026-04-14 22:19:02.569375,Person FDEFD43F,555-0134,,,,job,,,false,,0
6059-L-28,6059,landscape,Company F6DB773A,2026-04-14 22:18:13.722531,5158.53125,5,completed,2026-04-24 00:00:00,2026-04-22 17:49:57.257687,2026-04-22 17:49:57.270315,Person FDEFD43F,555-0134,,,,job,,,false,,0
6059-L-29,6059,landscape,Company 09434731,2026-04-14 22:18:13.722531,1244.5125,2,completed,2026-04-23 00:00:00,2026-04-22 17:01:57.936592,2026-04-22 17:01:57.944577,Person FDEFD43F,555-0134,,,,job,,,false,,0
6059-L-3,6059,landscape,Company 12B97A14,2026-01-06 22:37:10.407463,96253.4,4,completed,2026-03-02 00:00:00,2026-01-06 22:41:19.165852,2026-01-06 22:41:19.228654,Person FAB920E7,555-0128,,,,yard,,,false,,0
6059-L-30,6059,landscape,Company B548E4AD,2026-04-14 22:18:13.722531,3725.45625,5,completed,2026-04-23 00:00:00,2026-04-22 17:48:11.592682,2026-04-22 17:48:11.610387,Person FDEFD43F,555-0134,,,,job,,,false,,0
6059-L-31,6059,landscape,Company FA7B954D,2026-04-28 14:38:58.592834,23919,1,completed,2026-05-12 00:00:00,2026-05-14 19:37:30.905594,2026-05-14 19:37:30.91929,,,,,,job,,,false,,0
6059-L-32,6059,landscape,Company 5661A390,2026-04-28 14:38:58.592834,1053.25625,1,completed,2026-04-29 00:00:00,2026-05-04 23:31:09.40855,2026-05-04 23:31:09.421376,,,,,,job,,,false,,0
6059-L-33,6059,landscape,Company 6CDECF5F,2026-04-29 14:50:43.474183,1293,1,completed,2026-04-30 00:00:00,2026-04-29 14:51:33.520075,2026-04-29 14:51:33.531726,Person 76ECAD1C,555-0134,,,,job,,,false,,0
6059-L-34,6059,landscape,Company D35E67B5,2026-05-01 14:08:46.080803,77.58,1,completed,2026-05-01 00:00:00,2026-05-01 14:52:43.581861,2026-05-01 14:52:43.593546,Person 9044842F,,,,,will_call,,,false,,0
6059-L-35,6059,landscape,Company 725B3DA8,2026-05-01 15:19:12.792517,560.3,1,completed,2026-05-04 00:00:00,2026-05-01 15:19:36.18152,2026-05-01 15:19:36.198792,Person FDEFD43F,555-0134,,,,job,,,false,,0
6059-L-36,6059,landscape,Company 520BDD44,2026-05-01 15:20:47.269366,3286.375,3,completed,2026-05-04 00:00:00,2026-05-01 17:28:57.361528,2026-05-01 17:28:57.374924,Person FDEFD43F,555-0134,,,,job,,,false,,0
6059-L-37,6059,landscape,Company B548E4AD,2026-05-01 15:20:47.269366,2710.99,4,completed,2026-05-04 00:00:00,2026-05-01 17:28:57.417306,2026-05-01 17:28:57.425608,Person FDEFD43F,555-0134,,,,job,,,false,,0
6059-L-38,6059,landscape,Company F890493B,2026-05-05 17:24:51.917317,3316.76,3,completed,2026-06-03 00:00:00,2026-05-05 17:26:17.404183,2026-05-05 17:26:17.417356,Person FAB920E7,555-0128,,,,yard,,,false,,0
6059-L-39,6059,landscape,Company FA7B954D,2026-05-06 16:05:03.994717,1551.6,1,completed,2026-05-11 00:00:00,2026-05-06 16:05:50.21173,2026-05-06 16:05:50.222293,Person FDEFD43F,555-0134,,,,job,,,false,,0
6059-L-4,6059,landscape,Company F5154A13,2026-01-06 22:56:37.163036,44738.8,3,completed,2026-01-07 00:00:00,2026-05-14 20:57:58.971378,2026-05-14 20:57:58.980778,,,,,,job,,,false,,0
6059-L-40,6059,landscape,Company 2F610CBC,2026-05-06 16:14:31.328753,1168.33325,3,completed,2026-05-06 00:00:00,2026-05-06 18:26:47.911622,2026-05-06 18:26:47.92741,Person FDEFD43F,555-0134,,,,job,,,false,,0
6059-L-41,6059,landscape,Company F6DB773A,2026-05-06 18:26:05.296284,2263.665875,7,completed,2026-05-15 00:00:00,2026-05-14 17:20:08.019347,2026-05-14 17:20:08.036062,Person 9044842F,555-0176,,,,job,,,false,,0
6059-L-42,6059,landscape,Company 85C03ADA,2026-05-14 20:57:40.647714,558.89925,1,deleted,2026-05-20 00:00:00,2026-05-19 16:28:11.318534,2026-05-19 17:31:32.826681,Person 253039FB,,,,2026-05-19 17:31:32.822562,yard,,,false,,0
6059-L-43,6059,landscape,Company 09434731,2026-05-19 17:28:51.155624,462.2475,1,deleted,2026-05-20 00:00:00,2026-05-19 17:31:15.443351,2026-05-19 17:56:11.234283,Person 76ECAD1C,,,,2026-05-19 17:56:11.227149,yard,,,false,,0
6059-L-44,6059,landscape,Company 5513C1E9,2026-05-19 17:51:03.929897,476.255,1,deleted,2026-05-20 00:00:00,2026-05-19 17:51:40.076582,2026-05-21 20:44:41.828753,Person 76ECAD1C,,,,2026-05-21 20:44:41.823434,yard,,,false,,0
6059-L-45,6059,landscape,Company 725B3DA8,2026-05-21 18:39:34.110812,560.3,1,completed,2026-05-22 00:00:00,2026-05-21 18:39:59.534583,2026-05-21 18:39:59.553224,Person 9044842F,555-0176,,,,job,,,false,,0
6059-L-46,6059,landscape,Company B47AEED3,2026-05-21 20:44:25.884587,462.2475,1,completed,2026-05-22 00:00:00,2026-05-21 20:45:07.410884,2026-05-21 20:45:07.421134,Person 9044842F,,,,,will_call,,,false,,0
6059-L-47,6059,landscape,Company 09434731,2026-05-26 17:04:28.186061,1262.29125,5,completed,2026-05-27 00:00:00,2026-06-04 15:42:49.440819,2026-06-04 15:42:49.454294,Person FDEFD43F,555-0134,,,,job,,,false,,0
6059-L-48,6059,landscape,Company B47AEED3,2026-05-28 22:15:57.474346,237.05,1,completed,2026-05-29 00:00:00,2026-05-28 22:16:19.182299,2026-05-28 22:16:19.194339,Person 9044842F,,,,,will_call,,,false,,0
6059-L-49,6059,landscape,Company D8508194,2026-06-04 15:41:08.876083,123.9125,1,completed,2026-06-04 00:00:00,2026-06-04 15:42:36.341441,2026-06-04 15:42:36.353556,,,,,,will_call,,,false,,0
6059-L-5,6059,landscape,Company AB5CA754,2026-01-12 20:07:37.657275,2769.18,3,completed,2026-01-23 00:00:00,2026-01-12 20:10:51.975905,2026-01-12 20:10:52.003838,Person FAB920E7,555-0128,,,,yard,,,false,,0
6059-L-6,6059,landscape,Company AB5CA754,2026-01-12 20:16:12.529783,29943.73,3,completed,2026-03-30 00:00:00,2026-01-12 20:18:23.458231,2026-01-12 20:18:23.527078,Person FAB920E7,555-0128,,,,yard,,,false,,0
6059-L-7,6059,landscape,Company F890493B,2026-01-12 20:25:14.471284,18781.93,3,completed,2026-03-03 00:00:00,2026-02-17 21:39:38.684732,2026-02-17 21:39:38.703279,Person FAB920E7,555-0128,,,,yard,,,false,,0
6059-L-8,6059,landscape,Company 89E4720D,2026-01-12 22:19:42.074177,16627.91,3,completed,2026-03-24 00:00:00,2026-01-12 22:21:49.372393,2026-01-12 22:21:49.413349,Person FAB920E7,555-0128,,,,yard,,,false,,0
6059-L-9,6059,landscape,Company 4AC8F0DF,2026-01-12 22:28:32.457984,85883.73,3,completed,2026-05-07 00:00:00,2026-04-08 18:41:04.186632,2026-04-08 18:41:04.198882,Person FAB920E7,555-0128,,,,job,,,false,,0
6059-M-1,6059,maintenance,Company 85C03ADA,2026-06-17 15:49:53.993322,144.92375,3,completed,2026-06-18 00:00:00,2026-06-17 15:51:14.427083,2026-06-17 15:51:14.446879,Person D086513B,,,,,yard,,,false,,0
6059-S-1,6059,subcontract,Company 73F5C055,2026-03-23 21:52:56.749456,96470.35,2,completed,2026-04-23 00:00:00,2026-04-13 17:36:18.686272,2026-04-13 17:36:18.703639,Person 9044842F,555-0176,555-0128,,,job,,,false,,0
6059-S-2,6059,subcontract,Company 99729C00,2026-04-08 15:19:06.304837,7000,1,completed,2026-04-17 00:00:00,2026-04-16 20:52:19.195042,2026-04-16 20:52:19.205682,Person 9044842F,555-0157,,,,job,,,false,,0
6059-S-3,6059,subcontract,,2026-04-16 20:51:08.944983,0,0,in_progress,,,2026-04-16 20:51:08.945565,,,,,,job,,,false,,0
6060-D-1,6060,drains,Company C82B1E5C,2026-05-01 20:39:07.747435,2901.93211,12,completed,2026-05-05 00:00:00,2026-05-04 22:13:37.478269,2026-05-04 22:13:37.495533,Person 1B9E000C,555-0101,,,,job,,,false,,0
6060-D-10,6060,drains,Company C82B1E5C,2026-05-18 18:55:50.403016,2398.89672,3,completed,2026-05-19 00:00:00,2026-05-19 14:06:51.666881,2026-05-19 14:06:51.676131,Person 4E789DCD,555-0109,,,,job,,,false,,0
6060-D-11,6060,drains,Company C82B1E5C,2026-05-21 18:59:20.20848,705.61744,1,completed,2026-05-22 00:00:00,2026-05-21 22:29:13.384877,2026-05-21 22:29:13.396402,Person 1B9E000C,555-0101,,,,job,,,false,,0
6060-D-12,6060,drains,Company C82B1E5C,2026-05-27 14:43:13.557707,1599.24072,3,completed,2026-05-27 00:00:00,2026-05-27 17:52:04.015488,2026-05-27 17:52:04.03016,Person 1B9E000C,555-0101,,,,job,,,false,,0
6060-D-13,6060,drains,Company C82B1E5C,2026-05-28 17:16:42.558984,775.742,1,completed,2026-05-28 00:00:00,2026-05-28 17:29:04.436749,2026-05-28 17:29:04.449478,,,,,,yard,,,false,,0
6060-D-14,6060,drains,Company C82B1E5C,2026-06-18 17:15:48.344856,2400.58819,13,completed,2026-06-22 00:00:00,2026-06-18 18:30:00.69582,2026-06-18 18:30:00.71435,Person 1B9E000C,555-0101,,,,job,,,false,,0
6060-D-15,6060,drains,Company C82B1E5C,2026-06-23 18:09:14.242167,236.702928,1,completed,2026-06-23 00:00:00,2026-06-23 20:43:31.695965,2026-06-23 20:43:31.708527,,,,,,yard,,,false,,0
6060-D-16,6060,drains,Company C82B1E5C,2026-06-25 16:06:04.337862,283.14,3,completed,2026-06-25 00:00:00,2026-06-25 16:10:29.047178,2026-06-25 16:10:29.058927,Person 1B9E000C,555-0101,,,,job,,,false,,0
6060-D-17,6060,drains,Company C82B1E5C,2026-06-26 14:26:08.547732,5765.1528,16,completed,2026-06-27 00:00:00,2026-07-06 14:50:39.979083,2026-07-06 14:50:39.995009,Person 4E789DCD,555-0109,,,,job,,,false,,0
6060-D-18,6060,drains,Company C82B1E5C,2026-07-09 17:32:02.473761,3451.48947,14,completed,2026-07-13 00:00:00,2026-07-10 22:41:47.766744,2026-07-10 22:41:47.787808,Person 1B9E000C,,555-0101,,,job,,,false,,0
6060-D-19,6060,drains,Company C82B1E5C,2026-07-14 12:45:40.167646,2915.45243,7,completed,2026-07-16 00:00:00,2026-07-15 16:19:17.055693,2026-07-15 16:19:17.069747,Person 4E789DCD,555-0109,,,,job,,,false,,0
6060-D-2,6060,drains,Company C82B1E5C,2026-05-04 14:40:59.022471,81.18825,1,completed,2026-05-04 00:00:00,2026-05-04 22:11:15.849683,2026-05-04 22:11:15.862446,,,,,,yard,,,false,,0
6060-D-20,6060,drains,Company C82B1E5C,2026-07-15 17:07:34.194489,158.4,1,completed,2026-07-15 00:00:00,2026-07-15 17:08:20.335134,2026-07-15 17:08:20.34504,,,,,,yard,,,false,,0
6060-D-21,6060,drains,Company C82B1E5C,2026-07-15 20:03:45.44908,2391.19694,10,completed,2026-07-16 00:00:00,2026-07-16 17:37:08.19321,2026-07-16 17:37:08.209033,Person 1B9E000C,555-0101,,,,job,,,false,,0
6060-D-22,6060,drains,Company C82B1E5C,2026-07-28 18:23:38.261498,5991.07047,5,completed,2026-07-28 00:00:00,2026-07-28 21:14:02.495943,2026-07-28 21:14:02.509185,,,,,,yard,,,false,,0
6060-D-3,6060,drains,Company C82B1E5C,2026-05-06 16:37:42.208936,263.42206,3,completed,2026-05-06 00:00:00,2026-05-19 15:12:30.114175,2026-05-19 15:12:30.125187,,,,,,yard,,,false,,0
6060-D-4,6060,drains,Company C82B1E5C,2026-05-06 20:03:02.615211,202.4,2,completed,2026-05-06 00:00:00,2026-05-06 20:03:15.168213,2026-05-06 20:03:15.181376,,,,,,yard,,,false,,0
6060-D-5,6060,drains,Company C82B1E5C,2026-05-07 21:33:28.184786,2259.761438,11,completed,2026-05-11 00:00:00,2026-05-08 21:04:19.633334,2026-05-08 21:04:19.651897,Person 4E789DCD,555-0109,,,,job,,,false,,0
6060-D-6,6060,drains,Company C82B1E5C,2026-05-08 15:18:00.448662,1452.359656,5,completed,2026-05-08 00:00:00,2026-05-19 15:11:06.338215,2026-05-19 15:11:06.353463,,,,,,yard,,,false,,0
6060-D-7,6060,drains,Company C82B1E5C,2026-05-14 16:47:23.084153,8262.232,14,completed,2026-05-14 00:00:00,2026-05-14 16:56:51.330993,2026-05-14 16:56:51.347698,Person 4E789DCD,555-0109,,,,job,,,false,,0
6060-D-8,6060,drains,Company C82B1E5C,2026-05-15 15:13:30.853237,355.054392,1,completed,2026-05-15 00:00:00,2026-05-15 22:31:39.665845,2026-05-15 22:31:39.679068,,,,,,yard,,,false,,0
6060-D-9,6060,drains,Company C82B1E5C,2026-05-18 17:48:29.479173,70.532,1,completed,2026-05-18 00:00:00,2026-05-18 17:48:36.747001,2026-05-18 17:48:36.758361,,,,,,yard,,,false,,0
6060-I-1,6060,irrigation,,2026-05-01 18:43:13.531202,0,0,in_progress,2026-06-23 00:00:00,,2026-06-23 18:09:12.915956,,,,,,job,,,false,,0
6060-L-1,6060,landscape,,2026-05-06 16:42:32.306249,0,0,in_progress,,,2026-05-06 16:42:32.306875,,,,,,job,,,false,,0
6061-D-1,6061,drains,,2026-06-04 15:17:54.101149,0,0,in_progress,,,2026-06-04 15:17:54.101808,,,,,,job,,,false,,0
6061-I-1,6061,irrigation,,2026-06-04 15:17:33.077955,0,0,in_progress,,,2026-06-04 15:17:33.07854,,,,,,job,,,false,,0
6061-L-1,6061,landscape,Company 7FC335AE,2026-05-28 22:36:13.018202,348,1,completed,2026-06-01 00:00:00,2026-05-28 22:39:18.716699,2026-05-28 22:39:18.728398,Person 33B0216B,555-0107,,,,job,,,false,,0
6061-L-2,6061,landscape,Company B548E4AD,2026-05-28 22:36:13.018202,1340.8875,3,completed,2026-06-01 00:00:00,2026-05-28 22:39:18.771979,2026-05-28 22:39:18.779242,Person 33B0216B,555-0107,,,,job,,,false,,0
6061-L-3,6061,landscape,Company F6DB773A,2026-05-28 22:36:13.018202,835.471875,2,completed,2026-06-01 00:00:00,2026-05-28 22:39:18.81813,2026-05-28 22:39:18.826665,Person 33B0216B,555-0107,,,,job,,,false,,0
6061-L-4,6061,landscape,,2026-06-04 15:18:36.930133,0,0,in_progress,,,2026-06-04 15:18:36.930723,,,,,,job,,,false,,0
6062-D-1,6062,drains,Company D35E67B5,2026-02-25 15:38:26.318964,7929.11093,18,completed,2026-07-28 00:00:00,2026-07-27 17:48:09.965805,2026-07-27 17:48:09.985668,Person 4E789DCD,555-0109,,,,job,,,false,,0
6062-D-2,6062,drains,Company D35E67B5,2026-08-11 14:25:24.026206,1297.27,3,completed,2026-08-11 00:00:00,2026-08-11 14:48:26.133491,2026-08-11 14:48:26.14524,Person F5F28944,555-0197,,,,job,,,false,,0
6062-D-3,6062,drains,Company 5661A390,2026-09-04 17:53:09.606325,331.5,1,completed,2026-09-08 00:00:00,2026-09-04 17:53:51.453773,2026-09-04 17:53:51.461377,,,,,,yard,,,false,,0
6062-D-4,6062,drains,Company D35E67B5,2026-09-08 15:10:38.555074,2195.9665,1,completed,2026-09-08 00:00:00,2026-09-08 15:24:35.470526,2026-09-08 15:24:35.478966,,,,,,yard,,,false,,0
6062-I-1,6062,irrigation,Company D35E67B5,2026-02-18 22:24:57.631231,21202.74,2,completed,2026-02-19 00:00:00,2026-02-18 22:32:50.30628,2026-02-18 22:32:50.35438,,,,,,yard,,,false,,0
6062-I-10,6062,irrigation,Company D35E67B5,2026-09-08 15:39:46.427363,3366.4053735,2,completed,2026-09-09 00:00:00,2026-09-09 15:50:46.534547,2026-09-09 15:50:46.545024,Person 9797BB7E,555-0110,,,,job,,,false,,0
6062-I-11,6062,irrigation,Company EE5388D9,2026-09-09 18:11:50.19928,2720,1,completed,2026-09-09 00:00:00,2026-09-09 18:13:19.311909,2026-09-09 18:13:19.327106,,,,,,yard,,,false,,0
6062-I-2,6062,irrigation,Company D35E67B5,2026-02-24 15:24:38.802767,15350.4611,13,completed,2026-02-25 00:00:00,2026-02-25 16:41:53.911196,2026-02-25 16:41:53.997588,,,,,,yard,,,false,,0
6062-I-3,6062,irrigation,Company C82B1E5C,2026-02-24 19:26:33.829346,50364.76185,1,completed,2026-02-26 00:00:00,2026-02-25 19:04:11.681189,2026-02-25 19:04:11.741793,,,,,,yard,,,false,,0
6062-I-4,6062,irrigation,Company BAA43BFB,2026-05-18 16:46:46.156402,885.294397,1,completed,2026-05-19 00:00:00,2026-05-18 17:19:49.901939,2026-05-18 17:19:49.914195,,,,,,yard,,,false,,0
6062-I-5,6062,irrigation,Company D35E67B5,2026-06-25 15:48:33.489992,3049.137,1,completed,2026-07-07 00:00:00,2026-07-08 21:27:16.767024,2026-07-08 21:27:16.77893,,,,,,yard,,,false,,0
6062-I-6,6062,irrigation,Company D35E67B5,2026-07-07 17:04:56.065697,8262.69275,23,completed,2026-07-07 00:00:00,2026-07-07 22:59:55.56513,2026-07-07 22:59:55.587642,,,,,,yard,,,false,,0
6062-I-7,6062,irrigation,Company AEF5A8A0,2026-07-07 17:04:56.065697,0,8,completed,2026-07-07 00:00:00,2026-07-07 21:48:18.607722,2026-07-07 21:48:18.619143,,,,,,yard,,,false,,0
6062-I-8,6062,irrigation,Company D35E67B5,2026-07-09 21:27:37.348126,93081.1557,91,completed,2026-08-11 00:00:00,2026-08-11 22:57:29.221762,2026-08-11 22:57:29.278081,,,,,,yard,,,false,,0
6062-I-9,6062,irrigation,Company D35E67B5,2026-08-20 17:43:50.464533,435.29265,1,completed,2026-08-21 00:00:00,2026-08-20 18:03:04.594373,2026-08-20 18:03:04.605133,,,,,,yard,,,false,,0
6062-L-1,6062,landscape,Company B548E4AD,2026-02-18 18:10:39.482281,39481.65,1,deleted,2026-06-17 00:00:00,2026-03-25 18:32:52.962562,2026-03-25 21:12:02.472293,Person FAB920E7,555-0128,,,2026-03-25 21:12:02.466287,job,,,false,,0
6062-L-2,6062,landscape,Company F5E37F78,2026-02-18 18:10:39.482281,12127.9275,3,deleted,2026-06-17 00:00:00,2026-03-25 18:32:53.012609,2026-03-25 21:12:04.733685,Person FAB920E7,555-0128,,,2026-03-25 21:12:04.729069,job,,,false,,0
6062-L-3,6062,landscape,Company F6DB773A,2026-02-18 18:10:39.482281,6140.485,6,deleted,2026-06-17 00:00:00,2026-03-25 18:32:53.053319,2026-03-25 21:12:07.35571,Person FAB920E7,555-0128,,,2026-03-25 21:12:07.349627,job,,,false,,0
6062-L-4,6062,landscape,Company 85C03ADA,2026-02-18 18:10:39.482281,6138.8275,1,deleted,2026-06-17 00:00:00,2026-03-25 18:32:53.106793,2026-03-25 21:12:10.242517,Person FAB920E7,555-0128,,,2026-03-25 21:12:10.228039,job,,,false,,0
6062-L-5,6062,landscape,Company B47AEED3,2026-02-18 18:10:39.482281,2243.15,1,deleted,2026-06-17 00:00:00,2026-03-25 18:32:53.143108,2026-03-25 21:12:12.533567,Person FAB920E7,555-0128,,,2026-03-25 21:12:12.528616,job,,,false,,0
6062-L-6,6062,landscape,Company 85C03ADA,2026-03-31 14:46:11.854681,6613.425,3,deleted,2026-08-08 00:00:00,2026-08-26 12:57:29.775363,2026-08-26 12:59:03.927697,,,,,2026-08-26 12:59:03.921106,job,,,false,,0
6062-L-7,6062,landscape,,2026-08-12 01:27:22.737012,0,0,in_progress,,,2026-08-12 01:27:22.737947,,,,,,job,,,false,,0
6063-D-1,6063,drains,Company C82B1E5C,2026-03-09 14:27:17.144012,4062.1923855,9,completed,2026-03-09 00:00:00,2026-03-09 19:11:39.878611,2026-03-09 19:11:39.898153,Person F5F28944,555-0197,,,,job,,,false,,0
6063-D-2,6063,drains,Company D35E67B5,2026-03-09 19:07:27.186782,233.421,2,completed,2026-03-09 00:00:00,2026-03-12 23:27:27.008647,2026-03-12 23:27:27.021847,Person F5F28944,555-0197,,,,will_call,,,false,,0
6063-D-3,6063,drains,Company D35E67B5,2026-03-10 18:59:28.456693,63.390375,1,completed,2026-03-11 00:00:00,2026-03-10 19:09:12.764073,2026-03-10 19:09:12.774061,,,,,,will_call,,,false,,0
6063-D-4,6063,drains,Company 2F610CBC,2026-04-03 19:13:12.973669,117.7599375,2,completed,2026-04-03 00:00:00,2026-04-03 19:13:59.359291,2026-04-03 19:13:59.371173,Person 7260BABF,,,,,will_call,,,false,,0
6063-D-5,6063,drains,Company C82B1E5C,2026-04-24 14:25:40.119008,830.3069025,2,completed,2026-06-23 00:00:00,2026-06-23 20:08:22.968456,2026-06-23 20:08:22.981576,Person 895C1A0D,555-0117,,,,job,,,false,,0
6063-D-6,6063,drains,Company C82B1E5C,2026-08-07 16:59:42.166203,2730.25923,9,completed,2026-08-11 00:00:00,2026-08-07 18:25:01.377156,2026-08-07 18:25:01.396215,Person F5F28944,555-0197,,,,job,,,false,,0
6063-I-1,6063,irrigation,Company D35E67B5,2026-02-17 18:05:15.764522,2732.3481,15,completed,2026-02-18 00:00:00,2026-02-17 18:32:57.188979,2026-02-17 18:32:57.338697,,,,,,job,,,false,,0
6063-I-10,6063,irrigation,Company C82B1E5C,2026-06-11 21:31:45.900132,79.431,1,completed,2026-06-12 00:00:00,2026-06-12 14:39:41.618957,2026-06-12 14:39:41.637185,Person C6FE02A5,555-0153,,,,job,,,false,,0
6063-I-11,6063,irrigation,Company C82B1E5C,2026-06-16 14:35:24.118277,182.597688,3,completed,2026-06-16 00:00:00,2026-06-16 21:46:44.952097,2026-06-16 21:46:44.967875,,,,,,yard,,,false,,0
6063-I-12,6063,irrigation,Company C82B1E5C,2026-06-17 15:59:58.725518,6237.36479775,28,completed,2026-06-17 00:00:00,2026-06-17 19:09:25.356799,2026-06-17 19:09:25.380185,Person 63C78BB9,555-0130,,,,job,,,false,,0
6063-I-13,6063,irrigation,Company C82B1E5C,2026-06-17 19:04:41.081154,328.22751,8,completed,2026-06-23 00:00:00,2026-06-24 15:26:01.99373,2026-06-24 15:26:02.015356,Person 63C78BB9,555-0130,,,,job,,,false,,0
6063-I-14,6063,irrigation,Company C82B1E5C,2026-06-23 15:36:10.375498,1309.23603,7,completed,2026-06-24 00:00:00,2026-06-23 18:01:03.198592,2026-06-23 18:01:03.211438,,,,,,yard,,,false,,0
6063-I-15,6063,irrigation,Company C82B1E5C,2026-06-24 15:21:38.249851,819.124575,9,completed,2026-06-29 00:00:00,2026-06-29 15:36:46.964257,2026-06-29 15:36:46.980438,Person 63C78BB9,555-0130,,,,job,,,false,,0
6063-I-16,6063,irrigation,Company C82B1E5C,2026-06-29 15:54:47.61851,467.3118,7,completed,2026-07-01 00:00:00,2026-07-01 21:33:24.743304,2026-07-01 21:33:24.762323,,,,,,yard,,,false,,0
6063-I-17,6063,irrigation,Company D35E67B5,2026-07-07 20:03:43.74508,807.20775,2,completed,2026-07-07 00:00:00,2026-07-07 22:41:31.597226,2026-07-07 22:41:31.60881,Person 63C78BB9,555-0153,,,,yard,,,false,,0
6063-I-18,6063,irrigation,Company C82B1E5C,2026-07-13 17:22:50.437824,146.89699875,5,completed,2026-07-13 00:00:00,2026-07-13 20:30:10.755381,2026-07-13 20:30:10.768269,,,,,,yard,,,false,,0
6063-I-19,6063,irrigation,Company C82B1E5C,2026-07-13 20:28:13.911617,276.138,2,completed,2026-08-07 00:00:00,2026-08-07 17:05:29.466599,2026-08-07 17:05:29.479184,,,,,,yard,,,false,,0
6063-I-2,6063,irrigation,Company D35E67B5,2026-03-31 14:02:23.697292,0.174,1,deleted,2026-04-01 00:00:00,2026-06-18 23:00:13.213317,2026-06-18 23:00:32.983128,Person 63C78BB9,555-0130,,,2026-06-18 23:00:32.978681,job,,,false,,0
6063-I-20,6063,irrigation,Company C82B1E5C,2026-08-12 15:06:21.703775,114.481125,4,completed,2026-08-12 00:00:00,2026-08-12 22:38:20.056116,2026-08-12 22:38:20.071272,,,,,,yard,,,false,,0
6063-I-21,6063,irrigation,Company C82B1E5C,2026-08-17 14:37:14.893846,2355.79415625,18,completed,2026-08-28 00:00:00,2026-08-28 15:42:16.124997,2026-08-28 15:42:16.142681,,,,,,yard,,,false,,0
6063-I-22,6063,irrigation,Company D35E67B5,2026-08-28 16:03:36.527518,177.48,1,completed,2026-08-28 00:00:00,2026-08-28 16:05:38.50574,2026-08-28 16:05:38.513758,Person 63C78BB9,,,,,will_call,,,false,,0
6063-I-3,6063,irrigation,Company C82B1E5C,2026-04-09 14:10:11.230995,939.37815,5,completed,2026-04-09 00:00:00,2026-04-09 14:12:08.77084,2026-04-09 14:12:08.790831,,,,,,yard,,,false,,0
6063-I-4,6063,irrigation,Company D35E67B5,2026-04-24 14:23:20.066286,186.43665,4,completed,2026-04-24 00:00:00,2026-04-24 14:39:19.921732,2026-04-24 14:39:19.934765,Person 63C78BB9,,,,,will_call,,,false,,0
6063-I-5,6063,irrigation,Company C82B1E5C,2026-06-03 18:51:25.316668,226.7553645,2,completed,2026-06-03 00:00:00,2026-06-03 20:02:39.001922,2026-06-03 20:02:39.013786,,,,,,yard,,,false,,0
6063-I-6,6063,irrigation,Company C82B1E5C,2026-06-03 20:02:12.524256,1352.48684025,17,completed,2026-06-06 00:00:00,2026-06-05 17:38:53.199597,2026-06-05 17:38:53.220977,Person 63C78BB9,555-0130,,,,job,,,false,,0
6063-I-7,6063,irrigation,Company 2F610CBC,2026-06-03 20:02:12.524256,838.0275,6,deleted,2026-06-06 00:00:00,2026-06-05 15:16:15.112638,2026-06-05 15:39:59.906404,Person 63C78BB9,555-0130,,,2026-06-05 15:39:59.90138,job,,,false,,0
6063-I-8,6063,irrigation,Company C82B1E5C,2026-06-09 14:21:53.679659,268.68099075,6,completed,2026-06-09 00:00:00,2026-06-10 18:40:52.666952,2026-06-10 18:40:52.680841,,,,,,yard,,,false,,0
6063-I-9,6063,irrigation,Company C82B1E5C,2026-06-11 16:13:02.356741,255.2525625,7,completed,2026-06-11 00:00:00,2026-06-11 16:26:58.265512,2026-06-11 16:26:58.279039,Person 63C78BB9,555-0130,,,,job,,,false,,0
6063-L-1,6063,landscape,Company 97432A7F,2026-02-18 16:48:39.253498,4344.5625,1,completed,2026-03-07 00:00:00,2026-03-06 19:30:26.964782,2026-03-06 19:30:26.983655,,,,,,job,,,false,,0
6063-L-10,6063,landscape,Company 725B3DA8,2026-07-09 14:14:07.15716,282.75,1,completed,2026-07-09 00:00:00,2026-07-09 14:14:32.363643,2026-07-09 14:14:32.373769,,,,,,will_call,,,false,,0
6063-L-11,6063,landscape,Company B47AEED3,2026-07-09 18:10:28.542275,239.25,1,completed,2026-07-10 00:00:00,2026-07-09 18:11:21.402421,2026-07-09 18:11:21.411026,,,,,,will_call,,,false,,0
6063-L-12,6063,landscape,Company B1347A9D,2026-07-10 14:59:26.996128,7.6125,1,completed,2026-07-10 00:00:00,2026-07-10 15:00:03.575437,2026-07-10 15:00:03.59028,,,,,,will_call,,,false,,0
6063-L-13,6063,landscape,,2026-08-11 15:54:50.572692,0,0,in_progress,,,2026-08-11 15:54:50.573289,,,,,,job,,,false,,0
6063-L-2,6063,landscape,Company 93078B9A,2026-05-21 16:06:49.540642,1934.6625,4,completed,2026-06-22 00:00:00,2026-06-18 17:15:15.379115,2026-06-18 17:15:15.39652,Person 4E789DCD,555-0176,,,,job,,,false,,0
6063-L-3,6063,landscape,Company 09434731,2026-05-21 16:06:49.540642,1147.3125,2,completed,2026-06-22 00:00:00,2026-06-18 17:15:15.43593,2026-06-18 17:15:15.442038,Person 4E789DCD,555-0176,,,,job,,,false,,0
6063-L-4,6063,landscape,Company 99AC62BC,2026-06-24 14:27:04.628449,4711.59375,7,completed,2026-06-26 00:00:00,2026-06-24 20:21:32.588731,2026-06-24 20:21:32.604989,Person F3F57736,555-0127,,,,job,,,false,,0
6063-L-5,6063,landscape,Company 93078B9A,2026-06-24 14:27:04.628449,5442.9375,5,completed,2026-06-26 00:00:00,2026-06-24 20:22:15.079092,2026-06-24 20:22:15.093478,Person F3F57736,555-0127,,,,job,,,false,,0
6063-L-6,6063,landscape,Company B548E4AD,2026-06-24 14:27:04.628449,2262,2,completed,2026-06-26 00:00:00,2026-06-24 20:18:32.767325,2026-06-24 20:18:32.774489,Person F3F57736,555-0127,,,,job,,,false,,0
6063-L-7,6063,landscape,Company B1347A9D,2026-06-24 14:27:04.628449,3915,1,deleted,2026-06-26 00:00:00,2026-06-24 20:18:32.803759,2026-06-24 20:21:05.396342,Person F3F57736,555-0127,,,2026-06-24 20:21:05.39131,job,,,false,,0
6063-L-8,6063,landscape,Company FA7B954D,2026-07-07 14:41:21.020394,469.8,1,completed,2026-07-09 00:00:00,2026-07-07 14:42:17.481194,2026-07-07 14:42:17.490987,Person F3F57736,555-0127,,,,job,,,false,,0
6063-L-9,6063,landscape,Company 09434731,2026-07-07 15:48:59.027389,793.875,2,completed,2026-07-08 00:00:00,2026-07-07 16:58:08.425478,2026-07-07 16:58:08.442705,Person 4E789DCD,555-0176,,,,job,,,false,,0
6064-D-1,6064,drains,,2026-02-26 16:48:43.826488,0,0,in_progress,,,2026-02-26 16:48:43.827113,,,,,,job,,,false,,0
6064-I-1,6064,irrigation,Company D35E67B5,2026-02-26 18:59:27.796556,1602.56175,6,completed,2026-02-26 00:00:00,2026-03-16 21:37:17.119531,2026-03-16 21:37:17.133547,,,,,,yard,,,false,,0
6064-I-2,6064,irrigation,Company D35E67B5,2026-02-27 21:36:59.877872,675.3375,2,completed,2026-02-27 00:00:00,2026-02-27 23:00:36.651174,2026-02-27 23:00:38.22517,,,,,,yard,,,false,,0
6064-I-3,6064,irrigation,Company 2F610CBC,2026-03-16 18:18:56.973013,171.1670625,1,completed,2026-03-17 00:00:00,2026-03-16 21:36:18.312613,2026-03-16 21:36:18.327357,,,,,,yard,,,false,,0
6064-I-4,6064,irrigation,Company C82B1E5C,2026-06-01 18:32:09.450038,6100.7368875,7,completed,2026-06-03 00:00:00,2026-06-02 16:04:15.487782,2026-06-02 16:04:15.501169,Person 4E789DCD,555-0158,,,,job,,,false,,0
6064-I-5,6064,irrigation,Company D35E67B5,2026-06-04 21:03:06.926422,586.112475,2,completed,2026-06-05 00:00:00,2026-06-08 14:48:19.77795,2026-06-08 14:48:19.794412,Person 7260BABF,555-0158,,,,job,,,false,,0
6065-D-1,6065,drains,,2026-05-19 14:10:39.77679,0,0,in_progress,2026-08-12 00:00:00,,2026-08-12 14:51:39.204927,Person 38FA9B9B,555-0106,,,,job,,,false,,0
6065-I-1,6065,irrigation,Company 2F610CBC,2026-02-02 21:59:23.915685,3894.652875,5,completed,2026-02-06 00:00:00,2026-02-06 21:31:25.933713,2026-02-06 21:31:25.955989,Person 4E789DCD,555-0176,,,,job,,,false,,0
6065-I-10,6065,irrigation,Company 2F610CBC,2026-04-15 15:55:54.709703,797.1375,1,completed,2026-04-16 00:00:00,2026-04-15 15:56:10.066308,2026-04-15 15:56:10.08036,,,,,,yard,,,false,,0
6065-I-11,6065,irrigation,Company 2F610CBC,2026-04-17 14:24:48.359599,392.1253125,6,completed,2026-04-17 00:00:00,2026-04-17 15:37:09.683602,2026-04-17 15:37:09.707579,Person 63C78BB9,555-0130,,,,job,,,false,,0
6065-I-12,6065,irrigation,Company D35E67B5,2026-04-23 14:14:41.974398,9649.815975,33,completed,2026-04-23 00:00:00,2026-04-24 20:23:41.276677,2026-04-24 20:23:41.303202,Person 63C78BB9,555-0130,,,,job,,,false,,0
6065-I-13,6065,irrigation,Company 2F610CBC,2026-04-23 18:35:03.239519,59.7429,1,completed,2026-04-24 00:00:00,2026-04-24 14:03:52.743544,2026-04-24 14:03:52.761758,,,,,,yard,,,false,,0
6065-I-14,6065,irrigation,Company 2F610CBC,2026-04-30 16:06:23.933661,782.6085,9,completed,2026-04-30 00:00:00,2026-04-30 22:59:03.604112,2026-04-30 22:59:03.619417,Person 63C78BB9,555-0130,,,,job,,,false,,0
6065-I-15,6065,irrigation,Company D35E67B5,2026-04-30 16:06:23.933661,3.80625,1,deleted,2026-04-30 00:00:00,2026-04-30 16:12:36.98035,2026-04-30 16:13:27.542371,Person 63C78BB9,555-0130,,,2026-04-30 16:13:27.536957,job,,,false,,0
6065-I-16,6065,irrigation,Company D35E67B5,2026-04-30 16:06:23.933661,3.80625,1,deleted,2026-04-30 00:00:00,2026-04-30 16:13:50.554392,2026-04-30 16:16:38.278949,Person 63C78BB9,555-0130,,,2026-04-30 16:16:38.270517,job,,,false,,0
6065-I-17,6065,irrigation,Company 2F610CBC,2026-05-04 14:25:38.791739,644.6352,6,completed,2026-05-05 00:00:00,2026-05-04 20:09:28.88858,2026-05-04 20:09:28.901542,,,,,,yard,,,false,,0
6065-I-18,6065,irrigation,Company D35E67B5,2026-04-30 16:06:23.933661,3.80625,1,deleted,2026-04-30 00:00:00,2026-04-30 16:17:42.341263,2026-04-30 16:23:57.36933,Person 63C78BB9,555-0130,,,2026-04-30 16:23:57.363186,job,,,false,,0
6065-I-19,6065,irrigation,Company D35E67B5,2026-04-30 16:06:23.933661,3.80625,1,deleted,2026-04-30 00:00:00,2026-04-30 16:18:43.654051,2026-04-30 16:23:54.969331,Person 63C78BB9,555-0130,,,2026-04-30 16:23:54.963212,job,,,false,,0
6065-I-2,6065,irrigation,Company D35E67B5,2026-02-06 19:17:16.866248,1517.4975,5,completed,2026-02-06 00:00:00,2026-02-06 21:27:59.811118,2026-02-06 21:27:59.826276,Person 4E789DCD,555-0109,,,,job,,,false,,0
6065-I-20,6065,irrigation,Company 2F610CBC,2026-05-08 14:31:24.090123,455.7495,2,completed,2026-05-08 00:00:00,2026-05-08 14:32:11.118177,2026-05-08 14:32:11.128315,Person 63C78BB9,555-0130,,,,job,,,false,,0
6065-I-21,6065,irrigation,Company 2F610CBC,2026-05-18 14:12:47.436321,28.468575,1,completed,2026-05-18 00:00:00,2026-05-18 16:01:02.909274,2026-05-18 16:01:02.921403,Person 63C78BB9,555-0130,,,,job,,,false,,0
6065-I-22,6065,irrigation,Company 2F610CBC,2026-05-18 20:18:36.406569,76.821,2,completed,2026-05-18 00:00:00,2026-05-18 20:59:27.620476,2026-05-18 20:59:27.635723,Person 63C78BB9,555-0130,,,,job,,,false,,0
6065-I-23,6065,irrigation,Company 2F610CBC,2026-05-20 15:54:55.013477,305.91375,3,completed,2026-05-20 00:00:00,2026-05-20 17:48:07.835276,2026-05-20 17:48:07.847618,Person 63C78BB9,555-0130,,,,job,,,false,,0
6065-I-24,6065,irrigation,Company 2F610CBC,2026-05-21 20:11:37.705994,249.58125,4,completed,2026-05-21 00:00:00,2026-05-21 20:44:22.479015,2026-05-21 20:44:22.492187,,,,,,yard,,,false,,0
6065-I-25,6065,irrigation,Company 2F610CBC,2026-05-22 16:52:05.900017,308.85,3,completed,2026-05-22 00:00:00,2026-05-22 16:53:39.371425,2026-05-22 16:53:39.382392,Person 63C78BB9,555-0130,,,,job,,,false,,0
6065-I-26,6065,irrigation,Company 2F610CBC,2026-05-26 14:52:24.23798,537.057525,4,completed,2026-05-26 00:00:00,2026-05-26 16:49:09.577429,2026-05-26 16:49:09.59052,,,,,,yard,,,false,,0
6065-I-27,6065,irrigation,Company 2F610CBC,2026-05-27 14:23:48.440577,260.989125,6,completed,2026-05-27 00:00:00,2026-05-27 17:13:37.837893,2026-05-27 17:13:37.853082,Person B98C7D92,555-0198,,,,job,,,false,,0
6065-I-28,6065,irrigation,Company D35E67B5,2026-05-28 14:06:02.701004,191.4,1,completed,2026-05-29 00:00:00,2026-05-28 16:02:55.946341,2026-05-28 16:02:55.95849,Person 63C78BB9,555-0130,,,,will_call,,,false,,0
6065-I-29,6065,irrigation,Company D35E67B5,2026-05-28 16:17:26.252303,206.625,1,completed,2026-05-28 00:00:00,2026-05-29 14:44:51.100972,2026-05-29 14:44:51.110797,,,,,,yard,,,false,,0
6065-I-3,6065,irrigation,Company 2F610CBC,2026-02-24 17:34:04.766811,288.6736125,3,completed,2026-02-25 00:00:00,2026-02-24 21:33:05.198082,2026-02-24 21:33:05.583254,,,,,,job,,,false,,0
6065-I-30,6065,irrigation,Company 2F610CBC,2026-05-29 15:14:07.563148,3028.354725,2,completed,2026-05-30 00:00:00,2026-05-29 15:53:23.057996,2026-05-29 15:53:23.069802,,,,,,yard,,,false,,0
6065-I-31,6065,irrigation,Company 2F610CBC,2026-06-02 15:27:25.098428,2967.3035625,9,completed,2026-06-03 00:00:00,2026-06-02 18:23:32.864252,2026-06-02 18:23:32.881055,Person B98C7D92,555-0198,,,,job,,,false,,0
6065-I-32,6065,irrigation,Company 2F610CBC,2026-06-09 17:26:56.985285,383.03925,6,completed,2026-06-09 00:00:00,2026-06-09 21:21:10.023768,2026-06-09 21:21:10.03767,Person 63C78BB9,555-0130,,,,job,,,false,,0
6065-I-33,6065,irrigation,Company D35E67B5,2026-06-10 16:33:27.575324,52.635,1,completed,2026-06-10 00:00:00,2026-06-10 20:46:05.162849,2026-06-10 20:46:05.174371,Person 63C78BB9,555-0130,,,,job,,,false,,0
6065-I-34,6065,irrigation,Company 2F610CBC,2026-06-10 18:43:19.642585,38.7585,2,completed,2026-06-11 00:00:00,2026-06-11 17:07:22.053137,2026-06-11 17:07:22.064496,,,,,,yard,,,false,,0
6065-I-35,6065,irrigation,Company 2F610CBC,2026-06-11 17:27:02.639116,281.999625,3,completed,2026-06-12 00:00:00,2026-06-11 18:02:06.636763,2026-06-11 18:02:06.654671,,,,,,yard,,,false,,0
6065-I-36,6065,irrigation,Company 2F610CBC,2026-06-16 15:12:28.607908,104.0607,5,completed,2026-06-16 00:00:00,2026-06-16 15:56:01.120949,2026-06-16 15:56:01.134218,,,,,,yard,,,false,,0
6065-I-37,6065,irrigation,Company 2F610CBC,2026-07-02 16:54:42.037229,8620.0383,34,completed,2026-07-06 00:00:00,2026-07-20 22:36:22.198994,2026-07-20 22:36:22.226083,Person 63C78BB9,555-0130,,,,job,,,false,,0
6065-I-38,6065,irrigation,Company 2F610CBC,2026-07-10 14:40:43.171325,110.055,2,completed,2026-07-10 00:00:00,2026-07-10 15:22:12.229047,2026-07-10 15:22:12.242125,Person 63C78BB9,555-0130,,,,job,,,false,,0
6065-I-39,6065,irrigation,Company 2F610CBC,2026-07-20 17:09:06.478569,172.727625,1,completed,2026-07-21 00:00:00,2026-07-20 18:10:46.18005,2026-07-20 18:10:46.191491,,,,,,will_call,,,false,,0
6065-I-4,6065,irrigation,Company 2F610CBC,2026-03-13 16:26:18.103308,8970.8571,33,completed,2026-03-16 00:00:00,2026-03-13 18:26:33.916555,2026-03-13 18:26:33.947835,Person B98C7D92,555-0198,,,,job,,,false,,0
6065-I-40,6065,irrigation,Company 2F610CBC,2026-07-22 15:31:21.837486,5257.38748875,4,completed,2026-07-22 00:00:00,2026-07-22 16:07:28.293472,2026-07-22 16:07:28.30326,,,,,,yard,,,false,,0
6065-I-41,6065,irrigation,Company 2F610CBC,2026-08-05 16:20:28.695685,440.413575,4,completed,2026-08-05 00:00:00,2026-08-05 20:58:27.50933,2026-08-05 20:58:27.52074,Person 63C78BB9,555-0130,,,,job,,,false,,0
6065-I-42,6065,irrigation,Company 2F610CBC,2026-08-06 14:48:36.218508,166.3005,2,completed,2026-08-06 00:00:00,2026-08-06 17:15:12.465489,2026-08-06 17:15:12.47938,Person B98C7D92,555-0198,,,,job,,,false,,0
6065-I-43,6065,irrigation,Company D35E67B5,2026-08-06 14:48:36.218508,265.872,2,completed,2026-08-06 00:00:00,2026-08-06 17:31:55.596246,2026-08-06 17:31:55.612033,Person B98C7D92,555-0198,,,,job,,,false,,0
6065-I-44,6065,irrigation,Company 2F610CBC,2026-08-07 17:08:06.456983,464.1439125,5,completed,2026-08-07 00:00:00,2026-08-07 20:03:26.102696,2026-08-07 20:03:26.117669,,,,,,yard,,,false,,0
6065-I-45,6065,irrigation,Company D35E67B5,2026-08-10 17:33:50.842098,257.19375,2,completed,2026-08-10 00:00:00,2026-08-10 17:35:34.339642,2026-08-10 17:35:34.353249,Person 63C78BB9,,,,,will_call,,,false,,0
6065-I-46,6065,irrigation,Company 2F610CBC,2026-08-12 14:52:13.249581,481.98435,6,completed,2026-08-13 00:00:00,2026-08-13 17:16:11.49272,2026-08-13 17:16:11.507732,,,,,,yard,,,false,,0
6065-I-47,6065,irrigation,Company 2F610CBC,2026-08-14 14:21:46.284918,304.7175,1,completed,2026-08-14 00:00:00,2026-08-14 16:14:01.231814,2026-08-14 16:14:01.245983,Person 63C78BB9,555-0130,,,,job,,,false,,0
6065-I-48,6065,irrigation,Company 2F610CBC,2026-08-17 14:38:04.109137,6013.39215,23,completed,2026-08-27 00:00:00,2026-08-27 21:40:08.133673,2026-08-27 21:40:08.166385,Person B98C7D92,555-0198,,,,job,,,false,,0
6065-I-49,6065,irrigation,,2026-08-27 17:06:46.663867,0,0,in_progress,,,2026-08-27 17:06:46.664647,,,,,,job,,,false,,0
6065-I-5,6065,irrigation,Company 2F610CBC,2026-03-25 17:08:50.726999,126.25875,1,completed,2026-03-25 00:00:00,2026-03-25 17:10:33.713988,2026-03-25 17:10:33.722951,Person 4E789DCD,555-0109,,,,will_call,,,false,,0
6065-I-6,6065,irrigation,Company D35E67B5,2026-03-30 15:04:54.143654,463.9275,1,completed,2026-03-31 00:00:00,2026-03-30 17:29:03.60078,2026-03-30 17:29:03.612581,Person B98C7D92,555-0198,,,,job,,,false,,0
6065-I-7,6065,irrigation,Company 2F610CBC,2026-04-03 15:42:31.790541,441.4651875,14,completed,2026-04-03 00:00:00,2026-04-03 16:21:44.926033,2026-04-03 16:21:44.942899,Person B98C7D92,555-0198,,,,job,,,false,,0
6065-I-8,6065,irrigation,Company 2F610CBC,2026-04-03 18:55:26.426014,145.87725,1,completed,2026-04-03 00:00:00,2026-04-03 18:55:58.187662,2026-04-03 18:55:58.20069,Person 7260BABF,,,,,will_call,,,false,,0
6065-I-9,6065,irrigation,Company 2F610CBC,2026-04-07 14:32:07.43109,2228.10915,10,completed,2026-04-07 00:00:00,2026-04-07 16:57:52.583202,2026-04-07 16:57:52.598684,Person 63C78BB9,555-0130,,,,job,,,false,,0
6065-L-1,6065,landscape,Company 10A6C4E2,2026-02-20 22:52:28.568498,18846.16,3,completed,2026-04-11 00:00:00,2026-02-23 23:00:56.07763,2026-02-23 23:00:56.145013,Person FAB920E7,555-0161,,,,yard,,,false,,0
6065-L-10,6065,landscape,Company 725B3DA8,2026-04-21 15:14:12.334995,293.625,1,completed,2026-04-21 00:00:00,2026-04-21 15:15:23.147392,2026-04-21 15:15:23.157265,Person 38FA9B9B,555-0113,,,,will_call,,,false,,0
6065-L-11,6065,landscape,Company 2F610CBC,2026-04-22 15:07:06.20513,85.5046875,1,completed,2026-04-23 00:00:00,2026-04-22 20:11:47.111946,2026-04-22 20:11:47.131973,Person 38FA9B9B,555-0106,,,,job,,,false,,0
6065-L-12,6065,landscape,Company 02A7AFB7,2026-04-24 14:06:04.901842,1576.875,4,completed,2026-05-12 00:00:00,2026-05-04 20:53:53.709305,2026-05-04 20:53:53.721232,Person A2958278,555-0113,,,,job,,,false,,0
6065-L-13,6065,landscape,Company 5513C1E9,2026-04-24 14:06:04.901842,1897.6875,2,completed,2026-05-12 00:00:00,2026-05-04 20:53:53.759957,2026-05-04 20:53:53.766428,Person A2958278,555-0113,,,,job,,,false,,0
6065-L-14,6065,landscape,Company F6DB773A,2026-05-04 21:02:00.153053,1824.553125,12,completed,2026-05-13 00:00:00,2026-05-11 17:56:09.794389,2026-05-11 17:56:09.812365,Person A2958278,555-0113,,,,job,,,false,,0
6065-L-15,6065,landscape,Company B1347A9D,2026-05-11 18:13:21.570208,595.40625,3,completed,2026-05-18 00:00:00,2026-05-14 21:39:16.991264,2026-05-14 21:39:17.007308,Person 647E55A3,,,,,job,,,false,,0
6065-L-16,6065,landscape,Company 520BDD44,2026-05-11 18:13:21.570208,1054.875,2,completed,2026-05-18 00:00:00,2026-05-14 21:39:17.041574,2026-05-14 21:39:17.047915,Person 647E55A3,,,,,job,,,false,,0
6065-L-17,6065,landscape,Company FA7B954D,2026-05-15 15:56:15.935747,1005.9375,1,completed,2026-05-21 00:00:00,2026-05-15 15:57:06.97855,2026-05-15 15:57:06.991948,Person BE807F72,555-0113,,,,job,,,false,,0
6065-L-18,6065,landscape,Company 99AC62BC,2026-05-19 14:10:55.945819,995.0625,6,completed,2026-05-22 00:00:00,2026-05-21 17:42:03.940987,2026-05-21 17:42:03.958952,Person A2958278,555-0113,,,,job,,,false,,0
6065-L-19,6065,landscape,Company DE14B8EC,2026-05-21 17:44:56.240916,97.875,1,completed,2026-05-22 00:00:00,2026-05-21 18:02:41.213142,2026-05-21 18:02:41.224228,Person A2958278,,,,,will_call,,,false,,0
6065-L-2,6065,landscape,Company 9FB20EA8,2026-02-20 23:10:37.406419,9008.625,3,completed,2026-04-11 00:00:00,2026-02-20 23:12:15.431085,2026-02-20 23:12:15.511505,Person FAB920E7,555-0128,,,,yard,,,false,,0
6065-L-20,6065,landscape,Company D35E67B5,2026-05-22 14:39:47.721827,684.864,1,completed,2026-05-22 00:00:00,2026-05-27 22:43:55.071422,2026-05-27 22:43:55.084466,Person A2958278,555-0113,,,,job,,,false,,0
6065-L-21,6065,landscape,Company E52B4B11,2026-05-22 14:41:03.916374,369.75,1,completed,2026-05-22 00:00:00,2026-05-22 14:41:30.813647,2026-05-22 14:41:30.828225,Person 9044842F,555-0176,,,,will_call,,,false,,0
6065-L-22,6065,landscape,Company FA7B954D,2026-05-26 12:46:55.423392,402.375,1,completed,2026-05-29 00:00:00,2026-05-27 15:15:20.517931,2026-05-27 15:15:20.530346,Person A2958278,555-0113,,,,job,,,false,,0
6065-L-23,6065,landscape,Company B47AEED3,2026-05-28 22:14:52.985538,280.03125,2,completed,2026-05-29 00:00:00,2026-06-16 13:40:02.767476,2026-06-16 13:40:02.813026,Person A2958278,,,,,will_call,,,false,,0
6065-L-24,6065,landscape,Company 2F610CBC,2026-06-01 15:04:30.150452,74.36325,1,completed,2026-06-01 00:00:00,2026-06-01 16:52:02.539451,2026-06-01 16:52:02.551095,Person 63C78BB9,555-0130,,,,job,,,false,,0
6065-L-25,6065,landscape,Company B47AEED3,2026-07-20 15:45:39.420449,19.46625,1,completed,2026-07-21 00:00:00,2026-07-20 15:46:13.788558,2026-07-20 15:46:13.798349,Person 70079056,,,,,will_call,,,false,,0
6065-L-26,6065,landscape,Company 724579F1,2026-07-24 14:44:59.094237,9017.148375,2,completed,2026-08-04 00:00:00,2026-08-19 19:29:16.884795,2026-08-19 19:29:16.896888,Person 4E789DCD,555-0176,,,,job,,,false,,0
6065-L-27,6065,landscape,Company DC9A38AE,2026-07-28 13:36:13.619326,1848.75,3,completed,2026-07-30 00:00:00,2026-07-28 13:45:10.349943,2026-07-28 13:45:10.361832,Person A2958278,555-0113,,,,job,,,false,,0
6065-L-28,6065,landscape,Company B1347A9D,2026-07-28 13:36:13.619326,1794.375,2,completed,2026-07-30 00:00:00,2026-07-28 13:46:27.267292,2026-07-28 13:46:27.28165,Person A2958278,555-0113,,,,job,,,false,,0
6065-L-29,6065,landscape,Company 2C7782AA,2026-07-28 13:36:13.619326,3474.5625,1,completed,2026-07-30 00:00:00,2026-07-28 13:43:51.930942,2026-07-28 13:43:51.937022,Person A2958278,555-0113,,,,job,,,false,,0
6065-L-3,6065,landscape,Company 02A7AFB7,2026-02-27 15:45:19.448407,3496.3125,3,completed,2026-04-07 00:00:00,2026-04-01 16:48:36.007633,2026-04-01 16:48:36.025298,Person A2958278,555-0113,,,,job,,,false,,0
6065-L-30,6065,landscape,Company 09434731,2026-08-03 14:11:16.753079,3009.166875,16,completed,2026-08-05 00:00:00,2026-08-04 15:14:52.142446,2026-08-04 15:14:52.159193,Person A2958278,555-0113,,,,job,,,false,,0
6065-L-31,6065,landscape,Company E52B4B11,2026-08-06 14:32:05.329764,739.5,1,completed,2026-08-06 00:00:00,2026-08-06 14:33:29.490466,2026-08-06 14:33:29.501229,Person 847C86C2,555-0128,,,,will_call,,,false,,0
6065-L-32,6065,landscape,Company FA7B954D,2026-08-06 14:34:28.084672,1529.025,1,completed,2026-08-11 00:00:00,2026-08-06 14:35:03.186575,2026-08-06 14:35:03.195937,Person A2958278,555-0113,,,,job,,,false,,0
6065-L-33,6065,landscape,Company D35E67B5,2026-08-10 14:43:42.833758,241.066125,1,completed,2026-08-10 00:00:00,2026-08-12 21:33:01.398478,2026-08-12 21:33:01.408722,Person A2958278,555-0113,,,,job,,,false,,0
6065-L-34,6065,landscape,Company 09434731,2026-08-10 16:21:15.416824,492.315625,5,completed,2026-08-11 00:00:00,2026-08-10 16:23:31.826381,2026-08-10 16:23:31.840869,Person BE807F72,555-0113,,,,job,,,false,,0
6065-L-35,6065,landscape,Company 2F610CBC,2026-08-12 14:51:41.633183,92.9595,1,completed,2026-08-12 00:00:00,2026-08-12 15:28:37.221319,2026-08-12 15:28:37.234981,Person 38FA9B9B,555-0106,,,,job,,,false,,0
6065-L-36,6065,landscape,Company 724579F1,2026-08-12 15:04:28.492044,4241.25,1,completed,2026-08-13 00:00:00,2026-08-12 15:05:21.855387,2026-08-12 15:05:21.864744,Person A2958278,555-0113,,,,job,,,false,,0
6065-L-37,6065,landscape,Company 520BDD44,2026-08-24 18:40:27.686174,1946.625,3,completed,2026-09-04 00:00:00,2026-09-03 12:58:36.416155,2026-09-03 12:58:36.427413,Person A2958278,555-0113,,,,job,,,false,,0
6065-L-38,6065,landscape,Company B1347A9D,2026-09-08 16:25:32.302476,795.72375,3,completed,2026-09-09 00:00:00,2026-09-08 16:26:30.08079,2026-09-08 16:26:30.09486,Person A2958278,555-0113,,,,job,,,false,,0
6065-L-4,6065,landscape,Company F6DB773A,2026-04-01 16:52:14.841711,1492.05,8,completed,2026-04-13 00:00:00,2026-04-10 21:04:08.61441,2026-04-10 21:04:08.629694,Person 38FA9B9B,555-0113,,,,job,,,false,,0
6065-L-5,6065,landscape,Company B548E4AD,2026-04-01 16:52:14.841711,1924.875,4,completed,2026-04-13 00:00:00,2026-04-10 13:31:03.68225,2026-04-10 13:31:03.689828,Person 38FA9B9B,555-0113,,,,job,,,false,,0
6065-L-6,6065,landscape,Company 724579F1,2026-04-13 18:56:12.11606,4566.25,2,completed,2026-04-17 00:00:00,2026-04-14 14:47:32.253903,2026-04-14 14:47:32.269286,Person 9044842F,555-0176,,,,job,,,false,,0
6065-L-7,6065,landscape,Company 85C03ADA,2026-04-13 19:09:55.39914,440.4375,1,completed,2026-04-15 00:00:00,2026-04-13 19:19:51.927637,2026-04-13 19:19:51.938108,Person A2958278,,,,,yard,,,false,,0
6065-L-8,6065,landscape,Company FA7B954D,2026-04-17 14:27:05.033741,1408.3125,1,completed,2026-04-24 00:00:00,2026-04-22 13:50:57.632067,2026-04-22 13:50:57.654062,Person 91B849ED,555-0114,,,,job,,,false,,0
6065-L-9,6065,landscape,Company E52B4B11,2026-04-21 15:09:25.205924,739.5,1,completed,2026-04-21 00:00:00,2026-07-13 18:04:12.170064,2026-07-13 18:04:12.179782,Person 38FA9B9B,555-0113,,,,will_call,,,false,,0
6065-M-1,6065,maintenance,,2026-05-19 16:12:18.911583,220,1,in_progress,2026-06-17 00:00:00,,2026-06-16 13:36:25.682691,,,,,,job,,,false,,0
6065-S-1,6065,subcontract,,2026-05-19 16:12:23.808224,0,0,in_progress,,,2026-05-19 16:12:23.808771,,,,,,job,,,false,,0
6066-I-1,6066,irrigation,Company D35E67B5,2026-01-23 17:13:09.356935,953.12202,8,completed,2026-01-24 00:00:00,2026-01-26 18:48:50.389068,2026-01-26 18:48:50.40529,,,,,,yard,,,false,,0
6066-I-2,6066,irrigation,Company D35E67B5,2026-01-26 15:26:00.524736,17723.528125,5,completed,2026-01-27 00:00:00,2026-02-04 22:34:14.355269,2026-02-04 22:34:14.373418,,,,,,yard,,,false,,0
6066-I-3,6066,irrigation,Company D35E67B5,2026-01-28 14:45:03.185567,261.8325,6,completed,2026-01-29 00:00:00,2026-01-28 15:12:02.937487,2026-01-28 15:12:02.954458,Person 1CAC5ACA,,,,,yard,,,false,,0
6066-I-4,6066,irrigation,Company D35E67B5,2026-01-29 16:53:45.610741,496.18875,1,completed,2026-01-30 00:00:00,2026-01-30 17:44:24.455365,2026-01-30 17:44:24.468655,,,,,,yard,,,false,,0
6066-I-5,6066,irrigation,Company D35E67B5,2026-04-29 14:25:51.358298,1366.582475,17,completed,2026-04-29 00:00:00,2026-04-29 15:00:49.131946,2026-04-29 15:00:49.147884,,,,,,yard,,,false,,0
6066-I-6,6066,irrigation,Company D35E67B5,2026-05-19 15:54:21.539853,173.0465,6,completed,2026-05-20 00:00:00,2026-05-19 16:39:10.677818,2026-05-19 16:39:10.694778,,,,,,yard,,,false,,0
6066-I-7,6066,irrigation,Company D35E67B5,2026-08-05 17:38:28.741318,11.1198,2,completed,2026-08-05 00:00:00,2026-08-05 18:15:29.976898,2026-08-05 18:15:29.989721,,,,,,yard,,,false,,0
6066-L-1,6066,landscape,Company 93FFFB54,2026-01-26 17:51:44.134274,15285,1,completed,2026-02-27 00:00:00,2026-01-26 17:56:39.791347,2026-01-26 17:56:40.334438,Person 4E789DCD,555-0176,,,,job,,,false,,0
6066-L-10,6066,landscape,Company 725B3DA8,2026-05-20 22:23:27.26388,140.075,1,completed,2026-05-20 00:00:00,2026-05-20 22:23:53.005256,2026-05-20 22:23:53.016331,,,,,,will_call,,,false,,0
6066-L-11,6066,landscape,Company D35E67B5,2026-06-09 15:06:58.085858,402.069125,1,completed,2026-07-31 00:00:00,2026-07-31 14:37:15.621183,2026-07-31 14:37:15.631411,Person 4E789DCD,,,,,will_call,,,false,,0
6066-L-12,6066,landscape,Company 85C03ADA,2026-07-31 15:29:48.084979,1711.123875,5,completed,2026-08-03 00:00:00,2026-07-31 16:32:27.283226,2026-07-31 16:32:27.295578,Person C370DD96,555-0183,,,,job,,,false,,0
6066-L-13,6066,landscape,Company B47AEED3,2026-08-06 17:15:17.515133,216.5775,2,completed,2026-08-07 00:00:00,2026-08-06 17:15:49.424912,2026-08-06 17:15:49.436999,Person 4E789DCD,,,,,will_call,,,false,,0
6066-L-14,6066,landscape,Company 86A496FF,2026-09-01 14:16:48.943373,1777.875,1,completed,2026-09-11 00:00:00,2026-09-09 20:08:03.255655,2026-09-09 20:08:03.265852,Person C370DD96,555-0183,,,,job,,,false,,0
6066-L-15,6066,landscape,Company 85C03ADA,2026-09-01 14:16:48.943373,2872.184,5,completed,2026-09-11 00:00:00,2026-09-10 16:23:05.211525,2026-09-10 16:23:05.222785,Person C370DD96,555-0183,,,,job,,,false,,0
6066-L-2,6066,landscape,Company D35E67B5,2026-02-05 17:45:21.05058,1136.978,3,completed,2026-04-29 00:00:00,2026-04-29 17:35:37.559897,2026-04-29 17:35:37.580101,Person 9044842F,,,,,yard,,,false,,0
6066-L-3,6066,landscape,Company 2F610CBC,2026-04-29 17:38:13.649664,40.514,1,completed,2026-04-30 00:00:00,2026-04-29 17:38:48.205717,2026-04-29 17:38:48.215472,Person 9044842F,,,,,yard,,,false,,0
6066-L-4,6066,landscape,Company B47AEED3,2026-04-29 18:12:24.930452,3172.537125,7,completed,2026-05-06 00:00:00,2026-04-29 18:18:14.507722,2026-04-29 18:18:14.525248,Person 9044842F,555-0176,,,,job,,,false,,0
6066-L-5,6066,landscape,Company 85C03ADA,2026-04-29 18:12:24.930452,2559.0625,4,completed,2026-05-06 00:00:00,2026-04-29 18:18:14.575151,2026-04-29 18:18:14.582244,Person 9044842F,555-0176,,,,job,,,false,,0
6066-L-6,6066,landscape,Company ADE9598D,2026-04-30 16:26:29.212042,2700,2,completed,2026-05-05 00:00:00,2026-05-07 18:49:24.145036,2026-05-07 18:49:24.157655,Person 9044842F,555-0176,,,,job,,,false,,0
6066-L-7,6066,landscape,Company D8508194,2026-05-01 16:27:32.70004,145.4625,1,completed,2026-05-04 00:00:00,2026-05-01 22:00:54.652231,2026-05-01 22:00:54.662768,,,,,,will_call,,,false,,0
6066-L-8,6066,landscape,Company EB07253F,2026-05-05 15:02:04.810335,899.7125,2,completed,2026-05-11 00:00:00,2026-05-12 16:57:05.832077,2026-05-12 16:57:05.844885,Person 9044842F,,,,,yard,,,false,,0
6066-L-9,6066,landscape,Company DE14B8EC,2026-05-05 15:02:04.810335,144.70825,1,completed,2026-05-11 00:00:00,2026-05-11 15:43:15.451052,2026-05-11 15:43:15.462604,Person 9044842F,,,,,will_call,,,false,,0
6067-D-1,6067,drains,Company D35E67B5,2026-02-09 15:51:56.788041,851.106475,2,deleted,2026-02-10 00:00:00,2026-02-10 18:29:33.167517,2026-02-11 15:23:14.535735,,,,,2026-02-11 15:23:14.43317,yard,,,false,,0
6067-D-2,6067,drains,Company D35E67B5,2026-02-10 21:45:58.441345,368.00073,2,completed,2026-02-11 00:00:00,2026-02-10 22:03:26.351064,2026-02-10 22:03:26.363628,,,,,,yard,,,false,,0
6067-D-3,6067,drains,Company 5661A390,2026-02-10 21:45:58.441345,1346.875,1,completed,2026-02-13 00:00:00,2026-02-23 19:15:24.81754,2026-02-23 19:15:24.866512,,,,,,job,,,false,,0
6067-D-4,6067,drains,Company D35E67B5,2026-02-23 17:23:03.711575,417.53125,1,completed,2026-02-23 00:00:00,2026-02-23 17:40:48.030924,2026-02-23 17:40:48.159051,Person 253039FB,555-0134,,,,job,,,false,,0
6067-D-5,6067,drains,Company 5661A390,2026-02-23 19:12:29.574335,673.4375,1,completed,2026-03-02 00:00:00,2026-02-25 23:47:59.16697,2026-02-25 23:47:59.21027,Person 253039FB,555-0134,,,,job,,,false,,0
6067-D-6,6067,drains,Company 5661A390,2026-03-03 16:33:20.198027,673.4375,1,completed,2026-03-04 00:00:00,2026-03-03 16:37:20.691151,2026-03-03 16:37:20.741445,Person 66EF849D,555-0134,,,,job,,,false,,0
6067-D-7,6067,drains,,2026-03-09 17:13:36.449861,0,0,in_progress,,,2026-03-09 17:13:36.450498,,,,,,job,,,false,,0
6067-I-1,6067,irrigation,,2026-02-09 15:58:20.041939,0,0,in_progress,,,2026-02-09 15:58:20.042656,,,,,,job,,,false,,0
6067-L-1,6067,landscape,,2026-06-09 15:10:13.991712,0,0,in_progress,,,2026-06-09 15:10:13.99231,,,,,,job,,,false,,0
6068-D-1,6068,drains,Company D35E67B5,2026-02-23 17:32:59.665593,2590.35205,12,completed,2026-02-25 00:00:00,2026-02-23 18:01:13.402046,2026-02-23 18:01:13.44007,Person 4E789DCD,555-0109,,,,job,,,false,,0
6068-D-10,6068,drains,Company D35E67B5,2026-06-01 22:32:27.438726,1832.3552,4,completed,2026-07-23 00:00:00,2026-07-22 15:54:38.965072,2026-07-22 15:54:38.976311,Person 895C1A0D,555-0117,,,,job,,,false,,0
6068-D-11,6068,drains,Company D35E67B5,2026-08-25 16:11:29.593649,837.7668,2,completed,2026-08-25 00:00:00,2026-08-25 16:36:42.93732,2026-08-25 16:36:42.954997,Person B5A7B002,555-0130,,,,job,,,false,,0
6068-D-2,6068,drains,Company D35E67B5,2026-03-11 18:33:47.243602,5819.09575,12,completed,2026-03-23 00:00:00,2026-03-11 19:12:56.148334,2026-03-11 19:12:56.173063,Person A2D24D47,555-0120,,,,job,,,false,,0
6068-D-3,6068,drains,Company EBBE7319,2026-03-20 15:57:02.563765,725,2,completed,2026-03-24 00:00:00,2026-03-23 15:54:54.709706,2026-03-23 15:54:54.723162,Person 4E789DCD,555-0176,,,,job,,,false,,0
6068-D-4,6068,drains,Company D35E67B5,2026-03-24 20:43:10.462719,185.64,1,completed,2026-03-24 00:00:00,2026-03-24 20:56:36.23136,2026-03-24 20:56:36.241937,,,,,,yard,,,false,,0
6068-D-5,6068,drains,Company D35E67B5,2026-03-26 16:50:06.753869,1651.69875,13,completed,2026-03-27 00:00:00,2026-03-26 17:23:17.496091,2026-03-26 17:23:17.514965,Person 4E789DCD,555-0109,,,,job,,,false,,0
6068-D-6,6068,drains,Company D35E67B5,2026-05-06 22:40:22.670432,57.4379,1,completed,2026-05-06 00:00:00,2026-05-06 22:52:29.062744,2026-05-06 22:52:29.22121,Person 4E789DCD,555-0109,,,,will_call,,,false,,0
6068-D-7,6068,drains,Company D35E67B5,2026-05-29 14:34:34.746011,691.07805,3,completed,2026-05-29 00:00:00,2026-05-29 15:23:29.347814,2026-05-29 15:23:29.36143,Person 4E789DCD,555-0109,,,,job,,,false,,0
6068-D-8,6068,drains,Company D35E67B5,2026-06-01 16:44:11.633954,52.156,1,completed,2026-06-01 00:00:00,2026-06-01 17:02:53.196546,2026-06-01 17:02:53.208294,,,,,,yard,,,false,,0
6068-D-9,6068,drains,Company D35E67B5,2026-06-01 22:12:28.775694,57.4379,1,completed,2026-06-01 00:00:00,2026-06-01 22:32:44.683262,2026-06-01 22:32:44.694091,,,,,,yard,,,false,,0
6068-I-1,6068,irrigation,Company D35E67B5,2026-03-25 15:42:20.578644,896.47545,2,completed,2026-03-26 00:00:00,2026-03-25 15:42:48.135841,2026-03-25 15:42:48.148496,Person 63C78BB9,555-0130,,,,job,,,false,,0
6068-I-10,6068,irrigation,Company D35E67B5,2026-05-11 14:15:48.94151,130.44525,1,completed,2026-05-11 00:00:00,2026-05-11 14:15:56.062852,2026-05-11 14:15:56.072557,Person 63C78BB9,555-0130,,,,job,,,false,,0
6068-I-11,6068,irrigation,Company D35E67B5,2026-05-13 14:19:01.866214,52.1781,1,completed,2026-05-13 00:00:00,2026-05-13 14:19:20.610397,2026-05-13 14:19:20.620685,,,,,,yard,,,false,,0
6068-I-12,6068,irrigation,Company D35E67B5,2026-05-21 15:46:10.112627,299.44395,9,completed,2026-05-21 00:00:00,2026-05-21 16:44:31.117422,2026-05-21 16:44:31.134138,,,,,,yard,,,false,,0
6068-I-13,6068,irrigation,Company D35E67B5,2026-05-22 15:09:26.757681,501.61475,2,completed,2026-05-22 00:00:00,2026-05-22 15:30:16.964018,2026-05-22 15:30:16.974952,Person 63C78BB9,555-0130,,,,job,,,false,,0
6068-I-14,6068,irrigation,Company D35E67B5,2026-05-22 15:15:28.558486,120.76987,2,completed,2026-05-22 00:00:00,2026-05-22 15:16:56.744458,2026-05-22 15:16:56.755049,Person 63C78BB9,555-0130,,,,job,,,false,,0
6068-I-15,6068,irrigation,Company D35E67B5,2026-05-28 17:19:33.217195,535.84765,4,completed,2026-05-29 00:00:00,2026-05-28 17:35:59.128138,2026-05-28 17:35:59.142828,,,,,,yard,,,false,,0
6068-I-16,6068,irrigation,Company D35E67B5,2026-05-29 14:20:14.727803,425.1658775,4,completed,2026-05-29 00:00:00,2026-05-29 16:36:42.484069,2026-05-29 16:36:42.496184,,,,,,yard,,,false,,0
6068-I-17,6068,irrigation,Company D35E67B5,2026-06-04 14:40:48.164581,1021.6388,1,completed,2026-06-04 00:00:00,2026-06-04 14:41:36.856087,2026-06-04 14:41:36.866146,Person 63C78BB9,555-0130,,,,job,,,false,,0
6068-I-18,6068,irrigation,Company A47A2876,2026-06-08 20:24:04.338484,85,1,completed,2026-06-09 00:00:00,2026-06-11 18:24:19.950752,2026-06-11 18:24:19.962359,,,,,,job,,,false,,0
6068-I-19,6068,irrigation,Company D35E67B5,2026-06-08 20:28:04.116985,1103.895,2,completed,2026-06-11 00:00:00,2026-06-10 15:17:12.656576,2026-06-10 15:17:12.668752,Person 63C78BB9,555-0130,,,,will_call,,,false,,0
6068-I-2,6068,irrigation,Company D35E67B5,2026-03-30 14:06:47.915287,436.8286,2,completed,2026-03-31 00:00:00,2026-03-30 14:08:37.798974,2026-03-30 14:08:37.810577,Person 63C78BB9,555-0130,,,,job,,,false,,0
6068-I-20,6068,irrigation,Company D35E67B5,2026-06-17 17:16:41.064333,295.31125,4,completed,2026-06-17 00:00:00,2026-06-17 17:54:07.986512,2026-06-17 17:54:08.000322,,,,,,yard,,,false,,0
6068-I-21,6068,irrigation,Company D35E67B5,2026-06-30 21:28:20.197797,2305.7996325,18,completed,2026-07-16 00:00:00,2026-07-16 17:34:20.773477,2026-07-16 17:34:20.79151,Person C6FE02A5,,,,,yard,,,false,,0
6068-I-22,6068,irrigation,Company D35E67B5,2026-07-22 14:44:16.643572,41.74248,1,completed,2026-07-22 00:00:00,2026-07-22 15:55:51.842774,2026-07-22 15:55:51.854739,,,,,,yard,,,false,,0
6068-I-23,6068,irrigation,Company D35E67B5,2026-07-24 16:57:51.348111,52.1781,1,completed,2026-07-24 00:00:00,2026-07-24 17:25:38.821424,2026-07-24 17:25:38.83054,,,,,,yard,,,false,,0
6068-I-24,6068,irrigation,Company D35E67B5,2026-07-27 20:05:12.956617,312.81445,4,completed,2026-07-27 00:00:00,2026-07-27 20:23:34.654627,2026-07-27 20:23:34.665496,,,,,,yard,,,false,,0
6068-I-25,6068,irrigation,Company D35E67B5,2026-07-28 14:32:17.050404,179.7835,6,completed,2026-07-28 00:00:00,2026-07-28 14:50:36.825993,2026-07-28 14:50:36.838872,,,,,,yard,,,false,,0
6068-I-26,6068,irrigation,Company D35E67B5,2026-07-29 17:00:03.779251,53.21901,3,completed,2026-07-29 00:00:00,2026-07-29 17:01:54.107461,2026-07-29 17:01:54.117201,,,,,,job,,,false,,0
6068-I-27,6068,irrigation,Company D35E67B5,2026-07-29 17:18:08.65838,110.5,2,completed,2026-07-30 00:00:00,2026-07-30 17:19:20.08124,2026-07-30 17:19:20.097383,,,,,,yard,,,false,,0
6068-I-28,6068,irrigation,Company D35E67B5,2026-08-18 14:37:01.414217,2112.0710325,18,completed,2026-08-18 00:00:00,2026-08-18 15:47:44.303177,2026-08-18 15:47:44.329114,,,,,,yard,,,false,,0
6068-I-29,6068,irrigation,Company D35E67B5,2026-08-18 15:45:04.144796,52.1781,1,completed,2026-08-21 00:00:00,2026-08-21 14:47:29.960488,2026-08-21 14:47:30.056472,,,,,,yard,,,false,,0
6068-I-3,6068,irrigation,Company D35E67B5,2026-04-14 18:12:28.704342,3512.6624,4,completed,2026-04-15 00:00:00,2026-04-14 18:31:50.939836,2026-04-14 18:31:50.956019,,,,,,yard,,,false,,0
6068-I-30,6068,irrigation,Company D35E67B5,2026-08-31 15:06:49.744129,14.7186,1,completed,2026-08-31 00:00:00,2026-09-01 14:25:53.966464,2026-09-01 14:25:53.975072,,,,,,yard,,,false,,0
6068-I-4,6068,irrigation,Company D35E67B5,2026-04-15 14:50:02.688592,7592.1196325,34,completed,2026-04-15 00:00:00,2026-04-15 20:17:56.180012,2026-04-15 20:17:56.211645,,,,,,yard,,,false,,0
6068-I-5,6068,irrigation,Company AEF5A8A0,2026-04-15 17:22:41.45971,2415.4858,1,completed,2026-04-15 00:00:00,2026-04-15 17:23:43.685473,2026-04-15 17:23:43.696487,,,,,,yard,,,false,,0
6068-I-6,6068,irrigation,Company D35E67B5,2026-05-01 18:58:17.755435,907.04367,17,completed,2026-05-04 00:00:00,2026-05-01 20:31:12.81932,2026-05-01 20:31:12.847458,Person 63C78BB9,555-0130,,,,job,,,false,,0
6068-I-7,6068,irrigation,Company D35E67B5,2026-05-05 20:31:23.140038,735.93,2,completed,2026-05-06 00:00:00,2026-05-05 20:55:55.405353,2026-05-05 20:55:55.416226,Person 63C78BB9,555-0130,,,,job,,,false,,0
6068-I-8,6068,irrigation,Company D35E67B5,2026-05-06 20:59:14.458311,485.70275,14,completed,2026-05-07 00:00:00,2026-05-06 22:03:44.622079,2026-05-06 22:03:44.643596,Person 63C78BB9,555-0130,,,,job,,,false,,0
6068-I-9,6068,irrigation,Company D35E67B5,2026-05-07 15:55:05.675421,545.49209,6,completed,2026-05-07 00:00:00,2026-05-07 15:56:35.087653,2026-05-07 15:56:35.102596,Person 63C78BB9,555-0130,,,,job,,,false,,0
6068-L-1,6068,landscape,Company 14810EF1,2026-01-29 17:54:31.280851,644.35,3,completed,2026-02-27 00:00:00,2026-01-29 18:01:43.769483,2026-01-29 18:01:43.787973,Person 847C86C2,555-0128,,,,yard,,,false,,0
6068-L-10,6068,landscape,Company 5513C1E9,2026-02-18 19:22:33.188549,1326,1,completed,2026-05-22 00:00:00,2026-05-18 23:37:17.103144,2026-05-18 23:37:17.113595,Person 980DFBFC,555-0183,,,,job,,,false,,0
6068-L-11,6068,landscape,Company B47AEED3,2026-02-18 19:22:33.188549,2873.5525,3,completed,2026-05-22 00:00:00,2026-05-20 22:21:28.490353,2026-05-20 22:21:28.520955,Person 980DFBFC,555-0183,,,,job,,,false,,0
6068-L-12,6068,landscape,Company D35E67B5,2026-05-19 13:12:35.642668,1300.2535,2,completed,2026-05-20 00:00:00,2026-05-19 17:33:21.968569,2026-05-19 17:33:21.983001,,,,,,job,,,false,,0
6068-L-13,6068,landscape,Company 724579F1,2026-05-20 17:18:03.151217,4030.156,4,completed,2026-05-21 00:00:00,2026-05-20 17:46:11.445343,2026-05-20 17:46:11.458467,Person 2DB3FA6A,,,,,yard,,,false,,0
6068-L-14,6068,landscape,Company 2F610CBC,2026-05-20 17:59:48.500947,602.94325,3,deleted,2026-05-21 00:00:00,2026-06-01 15:20:15.051741,2026-06-01 15:21:48.07677,Person 9044842F,,,,2026-06-01 15:21:48.069902,yard,,,false,,0
6068-L-15,6068,landscape,Company 4FF41AAD,2026-05-22 16:09:47.650739,3751.895,2,completed,2026-06-04 00:00:00,2026-05-26 23:10:56.432084,2026-05-26 23:10:56.450758,Person 9044842F,555-0176,,,,job,,,false,,0
6068-L-16,6068,landscape,Company 5513C1E9,2026-05-26 17:11:43.026187,1237.6,3,completed,2026-05-27 00:00:00,2026-05-26 17:13:42.194718,2026-05-26 17:13:42.206525,Person 980DFBFC,555-0183,,,,job,,,false,,0
6068-L-17,6068,landscape,Company B47AEED3,2026-05-26 23:06:59.018969,2654.7625,11,completed,2026-05-29 00:00:00,2026-05-28 17:26:29.9915,2026-05-28 17:26:30.008903,Person C253C57B,555-0183,,,,job,,,false,,0
6068-L-18,6068,landscape,Company 99AC62BC,2026-05-26 23:06:59.018969,826.54,6,completed,2026-05-29 00:00:00,2026-05-28 17:23:46.124496,2026-05-28 17:23:46.134924,Person C253C57B,555-0183,,,,job,,,false,,0
6068-L-19,6068,landscape,Company 99AC62BC,2026-05-29 14:53:39.724442,1249.47875,6,completed,2026-06-04 00:00:00,2026-06-03 17:35:28.243359,2026-06-03 17:35:28.260722,Person F3F57736,555-0127,,,,job,,,false,,0
6068-L-2,6068,landscape,Company 1448F25B,2026-01-29 18:39:21.708727,12742.97,4,completed,2026-03-20 00:00:00,2026-02-03 22:21:53.493811,2026-02-03 22:21:53.511592,Person FAB920E7,555-0128,,,,yard,,,false,,0
6068-L-20,6068,landscape,Company B47AEED3,2026-05-29 14:53:39.724442,1659.151975,9,completed,2026-06-04 00:00:00,2026-06-03 16:53:07.982083,2026-06-03 16:53:07.992045,Person F3F57736,555-0127,,,,job,,,false,,0
6068-L-21,6068,landscape,Company B47AEED3,2026-06-08 18:38:40.026715,68.51,2,completed,2026-06-09 00:00:00,2026-06-08 18:39:29.340538,2026-06-08 18:39:29.35064,,,,,,will_call,,,false,,0
6068-L-22,6068,landscape,Company BE2FE163,2026-06-10 20:29:39.595609,54.145,1,completed,2026-06-11 00:00:00,2026-06-10 20:32:05.471048,2026-06-10 20:32:05.481817,,,,,,will_call,,,false,,0
6068-L-23,6068,landscape,Company B47AEED3,2026-06-16 14:33:27.519163,579.18575,8,completed,2026-06-18 00:00:00,2026-06-16 21:46:53.460023,2026-06-16 21:46:53.473309,Person F3F57736,555-0127,,,,job,,,false,,0
6068-L-24,6068,landscape,Company 5E19CD85,2026-06-16 21:46:35.402593,8734.55,3,completed,2026-07-10 00:00:00,2026-06-18 21:06:55.320423,2026-06-18 21:06:55.332266,Person 9044842F,555-0176,,,,job,,,false,,0
6068-L-25,6068,landscape,Company B47AEED3,2026-06-25 17:14:15.452182,109.395,1,completed,2026-06-26 00:00:00,2026-06-25 17:14:49.559601,2026-06-25 17:14:49.57002,,,,,,will_call,,,false,,0
6068-L-26,6068,landscape,Company B47AEED3,2026-07-06 17:33:57.077808,154.97625,1,completed,2026-07-07 00:00:00,2026-07-06 17:35:02.290576,2026-07-06 17:35:02.301143,,,,,,will_call,,,false,,0
6068-L-27,6068,landscape,Company 93078B9A,2026-07-13 15:39:40.760215,2172.43,10,completed,2026-07-23 00:00:00,2026-07-15 17:51:11.64966,2026-07-15 17:51:11.666471,Person 4E789DCD,555-0176,,,,job,,,false,,0
6068-L-28,6068,landscape,Company B47AEED3,2026-07-13 15:39:40.760215,1563.01145,12,completed,2026-07-23 00:00:00,2026-07-15 17:51:11.725867,2026-07-15 17:51:11.739921,Person 4E789DCD,555-0176,,,,job,,,false,,0
6068-L-29,6068,landscape,Company 85C03ADA,2026-07-13 15:39:40.760215,1657.5,3,completed,2026-07-23 00:00:00,2026-07-15 17:51:11.78754,2026-07-15 17:51:11.794674,Person 4E789DCD,555-0176,,,,job,,,false,,0
6068-L-3,6068,landscape,Company 5E19CD85,2026-01-29 18:53:24.03135,49495.38,8,deleted,2026-03-06 00:00:00,2026-01-29 19:02:19.877738,2026-01-29 23:12:14.257757,,,,,2026-01-29 23:12:14.251262,yard,,,false,,0
6068-L-30,6068,landscape,Company 85C03ADA,2026-07-22 15:01:43.628299,76.245,2,completed,2026-07-23 00:00:00,2026-07-22 17:13:19.469744,2026-07-22 17:13:19.479896,,,,,,job,,,false,,0
6068-L-31,6068,landscape,Company B47AEED3,2026-07-22 18:12:18.222945,75.582,2,completed,2026-07-23 00:00:00,2026-07-22 18:13:33.318961,2026-07-22 18:13:33.329401,,,,,,job,,,false,,0
6068-L-32,6068,landscape,Company 94837B57,2026-07-27 15:13:09.792212,372.9375,1,completed,2026-08-04 00:00:00,2026-07-28 16:05:25.251308,2026-07-28 16:05:25.261952,Person F3F57736,555-0127,,,,will_call,,,false,,0
6068-L-33,6068,landscape,Company B47AEED3,2026-07-29 15:59:59.971493,2239.7245,15,completed,2026-08-24 00:00:00,2026-08-19 15:53:00.450027,2026-08-19 15:53:00.465962,Person F3F57736,555-0127,,,,job,,,false,,0
6068-L-34,6068,landscape,Company 99AC62BC,2026-07-29 15:59:59.971493,1679.6,10,completed,2026-08-24 00:00:00,2026-08-19 15:48:11.787155,2026-08-19 15:48:11.810736,Person F3F57736,555-0127,,,,job,,,false,,0
6068-L-35,6068,landscape,Company B47AEED3,2026-07-31 15:43:50.069874,503.30953,6,completed,2026-08-03 00:00:00,2026-07-31 18:13:06.729332,2026-07-31 18:13:06.741543,,,,,,job,,,false,,0
6068-L-36,6068,landscape,Company 94837B57,2026-07-31 15:43:50.069874,64.09,1,completed,2026-08-03 00:00:00,2026-07-31 18:13:06.782146,2026-07-31 18:13:06.78696,,,,,,will_call,,,false,,0
6068-L-37,6068,landscape,Company B47AEED3,2026-08-21 21:37:27.648933,745.59875,5,completed,2026-08-24 00:00:00,2026-08-21 21:41:21.642725,2026-08-21 21:41:21.656353,Person 1B876997,,,,,will_call,,,false,,0
6068-L-38,6068,landscape,Company 99AC62BC,2026-08-25 16:50:18.03512,413.27,4,completed,2026-08-26 00:00:00,2026-08-25 16:52:01.130712,2026-08-25 16:52:01.14683,Person B5A7B002,555-0168,,,,job,,,false,,0
6068-L-39,6068,landscape,Company B47AEED3,2026-08-26 16:54:04.656286,378.7375,3,completed,2026-08-27 00:00:00,2026-08-26 17:06:20.268152,2026-08-26 17:06:20.283873,Person B5A7B002,555-0168,,,,job,,,false,,0
6068-L-4,6068,landscape,Company 44829089,2026-01-29 18:53:24.03135,466.82,3,completed,2026-03-06 00:00:00,2026-02-25 21:58:18.368496,2026-02-25 21:58:18.838952,,,,,,yard,,,false,,0
6068-L-40,6068,landscape,Company 99AC62BC,2026-08-28 15:02:14.460033,821.7885,9,completed,2026-08-31 00:00:00,2026-09-01 22:12:22.586889,2026-09-01 22:12:22.597842,Person 153DA07E,555-0168,,,,job,,,false,,0
6068-L-41,6068,landscape,Company BE2FE163,2026-08-28 15:02:14.460033,27.0725,1,completed,2026-08-31 00:00:00,2026-09-01 22:09:24.876731,2026-09-01 22:09:24.890217,Person 153DA07E,555-0168,,,,will_call,,,false,,0
6068-L-42,6068,landscape,Company 94837B57,2026-08-28 15:02:14.460033,64.09,1,completed,2026-08-31 00:00:00,2026-08-28 17:00:40.978982,2026-08-28 17:00:40.983886,Person 153DA07E,555-0168,,,,will_call,,,false,,0
6068-L-43,6068,landscape,Company B47AEED3,2026-09-03 17:06:01.029306,124.865,2,completed,2026-09-04 00:00:00,2026-09-03 17:13:38.992771,2026-09-03 17:13:39.00503,Person B5A7B002,,,,,will_call,,,false,,0
6068-L-5,6068,landscape,Company 0EF6CAF7,2026-01-29 18:53:24.03135,7185.56,3,completed,2026-02-13 00:00:00,2026-01-29 19:50:41.450345,2026-01-29 19:50:41.463569,,,,,,yard,,,false,,0
6068-L-6,6068,landscape,Company BFFF530A,2026-01-29 18:53:24.03135,340.34,1,completed,2026-02-20 00:00:00,2026-01-29 19:54:32.070084,2026-01-29 19:54:32.083968,,,,,,yard,,,false,,0
6068-L-7,6068,landscape,Company 5E19CD85,2026-01-30 16:38:15.890776,47007.7,5,completed,2026-03-10 00:00:00,2026-05-14 15:48:44.531688,2026-05-14 15:48:44.54451,Person FAB920E7,555-0128,,,,yard,,,false,,0
6068-L-8,6068,landscape,Company AEB37D61,2026-01-30 16:48:20.280132,6251.1,3,completed,2026-02-13 00:00:00,2026-01-30 16:50:15.056914,2026-01-30 16:50:15.598561,Person FAB920E7,555-0128,,,,job,,,false,,0
6068-L-9,6068,landscape,Company F42F7776,2026-01-30 16:52:49.286563,5242.93,1,completed,2026-01-31 00:00:00,2026-01-30 16:54:00.424006,2026-01-30 16:54:00.925088,,,,,,yard,,,false,,0
6068-S-1,6068,subcontract,,2026-02-18 19:20:28.993916,0,0,in_progress,,,2026-02-18 19:20:28.994604,,,,,,job,,,false,,0
6069-I-1,6069,irrigation,Company D35E67B5,2026-05-11 21:41:58.90921,1344.378375,4,deleted,2026-05-12 00:00:00,2026-05-11 22:04:01.463001,2026-05-20 20:51:22.713865,Person 63C78BB9,555-0130,,,2026-05-20 20:51:22.707366,job,,,false,,0
6069-I-2,6069,irrigation,Company D35E67B5,2026-05-26 16:35:15.019112,534.212625,7,completed,2026-05-26 00:00:00,2026-05-26 17:10:09.739102,2026-05-26 17:10:09.753454,,,,,,yard,,,false,,0
6069-L-1,6069,landscape,Company 2F610CBC,2026-05-19 20:13:20.868488,802.662,2,deleted,2026-05-20 00:00:00,2026-05-19 20:15:16.673505,2026-05-20 20:51:14.273404,Person 9044842F,555-0176,,,2026-05-20 20:51:14.264786,job,,,false,,0
6069-L-2,6069,landscape,Company 724579F1,2026-05-19 20:31:02.694952,1276.424625,3,completed,2026-05-25 00:00:00,2026-06-11 18:27:22.307178,2026-06-11 18:27:22.318455,Person 9044842F,555-0176,,,,will_call,,,false,,0
6069-L-3,6069,landscape,Company B1347A9D,2026-05-19 20:58:39.68089,2062.77,6,completed,2026-06-01 00:00:00,2026-06-05 17:57:15.710864,2026-06-05 17:57:15.726965,Person 893D6B8A,555-0186,,,,job,,,false,,0
6069-L-4,6069,landscape,Company 85C03ADA,2026-06-03 18:45:13.957172,1018.44375,2,completed,2026-06-05 00:00:00,2026-06-03 18:47:29.677376,2026-06-03 18:47:29.694785,Person 893D6B8A,555-0136,,,,job,,,false,,0
6069-L-5,6069,landscape,Company FA7B954D,2026-06-04 17:32:48.003622,1223.4375,1,completed,2026-06-08 00:00:00,2026-06-05 14:07:07.507585,2026-06-05 14:07:07.536779,Person C6FE02A5,555-0153,,,,job,,,false,,0
6069-L-6,6069,landscape,Company 70C7D3EE,2026-06-05 14:09:54.628142,2250,1,completed,2026-06-10 00:00:00,2026-06-09 17:10:20.835972,2026-06-09 17:10:20.849248,Person 4E789DCD,555-0176,,,,will_call,,,false,,0
6069-L-7,6069,landscape,Company DC9A38AE,2026-07-10 17:10:53.968292,480.625,2,completed,2026-07-13 00:00:00,2026-07-10 17:11:48.02378,2026-07-10 17:11:48.036165,Person 893D6B8A,555-0186,,,,job,,,false,,0
6069-L-8,6069,landscape,Company B47AEED3,2026-07-23 15:52:52.37927,94.50375,1,completed,2026-07-24 00:00:00,2026-07-23 15:53:35.64964,2026-07-23 15:53:35.660348,Person 4E789DCD,,,,,will_call,,,false,,0
6070-D-1,6070,drains,Company 2F610CBC,2026-02-24 18:05:26.206473,5533.2837375,8,completed,2026-02-26 00:00:00,2026-04-16 14:04:21.438054,2026-04-16 14:04:21.456642,Person 1B9E000C,555-0101,,,,job,,,false,,0
6070-D-10,6070,drains,Company D35E67B5,2026-04-13 18:33:03.141747,4593.339,3,completed,2026-04-03 00:00:00,2026-04-13 18:34:29.628342,2026-04-13 18:34:29.64088,,,,,,job,,,false,,0
6070-D-11,6070,drains,Company 2F610CBC,2026-04-14 16:07:12.731312,1061.74484625,2,completed,2026-06-08 00:00:00,2026-06-08 16:53:18.865215,2026-06-08 16:53:18.875136,Person 38FA9B9B,555-0165,,,,job,,,false,,0
6070-D-12,6070,drains,,2026-06-08 16:04:04.895208,170,1,in_progress,2026-07-16 00:00:00,,2026-07-15 14:47:04.265097,Person 4E789DCD,555-0109,,,,job,,,false,,0
6070-D-2,6070,drains,Company 91A2C43A,2026-02-25 15:25:03.104095,395,2,completed,2026-02-25 00:00:00,2026-02-25 15:31:43.178632,2026-02-25 15:31:43.313828,Person 9044842F,555-0176,,,,job,,,false,,0
6070-D-3,6070,drains,Company D35E67B5,2026-02-26 22:43:23.655572,24058.11435,13,completed,2026-02-26 00:00:00,2026-04-16 14:06:17.606107,2026-04-16 14:06:17.626572,Person 4E789DCD,555-0109,,,,will_call,,,false,,0
6070-D-4,6070,drains,Company D35E67B5,2026-03-02 19:41:53.296218,1109.0325,4,completed,2026-03-02 00:00:00,2026-03-02 21:03:58.233539,2026-03-02 21:03:58.501418,,,,,,yard,,,false,,0
6070-D-5,6070,drains,Company 2F610CBC,2026-03-04 15:39:35.652354,1085.9981625,3,completed,2026-03-04 00:00:00,2026-03-10 17:38:07.209866,2026-03-10 17:38:07.221634,Person 1B9E000C,555-0101,,,,job,,,false,,0
6070-D-6,6070,drains,Company 5661A390,2026-03-04 15:59:34.685076,1087.5,1,completed,2026-03-05 00:00:00,2026-03-04 16:00:30.20566,2026-03-04 16:00:30.333136,Person 2C843524,555-0175,,,,job,,,false,,0
6070-D-7,6070,drains,Company D35E67B5,2026-03-05 18:50:37.291292,235.18275,1,completed,2026-03-06 00:00:00,2026-03-05 23:20:03.36551,2026-03-05 23:20:03.416297,,,,,,will_call,,,false,,0
6070-D-8,6070,drains,Company 2F610CBC,2026-03-06 16:28:44.252312,197.796675,4,completed,2026-03-06 00:00:00,2026-03-06 17:34:39.947455,2026-03-06 17:34:39.96354,Person 1B9E000C,555-0101,,,,job,,,false,,0
6070-D-9,6070,drains,Company D35E67B5,2026-03-10 17:36:33.499307,421.406195625,1,completed,2026-03-10 00:00:00,2026-03-10 17:48:34.553146,2026-03-10 17:48:34.562878,,,,,,yard,,,false,,0
6070-I-1,6070,irrigation,Company 2F610CBC,2026-02-24 16:38:41.9103,8727.12225,21,completed,2026-02-25 00:00:00,2026-02-24 22:05:50.926565,2026-02-24 22:05:51.00623,Person 63C78BB9,555-0130,,,,job,,,false,,0
6070-I-10,6070,irrigation,Company 2F610CBC,2026-04-22 20:07:11.270712,540.16125,2,completed,2026-04-22 00:00:00,2026-04-22 20:43:43.389088,2026-04-22 20:43:43.40314,,,,,,yard,,,false,,0
6070-I-11,6070,irrigation,Company 2F610CBC,2026-04-30 17:14:29.329023,6376.90425,20,completed,2026-04-30 00:00:00,2026-07-07 20:53:55.284092,2026-07-07 20:53:55.303046,,,,,,yard,,,false,,0
6070-I-12,6070,irrigation,Company 2F610CBC,2026-05-15 17:08:24.559038,62.9695125,2,completed,2026-05-15 00:00:00,2026-05-15 18:21:35.175796,2026-05-15 18:21:35.190831,,,,,,yard,,,false,,0
6070-I-13,6070,irrigation,Company 2F610CBC,2026-05-18 14:56:50.856443,61.48725,1,completed,2026-05-18 00:00:00,2026-05-18 15:44:52.199681,2026-05-18 15:44:52.211015,,,,,,yard,,,false,,0
6070-I-14,6070,irrigation,Company D35E67B5,2026-05-27 15:31:40.325511,14357.881875,7,completed,2026-05-28 00:00:00,2026-05-27 15:37:27.114752,2026-05-27 15:37:27.144849,,,,,,yard,,,false,,0
6070-I-15,6070,irrigation,Company 2F610CBC,2026-05-29 17:20:03.430952,125.8455,2,completed,2026-05-29 00:00:00,2026-05-29 18:01:38.521627,2026-05-29 18:01:38.534282,,,,,,yard,,,false,,0
6070-I-16,6070,irrigation,Company 2F610CBC,2026-06-01 16:48:37.612673,102.4425,1,completed,2026-06-01 00:00:00,2026-06-01 18:55:48.253166,2026-06-01 18:55:48.265571,,,,,,yard,,,false,,0
6070-I-17,6070,irrigation,Company 2F610CBC,2026-06-05 14:29:28.426041,136.59,1,completed,2026-06-08 00:00:00,2026-06-08 17:23:00.78761,2026-06-08 17:23:00.796185,,,,,,yard,,,false,,0
6070-I-18,6070,irrigation,Company 2F610CBC,2026-06-09 15:31:32.36939,8147.8806,5,completed,2026-06-11 00:00:00,2026-06-10 15:29:30.331349,2026-06-10 15:29:30.345145,Person 63C78BB9,555-0130,,,,job,,,false,,0
6070-I-19,6070,irrigation,Company 2F610CBC,2026-06-11 16:14:02.505658,245.198625,6,completed,2026-06-12 00:00:00,2026-06-12 16:07:02.381894,2026-06-12 16:07:02.395676,Person C6FE02A5,,,,,yard,,,false,,0
6070-I-2,6070,irrigation,Company 2F610CBC,2026-02-24 17:20:32.491084,5247.12225,4,completed,2026-02-25 00:00:00,2026-02-24 22:15:54.096492,2026-02-24 22:15:54.147669,,,,,,yard,,,false,,0
6070-I-20,6070,irrigation,Company 2F610CBC,2026-06-15 15:09:07.823332,102.4425,1,completed,2026-06-16 00:00:00,2026-06-15 20:35:35.620551,2026-06-15 20:35:35.632655,Person 63C78BB9,555-0130,,,,job,,,false,,0
6070-I-21,6070,irrigation,Company 2F610CBC,2026-06-22 14:21:35.955495,136.59,1,completed,2026-06-22 00:00:00,2026-06-25 19:43:26.666249,2026-06-25 19:43:26.677014,Person 63C78BB9,555-0130,,,,job,,,false,,0
6070-I-22,6070,irrigation,Company 2F610CBC,2026-06-23 15:30:15.845214,242.001375,3,completed,2026-06-23 00:00:00,2026-06-23 18:29:21.118333,2026-06-23 18:29:21.130557,Person 63C78BB9,555-0130,,,,job,,,false,,0
6070-I-23,6070,irrigation,Company 2F610CBC,2026-06-25 17:02:51.993597,3927.78845625,5,completed,2026-06-26 00:00:00,2026-07-02 17:28:04.792921,2026-07-02 17:28:04.803163,,,,,,yard,,,false,,0
6070-I-24,6070,irrigation,Company 2F610CBC,2026-06-26 15:26:35.609558,341.58375,5,completed,2026-06-26 00:00:00,2026-06-26 15:44:37.032031,2026-06-26 15:44:37.056035,Person 63C78BB9,555-0130,,,,job,,,false,,0
6070-I-25,6070,irrigation,Company 2F610CBC,2026-06-29 14:32:27.458218,4298.898375,6,completed,2026-06-29 00:00:00,2026-06-29 15:12:15.450106,2026-06-29 15:12:15.464549,Person 63C78BB9,555-0130,,,,job,,,false,,0
6070-I-26,6070,irrigation,Company 2F610CBC,2026-06-30 14:37:32.405583,446.386125,3,completed,2026-07-01 00:00:00,2026-06-30 15:58:36.394105,2026-06-30 15:58:36.409643,,,,,,job,,,false,,0
6070-I-27,6070,irrigation,Company 2F610CBC,2026-07-01 14:58:06.954737,135.5025,3,completed,2026-07-02 00:00:00,2026-07-01 16:13:41.900397,2026-07-01 16:13:41.912795,,,,,,job,,,false,,0
6070-I-28,6070,irrigation,Company 2F610CBC,2026-07-01 15:28:30.502101,325.9509375,2,completed,2026-07-02 00:00:00,2026-07-01 20:45:35.466622,2026-07-01 20:45:35.480628,,,,,,job,,,false,,0
6070-I-29,6070,irrigation,Company 2F610CBC,2026-07-01 20:42:25.621367,573.87375,2,completed,2026-07-02 00:00:00,2026-07-07 20:51:30.241592,2026-07-07 20:51:30.254024,Person 63C78BB9,555-0130,,,,job,,,false,,0
6070-I-3,6070,irrigation,Company 2F610CBC,2026-03-04 15:17:03.279054,332.5575,4,completed,2026-03-04 00:00:00,2026-03-04 23:17:12.787674,2026-03-04 23:17:12.848989,Person B45AED10,555-0101,,,,job,,,false,,0
6070-I-30,6070,irrigation,Company 2F610CBC,2026-07-01 15:28:30.502101,23.49,1,deleted,2026-07-02 00:00:00,2026-07-01 21:35:07.417883,2026-07-01 21:35:22.287746,,,,,2026-07-01 21:35:22.278994,job,,,false,,0
6070-I-31,6070,irrigation,Company D35E67B5,2026-07-02 16:37:47.711918,1509.069375,1,completed,2026-07-02 00:00:00,2026-07-02 17:20:36.666508,2026-07-02 17:20:36.675368,Person 63C78BB9,555-0130,,,,job,,,false,,0
6070-I-32,6070,irrigation,Company D35E67B5,2026-07-02 17:19:54.782932,1205.852625,2,completed,2026-07-08 00:00:00,2026-07-07 20:49:08.604614,2026-07-07 20:49:08.617803,,,,,,job,,,false,,0
6070-I-33,6070,irrigation,Company 2F610CBC,2026-07-08 14:19:46.918009,163.7611875,1,completed,2026-07-08 00:00:00,2026-07-09 20:08:21.376634,2026-07-09 20:08:21.387665,Person 63C78BB9,555-0130,,,,yard,,,false,,0
6070-I-34,6070,irrigation,Company AEF5A8A0,2026-07-08 15:14:23.392142,0,1,completed,2026-07-08 00:00:00,2026-07-08 15:14:49.979864,2026-07-08 15:14:49.985806,,,,,,yard,,,false,,0
6070-I-35,6070,irrigation,Company 2F610CBC,2026-07-09 18:00:10.322598,327.522375,1,completed,2026-07-09 00:00:00,2026-07-09 20:04:13.463617,2026-07-09 20:04:13.476349,,,,,,yard,,,false,,0
6070-I-36,6070,irrigation,Company 2F610CBC,2026-07-10 15:15:39.935214,995.193,5,completed,2026-07-10 00:00:00,2026-07-10 17:34:48.407371,2026-07-10 17:34:48.420487,,,,,,yard,,,false,,0
6070-I-37,6070,irrigation,Company 2F610CBC,2026-07-15 14:42:52.230447,104.93505,2,completed,2026-07-27 00:00:00,2026-07-27 16:46:01.143045,2026-07-27 16:46:01.155124,,,,,,yard,,,false,,0
6070-I-38,6070,irrigation,Company 2F610CBC,2026-08-24 17:49:30.57841,215.17275,3,completed,2026-08-25 00:00:00,2026-08-25 18:28:10.149149,2026-08-25 18:28:10.163713,,,,,,yard,,,false,,0
6070-I-39,6070,irrigation,Company 2F610CBC,2026-08-27 17:57:10.123213,278.2031625,3,completed,2026-08-28 00:00:00,2026-08-27 22:21:25.010944,2026-08-27 22:21:25.024102,,,,,,yard,,,false,,0
6070-I-4,6070,irrigation,Company D35E67B5,2026-03-04 23:09:32.610856,354.85125,1,completed,2026-03-05 00:00:00,2026-03-06 23:04:25.264294,2026-03-06 23:04:25.275524,Person 1B9E000C,555-0101,,,,will_call,,,false,,0
6070-I-40,6070,irrigation,Company 2F610CBC,2026-09-03 15:43:02.851722,172.183875,1,completed,2026-09-03 00:00:00,2026-09-03 16:00:18.350199,2026-09-03 16:00:18.358965,,,,,,yard,,,false,,0
6070-I-5,6070,irrigation,Company 2F610CBC,2026-03-09 14:45:08.556637,274.92,1,completed,2026-03-09 00:00:00,2026-03-09 15:22:56.546849,2026-03-09 15:22:56.557032,Person 4E789DCD,555-0109,,,,job,,,false,,0
6070-I-6,6070,irrigation,Company 2F610CBC,2026-03-12 14:51:59.393329,171.825,1,completed,2026-03-12 00:00:00,2026-03-12 15:59:57.607714,2026-03-12 15:59:57.619841,Person 63C78BB9,555-0158,,,,job,,,false,,0
6070-I-7,6070,irrigation,Company 2F610CBC,2026-03-13 20:43:53.669267,0,2,completed,2026-03-13 00:00:00,2026-04-14 17:07:43.255565,2026-04-14 17:07:43.262697,,,,,,yard,,,false,,0
6070-I-8,6070,irrigation,Company D35E67B5,2026-04-01 14:14:14.584129,101.2408125,3,completed,2026-04-02 00:00:00,2026-04-03 21:06:44.366375,2026-04-03 21:06:44.379126,Person 4E789DCD,555-0109,,,,will_call,,,false,,0
6070-I-9,6070,irrigation,Company D35E67B5,2026-04-17 14:58:13.297912,0.010875,1,completed,2026-04-18 00:00:00,2026-04-17 15:15:48.243075,2026-04-17 15:15:48.262731,Person 4E789DCD,555-0109,,,,will_call,,,false,,0
6070-L-1,6070,landscape,Company F98BB455,2026-02-13 17:25:43.528733,19984.59,5,completed,2026-02-14 00:00:00,2026-02-13 17:57:33.557098,2026-02-13 17:57:33.576891,Person FAB920E7,555-0160,,,,yard,,,false,,0
6070-L-10,6070,landscape,Company 93078B9A,2026-06-09 14:53:56.418206,1344.15,3,completed,2026-06-11 00:00:00,2026-06-12 21:48:44.731639,2026-06-12 21:48:44.744294,Person B93A0D4E,555-0114,,,,job,,,false,,0
6070-L-11,6070,landscape,Company B548E4AD,2026-06-09 14:53:56.418206,3127.10625,6,completed,2026-06-11 00:00:00,2026-06-10 15:29:41.81073,2026-06-10 15:29:41.818582,Person B93A0D4E,555-0114,,,,job,,,false,,0
6070-L-12,6070,landscape,Company 2F610CBC,2026-06-10 16:02:49.446485,870.23925,2,completed,2026-06-11 00:00:00,2026-06-11 16:54:47.105637,2026-06-11 16:54:47.122645,Person B93A0D4E,555-0114,,,,job,,,false,,0
6070-L-13,6070,landscape,Company B47AEED3,2026-06-12 16:14:36.907985,1696.771875,3,completed,2026-06-16 00:00:00,2026-06-15 14:58:11.971967,2026-06-15 14:58:11.987023,Person 38FA9B9B,555-0114,,,,job,,,false,,0
6070-L-14,6070,landscape,Company 07AD8868,2026-06-24 14:45:43.802252,590.4375,2,completed,2026-06-26 00:00:00,2026-06-24 14:58:12.592249,2026-06-24 14:58:12.602468,Person B93A0D4E,555-0114,,,,job,,,false,,0
6070-L-15,6070,landscape,Company D35E67B5,2026-06-24 14:45:43.802252,239.25,2,completed,2026-06-26 00:00:00,2026-06-24 14:57:15.071785,2026-06-24 14:57:15.082739,Person B93A0D4E,555-0114,,,,job,,,false,,0
6070-L-16,6070,landscape,Company A81F24D3,2026-06-24 14:58:24.072498,706.75,2,completed,2026-06-25 00:00:00,2026-06-24 15:29:26.377812,2026-06-24 15:29:26.390229,Person B93A0D4E,555-0114,,,,job,,,false,,0
6070-L-17,6070,landscape,Company 09434731,2026-06-24 15:29:39.50607,326.79375,7,completed,2026-06-29 00:00:00,2026-06-26 17:07:24.702021,2026-06-26 17:07:24.715707,Person B93A0D4E,,,,,yard,,,false,,0
6070-L-18,6070,landscape,Company A81F24D3,2026-06-29 14:55:27.698729,706.75,2,completed,2026-07-01 00:00:00,2026-07-13 23:51:45.22504,2026-07-13 23:51:45.236287,Person B93A0D4E,555-0133,,,,job,,,false,,0
6070-L-19,6070,landscape,Company FA7B954D,2026-06-30 15:25:46.995848,1531.2,1,deleted,2026-07-07 00:00:00,2026-06-30 15:30:23.872976,2026-06-30 16:09:38.63504,Person B93A0D4E,555-0114,,,2026-06-30 16:09:38.629099,job,,,false,,0
6070-L-2,6070,landscape,Company D59B13FC,2026-02-20 15:41:10.633337,4470.04,4,completed,2026-02-21 00:00:00,2026-02-20 15:44:30.901914,2026-02-20 15:44:30.979846,,,,,,job,,,false,,0
6070-L-20,6070,landscape,Company 77C89320,2026-06-30 16:01:08.794273,1625.0208,1,completed,2026-07-07 00:00:00,2026-06-30 16:19:22.808619,2026-06-30 16:19:22.819205,Person B93A0D4E,555-0114,,,,job,,,false,,0
6070-L-21,6070,landscape,Company A81F24D3,2026-07-02 15:45:46.720667,842.5625,2,completed,2026-07-06 00:00:00,2026-07-02 15:46:55.800588,2026-07-02 15:46:55.811325,Person B93A0D4E,555-0114,,,,job,,,false,,0
6070-L-22,6070,landscape,Company 2F610CBC,2026-07-07 14:23:01.387496,145.13427,2,completed,2026-07-07 00:00:00,2026-07-07 14:57:53.574057,2026-07-07 14:57:53.587121,Person 38FA9B9B,555-0165,,,,job,,,false,,0
6070-L-23,6070,landscape,Company B47AEED3,2026-07-07 14:30:36.769301,84.1725,3,completed,2026-08-03 00:00:00,2026-07-31 21:56:43.609632,2026-07-31 21:56:43.625514,Person 4E789DCD,,,,,will_call,,,false,,0
6070-L-24,6070,landscape,Company A81F24D3,2026-08-20 16:26:50.617465,706.75,2,completed,2026-08-24 00:00:00,2026-08-20 17:01:17.445078,2026-08-20 17:01:17.455368,Person B93A0D4E,555-0114,,,,job,,,false,,0
6070-L-25,6070,landscape,Company 520BDD44,2026-08-20 17:00:45.187669,469.47375,10,completed,2026-08-31 00:00:00,2026-09-09 23:23:53.781816,2026-09-09 23:23:53.796833,Person 8F078E89,,,,,will_call,,,false,,0
6070-L-26,6070,landscape,,2026-09-03 17:48:08.247966,45,1,in_progress,2026-09-09 00:00:00,,2026-09-03 17:49:35.50051,Person CF1FAC34,555-0111,,,,job,,,false,,0
6070-L-3,6070,landscape,Company 5513C1E9,2026-04-01 17:11:48.811898,3512.625,3,completed,2026-06-03 00:00:00,2026-05-29 18:37:28.295206,2026-05-29 18:37:28.305803,Person B93A0D4E,555-0114,,,,job,,,false,,0
6070-L-4,6070,landscape,Company B47AEED3,2026-04-01 17:11:48.811898,2637.1875,3,completed,2026-06-11 00:00:00,2026-06-10 15:37:50.763291,2026-06-10 15:37:50.781044,Person B93A0D4E,555-0114,,,,job,,,false,,0
6070-L-5,6070,landscape,Company ADE9598D,2026-05-29 19:15:38.350753,4421.375,2,completed,2026-06-04 00:00:00,2026-05-29 19:19:16.21428,2026-05-29 19:19:16.227208,Person B93A0D4E,555-0114,,,,job,,,false,,0
6070-L-6,6070,landscape,Company 5661A390,2026-05-29 19:19:53.008138,501.35925,1,completed,2026-06-02 00:00:00,2026-06-09 00:44:43.653332,2026-06-09 00:44:43.665574,Person B93A0D4E,555-0114,,,,job,,,false,,0
6070-L-7,6070,landscape,Company D35E67B5,2026-06-01 13:45:59.015222,298.82325,3,completed,2026-06-05 00:00:00,2026-06-11 14:15:41.897171,2026-06-11 14:15:41.915755,Person B93A0D4E,555-0114,,,,job,,,false,,0
6070-L-8,6070,landscape,Company 2F610CBC,2026-06-05 14:30:40.814852,315.984,1,completed,2026-06-05 00:00:00,2026-06-05 15:00:26.540481,2026-06-05 15:00:26.55225,Person 63C78BB9,555-0130,,,,job,,,false,,0
6070-L-9,6070,landscape,Company 09434731,2026-06-09 14:53:56.418206,1966.2,5,completed,2026-06-11 00:00:00,2026-06-12 16:16:24.659311,2026-06-12 16:16:24.672305,Person B93A0D4E,555-0114,,,,job,,,false,,0
6070-M-1,6070,maintenance,Company 93078B9A,2026-09-04 14:45:49.618242,108.75,1,completed,2026-09-08 00:00:00,2026-09-04 14:46:24.472384,2026-09-04 14:46:24.479648,Person 8F078E89,,,,,yard,,,false,,0
6071-D-1,6071,drains,,2026-03-09 16:30:15.248107,0,0,in_progress,,,2026-03-09 16:30:15.248724,,,,,,job,,,false,,0
6071-I-1,6071,irrigation,Company C82B1E5C,2026-02-24 15:09:21.515969,89533.832986,13,completed,2026-02-24 00:00:00,2026-02-25 19:05:55.739085,2026-02-25 19:05:55.829413,,,,,,job,,,false,,0
6071-I-10,6071,irrigation,Company C82B1E5C,2026-08-26 14:27:14.326458,2449.194267,11,completed,2026-08-26 00:00:00,2026-08-26 14:31:33.459636,2026-08-26 14:31:33.483662,Person 63C78BB9,555-0130,,,,job,,,false,,0
6071-I-11,6071,irrigation,Company D35E67B5,2026-08-26 15:10:15.983896,529.295,1,completed,2026-08-26 00:00:00,2026-08-26 17:40:24.063757,2026-08-26 17:40:24.077564,Person 63C78BB9,,,,,will_call,,,false,,0
6071-I-12,6071,irrigation,Company C82B1E5C,2026-08-26 17:49:39.553983,163.185516,3,completed,2026-08-26 00:00:00,2026-08-26 17:52:02.166213,2026-08-26 17:52:02.188818,Person 01B226B8,,,,,will_call,,,false,,0
6071-I-13,6071,irrigation,Company D35E67B5,2026-08-26 18:02:06.581357,85.3944,3,completed,2026-08-28 00:00:00,2026-08-28 16:31:05.678909,2026-08-28 16:31:05.688783,,,,,,yard,,,false,,0
6071-I-14,6071,irrigation,Company C82B1E5C,2026-08-28 17:54:51.85136,368.457388,3,completed,2026-08-20 00:00:00,2026-08-28 17:57:12.233117,2026-08-28 17:57:12.241297,,,,,,yard,,,false,,0
6071-I-15,6071,irrigation,Company C82B1E5C,2026-09-01 14:52:36.985802,357.44098,1,completed,2026-09-01 00:00:00,2026-09-01 14:53:34.757645,2026-09-01 14:53:34.765152,,,,,,yard,,,false,,0
6071-I-16,6071,irrigation,Company C82B1E5C,2026-09-03 15:47:03.654309,156.5379465,3,completed,2026-09-03 00:00:00,2026-09-03 16:15:09.30665,2026-09-03 16:15:09.316865,,,,,,yard,,,false,,0
6071-I-17,6071,irrigation,Company C82B1E5C,2026-09-03 16:42:32.111879,309.771501,1,completed,2026-09-04 00:00:00,2026-09-03 16:44:11.85281,2026-09-03 16:44:11.860641,Person 63C78BB9,555-0130,,,,will_call,,,false,,0
6071-I-18,6071,irrigation,Company EE5388D9,2026-09-09 18:13:45.410047,680,1,completed,2026-09-09 00:00:00,2026-09-09 18:15:05.161351,2026-09-09 18:15:05.170903,,,,,,yard,,,false,,0
6071-I-2,6071,irrigation,Company C82B1E5C,2026-03-09 16:28:09.545976,26629.122949,65,completed,2026-07-31 00:00:00,2026-08-06 14:43:12.089873,2026-08-06 14:43:12.140182,,,,,,yard,,,false,,0
6071-I-3,6071,irrigation,Company C82B1E5C,2026-08-06 15:47:49.816772,8407.0087556,15,completed,2026-08-11 00:00:00,2026-08-12 17:33:46.656408,2026-08-12 17:33:46.673693,Person 63C78BB9,555-0130,,,,job,,,false,,0
6071-I-4,6071,irrigation,Company C82B1E5C,2026-08-14 17:24:28.215127,162.435,1,completed,2026-08-14 00:00:00,2026-08-19 14:52:33.708236,2026-08-19 14:52:33.717581,,,,,,yard,,,false,,0
6071-I-5,6071,irrigation,Company D35E67B5,2026-08-17 14:03:32.426399,794.3845,1,completed,2026-08-17 00:00:00,2026-08-17 14:19:18.292098,2026-08-17 14:19:18.30287,,,,,,will_call,,,false,,0
6071-I-6,6071,irrigation,Company D35E67B5,2026-08-18 16:53:07.003203,84.2673,1,completed,2026-08-18 00:00:00,2026-08-18 16:53:54.199953,2026-08-18 16:53:54.208812,Person 63C78BB9,,,,,will_call,,,false,,0
6071-I-7,6071,irrigation,Company D35E67B5,2026-08-20 14:18:08.025964,199.2315,4,completed,2026-08-21 00:00:00,2026-08-20 14:20:34.966796,2026-08-20 14:20:34.982674,,,,,,job,,,false,,0
6071-I-8,6071,irrigation,Company D35E67B5,2026-08-20 20:34:11.82914,11129.94675,1,completed,2026-08-21 00:00:00,2026-08-21 17:41:03.198147,2026-08-21 17:41:03.209426,,,,,,yard,,,false,,0
6071-I-9,6071,irrigation,Company C82B1E5C,2026-08-24 17:17:33.454758,19.06125,1,completed,2026-08-25 00:00:00,2026-08-24 17:53:12.201602,2026-08-24 17:53:12.212366,,,,,,yard,,,false,,0
6071-L-1,6071,landscape,Company D8A46E77,2026-03-31 14:47:45.342183,1871.61,3,completed,2026-08-21 00:00:00,2026-08-06 18:14:15.89865,2026-08-06 18:14:15.912928,Person 847C86C2,555-0137,,,,yard,,,false,,0
6071-L-10,6071,landscape,Company 6CDECF5F,2026-09-04 17:15:17.038651,828.75,1,completed,2026-09-08 00:00:00,2026-09-04 17:46:04.817684,2026-09-04 17:46:04.826192,Person F3F57736,555-0127,,,,job,,,false,,0
6071-L-2,6071,landscape,Company 77C89320,2026-08-06 15:38:44.259661,20447,1,completed,2026-09-03 00:00:00,2026-08-06 16:48:01.801701,2026-08-06 16:48:01.823776,Person 9044842F,555-0176,,,,job,,,false,,0
6071-L-3,6071,landscape,Company 77C89320,2026-08-06 15:40:07.875225,20447,1,completed,2026-09-04 00:00:00,2026-08-06 16:48:41.332805,2026-08-06 16:48:41.342773,Person 9044842F,555-0176,,,,job,,,false,,0
6071-L-4,6071,landscape,Company 02A7AFB7,2026-08-06 18:21:21.736111,4128,2,completed,2026-08-18 00:00:00,2026-08-06 20:54:08.548139,2026-08-06 20:54:08.559449,Person 9044842F,555-0176,,,,job,,,false,,0
6071-L-5,6071,landscape,Company B548E4AD,2026-08-06 18:21:21.736111,2103.92,1,completed,2026-08-18 00:00:00,2026-08-18 13:59:21.478089,2026-08-18 13:59:21.492816,Person 9044842F,555-0176,,,,job,,,false,,0
6071-L-6,6071,landscape,Company 5513C1E9,2026-08-06 18:21:21.736111,2375.75,1,completed,2026-08-18 00:00:00,2026-08-27 18:06:06.891556,2026-08-27 18:06:06.904104,Person 9044842F,555-0176,,,,job,,,false,,0
6071-L-7,6071,landscape,Company 6CDECF5F,2026-08-18 15:11:45.269005,1326,1,completed,2026-08-20 00:00:00,2026-08-18 15:13:04.952877,2026-08-18 15:13:04.966051,Person F3F57736,555-0127,,,,job,,,false,,0
6071-L-8,6071,landscape,Company 2F610CBC,2026-08-19 14:33:21.806342,578.9316,2,completed,2026-08-19 00:00:00,2026-08-19 15:40:50.767437,2026-08-19 15:40:50.778704,Person F3F57736,555-0127,,,,job,,,false,,0
6071-L-9,6071,landscape,Company 85C03ADA,2026-08-20 15:39:01.23047,2154.75,1,completed,2026-08-21 00:00:00,2026-08-21 14:38:21.402187,2026-08-21 14:38:21.433807,Person F3F57736,555-0127,,,,job,,,false,,0
6072-D-1,6072,drains,,2026-03-18 20:09:55.047858,0,0,in_progress,,,2026-03-18 20:09:55.048409,,,,,,job,,,false,,0
6072-I-1,6072,irrigation,Company D35E67B5,2026-02-11 22:18:05.453198,281.3841,3,completed,2026-02-12 00:00:00,2026-02-12 21:28:03.410901,2026-02-12 21:28:03.435777,,,,,,yard,,,false,,0
6072-I-10,6072,irrigation,Company 2F610CBC,2026-03-18 15:20:13.846911,1938.8287125,30,completed,2026-03-19 00:00:00,2026-03-18 20:08:40.94615,2026-03-18 20:08:40.984315,Person 63C78BB9,555-0130,,,,job,,,false,,0
6072-I-11,6072,irrigation,Company 2F610CBC,2026-03-19 14:11:08.13529,324.075,1,completed,2026-03-19 00:00:00,2026-03-19 15:48:22.370207,2026-03-19 15:48:22.384293,,,,,,yard,,,false,,0
6072-I-12,6072,irrigation,Company A47A2876,2026-03-20 20:09:48.60072,85,1,completed,2026-03-21 00:00:00,2026-04-01 22:49:41.923026,2026-04-01 22:49:41.934219,Person 63C78BB9,555-0130,,,,job,,,false,,0
6072-I-13,6072,irrigation,Company 2F610CBC,2026-03-26 21:56:11.752855,9955.6275,1,completed,2026-03-27 00:00:00,2026-03-30 17:16:31.171935,2026-03-30 17:16:31.182927,,,,,,yard,,,false,,0
6072-I-14,6072,irrigation,Company 5B343939,2026-04-03 21:40:53.23803,550,1,completed,2026-04-07 00:00:00,2026-08-08 00:40:43.866955,2026-08-08 00:40:43.880768,,,,,,job,,,false,,0
6072-I-15,6072,irrigation,Company D35E67B5,2026-04-10 21:32:07.147204,114.111375,2,completed,2026-04-15 00:00:00,2026-04-14 21:33:53.040893,2026-04-14 21:33:53.053489,Person 63C78BB9,,,,,job,,,false,,0
6072-I-16,6072,irrigation,Company 2F610CBC,2026-04-29 17:54:56.328065,3059.039625,14,completed,2026-06-10 00:00:00,2026-06-09 16:01:28.594928,2026-06-09 16:01:28.610502,Person 63C78BB9,555-0130,,,,job,,,false,,0
6072-I-17,6072,irrigation,Company 2F610CBC,2026-06-09 16:29:00.140081,122.441625,5,completed,2026-06-11 00:00:00,2026-06-10 21:05:52.193556,2026-06-10 21:05:52.205239,,,,,,yard,,,false,,0
6072-I-18,6072,irrigation,Company 2F610CBC,2026-06-11 14:16:49.137685,156.6,1,completed,2026-06-12 00:00:00,2026-06-11 14:18:17.843563,2026-06-11 14:18:17.856359,Person 63C78BB9,555-0130,,,,will_call,,,false,,0
6072-I-19,6072,irrigation,Company 2F610CBC,2026-06-16 14:28:50.897206,1282.782375,10,completed,2026-06-16 00:00:00,2026-06-16 16:26:25.607996,2026-06-16 16:26:25.62844,Person 63C78BB9,555-0130,,,,job,,,false,,0
6072-I-2,6072,irrigation,Company 2F610CBC,2026-02-16 15:55:16.479546,11016.129225,48,completed,2026-02-17 00:00:00,2026-02-16 21:32:35.162732,2026-02-16 21:32:35.302013,,,,,,job,,,false,,0
6072-I-20,6072,irrigation,Company 2F610CBC,2026-06-17 15:46:30.668307,619.353,1,completed,2026-06-17 00:00:00,2026-06-17 15:47:24.001093,2026-06-17 15:47:24.009212,Person 63C78BB9,555-0130,,,,job,,,false,,0
6072-I-21,6072,irrigation,Company 2F610CBC,2026-06-17 18:13:03.201843,99.75909375,2,completed,2026-06-18 00:00:00,2026-06-17 18:14:25.01867,2026-06-17 18:14:25.029997,Person 63C78BB9,,,,,will_call,,,false,,0
6072-I-22,6072,irrigation,Company 2F610CBC,2026-06-18 15:34:47.372766,104.4,1,completed,2026-06-18 00:00:00,2026-06-18 15:35:33.893337,2026-06-18 15:35:33.902834,Person 63C78BB9,555-0130,,,,job,,,false,,0
6072-I-23,6072,irrigation,Company 2F610CBC,2026-06-23 15:42:58.51652,10682.70192075,50,completed,2026-06-24 00:00:00,2026-08-06 15:01:46.886477,2026-08-06 15:01:46.930183,,,,,,job,,,false,,0
6072-I-24,6072,irrigation,Company 2F610CBC,2026-07-21 14:17:30.713368,137.025,1,completed,2026-07-21 00:00:00,2026-07-21 15:32:10.062394,2026-07-21 15:32:10.092725,Person 31B0347E,555-0182,,,,job,,,false,,0
6072-I-25,6072,irrigation,Company 2F610CBC,2026-07-22 15:02:23.606244,366.8355,7,completed,2026-07-22 00:00:00,2026-07-22 15:49:17.893213,2026-07-22 15:49:17.905828,,,,,,yard,,,false,,0
6072-I-26,6072,irrigation,Company D35E67B5,2026-07-24 14:33:09.890874,1402.972875,3,completed,2026-07-24 00:00:00,2026-07-24 15:42:32.443564,2026-07-24 15:42:32.455129,Person 63C78BB9,555-0130,,,,job,,,false,,0
6072-I-27,6072,irrigation,Company 2F610CBC,2026-07-27 15:02:32.54598,1112.4255,9,completed,2026-07-27 00:00:00,2026-07-28 20:14:37.330151,2026-07-28 20:14:37.361417,,,,,,job,,,false,,0
6072-I-28,6072,irrigation,Company 2F610CBC,2026-07-27 17:38:51.753905,256.62825,3,completed,2026-07-30 00:00:00,2026-07-30 14:12:24.034829,2026-07-30 14:12:24.04767,Person 63C78BB9,555-0130,,,,job,,,false,,0
6072-I-29,6072,irrigation,Company 2F610CBC,2026-07-27 15:02:32.54598,233.540625,4,completed,2026-07-28 00:00:00,2026-07-28 21:09:10.417587,2026-07-28 21:09:10.429115,Person 31B0347E,555-0188,,,,job,,,false,,0
6072-I-3,6072,irrigation,Company D35E67B5,2026-02-17 21:51:05.559091,11029.370625,1,completed,2026-02-19 00:00:00,2026-02-18 21:33:17.41355,2026-02-18 21:33:17.453638,,,,,,yard,,,false,,0
6072-I-30,6072,irrigation,Company 2F610CBC,2026-07-31 20:03:22.691451,2373.9081,5,completed,2026-07-31 00:00:00,2026-07-31 21:04:05.038926,2026-07-31 21:04:05.050669,,,,,,yard,,,false,,0
6072-I-31,6072,irrigation,Company 2F610CBC,2026-08-04 14:19:08.570658,2751.364125,17,completed,2026-08-04 00:00:00,2026-08-04 15:17:03.262012,2026-08-04 15:17:03.279542,Person 63C78BB9,555-0130,,,,job,,,false,,0
6072-I-32,6072,irrigation,Company 2F610CBC,2026-08-04 16:39:36.223619,47.034375,2,completed,2026-08-04 00:00:00,2026-08-04 17:50:28.126414,2026-08-04 17:50:28.145449,,,,,,yard,,,false,,0
6072-I-33,6072,irrigation,Company 2F610CBC,2026-08-05 14:42:52.020686,413.178225,2,completed,2026-08-06 00:00:00,2026-08-06 18:30:25.685863,2026-08-06 18:30:25.697476,,,,,,yard,,,false,,0
6072-I-34,6072,irrigation,Company 5B343939,2026-08-08 00:36:13.515493,500,1,completed,2026-08-09 00:00:00,2026-08-08 16:32:03.025961,2026-08-08 16:32:03.051823,,,,,,job,,,false,,0
6072-I-35,6072,irrigation,Company 2F610CBC,2026-08-08 00:38:40.728342,904.63905,11,completed,2026-08-10 00:00:00,2026-08-12 14:58:31.902334,2026-08-12 14:58:31.917003,,,,,,job,,,false,,0
6072-I-36,6072,irrigation,Company 2F610CBC,2026-08-12 15:12:47.14338,2277.4425,1,completed,2026-08-12 00:00:00,2026-08-12 15:13:17.653064,2026-08-12 15:13:17.663076,,,,,,yard,,,false,,0
6072-I-37,6072,irrigation,Company 2F610CBC,2026-08-21 14:58:03.868373,4920.8341875,30,completed,2026-08-21 00:00:00,2026-08-24 17:37:46.612497,2026-08-24 17:37:46.643574,,,,,,yard,,,false,,0
6072-I-38,6072,irrigation,Company 2F610CBC,2026-08-24 17:45:12.962757,178.35,1,completed,2026-09-02 00:00:00,2026-09-02 13:50:30.076997,2026-09-02 13:50:30.093939,Person C6FE02A5,,,,,yard,,,false,,0
6072-I-39,6072,irrigation,Company 2F610CBC,2026-09-09 14:39:53.644605,395.415,9,completed,2026-09-09 00:00:00,2026-09-09 15:38:33.78734,2026-09-09 15:38:33.800888,,,,,,yard,,,false,,0
6072-I-4,6072,irrigation,Company 2F610CBC,2026-02-27 18:25:27.727645,189.801375,4,completed,2026-02-27 00:00:00,2026-02-27 23:34:23.204542,2026-02-27 23:34:23.375048,,,,,,yard,,,false,,0
6072-I-40,6072,irrigation,,2026-09-09 21:53:31.001853,0,0,in_progress,,,2026-09-09 21:53:31.0024,,,,,,job,,,false,,0
6072-I-5,6072,irrigation,Company 2F610CBC,2026-03-02 19:00:09.960113,344.2535625,11,completed,2026-03-02 00:00:00,2026-03-02 21:07:02.426092,2026-03-02 21:07:02.694743,,,,,,yard,,,false,,0
6072-I-6,6072,irrigation,Company 2F610CBC,2026-03-03 15:05:04.05988,41.76,1,completed,2026-03-03 00:00:00,2026-03-03 15:05:27.153593,2026-03-03 15:05:27.220838,,,,,,yard,,,false,,0
6072-I-7,6072,irrigation,Company 2F610CBC,2026-03-05 19:00:03.643266,46.425375,4,completed,2026-03-06 00:00:00,2026-03-05 22:06:24.17344,2026-03-05 22:06:24.530489,,,,,,yard,,,false,,0
6072-I-8,6072,irrigation,Company 2F610CBC,2026-03-06 16:07:49.049053,878.928375,1,completed,2026-03-06 00:00:00,2026-03-06 16:08:04.028408,2026-03-06 16:08:04.03877,,,,,,yard,,,false,,0
6072-I-9,6072,irrigation,Company 2F610CBC,2026-03-09 16:12:17.634605,59.1980625,5,completed,2026-03-11 00:00:00,2026-03-18 16:06:46.572477,2026-03-18 16:06:46.586767,,,,,,job,,,false,,0
6072-L-1,6072,landscape,Company B47AEED3,2026-02-24 16:59:28.430897,2172.444375,4,completed,2026-03-02 00:00:00,2026-02-24 20:06:27.905526,2026-02-24 20:06:28.020766,Person 91B849ED,555-0114,,,,job,,,false,,0
6072-L-10,6072,landscape,Company F6DB773A,2026-03-05 14:45:18.643089,696,1,completed,2026-03-06 00:00:00,2026-03-05 17:29:23.57442,2026-03-05 17:29:23.701695,Person 91B849ED,555-0114,,,,job,,,false,,0
6072-L-11,6072,landscape,Company 2F610CBC,2026-03-06 15:18:16.566554,106.03125,1,completed,2026-03-06 00:00:00,2026-03-06 15:19:08.549873,2026-03-06 15:19:08.56091,Person B93A0D4E,555-0114,,,,job,,,false,,0
6072-L-12,6072,landscape,Company F6DB773A,2026-03-06 16:10:06.221784,650.325,2,completed,2026-03-09 00:00:00,2026-03-06 22:22:45.026503,2026-03-06 22:22:45.044924,Person 91B849ED,555-0114,,,,job,,,false,,0
6072-L-13,6072,landscape,Company B47AEED3,2026-03-09 16:18:16.692847,291.99375,3,completed,2026-03-10 00:00:00,2026-03-09 17:03:47.022896,2026-03-09 17:03:47.0415,Person 38FA9B9B,555-0114,,,,will_call,,,false,,0
6072-L-14,6072,landscape,Company F66D8559,2026-03-09 20:49:18.700053,293.625,1,completed,2026-03-10 00:00:00,2026-03-09 20:56:09.974347,2026-03-09 20:56:09.986851,Person 4E789DCD,555-0176,,,,will_call,,,false,,0
6072-L-15,6072,landscape,Company 6CDECF5F,2026-03-11 14:53:24.441879,815.625,1,completed,2026-03-12 00:00:00,2026-03-11 14:54:34.400874,2026-03-11 14:54:34.411519,Person B93A0D4E,555-0114,,,,job,,,false,,0
6072-L-16,6072,landscape,Company B47AEED3,2026-03-16 16:56:07.367976,1370.25,3,completed,2026-03-17 00:00:00,2026-03-16 16:59:41.675565,2026-03-16 16:59:41.695136,Person 91B849ED,555-0114,,,,job,,,false,,0
6072-L-17,6072,landscape,Company B548E4AD,2026-03-17 18:03:25.751946,65.25,1,completed,2026-03-18 00:00:00,2026-03-17 18:22:31.081636,2026-03-17 18:22:31.093847,Person 91B849ED,555-0114,,,,will_call,,,false,,0
6072-L-18,6072,landscape,Company 85C03ADA,2026-03-18 15:52:20.468282,1463.5575,4,completed,2026-03-19 00:00:00,2026-03-18 15:56:16.152255,2026-03-18 15:56:16.163073,Person 91B849ED,555-0114,,,,job,,,false,,0
6072-L-19,6072,landscape,Company 09434731,2026-03-25 15:45:37.08015,205.5375,3,completed,2026-03-26 00:00:00,2026-03-25 20:45:02.714755,2026-03-25 20:45:02.73056,Person 4E789DCD,,,,,will_call,,,false,,0
6072-L-2,6072,landscape,Company 85C03ADA,2026-02-24 16:59:28.430897,2894.38125,8,completed,2026-03-02 00:00:00,2026-03-04 15:50:25.224302,2026-03-04 15:50:25.470503,Person 91B849ED,555-0114,,,,job,,,false,,0
6072-L-20,6072,landscape,Company 09434731,2026-06-03 16:14:30.374473,2305.5,6,completed,2026-07-16 00:00:00,2026-07-09 16:41:12.919996,2026-07-09 16:41:12.938063,Person B93A0D4E,555-0114,,,,job,,,false,,0
6072-L-21,6072,landscape,Company 520BDD44,2026-06-03 16:14:30.374473,2879.15625,6,completed,2026-07-16 00:00:00,2026-07-09 16:39:22.325498,2026-07-09 16:39:22.340544,Person B93A0D4E,555-0114,,,,job,,,false,,0
6072-L-22,6072,landscape,Company 99AC62BC,2026-06-03 16:14:30.374473,5200.425,5,completed,2026-07-16 00:00:00,2026-07-15 22:28:34.565773,2026-07-15 22:28:34.579366,Person B93A0D4E,555-0114,,,,job,,,false,,0
6072-L-23,6072,landscape,Company B548E4AD,2026-06-03 16:14:30.374473,2951.155,7,completed,2026-07-16 00:00:00,2026-08-04 15:54:52.891663,2026-08-04 15:54:52.906169,Person B93A0D4E,555-0114,,,,job,,,false,,0
6072-L-24,6072,landscape,Company A0B5AE5E,2026-07-17 16:42:39.722277,15970.2,5,completed,2026-08-10 00:00:00,2026-07-28 20:52:02.08639,2026-07-28 20:52:02.107272,,,,,,yard,,,false,,0
6072-L-25,6072,landscape,Company 6CDECF5F,2026-07-28 18:35:07.00559,815.625,1,completed,2026-08-05 00:00:00,2026-07-31 16:07:30.757676,2026-07-31 16:07:30.76853,Person B5A7B002,555-0168,,,,job,,,false,,0
6072-L-26,6072,landscape,Company 09434731,2026-07-31 17:05:13.441281,1073.90625,5,completed,2026-08-04 00:00:00,2026-08-03 16:15:42.242921,2026-08-03 16:15:42.256683,Person B5A7B002,555-0168,,,,job,,,false,,0
6072-L-27,6072,landscape,Company 09434731,2026-08-03 22:08:10.205884,399.65625,6,completed,2026-08-06 00:00:00,2026-08-05 16:00:55.604727,2026-08-05 16:00:55.618176,Person 153DA07E,,,,,yard,,,false,,0
6072-L-28,6072,landscape,Company 6CDECF5F,2026-08-06 14:35:20.366772,543.75,1,completed,2026-08-07 00:00:00,2026-08-06 15:05:09.413376,2026-08-06 15:05:09.424762,Person B5A7B002,555-0168,,,,job,,,false,,0
6072-L-29,6072,landscape,Company B47AEED3,2026-08-06 20:31:45.734305,645.43125,3,completed,2026-08-15 00:00:00,2026-08-20 21:50:56.412909,2026-08-20 21:50:56.424774,,,,,,will_call,,,false,,0
6072-L-3,6072,landscape,Company F6DB773A,2026-02-24 16:59:28.430897,7593.46875,5,completed,2026-03-02 00:00:00,2026-03-03 22:48:03.570519,2026-03-03 22:48:03.778016,Person 91B849ED,555-0114,,,,job,,,false,,0
6072-L-30,6072,landscape,Company 85C03ADA,2026-08-18 13:32:41.188407,130.82625,3,completed,2026-08-24 00:00:00,2026-08-21 17:50:25.613139,2026-08-21 17:50:25.627656,Person 4E789DCD,,,,,yard,,,false,,0
6072-L-31,6072,landscape,Company 520BDD44,2026-08-24 15:23:10.258748,2762.79375,8,completed,2026-09-03 00:00:00,2026-08-27 22:05:45.831049,2026-08-27 22:05:45.85207,Person E76EFB67,555-0114,,,,job,,,false,,0
6072-L-32,6072,landscape,Company B1347A9D,2026-08-24 15:23:10.258748,1565.7825,5,completed,2026-09-03 00:00:00,2026-08-27 22:05:45.896985,2026-08-27 22:05:45.904542,Person E76EFB67,555-0114,,,,job,,,false,,0
6072-L-33,6072,landscape,Company 85C03ADA,2026-08-24 15:23:10.258748,1273.4625,5,completed,2026-09-03 00:00:00,2026-08-27 22:05:45.947417,2026-08-27 22:05:45.954729,Person E76EFB67,555-0114,,,,job,,,false,,0
6072-L-34,6072,landscape,Company B47AEED3,2026-08-24 15:23:10.258748,1850.925,6,completed,2026-09-03 00:00:00,2026-08-27 22:05:45.992139,2026-08-27 22:05:46.002282,Person E76EFB67,555-0114,,,,job,,,false,,0
6072-L-35,6072,landscape,Company D35E67B5,2026-09-02 15:13:54.449997,67.86,1,completed,2026-09-03 00:00:00,2026-09-02 15:22:42.743903,2026-09-02 15:22:42.752368,Person 38FA9B9B,555-0114,,,,job,,,false,,0
6072-L-36,6072,landscape,Company B47AEED3,2026-09-09 15:05:33.164948,452.128125,3,completed,2026-09-10 00:00:00,2026-09-09 17:06:45.52525,2026-09-09 17:06:45.538135,Person B93A0D4E,,,,,will_call,,,false,,0
6072-L-37,6072,landscape,Company B548E4AD,2026-09-09 15:05:33.164948,123.975,2,completed,2026-09-10 00:00:00,2026-09-09 17:06:45.568289,2026-09-09 17:06:45.573746,Person B93A0D4E,,,,,will_call,,,false,,0
6072-L-4,6072,landscape,Company 99AC62BC,2026-02-24 16:59:28.430897,4740.4125,7,completed,2026-03-02 00:00:00,2026-02-24 20:06:28.331723,2026-02-24 20:06:28.412862,Person 91B849ED,555-0114,,,,job,,,false,,0
6072-L-5,6072,landscape,Company DC9A38AE,2026-02-25 18:27:47.32131,690.5625,3,completed,2026-03-02 00:00:00,2026-02-26 16:46:00.753623,2026-02-26 16:46:00.870207,Person 38FA9B9B,555-0114,,,,job,,,false,,0
6072-L-6,6072,landscape,Company B548E4AD,2026-02-26 17:38:36.817594,130.5,1,completed,2026-03-02 00:00:00,2026-04-15 17:41:15.751551,2026-04-15 17:41:15.769616,Person 38FA9B9B,555-0114,,,,will_call,,,false,,0
6072-L-7,6072,landscape,Company E4A3BEFC,2026-03-03 18:43:25.76917,6000,1,deleted,2026-03-04 00:00:00,2026-03-03 18:44:28.05481,2026-03-06 22:47:15.876261,Person 4E789DCD,555-0176,,,2026-03-06 22:47:15.869041,job,,,false,,0
6072-L-8,6072,landscape,Company B1347A9D,2026-03-04 15:35:51.395562,91.45875,1,completed,2026-03-05 00:00:00,2026-03-04 18:00:05.039008,2026-03-04 18:00:05.124798,Person F67CD33E,,,,,will_call,,,false,,0
6072-L-9,6072,landscape,Company 85C03ADA,2026-03-04 23:02:24.855314,619.875,2,completed,2026-03-06 00:00:00,2026-03-04 23:06:36.448421,2026-03-04 23:06:36.49705,Person B93A0D4E,,,,,yard,,,false,,0
6073-D-1,6073,drains,Company 2F610CBC,2026-03-23 14:44:32.908201,354.713,1,completed,2026-03-23 00:00:00,2026-03-23 14:44:35.2718,2026-03-23 14:44:35.286907,,,,,,yard,,,false,,0
6073-D-2,6073,drains,Company 2F610CBC,2026-05-01 15:29:56.445665,759.01255,7,completed,2026-05-04 00:00:00,2026-05-01 16:07:13.432783,2026-05-01 16:07:13.449347,Person 4E789DCD,555-0130,,,,job,,,false,,0
6073-D-3,6073,drains,Company 2F610CBC,2026-05-21 15:37:26.904581,229.8964775,4,completed,2026-05-22 00:00:00,2026-05-21 18:05:09.772666,2026-05-21 18:05:09.785158,Person 3D9F9CE4,555-0122,,,,job,,,false,,0
6073-D-4,6073,drains,Company EBBE7319,2026-06-10 14:30:31.245701,650,2,completed,2026-06-11 00:00:00,2026-06-18 20:29:16.816251,2026-06-18 20:29:16.82765,Person 9044842F,555-0176,,,,job,,,false,,0
6073-D-5,6073,drains,Company D35E67B5,2026-06-10 15:00:01.899806,35.201925,1,completed,2026-06-11 00:00:00,2026-06-10 15:58:18.876211,2026-06-10 15:58:18.888567,,,,,,will_call,,,false,,0
6073-D-6,6073,drains,Company 2F610CBC,2026-06-17 15:18:53.469211,51.4452375,1,completed,2026-06-18 00:00:00,2026-06-17 15:24:47.339113,2026-06-17 15:24:47.354995,Person 4E789DCD,555-0109,,,,will_call,,,false,,0
6073-D-7,6073,drains,Company 2F610CBC,2026-07-07 15:33:44.945698,1435.068375,4,completed,2026-07-08 00:00:00,2026-07-07 18:01:28.504475,2026-07-07 18:01:28.517858,,,,,,job,,,false,,0
6073-I-1,6073,irrigation,Company 2F610CBC,2026-03-13 16:03:54.415764,4439.388355,18,completed,2026-03-13 00:00:00,2026-03-20 17:23:20.210264,2026-03-20 17:23:20.235126,,,,,,yard,,,false,,0
6073-I-10,6073,irrigation,Company D35E67B5,2026-05-13 14:11:38.966526,219.4652,2,completed,2026-05-14 00:00:00,2026-05-13 14:50:09.371711,2026-05-13 14:50:09.384961,Person 63C78BB9,555-0130,,,,will_call,,,false,,0
6073-I-11,6073,irrigation,Company 2F610CBC,2026-05-13 15:25:59.863023,103.44,1,completed,2026-05-13 00:00:00,2026-05-13 15:26:03.862958,2026-05-13 15:26:03.874248,,,,,,yard,,,false,,0
6073-I-12,6073,irrigation,Company 2F610CBC,2026-05-14 15:53:36.70957,200.0324875,8,completed,2026-05-14 00:00:00,2026-05-14 17:44:09.498926,2026-05-14 17:44:09.511967,,,,,,yard,,,false,,0
6073-I-13,6073,irrigation,Company D35E67B5,2026-05-15 14:05:43.221065,1093.436225,13,completed,2026-05-15 00:00:00,2026-05-15 18:30:45.945556,2026-05-15 18:30:45.962763,Person 63C78BB9,555-0130,,,,will_call,,,false,,0
6073-I-14,6073,irrigation,Company 2F610CBC,2026-05-19 14:13:23.494463,909.10399,5,completed,2026-05-19 00:00:00,2026-05-19 14:15:51.412988,2026-05-19 14:15:51.424968,Person 63C78BB9,555-0130,,,,job,,,false,,0
6073-I-15,6073,irrigation,Company 2F610CBC,2026-05-20 14:16:39.893795,205.283145,2,completed,2026-05-20 00:00:00,2026-05-20 14:58:10.180853,2026-05-20 14:58:10.199386,Person 63C78BB9,555-0130,,,,job,,,false,,0
6073-I-16,6073,irrigation,Company 2F610CBC,2026-05-22 14:57:20.438739,304.6167925,7,completed,2026-05-22 00:00:00,2026-05-22 15:37:14.561,2026-05-22 15:37:14.576089,Person 63C78BB9,555-0130,,,,job,,,false,,0
6073-I-17,6073,irrigation,Company 2F610CBC,2026-05-27 14:11:01.391931,5387.8631175,6,completed,2026-05-28 00:00:00,2026-05-27 17:19:57.98305,2026-05-27 17:19:57.999455,,,,,,yard,,,false,,0
6073-I-18,6073,irrigation,Company 2F610CBC,2026-06-03 17:06:00.800644,48.4875,2,completed,2026-06-04 00:00:00,2026-06-03 17:11:31.89729,2026-06-03 17:11:31.91032,,,,,,yard,,,false,,0
6073-I-19,6073,irrigation,Company 2F610CBC,2026-06-03 17:14:50.415849,255.7554,4,completed,2026-06-03 00:00:00,2026-06-03 17:16:55.203535,2026-06-03 17:16:55.216411,,,,,,yard,,,false,,0
6073-I-2,6073,irrigation,Company 2F610CBC,2026-03-13 18:30:29.15521,4319.566045,20,completed,2026-03-14 00:00:00,2026-03-13 22:11:52.339374,2026-03-13 22:11:52.36031,Person 63C78BB9,555-0130,,,,job,,,false,,0
6073-I-20,6073,irrigation,Company A47A2876,2026-06-05 14:21:57.243448,85,1,completed,2026-06-06 00:00:00,2026-06-11 18:22:21.692814,2026-06-11 18:22:21.703859,Person 63C78BB9,555-0130,,,,job,,,false,,0
6073-I-21,6073,irrigation,Company 2F610CBC,2026-06-08 17:25:44.476871,1007.128475,11,completed,2026-06-09 00:00:00,2026-06-08 22:45:15.745469,2026-06-08 22:45:15.763565,Person 63C78BB9,555-0130,,,,job,,,false,,0
6073-I-22,6073,irrigation,Company 2F610CBC,2026-06-10 18:26:12.57285,167.398245,1,completed,2026-06-10 00:00:00,2026-06-10 18:32:42.025914,2026-06-10 18:32:42.038119,,,,,,yard,,,false,,0
6073-I-23,6073,irrigation,Company 2F610CBC,2026-06-10 20:25:36.912096,326.9997,4,completed,2026-06-11 00:00:00,2026-06-10 21:00:14.626214,2026-06-10 21:00:14.639366,Person 63C78BB9,555-0130,,,,job,,,false,,0
6073-I-24,6073,irrigation,Company 2F610CBC,2026-06-10 20:31:18.948715,3111.0237275,29,completed,2026-06-15 00:00:00,2026-06-15 22:45:01.685932,2026-06-15 22:45:01.712345,,,,,,yard,,,false,,0
6073-I-25,6073,irrigation,Company A47A2876,2026-06-17 15:23:32.483457,85,1,completed,2026-06-18 00:00:00,2026-06-24 21:28:37.500771,2026-06-24 21:28:37.511312,,,,,,job,,,false,,0
6073-I-26,6073,irrigation,Company 2F610CBC,2026-06-17 22:13:59.74441,11.39995,2,completed,2026-06-24 00:00:00,2026-06-24 15:52:23.196881,2026-06-24 15:52:23.207921,,,,,,yard,,,false,,0
6073-I-27,6073,irrigation,,2026-07-07 22:58:01.499531,0,0,in_progress,,,2026-07-07 22:58:01.500442,,,,,,job,,,false,,0
6073-I-3,6073,irrigation,Company D35E67B5,2026-03-13 18:30:29.15521,48.2289,1,completed,2026-03-14 00:00:00,2026-03-13 20:05:24.727494,2026-03-13 20:05:24.737196,,,,,,job,,,false,,0
6073-I-4,6073,irrigation,Company 2F610CBC,2026-03-18 14:40:27.783605,385.712675,9,completed,2026-03-18 00:00:00,2026-03-18 17:25:34.232845,2026-03-18 17:25:34.25053,Person 63C78BB9,555-0130,,,,job,,,false,,0
6073-I-5,6073,irrigation,Company 2F610CBC,2026-03-18 20:31:38.50179,378.967525,3,completed,2026-03-19 00:00:00,2026-03-18 21:05:33.954637,2026-03-18 21:05:33.968628,Person 63C78BB9,555-0130,,,,job,,,false,,0
6073-I-6,6073,irrigation,Company 2F610CBC,2026-03-20 14:10:27.400841,5719.8882775,34,completed,2026-03-21 00:00:00,2026-03-20 14:25:12.498438,2026-03-20 14:25:12.525732,,,,,,yard,,,false,,0
6073-I-7,6073,irrigation,Company 2F610CBC,2026-03-24 15:54:16.342431,263.929315,5,completed,2026-03-24 00:00:00,2026-03-25 17:52:00.271604,2026-03-25 17:52:00.286026,Person 63C78BB9,555-0130,,,,job,,,false,,0
6073-I-8,6073,irrigation,Company D35E67B5,2026-05-06 16:00:50.54326,87.4068,3,completed,2026-05-06 00:00:00,2026-05-13 16:00:01.885606,2026-05-13 16:00:01.911856,Person 63C78BB9,,,,,will_call,,,false,,0
6073-I-9,6073,irrigation,Company 2F610CBC,2026-05-11 14:23:31.123784,415.2523375,9,completed,2026-05-11 00:00:00,2026-05-11 16:31:13.372126,2026-05-11 16:31:13.38599,,,,,,yard,,,false,,0
6073-L-1,6073,landscape,Company AB5CA754,2026-02-25 16:22:02.710445,6949.88,3,completed,2026-04-09 00:00:00,2026-02-26 22:33:15.296073,2026-02-26 22:33:15.35612,Person FAB920E7,555-0128,,,,yard,,,false,,0
6073-L-10,6073,landscape,Company 85C03ADA,2026-05-04 14:33:20.057131,3297.15,2,completed,2026-05-07 00:00:00,2026-05-05 21:12:46.478587,2026-05-05 21:12:46.488533,Person 0A676B52,555-0183,,,,job,,,false,,0
6073-L-11,6073,landscape,Company B47AEED3,2026-05-05 15:36:58.295041,4658.4204,3,completed,2026-05-13 00:00:00,2026-05-11 18:22:22.781229,2026-05-11 18:22:22.795922,Person 9044842F,555-0176,,,,job,,,false,,0
6073-L-12,6073,landscape,Company F6DB773A,2026-05-05 15:36:58.295041,1416.643125,6,completed,2026-05-13 00:00:00,2026-05-11 18:22:22.838686,2026-05-11 18:22:22.846925,Person 9044842F,555-0176,,,,job,,,false,,0
6073-L-13,6073,landscape,Company 99AC62BC,2026-05-05 15:36:58.295041,5914.3975,8,completed,2026-05-13 00:00:00,2026-05-11 18:22:22.888544,2026-05-11 18:22:22.898921,Person 9044842F,555-0176,,,,job,,,false,,0
6073-L-14,6073,landscape,Company 7FC335AE,2026-05-05 15:36:58.295041,414.8375,1,completed,2026-05-13 00:00:00,2026-05-11 18:22:22.947735,2026-05-11 18:22:22.955197,Person 9044842F,555-0176,,,,job,,,false,,0
6073-L-15,6073,landscape,Company 724579F1,2026-05-11 19:02:04.068563,1303.775,2,completed,2026-05-13 00:00:00,2026-05-11 19:02:58.540293,2026-05-11 19:02:58.552847,Person 9044842F,555-0176,,,,job,,,false,,0
6073-L-16,6073,landscape,Company 520BDD44,2026-05-13 17:01:46.274474,1346.875,2,completed,2026-05-14 00:00:00,2026-05-13 17:02:26.933451,2026-05-13 17:02:26.949332,Person C2C1EFBB,555-0102,,,,job,,,false,,0
6073-L-17,6073,landscape,Company 99AC62BC,2026-05-14 13:38:36.826448,420.225,1,completed,2026-05-15 00:00:00,2026-05-14 13:39:04.144676,2026-05-14 13:39:04.155928,,,,,,job,,,false,,0
6073-L-18,6073,landscape,Company 09434731,2026-05-15 17:44:27.798671,814.651875,7,completed,2026-05-18 00:00:00,2026-05-15 17:46:55.823416,2026-05-15 17:46:55.83777,Person C2C1EFBB,555-0102,,,,job,,,false,,0
6073-L-19,6073,landscape,Company 724579F1,2026-05-20 14:00:33.548988,1110.8875,3,completed,2026-05-29 00:00:00,2026-05-28 13:52:37.252731,2026-05-28 13:52:37.272918,Person 9044842F,,,,,job,,,false,,0
6073-L-2,6073,landscape,Company 7158A058,2026-02-25 21:45:54.485419,515.05,2,completed,2026-03-05 00:00:00,2026-02-26 22:32:52.610199,2026-02-26 22:32:52.679136,,,,,,yard,,,false,,0
6073-L-20,6073,landscape,Company 725B3DA8,2026-05-29 14:41:09.019806,280.15,1,completed,2026-05-29 00:00:00,2026-05-29 14:41:42.360847,2026-05-29 14:41:42.369763,,,,,,will_call,,,false,,0
6073-L-21,6073,landscape,Company 02A7AFB7,2026-05-29 18:40:45.772935,1987.9875,3,completed,2026-06-12 00:00:00,2026-06-02 18:20:30.303305,2026-06-02 18:20:30.316411,Person C2C1EFBB,555-0102,,,,job,,,false,,0
6073-L-22,6073,landscape,Company 93078B9A,2026-06-02 19:59:19.712504,2239.045,15,completed,2026-06-12 00:00:00,2026-06-09 16:24:03.496486,2026-06-09 16:24:03.514548,Person C2C1EFBB,555-0102,,,,job,,,false,,0
6073-L-23,6073,landscape,Company DE14B8EC,2026-06-02 19:59:19.712504,392.802625,3,completed,2026-06-12 00:00:00,2026-06-09 16:24:03.574863,2026-06-09 16:24:03.581777,Person C2C1EFBB,555-0102,,,,will_call,,,false,,0
6073-L-24,6073,landscape,Company 85C03ADA,2026-06-10 15:00:05.095237,155.91425,2,completed,2026-06-18 00:00:00,2026-06-17 16:54:13.712054,2026-06-17 16:54:13.724037,,,,,,yard,,,false,,0
6073-L-25,6073,landscape,Company 09434731,2026-06-26 17:04:00.568192,888.9375,1,completed,2026-06-29 00:00:00,2026-06-26 17:04:48.494905,2026-06-26 17:04:48.505587,Person C2C1EFBB,555-0102,,,,job,,,false,,0
6073-L-26,6073,landscape,,2026-07-22 20:50:21.117252,0,0,in_progress,,,2026-07-22 20:50:21.117853,,,,,,job,,,false,,0
6073-L-3,6073,landscape,Company AB5CA754,2026-02-27 23:07:43.597847,80230.66,8,completed,2026-07-27 00:00:00,2026-08-05 15:23:27.090879,2026-08-05 15:23:27.106145,Person FAB920E7,555-0128,,,,yard,,,false,,0
6073-L-4,6073,landscape,Company 724579F1,2026-04-30 18:22:12.599321,3473.53675,6,completed,2026-05-05 00:00:00,2026-04-30 19:03:18.427749,2026-04-30 19:03:18.444411,Person 2DB3FA6A,555-0183,,,,job,,,false,,0
6073-L-5,6073,landscape,Company D35E67B5,2026-04-30 18:22:12.599321,603.72325,2,completed,2026-05-01 00:00:00,2026-05-01 14:53:26.900211,2026-05-01 14:53:26.918237,,,,,,yard,,,false,,0
6073-L-6,6073,landscape,Company E4A3BEFC,2026-04-30 18:22:12.599321,14400,1,completed,2026-05-18 00:00:00,2026-05-20 13:46:43.50059,2026-05-20 13:46:43.524706,Person 2DB3FA6A,555-0183,,,,job,,,false,,0
6073-L-7,6073,landscape,Company B47AEED3,2026-05-01 14:53:07.750459,1107.67,2,deleted,2026-05-05 00:00:00,2026-05-04 14:30:55.399856,2026-05-04 17:13:39.687357,Person C2C1EFBB,555-0102,,,2026-05-04 17:13:39.679975,job,,,false,,0
6073-L-8,6073,landscape,Company 85C03ADA,2026-05-01 14:53:07.750459,2181.9375,2,deleted,2026-05-05 00:00:00,2026-05-04 14:30:55.453123,2026-05-04 17:13:37.164973,Person C2C1EFBB,555-0102,,,2026-05-04 17:13:37.157984,job,,,false,,0
6073-L-9,6073,landscape,Company 02A7AFB7,2026-05-04 14:33:20.057131,2564.45,4,completed,2026-05-07 00:00:00,2026-05-05 21:13:22.528675,2026-05-05 21:13:22.542043,Person 0A676B52,555-0183,,,,job,,,false,,0
6073-M-1,6073,maintenance,Company B47AEED3,2026-07-22 20:50:23.562416,161.625,1,completed,2026-08-27 00:00:00,2026-08-27 17:09:08.752224,2026-08-27 17:09:08.766187,Person 8F078E89,,,,,will_call,,,false,,0
6073-S-1,6073,subcontract,Company 9BB233BB,2026-07-22 14:19:25.377208,39915,1,completed,2026-12-09 00:00:00,2026-07-22 20:51:01.356614,2026-07-22 20:51:01.367785,,,,,,job,,,false,,0
6073-S-2,6073,subcontract,,2026-07-24 20:54:25.606914,0,0,in_progress,,,2026-07-24 20:54:25.607562,,,,,,job,,,false,,0
6074-D-1,6074,drains,Company C82B1E5C,2026-04-01 16:35:13.354606,1873.17912075,11,completed,2026-04-02 00:00:00,2026-05-13 15:58:37.308195,2026-05-13 15:58:37.328799,,,,,,yard,,,false,,0
6074-D-2,6074,drains,Company C82B1E5C,2026-04-17 16:24:20.803571,4260.876775,13,completed,2026-04-18 00:00:00,2026-05-13 15:59:05.320088,2026-05-13 15:59:05.348638,Person A2D24D47,555-0120,,,,job,,,false,,0
6074-D-3,6074,drains,Company C82B1E5C,2026-04-23 16:25:19.428073,508.052025,5,completed,2026-04-23 00:00:00,2026-04-23 16:26:26.699422,2026-04-23 16:26:26.712946,,,,,,yard,,,false,,0
6074-D-4,6074,drains,Company C82B1E5C,2026-04-28 18:53:31.677547,62.53379,1,completed,2026-04-28 00:00:00,2026-05-13 15:59:37.337116,2026-05-13 15:59:37.350125,,,,,,yard,,,false,,0
6074-D-5,6074,drains,Company 2F610CBC,2026-04-28 20:42:44.618372,78.07565,1,completed,2026-04-28 00:00:00,2026-04-28 20:42:44.896353,2026-04-28 20:42:44.906894,Person 7260BABF,,,,,will_call,,,false,,0
6074-D-6,6074,drains,Company C82B1E5C,2026-05-01 14:39:09.173511,71.10562575,1,completed,2026-05-01 00:00:00,2026-05-01 22:10:22.608805,2026-05-01 22:10:22.621471,,,,,,job,,,false,,0
6074-D-7,6074,drains,Company C82B1E5C,2026-05-13 15:31:19.095705,3390.13288405,13,completed,2026-05-14 00:00:00,2026-05-13 17:16:47.465972,2026-05-13 17:16:47.48602,Person A2D24D47,555-0120,,,,job,,,false,,0
6074-D-8,6074,drains,Company C82B1E5C,2026-05-15 15:11:29.960837,190.866195,1,completed,2026-05-15 00:00:00,2026-05-15 20:25:48.761297,2026-05-15 20:25:48.773995,Person 4E789DCD,555-0109,,,,job,,,false,,0
6074-D-9,6074,drains,,2026-06-02 21:56:53.834391,0,0,in_progress,2026-06-03 00:00:00,,2026-06-02 22:01:36.563235,,,,,,job,,,false,,0
6074-I-1,6074,irrigation,Company D35E67B5,2026-02-25 18:57:36.621586,13593.039625,1,completed,2026-03-11 00:00:00,2026-03-12 20:38:31.268947,2026-03-12 20:38:31.279513,,,,,,job,,,false,,0
6074-I-10,6074,irrigation,Company C82B1E5C,2026-04-28 17:35:54.962114,4594.685844,21,completed,2026-04-28 00:00:00,2026-04-28 17:59:26.715697,2026-04-28 17:59:26.737759,,,,,,yard,,,false,,0
6074-I-11,6074,irrigation,Company C82B1E5C,2026-05-01 15:04:13.553782,0.0862,4,completed,2026-05-01 00:00:00,2026-05-01 15:09:10.130338,2026-05-01 15:09:10.145802,,,,,,yard,,,false,,0
6074-I-12,6074,irrigation,Company C82B1E5C,2026-05-07 17:18:22.251692,0.096975,5,deleted,2026-05-07 00:00:00,2026-05-07 17:40:23.486048,2026-05-07 20:40:44.323168,,,,,2026-05-07 20:40:44.317488,yard,,,false,,0
6074-I-13,6074,irrigation,Company D35E67B5,2026-05-07 17:18:22.251692,0.053875,3,deleted,2026-05-07 00:00:00,2026-05-07 17:34:00.449847,2026-05-07 17:39:05.292099,,,,,2026-05-07 17:39:05.288104,yard,,,false,,0
6074-I-14,6074,irrigation,Company D35E67B5,2026-05-07 17:18:22.251692,0.053875,3,deleted,2026-05-07 00:00:00,2026-05-07 17:38:24.852454,2026-05-07 17:38:54.995843,,,,,2026-05-07 17:38:54.988537,yard,,,false,,0
6074-I-15,6074,irrigation,Company D35E67B5,2026-05-08 14:11:06.202125,1161.976,1,completed,2026-05-09 00:00:00,2026-05-08 15:40:50.041757,2026-05-08 15:40:50.058249,Person 63C78BB9,555-0130,,,,will_call,,,false,,0
6074-I-16,6074,irrigation,Company C82B1E5C,2026-05-11 14:38:07.515955,1889.27718625,2,completed,2026-05-11 00:00:00,2026-05-11 22:46:26.684382,2026-05-11 22:46:26.696208,,,,,,yard,,,false,,0
6074-I-17,6074,irrigation,Company C82B1E5C,2026-05-13 14:33:33.696288,204.8801169,5,completed,2026-05-13 00:00:00,2026-05-13 16:56:15.966261,2026-05-13 16:56:15.982777,,,,,,yard,,,false,,0
6074-I-18,6074,irrigation,Company C82B1E5C,2026-05-15 15:23:08.17394,1402.8143176,16,completed,2026-05-15 00:00:00,2026-05-15 18:12:41.79618,2026-05-15 18:12:41.816496,,,,,,yard,,,false,,0
6074-I-19,6074,irrigation,Company C82B1E5C,2026-05-18 15:54:55.998036,436.3875,2,completed,2026-05-18 00:00:00,2026-05-18 15:58:18.115428,2026-05-18 15:58:18.131402,,,,,,yard,,,false,,0
6074-I-2,6074,irrigation,Company C82B1E5C,2026-03-27 16:44:41.855722,1437.568175,5,completed,2026-03-28 00:00:00,2026-05-05 17:02:30.72337,2026-05-05 17:02:30.73662,,,,,,yard,,,false,,0
6074-I-20,6074,irrigation,Company D35E67B5,2026-06-02 22:01:38.299492,494.29235,2,completed,2026-07-29 00:00:00,2026-07-28 20:24:11.074509,2026-07-28 20:24:11.088753,,,,,,job,,,false,,0
6074-I-21,6074,irrigation,Company C82B1E5C,2026-08-21 14:41:49.397696,1024.63354,5,completed,2026-08-21 00:00:00,2026-08-21 16:11:54.143547,2026-08-21 16:11:54.155856,Person 63C78BB9,555-0130,,,,job,,,false,,0
6074-I-22,6074,irrigation,Company C82B1E5C,2026-08-25 14:58:47.086515,8115.12929375,28,completed,2026-08-25 00:00:00,2026-08-25 18:55:36.132604,2026-08-25 18:55:36.157397,,,,,,yard,,,false,,0
6074-I-3,6074,irrigation,Company AEF5A8A0,2026-03-27 17:00:21.969687,1093.6625,1,completed,2026-03-28 00:00:00,2026-03-27 17:01:01.662997,2026-03-27 17:01:01.675418,,,,,,yard,,,false,,0
6074-I-4,6074,irrigation,Company C82B1E5C,2026-04-14 14:44:43.189047,2024.5503075,16,completed,2026-04-15 00:00:00,2026-04-15 14:26:22.617397,2026-04-15 14:26:22.651697,Person 63C78BB9,555-0130,,,,job,,,false,,0
6074-I-5,6074,irrigation,Company D35E67B5,2026-04-16 17:02:22.436606,199.6392,2,completed,2026-04-16 00:00:00,2026-04-16 18:53:44.497025,2026-04-16 18:53:44.513948,Person 63C78BB9,555-0130,,,,will_call,,,false,,0
6074-I-6,6074,irrigation,Company D35E67B5,2026-04-17 14:10:55.454089,253.020705,3,completed,2026-04-17 00:00:00,2026-04-17 15:40:45.899271,2026-04-17 15:40:45.918792,Person 63C78BB9,555-0130,,,,will_call,,,false,,0
6074-I-7,6074,irrigation,Company C82B1E5C,2026-04-20 14:31:34.478585,4236.352875,14,completed,2026-04-20 00:00:00,2026-04-21 20:20:04.439704,2026-04-21 20:20:04.455832,Person 63C78BB9,555-0130,,,,job,,,false,,0
6074-I-8,6074,irrigation,Company C82B1E5C,2026-04-23 14:11:02.979449,750.704163,2,completed,2026-04-23 00:00:00,2026-04-23 18:28:12.502821,2026-04-23 18:28:12.513158,Person 63C78BB9,555-0130,,,,job,,,false,,0
6074-I-9,6074,irrigation,Company C82B1E5C,2026-04-28 14:13:42.544707,1959.85524645,9,completed,2026-04-28 00:00:00,2026-04-28 15:14:55.690933,2026-04-28 15:14:55.706435,Person 63C78BB9,555-0130,,,,job,,,false,,0
6074-L-1,6074,landscape,Company 89E4720D,2026-03-11 16:48:20.659762,15794.45,6,completed,2026-04-22 00:00:00,2026-03-11 16:55:29.221267,2026-03-11 16:55:29.240896,Person FAB920E7,555-0128,,,,yard,,,false,,0
6074-L-10,6074,landscape,Company 2F610CBC,2026-04-28 17:59:47.595769,465.48,1,completed,2026-04-28 00:00:00,2026-04-28 18:00:10.934326,2026-04-28 18:00:10.943157,Person 4E789DCD,,,,,yard,,,false,,0
6074-L-11,6074,landscape,Company 725B3DA8,2026-05-01 14:03:40.291244,1120.6,1,completed,2026-05-06 00:00:00,2026-05-01 15:17:56.970037,2026-05-01 15:17:56.985392,Person 893D6B8A,555-0186,,,,job,,,false,,0
6074-L-12,6074,landscape,Company 99AC62BC,2026-05-01 19:03:10.116939,155.16,1,completed,2026-05-06 00:00:00,2026-05-05 16:20:31.743141,2026-05-05 16:20:31.757895,Person 893D6B8A,555-0186,,,,will_call,,,false,,0
6074-L-13,6074,landscape,Company 725B3DA8,2026-05-05 22:10:06.544701,560.3,1,deleted,2026-05-06 00:00:00,2026-05-05 22:10:34.061523,2026-05-05 22:17:50.890482,Person 9044842F,555-0176,,,2026-05-05 22:17:50.885902,job,,,false,,0
6074-L-14,6074,landscape,Company B47AEED3,2026-05-06 15:36:38.843292,148.695,2,completed,2026-05-07 00:00:00,2026-05-06 17:17:29.686915,2026-05-06 17:17:29.700022,,,,,,will_call,,,false,,0
6074-L-15,6074,landscape,Company D8508194,2026-05-07 17:01:32.511368,125.6796,1,completed,2026-05-07 00:00:00,2026-05-14 19:25:48.676845,2026-05-14 19:25:48.688543,,,,,,will_call,,,false,,0
6074-L-16,6074,landscape,Company 725B3DA8,2026-05-08 19:39:41.122816,280.15,1,completed,2026-05-08 00:00:00,2026-05-08 19:40:08.177319,2026-05-08 19:40:08.186315,,,,,,will_call,,,false,,0
6074-L-17,6074,landscape,Company B47AEED3,2026-05-11 17:12:07.411668,86.2,1,completed,2026-05-12 00:00:00,2026-05-11 17:12:35.924846,2026-05-11 17:12:35.934437,,,,,,will_call,,,false,,0
6074-L-18,6074,landscape,Company 85C03ADA,2026-05-11 17:34:29.903858,343.938,2,deleted,2026-05-20 00:00:00,2026-05-19 16:29:03.316774,2026-05-19 17:28:14.792682,Person 9044842F,,,,2026-05-19 17:28:14.788005,yard,,,false,,0
6074-L-19,6074,landscape,Company 99AC62BC,2026-05-19 17:26:12.529911,265.065,2,completed,2026-05-20 00:00:00,2026-05-19 17:26:41.662139,2026-05-19 17:26:41.673439,,,,,,will_call,,,false,,0
6074-L-2,6074,landscape,Company 3375E1EA,2026-03-11 16:56:55.855197,9979.84,4,completed,2026-04-02 00:00:00,2026-03-11 17:00:57.884105,2026-03-11 17:00:57.895315,Person FAB920E7,555-0128,,,,yard,,,false,,0
6074-L-20,6074,landscape,,2026-07-30 15:56:48.830026,0,0,in_progress,,,2026-07-30 15:56:48.830632,,,,,,job,,,false,,0
6074-L-3,6074,landscape,Company 5513C1E9,2026-03-11 17:00:40.411393,7068.4,2,completed,2026-04-16 00:00:00,2026-04-10 18:29:32.446739,2026-04-10 18:29:32.458029,Person 893D6B8A,555-0186,,,,job,,,false,,0
6074-L-4,6074,landscape,Company 02A7AFB7,2026-03-11 17:00:40.411393,3732.6875,3,completed,2026-04-16 00:00:00,2026-04-14 15:07:26.259334,2026-04-14 15:07:26.273936,Person 893D6B8A,555-0186,,,,job,,,false,,0
6074-L-5,6074,landscape,Company 99AC62BC,2026-04-23 16:05:25.000677,3551.44,2,completed,2026-04-28 00:00:00,2026-04-24 18:55:22.958596,2026-04-24 18:55:22.97048,Person 893D6B8A,555-0186,,,,job,,,false,,0
6074-L-6,6074,landscape,Company B548E4AD,2026-04-23 16:05:25.000677,2620.48,2,completed,2026-04-28 00:00:00,2026-04-24 18:55:23.002761,2026-04-24 18:55:23.00869,Person 893D6B8A,555-0186,,,,job,,,false,,0
6074-L-7,6074,landscape,Company 85C03ADA,2026-04-23 16:05:25.000677,3310.511,2,completed,2026-04-28 00:00:00,2026-04-24 18:55:23.043645,2026-04-24 18:55:23.050162,Person 893D6B8A,555-0186,,,,job,,,false,,0
6074-L-8,6074,landscape,Company B47AEED3,2026-04-23 16:05:25.000677,5216.50075,3,completed,2026-04-28 00:00:00,2026-04-24 18:55:23.085659,2026-04-24 18:55:23.091995,Person 893D6B8A,555-0186,,,,job,,,false,,0
6074-L-9,6074,landscape,Company D35E67B5,2026-04-28 16:05:37.278679,354.713,3,completed,2026-04-28 00:00:00,2026-04-28 17:59:17.258508,2026-04-28 17:59:17.270557,Person 9044842F,,,,,yard,,,false,,0
6074-M-1,6074,maintenance,Company 2F610CBC,2026-05-28 15:58:31.457669,101.285,1,completed,2026-05-28 00:00:00,2026-05-28 15:58:44.792189,2026-05-28 15:58:44.804925,,,,,,yard,,,false,,0
6074-S-1,6074,subcontract,Company EBBE7319,2026-04-22 16:25:57.428044,520,1,completed,2026-04-23 00:00:00,2026-05-14 17:51:20.895882,2026-05-14 17:51:20.906382,Person 9044842F,555-0157,,,,job,,,false,,0
6074-S-2,6074,subcontract,,2026-04-22 16:26:38.880603,0,0,in_progress,,,2026-04-22 16:26:38.881369,,,,,,job,,,false,,0
6075-D-1,6075,drains,,2026-08-06 14:14:33.46099,0,0,in_progress,,,2026-08-06 14:14:33.461722,,,,,,job,,,false,,0
6075-I-1,6075,irrigation,Company 2F610CBC,2026-08-06 14:12:41.924759,350.0208,2,completed,2026-08-06 00:00:00,2026-08-06 21:04:53.711184,2026-08-06 21:04:53.732682,Person 7233BAFA,555-0151,,,,will_call,,,false,,0
6075-I-2,6075,irrigation,,2026-08-06 14:15:02.225577,0,0,in_progress,,,2026-08-06 14:15:02.226302,,,,,,job,,,false,,0
6075-L-1,6075,landscape,,2026-08-06 14:14:39.469869,0,0,in_progress,,,2026-08-06 14:14:39.470537,,,,,,job,,,false,,0
6076-D-1,6076,drains,,2026-03-19 18:10:00.733275,0,0,in_progress,,,2026-03-19 18:10:00.733882,,,,,,job,,,false,,0
6076-I-1,6076,irrigation,Company D35E67B5,2026-03-12 18:27:17.97521,59587.36575,35,completed,2026-03-12 00:00:00,2026-03-24 18:21:11.733501,2026-03-24 18:21:11.764159,,,,,,yard,,,false,,0
6076-I-10,6076,irrigation,Company D35E67B5,2026-03-30 15:59:31.633783,36.811875,1,completed,2026-03-30 00:00:00,2026-03-30 16:32:16.535038,2026-03-30 16:32:16.549085,,,,,,yard,,,false,,0
6076-I-11,6076,irrigation,Company D35E67B5,2026-03-30 20:06:58.196746,103.85625,2,completed,2026-03-30 00:00:00,2026-03-30 20:28:11.798254,2026-03-30 20:28:11.812867,Person 4E789DCD,555-0109,,,,will_call,,,false,,0
6076-I-12,6076,irrigation,Company D35E67B5,2026-03-31 21:46:36.212543,314.220075,9,completed,2026-03-31 00:00:00,2026-03-31 22:14:21.955186,2026-03-31 22:14:21.972791,,,,,,yard,,,false,,0
6076-I-13,6076,irrigation,Company D35E67B5,2026-04-01 16:29:42.7609,813.095475,5,completed,2026-04-02 00:00:00,2026-04-01 17:07:17.23551,2026-04-01 17:07:17.250236,,,,,,job,,,false,,0
6076-I-14,6076,irrigation,Company D35E67B5,2026-04-02 15:48:11.012183,458.03325,8,completed,2026-04-02 00:00:00,2026-04-02 16:47:59.891732,2026-04-02 16:47:59.909382,,,,,,yard,,,false,,0
6076-I-15,6076,irrigation,Company D35E67B5,2026-04-06 15:12:29.749091,31.21125,2,completed,2026-04-06 00:00:00,2026-04-06 15:27:09.743134,2026-04-06 15:27:09.769835,,,,,,yard,,,false,,0
6076-I-16,6076,irrigation,Company D35E67B5,2026-04-08 16:41:41.428683,1030.743375,6,completed,2026-04-08 00:00:00,2026-04-08 17:11:22.89473,2026-04-08 17:11:22.908958,,,,,,yard,,,false,,0
6076-I-17,6076,irrigation,Company D35E67B5,2026-04-17 14:18:19.283792,58.725,3,completed,2026-04-17 00:00:00,2026-04-17 15:09:30.357496,2026-04-17 15:09:30.370311,,,,,,yard,,,false,,0
6076-I-18,6076,irrigation,Company D35E67B5,2026-04-20 16:30:23.362627,1070.3175,7,completed,2026-04-20 00:00:00,2026-04-21 16:50:43.983932,2026-04-21 16:50:44.001159,,,,,,yard,,,false,,0
6076-I-19,6076,irrigation,Company D35E67B5,2026-04-22 15:39:18.370557,166.659375,3,completed,2026-04-22 00:00:00,2026-04-22 16:01:50.461557,2026-04-22 16:01:50.474222,,,,,,job,,,false,,0
6076-I-2,6076,irrigation,Company D35E67B5,2026-03-16 21:17:58.468221,220.893,1,completed,2026-03-12 00:00:00,2026-03-16 22:06:19.598134,2026-03-16 22:06:19.609378,Person 7260BABF,,,,,will_call,,,false,,0
6076-I-20,6076,irrigation,Company D35E67B5,2026-04-23 17:19:48.122542,91.839375,1,completed,2026-04-23 00:00:00,2026-04-23 18:04:08.768417,2026-04-23 18:04:08.785043,,,,,,yard,,,false,,0
6076-I-21,6076,irrigation,Company D35E67B5,2026-04-27 14:20:02.098977,39.237,5,completed,2026-04-27 00:00:00,2026-04-27 14:54:16.389753,2026-04-27 14:54:16.403435,,,,,,yard,,,false,,0
6076-I-22,6076,irrigation,Company D35E67B5,2026-04-28 18:37:20.402983,431.074125,5,completed,2026-04-29 00:00:00,2026-04-28 20:07:40.548497,2026-04-28 20:07:40.561624,,,,,,yard,,,false,,0
6076-I-23,6076,irrigation,Company D35E67B5,2026-04-29 14:39:11.180292,129.95625,3,completed,2026-04-29 00:00:00,2026-04-29 14:57:38.110707,2026-04-29 14:57:38.123623,,,,,,yard,,,false,,0
6076-I-24,6076,irrigation,Company D35E67B5,2026-05-01 15:19:31.540956,599.27775,3,completed,2026-05-02 00:00:00,2026-05-01 16:31:33.774553,2026-05-01 16:31:33.793473,,,,,,yard,,,false,,0
6076-I-25,6076,irrigation,Company D35E67B5,2026-05-04 14:34:01.053322,92.600625,3,completed,2026-05-04 00:00:00,2026-05-04 14:55:56.654487,2026-05-04 14:55:56.668906,,,,,,yard,,,false,,0
6076-I-26,6076,irrigation,Company 1AAA75F2,2026-05-07 17:58:46.722537,951.5625,1,completed,2026-05-07 00:00:00,2026-05-26 17:17:00.496211,2026-05-26 17:17:00.507711,,,,,,yard,,,false,,0
6076-I-27,6076,irrigation,Company D35E67B5,2026-05-15 17:41:06.381541,247.40625,7,completed,2026-05-15 00:00:00,2026-05-15 18:14:54.060296,2026-05-15 18:14:54.074524,,,,,,yard,,,false,,0
6076-I-28,6076,irrigation,Company D35E67B5,2026-05-18 15:33:03.35753,203.634375,2,completed,2026-05-18 00:00:00,2026-05-18 16:05:12.393267,2026-05-18 16:05:12.405283,,,,,,yard,,,false,,0
6076-I-29,6076,irrigation,Company D35E67B5,2026-05-21 16:37:16.370629,181.395,5,completed,2026-05-21 00:00:00,2026-05-21 17:12:42.933707,2026-05-21 17:12:42.949324,,,,,,yard,,,false,,0
6076-I-3,6076,irrigation,Company D35E67B5,2026-03-18 15:12:36.016781,856.95,1,completed,2026-03-18 00:00:00,2026-03-18 15:12:36.249865,2026-03-18 15:12:36.264024,,,,,,yard,,,false,,0
6076-I-30,6076,irrigation,Company D35E67B5,2026-06-02 14:28:26.519367,478.9785,1,completed,2026-06-02 00:00:00,2026-06-02 14:56:19.488253,2026-06-02 14:56:19.503689,,,,,,yard,,,false,,0
6076-I-31,6076,irrigation,Company D35E67B5,2026-06-03 21:08:34.774563,33.723375,1,completed,2026-06-03 00:00:00,2026-06-03 21:59:40.220854,2026-06-03 21:59:40.232513,Person 63C78BB9,555-0130,,,,will_call,,,false,,0
6076-I-32,6076,irrigation,Company D35E67B5,2026-06-04 15:29:51.758898,118.3287,7,completed,2026-06-04 00:00:00,2026-06-04 15:48:34.067029,2026-06-04 15:48:34.087124,,,,,,yard,,,false,,0
6076-I-33,6076,irrigation,Company D35E67B5,2026-06-04 16:09:54.624137,569.50141275,5,completed,2026-06-05 00:00:00,2026-06-05 18:08:54.6211,2026-06-05 18:08:54.634012,,,,,,yard,,,false,,0
6076-I-34,6076,irrigation,Company D35E67B5,2026-06-08 17:41:25.870942,371.379075,4,completed,2026-06-08 00:00:00,2026-06-08 18:21:12.008586,2026-06-08 18:21:12.02319,,,,,,yard,,,false,,0
6076-I-35,6076,irrigation,Company D35E67B5,2026-06-11 17:10:22.440322,111.631875,1,completed,2026-06-11 00:00:00,2026-06-11 17:53:11.137238,2026-06-11 17:53:11.147979,,,,,,yard,,,false,,0
6076-I-36,6076,irrigation,Company D35E67B5,2026-06-12 17:05:52.024305,945.168,3,completed,2026-06-12 00:00:00,2026-06-12 17:41:30.691344,2026-06-12 17:41:30.704723,Person B1CA21C0,,,,,yard,,,false,,0
6076-I-37,6076,irrigation,Company D35E67B5,2026-06-18 17:02:44.484123,865.88925,6,completed,2026-06-18 00:00:00,2026-06-18 17:59:57.096571,2026-06-18 17:59:57.111377,,,,,,yard,,,false,,0
6076-I-38,6076,irrigation,Company D35E67B5,2026-06-23 14:28:09.759664,711.0945,2,completed,2026-06-23 00:00:00,2026-06-23 22:51:03.600024,2026-06-23 22:51:03.610829,,,,,,yard,,,false,,0
6076-I-39,6076,irrigation,Company D35E67B5,2026-06-25 18:16:06.362523,67.164,2,completed,2026-06-26 00:00:00,2026-06-25 20:28:59.661288,2026-06-25 20:28:59.675295,,,,,,yard,,,false,,0
6076-I-4,6076,irrigation,Company 2F610CBC,2026-03-18 18:27:04.216576,229.92795,5,completed,2026-03-20 00:00:00,2026-03-19 20:30:03.211056,2026-03-19 20:30:03.239323,Person 4E789DCD,555-0109,,,,will_call,,,false,,0
6076-I-40,6076,irrigation,Company D35E67B5,2026-06-25 20:10:19.001064,71.8185,4,completed,2026-07-02 00:00:00,2026-07-06 18:17:17.194427,2026-07-06 18:17:17.206118,Person 63C78BB9,555-0130,,,,will_call,,,false,,0
6076-I-41,6076,irrigation,Company D35E67B5,2026-07-13 18:01:08.918039,293.19,4,completed,2026-07-13 00:00:00,2026-07-13 20:27:18.685769,2026-07-13 20:27:18.699921,,,,,,yard,,,false,,0
6076-I-42,6076,irrigation,Company D35E67B5,2026-07-16 16:27:06.214551,214.117875,4,completed,2026-07-16 00:00:00,2026-07-16 17:35:30.325361,2026-07-16 17:35:30.33697,Person C6FE02A5,,,,,yard,,,false,,0
6076-I-43,6076,irrigation,Company D35E67B5,2026-07-16 17:34:57.107808,183.9615,3,completed,2026-07-20 00:00:00,2026-07-20 16:55:26.952736,2026-07-20 16:55:26.963469,,,,,,yard,,,false,,0
6076-I-44,6076,irrigation,Company D35E67B5,2026-07-27 18:40:28.682253,1789.155,5,completed,2026-07-31 00:00:00,2026-07-30 16:51:53.472985,2026-07-30 16:51:53.486738,,,,,,yard,,,false,,0
6076-I-45,6076,irrigation,Company D35E67B5,2026-08-07 14:53:05.299843,204.38475,4,completed,2026-08-07 00:00:00,2026-08-07 15:22:33.463793,2026-08-07 15:22:33.478625,,,,,,yard,,,false,,0
6076-I-46,6076,irrigation,Company D35E67B5,2026-08-10 14:59:14.911576,1166.8875,1,completed,2026-08-10 00:00:00,2026-08-10 15:37:25.064115,2026-08-10 15:37:25.075405,,,,,,yard,,,false,,0
6076-I-47,6076,irrigation,Company D35E67B5,2026-08-13 16:06:14.526325,65.1488625,3,completed,2026-08-14 00:00:00,2026-08-13 20:05:31.849118,2026-08-13 20:05:31.863212,,,,,,job,,,false,,0
6076-I-48,6076,irrigation,Company D35E67B5,2026-08-13 20:33:23.787245,143.80665,3,completed,2026-08-13 00:00:00,2026-08-13 20:47:45.164853,2026-08-13 20:47:45.180298,,,,,,yard,,,false,,0
6076-I-49,6076,irrigation,Company D35E67B5,2026-08-20 22:33:14.144698,1269.1125,3,completed,2026-08-21 00:00:00,2026-08-20 22:53:52.869766,2026-08-20 22:53:52.883182,,,,,,yard,,,false,,0
6076-I-5,6076,irrigation,Company D35E67B5,2026-03-20 14:47:34.104329,1605.313125,5,completed,2026-03-21 00:00:00,2026-03-20 15:44:50.777297,2026-03-20 15:44:50.79168,Person 4E789DCD,555-0109,,,,will_call,,,false,,0
6076-I-50,6076,irrigation,Company D35E67B5,2026-08-24 17:15:12.921914,107.6625,1,completed,2026-08-24 00:00:00,2026-08-24 17:25:18.578077,2026-08-24 17:25:18.58813,,,,,,yard,,,false,,0
6076-I-51,6076,irrigation,,2026-08-24 17:24:57.517112,0,0,in_progress,,,2026-08-24 17:24:57.517792,,,,,,job,,,false,,0
6076-I-6,6076,irrigation,Company D35E67B5,2026-03-23 14:25:14.465768,134.1975,2,completed,2026-03-23 00:00:00,2026-03-25 15:59:05.661355,2026-03-25 15:59:05.676913,,,,,,yard,,,false,,0
6076-I-7,6076,irrigation,Company D35E67B5,2026-03-24 15:05:28.415488,102.76875,1,completed,2026-03-24 00:00:00,2026-03-24 16:38:12.911522,2026-03-24 16:38:12.923731,Person B1CA21C0,555-0174,,,,job,,,false,,0
6076-I-8,6076,irrigation,Company D35E67B5,2026-03-24 18:21:21.100903,287.86125,1,deleted,2026-03-26 00:00:00,2026-03-25 15:28:05.367674,2026-03-25 15:28:20.853391,,,,,2026-03-25 15:28:20.84634,job,,,false,,0
6076-I-9,6076,irrigation,Company D35E67B5,2026-03-25 15:54:42.902352,699.915,2,completed,2026-03-25 00:00:00,2026-03-25 16:07:01.811365,2026-03-25 16:07:01.828205,,,,,,yard,,,false,,0
6076-L-1,6076,landscape,Company B548E4AD,2026-03-10 13:36:07.206634,1888.9875,2,completed,2026-05-13 00:00:00,2026-05-08 20:25:07.121889,2026-05-08 20:25:07.132375,Person 9044842F,555-0176,,,,job,,,false,,0
6076-L-10,6076,landscape,Company B47AEED3,2026-06-16 21:52:00.862516,261,1,completed,2026-06-18 00:00:00,2026-06-16 21:52:24.437784,2026-06-16 21:52:24.448435,Person 2DB3FA6A,,,,,will_call,,,false,,0
6076-L-11,6076,landscape,Company 86A496FF,2026-06-19 13:52:06.939271,277.3125,1,deleted,2026-06-22 00:00:00,2026-06-19 13:52:48.335092,2026-06-19 16:19:33.720217,Person 4E789DCD,,,,2026-06-19 16:19:33.714492,yard,,,false,,0
6076-L-12,6076,landscape,Company 85C03ADA,2026-06-19 16:19:35.528487,847.1625,2,completed,2026-06-23 00:00:00,2026-06-24 16:24:10.352991,2026-06-24 16:24:10.369913,Person C370DD96,555-0183,,,,job,,,false,,0
6076-L-13,6076,landscape,Company 86A496FF,2026-06-19 16:19:35.528487,1612.21875,4,completed,2026-06-22 00:00:00,2026-06-19 16:25:58.338657,2026-06-19 16:25:58.346118,Person C370DD96,555-0183,,,,job,,,false,,0
6076-L-14,6076,landscape,Company 93078B9A,2026-06-23 15:23:10.862188,391.5,1,completed,2026-06-25 00:00:00,2026-06-24 16:24:44.348869,2026-06-24 16:24:44.359541,Person 4E789DCD,,,,,yard,,,false,,0
6076-L-15,6076,landscape,Company B47AEED3,2026-06-25 17:11:07.545489,70.6875,1,completed,2026-06-26 00:00:00,2026-06-25 17:11:26.165488,2026-06-25 17:11:26.178712,,,,,,will_call,,,false,,0
6076-L-16,6076,landscape,Company 725B3DA8,2026-06-25 17:14:02.406862,1131,1,completed,2026-06-29 00:00:00,2026-07-20 19:56:22.339372,2026-07-20 19:56:22.348666,Person 4E789DCD,,,,,will_call,,,false,,0
6076-L-17,6076,landscape,Company 93078B9A,2026-07-07 17:11:31.152359,1196.125,3,completed,2026-07-08 00:00:00,2026-07-07 17:13:12.152879,2026-07-07 17:13:12.167762,Person C370DD96,555-0183,,,,job,,,false,,0
6076-L-18,6076,landscape,Company B47AEED3,2026-07-10 14:21:16.065123,335.49375,2,completed,2026-07-11 00:00:00,2026-07-10 14:22:21.969885,2026-07-10 14:22:21.981202,Person C370DD96,,,,,will_call,,,false,,0
6076-L-19,6076,landscape,Company 85C03ADA,2026-07-22 14:41:16.676448,11299.125,2,completed,2026-07-27 00:00:00,2026-08-07 14:53:00.336315,2026-08-07 14:53:00.350786,Person 980DFBFC,555-0183,,,,job,,,false,,0
6076-L-2,6076,landscape,Company 86A496FF,2026-03-10 13:36:07.206634,2090.175,2,completed,2026-05-13 00:00:00,2026-05-08 20:25:07.163535,2026-05-08 20:25:07.169246,Person 9044842F,555-0176,,,,job,,,false,,0
6076-L-20,6076,landscape,Company B548E4AD,2026-07-22 14:41:16.676448,3164.625,1,completed,2026-07-27 00:00:00,2026-08-07 14:54:45.095665,2026-08-07 14:54:45.110465,Person 980DFBFC,555-0183,,,,job,,,false,,0
6076-L-21,6076,landscape,Company 85C03ADA,2026-08-07 14:51:57.181134,4920.9375,2,completed,2026-08-12 00:00:00,2026-08-07 15:09:34.444132,2026-08-07 15:09:34.458908,Person C370DD96,555-0183,,,,job,,,false,,0
6076-L-22,6076,landscape,Company B548E4AD,2026-08-07 14:51:57.181134,1696.5,1,completed,2026-08-12 00:00:00,2026-08-07 15:09:34.497698,2026-08-07 15:09:34.504111,Person C370DD96,555-0183,,,,job,,,false,,0
6076-L-23,6076,landscape,Company 85C03ADA,2026-08-11 13:30:04.732281,0,2,completed,2026-08-12 00:00:00,2026-08-11 13:31:16.43671,2026-08-11 13:31:16.445221,,,,,,job,,,false,,0
6076-L-24,6076,landscape,Company B548E4AD,2026-08-11 13:30:04.732281,0,1,completed,2026-08-12 00:00:00,2026-08-11 13:31:16.52262,2026-08-11 13:31:16.528676,,,,,,job,,,false,,0
6076-L-25,6076,landscape,Company 85C03ADA,2026-08-18 15:01:23.219719,3255.975,2,completed,2026-08-20 00:00:00,2026-08-18 15:16:11.748141,2026-08-18 15:16:11.759864,Person C370DD96,555-0183,,,,job,,,false,,0
6076-L-26,6076,landscape,Company B548E4AD,2026-08-18 15:35:39.212499,1372.375,2,completed,2026-08-20 00:00:00,2026-08-18 15:36:56.293537,2026-08-18 15:36:56.303852,Person C370DD96,555-0183,,,,job,,,false,,0
6076-L-27,6076,landscape,Company 725B3DA8,2026-08-21 20:52:29.489007,282.75,1,completed,2026-08-21 00:00:00,2026-08-21 20:52:50.263035,2026-08-21 20:52:50.272243,,,,,,will_call,,,false,,0
6076-L-28,6076,landscape,Company 99AC62BC,2026-08-28 15:06:08.316469,1103.8125,3,completed,2026-08-31 00:00:00,2026-08-28 17:17:02.721764,2026-08-28 17:17:02.746561,Person C370DD96,555-0183,,,,job,,,false,,0
6076-L-29,6076,landscape,Company 85C03ADA,2026-09-04 14:36:31.961723,442.06875,3,completed,2026-09-08 00:00:00,2026-09-04 14:38:47.012779,2026-09-04 14:38:47.023667,Person C370DD96,,,,,yard,,,false,,0
6076-L-3,6076,landscape,Company 2F610CBC,2026-06-01 15:16:05.378319,593.242125,3,completed,2026-05-21 00:00:00,2026-06-01 15:19:16.073075,2026-06-01 15:19:16.090826,,,,,,yard,,,false,,0
6076-L-30,6076,landscape,Company DE14B8EC,2026-09-04 14:36:31.961723,38.0625,1,completed,2026-09-08 00:00:00,2026-09-04 14:38:47.056533,2026-09-04 14:38:47.060652,Person C370DD96,,,,,will_call,,,false,,0
6076-L-4,6076,landscape,Company 86A496FF,2026-06-02 14:41:40.055144,3225.525,4,completed,2026-06-03 00:00:00,2026-06-02 14:45:16.266921,2026-06-02 14:45:16.284764,Person 2DB3FA6A,555-0183,,,,job,,,false,,0
6076-L-5,6076,landscape,Company B47AEED3,2026-06-02 14:41:40.055144,522,1,completed,2026-06-03 00:00:00,2026-06-02 14:45:16.319369,2026-06-02 14:45:16.324948,Person 2DB3FA6A,555-0183,,,,will_call,,,false,,0
6076-L-6,6076,landscape,Company B47AEED3,2026-06-05 17:33:14.077083,171.28125,1,completed,2026-06-08 00:00:00,2026-06-05 17:33:51.789801,2026-06-05 17:33:51.807412,Person 4E789DCD,,,,,yard,,,false,,0
6076-L-7,6076,landscape,Company B548E4AD,2026-06-05 17:34:40.959473,3229.875,1,completed,2026-06-11 00:00:00,2026-06-09 21:45:20.434087,2026-06-09 21:45:20.446356,Person C370DD96,555-0183,,,,job,,,false,,0
6076-L-8,6076,landscape,Company 86A496FF,2026-06-10 13:42:17.079764,5613.946875,4,completed,2026-06-11 00:00:00,2026-06-10 13:46:22.383459,2026-06-10 13:46:22.397685,Person 2DB3FA6A,555-0183,,,,job,,,false,,0
6076-L-9,6076,landscape,Company 725B3DA8,2026-06-16 14:38:13.698864,565.5,1,completed,2026-06-16 00:00:00,2026-06-16 14:38:42.212457,2026-06-16 14:38:42.223231,,,,,,will_call,,,false,,0
6076-S-1,6076,subcontract,,2026-07-27 18:41:21.307064,0,0,in_progress,,,2026-07-27 18:41:21.30769,,,,,,job,,,false,,0
6077-D-1,6077,drains,Company D35E67B5,2026-04-09 16:38:26.539758,25476.206175,18,completed,2026-04-13 00:00:00,2026-04-09 22:34:07.535127,2026-04-09 22:34:07.558053,Person 4E789DCD,555-0109,,,,job,,,false,,0
6077-D-10,6077,drains,Company 5661A390,2026-06-12 21:15:26.066826,826.875,1,completed,2026-06-15 00:00:00,2026-06-12 21:35:52.434968,2026-06-12 21:35:52.44744,,,,,,job,,,false,,0
6077-D-11,6077,drains,Company EBBE7319,2026-06-16 14:39:34.728631,560,2,completed,2026-06-17 00:00:00,2026-06-18 20:33:24.231858,2026-06-18 20:33:24.245036,Person 4E789DCD,555-0176,,,,job,,,false,,0
6077-D-12,6077,drains,Company D35E67B5,2026-06-29 16:07:21.210472,1535.01075,5,completed,2026-06-30 00:00:00,2026-06-29 16:36:54.334334,2026-06-29 16:36:54.347404,Person CF1FAC34,555-0167,,,,job,,,false,,0
6077-D-13,6077,drains,Company 2F610CBC,2026-07-01 18:05:48.624812,744.1875,1,completed,2026-07-02 00:00:00,2026-07-01 18:10:22.880947,2026-07-01 18:10:22.89184,Person 4E789DCD,555-0176,,,,job,,,false,,0
6077-D-14,6077,drains,Company D35E67B5,2026-07-06 14:52:28.993077,2744.949375,9,completed,2026-07-06 00:00:00,2026-07-06 17:49:30.399355,2026-07-06 17:49:30.41356,Person F5F28944,555-0197,,,,job,,,false,,0
6077-D-15,6077,drains,Company D35E67B5,2026-07-13 15:30:05.433858,20.385225,1,deleted,2026-07-13 00:00:00,2026-07-13 15:35:30.547617,2026-07-14 14:36:01.865159,Person 4E789DCD,555-0109,,,2026-07-14 14:36:01.856931,will_call,,,false,,0
6077-D-16,6077,drains,Company 2F610CBC,2026-07-16 16:03:06.748519,727.65,1,completed,2026-07-16 00:00:00,2026-07-16 16:04:11.09416,2026-07-16 16:04:11.105184,Person 50EE20A8,555-0111,,,,job,,,false,,0
6077-D-17,6077,drains,Company 2F610CBC,2026-08-03 14:14:54.745938,848.925,1,completed,2026-08-03 00:00:00,2026-08-03 15:14:25.909744,2026-08-03 15:14:25.922939,Person 53A99539,555-0111,,,,job,,,false,,0
6077-D-18,6077,drains,Company 2F610CBC,2026-08-10 14:45:57.122519,2425.5,1,completed,2026-08-21 00:00:00,2026-08-20 16:45:29.801133,2026-08-20 16:45:29.814184,Person 9044842F,,,,,yard,,,false,,0
6077-D-19,6077,drains,,2026-08-20 16:45:16.828957,0,0,in_progress,,,2026-08-20 16:45:16.829557,,,,,,job,,,false,,0
6077-D-2,6077,drains,Company D35E67B5,2026-04-14 16:48:43.739391,1649.1195,1,completed,2026-04-14 00:00:00,2026-04-14 17:29:29.658475,2026-04-14 17:29:29.670474,Person 4E789DCD,555-0109,,,,job,,,false,,0
6077-D-3,6077,drains,Company 5661A390,2026-04-15 15:55:21.380901,1653.75,1,completed,2026-04-16 00:00:00,2026-04-15 16:08:01.064052,2026-04-15 16:08:01.074746,Person 3751D3D4,555-0114,,,,job,,,false,,0
6077-D-4,6077,drains,Company D35E67B5,2026-04-17 14:44:01.361464,2254.4361,7,completed,2026-04-17 00:00:00,2026-04-17 15:39:01.486608,2026-04-17 15:39:01.503752,Person F5F28944,555-0197,,,,job,,,false,,0
6077-D-5,6077,drains,Company 5661A390,2026-04-17 15:38:27.296019,835.419375,1,completed,2026-04-21 00:00:00,2026-04-20 14:26:55.218774,2026-04-20 14:26:55.22869,Person 3751D3D4,555-0114,,,,job,,,false,,0
6077-D-6,6077,drains,Company 5661A390,2026-04-22 20:33:37.154895,1653.75,1,completed,2026-04-23 00:00:00,2026-04-22 20:39:58.777551,2026-04-22 20:39:58.79786,Person 3751D3D4,555-0114,,,,job,,,false,,0
6077-D-7,6077,drains,Company D35E67B5,2026-05-14 15:44:28.805044,102.080475,3,completed,2026-05-14 00:00:00,2026-05-14 16:13:16.146162,2026-05-14 16:13:16.161389,,,,,,yard,,,false,,0
6077-D-8,6077,drains,Company D35E67B5,2026-06-05 14:23:15.952596,273.1554,3,completed,2026-06-05 00:00:00,2026-06-05 21:54:37.531994,2026-06-05 21:54:37.546735,,,,,,yard,,,false,,0
6077-D-9,6077,drains,Company D35E67B5,2026-06-08 20:03:11.000693,2238.6483,6,completed,2026-06-09 00:00:00,2026-06-08 20:22:48.221025,2026-06-08 20:22:48.233107,Person 4E789DCD,555-0109,,,,job,,,false,,0
6077-I-1,6077,irrigation,Company D35E67B5,2026-03-13 14:28:41.070737,8536.007025,10,completed,2026-03-16 00:00:00,2026-03-17 17:48:12.73646,2026-03-17 17:48:12.76044,Person 63C78BB9,555-0130,,,,job,,,false,,0
6077-I-10,6077,irrigation,Company D35E67B5,2026-03-26 15:36:08.084226,638.50185,4,completed,2026-03-27 00:00:00,2026-03-26 16:24:14.162872,2026-03-26 16:24:14.176901,,,,,,job,,,false,,0
6077-I-11,6077,irrigation,Company D35E67B5,2026-03-26 20:02:00.49004,60.39495,1,completed,2026-03-26 00:00:00,2026-03-26 20:02:04.513583,2026-03-26 20:02:04.525579,,,,,,yard,,,false,,0
6077-I-12,6077,irrigation,Company D35E67B5,2026-03-27 21:40:44.058305,717.52905,2,completed,2026-03-28 00:00:00,2026-03-27 21:41:02.389547,2026-03-27 21:41:02.399774,Person 63C78BB9,555-0130,,,,job,,,false,,0
6077-I-13,6077,irrigation,Company D35E67B5,2026-03-30 20:01:51.96431,809.56575,1,completed,2026-03-31 00:00:00,2026-03-30 20:13:15.819229,2026-03-30 20:13:15.830673,Person 63C78BB9,555-0130,,,,job,,,false,,0
6077-I-14,6077,irrigation,Company D35E67B5,2026-03-31 15:57:50.110628,1124.494875,4,completed,2026-04-01 00:00:00,2026-03-31 17:01:30.535526,2026-03-31 17:01:30.550599,Person 63C78BB9,555-0130,,,,job,,,false,,0
6077-I-15,6077,irrigation,Company D35E67B5,2026-04-01 14:30:01.690394,614.787075,5,completed,2026-04-01 00:00:00,2026-04-01 14:56:49.250701,2026-04-01 14:56:49.263813,,,,,,yard,,,false,,0
6077-I-16,6077,irrigation,Company D35E67B5,2026-04-03 17:12:47.712687,222.8373,4,completed,2026-04-03 00:00:00,2026-04-03 17:35:10.460032,2026-04-03 17:35:10.473876,,,,,,yard,,,false,,0
6077-I-17,6077,irrigation,Company D35E67B5,2026-04-06 17:09:15.532937,1591.06185,4,completed,2026-04-07 00:00:00,2026-04-06 17:22:03.147316,2026-04-06 17:22:03.1702,Person 63C78BB9,555-0130,,,,job,,,false,,0
6077-I-18,6077,irrigation,Company D35E67B5,2026-04-07 15:45:43.876073,13709.8521,11,completed,2026-04-07 00:00:00,2026-04-07 17:20:49.661903,2026-04-07 17:20:49.681799,,,,,,yard,,,false,,0
6077-I-19,6077,irrigation,Company AEF5A8A0,2026-04-07 17:36:11.645575,2378.059425,1,completed,2026-04-08 00:00:00,2026-04-07 17:36:25.199645,2026-04-07 17:36:25.210202,,,,,,yard,,,false,,0
6077-I-2,6077,irrigation,Company C82B1E5C,2026-03-17 14:05:50.923036,3649.091544,2,completed,2026-03-17 00:00:00,2026-03-17 18:19:36.532604,2026-03-17 18:19:36.549695,Person 49032237,555-0155,,,,job,,,false,,0
6077-I-20,6077,irrigation,Company D35E67B5,2026-04-07 20:02:05.510195,2879.73,5,completed,2026-04-08 00:00:00,2026-04-07 20:33:24.921479,2026-04-07 20:33:24.933146,Person 63C78BB9,555-0109,,,,job,,,false,,0
6077-I-21,6077,irrigation,Company D35E67B5,2026-04-09 14:08:09.240419,297.9837,5,completed,2026-04-09 00:00:00,2026-04-09 17:45:47.943762,2026-04-09 17:45:47.957596,,,,,,job,,,false,,0
6077-I-22,6077,irrigation,Company D35E67B5,2026-04-10 18:33:02.24995,51.453675,2,completed,2026-04-10 00:00:00,2026-04-10 20:08:14.892554,2026-04-10 20:08:14.904846,,,,,,yard,,,false,,0
6077-I-23,6077,irrigation,Company D35E67B5,2026-04-15 14:35:20.870759,383.11875,5,completed,2026-04-15 00:00:00,2026-04-15 16:31:41.908532,2026-04-15 16:31:41.920528,,,,,,yard,,,false,,0
6077-I-24,6077,irrigation,Company D35E67B5,2026-04-16 14:15:40.769816,465.71805,4,completed,2026-04-16 00:00:00,2026-04-16 15:55:38.245174,2026-04-16 15:55:38.260119,Person 63C78BB9,555-0130,,,,job,,,false,,0
6077-I-25,6077,irrigation,Company D35E67B5,2026-04-17 14:48:17.333235,93.95505,2,completed,2026-04-18 00:00:00,2026-05-13 16:02:33.910075,2026-05-13 16:02:33.92376,,,,,,will_call,,,false,,0
6077-I-26,6077,irrigation,Company D35E67B5,2026-04-20 14:51:47.749938,375.9525,1,completed,2026-04-20 00:00:00,2026-04-20 20:38:32.457833,2026-04-20 20:38:32.469657,,,,,,yard,,,false,,0
6077-I-27,6077,irrigation,Company D35E67B5,2026-04-22 15:42:08.394674,2172.645319698,22,completed,2026-04-22 00:00:00,2026-04-22 16:29:45.005515,2026-04-22 16:29:45.024804,,,,,,yard,,,false,,0
6077-I-28,6077,irrigation,Company D35E67B5,2026-05-01 14:50:43.868569,1038.0699,8,completed,2026-05-01 00:00:00,2026-05-01 15:12:51.885445,2026-05-01 15:12:51.905627,,,,,,yard,,,false,,0
6077-I-29,6077,irrigation,Company D35E67B5,2026-05-08 14:38:24.211466,1293.046922349,24,completed,2026-05-08 00:00:00,2026-05-08 22:27:33.128139,2026-05-08 22:27:33.155926,,,,,,yard,,,false,,0
6077-I-3,6077,irrigation,Company D35E67B5,2026-03-17 20:27:29.88166,529.00155,3,completed,2026-03-17 00:00:00,2026-03-17 20:39:52.078718,2026-03-17 20:39:52.093146,,,,,,yard,,,false,,0
6077-I-30,6077,irrigation,Company D35E67B5,2026-05-11 14:49:51.510312,13652.224425,2,completed,2026-05-11 00:00:00,2026-05-11 15:18:22.568868,2026-05-11 15:18:22.580114,,,,,,yard,,,false,,0
6077-I-31,6077,irrigation,Company D35E67B5,2026-05-12 20:06:05.854705,454.505625,1,completed,2026-05-12 00:00:00,2026-05-12 20:30:05.296547,2026-05-12 20:30:05.309958,,,,,,yard,,,false,,0
6077-I-32,6077,irrigation,Company D35E67B5,2026-05-13 15:06:43.01522,183.78675,1,completed,2026-05-13 00:00:00,2026-05-13 15:24:01.348215,2026-05-13 15:24:01.360301,,,,,,yard,,,false,,0
6077-I-33,6077,irrigation,Company D35E67B5,2026-05-14 16:39:40.339042,341.168625,5,completed,2026-05-14 00:00:00,2026-05-14 17:07:21.812714,2026-05-14 17:07:21.828934,,,,,,yard,,,false,,0
6077-I-34,6077,irrigation,Company D35E67B5,2026-05-15 15:14:53.765463,1742.313825,15,completed,2026-05-15 00:00:00,2026-05-15 17:01:04.394613,2026-05-15 17:01:04.412728,,,,,,yard,,,false,,0
6077-I-35,6077,irrigation,Company D35E67B5,2026-05-22 14:23:37.245444,5128.183935,14,completed,2026-05-23 00:00:00,2026-05-22 15:26:36.914113,2026-05-22 15:26:36.934424,Person 63C78BB9,555-0130,,,,job,,,false,,0
6077-I-36,6077,irrigation,Company D35E67B5,2026-05-22 14:50:51.325134,79.04925,2,deleted,2026-05-23 00:00:00,2026-05-22 14:51:32.374745,2026-05-22 15:04:56.896704,Person 63C78BB9,555-0130,,,2026-05-22 15:04:56.880115,job,,,false,,0
6077-I-37,6077,irrigation,Company D35E67B5,2026-05-27 14:17:24.898546,183.87495,3,completed,2026-05-27 00:00:00,2026-05-27 14:48:43.919199,2026-05-27 14:48:43.933485,Person 63C78BB9,555-0130,,,,job,,,false,,0
6077-I-38,6077,irrigation,Company D35E67B5,2026-05-28 14:17:24.338756,851.934825,5,completed,2026-05-28 00:00:00,2026-05-28 16:10:11.20089,2026-05-28 16:10:11.215246,Person 63C78BB9,555-0130,,,,job,,,false,,0
6077-I-39,6077,irrigation,Company D35E67B5,2026-05-29 14:15:56.115778,60.39495,1,completed,2026-05-29 00:00:00,2026-05-29 14:16:35.696018,2026-05-29 14:16:35.707691,Person 63C78BB9,555-0130,,,,job,,,false,,0
6077-I-4,6077,irrigation,Company D35E67B5,2026-03-19 17:28:25.769779,372.9537,2,completed,2026-03-19 00:00:00,2026-03-19 17:53:14.535298,2026-03-19 17:53:14.550416,,,,,,yard,,,false,,0
6077-I-40,6077,irrigation,Company D35E67B5,2026-06-02 15:02:55.783002,3052.401761745,14,completed,2026-06-03 00:00:00,2026-06-02 16:02:28.790892,2026-06-02 16:02:28.808201,Person 63C78BB9,555-0130,,,,job,,,false,,0
6077-I-41,6077,irrigation,Company D35E67B5,2026-06-03 17:00:28.645846,735.135975,2,completed,2026-06-03 00:00:00,2026-06-03 17:25:09.607901,2026-06-03 17:25:09.618999,,,,,,yard,,,false,,0
6077-I-42,6077,irrigation,Company D35E67B5,2026-06-03 21:59:16.640157,4234.338675,13,completed,2026-06-08 00:00:00,2026-06-08 16:49:45.726622,2026-06-08 16:49:45.743769,Person 63C78BB9,555-0130,,,,job,,,false,,0
6077-I-43,6077,irrigation,Company D35E67B5,2026-06-10 15:21:54.02428,1708.356825,7,completed,2026-06-11 00:00:00,2026-06-11 17:02:09.111128,2026-06-11 17:02:09.137143,Person 63C78BB9,555-0130,,,,job,,,false,,0
6077-I-44,6077,irrigation,Company D35E67B5,2026-06-16 14:19:47.772381,2037.861,8,completed,2026-06-16 00:00:00,2026-06-16 15:40:20.336784,2026-06-16 15:40:20.349937,Person 63C78BB9,555-0130,,,,job,,,false,,0
6077-I-45,6077,irrigation,Company D35E67B5,2026-06-17 17:23:53.463007,151.759125,6,completed,2026-06-17 00:00:00,2026-06-17 17:59:01.206056,2026-06-17 17:59:01.220395,,,,,,yard,,,false,,0
6077-I-46,6077,irrigation,Company D35E67B5,2026-06-18 15:37:58.196929,1903.653675,7,completed,2026-06-18 00:00:00,2026-06-18 16:20:19.372965,2026-06-18 16:20:19.389089,Person 63C78BB9,555-0130,,,,job,,,false,,0
6077-I-47,6077,irrigation,Company D35E67B5,2026-06-23 17:32:01.033591,220.91895,2,completed,2026-06-24 00:00:00,2026-06-23 21:55:40.269325,2026-06-23 21:55:40.283199,,,,,,yard,,,false,,0
6077-I-48,6077,irrigation,Company D35E67B5,2026-06-24 14:23:42.519966,283.54095,5,completed,2026-06-25 00:00:00,2026-06-24 15:16:02.699588,2026-06-24 15:16:02.714084,Person 63C78BB9,555-0130,,,,job,,,false,,0
6077-I-49,6077,irrigation,Company D35E67B5,2026-06-25 15:42:40.662288,3449.849317047,15,completed,2026-06-25 00:00:00,2026-06-25 16:49:27.671281,2026-06-25 16:49:27.686581,Person 63C78BB9,555-0130,,,,job,,,false,,0
6077-I-5,6077,irrigation,Company D35E67B5,2026-03-20 14:07:23.910238,633.7611,1,completed,2026-03-20 00:00:00,2026-03-20 15:40:53.143478,2026-03-20 15:40:53.163233,Person 63C78BB9,555-0130,,,,job,,,false,,0
6077-I-50,6077,irrigation,Company D35E67B5,2026-06-26 15:32:05.850929,1597.2138,10,completed,2026-06-26 00:00:00,2026-06-26 17:54:40.211495,2026-06-26 17:54:40.225088,Person 63C78BB9,555-0130,,,,job,,,false,,0
6077-I-51,6077,irrigation,Company D35E67B5,2026-06-26 17:46:46.66199,413.117775,2,completed,2026-06-30 00:00:00,2026-06-29 16:38:30.928095,2026-06-29 16:38:30.942486,Person 63C78BB9,555-0130,,,,job,,,false,,0
6077-I-52,6077,irrigation,Company D35E67B5,2026-06-30 14:12:54.177803,1158.672375,6,completed,2026-06-30 00:00:00,2026-06-30 16:00:44.047615,2026-06-30 16:00:44.065332,Person 63C78BB9,555-0130,,,,job,,,false,,0
6077-I-53,6077,irrigation,Company D35E67B5,2026-07-01 15:13:17.342061,1701.719775,8,completed,2026-07-02 00:00:00,2026-07-02 15:47:21.474898,2026-07-02 15:47:21.489743,Person 63C78BB9,555-0130,,,,job,,,false,,0
6077-I-54,6077,irrigation,Company D35E67B5,2026-07-01 18:06:46.619052,790.128675,10,completed,2026-07-02 00:00:00,2026-07-02 16:43:54.60958,2026-07-02 16:43:54.628938,Person 63C78BB9,555-0130,,,,job,,,false,,0
6077-I-55,6077,irrigation,Company D35E67B5,2026-07-02 17:10:34.536039,10534.133925,3,completed,2026-07-03 00:00:00,2026-07-02 17:52:34.67792,2026-07-02 17:52:34.690742,,,,,,yard,,,false,,0
6077-I-56,6077,irrigation,Company D35E67B5,2026-07-06 14:13:56.520723,2994.98535,10,completed,2026-07-06 00:00:00,2026-07-06 20:50:02.40281,2026-07-06 20:50:02.423091,Person 63C78BB9,555-0130,,,,job,,,false,,0
6077-I-57,6077,irrigation,Company D35E67B5,2026-07-06 14:57:57.63525,1305.371025,8,completed,2026-07-08 00:00:00,2026-07-08 15:11:21.704082,2026-07-08 15:11:21.718736,Person 63C78BB9,555-0130,,,,job,,,false,,0
6077-I-58,6077,irrigation,Company D35E67B5,2026-07-08 15:49:10.928768,209.58525,6,completed,2026-07-09 00:00:00,2026-07-09 16:18:49.119126,2026-07-09 16:18:49.133246,Person 63C78BB9,555-0130,,,,yard,,,false,,0
6077-I-59,6077,irrigation,Company D35E67B5,2026-07-09 15:32:44.157834,1439.18145,9,completed,2026-07-10 00:00:00,2026-07-10 15:11:00.806437,2026-07-10 15:11:00.82248,Person 63C78BB9,555-0130,,,,job,,,false,,0
6077-I-6,6077,irrigation,Company D35E67B5,2026-03-20 15:40:22.424294,1105.146,2,completed,2026-03-23 00:00:00,2026-03-23 20:10:52.182155,2026-03-23 20:10:52.196428,Person 63C78BB9,555-0130,,,,job,,,false,,0
6077-I-60,6077,irrigation,Company D35E67B5,2026-07-13 15:29:58.837902,1764.209475,7,completed,2026-07-14 00:00:00,2026-07-14 15:25:25.836373,2026-07-14 15:25:25.850858,Person 63C78BB9,555-0130,,,,job,,,false,,0
6077-I-61,6077,irrigation,Company D35E67B5,2026-07-15 15:21:15.501383,1688.03775,4,completed,2026-07-15 00:00:00,2026-07-15 16:37:20.853905,2026-07-15 16:37:20.866133,Person 63C78BB9,555-0130,,,,job,,,false,,0
6077-I-62,6077,irrigation,Company D35E67B5,2026-07-17 20:01:55.510976,160.524,1,completed,2026-07-17 00:00:00,2026-07-17 20:21:14.915281,2026-07-17 20:21:14.925834,,,,,,yard,,,false,,0
6077-I-63,6077,irrigation,Company D35E67B5,2026-07-20 15:05:23.987944,1749.127275,10,completed,2026-07-21 00:00:00,2026-07-20 16:43:38.972244,2026-07-20 16:43:39.001149,Person 49032237,555-0155,,,,job,,,false,,0
6077-I-64,6077,irrigation,Company D35E67B5,2026-07-20 17:10:19.24441,16415.133525,10,completed,2026-07-21 00:00:00,2026-07-21 15:36:58.820903,2026-07-21 15:36:58.83893,,,,,,yard,,,false,,0
6077-I-65,6077,irrigation,Company D35E67B5,2026-07-21 15:25:45.509763,2512.542375,4,completed,2026-07-22 00:00:00,2026-07-22 22:54:43.8086,2026-07-22 22:54:43.821033,,,,,,yard,,,false,,0
6077-I-66,6077,irrigation,Company D35E67B5,2026-07-23 15:16:37.957873,1390.520794698,10,completed,2026-07-23 00:00:00,2026-07-23 15:58:28.793963,2026-07-23 15:58:28.812318,Person 63C78BB9,555-0130,,,,job,,,false,,0
6077-I-67,6077,irrigation,Company D35E67B5,2026-07-23 15:56:58.23111,1751.45355,5,completed,2026-07-27 00:00:00,2026-07-27 15:59:10.464986,2026-07-27 15:59:10.478459,Person 49032237,555-0155,,,,job,,,false,,0
6077-I-68,6077,irrigation,Company D35E67B5,2026-07-29 21:51:07.772727,1487.20635,6,completed,2026-07-31 00:00:00,2026-07-30 15:30:31.402074,2026-07-30 15:30:31.416012,Person 49032237,555-0155,,,,job,,,false,,0
6077-I-69,6077,irrigation,Company D35E67B5,2026-07-31 17:08:26.118999,2082.583942047,7,completed,2026-08-01 00:00:00,2026-07-31 22:35:35.289716,2026-07-31 22:35:35.305561,,,,,,yard,,,false,,0
6077-I-7,6077,irrigation,Company D35E67B5,2026-03-23 18:45:10.852764,7824.59685,1,completed,2026-03-25 00:00:00,2026-03-24 14:29:10.7574,2026-03-24 14:29:10.773248,,,,,,yard,,,false,,0
6077-I-70,6077,irrigation,Company D35E67B5,2026-08-03 14:15:03.888904,2744.1225,10,completed,2026-08-04 00:00:00,2026-08-04 15:09:33.763109,2026-08-04 15:09:33.782448,Person 49032237,555-0155,,,,job,,,false,,0
6077-I-71,6077,irrigation,Company D35E67B5,2026-08-05 15:21:44.241753,568.3167,7,completed,2026-08-06 00:00:00,2026-08-05 16:53:56.998006,2026-08-05 16:53:57.011894,Person 49032237,555-0155,,,,job,,,false,,0
6077-I-72,6077,irrigation,Company D35E67B5,2026-08-05 15:28:51.429462,1564.105725,14,completed,2026-08-06 00:00:00,2026-08-05 17:10:01.624957,2026-08-05 17:10:01.661898,Person 49032237,555-0155,,,,job,,,false,,0
6077-I-73,6077,irrigation,Company D35E67B5,2026-08-06 15:27:10.344619,357.904575,2,completed,2026-08-06 00:00:00,2026-08-06 15:47:29.860655,2026-08-06 15:47:29.876,,,,,,yard,,,false,,0
6077-I-74,6077,irrigation,Company D35E67B5,2026-08-10 18:51:11.352141,1156.074169698,12,completed,2026-08-12 00:00:00,2026-08-11 16:01:33.258214,2026-08-11 16:01:33.275801,Person 63C78BB9,555-0130,,,,job,,,false,,0
6077-I-75,6077,irrigation,Company D35E67B5,2026-08-12 20:02:43.392866,264.8205,1,completed,2026-08-12 00:00:00,2026-08-12 20:03:05.072389,2026-08-12 20:03:05.084089,,,,,,yard,,,false,,0
6077-I-76,6077,irrigation,Company D35E67B5,2026-08-13 15:38:22.439053,2097.28575,3,completed,2026-08-13 00:00:00,2026-08-13 16:36:00.444699,2026-08-13 16:36:00.458663,Person 49032237,555-0155,,,,job,,,false,,0
6077-I-77,6077,irrigation,Company D35E67B5,2026-08-14 15:04:33.853246,8298.2088,4,completed,2026-08-14 00:00:00,2026-08-14 16:17:23.080249,2026-08-14 16:17:23.098982,,,,,,yard,,,false,,0
6077-I-78,6077,irrigation,Company D35E67B5,2026-08-17 14:05:52.853148,245.912625,4,completed,2026-08-17 00:00:00,2026-08-17 15:17:36.156103,2026-08-17 15:17:36.169943,Person CBFCCFCB,555-0153,,,,job,,,false,,0
6077-I-79,6077,irrigation,Company D35E67B5,2026-08-17 17:09:07.371497,752.45625,1,completed,2026-08-18 00:00:00,2026-08-17 18:02:26.304627,2026-08-17 18:02:26.317816,,,,,,yard,,,false,,0
6077-I-8,6077,irrigation,Company D35E67B5,2026-03-24 16:40:10.35491,34.5744,1,completed,2026-03-24 00:00:00,2026-03-24 17:17:59.976686,2026-03-24 17:17:59.991689,,,,,,yard,,,false,,0
6077-I-80,6077,irrigation,Company D35E67B5,2026-08-18 14:29:01.740667,136.213875,1,completed,2026-08-19 00:00:00,2026-08-18 15:30:05.509088,2026-08-18 15:30:05.532422,Person 63C78BB9,555-0130,,,,job,,,false,,0
6077-I-81,6077,irrigation,Company D35E67B5,2026-08-20 15:45:59.166449,1927.423575,5,completed,2026-08-20 00:00:00,2026-08-20 16:21:47.023404,2026-08-20 16:21:47.037935,Person 63C78BB9,555-0130,,,,job,,,false,,0
6077-I-82,6077,irrigation,Company D35E67B5,2026-08-24 20:03:05.164568,142.123275,2,completed,2026-08-25 00:00:00,2026-08-24 20:04:47.10288,2026-08-24 20:04:47.115464,Person 63C78BB9,555-0130,,,,job,,,false,,0
6077-I-83,6077,irrigation,Company D35E67B5,2026-08-27 17:22:08.588334,1019.531392047,10,completed,2026-08-27 00:00:00,2026-08-27 17:54:33.889411,2026-08-27 17:54:33.907022,Person 49032237,555-0155,,,,job,,,false,,0
6077-I-84,6077,irrigation,Company D35E67B5,2026-09-01 14:30:11.358156,3145.80735,13,completed,2026-09-01 00:00:00,2026-09-01 15:23:02.268383,2026-09-01 15:23:02.288375,Person 63C78BB9,555-0130,,,,job,,,false,,0
6077-I-85,6077,irrigation,Company D35E67B5,2026-09-03 14:21:41.612007,3173.733675,9,completed,2026-09-03 00:00:00,2026-09-03 15:40:05.721761,2026-09-03 15:40:05.734603,Person 63C78BB9,555-0130,,,,job,,,false,,0
6077-I-86,6077,irrigation,Company D35E67B5,2026-09-04 21:25:32.620171,110.25,1,completed,2026-09-08 00:00:00,2026-09-04 21:27:25.905098,2026-09-04 21:27:25.916987,Person C6FE02A5,555-0153,,,,job,,,false,,0
6077-I-87,6077,irrigation,Company D35E67B5,2026-09-08 14:06:57.634862,158.5395,2,completed,2026-09-08 00:00:00,2026-09-08 14:08:20.396237,2026-09-08 14:08:20.405764,Person 49032237,555-0155,,,,job,,,false,,0
6077-I-9,6077,irrigation,Company D35E67B5,2026-03-25 14:48:20.436538,363.6045,1,completed,2026-03-25 00:00:00,2026-03-25 15:13:58.038042,2026-03-25 15:13:58.049541,,,,,,yard,,,false,,0
6077-L-1,6077,landscape,Company E5CC0708,2026-03-27 20:54:00.101612,47015.72,3,completed,2026-05-28 00:00:00,2026-07-10 18:33:47.111348,2026-07-10 18:33:47.145947,Person FAB920E7,555-0128,,,,yard,,,false,,0
6077-L-10,6077,landscape,Company F6DB773A,2026-05-27 20:33:55.304344,35.28,1,completed,2026-05-28 00:00:00,2026-05-27 20:35:20.98008,2026-05-27 20:35:20.987417,,,,,,will_call,,,false,,0
6077-L-11,6077,landscape,Company DC9A38AE,2026-05-29 15:54:50.469926,663.705,6,completed,2026-06-02 00:00:00,2026-06-02 00:08:52.345532,2026-06-02 00:08:52.362462,Person 50EE20A8,555-0111,,,,job,,,false,,0
6077-L-12,6077,landscape,Company 85C03ADA,2026-05-29 15:54:50.469926,984.697875,7,completed,2026-06-02 00:00:00,2026-05-29 16:06:20.115067,2026-05-29 16:06:20.130042,Person 50EE20A8,555-0111,,,,job,,,false,,0
6077-L-13,6077,landscape,Company 02A7AFB7,2026-06-02 13:20:52.879032,7215.8625,1,completed,2026-06-11 00:00:00,2026-06-04 15:23:41.958462,2026-06-04 15:23:41.970205,Person 22A1BBA5,555-0111,,,,job,,,false,,0
6077-L-14,6077,landscape,Company 02A7AFB7,2026-06-02 23:57:14.257931,1631.7,1,completed,2026-06-11 00:00:00,2026-06-04 20:56:50.216565,2026-06-04 20:56:50.228228,Person 9044842F,555-0176,,,,job,,,false,,0
6077-L-15,6077,landscape,Company B47AEED3,2026-06-05 17:34:56.348584,231.525,1,completed,2026-06-08 00:00:00,2026-06-05 17:35:24.342015,2026-06-05 17:35:24.358033,Person 50EE20A8,,,,,yard,,,false,,0
6077-L-16,6077,landscape,Company B1347A9D,2026-06-05 17:38:25.604905,954.5445,4,completed,2026-06-08 00:00:00,2026-06-05 17:40:38.052131,2026-06-05 17:40:38.065105,Person 50EE20A8,555-0111,,,,job,,,false,,0
6077-L-17,6077,landscape,Company B548E4AD,2026-06-05 17:38:25.604905,66.15,1,completed,2026-06-08 00:00:00,2026-06-05 17:40:38.105269,2026-06-05 17:40:38.115293,Person 50EE20A8,555-0111,,,,will_call,,,false,,0
6077-L-18,6077,landscape,Company 520BDD44,2026-06-08 16:42:00.261485,1432.974375,4,completed,2026-06-09 00:00:00,2026-06-09 14:50:46.727449,2026-06-09 14:50:46.739267,Person 50EE20A8,555-0111,,,,job,,,false,,0
6077-L-19,6077,landscape,Company B47AEED3,2026-06-09 14:56:32.702941,18.7425,1,completed,2026-06-09 00:00:00,2026-06-09 14:57:02.16247,2026-06-09 14:57:02.171965,,,,,,will_call,,,false,,0
6077-L-2,6077,landscape,Company 85C03ADA,2026-04-15 16:02:21.107174,74.97,1,completed,2026-05-11 00:00:00,2026-05-08 16:33:25.73909,2026-05-08 16:33:25.750172,Person 9044842F,,,,,yard,,,false,,0
6077-L-20,6077,landscape,Company 724579F1,2026-06-09 15:34:38.696315,987.3525,3,completed,2026-06-10 00:00:00,2026-06-11 18:39:52.197688,2026-06-11 18:39:52.21294,Person 53A99539,555-0111,,555-0101,,job,,,false,,0
6077-L-21,6077,landscape,Company B1347A9D,2026-06-12 17:47:03.38914,252.4725,2,completed,2026-06-15 00:00:00,2026-06-12 17:47:41.425435,2026-06-12 17:47:41.436826,Person 4E789DCD,,,,,will_call,,,false,,0
6077-L-22,6077,landscape,Company 94837B57,2026-06-12 19:08:43.510747,599.5875,2,completed,2026-06-22 00:00:00,2026-06-18 16:37:42.028688,2026-06-18 16:37:42.041769,Person 4E789DCD,555-0176,,,,job,,,false,,0
6077-L-23,6077,landscape,Company B548E4AD,2026-06-12 19:08:43.510747,793.8,1,completed,2026-06-22 00:00:00,2026-06-18 17:01:23.77332,2026-06-18 17:01:23.787959,Person 4E789DCD,555-0176,,,,job,,,false,,0
6077-L-24,6077,landscape,Company F6DB773A,2026-06-15 15:12:02.135323,1431.59625,8,completed,2026-06-18 00:00:00,2026-06-17 14:55:14.341845,2026-06-17 14:55:14.357086,Person 50EE20A8,555-0168,,,,job,,,false,,0
6077-L-25,6077,landscape,Company DC9A38AE,2026-06-15 15:12:02.135323,1370.4075,6,completed,2026-06-18 00:00:00,2026-06-17 14:54:46.948969,2026-06-17 14:54:46.966634,Person 50EE20A8,555-0168,,,,job,,,false,,0
6077-L-26,6077,landscape,Company 724579F1,2026-06-18 17:02:13.984872,998.8725,3,completed,2026-06-22 00:00:00,2026-06-18 20:35:22.507744,2026-06-18 20:35:22.52064,Person 847C86C2,555-0150,,,,job,,,false,,0
6077-L-27,6077,landscape,Company F6DB773A,2026-06-19 17:48:30.531278,143.325,1,deleted,2026-06-22 00:00:00,2026-06-19 19:49:44.88327,2026-06-19 20:37:49.923336,,,,,2026-06-19 20:37:49.918159,will_call,,,false,,0
6077-L-28,6077,landscape,Company 520BDD44,2026-06-19 19:50:07.116326,257.43375,2,completed,2026-06-22 00:00:00,2026-06-19 20:25:19.372638,2026-06-19 20:25:19.384956,,,,,,will_call,,,false,,0
6077-L-29,6077,landscape,Company 2F610CBC,2026-06-23 17:32:05.79728,515.97,2,completed,2026-06-23 00:00:00,2026-06-23 17:32:46.846292,2026-06-23 17:32:46.862664,Person 4E789DCD,555-0176,,,,job,,,false,,0
6077-L-3,6077,landscape,Company 93078B9A,2026-05-08 19:55:09.442173,727.65,7,completed,2026-05-12 00:00:00,2026-05-08 20:02:36.771057,2026-05-08 20:02:36.784977,Person 9044842F,555-0176,,,,job,,,false,,0
6077-L-30,6077,landscape,Company F6DB773A,2026-06-24 14:25:35.313299,1128.684375,6,completed,2026-06-25 00:00:00,2026-06-24 16:59:36.209225,2026-06-24 16:59:36.222371,Person 50EE20A8,555-0111,,,,job,,,false,,0
6077-L-31,6077,landscape,Company 520BDD44,2026-06-24 14:25:35.313299,1389.15,5,completed,2026-06-25 00:00:00,2026-06-24 16:59:36.262507,2026-06-24 16:59:36.270118,Person 50EE20A8,555-0111,,,,job,,,false,,0
6077-L-32,6077,landscape,Company 93078B9A,2026-06-24 14:25:35.313299,1760.14125,6,completed,2026-06-25 00:00:00,2026-06-24 17:01:38.91345,2026-06-24 17:01:38.926387,Person 50EE20A8,555-0111,,,,job,,,false,,0
6077-L-33,6077,landscape,Company 724579F1,2026-06-29 15:17:35.384952,2241.975,4,completed,2026-07-01 00:00:00,2026-06-30 15:33:10.491286,2026-06-30 15:33:10.502319,Person 53A99539,555-0111,,,,job,,,false,,0
6077-L-34,6077,landscape,Company 520BDD44,2026-06-29 20:31:31.677377,3386.76975,11,completed,2026-07-01 00:00:00,2026-06-30 00:42:20.514354,2026-06-30 00:42:20.540022,Person 3B39713F,555-0111,,,,job,,,false,,0
6077-L-35,6077,landscape,Company 93078B9A,2026-06-29 20:31:31.677377,4265.01684,7,completed,2026-07-01 00:00:00,2026-06-30 00:42:20.592781,2026-06-30 00:42:20.601499,Person 3B39713F,555-0111,,,,job,,,false,,0
6077-L-36,6077,landscape,Company B47AEED3,2026-06-29 20:31:31.677377,1746.36,6,completed,2026-07-01 00:00:00,2026-06-30 00:42:20.643327,2026-06-30 00:42:20.651455,Person 3B39713F,555-0111,,,,job,,,false,,0
6077-L-37,6077,landscape,Company 5661A390,2026-06-30 15:31:26.710468,304.29,1,completed,2026-07-01 00:00:00,2026-06-30 15:37:08.019705,2026-06-30 15:37:08.031565,,,,,,job,,,false,,0
6077-L-38,6077,landscape,Company D35E67B5,2026-06-30 15:37:21.959973,4520.25,2,completed,2026-06-30 00:00:00,2026-06-30 15:38:38.603933,2026-06-30 15:38:38.619586,Person 22A1BBA5,,,,,yard,,,false,,0
6077-L-39,6077,landscape,Company D35E67B5,2026-06-30 15:39:17.491125,2034.0243,2,completed,2026-07-01 00:00:00,2026-06-30 16:35:34.944303,2026-06-30 16:35:34.957899,Person B93A0D4E,555-0114,,,,job,,,false,,0
6077-L-4,6077,landscape,Company F6DB773A,2026-05-08 19:55:09.442173,1085.9625,6,completed,2026-05-12 00:00:00,2026-05-08 20:02:36.82843,2026-05-08 20:02:36.838108,Person 9044842F,555-0176,,,,job,,,false,,0
6077-L-40,6077,landscape,Company 94837B57,2026-06-30 16:34:19.154432,352.8,1,completed,2026-07-02 00:00:00,2026-07-01 18:16:06.288262,2026-07-01 18:16:06.29809,Person 50EE20A8,555-0111,,,,will_call,,,false,,0
6077-L-41,6077,landscape,Company F6DB773A,2026-07-01 18:19:11.994964,2031.9075,2,completed,2026-07-02 00:00:00,2026-07-01 18:20:21.132261,2026-07-01 18:20:21.14273,Person 50EE20A8,555-0111,,,,job,,,false,,0
6077-L-42,6077,landscape,Company 724579F1,2026-07-02 17:10:58.905215,1864.3225,5,completed,2026-07-07 00:00:00,2026-07-06 16:04:01.375589,2026-07-06 16:04:01.387894,Person 53A99539,555-0111,,,,job,,,false,,0
6077-L-43,6077,landscape,Company D35E67B5,2026-07-06 14:58:19.166784,40.46175,1,completed,2026-07-06 00:00:00,2026-07-06 17:44:28.13855,2026-07-06 17:44:28.148936,Person F5F28944,555-0197,,,,job,,,false,,0
6077-L-44,6077,landscape,Company 725B3DA8,2026-07-06 16:13:53.672651,286.65,1,completed,2026-07-06 00:00:00,2026-07-06 16:14:33.969375,2026-07-06 16:14:33.97932,Person 4E789DCD,,,,,will_call,,,false,,0
6077-L-45,6077,landscape,Company 09434731,2026-07-07 17:01:08.704601,480.3625,3,completed,2026-07-08 00:00:00,2026-07-07 17:07:07.468956,2026-07-07 17:07:07.480942,Person CF1FAC34,555-0111,,,,job,,,false,,0
6077-L-46,6077,landscape,Company 02A7AFB7,2026-07-07 17:15:10.809147,998.925,2,completed,2026-07-08 00:00:00,2026-07-07 17:15:58.711384,2026-07-07 17:15:58.722774,Person 4E789DCD,555-0176,,,,job,,,false,,0
6077-L-47,6077,landscape,Company A7FE94E8,2026-07-08 18:19:53.588881,39354.84,8,deleted,2026-07-09 00:00:00,2026-07-08 19:11:50.347832,2026-07-10 18:35:12.840674,Person FAB920E7,555-0128,,,2026-07-10 18:35:12.834349,yard,,,false,,0
6077-L-48,6077,landscape,Company 85C03ADA,2026-07-09 15:42:00.554182,4665.78,3,completed,2026-07-10 00:00:00,2026-07-15 21:10:56.734675,2026-07-15 21:10:56.746593,Person 4E789DCD,555-0176,,,,job,,,false,,0
6077-L-49,6077,landscape,Company 47AB36E1,2026-07-09 21:07:18.826297,7065.59,1,completed,2026-07-10 00:00:00,2026-07-09 21:08:34.92025,2026-07-09 21:08:34.932803,,,,,,job,,,false,,0
6077-L-5,6077,landscape,Company 5513C1E9,2026-05-08 19:55:09.442173,1514.835,6,completed,2026-05-12 00:00:00,2026-05-08 20:02:36.877123,2026-05-08 20:02:36.886245,Person 9044842F,555-0176,,,,job,,,false,,0
6077-L-50,6077,landscape,Company A9FBD4E8,2026-07-10 17:47:31.283684,2855.475,1,completed,2026-07-11 00:00:00,2026-07-10 17:52:39.152816,2026-07-10 17:52:39.165309,,,,,,job,,,false,,0
6077-L-51,6077,landscape,Company 85C03ADA,2026-07-13 15:29:52.637176,1863.831375,11,completed,2026-07-15 00:00:00,2026-07-14 16:53:19.169535,2026-07-14 16:53:19.186826,Person 50EE20A8,555-0111,,,,job,,,false,,0
6077-L-52,6077,landscape,Company 2F610CBC,2026-07-14 17:00:24.779103,312.55875,1,completed,2026-07-14 00:00:00,2026-07-14 17:12:37.517091,2026-07-14 17:12:37.529903,Person 4E789DCD,,,,,yard,,,false,,0
6077-L-53,6077,landscape,Company B548E4AD,2026-07-14 17:12:52.431464,1131.71625,5,completed,2026-07-17 00:00:00,2026-07-29 17:22:11.269313,2026-07-29 17:22:11.28448,Person 50EE20A8,555-0111,,,,job,,,false,,0
6077-L-54,6077,landscape,Company 85C03ADA,2026-07-14 17:12:52.431464,1051.178625,7,completed,2026-07-17 00:00:00,2026-07-14 18:19:49.783755,2026-07-14 18:19:49.792229,Person 50EE20A8,555-0111,,,,job,,,false,,0
6077-L-55,6077,landscape,Company B1347A9D,2026-07-14 17:12:52.431464,1461.36375,7,completed,2026-07-17 00:00:00,2026-07-14 18:19:49.832037,2026-07-14 18:19:49.840346,Person 50EE20A8,555-0111,,,,job,,,false,,0
6077-L-56,6077,landscape,Company F890493B,2026-07-14 18:39:11.433961,174935.58,11,completed,2026-08-05 00:00:00,2026-08-28 14:56:37.877863,2026-08-28 14:56:37.892418,Person FAB920E7,555-0128,,,,yard,,,false,,0
6077-L-57,6077,landscape,Company A0B5AE5E,2026-07-14 20:48:08.066129,11606.85,9,completed,2026-07-15 00:00:00,2026-07-29 18:13:33.322957,2026-07-29 18:13:33.338907,Person FAB920E7,555-0128,,,,yard,,,false,,0
6077-L-58,6077,landscape,Company E435F62F,2026-07-14 20:58:36.951947,8091.46,4,completed,2026-08-05 00:00:00,2026-09-09 13:33:32.369538,2026-09-09 13:33:32.383994,Person FAB920E7,555-0128,,,,yard,,,false,,0
6077-L-59,6077,landscape,Company 09434731,2026-07-15 17:24:08.722614,2623.674375,13,completed,2026-07-21 00:00:00,2026-07-15 17:31:15.882147,2026-07-15 17:31:15.900199,Person 50EE20A8,555-0111,,,,job,,,false,,0
6077-L-6,6077,landscape,Company D35E67B5,2026-05-08 20:22:54.080009,77.77035,1,completed,2026-05-15 00:00:00,2026-05-15 16:40:35.915019,2026-05-15 16:40:35.928349,Person 9044842F,,,,,yard,,,false,,0
6077-L-60,6077,landscape,Company 99AC62BC,2026-07-15 20:50:25.041653,617.4,1,completed,2026-07-17 00:00:00,2026-07-15 21:12:17.022458,2026-07-15 21:12:17.032871,Person 4E789DCD,555-0176,,,,job,,,false,,0
6077-L-61,6077,landscape,Company 724579F1,2026-07-17 14:56:04.740876,1284.9375,3,completed,2026-07-27 00:00:00,2026-07-23 21:22:30.091917,2026-07-23 21:22:30.104312,Person 50EE20A8,555-0111,,,,job,,,false,,0
6077-L-62,6077,landscape,Company F6DB773A,2026-07-24 15:04:48.560423,327.99375,4,completed,2026-07-27 00:00:00,2026-07-24 15:06:42.075938,2026-07-24 15:06:42.091944,Person 50EE20A8,555-0111,,,,will_call,,,false,,0
6077-L-63,6077,landscape,Company 2763A682,2026-07-28 18:21:23.226426,4660.9,3,completed,2026-09-04 00:00:00,2026-08-05 15:19:44.910791,2026-08-05 15:19:44.922089,Person 847C86C2,555-0128,,,,yard,,,false,,0
6077-L-64,6077,landscape,Company 09434731,2026-08-03 14:15:13.643791,1318.59,14,completed,2026-08-04 00:00:00,2026-08-03 16:08:43.850238,2026-08-03 16:08:43.869368,Person 50EE20A8,555-0111,,,,job,,,false,,0
6077-L-65,6077,landscape,Company 85C03ADA,2026-08-04 16:10:45.985374,916.744,5,completed,2026-08-05 00:00:00,2026-08-04 16:25:18.427141,2026-08-04 16:25:18.440186,Person 50EE20A8,555-0111,,,,job,,,false,,0
6077-L-66,6077,landscape,Company B548E4AD,2026-08-05 16:36:43.829401,332.985,2,completed,2026-08-06 00:00:00,2026-08-05 16:37:35.38813,2026-08-05 16:37:35.400476,Person 53A99539,555-0111,,,,job,,,false,,0
6077-L-67,6077,landscape,Company 93078B9A,2026-08-06 17:06:42.791594,441,1,completed,2026-08-07 00:00:00,2026-08-06 17:07:24.130464,2026-08-06 17:07:24.143772,Person 53A99539,555-0111,,,,job,,,false,,0
6077-L-68,6077,landscape,Company 725B3DA8,2026-08-10 13:52:50.441801,573.3,1,completed,2026-08-10 00:00:00,2026-08-10 13:53:20.774379,2026-08-10 13:53:20.786909,,,,,,will_call,,,false,,0
6077-L-69,6077,landscape,Company 2F610CBC,2026-08-10 14:46:35.016894,1764,1,deleted,2026-08-10 00:00:00,2026-08-10 14:48:26.311786,2026-08-10 16:31:13.876949,Person 53A99539,555-0193,,,2026-08-10 16:31:13.869359,job,,,false,,0
6077-L-7,6077,landscape,Company 724579F1,2026-05-08 20:22:54.080009,1031.94,3,completed,2026-05-16 00:00:00,2026-05-15 16:45:19.379424,2026-05-15 16:45:19.390331,Person 9044842F,,,,,yard,,,false,,0
6077-L-70,6077,landscape,Company D35E67B5,2026-08-10 16:30:25.198333,1019.250225,1,completed,2026-08-10 00:00:00,2026-08-10 16:32:45.391993,2026-08-10 16:32:45.404331,Person 53A99539,555-0193,,,,job,,,false,,0
6077-L-71,6077,landscape,Company 725B3DA8,2026-08-12 15:05:48.175438,286.65,1,completed,2026-08-12 00:00:00,2026-08-12 15:06:18.68213,2026-08-12 15:06:18.695038,,,,,,will_call,,,false,,0
6077-L-72,6077,landscape,Company B47AEED3,2026-08-12 15:06:39.911361,217.74375,3,completed,2026-08-14 00:00:00,2026-08-13 19:37:35.553877,2026-08-13 19:37:35.570126,Person 4E789DCD,,,,,yard,,,false,,0
6077-L-73,6077,landscape,Company 85C03ADA,2026-08-20 15:55:43.479219,93.933,2,completed,2026-08-24 00:00:00,2026-08-21 16:50:32.826367,2026-08-21 16:50:32.838802,Person 9044842F,,,,,will_call,,,false,,0
6077-L-74,6077,landscape,Company 520BDD44,2026-08-21 17:05:37.109227,1351.11375,6,completed,2026-08-24 00:00:00,2026-08-21 17:12:17.408056,2026-08-21 17:12:17.42174,Person 50EE20A8,555-0111,,,,job,,,false,,0
6077-L-75,6077,landscape,Company B47AEED3,2026-08-21 17:05:37.109227,1095.885,7,completed,2026-08-24 00:00:00,2026-08-21 17:12:17.466124,2026-08-21 17:12:17.475731,Person 50EE20A8,555-0111,,,,job,,,false,,0
6077-L-76,6077,landscape,Company 520BDD44,2026-08-24 01:03:25.440332,1174.438125,5,completed,2026-08-27 00:00:00,2026-08-25 21:36:45.486208,2026-08-25 21:36:45.500863,Person 50EE20A8,555-0111,,,,job,,,false,,0
6077-L-77,6077,landscape,Company F6DB773A,2026-08-24 01:03:25.440332,1259.60625,8,completed,2026-08-27 00:00:00,2026-08-24 01:25:09.011474,2026-08-24 01:25:09.021627,Person 50EE20A8,555-0111,,,,job,,,false,,0
6077-L-78,6077,landscape,Company 93078B9A,2026-08-24 01:03:25.440332,82.6875,1,completed,2026-08-27 00:00:00,2026-08-24 01:25:09.061504,2026-08-24 01:25:09.066267,Person 50EE20A8,555-0111,,,,will_call,,,false,,0
6077-L-79,6077,landscape,Company F6DB773A,2026-08-24 13:30:00.275864,1958.04,9,deleted,2026-09-02 00:00:00,2026-08-25 15:20:47.297679,2026-08-25 15:24:04.332866,Person 50EE20A8,555-0111,,,2026-08-25 15:24:04.329053,job,,,false,,0
6077-L-8,6077,landscape,Company F6DB773A,2026-05-18 16:16:43.068725,109.69875,3,completed,2026-05-19 00:00:00,2026-05-18 16:18:02.251045,2026-05-18 16:18:02.269983,Person 9044842F,,,,,yard,,,false,,0
6077-L-80,6077,landscape,Company 5513C1E9,2026-08-24 13:30:00.275864,848.925,3,deleted,2026-09-02 00:00:00,2026-08-25 15:20:47.364927,2026-08-25 15:23:39.381525,Person 50EE20A8,555-0111,,,2026-08-25 15:23:39.362596,job,,,false,,0
6077-L-81,6077,landscape,Company 85C03ADA,2026-08-24 13:30:00.275864,587.6325,5,deleted,2026-09-02 00:00:00,2026-08-25 15:20:47.408315,2026-08-25 15:23:33.646198,Person 50EE20A8,555-0111,,,2026-08-25 15:23:33.642475,job,,,false,,0
6077-L-82,6077,landscape,Company 99AC62BC,2026-08-24 13:30:00.275864,824.67,3,deleted,2026-09-02 00:00:00,2026-08-25 15:20:47.458572,2026-08-25 15:23:22.474473,Person 50EE20A8,555-0111,,,2026-08-25 15:23:22.469762,job,,,false,,0
6077-L-83,6077,landscape,Company 85C03ADA,2026-08-26 13:24:46.044407,1084.584375,5,completed,2026-09-02 00:00:00,2026-08-26 13:36:10.125054,2026-08-26 13:36:10.143761,Person 50EE20A8,555-0111,,,,job,,,false,,0
6077-L-84,6077,landscape,Company 99AC62BC,2026-08-26 13:24:46.044407,1607.445,6,completed,2026-09-02 00:00:00,2026-08-26 13:36:10.218199,2026-08-26 13:36:10.227526,Person 50EE20A8,555-0111,,,,job,,,false,,0
6077-L-85,6077,landscape,Company F6DB773A,2026-08-26 13:24:46.044407,1468.805625,9,completed,2026-09-02 00:00:00,2026-08-26 13:36:10.27314,2026-08-26 13:36:10.283307,Person 50EE20A8,555-0111,,,,job,,,false,,0
6077-L-86,6077,landscape,Company 5661A390,2026-08-26 14:27:35.263601,224.91,1,completed,2026-08-27 00:00:00,2026-08-26 14:31:38.375656,2026-08-26 14:31:38.384625,Person 50EE20A8,555-0111,,,,job,,,false,,0
6077-L-87,6077,landscape,Company 5513C1E9,2026-08-28 19:14:02.692057,904.05,3,completed,2026-09-04 00:00:00,2026-09-03 17:04:21.140708,2026-09-03 17:04:21.152414,Person CF1FAC34,555-0111,,,,job,,,false,,0
6077-L-88,6077,landscape,Company 99AC62BC,2026-09-03 17:49:46.214043,695.401875,9,completed,2026-09-09 00:00:00,2026-09-03 18:01:20.25068,2026-09-03 18:01:20.26241,Person 50EE20A8,555-0111,,,,job,,,false,,0
6077-L-89,6077,landscape,Company 09434731,2026-09-03 17:49:46.214043,1222.6725,6,completed,2026-09-09 00:00:00,2026-09-03 18:00:33.546302,2026-09-03 18:00:33.556104,Person 50EE20A8,555-0111,,,,job,,,false,,0
6077-L-9,6077,landscape,Company B548E4AD,2026-05-27 20:33:55.304344,70.56,1,completed,2026-05-28 00:00:00,2026-05-27 20:35:20.93601,2026-05-27 20:35:20.947352,,,,,,will_call,,,false,,0
6077-L-90,6077,landscape,Company F6DB773A,2026-09-03 20:01:43.916873,1396.8675,3,completed,2026-09-10 00:00:00,2026-09-09 16:44:37.246944,2026-09-09 16:44:37.259435,Person 50EE20A8,555-0111,,,,job,,,false,,0
6077-L-91,6077,landscape,Company D35E67B5,2026-09-10 16:58:24.601665,479.5875,1,completed,2026-09-10 00:00:00,2026-09-10 17:00:02.980325,2026-09-10 17:00:02.992375,Person 9044842F,,,,,yard,,,false,,0
6077-L-92,6077,landscape,,2026-09-22 14:59:23.025444,0,0,in_progress,,,2026-09-22 14:59:23.025908,,,,,,job,,,false,,0
6077-M-1,6077,maintenance,,2026-03-10 00:47:48.618695,0,0,in_progress,,,2026-03-10 00:47:48.61921,,,,,,job,,,false,,0
6077-S-1,6077,subcontract,Company 99729C00,2026-05-05 15:32:01.150646,12000,1,completed,2026-05-06 00:00:00,2026-05-18 15:35:45.783453,2026-05-18 15:35:45.79534,Person 9044842F,555-0157,,,,job,,,false,,0
6077-S-2,6077,subcontract,Company 99729C00,2026-05-14 18:00:25.966132,2500,1,completed,2026-05-27 00:00:00,2026-06-01 15:43:54.468286,2026-06-01 15:43:54.481164,,,,,,job,,,false,,0
6077-S-3,6077,subcontract,,2026-07-14 17:01:51.052667,0,0,in_progress,,,2026-07-14 17:01:51.053181,,,,,,job,,,false,,0
6078-D-1,6078,drains,Company 2F610CBC,2026-04-27 18:17:14.611785,638.99056,2,completed,2026-05-05 00:00:00,2026-05-04 14:38:42.298577,2026-05-04 14:38:42.312181,,,,,,yard,,,false,,0
6078-D-10,6078,drains,Company D35E67B5,2026-08-04 14:50:19.611652,533.71483425,1,completed,2026-08-04 00:00:00,2026-08-04 15:26:57.417305,2026-08-04 15:26:57.42671,Person F5F28944,555-0197,,,,job,,,false,,0
6078-D-11,6078,drains,Company 2F610CBC,2026-08-04 14:50:19.611652,882.9392,1,completed,2026-08-04 00:00:00,2026-08-04 15:20:44.194218,2026-08-04 15:20:44.205028,Person F5F28944,555-0197,,,,job,,,false,,0
6078-D-12,6078,drains,Company 5661A390,2026-08-04 14:58:39.353698,1048.9102,1,completed,2026-08-05 00:00:00,2026-08-11 22:37:16.348053,2026-08-11 22:37:16.360903,Person BC9EEF84,555-0114,,,,job,,,false,,0
6078-D-13,6078,drains,Company 5661A390,2026-08-18 20:24:16.018958,298.35,1,completed,2026-08-21 00:00:00,2026-08-18 20:29:44.279429,2026-08-18 20:29:44.290089,Person F3F57736,555-0127,,,,job,,,false,,0
6078-D-14,6078,drains,Company 2F610CBC,2026-08-20 15:40:20.976961,1002.235,3,completed,2026-08-20 00:00:00,2026-08-20 17:33:28.29699,2026-08-20 17:33:28.312548,Person 895C1A0D,555-0117,,,,job,,,false,,0
6078-D-15,6078,drains,,2026-08-20 16:07:24.386545,0,0,in_progress,,,2026-08-20 16:07:24.387108,,,,,,job,,,false,,0
6078-D-2,6078,drains,Company 2F610CBC,2026-06-03 21:03:05.79234,525.98,1,completed,2026-07-13 00:00:00,2026-07-09 20:09:52.625736,2026-07-09 20:09:52.638832,Person 895C1A0D,555-0117,,,,job,,,false,,0
6078-D-3,6078,drains,Company 5661A390,2026-07-09 20:44:44.317121,1694.08655,2,completed,2026-07-10 00:00:00,2026-08-04 15:01:19.700655,2026-08-04 15:01:19.71198,,,,,,job,,,false,,0
6078-D-4,6078,drains,Company D35E67B5,2026-07-09 20:50:43.005857,580.125,1,completed,2026-07-13 00:00:00,2026-07-09 20:51:51.037063,2026-07-09 20:51:51.048155,Person F3F57736,555-0127,,,,job,,,false,,0
6078-D-5,6078,drains,Company 2F610CBC,2026-07-13 18:47:14.464669,12252.181877,17,completed,2026-07-16 00:00:00,2026-07-23 22:40:42.756992,2026-07-23 22:40:42.783579,Person 895C1A0D,555-0117,,,,job,,,false,,0
6078-D-6,6078,drains,Company 2F610CBC,2026-07-16 18:36:44.591325,60.56505,1,completed,2026-07-22 00:00:00,2026-07-22 14:21:35.196967,2026-07-22 14:21:35.205898,,,,,,will_call,,,false,,0
6078-D-7,6078,drains,Company D35E67B5,2026-07-16 18:36:44.591325,206.4582,2,deleted,2026-07-22 00:00:00,2026-07-22 14:22:10.598175,2026-07-29 22:24:55.81949,,,,,2026-07-29 22:24:55.81504,will_call,,,false,,0
6078-D-8,6078,drains,Company D35E67B5,2026-07-23 18:31:28.194536,875.3589,1,completed,2026-07-23 00:00:00,2026-07-23 20:04:27.717932,2026-07-23 20:04:27.737654,,,,,,yard,,,false,,0
6078-D-9,6078,drains,Company D35E67B5,2026-07-13 18:47:14.464669,1620.0184,3,completed,2026-07-24 00:00:00,2026-07-24 14:06:13.369495,2026-07-24 14:06:13.38498,Person 895C1A0D,555-0117,,,,will_call,,,false,,0
6078-I-1,6078,irrigation,Company D35E67B5,2026-04-24 18:14:40.002033,13893.828,2,completed,2026-04-25 00:00:00,2026-04-30 22:49:11.934523,2026-04-30 22:49:11.948625,,,,,,yard,,,false,,0
6078-I-10,6078,irrigation,Company 2F610CBC,2026-07-20 17:33:23.926497,151.3408,2,completed,2026-07-20 00:00:00,2026-07-20 18:02:02.191989,2026-07-20 18:02:02.20748,,,,,,yard,,,false,,0
6078-I-11,6078,irrigation,Company D35E67B5,2026-07-22 16:09:25.363341,129.2629,2,completed,2026-07-22 00:00:00,2026-07-22 16:12:46.242302,2026-07-22 16:12:46.251591,Person 63C78BB9,,,,,will_call,,,false,,0
6078-I-12,6078,irrigation,Company 2F610CBC,2026-07-31 14:20:30.987869,44872.65328,97,completed,2026-08-11 00:00:00,2026-08-11 20:12:55.236265,2026-08-11 20:12:55.3028,,,,,,yard,,,false,,0
6078-I-13,6078,irrigation,Company 2F610CBC,2026-08-11 18:23:32.648707,2431.1105,5,completed,2026-08-12 00:00:00,2026-08-11 18:25:27.545418,2026-08-11 18:25:27.559778,Person 63C78BB9,555-0130,,,,job,,,false,,0
6078-I-14,6078,irrigation,Company 2F610CBC,2026-08-19 20:07:38.350621,0.01105,1,deleted,2026-08-20 00:00:00,2026-08-19 20:17:43.541444,2026-08-19 20:18:09.644951,,,,,2026-08-19 20:18:09.639545,job,,,false,,0
6078-I-15,6078,irrigation,Company 2F610CBC,2026-08-20 16:06:31.569517,1710.8715,1,completed,2026-08-20 00:00:00,2026-08-20 17:32:31.968731,2026-08-20 17:32:31.98193,,,,,,yard,,,false,,0
6078-I-16,6078,irrigation,Company 2F610CBC,2026-08-31 14:38:03.093722,39.42198,1,completed,2026-08-31 00:00:00,2026-09-01 14:18:16.380256,2026-09-01 14:18:16.388069,,,,,,yard,,,false,,0
6078-I-17,6078,irrigation,Company D35E67B5,2026-08-31 14:50:01.479394,270.725,2,completed,2026-09-01 00:00:00,2026-08-31 15:29:17.048065,2026-08-31 15:29:17.061462,Person 63C78BB9,555-0130,,,,will_call,,,false,,0
6078-I-18,6078,irrigation,Company 2F610CBC,2026-08-31 15:38:51.093552,1025.14165,9,completed,2026-09-01 00:00:00,2026-09-01 15:30:11.365395,2026-09-01 15:30:11.378214,Person 63C78BB9,555-0130,,,,job,,,false,,0
6078-I-19,6078,irrigation,Company 2F610CBC,2026-09-01 15:47:52.855969,2835.872,4,completed,2026-09-01 00:00:00,2026-09-01 15:50:06.497094,2026-09-01 15:50:06.511632,,,,,,will_call,,,false,,0
6078-I-2,6078,irrigation,Company 2F610CBC,2026-04-29 21:45:09.48497,29422.60074,2,completed,2026-06-26 00:00:00,2026-06-25 18:41:28.671027,2026-06-25 18:41:28.683083,,,,,,yard,,,false,,0
6078-I-20,6078,irrigation,Company 2F610CBC,2026-09-04 18:33:17.911347,451.029618,4,completed,2026-09-08 00:00:00,2026-09-08 13:31:12.46949,2026-09-08 13:31:12.484717,Person C6FE02A5,555-0153,,,,job,,,false,,0
6078-I-21,6078,irrigation,Company 2F610CBC,2026-09-08 15:39:13.358888,3899.1914,6,completed,2026-09-09 00:00:00,2026-09-09 14:24:16.01236,2026-09-09 14:24:16.030033,Person 9797BB7E,555-0110,,,,job,,,false,,0
6078-I-22,6078,irrigation,,2026-09-09 18:26:27.642028,0,0,in_progress,2026-09-10 00:00:00,,2026-09-09 18:27:12.536251,,,,,,yard,,,false,,0
6078-I-3,6078,irrigation,Company 2F610CBC,2026-07-02 14:12:32.534505,14011.31689295,51,completed,2026-07-13 00:00:00,2026-07-14 17:22:23.667751,2026-07-14 17:22:23.705888,,,,,,yard,,,false,,0
6078-I-4,6078,irrigation,Company 2F610CBC,2026-07-13 22:34:01.612729,324.1571645,4,completed,2026-07-14 00:00:00,2026-07-14 16:43:36.091448,2026-07-14 16:43:36.105307,,,,,,job,,,false,,0
6078-I-5,6078,irrigation,Company D35E67B5,2026-07-14 16:23:10.964656,384.70575,1,completed,2026-07-14 00:00:00,2026-07-14 17:08:01.684601,2026-07-14 17:08:01.69689,,,,,,yard,,,false,,0
6078-I-6,6078,irrigation,Company 2F610CBC,2026-07-16 18:46:48.196398,624.767,1,completed,2026-07-16 00:00:00,2026-07-16 20:04:31.805275,2026-07-16 20:04:31.819705,,,,,,yard,,,false,,0
6078-I-7,6078,irrigation,Company 2F610CBC,2026-07-17 14:30:09.930544,125.2407,1,completed,2026-07-17 00:00:00,2026-07-17 14:48:22.830913,2026-07-17 14:48:22.841912,,,,,,yard,,,false,,0
6078-I-8,6078,irrigation,Company 2F610CBC,2026-07-20 14:53:11.038786,1423.2621,12,completed,2026-07-20 00:00:00,2026-07-20 15:57:55.575332,2026-07-20 15:57:55.589998,Person 9797BB7E,555-0110,,,,job,,,false,,0
6078-I-9,6078,irrigation,Company D35E67B5,2026-07-20 15:43:56.99736,32.71905,1,completed,2026-07-20 00:00:00,2026-07-20 15:45:11.930195,2026-07-20 15:45:11.939423,Person 63C78BB9,,,,,will_call,,,false,,0
6078-L-1,6078,landscape,Company B548E4AD,2026-04-14 13:36:55.382831,7123.935,1,deleted,2026-09-15 00:00:00,2026-07-31 16:51:48.613389,2026-08-07 14:41:06.650119,Person 847C86C2,,,,2026-08-07 14:41:06.643992,job,,,false,,0
6078-L-10,6078,landscape,Company 7FC335AE,2026-08-07 21:26:31.230869,1326,1,completed,2026-08-18 00:00:00,2026-08-07 21:27:18.283314,2026-08-07 21:27:18.295328,Person F3F57736,555-0127,,,,job,,,false,,0
6078-L-11,6078,landscape,Company 2F610CBC,2026-08-12 01:25:18.705156,578.9316,2,completed,2026-08-19 00:00:00,2026-08-19 14:36:10.361677,2026-08-19 14:36:10.378168,Person F3F57736,555-0127,,,,job,,,false,,0
6078-L-12,6078,landscape,Company 6CDECF5F,2026-08-12 01:25:18.705156,663,1,completed,2026-08-20 00:00:00,2026-08-19 14:36:10.423627,2026-08-19 14:36:10.42981,Person F3F57736,555-0127,,,,job,,,false,,0
6078-L-13,6078,landscape,Company 7FC335AE,2026-08-21 16:40:05.595971,165.75,1,completed,2026-08-24 00:00:00,2026-08-21 19:04:34.709886,2026-08-21 19:04:34.720727,Person F3F57736,,,,,will_call,,,false,,0
6078-L-14,6078,landscape,Company B548E4AD,2026-09-02 16:04:23.728001,1989,1,completed,2026-09-04 00:00:00,2026-09-02 16:07:10.198075,2026-09-02 16:07:10.209302,Person F3F57736,555-0127,,,,job,,,false,,0
6078-L-15,6078,landscape,Company 85C03ADA,2026-09-02 16:04:23.728001,1385.67,1,completed,2026-09-03 00:00:00,2026-09-02 16:07:10.268213,2026-09-02 16:07:10.273882,Person F3F57736,555-0127,,,,job,,,false,,0
6078-L-16,6078,landscape,Company B47AEED3,2026-09-02 16:04:23.728001,1329.8675,1,completed,2026-09-03 00:00:00,2026-09-02 16:07:10.32071,2026-09-02 16:07:10.328116,Person F3F57736,555-0127,,,,job,,,false,,0
6078-L-17,6078,landscape,Company B548E4AD,2026-09-09 15:02:37.089308,1989,1,completed,2026-09-10 00:00:00,2026-09-09 15:03:43.467846,2026-09-09 15:03:43.480337,Person FDEFD43F,,,,,job,,,false,,0
6078-L-2,6078,landscape,Company B47AEED3,2026-04-14 13:36:55.382831,5641.7985,2,deleted,2026-09-15 00:00:00,2026-07-31 16:51:48.657732,2026-08-07 14:40:57.715138,Person 847C86C2,,,,2026-08-07 14:40:57.706923,job,,,false,,0
6078-L-3,6078,landscape,Company 85C03ADA,2026-04-14 13:36:55.382831,12000.6315,4,deleted,2026-09-15 00:00:00,2026-07-31 16:51:48.698498,2026-08-07 14:41:25.759931,Person 847C86C2,,,,2026-08-07 14:41:25.755059,job,,,false,,0
6078-L-4,6078,landscape,Company 7FC335AE,2026-04-14 13:36:55.382831,1077.375,1,deleted,2026-09-15 00:00:00,2026-07-31 16:51:48.744106,2026-08-07 14:41:43.744408,Person 847C86C2,,,,2026-08-07 14:41:43.736311,job,,,false,,0
6078-L-5,6078,landscape,Company 5513C1E9,2026-04-14 13:36:55.382831,7044.375,2,deleted,2026-09-15 00:00:00,2026-07-31 16:51:48.781106,2026-08-07 14:41:14.814279,Person 847C86C2,,,,2026-08-07 14:41:14.809139,job,,,false,,0
6078-L-6,6078,landscape,Company 99AC62BC,2026-04-14 13:36:55.382831,3349.255,3,deleted,2026-09-15 00:00:00,2026-07-31 16:51:48.81975,2026-08-07 14:43:31.182339,Person 847C86C2,,,,2026-08-07 14:43:31.175375,job,,,false,,0
6078-L-7,6078,landscape,Company B548E4AD,2026-08-07 14:43:50.73426,1657.5,1,completed,2026-08-18 00:00:00,2026-08-07 14:50:43.821038,2026-08-07 14:50:43.830404,Person F3F57736,555-0127,,,,job,,,false,,0
6078-L-8,6078,landscape,Company 5513C1E9,2026-08-07 14:43:50.73426,1370.2,1,deleted,2026-08-18 00:00:00,2026-08-07 14:50:43.88895,2026-08-07 20:47:52.046055,Person F3F57736,555-0127,,,2026-08-07 20:47:52.040763,job,,,false,,0
6078-L-9,6078,landscape,Company 85C03ADA,2026-08-07 18:02:52.659161,1193.4,1,completed,2026-08-18 00:00:00,2026-08-07 18:03:45.76175,2026-08-07 18:03:45.776376,Person F3F57736,555-0127,,,,job,,,false,,0
6079-D-1,6079,drains,Company D35E67B5,2026-06-01 21:20:37.609657,555.2720625,6,completed,2026-06-22 00:00:00,2026-06-19 15:50:44.838369,2026-06-19 15:50:44.852307,Person F5F28944,555-0197,,,,job,,,false,,0
6079-D-2,6079,drains,Company EBBE7319,2026-06-23 15:00:23.449773,560,2,completed,2026-06-24 00:00:00,2026-06-23 15:01:39.258491,2026-06-23 15:01:39.269297,Person 4E789DCD,555-0176,,,,job,,,false,,0
6079-D-3,6079,drains,Company D35E67B5,2026-07-24 14:27:20.474157,98.951625,1,completed,2026-07-24 00:00:00,2026-07-24 14:28:12.36785,2026-07-24 14:28:12.380316,Person 3D9F9CE4,555-0179,,,,job,,,false,,0
6079-D-4,6079,drains,Company D35E67B5,2026-07-30 16:10:10.025081,1917.782325,8,completed,2026-07-31 00:00:00,2026-07-30 16:49:20.128035,2026-07-30 16:49:20.16441,Person 4E789DCD,555-0109,,,,job,,,false,,0
6079-D-5,6079,drains,Company D35E67B5,2026-08-03 16:49:37.777341,314.57025,1,completed,2026-08-03 00:00:00,2026-08-03 17:36:50.259451,2026-08-03 17:36:50.272802,,,,,,yard,,,false,,0
6079-D-6,6079,drains,Company D35E67B5,2026-08-26 14:56:38.980391,96.831,3,completed,2026-08-26 00:00:00,2026-08-26 15:27:04.307606,2026-08-26 15:27:04.321497,Person 3D9F9CE4,555-0179,,,,job,,,false,,0
6079-D-7,6079,drains,,2026-08-28 15:54:54.022442,0,0,in_progress,,,2026-08-28 15:54:54.022883,,,,,,job,,,false,,0
6079-I-1,6079,irrigation,Company D35E67B5,2026-04-29 18:31:53.195586,8575.8075,1,completed,2026-05-06 00:00:00,2026-05-05 21:10:52.75742,2026-05-05 21:10:52.767862,,,,,,yard,,,false,,0
6079-I-10,6079,irrigation,Company D35E67B5,2026-07-28 14:15:25.996145,219.664125,5,completed,2026-07-28 00:00:00,2026-07-28 14:39:00.32683,2026-07-28 14:39:00.342537,Person 2584867A,555-0102,,,,job,,,false,,0
6079-I-11,6079,irrigation,Company D35E67B5,2026-07-28 14:37:54.836741,894.022875,15,completed,2026-07-29 00:00:00,2026-07-29 16:51:36.692034,2026-07-29 16:51:36.710208,Person 2584867A,555-0102,,,,job,,,false,,0
6079-I-12,6079,irrigation,Company D35E67B5,2026-07-29 17:04:14.53171,83.93325,2,completed,2026-07-29 00:00:00,2026-07-29 17:22:47.653829,2026-07-29 17:22:47.665185,,,,,,yard,,,false,,0
6079-I-13,6079,irrigation,Company D35E67B5,2026-07-29 17:25:12.181813,51.2865,1,completed,2026-07-30 00:00:00,2026-07-29 18:06:55.142456,2026-07-29 18:06:55.154669,Person 63C78BB9,555-0130,,,,job,,,false,,0
6079-I-14,6079,irrigation,Company D35E67B5,2026-07-29 22:11:33.236003,163.6905,1,completed,2026-07-30 00:00:00,2026-07-29 22:12:07.604072,2026-07-29 22:12:07.61309,Person 63C78BB9,555-0130,,,,job,,,false,,0
6079-I-15,6079,irrigation,Company D35E67B5,2026-07-31 14:59:38.27257,102.573,1,completed,2026-07-31 00:00:00,2026-08-03 19:53:03.527452,2026-08-03 19:53:03.537246,Person 63C78BB9,,,,,will_call,,,false,,0
6079-I-16,6079,irrigation,Company D35E67B5,2026-07-31 17:53:40.141146,123.975,2,completed,2026-08-03 00:00:00,2026-08-03 15:13:35.626458,2026-08-03 15:13:35.63825,,,,,,yard,,,false,,0
6079-I-17,6079,irrigation,Company D35E67B5,2026-08-04 16:45:31.68706,2014.661175,25,completed,2026-08-04 00:00:00,2026-08-04 18:11:57.965596,2026-08-04 18:11:57.989389,,,,,,yard,,,false,,0
6079-I-18,6079,irrigation,Company D35E67B5,2026-08-05 15:17:34.616583,2481.675,3,completed,2026-08-05 00:00:00,2026-08-05 16:57:35.911468,2026-08-05 16:57:35.92925,Person 63C78BB9,555-0130,,,,will_call,,,false,,0
6079-I-19,6079,irrigation,Company D35E67B5,2026-08-06 14:53:40.727696,1295.9955,3,completed,2026-08-06 00:00:00,2026-08-06 15:18:15.024622,2026-08-06 15:18:15.03829,Person 01B226B8,555-0127,,,,job,,,false,,0
6079-I-2,6079,irrigation,Company D35E67B5,2026-06-01 21:18:08.941191,41.0292,1,completed,2026-06-11 00:00:00,2026-06-11 17:03:17.300233,2026-06-11 17:03:17.310123,,,,,,yard,,,false,,0
6079-I-20,6079,irrigation,Company D35E67B5,2026-08-13 14:10:31.916335,803.532,8,completed,2026-08-13 00:00:00,2026-08-13 14:15:17.266125,2026-08-13 14:15:17.281124,Person 63C78BB9,,,,,will_call,,,false,,0
6079-I-21,6079,irrigation,Company D35E67B5,2026-08-13 17:37:05.874494,2211.485625,22,completed,2026-08-14 00:00:00,2026-08-14 15:42:02.470255,2026-08-14 15:42:02.490814,,,,,,yard,,,false,,0
6079-I-22,6079,irrigation,Company D35E67B5,2026-08-14 15:33:15.170663,27.94875,2,completed,2026-08-17 00:00:00,2026-08-17 22:18:44.73506,2026-08-17 22:18:44.750212,,,,,,yard,,,false,,0
6079-I-23,6079,irrigation,Company D35E67B5,2026-08-18 16:49:08.250272,111.109875,6,completed,2026-08-18 00:00:00,2026-08-18 16:52:32.82886,2026-08-18 16:52:32.840939,Person 63C78BB9,,,,,will_call,,,false,,0
6079-I-24,6079,irrigation,Company 2F610CBC,2026-08-19 20:18:15.509969,12160.588125,1,completed,2026-08-20 00:00:00,2026-09-03 13:31:40.467877,2026-09-03 13:31:40.482956,,,,,,yard,,,false,,0
6079-I-25,6079,irrigation,Company D35E67B5,2026-08-19 21:00:33.419638,864.682125,31,completed,2026-08-24 00:00:00,2026-08-24 16:48:27.305698,2026-08-24 16:48:27.329667,,,,,,yard,,,false,,0
6079-I-26,6079,irrigation,Company D35E67B5,2026-08-24 16:43:41.771135,253.920375,2,completed,2026-08-25 00:00:00,2026-08-25 17:20:32.427996,2026-08-25 17:20:32.439309,Person 63C78BB9,,,,,will_call,,,false,,0
6079-I-27,6079,irrigation,Company D35E67B5,2026-08-26 14:55:33.125384,21.608625,1,completed,2026-08-28 00:00:00,2026-08-28 15:53:40.509505,2026-08-28 15:53:40.517572,,,,,,yard,,,false,,0
6079-I-3,6079,irrigation,Company D35E67B5,2026-06-24 20:41:49.155934,1085.38155,10,completed,2026-06-25 00:00:00,2026-06-24 22:09:58.055236,2026-06-24 22:09:58.072632,Person 63C78BB9,555-0130,,,,job,,,false,,0
6079-I-4,6079,irrigation,Company D35E67B5,2026-06-26 14:49:04.885802,626.780625,5,completed,2026-06-26 00:00:00,2026-06-26 14:50:37.720089,2026-06-26 14:50:37.734531,Person 63C78BB9,555-0130,,,,will_call,,,false,,0
6079-I-5,6079,irrigation,Company D35E67B5,2026-06-30 16:14:31.367488,2316.114,28,completed,2026-06-30 00:00:00,2026-06-30 17:49:46.578209,2026-06-30 17:49:46.60203,,,,,,yard,,,false,,0
6079-I-6,6079,irrigation,Company AEF5A8A0,2026-06-30 16:14:31.367488,1663.266,1,completed,2026-06-30 00:00:00,2026-06-30 16:55:18.489833,2026-06-30 16:55:18.49495,,,,,,yard,,,false,,0
6079-I-7,6079,irrigation,Company D35E67B5,2026-07-08 15:46:52.067179,2122.00395,17,completed,2026-07-24 00:00:00,2026-07-24 15:51:01.56507,2026-07-24 15:51:01.583511,,,,,,yard,,,false,,0
6079-I-8,6079,irrigation,Company D35E67B5,2026-07-27 14:53:32.220831,437.54475,1,completed,2026-07-27 00:00:00,2026-07-27 14:53:59.864761,2026-07-27 14:53:59.876746,,,,,,yard,,,false,,0
6079-I-9,6079,irrigation,Company D35E67B5,2026-07-27 15:53:27.007073,114.0135,1,completed,2026-07-27 00:00:00,2026-07-27 15:53:55.05573,2026-07-27 15:53:55.065388,Person 63C78BB9,,,,,will_call,,,false,,0
6079-L-1,6079,landscape,Company AEB37D61,2026-04-29 21:00:36.252448,3943.275,1,completed,2026-05-28 00:00:00,2026-05-13 14:27:05.049411,2026-05-13 14:27:05.06055,Person FAB920E7,555-0128,,,,yard,,,false,,0
6079-L-10,6079,landscape,Company 2803CF52,2026-06-10 21:00:02.142742,1055.75,2,completed,2026-06-25 00:00:00,2026-06-17 16:48:47.645534,2026-06-17 16:48:47.657837,,,,,,yard,,,false,,0
6079-L-11,6079,landscape,Company DB3F2841,2026-06-17 15:43:35.694587,6652.51,6,completed,2026-07-09 00:00:00,2026-08-18 15:50:00.37486,2026-08-18 15:50:00.389897,,,,,,yard,,,false,,0
6079-L-12,6079,landscape,Company B1347A9D,2026-06-17 16:45:40.766305,481.545,4,completed,2026-07-22 00:00:00,2026-07-14 15:23:22.259037,2026-07-14 15:23:22.277048,Person 8F399E86,555-0168,,,,job,,,false,,0
6079-L-13,6079,landscape,Company 99AC62BC,2026-06-17 16:45:40.766305,635.1,5,completed,2026-07-22 00:00:00,2026-07-14 15:23:07.82936,2026-07-14 15:23:07.841572,Person 8F399E86,555-0168,,,,job,,,false,,0
6079-L-14,6079,landscape,Company 09434731,2026-06-17 16:45:40.766305,40.78125,1,completed,2026-07-22 00:00:00,2026-07-14 15:22:36.544201,2026-07-14 15:22:36.554337,Person 8F399E86,555-0168,,,,will_call,,,false,,0
6079-L-15,6079,landscape,Company 85C03ADA,2026-06-17 16:45:40.766305,908.660625,5,completed,2026-07-22 00:00:00,2026-07-14 15:21:44.705221,2026-07-14 15:21:44.718372,Person 8F399E86,555-0168,,,,job,,,false,,0
6079-L-16,6079,landscape,Company B47AEED3,2026-06-17 16:45:40.766305,438.2625,3,completed,2026-07-22 00:00:00,2026-07-14 15:18:42.572973,2026-07-14 15:18:42.585052,Person 8F399E86,555-0168,,,,job,,,false,,0
6079-L-17,6079,landscape,Company 99AC62BC,2026-07-10 16:22:07.683007,461.915625,3,completed,2026-07-22 00:00:00,2026-07-14 15:17:28.148516,2026-07-14 15:17:28.159448,Person 55DEE1A1,555-0168,,,,job,,,false,,0
6079-L-18,6079,landscape,Company 09434731,2026-07-10 16:22:07.683007,176.71875,1,completed,2026-07-22 00:00:00,2026-07-14 15:16:28.026131,2026-07-14 15:16:28.040368,Person 55DEE1A1,,,,,will_call,,,false,,0
6079-L-19,6079,landscape,Company 85C03ADA,2026-07-10 16:22:07.683007,911.325,5,completed,2026-07-22 00:00:00,2026-07-14 15:15:32.269439,2026-07-14 15:15:32.282691,Person 49C7F137,555-0168,,,,job,,,false,,0
6079-L-2,6079,landscape,Company 49A55682,2026-05-13 14:27:33.099489,4143.4675,2,completed,2026-06-25 00:00:00,2026-06-05 18:34:59.132378,2026-06-05 18:34:59.143471,Person FAB920E7,555-0128,,,,yard,,,false,,0
6079-L-20,6079,landscape,Company B1347A9D,2026-07-10 16:22:07.683007,822.8025,4,completed,2026-07-22 00:00:00,2026-07-14 15:14:02.575823,2026-07-14 15:14:02.587887,Person 55DEE1A1,555-0168,,,,job,,,false,,0
6079-L-21,6079,landscape,Company B47AEED3,2026-07-10 16:22:07.683007,492.6375,2,completed,2026-07-22 00:00:00,2026-07-14 15:20:33.936508,2026-07-14 15:20:33.947202,Person 49C7F137,555-0168,,,,job,,,false,,0
6079-L-22,6079,landscape,Company B47AEED3,2026-07-22 14:47:12.547841,630.9675,6,completed,2026-07-24 00:00:00,2026-07-23 17:10:13.161229,2026-07-23 17:10:13.173783,Person C2C1EFBB,555-0102,,,,job,,,false,,0
6079-L-23,6079,landscape,Company D35E67B5,2026-07-27 14:20:39.13951,289.351125,3,completed,2026-07-28 00:00:00,2026-07-27 15:41:59.760703,2026-07-27 15:41:59.776896,Person C2C1EFBB,555-0102,,,,job,,,false,,0
6079-L-24,6079,landscape,Company B47AEED3,2026-07-27 15:05:24.648014,97.929375,4,completed,2026-07-28 00:00:00,2026-07-27 18:33:55.505779,2026-07-27 18:33:55.520011,Person C2C1EFBB,,,,,will_call,,,false,,0
6079-L-25,6079,landscape,Company F5E37F78,2026-07-27 15:05:24.648014,148.44375,1,completed,2026-07-28 00:00:00,2026-07-27 18:33:55.55736,2026-07-27 18:33:55.563702,Person C2C1EFBB,,,,,will_call,,,false,,0
6079-L-26,6079,landscape,Company 02A7AFB7,2026-07-28 21:57:22.292871,1585.5,2,completed,2026-07-31 00:00:00,2026-07-29 17:27:20.182033,2026-07-29 17:27:20.195406,Person C2C1EFBB,555-0102,,,,job,,,false,,0
6079-L-27,6079,landscape,Company 520BDD44,2026-07-29 17:27:38.141762,2723.1,3,completed,2026-08-10 00:00:00,2026-08-07 17:41:00.650524,2026-08-07 17:41:00.68256,Person C2C1EFBB,555-0102,,,,job,,,false,,0
6079-L-28,6079,landscape,Company 725B3DA8,2026-08-07 17:44:00.155957,282.75,1,completed,2026-08-12 00:00:00,2026-08-12 15:07:35.400038,2026-08-12 15:07:35.4106,,,,,,will_call,,,false,,0
6079-L-29,6079,landscape,Company B548E4AD,2026-08-12 15:10:41.161911,1767.73125,2,completed,2026-08-13 00:00:00,2026-08-12 16:34:53.399571,2026-08-12 16:34:53.413903,Person C2C1EFBB,555-0102,,,,job,,,false,,0
6079-L-3,6079,landscape,Company C2E3692D,2026-05-13 14:40:07.809155,7946.9,6,completed,2026-06-04 00:00:00,2026-05-13 14:47:20.157693,2026-05-13 14:47:20.178154,Person FAB920E7,555-0128,,,,yard,,,false,,0
6079-L-30,6079,landscape,Company B548E4AD,2026-08-13 20:24:06.29552,169.65,1,completed,2026-08-14 00:00:00,2026-08-17 15:36:13.061386,2026-08-17 15:36:13.073294,Person 4E789DCD,,,,,will_call,,,false,,0
6079-L-31,6079,landscape,Company F6DB773A,2026-08-18 14:45:17.337165,1226.15625,8,completed,2026-08-20 00:00:00,2026-08-19 14:52:37.450381,2026-08-19 14:52:37.464875,Person C2C1EFBB,555-0102,,,,job,,,false,,0
6079-L-32,6079,landscape,Company 09434731,2026-08-18 14:45:17.337165,888.4875,5,completed,2026-08-20 00:00:00,2026-08-19 14:52:37.510547,2026-08-19 14:52:37.518283,Person C2C1EFBB,555-0102,,,,job,,,false,,0
6079-L-33,6079,landscape,Company B47AEED3,2026-08-18 14:45:17.337165,892.8375,8,completed,2026-08-20 00:00:00,2026-08-19 14:52:37.559757,2026-08-19 14:52:37.568849,Person C2C1EFBB,555-0102,,,,job,,,false,,0
6079-L-34,6079,landscape,Company 85C03ADA,2026-08-21 16:31:55.044711,84.1725,1,completed,2026-08-24 00:00:00,2026-08-21 16:32:47.774543,2026-08-21 16:32:47.784314,,,,,,yard,,,false,,0
6079-L-35,6079,landscape,Company AAD1B916,2026-08-28 16:44:34.851158,36.703125,1,completed,2026-08-29 00:00:00,2026-08-28 16:47:01.974731,2026-08-28 16:47:01.982137,,,,,,will_call,,,false,,0
6079-L-36,6079,landscape,Company B548E4AD,2026-09-01 15:17:46.461553,56.55,1,completed,2026-09-02 00:00:00,2026-09-01 15:21:08.013315,2026-09-01 15:21:08.023764,Person C2C1EFBB,555-0102,,,,job,,,false,,0
6079-L-37,6079,landscape,,2026-09-04 17:48:47.170631,0,0,in_progress,,,2026-09-04 17:48:47.171109,,,,,,job,,,false,,0
6079-L-4,6079,landscape,Company 3115F62E,2026-06-09 20:27:33.169301,3452.87,5,completed,2026-07-01 00:00:00,2026-06-09 20:34:22.126879,2026-06-09 20:34:22.146267,Person FAB920E7,555-0128,,,,yard,,,false,,0
6079-L-5,6079,landscape,Company 7F5E28C5,2026-06-09 20:42:08.12107,1885.15,3,completed,2026-07-01 00:00:00,2026-06-09 20:46:24.224502,2026-06-09 20:46:24.245767,Person FAB920E7,,,,,yard,,,false,,0
6079-L-6,6079,landscape,Company 217A590E,2026-06-09 20:54:35.37544,1022.55,1,completed,2026-06-10 00:00:00,2026-06-09 20:55:50.62364,2026-06-09 20:55:50.635034,,,,,,job,,,false,,0
6079-L-7,6079,landscape,Company D3643AEF,2026-06-09 20:56:10.320009,554.570625,1,completed,2026-06-10 00:00:00,2026-06-09 20:57:20.275931,2026-06-09 20:57:20.286457,,,,,,yard,,,false,,0
6079-L-8,6079,landscape,Company 4C905239,2026-06-09 20:57:46.365318,279,1,completed,2026-06-10 00:00:00,2026-06-09 21:00:27.623747,2026-06-09 21:00:27.635632,,,,,,yard,,,false,,0
6079-L-9,6079,landscape,Company 97432A7F,2026-06-09 20:57:46.365318,3647.40975,2,completed,2026-06-10 00:00:00,2026-06-09 21:01:32.224747,2026-06-09 21:01:32.235933,,,,,,yard,,,false,,0
6080-D-1,6080,drains,Company D35E67B5,2026-05-19 18:49:16.67582,203.1885,2,completed,2026-07-30 00:00:00,2026-07-29 22:23:23.92854,2026-07-29 22:23:23.939022,,,,,,job,,,false,,0
6080-D-2,6080,drains,Company D35E67B5,2026-07-29 22:23:56.171319,564.78225,3,completed,2026-08-21 00:00:00,2026-08-20 20:06:09.658597,2026-08-20 20:06:09.672588,Person 4E789DCD,555-0109,,,,will_call,,,false,,0
6080-D-3,6080,drains,Company D35E67B5,2026-08-21 15:40:29.455171,1510.70943375,8,completed,2026-08-21 00:00:00,2026-08-26 22:10:55.439177,2026-08-26 22:10:55.454167,Person 4E789DCD,555-0109,,,,will_call,,,false,,0
6080-D-4,6080,drains,Company D35E67B5,2026-08-25 14:26:36.404799,411.91455,4,completed,2026-08-25 00:00:00,2026-08-25 15:40:45.757865,2026-08-25 15:40:45.770508,Person 4E789DCD,555-0109,,,,job,,,false,,0
6080-D-5,6080,drains,Company D35E67B5,2026-08-27 20:21:05.026474,3454.44342375,10,completed,2026-08-28 00:00:00,2026-08-27 20:54:07.311601,2026-08-27 20:54:07.339275,Person 1B9E000C,555-0101,,,,job,,,false,,0
6080-I-1,6080,irrigation,Company D35E67B5,2026-05-06 17:19:11.603229,533.586225,4,completed,2026-04-24 00:00:00,2026-05-19 17:52:44.662857,2026-05-19 17:52:44.677656,,,,,,yard,,,false,,0
6080-I-2,6080,irrigation,Company D35E67B5,2026-05-19 18:16:03.251729,785.077125,17,completed,2026-08-21 00:00:00,2026-08-20 16:24:39.575357,2026-08-20 16:24:39.596169,Person 49032237,555-0155,,,,job,,,false,,0
6080-I-3,6080,irrigation,Company D35E67B5,2026-08-24 15:39:13.723185,5209.46005875,26,completed,2026-08-24 00:00:00,2026-08-24 18:36:39.340826,2026-08-24 18:36:39.364509,,,,,,yard,,,false,,0
6080-I-4,6080,irrigation,Company 2F610CBC,2026-08-24 15:39:13.723185,738.804,2,completed,2026-08-24 00:00:00,2026-08-24 21:12:41.348263,2026-08-24 21:12:41.367754,,,,,,yard,,,false,,0
6080-I-5,6080,irrigation,Company D35E67B5,2026-08-26 14:15:59.290529,1639.9848,14,completed,2026-08-26 00:00:00,2026-08-26 15:25:28.475232,2026-08-26 15:25:28.49457,Person 63C78BB9,555-0130,,,,job,,,false,,0
6080-I-6,6080,irrigation,Company D35E67B5,2026-08-28 16:39:58.540652,263.860125,4,completed,2026-08-28 00:00:00,2026-08-28 18:45:53.390761,2026-08-28 18:45:53.402879,,,,,,yard,,,false,,0
6080-I-7,6080,irrigation,Company D35E67B5,2026-08-31 14:26:21.846508,597.570375,10,completed,2026-08-31 00:00:00,2026-09-01 14:22:38.045651,2026-09-01 14:22:38.06028,Person 63C78BB9,555-0130,,,,job,,,false,,0
6080-L-1,6080,landscape,Company A0B5AE5E,2026-08-12 14:38:32.764981,1400.5,4,completed,2026-09-10 00:00:00,2026-09-09 20:37:22.890614,2026-09-09 20:37:22.901048,,,,,,job,,,false,,0
6081-D-1,6081,drains,Company 2F610CBC,2026-05-13 20:55:43.834956,8939.7578625,15,completed,2026-05-18 00:00:00,2026-05-14 14:15:23.977338,2026-05-14 14:15:24.001397,Person 4E789DCD,555-0109,,,,job,,,false,,0
6081-D-10,6081,drains,Company 2F610CBC,2026-08-26 14:50:43.11858,1507.536,5,completed,2026-08-26 00:00:00,2026-08-26 16:02:42.833302,2026-08-26 16:02:42.851137,Person 66EF849D,555-0117,,,,job,,,false,,0
6081-D-2,6081,drains,Company D35E67B5,2026-05-19 20:59:21.929074,1217.079975,5,completed,2026-05-20 00:00:00,2026-05-19 21:41:27.524327,2026-05-19 21:41:27.541673,Person 4E789DCD,555-0109,,,,job,,,false,,0
6081-D-3,6081,drains,Company 2F610CBC,2026-05-22 16:22:40.916351,1402.614,6,completed,2026-06-12 00:00:00,2026-06-12 17:13:42.266363,2026-06-12 17:13:42.281315,Person FDEFD43F,555-0134,,,,job,,,false,,0
6081-D-4,6081,drains,Company 2F610CBC,2026-07-09 15:23:38.783674,2260.510125,10,completed,2026-07-17 00:00:00,2026-07-16 18:15:53.074362,2026-07-16 18:15:53.091433,Person 4F4FB59B,555-0129,,,,job,,,false,,0
6081-D-5,6081,drains,Company 2F610CBC,2026-07-29 14:12:26.076631,2096.50425,5,completed,2026-07-29 00:00:00,2026-07-29 15:11:00.223711,2026-07-29 15:11:00.237851,Person 66EF849D,555-0117,,,,job,,,false,,0
6081-D-6,6081,drains,Company 2F610CBC,2026-08-08 02:53:02.343712,3121.3425,7,completed,2026-08-10 00:00:00,2026-08-10 13:49:49.777045,2026-08-10 13:49:49.795134,Person C8F09A8A,,,,,job,,,false,,0
6081-D-7,6081,drains,Company 2F610CBC,2026-08-10 13:47:02.032532,8989.3185,13,completed,2026-08-14 00:00:00,2026-08-14 15:53:58.824526,2026-08-14 15:53:58.843294,Person A2D24D47,555-0120,,,,job,,,false,,0
6081-D-8,6081,drains,Company 2F610CBC,2026-08-18 14:44:53.81513,3537.195975,9,completed,2026-08-18 00:00:00,2026-08-18 17:02:31.683763,2026-08-18 17:02:31.706149,Person 66EF849D,555-0117,,,,job,,,false,,0
6081-D-9,6081,drains,Company 2F610CBC,2026-08-25 20:30:05.48095,1054.4802375,5,completed,2026-08-26 00:00:00,2026-08-26 14:08:40.674984,2026-08-26 14:08:40.690515,Person 4E789DCD,555-0109,,,,job,,,false,,0
6081-I-1,6081,irrigation,Company D35E67B5,2026-05-18 14:30:34.514594,7640.298675,25,completed,2026-05-18 00:00:00,2026-05-18 15:49:37.611271,2026-05-18 15:49:37.632053,Person 63C78BB9,555-0130,,,,job,,,false,,0
6081-I-10,6081,irrigation,Company 2F610CBC,2026-07-21 14:22:23.735491,3323.476125,10,completed,2026-07-21 00:00:00,2026-07-21 16:44:21.926771,2026-07-21 16:44:21.941993,Person 527C8A38,555-0168,,,,job,,,false,,0
6081-I-11,6081,irrigation,Company D35E67B5,2026-07-21 21:26:47.391443,3893.25,6,completed,2026-07-22 00:00:00,2026-07-23 16:00:37.818996,2026-07-23 16:00:37.832254,,,,,,yard,,,false,,0
6081-I-12,6081,irrigation,Company 2F610CBC,2026-07-22 17:02:11.514607,6734.126685,31,completed,2026-07-29 00:00:00,2026-07-29 18:31:58.831366,2026-07-29 18:31:58.85706,Person 527C8A38,555-0168,,,,job,,,false,,0
6081-I-13,6081,irrigation,Company D35E67B5,2026-07-29 14:55:08.552278,21.1932,1,completed,2026-07-29 00:00:00,2026-07-29 15:41:00.945044,2026-07-29 15:41:00.95771,Person 527C8A38,555-0168,,,,job,,,false,,0
6081-I-14,6081,irrigation,Company 2F610CBC,2026-08-13 15:42:37.33981,3288.2878875,14,completed,2026-08-13 00:00:00,2026-08-13 17:09:37.320146,2026-08-13 17:09:37.338396,Person 527C8A38,555-0168,,,,job,,,false,,0
6081-I-15,6081,irrigation,Company 2F610CBC,2026-08-13 15:57:45.843184,794.1012,6,deleted,2026-08-13 00:00:00,2026-08-13 16:01:38.776424,2026-08-13 16:25:00.388597,,,,,2026-08-13 16:25:00.381653,yard,,,false,,0
6081-I-16,6081,irrigation,Company 2F610CBC,2026-08-13 17:03:59.256704,2207.625,1,completed,2026-08-14 00:00:00,2026-08-14 15:59:44.439041,2026-08-14 15:59:44.450453,,,,,,job,,,false,,0
6081-I-17,6081,irrigation,Company 2F610CBC,2026-08-18 14:48:20.744055,405.287325,5,completed,2026-08-19 00:00:00,2026-08-18 17:04:18.648362,2026-08-18 17:04:18.663457,,,,,,job,,,false,,0
6081-I-18,6081,irrigation,,2026-08-18 16:39:29.760676,0,0,in_progress,2026-08-26 00:00:00,,2026-08-25 20:30:00.998653,Person 4E789DCD,555-0109,,,,job,,,false,,0
6081-I-19,6081,irrigation,,2026-09-09 21:38:12.418115,0,0,in_progress,,,2026-09-09 21:38:12.418574,,,,,,job,,,false,,0
6081-I-2,6081,irrigation,Company D35E67B5,2026-05-20 14:24:14.35094,9956.4105,15,completed,2026-05-20 00:00:00,2026-06-12 14:43:14.752029,2026-06-12 14:43:14.77641,,,,,,yard,,,false,,0
6081-I-3,6081,irrigation,Company D35E67B5,2026-05-20 15:34:25.984231,12052.033875,5,completed,2026-05-22 00:00:00,2026-05-26 17:13:09.571642,2026-05-26 17:13:09.587415,,,,,,yard,,,false,,0
6081-I-4,6081,irrigation,Company 2F610CBC,2026-05-22 16:16:57.424175,766.557,2,completed,2026-05-22 00:00:00,2026-05-22 18:01:59.927986,2026-05-22 18:01:59.939627,Person 63C78BB9,555-0130,,,,job,,,false,,0
6081-I-5,6081,irrigation,Company 2F610CBC,2026-06-01 17:34:22.080587,1576.4671875,10,completed,2026-06-01 00:00:00,2026-06-01 18:42:51.948432,2026-06-01 18:42:51.963648,,,,,,yard,,,false,,0
6081-I-6,6081,irrigation,Company 2F610CBC,2026-06-02 18:46:06.556514,3806.482725,30,completed,2026-06-15 00:00:00,2026-06-15 22:54:26.960503,2026-06-15 22:54:26.98522,,,,,,yard,,,false,,0
6081-I-7,6081,irrigation,Company 2F610CBC,2026-06-16 17:54:09.188272,915.329175,17,completed,2026-06-23 00:00:00,2026-06-24 15:45:50.362555,2026-06-24 15:45:50.381834,Person 63C78BB9,555-0130,,,,job,,,false,,0
6081-I-8,6081,irrigation,Company 2F610CBC,2026-06-25 13:46:01.650877,289.40985,1,completed,2026-06-29 00:00:00,2026-06-29 16:58:11.496956,2026-06-29 16:58:11.513686,,,,,,yard,,,false,,0
6081-I-9,6081,irrigation,Company D35E67B5,2026-07-09 15:23:27.713532,85.9125,1,completed,2026-07-14 00:00:00,2026-07-14 14:23:48.306609,2026-07-14 14:23:48.317646,Person 63C78BB9,,,,,will_call,,,false,,0
6081-L-1,6081,landscape,Company 6BFCB048,2026-05-12 18:04:12.537314,1956.4125,1,completed,2026-05-13 00:00:00,2026-05-12 18:07:53.968316,2026-05-12 18:07:53.982355,,,,,,yard,,,false,,0
6081-L-10,6081,landscape,Company 02A7AFB7,2026-06-12 16:01:13.758074,418.6875,1,completed,2026-06-17 00:00:00,2026-06-16 22:13:23.419221,2026-06-16 22:13:23.429458,Person FDEFD43F,,,,,will_call,,,false,,0
6081-L-11,6081,landscape,Company 93078B9A,2026-06-16 22:14:18.028531,1123.3875,3,completed,2026-06-22 00:00:00,2026-06-18 16:22:07.924735,2026-06-18 16:22:07.937478,Person FDEFD43F,555-0134,,,,job,,,false,,0
6081-L-12,6081,landscape,Company 09434731,2026-06-16 22:14:18.028531,1459.96875,4,completed,2026-06-22 00:00:00,2026-06-18 16:22:07.993044,2026-06-18 16:22:08.011265,Person FDEFD43F,555-0134,,,,job,,,false,,0
6081-L-13,6081,landscape,Company B548E4AD,2026-06-16 22:14:18.028531,4006.89375,5,completed,2026-06-22 00:00:00,2026-07-08 18:04:48.462065,2026-07-08 18:04:48.47915,Person FDEFD43F,555-0134,,,,job,,,false,,0
6081-L-14,6081,landscape,Company 7FC335AE,2026-06-16 22:14:18.028531,1359.375,1,deleted,2026-06-22 00:00:00,2026-06-18 16:22:08.176495,2026-06-18 20:51:34.583864,Person FDEFD43F,555-0134,,,2026-06-18 20:51:34.579478,job,,,false,,0
6081-L-15,6081,landscape,Company 85C03ADA,2026-06-16 22:14:18.028531,1791.710625,2,completed,2026-06-22 00:00:00,2026-06-18 21:01:11.638631,2026-06-18 21:01:11.651823,Person FDEFD43F,555-0134,,,,job,,,false,,0
6081-L-16,6081,landscape,Company B548E4AD,2026-06-18 16:24:48.108558,1731.571875,4,completed,2026-06-23 00:00:00,2026-06-19 17:34:29.915548,2026-06-19 17:34:29.932351,,,,,,job,,,false,,0
6081-L-17,6081,landscape,Company 85C03ADA,2026-06-18 16:24:48.108558,1298.80125,2,completed,2026-06-22 00:00:00,2026-06-18 16:28:21.212907,2026-06-18 16:28:21.225353,,,,,,job,,,false,,0
6081-L-18,6081,landscape,Company 93078B9A,2026-06-18 16:24:48.108558,217.5,1,completed,2026-06-22 00:00:00,2026-06-18 16:28:21.260863,2026-06-18 16:28:21.266207,,,,,,job,,,false,,0
6081-L-19,6081,landscape,Company 09434731,2026-06-18 16:24:48.108558,274.05,1,completed,2026-06-22 00:00:00,2026-06-18 16:28:21.29493,2026-06-18 16:28:21.302053,,,,,,job,,,false,,0
6081-L-2,6081,landscape,Company AEB37D61,2026-05-12 18:23:45.441015,2521.9125,1,completed,2026-05-13 00:00:00,2026-05-12 18:24:37.572407,2026-05-12 18:24:37.586451,,,,,,yard,,,false,,0
6081-L-20,6081,landscape,Company 2F610CBC,2026-06-19 14:52:44.413671,490.68,1,completed,2026-06-19 00:00:00,2026-06-19 14:57:09.922461,2026-06-19 14:57:09.932221,,,,,,yard,,,false,,0
6081-L-21,6081,landscape,Company D35E67B5,2026-06-19 14:52:44.413671,997.34625,3,completed,2026-06-19 00:00:00,2026-06-19 14:57:09.965163,2026-06-19 14:57:09.972214,,,,,,yard,,,false,,0
6081-L-22,6081,landscape,Company D35E67B5,2026-06-19 14:57:46.090487,1350.0225,2,completed,2026-06-19 00:00:00,2026-06-19 14:58:45.102578,2026-06-19 14:58:45.113547,Person 4E789DCD,,,,,yard,,,false,,0
6081-L-23,6081,landscape,Company 5661A390,2026-06-19 15:22:47.994068,175.0875,1,completed,2026-06-22 00:00:00,2026-06-19 15:23:47.850948,2026-06-19 15:23:47.860738,Person FDEFD43F,555-0134,,,,job,,,false,,0
6081-L-24,6081,landscape,Company 2F610CBC,2026-06-22 15:01:17.94344,468.7125,3,completed,2026-06-22 00:00:00,2026-06-22 15:02:38.084219,2026-06-22 15:02:38.102504,Person FDEFD43F,555-0134,,,,job,,,false,,0
6081-L-25,6081,landscape,Company 725B3DA8,2026-06-25 16:56:24.442469,565.5,1,completed,2026-06-29 00:00:00,2026-07-20 19:57:32.833962,2026-07-20 19:57:32.843633,Person 4E789DCD,,,,,will_call,,,false,,0
6081-L-26,6081,landscape,Company 724579F1,2026-06-30 15:08:55.129179,1160.234375,3,completed,2026-07-10 00:00:00,2026-07-07 22:18:13.174945,2026-07-07 22:18:13.211303,Person 4E789DCD,555-0176,,,,will_call,,,false,,0
6081-L-27,6081,landscape,Company B548E4AD,2026-07-08 17:09:50.339292,848.25,3,completed,2026-07-09 00:00:00,2026-07-08 18:04:10.377769,2026-07-08 18:04:10.388838,Person 4E789DCD,555-0176,,,,job,,,false,,0
6081-L-28,6081,landscape,Company 725B3DA8,2026-07-09 14:15:44.421563,282.75,1,completed,2026-07-09 00:00:00,2026-07-09 14:16:05.439147,2026-07-09 14:16:05.448439,,,,,,will_call,,,false,,0
6081-L-29,6081,landscape,Company 2F610CBC,2026-07-09 15:23:10.92077,55.77733125,1,completed,2026-07-09 00:00:00,2026-07-09 20:11:23.868182,2026-07-09 20:11:23.878328,Person 63C78BB9,555-0130,,,,job,,,false,,0
6081-L-3,6081,landscape,Company D165D0A9,2026-05-12 18:42:38.62075,8488.2875,4,completed,2026-06-03 00:00:00,2026-06-17 17:48:54.380218,2026-06-17 17:48:54.39226,Person FAB920E7,555-0128,,,,yard,,,false,,0
6081-L-30,6081,landscape,Company 2F610CBC,2026-07-13 15:00:17.016084,52.54745625,1,completed,2026-07-13 00:00:00,2026-07-13 15:44:28.112806,2026-07-13 15:44:28.123956,Person 66EF849D,555-0117,,,,job,,,false,,0
6081-L-31,6081,landscape,Company 2F610CBC,2026-07-20 17:25:45.323592,255.5625,1,completed,2026-07-24 00:00:00,2026-07-23 17:49:24.745014,2026-07-23 17:49:24.755229,Person 4E789DCD,,,,,yard,,,false,,0
6081-L-32,6081,landscape,Company 85C03ADA,2026-07-24 16:34:18.878294,1944.55875,3,completed,2026-07-27 00:00:00,2026-07-24 16:37:39.854632,2026-07-24 16:37:39.866733,Person FDEFD43F,555-0134,,,,job,,,false,,0
6081-L-33,6081,landscape,Company EB07253F,2026-07-28 16:29:21.672292,828.875,3,completed,2026-07-31 00:00:00,2026-07-30 13:59:22.614472,2026-07-30 13:59:22.629919,Person FDEFD43F,555-0134,,,,yard,,,false,,0
6081-L-34,6081,landscape,Company 520BDD44,2026-07-30 14:06:30.640677,1476.28125,6,completed,2026-08-20 00:00:00,2026-08-18 21:55:53.870722,2026-08-18 21:55:53.886525,Person FDEFD43F,555-0134,,,,job,,,false,,0
6081-L-35,6081,landscape,Company 79846416,2026-07-30 14:06:30.640677,939.6,1,completed,2026-08-20 00:00:00,2026-08-18 21:55:53.926046,2026-08-18 21:55:53.931239,Person FDEFD43F,555-0134,,,,job,,,false,,0
6081-L-36,6081,landscape,Company B548E4AD,2026-07-30 14:06:30.640677,741.675,1,completed,2026-08-20 00:00:00,2026-08-18 21:55:53.959216,2026-08-18 21:55:53.964663,Person FDEFD43F,555-0134,,,,job,,,false,,0
6081-L-37,6081,landscape,Company F6DB773A,2026-07-30 14:06:30.640677,1024.696875,6,completed,2026-08-20 00:00:00,2026-08-18 21:55:53.993078,2026-08-18 21:55:54.00092,Person FDEFD43F,555-0134,,,,job,,,false,,0
6081-L-38,6081,landscape,Company 85C03ADA,2026-07-30 14:06:30.640677,3968.83125,2,completed,2026-08-20 00:00:00,2026-08-18 21:55:54.041478,2026-08-18 21:55:54.049006,Person FDEFD43F,555-0134,,,,job,,,false,,0
6081-L-39,6081,landscape,Company B548E4AD,2026-08-20 17:08:28.145234,2310.9375,1,completed,2026-08-21 00:00:00,2026-08-20 17:09:34.214616,2026-08-20 17:09:34.223524,Person FDEFD43F,555-0134,,,,job,,,false,,0
6081-L-4,6081,landscape,Company 7CCA6E84,2026-05-12 21:04:22.231653,5066.6625,1,completed,2026-05-13 00:00:00,2026-05-12 21:08:28.925586,2026-05-12 21:08:28.938471,,,,,,yard,,,false,,0
6081-L-40,6081,landscape,Company 79846416,2026-08-26 14:39:31.715386,1946.625,4,completed,2026-09-02 00:00:00,2026-08-27 21:36:59.986471,2026-08-27 21:36:59.999114,,,,,,job,,,false,,0
6081-L-41,6081,landscape,Company B548E4AD,2026-08-26 14:39:31.715386,3986.775,5,completed,2026-09-02 00:00:00,2026-08-27 21:37:00.042649,2026-08-27 21:37:00.050422,,,,,,job,,,false,,0
6081-L-42,6081,landscape,Company 85C03ADA,2026-08-26 14:39:31.715386,1186.408125,2,completed,2026-09-02 00:00:00,2026-08-27 21:37:00.087566,2026-08-27 21:37:00.094352,,,,,,job,,,false,,0
6081-L-43,6081,landscape,Company 09434731,2026-08-26 14:39:31.715386,1169.60625,4,completed,2026-09-02 00:00:00,2026-08-27 21:37:00.125083,2026-08-27 21:37:00.133134,,,,,,job,,,false,,0
6081-L-44,6081,landscape,Company 520BDD44,2026-08-26 14:39:31.715386,3278.8125,2,completed,2026-09-02 00:00:00,2026-08-27 21:37:00.168146,2026-08-27 21:37:00.175213,,,,,,job,,,false,,0
6081-L-45,6081,landscape,Company B47AEED3,2026-08-26 14:39:31.715386,163.125,1,completed,2026-09-02 00:00:00,2026-08-27 22:17:32.572483,2026-08-27 22:17:32.584521,,,,,,will_call,,,false,,0
6081-L-46,6081,landscape,Company 99AC62BC,2026-09-02 15:18:14.222211,1070.1,4,completed,2026-09-04 00:00:00,2026-09-02 18:46:36.376575,2026-09-02 18:46:36.391885,Person FDEFD43F,555-0134,,,,job,,,false,,0
6081-L-47,6081,landscape,Company B548E4AD,2026-09-02 15:18:14.222211,911.325,2,completed,2026-09-04 00:00:00,2026-09-02 19:51:58.43086,2026-09-02 19:51:58.443129,Person FDEFD43F,555-0134,,,,job,,,false,,0
6081-L-48,6081,landscape,Company 5513C1E9,2026-09-02 15:18:14.222211,1636.6875,3,completed,2026-09-04 00:00:00,2026-09-02 18:46:36.473335,2026-09-02 18:46:36.479024,Person FDEFD43F,555-0134,,,,job,,,false,,0
6081-L-49,6081,landscape,Company 93078B9A,2026-09-02 19:52:26.195809,1644.3,1,completed,2026-09-04 00:00:00,2026-09-02 19:53:40.310869,2026-09-02 19:53:40.322539,Person FDEFD43F,555-0134,,,,job,,,false,,0
6081-L-5,6081,landscape,Company 5461CF0C,2026-05-12 21:10:47.935614,2935.1625,1,completed,2026-05-13 00:00:00,2026-05-12 21:11:59.13694,2026-05-12 21:11:59.148816,,,,,,yard,,,false,,0
6081-L-50,6081,landscape,,2026-09-09 19:38:55.969605,0,0,in_progress,,,2026-09-09 19:38:55.97008,,,,,,job,,,false,,0
6081-L-6,6081,landscape,Company C2E3692D,2026-05-13 19:00:39.874208,3671.3125,6,completed,2026-05-28 00:00:00,2026-05-13 19:02:50.963418,2026-05-13 19:02:50.978656,Person 847C86C2,,,,,yard,,,false,,0
6081-L-7,6081,landscape,Company 09E2AA3A,2026-05-21 16:11:18.576404,507.8625,1,completed,2026-05-29 00:00:00,2026-05-22 14:15:56.833627,2026-05-22 14:15:56.85272,Person FAB920E7,555-0128,,,,yard,,,false,,0
6081-L-8,6081,landscape,Company 02A7AFB7,2026-05-22 16:22:56.996389,2240.25,5,completed,2026-06-09 00:00:00,2026-06-05 14:59:02.79424,2026-06-05 14:59:02.805819,Person 9044842F,555-0176,,,,job,,,false,,0
6081-L-9,6081,landscape,Company 85C03ADA,2026-05-22 16:22:56.996389,1761.75,1,completed,2026-06-11 00:00:00,2026-06-09 17:33:33.865945,2026-06-09 17:33:33.875953,Person 9044842F,555-0176,,,,job,,,false,,0
6081-S-1,6081,subcontract,,2026-09-09 19:38:51.288527,0,0,in_progress,,,2026-09-09 19:38:51.289002,,,,,,job,,,false,,0
6082-D-1,6082,drains,Company 2F610CBC,2026-06-03 20:29:18.380973,2667.44175,11,completed,2026-06-15 00:00:00,2026-06-15 22:00:34.603171,2026-06-15 22:00:34.621452,Person 4F4FB59B,555-0129,,,,job,,,false,,0
6082-D-2,6082,drains,Company 2F610CBC,2026-06-16 15:26:02.280039,202.2315,1,completed,2026-06-16 00:00:00,2026-06-16 15:47:25.204243,2026-06-16 15:47:25.214996,Person 4E789DCD,555-0109,,,,job,,,false,,0
6082-D-3,6082,drains,Company 2F610CBC,2026-07-02 16:01:18.885712,684.9945,2,completed,2026-07-02 00:00:00,2026-07-02 17:44:18.187258,2026-07-02 17:44:18.1993,Person 66EF849D,555-0117,,,,job,,,false,,0
6082-D-4,6082,drains,Company 2F610CBC,2026-07-08 16:26:51.974149,5566.6395375,13,completed,2026-07-10 00:00:00,2026-07-08 16:58:24.930184,2026-07-08 16:58:24.946328,Person 4E789DCD,555-0109,,,,job,,,false,,0
6082-D-5,6082,drains,Company 2F610CBC,2026-08-04 15:30:09.709671,4103.800875,13,completed,2026-08-10 00:00:00,2026-08-04 16:13:04.348697,2026-08-04 16:13:04.364579,Person A2D24D47,555-0120,,,,job,,,false,,0
6082-D-6,6082,drains,Company 2F610CBC,2026-08-20 18:25:59.702143,4871.340975,12,completed,2026-08-25 00:00:00,2026-08-21 15:49:57.245759,2026-08-21 15:49:57.26289,Person 4E789DCD,555-0109,,,,job,,,false,,0
6082-D-7,6082,drains,Company D35E67B5,2026-08-27 21:02:31.088975,387.3675,1,completed,2026-08-28 00:00:00,2026-08-27 21:36:21.80824,2026-08-27 21:36:21.819737,Person 4E789DCD,555-0109,,,,will_call,,,false,,0
6082-D-8,6082,drains,Company 2F610CBC,2026-09-04 14:52:32.827324,4386.6009,10,completed,2026-09-08 00:00:00,2026-09-08 14:44:03.826506,2026-09-08 14:44:03.842084,Person A2D24D47,555-0120,,,,job,,,false,,0
6082-I-1,6082,irrigation,Company 2F610CBC,2026-05-22 18:06:36.737595,8083.789875,13,completed,2026-05-22 00:00:00,2026-06-12 14:43:46.225167,2026-06-12 14:43:46.244478,,,,,,yard,,,false,,0
6082-I-10,6082,irrigation,Company 2F610CBC,2026-07-17 14:17:56.132453,1162.700625,7,completed,2026-07-17 00:00:00,2026-07-17 15:22:33.823281,2026-07-17 15:22:33.84985,Person 63C78BB9,555-0130,,,,job,,,false,,0
6082-I-11,6082,irrigation,Company 2F610CBC,2026-07-23 18:51:36.059621,12.821625,1,completed,2026-07-23 00:00:00,2026-07-27 17:41:35.463665,2026-07-27 17:41:35.474049,,,,,,yard,,,false,,0
6082-I-12,6082,irrigation,Company D35E67B5,2026-07-27 15:48:43.322525,199.980375,3,completed,2026-07-27 00:00:00,2026-07-27 15:52:49.715399,2026-07-27 15:52:49.726615,Person 63C78BB9,,,,,will_call,,,false,,0
6082-I-13,6082,irrigation,Company 2F610CBC,2026-07-30 15:51:29.223347,2185.363875,2,completed,2026-07-31 00:00:00,2026-07-30 18:14:12.41839,2026-07-30 18:14:12.431228,,,,,,yard,,,false,,0
6082-I-14,6082,irrigation,Company D35E67B5,2026-07-31 17:18:11.380458,533.638425,2,completed,2026-07-31 00:00:00,2026-07-31 17:25:09.380399,2026-07-31 17:25:09.393988,,,,,,yard,,,false,,0
6082-I-15,6082,irrigation,Company 2F610CBC,2026-08-05 16:00:51.611456,3791.349075,14,completed,2026-08-05 00:00:00,2026-08-05 18:22:29.830099,2026-08-05 18:22:29.848495,Person 527C8A38,555-0168,,,,job,,,false,,0
6082-I-16,6082,irrigation,Company 2F610CBC,2026-08-14 14:58:09.405314,2207.625,1,completed,2026-08-14 00:00:00,2026-08-14 16:01:36.726634,2026-08-14 16:01:36.739514,,,,,,yard,,,false,,0
6082-I-17,6082,irrigation,Company 2F610CBC,2026-08-14 16:00:58.905271,1249.32,2,completed,2026-08-17 00:00:00,2026-08-17 14:41:27.889105,2026-08-17 14:41:27.903302,Person C6FE02A5,555-0153,,,,job,,,false,,0
6082-I-18,6082,irrigation,Company 2F610CBC,2026-08-20 21:06:08.346647,5385.32175,29,completed,2026-08-27 00:00:00,2026-08-27 21:44:15.007934,2026-08-27 21:44:15.034246,Person 527C8A38,555-0168,,,,job,,,false,,0
6082-I-19,6082,irrigation,Company 2F610CBC,2026-09-03 14:16:30.041319,1496.08245,6,completed,2026-09-03 00:00:00,2026-09-03 16:13:53.778364,2026-09-03 16:13:53.790171,Person 63C78BB9,555-0130,,,,job,,,false,,0
6082-I-2,6082,irrigation,Company D35E67B5,2026-05-22 18:06:36.737595,704.797875,2,completed,2026-05-22 00:00:00,2026-05-22 19:12:10.905891,2026-05-22 19:12:10.919979,,,,,,yard,,,false,,0
6082-I-3,6082,irrigation,Company D35E67B5,2026-05-22 21:23:04.328497,12052.033875,5,completed,2026-05-23 00:00:00,2026-05-26 17:14:01.508551,2026-05-26 17:14:01.522046,,,,,,yard,,,false,,0
6082-I-4,6082,irrigation,Company 2F610CBC,2026-05-26 15:19:37.0436,7164.689173875,20,completed,2026-06-17 00:00:00,2026-06-16 17:06:52.668837,2026-06-16 17:06:52.689797,Person 63C78BB9,555-0130,,,,job,,,false,,0
6082-I-5,6082,irrigation,Company 2F610CBC,2026-06-17 15:50:08.171638,264.89325,3,completed,2026-06-17 00:00:00,2026-06-17 18:19:43.57649,2026-06-17 18:19:43.588637,Person 63C78BB9,555-0130,,,,job,,,false,,0
6082-I-6,6082,irrigation,Company 2F610CBC,2026-06-25 13:46:25.543042,134.643375,1,completed,2026-06-26 00:00:00,2026-06-29 14:08:03.836367,2026-06-29 14:08:03.849381,,,,,,yard,,,false,,0
6082-I-7,6082,irrigation,Company 2F610CBC,2026-06-29 15:14:48.165736,4350.68382,37,completed,2026-06-29 00:00:00,2026-06-30 21:45:56.132121,2026-06-30 21:45:56.158758,,,,,,yard,,,false,,0
6082-I-8,6082,irrigation,Company 2F610CBC,2026-06-29 15:55:53.764285,103.23855,3,completed,2026-07-08 00:00:00,2026-07-08 16:08:59.636451,2026-07-08 16:08:59.649479,,,,,,yard,,,false,,0
6082-I-9,6082,irrigation,Company 2F610CBC,2026-07-13 17:31:53.110197,1294.44396375,8,completed,2026-07-13 00:00:00,2026-07-13 18:26:19.06545,2026-07-13 18:26:19.081871,,,,,,yard,,,false,,0
6082-L-1,6082,landscape,Company 6BFCB048,2026-05-12 18:08:20.319392,1956.4125,1,completed,2026-05-13 00:00:00,2026-05-12 18:22:40.200497,2026-05-12 18:22:40.214797,,,,,,job,,,false,,0
6082-L-10,6082,landscape,Company B1347A9D,2026-07-01 14:12:01.52906,1423.32,4,completed,2026-07-07 00:00:00,2026-07-01 14:22:22.098322,2026-07-01 14:22:22.110454,Person FDEFD43F,555-0134,,,,job,,,false,,0
6082-L-11,6082,landscape,Company 09434731,2026-07-01 14:12:01.52906,217.5,1,completed,2026-07-07 00:00:00,2026-07-01 14:22:22.147663,2026-07-01 14:22:22.153279,Person FDEFD43F,555-0134,,,,will_call,,,false,,0
6082-L-12,6082,landscape,Company 93078B9A,2026-07-01 14:12:01.52906,796.05,4,completed,2026-07-07 00:00:00,2026-07-01 14:22:22.18331,2026-07-01 14:22:22.190477,Person FDEFD43F,555-0134,,,,job,,,false,,0
6082-L-13,6082,landscape,Company 99AC62BC,2026-07-01 14:12:01.52906,1188.6375,3,completed,2026-07-07 00:00:00,2026-07-01 14:22:22.225347,2026-07-01 14:22:22.232363,Person FDEFD43F,555-0134,,,,job,,,false,,0
6082-L-14,6082,landscape,Company 85C03ADA,2026-07-01 14:12:01.52906,2311.69875,4,completed,2026-07-07 00:00:00,2026-07-01 14:22:22.265817,2026-07-01 14:22:22.273274,Person FDEFD43F,555-0134,,,,job,,,false,,0
6082-L-15,6082,landscape,Company DE14B8EC,2026-07-02 18:07:50.419085,408.410625,1,completed,2026-07-07 00:00:00,2026-07-02 18:14:38.363529,2026-07-02 18:14:38.374262,,,,,,will_call,,,false,,0
6082-L-16,6082,landscape,Company 724579F1,2026-07-07 14:08:01.54011,1114.2875,3,completed,2026-07-10 00:00:00,2026-07-08 14:51:19.533694,2026-07-08 14:51:19.545905,Person 4E789DCD,555-0176,,,,job,,,false,,0
6082-L-17,6082,landscape,Company B1347A9D,2026-07-10 17:11:59.792595,95.7,1,completed,2026-07-13 00:00:00,2026-07-10 17:13:01.729778,2026-07-10 17:13:01.740398,Person FDEFD43F,,,,,will_call,,,false,,0
6082-L-18,6082,landscape,Company 520BDD44,2026-07-14 16:20:14.509258,435,1,completed,2026-07-15 00:00:00,2026-07-14 16:21:04.449764,2026-07-14 16:21:04.459795,Person 4E789DCD,555-0176,,,,job,,,false,,0
6082-L-19,6082,landscape,Company B47AEED3,2026-08-07 17:44:12.351165,80.475,2,completed,2026-08-10 00:00:00,2026-08-07 17:46:49.727723,2026-08-07 17:46:49.740409,Person FDEFD43F,,,,,will_call,,,false,,0
6082-L-2,6082,landscape,Company 7CCA6E84,2026-05-12 21:09:16.40634,5066.6625,1,completed,2026-05-13 00:00:00,2026-05-12 21:09:41.052455,2026-05-12 21:09:41.062996,,,,,,yard,,,false,,0
6082-L-3,6082,landscape,Company C506B9F3,2026-05-12 22:07:09.926301,1928.075,2,completed,2026-05-13 00:00:00,2026-05-12 22:08:41.514698,2026-05-12 22:08:41.532044,,,,,,yard,,,false,,0
6082-L-4,6082,landscape,Company 75559E9A,2026-05-12 22:15:24.877351,271.875,1,completed,2026-05-13 00:00:00,2026-05-12 22:16:04.85924,2026-05-12 22:16:04.870625,,,,,,yard,,,false,,0
6082-L-5,6082,landscape,Company 09E2AA3A,2026-05-20 22:36:04.573363,507.8625,1,completed,2026-05-29 00:00:00,2026-05-22 14:17:32.635841,2026-05-22 14:17:32.648585,Person FAB920E7,555-0128,,,,yard,,,false,,0
6082-L-6,6082,landscape,Company D35E67B5,2026-06-19 14:59:10.876654,684.62475,3,completed,2026-06-19 00:00:00,2026-06-19 15:01:30.528281,2026-06-19 15:01:30.540495,Person FDEFD43F,,,,,yard,,,false,,0
6082-L-7,6082,landscape,Company D35E67B5,2026-06-19 15:02:01.196711,811.0575,2,completed,2026-06-19 00:00:00,2026-06-19 15:03:11.661033,2026-06-19 15:03:11.672151,Person FDEFD43F,,,,,yard,,,false,,0
6082-L-8,6082,landscape,Company 5661A390,2026-06-19 15:25:13.822294,125.0625,1,completed,2026-06-22 00:00:00,2026-06-19 15:26:18.165368,2026-06-19 15:26:18.180322,Person FDEFD43F,555-0134,,,,job,,,false,,0
6082-L-9,6082,landscape,Company 5513C1E9,2026-06-26 14:51:01.096955,1261.5,2,completed,2026-07-01 00:00:00,2026-06-29 18:04:31.441882,2026-06-29 18:04:31.455021,Person FDEFD43F,555-0122,,,,job,,,false,,0
6082-S-1,6082,subcontract,,2026-09-09 19:38:18.099926,0,0,in_progress,,,2026-09-09 19:38:18.100389,,,,,,job,,,false,,0
6083-D-1,6083,drains,Company D35E67B5,2026-07-10 22:03:31.257586,15604.7985,3,completed,2026-07-28 00:00:00,2026-07-31 17:43:42.887858,2026-07-31 17:43:42.900265,,,,,,yard,,,false,,0
6083-D-2,6083,drains,Company 48D172C3,2026-07-28 13:33:37.905524,1909.5,2,completed,2026-07-31 00:00:00,2026-07-31 16:24:27.236058,2026-07-31 16:24:27.246447,Person 9044842F,,,,,yard,,,false,,0
6083-D-3,6083,drains,,2026-07-30 20:45:58.519206,0,0,in_progress,2026-08-13 00:00:00,,2026-08-12 18:15:14.696581,,,,,,job,,,false,,0
6083-I-1,6083,irrigation,,2026-07-24 21:42:08.541315,0,0,in_progress,2026-08-13 00:00:00,,2026-08-12 18:27:29.111801,,,,,,job,,,false,,0
6083-L-1,6083,landscape,,2026-07-10 22:03:12.026433,0,0,in_progress,,,2026-07-10 22:03:12.026987,,,,,,job,,,false,,0
6084-D-1,6084,drains,,2026-05-26 20:39:10.822963,0,0,in_progress,,,2026-05-26 20:39:10.82373,,,,,,job,,,false,,0
6084-I-1,6084,irrigation,Company B67C86DB,2026-05-26 14:59:39.085957,425,2,completed,2026-05-27 00:00:00,2026-06-08 22:31:38.736735,2026-06-08 22:31:38.748785,Person 8DF297EB,555-0173,,,,job,,,false,,0
6084-I-10,6084,irrigation,Company C82B1E5C,2026-08-07 18:33:39.371258,1562.55817125,4,completed,2026-08-22 00:00:00,2026-08-21 17:04:00.685748,2026-08-21 17:04:00.696922,Person AAF3F08B,,,,,will_call,,,false,,0
6084-I-11,6084,irrigation,Company C82B1E5C,2026-08-27 14:11:53.053589,5837.3543925,24,completed,2026-08-28 00:00:00,2026-08-27 20:15:57.239935,2026-08-27 20:15:57.26676,Person 7233BAFA,555-0151,,,,job,,,false,,0
6084-I-12,6084,irrigation,,2026-08-27 21:14:13.276677,0,0,in_progress,,,2026-08-27 21:14:13.277517,,,,,,job,,,false,,0
6084-I-2,6084,irrigation,Company C82B1E5C,2026-05-26 17:20:12.81204,3266.4887325,10,completed,2026-06-08 00:00:00,2026-06-11 21:46:15.297958,2026-06-11 21:46:15.313007,Person 7233BAFA,555-0151,,,,job,,,false,,0
6084-I-3,6084,irrigation,Company C82B1E5C,2026-06-04 22:56:55.718581,9856.8257325,23,completed,2026-06-10 00:00:00,2026-06-11 21:47:14.593474,2026-06-11 21:47:14.616434,,,,,,job,,,false,,0
6084-I-4,6084,irrigation,Company C82B1E5C,2026-06-09 23:48:38.546672,4046.1735975,4,completed,2026-06-19 00:00:00,2026-06-22 22:08:34.950413,2026-06-22 22:08:34.963705,Person 7233BAFA,555-0151,,,,job,,,false,,0
6084-I-5,6084,irrigation,Company 2F610CBC,2026-06-09 23:48:38.546672,24377.537025,9,completed,2026-06-19 00:00:00,2026-06-30 22:32:48.596928,2026-06-30 22:32:48.615558,Person 7233BAFA,555-0151,,,,job,,,false,,0
6084-I-6,6084,irrigation,Company C82B1E5C,2026-06-19 21:03:07.304769,9817.10420775,38,completed,2026-06-25 00:00:00,2026-06-26 20:29:01.232819,2026-06-26 20:29:01.262222,Person 7233BAFA,555-0146,,,,job,,,false,,0
6084-I-7,6084,irrigation,Company C82B1E5C,2026-07-01 16:48:46.645764,32187.13345875,20,completed,2026-07-02 00:00:00,2026-07-08 18:07:21.727901,2026-07-08 18:07:21.748193,Person 7233BAFA,555-0151,,,,job,,,false,,0
6084-I-8,6084,irrigation,Company C82B1E5C,2026-07-02 13:53:24.107419,1338.0687,8,completed,2026-07-14 00:00:00,2026-07-17 17:58:09.70393,2026-07-17 17:58:09.719169,Person 7233BAFA,555-0151,,,,job,,,false,,0
6084-I-9,6084,irrigation,Company C82B1E5C,2026-07-14 22:09:04.86059,1450.8866025,7,completed,2026-08-06 00:00:00,2026-08-07 18:37:09.290458,2026-08-07 18:37:09.310577,Person 7233BAFA,555-0151,,,,job,,,false,,0
6084-L-1,6084,landscape,Company 85C03ADA,2026-05-28 16:23:35.836863,2202.1875,1,completed,2026-07-14 00:00:00,2026-07-07 15:13:53.789271,2026-07-07 15:13:53.803881,Person DD142326,555-0173,,,,job,,,false,,0
6084-L-10,6084,landscape,Company EB810C42,2026-08-05 16:07:15.576806,1521.375,3,completed,2026-08-06 00:00:00,2026-08-05 20:57:00.201393,2026-08-05 20:57:00.217159,Person DD142326,555-0173,,,,job,,,false,,0
6084-L-11,6084,landscape,Company B47AEED3,2026-08-05 20:55:28.580367,13060.875,2,completed,2026-08-12 00:00:00,2026-08-11 13:37:57.188173,2026-08-11 13:37:57.199615,Person D3A77D9D,,,,,job,,,false,,0
6084-L-12,6084,landscape,Company 99AC62BC,2026-08-10 20:51:23.021621,783,1,completed,2026-08-12 00:00:00,2026-08-10 20:52:31.439516,2026-08-10 20:52:31.450591,Person DD142326,555-0173,,,,job,,,false,,0
6084-L-13,6084,landscape,Company 99AC62BC,2026-08-10 20:52:37.00416,7221,1,completed,2026-08-19 00:00:00,2026-08-17 19:21:31.230395,2026-08-17 19:21:31.244423,Person DD142326,555-0173,,,,job,,,false,,0
6084-L-14,6084,landscape,Company C82B1E5C,2026-08-11 19:00:26.42681,258.12432375,3,completed,2026-08-22 00:00:00,2026-08-21 18:15:37.514741,2026-08-21 18:15:37.527457,,,,,,job,,,false,,0
6084-L-15,6084,landscape,Company A81F24D3,2026-08-28 17:37:37.885631,28219.59,3,completed,2026-09-15 00:00:00,2026-08-28 17:55:45.91233,2026-08-28 17:55:45.925915,Person DD142326,555-0173,,,,job,,,false,,0
6084-L-2,6084,landscape,Company 2C7782AA,2026-06-30 17:42:53.196835,8315.4375,3,completed,2026-07-14 00:00:00,2026-07-10 14:58:10.810646,2026-07-10 14:58:10.823322,Person DD142326,555-0173,,,,job,,,false,,0
6084-L-3,6084,landscape,Company B47AEED3,2026-06-30 17:44:18.142267,250,2,completed,2026-07-14 00:00:00,2026-07-10 14:56:15.427517,2026-07-10 14:56:15.439317,Person DD142326,555-0173,,,,job,,,false,,0
6084-L-4,6084,landscape,Company 2F610CBC,2026-07-07 13:57:30.342925,948.58275,6,completed,2026-07-09 00:00:00,2026-07-07 17:32:30.815967,2026-07-07 17:32:30.831753,Person DD142326,555-0173,,,,job,,,false,,0
6084-L-5,6084,landscape,Company A81F24D3,2026-07-07 13:57:30.342925,1957.5,1,completed,2026-07-09 00:00:00,2026-07-08 21:15:30.610011,2026-07-08 21:15:30.621729,Person DD142326,555-0173,,,,job,,,false,,0
6084-L-6,6084,landscape,Company EB07253F,2026-07-09 15:39:21.76271,2446.875,1,deleted,2026-07-14 00:00:00,2026-07-10 15:05:42.297262,2026-07-14 21:28:51.990358,Person DD142326,555-0173,,,2026-07-14 21:28:51.986021,job,,,false,,0
6084-L-7,6084,landscape,Company 46E8FFF5,2026-07-13 20:41:47.571788,3034.125,1,completed,2026-07-17 00:00:00,2026-07-14 21:34:02.107854,2026-07-14 21:34:02.137591,Person DD142326,555-0173,,,,job,,,false,,0
6084-L-8,6084,landscape,Company F66D8559,2026-07-17 16:10:20.095149,3947.625,1,completed,2026-07-20 00:00:00,2026-07-17 17:04:19.436013,2026-07-17 17:04:19.449317,Person DD142326,555-0173,,,,job,,,false,,0
6084-L-9,6084,landscape,Company C82B1E5C,2026-07-24 14:52:56.307648,56.369475,1,completed,2026-08-06 00:00:00,2026-08-07 18:40:15.61287,2026-08-07 18:40:15.624126,,,,,,job,,,false,,0
6084-S-1,6084,subcontract,,2026-05-22 22:30:34.704792,0,0,in_progress,,,2026-05-22 22:30:34.705423,,,,,,job,,,false,,0
6085-I-1,6085,irrigation,,2026-08-13 20:05:52.668226,0,0,in_progress,,,2026-08-13 20:05:52.668884,,,,,,job,,,false,,0
6085-L-1,6085,landscape,Company 5513C1E9,2026-08-13 20:01:30.550962,8433.5625,1,completed,2026-08-20 00:00:00,2026-08-18 22:00:35.507593,2026-08-18 22:00:35.518813,Person DD142326,555-0173,,,,job,,,false,,0
6085-L-2,6085,landscape,Company 93078B9A,2026-08-21 16:55:23.92121,2446.875,1,completed,2026-08-26 00:00:00,2026-08-24 20:31:57.101087,2026-08-24 20:31:57.111096,Person DD142326,555-0173,,,,job,,,false,,0
6085-L-3,6085,landscape,Company 99AC62BC,2026-08-25 16:42:19.695051,1609.5,1,deleted,2026-08-26 00:00:00,2026-08-25 16:43:09.09782,2026-08-25 17:30:58.094115,Person DD142326,555-0173,,,2026-08-25 17:30:58.085882,job,,,false,,0
6085-L-4,6085,landscape,Company DC9A38AE,2026-08-25 17:30:59.495446,1609.5,1,completed,2026-08-26 00:00:00,2026-08-25 17:31:20.16624,2026-08-25 17:31:20.177377,Person DD142326,555-0173,,,,job,,,false,,0
6085-L-5,6085,landscape,,2026-09-03 16:27:33.229931,0,0,in_progress,,,2026-09-03 16:27:33.23039,,,,,,job,,,false,,0
6086-D-1,6086,drains,,2026-06-01 15:55:24.537516,0,0,in_progress,2026-07-10 00:00:00,,2026-07-10 14:49:17.642332,Person 63C78BB9,555-0130,,,,job,,,false,,0
6086-I-1,6086,irrigation,Company 2F610CBC,2026-06-01 15:55:28.198076,20885.4375,1,completed,2026-06-17 00:00:00,2026-06-17 19:31:55.394362,2026-06-17 19:31:55.406808,,,,,,yard,,,false,,0
6086-I-2,6086,irrigation,Company 2F610CBC,2026-06-16 18:13:25.180245,11589.879,15,completed,2026-06-18 00:00:00,2026-07-24 16:04:54.075283,2026-07-24 16:04:54.097646,Person 63C78BB9,555-0130,,,,yard,,,false,,0
6086-I-3,6086,irrigation,Company 2F610CBC,2026-06-18 18:38:51.897276,5260.12875,22,completed,2026-07-27 00:00:00,2026-07-24 18:51:27.99015,2026-07-24 18:51:28.01608,Person 63C78BB9,555-0130,,,,job,,,false,,0
6086-I-4,6086,irrigation,Company 2F610CBC,2026-07-24 18:08:26.133594,97.99245,1,completed,2026-07-31 00:00:00,2026-07-31 18:25:13.194507,2026-07-31 18:25:13.204248,,,,,,yard,,,false,,0
6086-I-5,6086,irrigation,Company 2F610CBC,2026-08-05 17:58:14.867182,3167.03925,5,completed,2026-08-11 00:00:00,2026-08-11 14:11:55.654393,2026-08-11 14:11:55.669829,Person 63C78BB9,555-0130,,,,job,,,false,,0
6086-I-6,6086,irrigation,Company 2F610CBC,2026-08-11 14:12:10.534401,450.214125,10,completed,2026-08-13 00:00:00,2026-08-12 15:50:58.011861,2026-08-12 15:50:58.044923,Person 01B226B8,555-0173,,,,job,,,false,,0
6086-I-7,6086,irrigation,Company 2F610CBC,2026-08-14 21:41:09.448949,19356.0220875,14,completed,2026-08-17 00:00:00,2026-08-17 17:31:24.790595,2026-08-17 17:31:24.80936,Person C6FE02A5,,,,,yard,,,false,,0
6086-I-8,6086,irrigation,Company 2F610CBC,2026-08-17 22:20:11.091262,8835.085,2,completed,2026-08-22 00:00:00,2026-08-24 14:05:08.571783,2026-08-24 14:05:08.588909,,,,,,yard,,,false,,0
6086-I-9,6086,irrigation,,2026-08-26 13:09:51.721662,0,0,in_progress,,,2026-08-26 13:09:51.722282,,,,,,job,,,false,,0
6086-L-1,6086,landscape,Company CEF0E872,2026-06-02 18:16:14.113889,0,5,completed,2026-08-06 00:00:00,2026-07-28 14:52:05.113092,2026-07-28 14:52:05.121976,Person 4E789DCD,555-0176,,,,job,,,false,,0
6086-L-2,6086,landscape,Company 2F610CBC,2026-07-29 02:23:35.676483,735.7666125,4,completed,2026-08-06 00:00:00,2026-08-05 20:02:59.163284,2026-08-05 20:02:59.180961,Person 0E8B09AE,555-0185,,,,job,,,false,,0
6086-L-3,6086,landscape,Company 2F610CBC,2026-08-10 14:41:21.771432,281.2275,3,completed,2026-08-10 00:00:00,2026-08-10 14:49:40.702054,2026-08-10 14:49:40.715858,Person 33B0216B,555-0107,,,,job,,,false,,0
6086-L-4,6086,landscape,,2026-08-13 20:05:32.5334,0,0,in_progress,,,2026-08-13 20:05:32.534087,,,,,,job,,,false,,0
6087-D-1,6087,drains,,2026-05-26 17:21:01.764874,0,0,in_progress,2026-08-29 00:00:00,,2026-08-28 14:28:02.418936,,,,,,job,,,false,,0
6087-I-1,6087,irrigation,Company 2F610CBC,2026-05-29 21:14:17.569842,19979.9012625,2,completed,2026-05-30 00:00:00,2026-06-01 20:28:08.989404,2026-06-01 20:28:09.005131,,,,,,yard,,,false,,0
6087-I-2,6087,irrigation,,2026-06-02 19:00:36.349423,0,0,in_progress,2026-08-29 00:00:00,,2026-08-28 18:43:41.254616,,,,,,job,,,false,,0
6087-L-1,6087,landscape,,2026-05-26 13:49:00.722577,0,0,in_progress,,,2026-05-26 13:49:00.723225,,,,,,job,,,false,,0
6087-S-1,6087,subcontract,Company F576A53C,2026-06-10 16:46:57.139325,307390,1,completed,2026-06-11 00:00:00,2026-06-10 17:33:11.526461,2026-06-10 17:33:11.543375,,,,,,job,,,false,,0
6088-D-1,6088,drains,Company D35E67B5,2026-06-15 20:42:16.794664,19435.58694675,21,completed,2026-06-23 00:00:00,2026-06-22 16:58:12.544678,2026-06-22 16:58:12.565913,Person A2D24D47,555-0120,,,,job,,,false,,0
6088-D-2,6088,drains,Company D35E67B5,2026-06-19 22:11:59.4946,5174.058025,8,completed,2026-06-23 00:00:00,2026-06-22 20:41:38.869136,2026-06-22 20:41:38.885246,Person A2D24D47,555-0120,,,,job,,,false,,0
6088-D-3,6088,drains,Company D35E67B5,2026-06-22 20:13:27.76035,1906.2268,2,completed,2026-06-26 00:00:00,2026-06-25 16:21:24.254372,2026-06-25 16:21:24.267124,,,,,,job,,,false,,0
6088-D-4,6088,drains,Company D8508194,2026-06-25 20:51:16.286864,791.42375,1,completed,2026-06-26 00:00:00,2026-07-01 22:46:02.784348,2026-07-01 22:46:02.795197,Person 4E789DCD,555-0176,,,,will_call,,,false,,0
6088-D-5,6088,drains,Company 5661A390,2026-06-29 20:12:50.978074,808.125,1,completed,2026-07-01 00:00:00,2026-06-29 20:18:57.701837,2026-06-29 20:18:57.713233,Person 4E789DCD,,,,,job,,,false,,0
6088-D-6,6088,drains,Company D35E67B5,2026-06-30 15:02:59.94136,634.15185,1,completed,2026-07-01 00:00:00,2026-06-30 16:09:02.093471,2026-06-30 16:09:02.10627,,,,,,yard,,,false,,0
6088-D-7,6088,drains,Company 5661A390,2026-07-01 23:15:13.186,808.125,1,completed,2026-07-06 00:00:00,2026-07-02 20:24:49.900732,2026-07-02 20:24:49.909771,Person 4F4FB59B,555-0129,,,,job,,,false,,0
6088-D-8,6088,drains,Company D35E67B5,2026-07-07 18:08:34.797,144.06175,1,completed,2026-09-01 00:00:00,2026-09-01 21:47:08.84434,2026-09-01 21:47:08.854662,,,,,,will_call,,,false,,0
6088-I-1,6088,irrigation,,2026-06-15 20:42:23.48676,0,0,in_progress,2026-08-19 00:00:00,,2026-08-18 14:36:33.025015,,,,,,job,,,false,,0
6088-L-1,6088,landscape,,2026-06-15 03:15:58.110369,0,0,in_progress,,,2026-06-15 03:15:58.110942,,,,,,job,,,false,,0
6089-D-1,6089,drains,Company C82B1E5C,2026-07-14 16:59:40.125,2199.4792,4,completed,2026-09-08 00:00:00,2026-09-08 23:03:41.0285,2026-09-08 23:03:41.045531,Person 2C843524,555-0175,,,,job,,,false,,0
6089-D-2,6089,drains,,2026-09-02 19:54:38.543316,0,0,in_progress,,,2026-09-02 19:54:38.544311,,,,,,job,,,false,,0
6089-D-3,6089,drains,Company D35E67B5,2026-07-14 16:59:40.125,1418.5072,1,completed,2026-09-09 00:00:00,2026-09-09 15:26:40.113763,2026-09-09 15:26:40.125094,Person 2C843524,555-0175,,,,will_call,,,false,,0
6089-I-1,6089,irrigation,,2026-07-14 18:23:23.560759,0,0,in_progress,2026-08-13 00:00:00,,2026-08-12 17:13:03.911983,,,,,,job,,,false,,0
6089-L-1,6089,landscape,,2026-07-14 18:23:29.815754,0,0,in_progress,2026-07-23 00:00:00,,2026-07-22 14:09:35.915043,,,,,,job,,,false,,0
6090-D-1,6090,drains,Company 2F610CBC,2026-08-07 14:22:50.410836,4532.1899625,7,completed,2026-09-08 00:00:00,2026-09-04 16:23:34.715117,2026-09-04 16:23:34.72946,Person 1B9E000C,555-0101,,,,job,,,false,,0
6090-D-2,6090,drains,,2026-09-04 16:51:33.196822,0,0,in_progress,,,2026-09-04 16:51:33.197197,,,,,,job,,,false,,0
6090-I-1,6090,irrigation,Company 2F610CBC,2026-08-07 14:22:55.627835,5277.8626125,11,completed,2026-08-18 00:00:00,2026-08-20 18:24:16.551967,2026-08-20 18:24:16.569556,Person 63C78BB9,555-0130,,,,job,,,false,,0
6090-I-2,6090,irrigation,Company 2F610CBC,2026-08-18 21:41:22.771578,44.26125,1,completed,2026-08-19 00:00:00,2026-08-19 14:47:46.587287,2026-08-19 14:47:46.596894,,,,,,yard,,,false,,0
6090-I-3,6090,irrigation,Company 2F610CBC,2026-08-19 21:16:16.465675,1409.835,7,completed,2026-08-21 00:00:00,2026-08-20 18:10:44.027544,2026-08-20 18:10:44.039919,Person 63C78BB9,,,,,will_call,,,false,,0
6090-I-4,6090,irrigation,Company 2F610CBC,2026-08-21 15:29:22.042925,118.896375,1,completed,2026-08-22 00:00:00,2026-08-28 21:45:45.362206,2026-08-28 21:45:45.370824,Person 63C78BB9,,,,,will_call,,,false,,0
6090-I-5,6090,irrigation,Company D35E67B5,2026-08-21 16:45:50.292024,44.91375,1,completed,2026-08-22 00:00:00,2026-08-21 22:18:07.59627,2026-08-21 22:18:07.604728,Person 63C78BB9,,,,,will_call,,,false,,0
6090-I-6,6090,irrigation,Company 2F610CBC,2026-08-21 18:46:51.508479,184.788,1,completed,2026-08-22 00:00:00,2026-08-21 18:47:22.0252,2026-08-21 18:47:22.034858,Person 63C78BB9,555-0130,,,,job,,,false,,0
6090-I-7,6090,irrigation,Company 2F610CBC,2026-08-21 22:17:59.499263,22290.7234875,37,completed,2026-08-31 00:00:00,2026-08-28 17:43:20.954283,2026-08-28 17:43:20.998126,Person B98C7D92,555-0198,,,,job,,,false,,0
6090-I-8,6090,irrigation,Company 2F610CBC,2026-09-08 15:13:30.49956,787.2988875,6,completed,2026-09-08 00:00:00,2026-09-08 17:05:32.137925,2026-09-08 17:05:32.149643,,,,,,yard,,,false,,0
6090-L-1,6090,landscape,Company 97D97DCD,2026-08-07 14:23:00.92138,382.5825,1,completed,2026-08-13 00:00:00,2026-08-12 15:59:24.382361,2026-08-12 15:59:24.392992,,,,,,yard,,,false,,0
6090-L-10,6090,landscape,Company 724579F1,2026-08-26 17:02:23.246867,1652.8125,4,completed,2026-09-08 00:00:00,2026-08-26 19:38:41.977495,2026-08-26 19:38:41.991176,Person 893D6B8A,555-0186,,,,job,,,false,,0
6090-L-11,6090,landscape,Company D35E67B5,2026-09-03 17:08:24.17157,3190.899,6,completed,2026-09-09 00:00:00,2026-09-09 17:45:01.118689,2026-09-09 17:45:01.129706,Person 4E789DCD,,,,,yard,,,false,,0
6090-L-12,6090,landscape,,2026-09-09 20:38:28.650459,0,0,in_progress,,,2026-09-09 20:38:28.651042,,,,,,job,,,false,,0
6090-L-2,6090,landscape,Company A0B5AE5E,2026-08-12 16:04:36.221487,6966.25,4,completed,2026-09-03 00:00:00,2026-08-12 16:09:44.279198,2026-08-12 16:09:44.294628,Person FAB920E7,555-0128,,,,yard,,,false,,0
6090-L-3,6090,landscape,Company 85047CF9,2026-08-12 16:10:06.640874,1723.99,1,completed,2026-08-13 00:00:00,2026-08-12 16:19:52.446267,2026-08-12 16:19:52.462622,,,,,,job,,,false,,0
6090-L-4,6090,landscape,Company 730FB671,2026-08-12 16:22:24.049322,25570.2,6,completed,2026-09-10 00:00:00,2026-08-21 18:59:24.775168,2026-08-21 18:59:24.803133,Person FAB920E7,555-0128,,,,yard,,,false,,0
6090-L-5,6090,landscape,Company 9B531276,2026-08-12 17:38:43.331488,5682.62,4,completed,2026-09-10 00:00:00,2026-09-09 15:47:21.23605,2026-09-09 15:47:21.247359,Person FAB920E7,555-0137,,,,yard,,,false,,0
6090-L-6,6090,landscape,Company 0060C623,2026-08-12 18:04:21.168123,2449.17,3,completed,2026-08-13 00:00:00,2026-08-12 18:07:03.79694,2026-08-12 18:07:03.811002,,,,,,yard,,,false,,0
6090-L-7,6090,landscape,Company 3115F62E,2026-08-18 13:19:46.396484,1221.16,3,completed,2026-10-14 00:00:00,2026-08-26 15:10:35.236299,2026-08-26 15:10:35.248079,Person FAB920E7,555-0137,,,,yard,,,false,,0
6090-L-8,6090,landscape,Company 10A6C4E2,2026-08-18 13:19:46.396484,6647.39,3,completed,2026-10-14 00:00:00,2026-08-26 15:04:59.303352,2026-08-26 15:04:59.316926,Person FAB920E7,555-0137,,,,yard,,,false,,0
6090-L-9,6090,landscape,Company 9FB20EA8,2026-08-18 13:19:46.396484,2400,1,completed,2026-10-14 00:00:00,2026-08-26 15:02:01.021854,2026-08-26 15:02:01.027273,Person FAB920E7,555-0137,,,,yard,,,false,,0
6091-D-1,6091,drains,,2026-08-03 20:33:43.99264,0,0,in_progress,,,2026-08-03 20:33:43.99329,,,,,,job,,,false,,0
6091-I-1,6091,irrigation,Company D35E67B5,2026-08-06 16:58:44.245198,17311.168875,3,completed,2026-09-10 00:00:00,2026-09-09 17:24:24.950832,2026-09-09 17:24:24.960854,,,,,,yard,,,false,,0
6091-I-2,6091,irrigation,,2026-09-09 17:27:31.883267,0,0,in_progress,,,2026-09-09 17:27:31.883736,,,,,,job,,,false,,0
6091-L-1,6091,landscape,Company 86A496FF,2026-08-03 20:34:36.347807,40893.81875,1,completed,2026-08-29 00:00:00,2026-08-28 18:31:14.787946,2026-08-28 18:31:14.801082,Person FAB920E7,555-0128,,,,job,,,false,,0
6092-D-1,6092,drains,,2026-08-12 20:48:32.589201,0,0,in_progress,,,2026-08-12 20:48:32.589793,,,,,,job,,,false,,0
6092-I-1,6092,irrigation,,2026-08-12 20:48:36.756342,0,0,in_progress,,,2026-08-12 20:48:36.757227,,,,,,job,,,false,,0
6092-L-1,6092,landscape,Company B548E4AD,2026-08-12 14:45:18.89461,5344.4,2,deleted,2026-08-29 00:00:00,2026-08-28 21:04:44.001407,2026-08-28 21:09:10.773102,,,,,2026-08-28 21:09:10.768195,job,,,false,,0
6092-L-2,6092,landscape,Company B73D201D,2026-09-03 17:07:49.81479,5650,6,completed,2026-09-10 00:00:00,2026-09-09 21:31:45.929668,2026-09-09 21:31:45.938315,Person FAB920E7,555-0118,,,,yard,,,false,,0
6092-L-3,6092,landscape,Company 88EDF1BC,2026-09-09 21:33:42.703985,2579.54,2,completed,2026-09-24 00:00:00,2026-09-09 21:40:28.63166,2026-09-09 21:40:28.64163,,,,,,yard,,,false,,0
6092-L-4,6092,landscape,Company C82E9570,2026-09-09 21:42:10.558948,44218.63895,8,completed,2026-09-10 00:00:00,2026-09-09 21:49:08.681868,2026-09-09 21:49:08.692807,Person FAB920E7,555-0128,,,,yard,,,false,,0
6093-D-1,6093,drains,,2026-09-08 20:47:10.946615,0,0,in_progress,,,2026-09-08 20:47:10.947281,,,,,,job,,,false,,0
6093-I-1,6093,irrigation,,2026-09-08 20:47:16.766804,0,0,in_progress,,,2026-09-08 20:47:16.767423,,,,,,job,,,false,,0
9990-D-1,9990,drains,Company 8B3EFD73,2025-12-04 20:58:49.355668,135,1,completed,2025-12-05 00:00:00,2025-12-04 20:59:01.262236,2025-12-04 20:59:04.559414,,,,,,job,,,false,,0
9990-D-10,9990,drains,Company 8B3EFD73,2026-04-14 05:34:16.962169,10321.9,4,completed,2026-04-15 00:00:00,2026-04-14 05:34:54.169867,2026-04-14 05:34:54.184013,,,,,,job,,,false,,0
9990-D-11,9990,drains,,2026-07-14 22:28:25.782,250,1,in_progress,,,2026-07-14 22:28:32.217,,,,,,job,,,false,,0
9990-D-2,9990,drains,Company 2F610CBC,2025-12-04 22:38:13.480925,11.25,1,completed,2025-12-05 00:00:00,2025-12-04 22:42:44.837192,2025-12-04 22:42:56.448054,,,,,,job,,,false,,0
9990-D-3,9990,drains,Company 8B3EFD73,2025-12-04 22:43:31.71196,22.5,1,completed,2025-12-08 00:00:00,2025-12-07 19:38:14.723324,2025-12-07 19:38:18.649407,,,,,,job,,,false,,0
9990-D-4,9990,drains,Company 8B3EFD73,2025-12-07 19:38:22.553024,31.25,2,completed,2025-12-08 00:00:00,2025-12-07 19:38:40.175992,2025-12-07 19:38:42.884449,,,,,,job,,,false,,0
9990-D-5,9990,drains,Company 8B3EFD73,2025-12-07 19:45:31.046001,15,1,completed,2025-12-08 00:00:00,2025-12-07 19:45:40.750273,2025-12-07 19:45:42.760458,,,,,,job,,,false,,0
9990-D-6,9990,drains,Company 8B3EFD73,2025-12-07 19:48:52.620076,25,1,completed,2025-12-08 00:00:00,2025-12-07 19:48:56.258678,2025-12-07 19:48:58.235685,,,,,,job,,,false,,0
9990-D-7,9990,drains,Company 8B3EFD73,2025-12-07 21:30:31.381469,25,1,completed,2025-12-08 00:00:00,2025-12-07 21:30:40.352139,2025-12-07 21:30:42.661021,,,,,,yard,,,false,,0
9990-D-8,9990,drains,Company 8B3EFD73,2025-12-07 21:41:36.03292,25,1,deleted,2025-12-08 00:00:00,2025-12-07 21:41:50.913279,2026-02-02 09:26:52.113954,,,,,2026-02-02 09:26:52.038792,will_call,,,false,,0
9990-D-9,9990,drains,Company 8B3EFD73,2025-12-07 21:42:02.22231,50,1,deleted,2025-12-08 00:00:00,2025-12-07 21:42:08.812571,2026-02-02 09:26:50.79733,,,,,2026-02-02 09:26:50.717002,yard,,,false,,0
9990-I-1,9990,irrigation,Company 4922711F,2026-02-02 09:33:01.706367,496.5,3,deleted,2026-02-03 00:00:00,2026-02-02 09:33:20.963619,2026-02-02 09:40:48.630796,,,,,2026-02-02 09:40:48.547816,job,,,false,,0
9990-I-10,9990,irrigation,,2026-07-14 23:04:02.834,0,0,in_progress,,,2026-07-14 23:04:02.835,,,,,,job,,,false,,0
9990-I-2,9990,irrigation,Company 6CDECF5F,2026-02-02 09:33:01.706367,206.625,1,deleted,2026-02-03 00:00:00,2026-02-02 09:33:21.21118,2026-02-02 09:40:53.408018,,,,,2026-02-02 09:40:53.328244,job,,,false,,0
9990-I-3,9990,irrigation,Company E52B4B11,2026-02-02 09:33:01.706367,7.06875,1,deleted,2026-02-03 00:00:00,2026-02-02 09:33:21.368087,2026-02-02 09:40:56.289108,,,,,2026-02-02 09:40:56.215201,job,,,false,,0
9990-I-4,9990,irrigation,Company 8B3EFD73,2026-02-02 09:40:58.150494,496.5,3,deleted,2026-02-03 00:00:00,2026-02-02 09:41:18.063668,2026-02-02 09:46:45.22874,,,,,2026-02-02 09:46:45.146408,job,,,false,,0
9990-I-5,9990,irrigation,Company 6CDECF5F,2026-02-02 09:40:58.150494,206.625,1,deleted,2026-02-03 00:00:00,2026-02-02 09:41:18.310687,2026-02-02 09:46:48.999006,,,,,2026-02-02 09:46:48.919405,job,,,false,,0
9990-I-6,9990,irrigation,Company E52B4B11,2026-02-02 09:40:58.150494,7.06875,1,deleted,2026-02-03 00:00:00,2026-02-02 09:41:18.468651,2026-02-02 09:46:51.687145,,,,,2026-02-02 09:46:51.620912,job,,,false,,0
9990-I-7,9990,irrigation,Company 8B3EFD73,2026-02-02 09:46:54.773895,326.25,1,completed,2026-02-03 00:00:00,2026-02-02 09:47:09.661129,2026-02-02 09:47:09.764172,,,,,,job,,,false,,0
9990-I-8,9990,irrigation,Company 6CDECF5F,2026-02-02 09:46:54.773895,206.625,1,completed,2026-02-03 00:00:00,2026-02-02 09:47:09.905317,2026-02-02 09:47:09.955029,,,,,,job,,,false,,0
9990-I-9,9990,irrigation,Company E52B4B11,2026-02-02 09:46:54.773895,7.06875,1,completed,2026-02-03 00:00:00,2026-02-02 09:47:10.064134,2026-02-02 09:47:10.121457,,,,,,job,,,false,,0
9990-L-1,9990,landscape,Company 8B3EFD73,2025-12-07 21:40:24.488921,400,1,completed,2025-12-08 00:00:00,2025-12-07 21:41:18.076097,2025-12-07 21:41:21.462783,,,,,,job,,,false,,0
9990-L-10,9990,landscape,Company 6CDECF5F,2026-02-02 09:20:42.617882,384.159375,2,deleted,2026-02-03 00:00:00,2026-02-02 09:21:04.207388,2026-02-02 09:26:49.286126,,,,,2026-02-02 09:26:49.209937,job,,,false,,0
9990-L-11,9990,landscape,Company 6965079F,2026-02-02 09:20:42.617882,16.3125,1,deleted,2026-02-03 00:00:00,2026-02-02 09:21:04.335337,2026-02-02 09:26:47.428813,,,,,2026-02-02 09:26:47.345855,job,,,false,,0
9990-L-12,9990,landscape,Company 6CDECF5F,2026-02-02 09:27:15.21439,4.89375,1,completed,2026-02-03 00:00:00,2026-02-02 09:27:33.13896,2026-02-02 09:27:33.184516,,,,,,job,,,false,,0
9990-L-13,9990,landscape,Company 5EF16D0F,2026-02-02 09:27:15.21439,16.3125,1,deleted,2026-02-03 00:00:00,2026-02-02 09:27:33.295416,2026-02-17 16:22:39.481252,,,,,2026-02-17 16:22:39.43046,job,,,false,,0
9990-L-14,9990,landscape,Company 8B3EFD73,2026-02-17 16:22:48.315729,6252.309375,3,completed,2026-03-08 00:00:00,2026-03-07 14:08:24.631178,2026-03-07 14:08:24.650879,,,,,,yard,,,false,,0
9990-L-15,9990,landscape,Company 8B3EFD73,2026-03-07 14:08:36.237222,2175,1,completed,2026-03-08 00:00:00,2026-03-07 14:09:46.243262,2026-03-07 14:09:46.254425,,,,,,yard,,,false,,0
9990-L-16,9990,landscape,,2026-07-14 22:39:34.288,0,0,in_progress,,,2026-07-14 22:39:34.288,,,,,,job,,,false,,0
9990-L-2,9990,landscape,Company AB5CA754,2026-01-13 18:49:16.537028,650,3,completed,2026-01-14 00:00:00,2026-01-13 18:51:13.062434,2026-01-13 18:51:14.909086,,,,,,job,,,false,,0
9990-L-3,9990,landscape,Company 8B3EFD73,2026-01-22 11:12:20.930986,4509,3,completed,2026-01-23 00:00:00,2026-01-22 11:12:48.953292,2026-01-22 11:12:54.216737,,,,,,job,,,false,,0
9990-L-4,9990,landscape,Company 8B3EFD73,2026-01-22 11:12:59.331837,484,4,completed,2026-01-23 00:00:00,2026-01-22 11:13:33.99912,2026-01-22 12:02:01.120368,,,,,,job,,,false,,0
9990-L-5,9990,landscape,Company 6965079F,2026-01-22 11:12:59.331837,121.8,1,deleted,2026-01-23 00:00:00,2026-01-22 11:13:34.184754,2026-02-02 09:27:08.700788,,,,,2026-02-02 09:27:08.618455,job,,,false,,0
9990-L-6,9990,landscape,Company 8B3EFD73,2026-02-02 09:17:30.131701,4583.75,5,deleted,2026-02-03 00:00:00,2026-02-02 09:17:59.494009,2026-02-02 09:27:03.170247,,,,,2026-02-02 09:27:03.095244,job,,,false,,0
9990-L-7,9990,landscape,Company 6965079F,2026-02-02 09:17:30.131701,4225.753125,2,deleted,2026-02-03 00:00:00,2026-02-02 09:17:59.692508,2026-02-02 09:26:59.330441,,,,,2026-02-02 09:26:59.251141,job,,,false,,0
9990-L-8,9990,landscape,Company 6CDECF5F,2026-02-02 09:17:30.131701,215.325,2,deleted,2026-02-03 00:00:00,2026-02-02 09:17:59.803089,2026-02-02 09:26:53.59259,,,,,2026-02-02 09:26:53.523361,job,,,false,,0
9990-L-9,9990,landscape,Company 8B3EFD73,2026-02-02 09:27:15.21439,368.25,3,completed,2026-02-03 00:00:00,2026-02-02 09:27:32.811054,2026-02-02 09:27:41.419141,,,,,,job,,,false,,0
9990-M-1,9990,maintenance,Company BE6450E0,2026-02-02 09:57:03.848,17.4,2,completed,2026-07-16 00:00:00,2026-07-14 17:01:31.399,2026-07-14 17:01:31.4,,,,,,job,,,false,,0
9990-M-2,9990,maintenance,Company EBBE7319,2026-02-02 09:57:03.848,4.35,1,completed,2026-08-06 00:00:00,2026-07-14 17:00:54.987,2026-07-14 17:00:54.988,,,,,,job,,,false,,0
9990-M-3,9990,maintenance,Company E1AE3AB5,2026-07-14 17:01:34.986,8.7,1,completed,2026-07-17 00:00:00,2026-07-14 17:02:01.793,2026-07-14 17:02:01.794,,,,,,job,,,false,,0
9990-M-4,9990,maintenance,Company 85C03ADA,2026-07-14 17:01:34.986,8.7,1,completed,2026-07-17 00:00:00,2026-07-14 17:02:02.158,2026-07-14 17:02:02.159,,,,,,job,,,false,,0
9990-M-5,9990,maintenance,Company 8B3EFD73,2026-07-14 17:03:48.145677,8.7,2,completed,2026-07-15 00:00:00,2026-07-14 17:04:05.588011,2026-07-14 17:04:05.597593,,,,,,job,,,false,,0
9992-D-1,9992,drains,Company E1AE3AB5,2026-04-09 18:11:44.052,401.336425,1,completed,2026-04-12 00:00:00,2026-04-13 01:47:51.945,2026-04-13 01:47:51.946,,,,,,job,,,false,,0
9992-D-10,9992,drains,,2026-04-13 02:22:13.819,0,0,deleted,,,2026-04-13 02:22:13.82,,,,,2026-04-13 02:50:45.006,job,,,false,,0
9992-D-2,9992,drains,,2026-04-13 01:49:42.212,0,0,deleted,,,2026-04-13 01:49:42.213,,,,,2026-04-13 01:51:38.378,job,,,false,,0
9992-D-3,9992,drains,,2026-04-13 01:49:42.583,0,0,deleted,,,2026-04-13 01:49:42.584,,,,,2026-04-13 01:51:37.151,job,,,false,,0
9992-D-4,9992,drains,,2026-04-13 01:51:18.279,0,0,deleted,,,2026-04-13 01:51:18.28,,,,,2026-04-13 01:51:35.908,job,,,false,,0
9992-D-5,9992,drains,,2026-04-13 01:51:19.04,0,0,deleted,,,2026-04-13 01:51:19.04,,,,,2026-04-13 01:51:34.566,job,,,false,,0
9992-D-6,9992,drains,,2026-04-13 01:51:44.803,0,0,deleted,,,2026-04-13 01:51:44.804,,,,,2026-04-13 01:51:53.064,job,,,false,,0
9992-D-7,9992,drains,,2026-04-13 01:51:45.34,0,0,deleted,,,2026-04-13 01:51:45.341,,,,,2026-04-13 01:51:54.598,job,,,false,,0
9992-D-8,9992,drains,,2026-04-13 01:52:42.008,0,0,deleted,,,2026-04-13 01:52:42.009,,,,,2026-04-13 01:54:35.967,job,,,false,,0
9992-D-9,9992,drains,,2026-04-13 01:52:42.591,0,0,deleted,,,2026-04-13 01:52:42.593,,,,,2026-04-13 01:54:37.035,job,,,false,,0
9992-I-1,9992,irrigation,,2026-04-13 01:34:07.56,3676,2,deleted,,,2026-04-13 01:41:46.105,,,,,2026-04-13 01:44:24.393,job,,,false,,0
9993-D-1,9993,drains,,2026-04-10 07:11:52.689094,2.3,2,in_progress,2026-04-11 00:00:00,,2026-04-10 07:12:13.240451,,,,,,job,,,false,,0
9995-D-1,9995,drains,Company 8B3EFD73,2025-12-04 09:45:43.506186,31,1,completed,2025-12-05 00:00:00,2025-12-04 09:45:46.818605,2025-12-04 09:45:54.926774,,,,,,job,,,false,,0
9995-D-2,9995,drains,Company 8B3EFD73,2025-12-04 09:50:20.559273,31,1,completed,2025-12-05 00:00:00,2025-12-04 09:50:24.051954,2025-12-04 09:50:27.740848,,,,,,job,,,false,,0
9995-D-3,9995,drains,Company 8B3EFD73,2025-12-04 09:53:18.907945,31,1,completed,2025-12-05 00:00:00,2025-12-04 09:53:22.582583,2025-12-04 09:53:26.027989,,,,,,job,,,false,,0
9995-D-4,9995,drains,Company 8B3EFD73,2025-12-04 10:05:03.225104,33.7125,1,completed,2025-12-05 00:00:00,2026-03-06 20:08:11.275735,2026-03-06 20:08:11.286761,,,,,,job,,,false,,0
9995-D-5,9995,drains,,2025-12-04 22:17:33.00417,31,1,in_progress,2025-12-08 00:00:00,,2025-12-07 19:34:38.686537,,,,,,job,,,false,,0
9997-D-1,9997,drains,Company 8B3EFD73,2025-10-20 21:14:26.680635,0,1,completed,2025-10-21 00:00:00,2025-10-20 21:14:26.680634,2025-10-20 21:14:26.700871,,,,,,job,,,false,,0
9997-D-2,9997,drains,Company 8B3EFD73,2025-10-20 21:14:17.291086,1.98,1,completed,2025-10-21 00:00:00,2025-10-20 21:14:17.291084,2025-10-20 21:14:19.381995,,,,,,job,,,false,,0
9997-D-3,9997,drains,Company 8B3EFD73,2025-10-22 17:42:45.665425,440,1,completed,2025-10-23 00:00:00,2025-10-22 17:42:45.665425,2025-10-22 17:42:50.038149,,,,,,job,,,false,,0
9997-D-4,9997,drains,Company 8B3EFD73,2025-10-23 15:40:18.215681,42.669,1,completed,2025-10-23 00:00:00,2025-10-23 15:40:18.215679,2025-10-23 15:40:18.265668,,,,,,job,,,false,,0
9997-I-1,9997,irrigation,,2025-10-24 16:06:34.20598,0,0,in_progress,2025-10-25 00:00:00,,2025-10-24 16:06:37.041631,,,,,,job,,,false,,0
9997-L-1,9997,landscape,Company 8B3EFD73,2025-10-24 16:47:10.912411,25,1,completed,2025-11-13 00:00:00,2025-11-12 17:22:12.026912,2025-11-12 17:22:18.358638,,,,,,job,,,false,,0
9997-L-10,9997,landscape,Company 8B3EFD73,2025-11-12 18:32:22.240676,26.9375,1,completed,2025-11-13 00:00:00,2025-11-12 18:32:36.779385,2025-11-12 18:32:36.93659,,,,,,job,,,false,,0
9997-L-11,9997,landscape,Company 8B3EFD73,2025-11-12 18:47:45.085778,25,1,completed,2025-11-13 00:00:00,2025-11-12 18:47:52.985427,2025-11-12 18:47:53.819402,,,,,,job,,,false,,0
9997-L-12,9997,landscape,Company 8B3EFD73,2025-11-12 22:08:32.135718,25,1,completed,2025-11-13 00:00:00,2025-11-12 22:08:40.838197,2025-11-12 22:08:48.338956,,,,,,job,,,false,,0
9997-L-13,9997,landscape,Company 8B3EFD73,2025-11-13 03:39:42.771952,50,2,completed,2025-11-14 00:00:00,2025-11-13 03:39:54.906891,2025-11-13 03:39:59.154264,,,,,,job,,,false,,0
9997-L-14,9997,landscape,Company 8B3EFD73,2025-11-13 17:19:12.91752,50,1,completed,2025-11-14 00:00:00,2025-11-13 17:19:35.141177,2025-11-13 19:16:04.374553,,,,,,job,,,false,,0
9997-L-2,9997,landscape,Company 8B3EFD73,2025-11-12 17:26:05.307344,25,1,completed,2025-11-13 00:00:00,2025-11-12 17:26:15.166712,2025-11-12 17:26:19.878973,,,,,,job,,,false,,0
9997-L-3,9997,landscape,Company 8B3EFD73,2025-11-12 17:41:37.073902,25,1,completed,2025-11-13 00:00:00,2025-11-12 17:41:50.564363,2025-11-12 17:41:56.51065,,,,,,job,,,false,,0
9997-L-4,9997,landscape,Company 8B3EFD73,2025-11-12 17:46:28.679151,25,1,completed,2025-11-13 00:00:00,2025-11-12 17:46:33.243187,2025-11-12 17:47:03.38791,,,,,,job,,,false,,0
9997-L-5,9997,landscape,Company 8B3EFD73,2025-11-12 17:47:05.232443,25,1,completed,2025-11-13 00:00:00,2025-11-12 17:55:42.110552,2025-11-12 17:57:37.999291,,,,,,job,,,false,,0
9997-L-6,9997,landscape,Company 8B3EFD73,2025-11-12 17:57:37.727362,26.9375,1,completed,2025-11-13 00:00:00,2025-11-12 17:57:54.213217,2025-11-12 17:57:54.38929,,,,,,job,,,false,,0
9997-L-7,9997,landscape,Company 5513C1E9,2025-11-12 18:00:04.139317,250,1,completed,2025-11-13 00:00:00,2025-11-12 18:00:20.67527,2025-11-12 18:21:34.7235,,,,,,job,,,false,,0
9997-L-8,9997,landscape,Company 8B3EFD73,2025-11-12 18:21:49.465894,25,1,completed,2025-11-13 00:00:00,2025-11-12 18:22:01.366861,2025-11-12 18:26:18.894664,,,,,,job,,,false,,0
9997-L-9,9997,landscape,Company 5513C1E9,2025-11-12 18:26:19.136507,25,1,completed,2025-11-13 00:00:00,2025-11-12 18:26:31.713955,2025-11-12 18:32:19.307042,,,,,,job,,,false,,0
9999-D-1,9999,drains,Company 8B3EFD73,2026-04-08 06:07:01.938485,3.915,1,completed,2026-04-09 00:00:00,2026-04-08 06:07:24.996854,2026-04-08 06:07:25.009744,,,,,,job,,,false,,0
9999-D-2,9999,drains,Company FD6D487C,2026-04-08 06:07:01.938485,217.5,1,completed,2026-04-30 00:00:00,2026-04-08 06:07:25.053218,2026-04-08 06:07:25.058404,,,,,,will_call,,,false,,0
9999-D-3,9999,drains,,2026-05-05 15:41:38.945,0,0,in_progress,,,2026-05-05 15:41:38.947,,,,,,job,,,false,,0
