id,sub_bid_id,part_number,description,additional_description,factor_code,quantity,cost,labor_hours,line_ext_cost,unit,sale_price
293,134,12-3010,CONDUIT 1.25,,127,2820,2.5,0.036,7050,,
294,134,33-2604,ELECTRICAL SWEEP 1.25,,None,64,7.3,0,467.2,,
316,139,4482-115,PRUNUS C. COMPACTA 15G,,519.1,8,55,0.73,440,,
317,139,4261-615,PITT. TEN. SILVER SHEEN 15G,,519.1,3,65,0.73,195,,
318,139,1640-605,DIETES IRIDIODES 5G,,520.1,3,10.5,0.254,31.5,,
319,139,5050-501,SENECIO MANDRALISCAE 1G,,522.1,132,3.8,0.11,501.6,,
320,139,9311-310,POT #1,,999,1,0,0,0,,
321,139,9500-101,"POTTING SOIL, 2 CF BAG",,642,40,13.5,0.17,540,,
322,139,9309-210,POT PLACEMENT/IRRIG/DRAIN,,636,14,15,2,210,,
323,139,95-1029,DELIVERY,,None,1,100,0,100,,
324,138,9325-103,BOULDER 3',,635,3,99,1,297,,
325,138,9325-104,BOULDER 4',,635,4,174,1,696,,
326,138,95-0410,MISC BLS EQUIPMENT PER HR,,635,4,90,1,360,,
327,138,95-1029,DELIVERY,,None,1,431,0,431,,
328,140,9302-271.1,DG STABILIZED (color T.B.D.),,547,9,80,0.5,720,,
329,140,95-0410,MISC BLS EQUIPMENT PER HR,,635,8,90,1,720,,
330,140,95-0411,"ROLLER, PER DAY",,635.8,0.5,450,8,225,,
331,140,95-1029,DELIVERY,,None,1,400,0,400,,
332,140,33-1294,"B.C. 3/16"" x 4""  BROWN STEEL HEADER",,559,128,6.15,0.03,787.2,,
333,140,,,,,1,0,0,0,,
1357,153,4560-148,PROSOPIS CHILENSIS 48,,503.4,4,1150,6,4600,,
1358,153,3920-936,OLEA E. WILSONII 36,,505.3,7,475,4.5,3325,,
1359,153,1520-124,CUPANIOPSIS ANA. 24,,507,14,175,2.8,2450,,
1360,153,3012-324,LAGER. NATCHEZ  24,,507,16,180,2.8,2880,,
1361,153,4210-124,PINUS ELDARICA 24,,507,5,175,2.8,875,,
1362,153,4306-124,PLAT. ACER BLOODGOOD 24,,507,12,175,2.8,2100,,
1363,153,9302-950,CENTURY 24,,537,440,6.25,0.1,2750,,
1364,153,0392-101,AGAVE DESMETTIANA 5G,,520,17,20,0.27,340,,
1365,153,0748-302,BOUG. SPEC. TORCH GLOW 5G,,520,8,14,0.27,112,,
1366,153,1052-106,WESTRINGIA FRUIT. MRNG LIGHT 5G,,520,46,13.5,0.27,621,,
1367,153,1052-705,WESTRINGEA WES-03 5G,,520,8,13,0.27,104,,
1368,153,2030-201,ASCLEPIAS FASCICULARIS 1G,,522,128,5,0.11,640,,
1369,153,1330-601,CISTUS BRILLIANCY 1G,,522,93,4,0.11,372,,
1370,153,1631-601,DIANELLA DR5000  1G,,522,291,6.5,0.11,1891.5,,
1371,153,1325-101,HESPERALOE PARVIFOLIA 1G,,522,103,4.5,0.11,463.5,,
1372,153,4064-201,PENSTEMON 'MARGARITA BOP' 1G,,522,81,5,0.11,405,,
1373,153,4925-501,SALVIA GREGII 1G,,522,14,4,0.11,56,,
1374,153,4902-701,SALVIA SONOMENSIS 1G,,522,57,6,0.11,342,,
1375,153,4920-801,SALVIA ,,522,36,5,0.11,180,,
1376,153,5010-901,SPHAERALCEA AMBIGUA 1G,,522,31,6,0.11,186,,
1377,153,3950-301,WESTRINGIA MUNDI 1G,,522,112,5.5,0.11,616,,
1378,153,33-018,AGUINAGA FOREST FLOOR MULCH,,534.1,110,58,0.5,6380,,
1379,153,41-1305,WEST COAST TIFTUF BERMUDA,,532,37500,0.65,0.005,24375,,
1380,153,9302-210,SOIL PREP,,533,49440,0,0.0035,0,,
1381,153,9300-100,NITRO FIR,,534,150,29,0.15,4350,,
1382,153,33-1160,12-12-12 50# BAG,,570,12,44,0.18,528,,
1383,153,33-1720,GYPSUM 50# BAG,,570,38,8,0.18,304,,
1384,153,9302-280,SOIL TEST,,None,1,900,0,900,,
1385,153,9302-225,FINE RAKE,,536,49440,0,0.002,0,,
1386,153,9302-220,WEED CONTROL (GRO-N-KILL),,535,5000,0,0.0005,0,,
1387,153,95-1029,DELIVERY,,None,1,1800,0,1800,,
1388,156,>>>,OFF-SITE PLANTING,,,1,0,0,0,,
1389,156,4560-148,PROSOPIS CHILENSIS 48,,503.4,2,1150,6,2300,,
1390,156,1151-624,CERCIS C. FOREST PANSY 24,,507,21,190,2.8,3990,,
1391,156,1300-224,CHILOPSIS LINEARIS STD 24,,507,2,175,2.8,350,,
1392,156,1520-124,CUPANIOPSIS ANA. 24,,507,30,175,2.8,5250,,
1393,156,4210-124,PINUS ELDARICA 24,,507,17,175,2.8,2975,,
1394,156,4240-224,PISTACIA CHI. 'RED PUSH' 24,,507,40,160,2.8,6400,,
1395,156,4308-124,PLATANUS RACEMOSA 24,,507,3,175,2.8,525,,
1396,156,4306-124,PLAT. ACER BLOODGOOD 24,,507,7,175,2.8,1225,,
1397,156,4802-524,RHUS LANCEA 24,,507,11,175,2.8,1925,,
1398,156,9302-135,24,,507,4,185,2.8,740,,
1399,156,9302-276,DEEP ROOT UB-18-2  (PER PANEL),,537,690,8,0.1,5520,,
1400,156,0392-005,AGAVE DESMETTIANA 5G,,520,9,20,0.27,180,,
1401,156,0748-302,BOUG. SPEC. TORCH GLOW 5G,,520,270,14,0.27,3780,,
1402,156,4816-505,RIBES SPECIOSUM 5G,,520,47,13,0.27,611,,
1403,156,6077-405,ROSA CALIFORNICA 5G,,520,52,18,0.27,936,,
1404,156,4204-505,WEST. F. 'MORNING LIGHT' 5G,,520,336,12.5,0.27,4200,,
1405,156,1052-705,WESTRINGEA WES-03 5G,,520,119,13,0.27,1547,,
1406,156,2030-201,ASCLEPIAS FASCICULARIS 1G,,522,95,5,0.11,475,,
1407,156,1330-601,CISTUS BRILLIANCY 1G,,522,216,4,0.11,864,,
1408,156,1631-805,DIANELLA DR5000  1G,,522,101,6.5,0.11,656.5,,
1409,156,1325-101,HESPERALOE PARVIFOLIA 1G,,522,159,4.5,0.11,715.5,,
1410,156,2690-501,IVA HAYSIANA 1G,,522,132,4,0.11,528,,
1411,156,2326-801,JUSTICA SPICERGERA 5G,,522,33,3.5,0.11,115.5,,
1412,156,4064-201,PENSTEMON 'MARGARITA BOP' 1G,,522,36,5,0.11,180,,
1413,156,4925-501,SALVIA GREGII 1G,,522,198,4,0.11,792,,
1414,156,4920-801,SALVIA ,,522,160,5,0.11,800,,
1415,156,5010-901,SPHAERALCEA AMBIGUA 1G,,522,8,6,0.11,48,,
1416,156,3950-301,WESTRINGIA MUNDI 1G,,522,246,5.5,0.11,1353,,
1417,156,4025-505,PARTH. TRICUSP 5G STK,,520,142,16.5,0.27,2343,,
1418,156,2101-1000,GENERIC MULCH,,534.1,396,25,0.5,9900,,
1419,156,2101-1000,GENERIC MULCH,,534.1,56,25,0.5,1400,,
1420,156,9302-225,FINE RAKE,,536,48823,0,0.002,0,,
1421,156,9302-008,SOIL PREP,,533,48823,0,0.0035,0,,
1422,156,9302-220,WEED CONTROL (GRO-N-KILL),,535,5000,0,0.0005,0,,
1423,156,95-1029,DELIVERY,,None,1,3600,0,3600,,
3715,152,40-1974,4,,625,300,2.3,0.1,690,,
3716,152,40-1975.1,4,,999,580,2.3,0,1334,,
3717,152,21-0044,4 45 ELL PVC DRAIN,,None,10,12.66,0,126.6,,
3718,152,27-0044,4 WYE PVC DRAIN,,None,7,15,0,105,,
3719,152,21-0044,4 45 ELL PVC DRAIN,,None,7,12.66,0,88.62,,
3720,152,40-1974,4,,999,100,2.3,0,230,,
3721,152,40-1045,MISSION RUBBER 4,,None,12,10,0,120,,
3722,152,40-1912,TIE INTO DRAINLINE  4,,635,2,10,1,20,,
3723,152,40-1917,TIE INTO EXPENSIVE DRAINLINE  6,,635,1,80,1,80,,
3724,152,13-2620,SLV 8,,186.1,5,26,0.06,130,,
3725,152,>>>,NO DIGGING FOT THIS BID,,,1,0,0,0,,
3726,151,40-1975,4,,625.2,260,2.3,0.145,598,,
3727,151,40-1916,TIE INTO EXPENSIVE DRAINLINE  4,,635,2,20,1,40,,
3740,169,10-1111,1,,380.7,1,54,1,54,,
3741,169,10-RB 1408 BUBBLER1222,2,,380,1,4,1.25,4,,
3742,169,333,3333,,380.2,1,0,1.25,0,,
3743,169,444,4444,,380.2,1,0,1.25,0,,
3850,171,>>>,HOA Person 8B3E4FC9 PLANTING,,,1,0,0,0,,
3851,171,9301-230,AS-BUILTS AND REPRO CHARGES,,451,1,600,3.75,600,,
3852,171,9301-255,STUB OUT FOR FUTURE USE,,461,5,5,0.5,25,,
3853,171,9301-255,STUB OUT FOR FUTURE USE,,461,10,5,0.5,50,,
3854,171,9301-255,STUB OUT FOR FUTURE USE,,461,38,3,0.5,114,,
3855,171,13-2030,,,162,3840,3.8,0.038,14592,,
3856,171,13-2110,ML 1,,122,200,1.1,0.04,220,,
3857,171,13-1637,WILKINS 950XL-100 1,,290,1,360,6,360,,
3858,171,15-1660,1,,None,1,57,0,57,,
3859,171,32-1073,STRONGBOX SBBC-30CR BF ENCL,,480,1,1450,4,1450,,
3860,171,9304-210,IRRIGATION MISC #1,,999,1,150,0,150,,
3861,171,95-0006,"CONCRETE BASE (BF, PUMP, CONTROLLER)",,635.5,1,250,5,250,,
3862,171,9301-250,THRUST BLOCKS,,460,2,15,0.5,30,,
3863,171,13-1696,WILKINS 500XL-HLR 1.5,,380,1,1930,1.25,1930,,
3864,171,15-1700,1.5,,None,1,65,0,65,,
3865,171,27-1056,SUPERIOR 3200  1.5,,380,1,500,1.25,500,,
3866,171,9304-210,IRRIGATION MISC #1,,999,1,104,0,104,,
3867,171,32-0068,RB IVMDEC DECODER (non-RB valves),,637.2,1,155,0.25,155,,
3868,171,32-0076,ITS IFS-150F FLOW SENSOR,,380,1,452,1.25,452,,
3869,171,0202-324,,,637.2,1,624,0.25,624,,
3870,171,12-3011,CONDUIT 1,,126,40,1.8,0.033,72,,
3871,171,28-1100,NIBCO T-113 - 2.5,,400,31,640,1,19840,,
3872,171,28-1020,NIBCO T-113 - 1,,400,19,130,1,2470,,
3873,171,10-5400,RB 44LRC,,420,12,125,0.86,1500,,
3874,171,10-5310,RB 100 PES-B,,380,16,135,1.25,2160,,
3875,171,32-0069,RB IVMSL DECODER,,637.2,16,210,0.25,3360,,
3876,171,10-5439,RB XCZ-100-PRF,,380.6,25,80,1,2000,,
3877,171,32-0069,RB IVMSL DECODER,,637.2,25,210,0.25,5250,,
3878,171,20-3062,LASCO V10791N 1,,999,41,6.5,0,266.5,,
3879,171,1839-102,IMPERIAL CONTR. ASSEMBLY #2,,490,1,13779,10,13779,,
3880,171,95-0010,ELECTRICAL SUB./PERMITS FOR CONTROLLER,,None,1,800,0,800,,
3881,171,95-0006,"CONCRETE BASE (BF, PUMP, CONTROLLER)",,635.5,1,250,5,250,,
3882,171,33-2603,ELECTRICAL SWEEP 1,,None,1,5.2,0,5.2,,
3883,171,13-1013,PAIGE P7072D-PURPLE,,430,3300,0.85,0.003,2805,,
3884,171,13-1038,PAIGE P-7072-D COMM. CABLE,,430,800,1.16,0.003,928,,
3885,171,12-3011,CONDUIT 1,,126,3760,1.8,0.033,6768,,
3886,171,30-1012,ELECTRICAL SWEEP,,639.2,82,8,0.3,656,,
3887,171,40-2145,NDS 111PBCR 10,,None,1,18,0,18,,
3888,171,32-0070,RB IVMSP SURGE PROTECTOR,,380.4,5,113,1.25,565,,
3889,171,32-0053,RB GR-K GROUND ROD KIT,,635.2,5,91,0.5,455,,
3890,171,10-8000,RB 1804-SAM-PRS (USE PL. NOZ),,210,290,8.5,0.12,2465,,
3891,171,10-5440,RB PLASTIC NOZZLE,,None,-290,1.1,0,-319,,
3892,171,10-1140,RB PA 80 ADAPTER,,None,290,3,0,870,,
3893,171,10-1180,RB 1401 BUBBLER,,999,290,5,0,1450,,
3894,171,12-2200,LAT 1,,120,40,1.1,0.0438,44,,
3895,171,12-2180,LAT 3/4,,110,6240,0.75,0.0428,4680,,
3896,171,13240-201,RB XFS-CV-09-18-500',,638.5,43,240,7,10320,,
3897,171,12-2180,LAT 3/4,,110,2000,0.75,0.0428,1500,,
3898,171,0320-172,3/4 x 3/4 x 1/2 TEE SST PVC,,None,1330,1.25,0,1662.5,,
3899,171,30-2707,NETAFIM TL TEE,,None,1330,0.5,0,665,,
3900,171,13420-075,GPH GDFN-R FLUSH NOZZLE,,637.1,19,15,0.125,285,,
3901,171,0112-105,LAT 1.25,,131,60,1.45,0.04,87,,
3902,171,12-2200,LAT 1,,120,840,1.1,0.0438,924,,
3903,171,12-2180,LAT 3/4,,110,4780,0.75,0.0428,3585,,
3904,171,13-2630,SLV 6,,185,1320,12.1,0.04,15972,,
3905,171,13-2640,SLV 4,,182,1860,6.85,0.04,12741,,
3906,171,0113-501,SLV 2,,154,1420,2.3,0.04,3266,,
3907,171,32-1011,BRICK PAVER,,639.1,336,1.4,0.005,470.4,,
3908,171,33-2020,PENTITES,,None,-98,1.75,0,-171.5,,
3909,171,33-5072,3M SCOTCHLOK 3570 CONN,,999,98,6.2,0,607.6,,
3910,171,33-1304,FILTER FABRIC 4oz (Mirafi 140n),,641,500,0.2,0.003,100,,
3911,171,7000-100,WIRE CLOTH 19-GAUGE 1/2,,639.3,300,1,0.025,300,,
3912,171,9310-207,TURNOVER ITEMS,,None,1,600,0,600,,
3913,172,4560-148,PROSOPIS CHILENSIS 48,,503.4,4,1150,6,4600,,
3914,172,3920-936,OLEA E. WILSONII 36,,505.3,7,475,4.5,3325,,
3915,172,1520-124,CUPANIOPSIS ANA. 24,,507,14,175,2.8,2450,,
3916,172,3012-324,LAGER. NATCHEZ  24,,507,16,180,2.8,2880,,
3917,172,4210-124,PINUS ELDARICA 24,,507,5,175,2.8,875,,
3918,172,4306-124,PLAT. ACER BLOODGOOD 24,,507,12,175,2.8,2100,,
3919,172,9302-950,CENTURY 24,,537,440,6.25,0.1,2750,,
3920,172,0392-101,AGAVE DESMETTIANA 5G,,520,17,20,0.27,340,,
3921,172,0748-302,BOUG. SPEC. TORCH GLOW 5G,,520,8,14,0.27,112,,
3922,172,1052-106,WESTRINGIA FRUIT. MRNG LIGHT 5G,,520,46,13.5,0.27,621,,
3923,172,1052-705,WESTRINGEA WES-03 5G,,520,8,13,0.27,104,,
3924,172,2030-201,ASCLEPIAS FASCICULARIS 1G,,522,128,5,0.11,640,,
3925,172,1330-601,CISTUS BRILLIANCY 1G,,522,93,4,0.11,372,,
3926,172,1631-601,DIANELLA DR5000  1G,,522,291,6.5,0.11,1891.5,,
3927,172,1325-101,HESPERALOE PARVIFOLIA 1G,,522,103,4.5,0.11,463.5,,
3928,172,4064-201,PENSTEMON 'MARGARITA BOP' 1G,,522,81,5,0.11,405,,
3929,172,4925-501,SALVIA GREGII 1G,,522,14,4,0.11,56,,
3930,172,4902-701,SALVIA SONOMENSIS 1G,,522,57,6,0.11,342,,
3931,172,4920-801,SALVIA ,,522,36,5,0.11,180,,
3932,172,5010-901,SPHAERALCEA AMBIGUA 1G,,522,31,6,0.11,186,,
3933,172,3950-301,WESTRINGIA MUNDI 1G,,522,112,5.5,0.11,616,,
3934,172,33-018,AGUINAGA FOREST FLOOR MULCH,,534.1,110,58,0.5,6380,,
3935,172,41-1305,WEST COAST TIFTUF BERMUDA,,532,37500,0.65,0.005,24375,,
3936,172,9302-210,SOIL PREP,,533,49440,0,0.0035,0,,
3937,172,9300-100,NITRO FIR,,534,150,29,0.15,4350,,
3938,172,33-1160,12-12-12 50# BAG,,570,12,44,0.18,528,,
3939,172,33-1720,GYPSUM 50# BAG,,570,38,8,0.18,304,,
3940,172,9302-280,SOIL TEST,,None,1,900,0,900,,
3941,172,9302-225,FINE RAKE,,536,49440,0,0.002,0,,
3942,172,9302-220,WEED CONTROL (GRO-N-KILL),,535,5000,0,0.0005,0,,
3943,172,95-1029,DELIVERY,,None,1,1800,0,1800,,
3944,173,32-0069,RB IVMSL DECODER,,637.2,21,210,0.25,4410,,
3945,173,33-5072,3M SCOTCHLOK 3570 CONN,,999,42,6.2,0,260.4,,
3946,173,13-1011,PAIGE P7072D-BLUE,,430,1400,0.85,0.003,1190,,
3947,173,12-3011,CONDUIT 1,,126,1140,1.8,0.033,2052,,
3948,173,33-2603,ELECTRICAL SWEEP 1,,None,42,5.2,0,218.4,,
3949,173,40-2145,NDS 111PBCR 10,,None,6,18,0,108,,
3950,173,10-8000,RB 1804-SAM-PRS (USE PL. NOZ),,210,90,8.5,0.12,765,,
3951,173,0210-124,RB PLASTIC NOZZLE,,None,-90,1.1,0,-99,,
3952,173,10-1140,RB PA 80 ADAPTER,,None,90,3,0,270,,
3953,173,10-1180,RB 1401 BUBBLER,,999,90,5,0,450,,
3954,173,10-1135,RB 1800 NP COVER (PURPLE-RECLAIMED),,639,90,2.5,0.01,225,,
3955,173,13-2420,LAT 1,,120,80,1.15,0.0438,92,,
3956,173,13-2410,LAT 3/4,,110,1200,0.8,0.0428,960,,
3957,173,13240-205,"RB XFS-CV-09-12-P (purple, 500')",,638.5,3,265,7,795,,
3958,173,13240-205,"RB XFS-CV-09-12-P (purple, 500')",,638.5,17,265,7,4505,,
3959,173,13-2410,LAT 3/4,,110,600,0.8,0.0428,480,,
3960,173,0320-136,3/4 x 3/4 x 1/2 TEE SST PVC,,None,400,1.25,0,500,,
3961,173,30-2701,NETAFIM TL TEE,,None,400,0.5,0,200,,
3962,173,13420-072,GPH GDFN-R FLUSH NOZZLE,,637.1,11,15,0.125,165,,
3963,173,13-2430,LAT 1.25,,130,160,1.6,0.0458,256,,
3964,173,13-2420,LAT 1,,120,160,1.15,0.0438,184,,
3965,173,11-1480,LAT 3/4,,110,700,0.8,0.0428,560,,
3966,173,22-1524,HUNTER PROS-06-PRS40-CV-R 6,,213,56,19,0.12,1064,,
3967,173,22-1087,HUNTER PROSPRAY NOZZLE,,None,-56,1.2,0,-67.2,,
3968,173,32-1197,HUNTER MP3000 ROTATOR NOZZLE,,None,56,7,0,392,,
3969,173,13-2430,LAT 1.25,,130,480,1.6,0.0458,768,,
3970,173,13-2420,LAT 1,,120,280,1.15,0.0438,322,,
3971,173,13-2410,LAT 3/4,,110,1060,0.8,0.0428,848,,
3972,173,14-2620,SLV 6,,185,120,13.3,0.04,1596,,
3973,173,14-2630,SLV 4,,182,200,7.2,0.04,1440,,
3974,173,13-2670,SLV 2,,154,120,2.3,0.04,276,,
3975,173,9301-298,RECLAIMED WATER SIGN regular,,635.11,8,120,0.75,960,,
3976,173,32-1011,BRICK PAVER,,639.1,165,1.4,0.005,231,,
3977,173,33-2020,PENTITES,,None,-42,1.75,0,-73.5,,
3978,173,33-5072,3M SCOTCHLOK 3570 CONN,,999,42,6.2,0,260.4,,
3979,173,33-1304,FILTER FABRIC 4oz (Mirafi 140n),,641,200,0.2,0.003,40,,
3980,173,7000-100,WIRE CLOTH 19-GAUGE 1/2,,639.3,150,1,0.025,150,,
3981,173,32-1009,TIE INTO EXISTING MAINLINE,,635.3,1,100,3,100,,
3982,173,13-2200,,,162,1140,4.65,0.038,5301,,
3983,173,13-2300,ML 3/4,,112,80,0.8,0.04,64,,
3984,173,28-1100,NIBCO T-113 - 2.5,,402.1,10,640,1,6400,,
3985,173,28-1000,NIBCO T-113 -3/4,,402.1,8,87,1,696,,
3986,173,27-1159,SUPERIOR QB44-AT-RC,,420.2,9,134,1.13,1206,,
3987,173,10-53161,RB 100 PESB-R 1,,380.2,3,154,1.25,462,,
3988,173,10-5448,RB XCZ-100-PRBR,,382.2,11,220,1.5,2420,,
3989,173,20-3062,LASCO V10791N 1,,999,14,6.5,0,91,,
3990,173,10-53162,RB 150 PESB-R 1.5,,380.2,7,175,1.25,1225,,
3991,173,20-3064,LASCO V17791N 1.5,,999,7,16,0,112,,
3992,174,40-1974,4,,625,820,2.3,0.1,1886,,
3993,174,40-1520,NDS #78 4,,630.2,26,11.25,0.75,292.5,,
3994,174,40-1600,NDS 1230 12x12 ADAPTER,,605,5,31,1,155,,
3995,174,40-1902,BREAK INTO CATCH BASIN (4,,636,5,300,2,1500,,
4032,176,>>>,OFFSITE DRAINS,,,1,0,0,0,,
4033,176,40-1974,"4"" PVC SDR 35 SOLID",,625,1060,2.3,0.1,2438,,
4034,176,40-1600,NDS 1230 12x12 ADAPTER,,610.1,7,31,1,217,,
4035,177,>>>,PRODUCTION DRAINS,,,1,0,0,0,,
4036,177,40-1974,4,,625,16880,2.3,0.1,38824,,
4037,177,40-1600,NDS 1230 12x12 ADAPTER,,610.1,397,31,1,12307,,
4038,177,40-1461,NDS #11 4,,630,157,5,0.5,785,,
4039,177,40-1752,"CURB CORES 3-5, 3.5",,None,133,110,0,14630,,
4040,177,40-1660,ABS SDR 35 3,,620,1600,4.35,0.1,6960,,
4041,177,40-1020,PVC SDR 35 4,,None,0,8.5,0,0,,
4042,177,23-60111,4,,999,133,11.25,0,1496.25,,
4043,177,40-1902,"BREAK INTO CATCH BASIN (4""-6"")",,636,3,300,2,900,,
4044,177,40-1912,"TIE INTO DRAINLINE  4""",,635,20,10,1,200,,
4045,177,,,,,1,0,0,0,,
4046,178,>>>,HOA Person 8B3E4FC9,,,1,0,0,0,,
4047,178,4560-148,PROSOPIS CHILENSIS 48,,503.4,22,1150,6,25300,,
4048,178,3920-936,OLEA E. WILSONII 36,,505.3,24,475,4.5,11400,,
4049,178,1520-124,CUPANIOPSIS ANA. 24,,507,45,175,2.8,7875,,
4050,178,3012-324,LAGER. NATCHEZ  24,,507,12,180,2.8,2160,,
4051,178,3920-524,OLEA WILSON 24,,507,22,180,2.8,3960,,
4052,178,1151-624,CERCIS C. FOREST PANSY 24,,507,10,200,2.8,2000,,
4053,178,4210-124,PINUS ELDARICA 24,,507,6,175,2.8,1050,,
4054,178,9302-950,CENTURY 24,,537,2160,6,0.1,12960,,
4055,178,0392-005,AGAVE DESMETTIANA 5G,,520,12,20,0.27,240,,
4056,178,0748-302,BOUG. SPEC. TORCH GLOW 5G,,520,95,14,0.27,1330,,
4057,178,2811-505,JUNIPERUS BLUE POINT 5G CLMN,,520,11,18,0.27,198,,
4058,178,4025-505,PARTH. TRICUSP 5G STK,,520,59,16.5,0.27,973.5,,
4059,178,1052-106,WESTRINGIA FRUIT. MRNG LIGHT 5G,,520,63,13.5,0.27,850.5,,
4060,178,1052-705,WESTRINGEA WES-03 5G,,520,117,13,0.27,1521,,
4061,178,2030-201,ASCLEPIAS FASCICULARIS 1G,,522,52,5,0.11,260,,
4062,178,1330-601,CISTUS BRILLIANCY 1G,,522,253,4,0.11,1012,,
4063,178,1631-601,DIANELLA DR5000  1G,,522,467,6.5,0.11,3035.5,,
4064,178,1325-101,HESPERALOE PARVIFOLIA 1G,,522,94,4.5,0.11,423,,
4065,178,4064-201,PENSTEMON 'MARGARITA BOP' 1G,,522,70,5,0.11,350,,
4066,178,4925-501,SALVIA GREGII 1G,,522,108,4,0.11,432,,
4067,178,4902-701,SALVIA SONOMENSIS 1G,,522,358,6,0.11,2148,,
4068,178,3950-301,WESTRINGIA MUNDI 1G,,522,329,5.5,0.11,1809.5,,
4069,178,2101-1000,GENERIC MULCH,,534.1,305,25,0.5,7625,,
4070,178,2101-1000,GENERIC MULCH,,534.1,4,25,0.5,100,,
4071,178,9302-210,SOIL PREP,,533,33382,0,0.0035,0,,
4072,178,9302-225,FINE RAKE,,536,33382,0,0.002,0,,
4073,178,9302-220,WEED CONTROL (GRO-N-KILL),,535,3500,0,0.0005,0,,
4074,178,95-1029,DELIVERY,,None,1,5300,0,5300,,
4225,175,>>>,OFF-SITE PLANTING,,,1,0,0,0,,
4226,175,4560-148,PROSOPIS CHILENSIS 48,,503.4,2,1150,6,2300,,
4227,175,1151-624,CERCIS C. FOREST PANSY 24,,507,21,190,2.8,3990,,
4228,175,1300-224,CHILOPSIS LINEARIS STD 24,,507,2,175,2.8,350,,
4229,175,1520-124,CUPANIOPSIS ANA. 24,,507,30,175,2.8,5250,,
4230,175,4210-124,PINUS ELDARICA 24,,507,17,175,2.8,2975,,
4231,175,4240-224,PISTACIA CHI. 'RED PUSH' 24,,507,40,160,2.8,6400,,
4232,175,4308-124,PLATANUS RACEMOSA 24,,507,3,175,2.8,525,,
4233,175,4306-124,PLAT. ACER BLOODGOOD 24,,507,7,175,2.8,1225,,
4234,175,4802-524,RHUS LANCEA 24,,507,11,175,2.8,1925,,
4235,175,9302-135,24,,507,4,185,2.8,740,,
4236,175,9302-276,DEEP ROOT UB-18-2  (PER PANEL),,537,690,8,0.1,5520,,
4237,175,0392-005,AGAVE DESMETTIANA 5G,,520,9,20,0.27,180,,
4238,175,0748-302,BOUG. SPEC. TORCH GLOW 5G,,520,270,14,0.27,3780,,
4239,175,4816-505,RIBES SPECIOSUM 5G,,520,47,13,0.27,611,,
4240,175,6077-405,ROSA CALIFORNICA 5G,,520,52,18,0.27,936,,
4241,175,4204-505,WEST. F. 'MORNING LIGHT' 5G,,520,336,12.5,0.27,4200,,
4242,175,1052-705,WESTRINGEA WES-03 5G,,520,119,13,0.27,1547,,
4243,175,2030-201,ASCLEPIAS FASCICULARIS 1G,,522,95,5,0.11,475,,
4244,175,1330-601,CISTUS BRILLIANCY 1G,,522,216,4,0.11,864,,
4245,175,1631-805,DIANELLA DR5000  1G,,522,101,6.5,0.11,656.5,,
4246,175,1325-101,HESPERALOE PARVIFOLIA 1G,,522,159,4.5,0.11,715.5,,
4247,175,2690-501,IVA HAYSIANA 1G,,522,132,4,0.11,528,,
4248,175,2326-801,JUSTICA SPICERGERA 5G,,522,33,3.5,0.11,115.5,,
4249,175,4064-201,PENSTEMON 'MARGARITA BOP' 1G,,522,36,5,0.11,180,,
4250,175,4925-501,SALVIA GREGII 1G,,522,198,4,0.11,792,,
4251,175,4920-801,SALVIA ,,522,160,5,0.11,800,,
4252,175,5010-901,SPHAERALCEA AMBIGUA 1G,,522,8,6,0.11,48,,
4253,175,3950-301,WESTRINGIA MUNDI 1G,,522,246,5.5,0.11,1353,,
4254,175,4025-505,PARTH. TRICUSP 5G STK,,520,142,16.5,0.27,2343,,
4255,175,2101-1000,GENERIC MULCH,,534.1,396,25,0.5,9900,,
4256,175,2101-1000,GENERIC MULCH,,534.1,56,25,0.5,1400,,
4257,175,9302-225,FINE RAKE,,536,48823,0,0.002,0,,
4258,175,9302-008,SOIL PREP,,533,48823,0,0.0035,0,,
4259,175,9302-220,WEED CONTROL (GRO-N-KILL),,535,5000,0,0.0005,0,,
4260,175,95-1029,DELIVERY,,None,1,3600,0,3600,,
4261,170,15-1700,1.5,,None,2,65,0,130,,
4262,170,20-3062,LASCO V10791N 1,,999,25,6.5,0,162.5,,
4263,170,32-0069,RB IVMSL DECODER,,637.2,25,210,0.25,5250,,
4264,170,33-5072,3M SCOTCHLOK 3570 CONN,,999,50,6.2,0,310,,
4265,170,1839-101,IMPERIAL CONTR. ASSEMBLY #1,,490,1,12044,10,12044,,
4266,170,95-0006,"CONCRETE BASE (BF, PUMP, CONTROLLER)",,635.5,1,250,5,250,,
4267,170,95-0010,ELECTRICAL SUB./PERMITS FOR CONTROLLER,,None,1,800,0,800,,
4268,170,13-1042,PAIGE P-7162D SENSOR CABLE,,430,500,1.2,0.003,600,,
4269,170,13-1012,PAIGE P7072D-ORANGE,,430,2500,0.85,0.003,2125,,
4270,170,12-3011,CONDUIT 1,,126,2160,1.8,0.033,3888,,
4271,170,33-2603,ELECTRICAL SWEEP 1,,None,50,5.2,0,260,,
4272,170,32-0070,RB IVMSP SURGE PROTECTOR,,380.4,7,113,1.25,791,,
4273,170,32-0053,RB GR-K GROUND ROD KIT,,635.2,7,91,0.5,637,,
4274,170,40-2145,NDS 111PBCR 10,,None,10,18,0,180,,
4275,170,10-8000,RB 1804-SAM-PRS (USE PL. NOZ),,210,281,8.5,0.12,2388.5,,
4276,170,10-5440,RB PLASTIC NOZZLE,,None,-281,1.1,0,-309.1,,
4277,170,10-1140,RB PA 80 ADAPTER,,None,281,3,0,843,,
4278,170,10-1180,RB 1401 BUBBLER,,999,281,5,0,1405,,
4279,170,13-2430,LAT 1.25,,130,20,1.6,0.0458,32,,
4280,170,13-2420,LAT 1,,120,400,1.15,0.0438,460,,
4281,170,13-2410,LAT 3/4,,110,3700,0.8,0.0428,2960,,
4282,170,14-2630,SLV 4,,182,40,7.2,0.04,288,,
4283,170,9301-298,RECLAIMED WATER SIGN regular,,635.11,7,120,0.75,840,,
4284,170,32-1011,BRICK PAVER,,639.1,261,1.4,0.005,365.4,,
4285,170,33-2020,PENTITES,,None,-72,1.75,0,-126,,
4286,170,33-5072,3M SCOTCHLOK 3570 CONN,,999,72,6.2,0,446.4,,
4287,170,33-1304,FILTER FABRIC 4oz (Mirafi 140n),,641,400,0.2,0.003,80,,
4288,170,7000-100,WIRE CLOTH 19-GAUGE 1/2,,639.3,300,1,0.025,300,,
4289,170,9310-213,TURNOVER ITEMS,,None,1,600,0,600,,
4290,170,12-3011,CONDUIT 1,,126,40,1.8,0.033,72,,
4291,170,22-1525,HUNTER PROS-12-PRS40-CV-R 12,,213,133,24,0.12,3192,,
4292,170,22-1087,HUNTER PROSPRAY NOZZLE,,None,-133,1.2,0,-159.6,,
4293,170,32-1196,HUNTER MP2000 ROTATOR NOZZLE,,None,67,7,0,469,,
4294,170,32-1197,HUNTER MP3000 ROTATOR NOZZLE,,None,66,7,0,462,,
4295,170,13-2430,LAT 1.25,,130,100,1.6,0.0458,160,,
4296,170,13-2420,LAT 1,,120,200,1.15,0.0438,230,,
4297,170,13-2410,LAT 3/4,,110,2400,0.8,0.0428,1920,,
4298,170,13240-240,"RB XFS-CV-PS-09-18 (p-stripe, 500')",,638.5,20,240,7,4800,,
4299,170,12-2180,LAT 3/4,,110,300,0.75,0.0428,225,,
4300,170,20-2260,3/4 x 3/4 x 1/2 TEE SST PVC,,None,200,1.25,0,250,,
4301,170,30-2707,NETAFIM TL TEE,,None,200,0.5,0,100,,
4302,170,13420-072,GPH GDFN-R FLUSH NOZZLE,,637.1,10,15,0.125,150,,
4303,170,13-2420,LAT 1,,120,760,1.15,0.0438,874,,
4304,170,13-2410,LAT 3/4,,110,180,0.8,0.0428,144,,
4305,170,14-2620,SLV 6,,185,80,13.3,0.04,1064,,
4306,170,>>>,OFF-SITE IRRIGATION,,,1,0,0,0,,
4307,170,9301-230,AS-BUILTS AND REPRO CHARGES,,451,1,600,3.75,600,,
4308,170,13-1636,"WILKINS 950XL-200,  2",,260,1,1100,8,1100,,
4309,170,15-1720,2,,None,1,90,0,90,,
4310,170,32-1079,STRONGBOX SBBC-45CR BF ENCL,,480,1,2000,4,2000,,
4311,170,9305-210,IRRIGATION MISC #2,,999,1,200,0,200,,
4312,170,0395-106,"CONCRETE BASE (BF, PUMP, CONTROLLER)",,635.5,1,250,5,250,,
4313,170,001-015,2,,None,2,82,0,164,,
4314,170,9301-250,THRUST BLOCKS,,460,2,15,0.5,30,,
4315,170,27-1067,SUPERIOR 3200-RW  1.5,,380.2,1,480,1.25,480,,
4316,170,9304-210,IRRIGATION MISC #1,,999,1,104,0,104,,
4317,170,32-0068,RB IVMDEC DECODER (non-RB valves),,637.2,1,238,0.25,238,,
4318,170,13-2505,EATON #72 SIMPLEX S.S. B.S. 1.5,,382.2,1,4480,1.5,4480,,
4319,170,13-1696,WILKINS 500XL-HLR 1.5,,380.2,1,1930,1.25,1930,,
4320,170,15-1700,1.5,,None,1,65,0,65,,
4321,170,32-0076,ITS IFS-150F FLOW SENSOR,,380.2,1,424,1.25,424,,
4322,170,32-0082,RB IVMSD SENSOR DECODER,,637.2,1,624,0.25,624,,
4323,170,32-0025,PUMP ASSEMBLY #1,,647,1,31180,10,31180,,
4324,170,95-0006,"CONCRETE BASE (BF, PUMP, CONTROLLER)",,635.5,1,250,5,250,,
4325,170,0395-111,ELECTRIC SUB,,999,1,800,0,800,,
4326,170,0113-601,,,162,1800,4.65,0.038,8370,,
4327,170,0113-205,ML 1,,122,100,1.15,0.04,115,,
4328,170,13-2300,ML 3/4,,112,60,0.8,0.04,48,,
4329,170,28-1100,NIBCO T-113 - 2.5,,402.1,17,640,1,10880,,
4330,170,28-1020,NIBCO T-113 - 1,,402.1,5,130,1,650,,
4331,170,28-1000,NIBCO T-113 -3/4,,402.1,6,87,1,522,,
4332,170,27-1159,SUPERIOR QB44-AT-RC,,420.2,11,134,1.13,1474,,
4333,170,10-53161,RB 100 PESB-R 1,,380.2,17,154,1.25,2618,,
4334,170,10-5425,RB XCZ-100-PRBR DRIP RW VALVE,,382.2,8,190,1.5,1520,,
4335,170,13-2670,SLV 2,,154,80,2.3,0.04,184,,
4399,155,>>>,PARK AREA DRAINS,,,0,0,0,0,,
4400,155,40-1974,"4"" PVC SDR 35 SOLID",,625,820,2.3,0.1,1886,,
4401,155,40-1520,NDS #78 4,,630.2,26,11.25,0.75,292.5,,
4402,155,40-1600,NDS 1230 12x12 ADAPTER,,605,5,31,1,155,,
4403,155,40-1902,BREAK INTO CATCH BASIN (4,,636,5,300,2,1500,,
4426,163,>>>,OFFSITE DRAINS,,,1,0,0,0,,
4427,163,40-1974,"4"" PVC SDR 35 SOLID",,625,1060,2.3,0.1,2438,,
4428,163,40-1600,NDS 1230 12x12 ADAPTER,,610.1,7,31,1,217,,
4521,159,>>>,HOA Person 8B3E4FC9 PLANTING,,,1,0,0,0,,
4522,159,4560-148,PROSOPIS CHILENSIS 48,,503.4,22,1150,6,25300,,
4523,159,3920-936,OLEA E. WILSONII 36,,505.3,24,475,4.5,11400,,
4524,159,1520-124,CUPANIOPSIS ANA. 24,,507,45,175,2.8,7875,,
4525,159,3012-324,LAGER. NATCHEZ  24,,507,12,180,2.8,2160,,
4526,159,3920-524,OLEA WILSON 24,,507,22,180,2.8,3960,,
4527,159,1151-624,CERCIS C. FOREST PANSY 24,,507,10,200,2.8,2000,,
4528,159,4210-124,PINUS ELDARICA 24,,507,6,175,2.8,1050,,
4529,159,9302-950,CENTURY 24,,537,2160,6,0.1,12960,,
4530,159,0392-005,AGAVE DESMETTIANA 5G,,520,12,20,0.27,240,,
4531,159,0748-302,BOUG. SPEC. TORCH GLOW 5G,,520,95,14,0.27,1330,,
4532,159,2811-505,JUNIPERUS BLUE POINT 5G CLMN,,520,11,18,0.27,198,,
4533,159,4025-505,PARTH. TRICUSP 5G STK,,520,59,16.5,0.27,973.5,,
4534,159,1052-106,WESTRINGIA FRUIT. MRNG LIGHT 5G,,520,63,13.5,0.27,850.5,,
4535,159,1052-705,WESTRINGEA WES-03 5G,,520,117,13,0.27,1521,,
4536,159,2030-201,ASCLEPIAS FASCICULARIS 1G,,522,52,5,0.11,260,,
4537,159,1330-601,CISTUS BRILLIANCY 1G,,522,253,4,0.11,1012,,
4538,159,1631-601,DIANELLA DR5000  1G,,522,467,6.5,0.11,3035.5,,
4539,159,1325-101,HESPERALOE PARVIFOLIA 1G,,522,94,4.5,0.11,423,,
4540,159,4064-201,PENSTEMON 'MARGARITA BOP' 1G,,522,70,5,0.11,350,,
4541,159,4925-501,SALVIA GREGII 1G,,522,108,4,0.11,432,,
4542,159,4902-701,SALVIA SONOMENSIS 1G,,522,358,6,0.11,2148,,
4543,159,3950-301,WESTRINGIA MUNDI 1G,,522,329,5.5,0.11,1809.5,,
4544,159,2101-1000,GENERIC MULCH,,534.1,305,25,0.5,7625,,
4545,159,2101-1000,GENERIC MULCH,,534.1,4,25,0.5,100,,
4546,159,9302-210,SOIL PREP,,533,33382,0,0.0035,0,,
4547,159,9302-225,FINE RAKE,,536,33382,0,0.002,0,,
4548,159,9302-220,WEED CONTROL (GRO-N-KILL),,535,3500,0,0.0005,0,,
4549,159,95-1029,DELIVERY,,None,1,5300,0,5300,,
4550,161,>>>,PRODUCTION DRAINS (TOTAL 94 LOTS),,,1,0,0,0,,
4551,161,40-1974,4,,625,16880,2.3,0.1,38824,,
4552,161,40-1600,NDS 1230 12x12 ADAPTER,,610.1,397,31,1,12307,,
4553,161,40-1461,NDS #11 4,,630,157,5,0.5,785,,
4554,161,40-1752,"CURB CORES 3-5, 3.5",,None,133,110,0,14630,,
4555,161,40-1660,ABS SDR 35 3,,620,1600,4.35,0.1,6960,,
4556,161,40-1020,PVC SDR 35 4,,None,0,8.5,0,0,,
4557,161,23-60111,4,,999,133,11.25,0,1496.25,,
4558,161,40-1902,BREAK INTO CATCH BASIN (4,,636,3,300,2,900,,
4559,161,40-1912,TIE INTO DRAINLINE  4,,635,20,10,1,200,,
4560,161,,,,,1,0,0,0,,
5335,186,>>>,PARK AREA DRAINS,,,1,0,0,0,,
5336,186,40-1974,"4"" PVC SDR 35 SOLID",,625,40,2.3,0.1,92,,
5337,186,40-1973,"6"" PVC SDR 35 SOLID",,627,160,5,0.12,800,,
5338,186,40-4010,NDS 930 HUB ADAPTER,,615,3,23,1,69,,
5339,186,40-4020,"NDS 990 9"" GREEN GRT FLT",,None,-3,27,0,-81,,
5340,186,40-4019,"NDS 981 9"" BLK  ATR. GRT",,None,3,40,0,120,,
5341,186,40-1600,NDS 1230 12x12 ADAPTER,,610.1,4,31,1,124,,
5342,186,40-1414,"NDS 906PB 4"" POLISH BRASS DROP-IN",,630,1,70,0.5,70,,
5355,187,9302-122,DG MOJAVE GOLD SWB STABILIZED,,547,10,180,0.5,1800,,
5356,187,33-13035,RECYCLED CLASS 2 BASE,,635.2,10,28,0.5,280,,
5357,187,95-0411,"ROLLER, PER DAY",,635.8,0.5,450,8,225,,
5358,187,95-0410,MISC BLS EQUIPMENT PER HR,,635,4,90,1,360,,
5359,187,95-1029,DELIVERY,,None,1,590,0,590,,
5369,184,>>>,SINGLE FAMILY DRAINS,,,1,0,0,0,,
5370,184,40-1974,4,,625,3460,2.3,0.1,7958,,
5371,184,40-1973,6,,627,1560,5,0.12,7800,,
5372,184,40-1972,8,,632.11,1020,9.3,0.2,9486,,
5373,184,40-4010,NDS 930 HUB ADAPTER,,615,169,23,1,3887,,
5374,184,40-4020,NDS 990 9,,None,-169,27,0,-4563,,
5375,184,40-4019,NDS 981 9,,None,169,40,0,6760,,
5376,184,40-1900,BREAK INTO CATCH BASIN (8,,636,5,360,2,1800,,
5377,184,40-1899,BREAK INTO CATCH BASIN (12,,636,5,475,2,2375,,
5378,184,10-20130,SHORING,,637.3,940,0.8,0.05,752,,
5379,184,33-5060,DEEP DIG (DRAINS) OVER 4',,639.6,940,0,0.1,0,,
5380,185,>>>,REC AREA DRAINS,,,1,0,0,0,,
5381,185,40-1974,4,,625,180,2.3,0.1,414,,
5382,185,40-1973,6,,627,60,5,0.12,300,,
5383,185,40-4010,NDS 930 HUB ADAPTER,,615,9,23,1,207,,
5384,185,40-4020,NDS 990 9,,None,-9,27,0,-243,,
5385,185,40-4020,NDS 990 9,,None,9,27,0,243,,
5386,185,40-4030,NDS 637 6 X 6 x 6,,617,1,19,0.75,19,,
5387,185,40-1919,TIE INTO EXPENSIVE DRAINLINE 10,,635,1,250,1,250,,
5388,185,>>>,POOL AREA SLOT DRAIN,,,1,0,0,0,,
5389,185,40-5000,4,,626,0,6.5,0.1,0,,
5390,185,40-1414,NDS 906PB 4,,630,0,70,0.5,0,,
5391,185,,,,,1,0,0,0,,
5413,181,>>>,ALT. BID (ADD MASTER VALVE & FLOW SENSOR),,,1,0,0,0,,
5414,181,32-5092,RB FS-100P FLOW SENSOR,,380,4,464,1.25,1856,,
5415,181,10-5020,RB 100 PEB,,380,4,100,1.25,400,,
5416,181,13-1037,9516-2SP FLOW SENSOR WIRE,,430,180,0.85,0.003,153,,
5417,181,12-3008,"CONDUIT 2""  ELECTRICAL (SCH 40)",,129,120,3.9,0.038,468,,
5565,157,20-2260,3/4 x 3/4 x 1/2 TEE SST PVC,,None,200,1.25,0,250,,
5566,157,30-2707,NETAFIM TL TEE,,None,200,0.5,0,100,,
5567,157,13420-072,GPH GDFN-R FLUSH NOZZLE,,637.1,10,15,0.125,150,,
5568,157,13-2420,LAT 1,,120,760,1.15,0.0438,874,,
5569,157,13-2410,LAT 3/4,,110,180,0.8,0.0428,144,,
5570,157,14-2620,SLV 6,,185,80,13.3,0.04,1064,,
5571,157,>>>,OFF-SITE IRRIGATION,,,1,0,0,0,,
5572,157,9301-230,AS-BUILTS AND REPRO CHARGES,,451,1,600,3.75,600,,
5573,157,13-1636,"WILKINS 950XL-200,  2",,260,1,1100,8,1100,,
5574,157,15-1720,2,,None,1,90,0,90,,
5575,157,32-1079,STRONGBOX SBBC-45CR BF ENCL,,480,1,2000,4,2000,,
5576,157,9305-210,IRRIGATION MISC #2,,999,1,200,0,200,,
5577,157,0395-106,"CONCRETE BASE (BF, PUMP, CONTROLLER)",,635.5,1,250,5,250,,
5578,157,001-015,2,,None,2,82,0,164,,
5579,157,9301-250,THRUST BLOCKS,,460,2,15,0.5,30,,
5580,157,27-1067,SUPERIOR 3200-RW  1.5,,380.2,1,480,1.25,480,,
5581,157,9304-210,IRRIGATION MISC #1,,999,1,104,0,104,,
5582,157,32-0068,RB IVMDEC DECODER (non-RB valves),,637.2,1,238,0.25,238,,
5583,157,13-2505,EATON #72 SIMPLEX S.S. B.S. 1.5,,382.2,1,4480,1.5,4480,,
5584,157,15-1700,1.5,,None,2,65,0,130,,
5585,157,13-1696,WILKINS 500XL-HLR 1.5,,380.2,1,1930,1.25,1930,,
5586,157,15-1700,1.5,,None,1,65,0,65,,
5587,157,32-0076,ITS IFS-150F FLOW SENSOR,,380.2,1,424,1.25,424,,
5588,157,32-0082,RB IVMSD SENSOR DECODER,,637.2,1,624,0.25,624,,
5589,157,32-0025,PUMP ASSEMBLY #1,,647,1,31180,10,31180,,
5590,157,95-0006,"CONCRETE BASE (BF, PUMP, CONTROLLER)",,635.5,1,250,5,250,,
5591,157,0395-111,ELECTRIC SUB,,999,1,800,0,800,,
5592,157,0113-601,,,162,1800,4.65,0.038,8370,,
5593,157,0113-205,ML 1,,122,100,1.15,0.04,115,,
5594,157,13-2300,ML 3/4,,112,60,0.8,0.04,48,,
5595,157,28-1100,NIBCO T-113 - 2.5,,402.1,17,640,1,10880,,
5596,157,28-1020,NIBCO T-113 - 1,,402.1,5,130,1,650,,
5597,157,28-1000,NIBCO T-113 -3/4,,402.1,6,87,1,522,,
5598,157,27-1159,SUPERIOR QB44-AT-RC,,420,11,167,0.86,1837,,
5599,157,32-0066,"RB IVM-PESB-100 - 1"" W/ IVM SOLENOID DECODER",,380.2,17,262,1.25,4454,,
5600,157,10-1141,RB NP-HAN PESB PURPLE,,None,17,7,0,119,,
5601,157,10-5425,RB XCZ-100-PRBR DRIP RW VALVE,RB XCZ-100-IVMQ-NP-HAN,382.2,8,292,1.5,2336,,
5602,157,10-1141,RB NP-HAN PESB PURPLE,,None,25,7,0,175,,
5603,157,13-2670,SLV 2,,154,80,2.3,0.04,184,,
5604,157,20-3062,LASCO V10791N 1,,999,25,6.5,0,162.5,,
5605,157,32-0069,RB IVMSL DECODER,W/ RCV PRICE,637.2,25,0,0.25,0,,
5606,157,33-5072,3M SCOTCHLOK 3570 CONN,,999,50,6.2,0,310,,
5607,157,1839-101,IMPERIAL CONTR. ASSEMBLY #1,,490,1,12044,10,12044,,
5608,157,95-0006,"CONCRETE BASE (BF, PUMP, CONTROLLER)",,635.5,1,250,5,250,,
5609,157,95-0010,ELECTRICAL SUB./PERMITS FOR CONTROLLER,,None,1,800,0,800,,
5610,157,13-1042,PAIGE P-7162D SENSOR CABLE,,430,500,1.2,0.003,600,,
5611,157,>>>,OFF SITE IRRIGATION,,,0,0,0,0,,
5612,157,14-2630,SLV 4,,182,40,7.2,0.04,288,,
5613,157,9301-298,RECLAIMED WATER SIGN regular,,635.11,7,120,0.75,840,,
5614,157,32-1011,BRICK PAVER,,639.1,261,1.4,0.005,365.4,,
5615,157,33-2020,PENTITES,,None,-72,1.75,0,-126,,
5616,157,33-5072,3M SCOTCHLOK 3570 CONN,,999,72,6.2,0,446.4,,
5617,157,33-1304,FILTER FABRIC 4oz (Mirafi 140n),,641,400,0.2,0.003,80,,
5618,157,7000-100,WIRE CLOTH 19-GAUGE 1/2,,639.3,300,1,0.025,300,,
5619,157,9310-213,TURNOVER ITEMS,,None,1,600,0,600,,
5620,157,12-3011,CONDUIT 1,,126,40,1.8,0.033,72,,
5621,157,22-1525,HUNTER PROS-12-PRS40-CV-R 12,,213,133,24,0.12,3192,,
5622,157,22-1087,HUNTER PROSPRAY NOZZLE,,None,-133,1.2,0,-159.6,,
5623,157,32-1196,HUNTER MP2000 ROTATOR NOZZLE,,None,67,7,0,469,,
5624,157,32-1197,HUNTER MP3000 ROTATOR NOZZLE,,None,66,7,0,462,,
5625,157,13-2430,LAT 1.25,,130,100,1.6,0.0458,160,,
5626,157,13-2420,LAT 1,,120,200,1.15,0.0438,230,,
5627,157,13-2410,LAT 3/4,,110,2400,0.8,0.0428,1920,,
5628,157,13240-240,"RB XFS-CV-PS-09-18 (p-stripe, 500')",,638.5,20,240,7,4800,,
5629,157,12-2180,LAT 3/4,,110,300,0.75,0.0428,225,,
5630,157,13-1012,PAIGE P7072D-ORANGE,,430,2500,0.85,0.003,2125,,
5631,157,12-3011,CONDUIT 1,,126,2160,1.8,0.033,3888,,
5632,157,33-2603,ELECTRICAL SWEEP 1,,None,50,5.2,0,260,,
5633,157,32-0070,RB IVMSP SURGE PROTECTOR,,380.4,7,113,1.25,791,,
5634,157,32-0053,RB GR-K GROUND ROD KIT,,635.2,7,91,0.5,637,,
5635,157,40-2145,NDS 111PBCR 10,,None,10,18,0,180,,
5636,157,10-8000,RB 1804-SAM-PRS (USE PL. NOZ),,210,281,8.5,0.12,2388.5,,
5637,157,10-5440,RB PLASTIC NOZZLE,,None,-281,1.1,0,-309.1,,
5638,157,10-1140,RB PA 80 ADAPTER,,None,281,3,0,843,,
5639,157,10-1180,RB 1401 BUBBLER,,999,281,5,0,1405,,
5640,157,13-2430,LAT 1.25,,130,20,1.6,0.0458,32,,
5641,157,13-2420,LAT 1,,120,400,1.15,0.0438,460,,
5642,157,13-2410,LAT 3/4,,110,3700,0.8,0.0428,2960,,
5696,154,0320-136,3/4 x 3/4 x 1/2 TEE SST PVC,,None,400,1.25,0,500,,
5697,154,30-2701,NETAFIM TL TEE,,None,400,0.5,0,200,,
5698,154,13420-072,GPH GDFN-R FLUSH NOZZLE,,637.1,11,15,0.125,165,,
5699,154,13-2430,LAT 1.25,,130,160,1.6,0.0458,256,,
5700,154,13-2420,LAT 1,,120,160,1.15,0.0438,184,,
5701,154,11-1480,LAT 3/4,,110,700,0.8,0.0428,560,,
5702,154,22-1524,HUNTER PROS-06-PRS40-CV-R 6,,213,56,19,0.12,1064,,
5703,154,22-1087,HUNTER PROSPRAY NOZZLE,,None,-56,1.2,0,-67.2,,
5704,154,32-1197,HUNTER MP3000 ROTATOR NOZZLE,,None,56,7,0,392,,
5705,154,20-3062,LASCO V10791N 1,,999,14,6.5,0,91,,
5706,154,32-0067,RB IVM-PESB-150 - 1.5,,380.2,7,290,1.25,2030,,
5707,154,20-3064,LASCO V17791N 1.5,,999,7,16,0,112,,
5708,154,>>>,PARK IRRIGATION,,,0,0,0,0,,
5709,154,32-0069,RB IVMSL DECODER,,637.2,21,0,0.25,0,,
5710,154,10-1141,RB NP-HAN PESB PURPLE,,None,10,7,0,70,,
5711,154,33-5072,3M SCOTCHLOK 3570 CONN,,999,42,6.2,0,260.4,,
5712,154,13-1011,PAIGE P7072D-BLUE,,430,1400,0.85,0.003,1190,,
5713,154,12-3011,CONDUIT 1,,126,1140,1.8,0.033,2052,,
5714,154,33-2603,ELECTRICAL SWEEP 1,,None,42,5.2,0,218.4,,
5715,154,40-2145,NDS 111PBCR 10,,None,6,18,0,108,,
5716,154,10-8000,RB 1804-SAM-PRS (USE PL. NOZ),,210,90,8.5,0.12,765,,
5717,154,0210-124,RB PLASTIC NOZZLE,,None,-90,1.1,0,-99,,
5718,154,10-1140,RB PA 80 ADAPTER,,None,90,3,0,270,,
5719,154,10-1180,RB 1401 BUBBLER,,999,90,5,0,450,,
5720,154,10-1135,RB 1800 NP COVER (PURPLE-RECLAIMED),,639,90,2.5,0.01,225,,
5721,154,13-2420,LAT 1,,120,80,1.15,0.0438,92,,
5722,154,13-2410,LAT 3/4,,110,1200,0.8,0.0428,960,,
5723,154,13240-205,"RB XFS-CV-09-12-P (purple, 500')",,638.5,3,265,7,795,,
5724,154,13240-205,"RB XFS-CV-09-12-P (purple, 500')",,638.5,17,265,7,4505,,
5725,154,13-2410,LAT 3/4,,110,600,0.8,0.0428,480,,
5726,154,13-2430,LAT 1.25,,130,480,1.6,0.0458,768,,
5727,154,13-2420,LAT 1,,120,280,1.15,0.0438,322,,
5728,154,13-2410,LAT 3/4,,110,1060,0.8,0.0428,848,,
5729,154,14-2620,SLV 6,,185,120,13.3,0.04,1596,,
5730,154,14-2630,SLV 4,,182,200,7.2,0.04,1440,,
5731,154,13-2670,SLV 2,,154,120,2.3,0.04,276,,
5732,154,9301-298,RECLAIMED WATER SIGN regular,,635.11,8,120,0.75,960,,
5733,154,32-1011,BRICK PAVER,,639.1,165,1.4,0.005,231,,
5734,154,33-2020,PENTITES,,None,-42,1.75,0,-73.5,,
5735,154,33-5072,3M SCOTCHLOK 3570 CONN,,999,42,6.2,0,260.4,,
5736,154,33-1304,FILTER FABRIC 4oz (Mirafi 140n),,641,200,0.2,0.003,40,,
5737,154,7000-100,WIRE CLOTH 19-GAUGE 1/2,,639.3,150,1,0.025,150,,
5738,154,32-1009,TIE INTO EXISTING MAINLINE,,635.3,1,100,3,100,,
5739,154,13-2200,,,162,1140,4.65,0.038,5301,,
5740,154,13-2300,ML 3/4,,112,80,0.8,0.04,64,,
5741,154,28-1100,NIBCO T-113 - 2.5,,402.1,10,640,1,6400,,
5742,154,28-1000,NIBCO T-113 -3/4,,402.1,8,87,1,696,,
5743,154,27-1159,SUPERIOR QB44-AT-RC,,420.2,9,167,1.13,1503,,
5744,154,32-0066,RB IVM-PESB-100 - 1,,380.2,3,310,1.25,930,,
5745,154,10-5439,RB XCZ-100-PRF,,382.2,11,292,1.5,3212,,
5746,160,>>>,HOA Person 8B3E4FC9 IRRIG,,,1,0,0,0,,
5747,160,9301-230,AS-BUILTS AND REPRO CHARGES,,451,1,600,3.75,600,,
5748,160,9301-255,STUB OUT FOR FUTURE USE,,461,5,5,0.5,25,,
5749,160,9301-255,STUB OUT FOR FUTURE USE,,461,10,5,0.5,50,,
5750,160,9301-255,STUB OUT FOR FUTURE USE,,461,38,3,0.5,114,,
5751,160,13-2030,,,162,3840,3.8,0.038,14592,,
5752,160,13-2110,ML 1,,122,200,1.1,0.04,220,,
5753,160,13-1637,WILKINS 950XL-100 1,,290,1,360,6,360,,
5754,160,15-1660,1,,None,1,57,0,57,,
5755,160,32-1073,STRONGBOX SBBC-30CR BF ENCL,,480,1,1450,4,1450,,
5756,160,9304-210,IRRIGATION MISC #1,,999,1,150,0,150,,
5757,160,95-0006,"CONCRETE BASE (BF, PUMP, CONTROLLER)",,635.5,1,250,5,250,,
5758,160,9301-250,THRUST BLOCKS,,460,2,15,0.5,30,,
5759,160,13-1696,WILKINS 500XL-HLR 1.5,,380,1,1930,1.25,1930,,
5760,160,15-1700,1.5,,None,1,65,0,65,,
5761,160,27-1056,SUPERIOR 3200  1.5,,380,1,500,1.25,500,,
5762,160,9304-210,IRRIGATION MISC #1,,999,1,104,0,104,,
5763,160,32-0068,RB IVMDEC DECODER (non-RB valves),,637.2,1,155,0.25,155,,
5764,160,32-0076,ITS IFS-150F FLOW SENSOR,,380,1,452,1.25,452,,
5765,160,0202-324,,,637.2,1,624,0.25,624,,
5766,160,12-3011,CONDUIT 1,,126,40,1.8,0.033,72,,
5767,160,28-1100,NIBCO T-113 - 2.5,,400,31,640,1,19840,,
5768,160,28-1020,NIBCO T-113 - 1,,400,19,130,1,2470,,
5769,160,10-5400,RB 44LRC,,420,12,125,0.86,1500,,
5770,160,32-0066,RB IVM-PESB-100 - 1,,380,16,216,1.25,3456,,
5771,160,32-0069,RB IVMSL DECODER,,637.2,16,0,0.25,0,,
5772,160,10-5439,RB XCZ-100-PRF,,380.6,25,292,1,7300,,
5773,160,32-0069,RB IVMSL DECODER,,637.2,25,0,0.25,0,,
5774,160,20-3062,LASCO V10791N 1,,999,41,6.5,0,266.5,,
5775,160,1839-102,IMPERIAL CONTR. ASSEMBLY #2,,490,1,13779,10,13779,,
5776,160,95-0010,ELECTRICAL SUB./PERMITS FOR CONTROLLER,,None,1,800,0,800,,
5777,160,95-0006,"CONCRETE BASE (BF, PUMP, CONTROLLER)",,635.5,1,250,5,250,,
5778,160,33-2603,ELECTRICAL SWEEP 1,,None,1,5.2,0,5.2,,
5779,160,13-1013,PAIGE P7072D-PURPLE,,430,3300,0.85,0.003,2805,,
5780,160,13-1038,PAIGE P-7072-D COMM. CABLE,,430,800,1.16,0.003,928,,
5781,160,12-3011,CONDUIT 1,,126,3760,1.8,0.033,6768,,
5782,160,30-1012,ELECTRICAL SWEEP,,639.2,82,8,0.3,656,,
5783,160,40-2145,NDS 111PBCR 10,,None,1,18,0,18,,
5784,160,32-0070,RB IVMSP SURGE PROTECTOR,,380.4,5,113,1.25,565,,
5785,160,32-0053,RB GR-K GROUND ROD KIT,,635.2,5,91,0.5,455,,
5786,160,10-8000,RB 1804-SAM-PRS (USE PL. NOZ),,210,290,8.5,0.12,2465,,
5787,160,10-5440,RB PLASTIC NOZZLE,,None,-290,1.1,0,-319,,
5788,160,10-1140,RB PA 80 ADAPTER,,None,290,3,0,870,,
5789,160,10-1180,RB 1401 BUBBLER,,999,290,5,0,1450,,
5790,160,12-2200,LAT 1,,120,40,1.1,0.0438,44,,
5791,160,12-2180,LAT 3/4,,110,6240,0.75,0.0428,4680,,
5792,160,13240-201,RB XFS-CV-09-18-500',,638.5,43,240,7,10320,,
5793,160,12-2180,LAT 3/4,,110,2000,0.75,0.0428,1500,,
5794,160,0320-172,3/4 x 3/4 x 1/2 TEE SST PVC,,None,1330,1.25,0,1662.5,,
5795,160,30-2707,NETAFIM TL TEE,,None,1330,0.5,0,665,,
5796,160,13420-075,GPH GDFN-R FLUSH NOZZLE,,637.1,19,15,0.125,285,,
5797,160,0112-105,LAT 1.25,,131,60,1.45,0.04,87,,
5798,160,12-2200,LAT 1,,120,840,1.1,0.0438,924,,
5799,160,12-2180,LAT 3/4,,110,4780,0.75,0.0428,3585,,
5800,160,13-2630,SLV 6,,185,1320,12.1,0.04,15972,,
5801,160,13-2640,SLV 4,,182,1860,6.85,0.04,12741,,
5802,160,0113-501,SLV 2,,154,1420,2.3,0.04,3266,,
5803,160,32-1011,BRICK PAVER,,639.1,336,1.4,0.005,470.4,,
5804,160,33-2020,PENTITES,,None,-98,1.75,0,-171.5,,
5805,160,33-5072,3M SCOTCHLOK 3570 CONN,,999,98,6.2,0,607.6,,
5806,160,33-1304,FILTER FABRIC 4oz (Mirafi 140n),,641,500,0.2,0.003,100,,
5807,160,7000-100,WIRE CLOTH 19-GAUGE 1/2,,639.3,300,1,0.025,300,,
5808,160,9310-207,TURNOVER ITEMS,,None,1,600,0,600,,
5809,160,,,,,1,0,0,0,,
5810,160,,,,,1,0,0,0,,
5812,188,`,,,,1,0,0,0,,
5813,188,,,,,1,0,0,0,,
5818,189,0202-324,ACACIA BAILEYANA 24,,507,1,175,2.8,175,,
5819,189,0432-515,AZALEA PATIO TREES 15G,,519,1,50,0.75,50,,
5851,198,>>>,VISTA PRODUCTION DRAINS,,,1,0,0,0,,
5852,198,40-1520,"NDS #78 4"" ATRIUM BLACK",,630.2,34,11.25,0.75,382.5,,
5853,198,40-1912,"TIE INTO DRAINLINE  4""",#6,635,25,10,1,250,,
5854,198,22-0044,4 90 ELL PVC DRAIN,,None,50,7.5,0,375,,
5855,198,40-1910,"TIE INTO DRAINLINE  8""",#6,635,5,150,1,750,,
5856,198,22-0088,8 90 ELL PVC DRAIN,,None,10,105,0,1050,,
5857,198,40-1400,DOWNSPOUT 2 X 3 X 4 (PVC 35),#7 CONNECT DOWN SPOUT TO SD,630.5,20,8,0.5,160,,
5858,198,40-1400,DOWNSPOUT 2 X 3 X 4 (PVC 35),#9 CONNECT ROOF DRAIN TO SD,630.5,40,8,0.5,320,,
5859,198,40-1974,"4"" PVC SDR 35 SOLID",,625,640,2.3,0.1,1472,,
5860,198,40-1972,"8"" PVC SDR 35 SOLID",,632.11,760,9.3,0.2,7068,,
5861,198,,,,,1,0,0,0,,
5862,198,,,,,1,0,0,0,,
5863,198,,,,,1,0,0,0,,
5940,202,95-0111,IMPERIAL CA TALL FESCUE 90 (Imperial),,800.1,155,4.25,0.06,658.75,,
5941,202,95-0111,IMPERIAL CA TALL FESCUE 90 (Imperial),,999,100,4.25,0.06,425,,
5942,202,33-1287A,"PERMALOC ALUM. HDR 3/16"" x 4"" W/ STKS",,559,32,6.25,0.03,200,,
5943,202,,,,,1,0,0,0,,
5989,199,>>>,MODEL REAR YARD PATIO IRRIG,,,1,0,0,0,,
5990,199,13-2110,ML 1,,122,40,1.1,0.04,44,,
5991,199,10-5427,RB XACZ-075-PRF  ASVF,,390,3,49,0.62,147,,
5992,199,10-3121,RB TBOS-BT1  1 STA. BATT-OP,,469,3,139,1,417,,
5993,199,12-2180,LAT 3/4,,110,40,0.75,0.0428,30,,
5994,199,20-2260,3/4 x 3/4 x 1/2 TEE SST PVC,,None,26,1.25,0,32.5,,
5995,199,30-2721,NETAFIM TL050-MA,,None,26,0.55,0,14.3,,
5996,199,25-1583,SPEARS 8722-005 1/2,,402.5,3,10,0.3,30,,
5997,199,13420-144,RB XB 20PC  EMITTER (BARBED) RED,,639,16,0.5,0.01,8,,
5998,199,13420-141,RB TS-025WCAP .25,,639.3,16,0.45,0.025,7.2,,
5999,199,13420-143,RB DT-025 1/4,,639,100,0.1,0.01,10,,
6000,199,10-3125,RB TBOS-PSOL POTTED LATCH. SOL.,,639.4,3,45,0.08,135,,
6001,199,13240-241,RB XFS-06-18 (500' roll),,638.5,1,210,7,210,,
6002,200,>>>,MODEL PATIO PLANTING,,,1,0,0,0,,
6003,200,0378-148,ARBUTUS MARINA 48,,503.4,1,1375,6,1375,,
6004,200,3010-336,LAGERS. F. MUSKOGEE 36,,505.3,1,470,4.5,470,,
6005,200,1151-624,CERCIS C. FOREST PANSY 24,,507,2,200,2.8,400,,
6006,200,9302-950,CENTURY 24,,537,15,6,0.1,90,,
6007,200,0393-215,AGAVE BLUE FLAME 15G,,519,2,75,0.75,150,,
6008,200,4372-615,PODOCARPUS E. MONMAL ICEE BLUE 15G,,519,10,100,0.75,1000,,
6009,200,4730-115,RHAP UMBELLATA MINOR 15G,,519,9,55,0.75,495,,
6010,200,3430-201,FESTUCA RUBRA 1G,,522,31,4,0.11,124,,
6011,200,4929-105,SANSEVIERIA TRIFASCIATA 5G,,520,30,30,0.27,900,,
6012,200,4829-405,SENECIO DECARYI 5G,,520,22,22,0.27,484,,
6013,200,4920-4012,SESLERIA  AUTUMNALIS 1G,,522,43,5,0.11,215,,
6014,200,33-020,AGUINAGA FOREST FLR .5,,534.1,4,60,0.5,240,,
6015,200,9302-225,FINE RAKE,,536,390,0,0.002,0,,
6016,200,9302-210,SOIL PREP,,533,390,0,0.0035,0,,
6017,200,9302-220,WEED CONTROL (GRO-N-KILL),,535,100,0,0.0005,0,,
6018,200,95-1029,DELIVERY,,None,1,500,0,500,,
6019,201,>>>,POT PLANTING,,,1,0,0,0,,
6020,201,4260-115,PITT. GOLF BALL 15G,,519.1,4,75,0.73,300,,
6021,201,1420-015,CORDYLINE 'ELECTRIC PINK' 15G,,519.1,4,75,0.75,300,,
6022,201,33-1643,PEDILANTHUS BRACTEATUS 15G,,519.1,8,95,0.75,760,,
6023,201,4261-615,PITT. TEN. SILVER SHEEN 15G,,519.1,4,65,0.73,260,,
6024,201,0393-215,AGAVE BLUE FLAME 15G,,519.1,4,75,0.73,300,,
6025,201,9309-210,POT PLACEMENT/IRRIG/DRAIN,,636,12,15,2,180,,
6026,201,9500-113,"POTTING SOIL, 2 CF BAG",,642,40,13.5,0.17,540,,
6027,201,9311-310,POT #1,,999,1,0,0,0,,
6028,201,95-1029,DELIVERY,,None,1,150,0,150,,
6029,206,95-0003,"MOW CURB (FORMED, 6x6)",,999,380,22,0,8360,,
6092,208,4360-515,PLUMERIA OBTUSA 15G,,519,40,0,0.75,0,,
6093,208,4360-515,PLUMERIA OBTUSA 15G,,999,40,0,1,0,,
6094,209,355,,,,1,0,0,0,,
6096,213,33-1279,B.C. 3/16 X 4 GREEN METAL HEADER,STEAL HEADER   ---   1971 LF,546,1,6.1,0.03,6.1,,
6097,214,9325-103,BOULDER 3',,635,83,75,1,6225,,
6098,214,9325-102,BOULDER 2',,635,207,50,1,10350,,
6099,214,9325-1010,BOULDER 1',,635.2,143,25,0.5,3575,,
6101,212,9302-1003,DG - DESERT GOLD DG STABILIZED,,547,186,60,0.5,11160,,
6102,215,>>>,VISTA PRODUCTION DRAINS,,,1,0,0,0,,
6103,215,40-1520,"NDS #78 4"" ATRIUM BLACK",,630.2,34,11.25,0.75,382.5,,
6104,215,40-1912,"TIE INTO DRAINLINE  4""",,635,25,10,1,250,,
6105,215,22-0044,4 90 ELL PVC DRAIN,,None,50,7.5,0,375,,
6106,215,40-1910,"TIE INTO DRAINLINE  8""",,635,5,150,1,750,,
6107,215,22-0088,8 90 ELL PVC DRAIN,,None,10,105,0,1050,,
6108,215,40-1400,DOWNSPOUT 2 X 3 X 4 (PVC 35),,630.5,20,8,0.5,160,,
6109,215,40-1400,DOWNSPOUT 2 X 3 X 4 (PVC 35),,630.5,40,8,0.5,320,,
6110,215,40-1974,"4"" PVC SDR 35 SOLID",,625,640,2.3,0.1,1472,,
6111,215,40-1972,"8"" PVC SDR 35 SOLID",,632.11,760,9.3,0.2,7068,,
6112,215,,,,,1,0,0,0,,
6113,215,,,,,1,0,0,0,,
6114,215,,,,,1,0,0,0,,
6115,216,>>>,MODEL REAR YARD PATIO IRRIG,,,1,0,0,0,,
6116,216,13-2110,ML 1,,122,40,1.1,0.04,44,,
6117,216,10-5427,RB XACZ-075-PRF  ASVF,,390,3,49,0.62,147,,
6118,216,10-3121,RB TBOS-BT1  1 STA. BATT-OP,,469,3,139,1,417,,
6119,216,12-2180,LAT 3/4,,110,40,0.75,0.0428,30,,
6120,216,20-2260,3/4 x 3/4 x 1/2 TEE SST PVC,,None,26,1.25,0,32.5,,
6121,216,30-2721,NETAFIM TL050-MA,,None,26,0.55,0,14.3,,
6122,216,25-1583,SPEARS 8722-005 1/2,,402.5,3,10,0.3,30,,
6123,216,13420-144,RB XB 20PC  EMITTER (BARBED) RED,,639,16,0.5,0.01,8,,
6124,216,13420-141,RB TS-025WCAP .25,,639.3,16,0.45,0.025,7.2,,
6125,216,13420-143,RB DT-025 1/4,,639,100,0.1,0.01,10,,
6126,216,10-3125,RB TBOS-PSOL POTTED LATCH. SOL.,,639.4,3,45,0.08,135,,
6127,216,13240-241,RB XFS-06-18 (500' roll),,638.5,1,210,7,210,,
6128,217,>>>,MODEL PATIO PLANTING,,,1,0,0,0,,
6129,217,0378-148,ARBUTUS MARINA 48,,503.4,1,1375,6,1375,,
6130,217,3010-336,LAGERS. F. MUSKOGEE 36,,505.3,1,470,4.5,470,,
6131,217,1151-624,CERCIS C. FOREST PANSY 24,,507,2,200,2.8,400,,
6132,217,9302-950,CENTURY 24,,537,15,6,0.1,90,,
6133,217,0393-215,AGAVE BLUE FLAME 15G,,519,2,75,0.75,150,,
6134,217,4372-615,PODOCARPUS E. MONMAL ICEE BLUE 15G,,519,10,100,0.75,1000,,
6135,217,4730-115,RHAP UMBELLATA MINOR 15G,,519,9,55,0.75,495,,
6136,217,3430-201,FESTUCA RUBRA 1G,,522,31,4,0.11,124,,
6137,217,4929-105,SANSEVIERIA TRIFASCIATA 5G,,520,30,30,0.27,900,,
6138,217,4829-405,SENECIO DECARYI 5G,,520,22,22,0.27,484,,
6139,217,4920-4012,SESLERIA  AUTUMNALIS 1G,,522,43,5,0.11,215,,
6140,217,33-020,AGUINAGA FOREST FLR .5,,534.1,4,60,0.5,240,,
6141,217,9302-225,FINE RAKE,,536,390,0,0.002,0,,
6142,217,9302-210,SOIL PREP,,533,390,0,0.0035,0,,
6143,217,9302-220,WEED CONTROL (GRO-N-KILL),,535,100,0,0.0005,0,,
6144,217,95-1029,DELIVERY,,None,1,500,0,500,,
6145,218,>>>,POT PLANTING,,,1,0,0,0,,
6146,218,4260-115,PITT. GOLF BALL 15G,,519.1,4,75,0.73,300,,
6147,218,1420-015,CORDYLINE 'ELECTRIC PINK' 15G,,519.1,4,75,0.75,300,,
6148,218,33-1643,PEDILANTHUS BRACTEATUS 15G,,519.1,8,95,0.75,760,,
6149,218,4261-615,PITT. TEN. SILVER SHEEN 15G,,519.1,4,65,0.73,260,,
6150,218,0393-215,AGAVE BLUE FLAME 15G,,519.1,4,75,0.73,300,,
6151,218,9309-210,POT PLACEMENT/IRRIG/DRAIN,,636,12,15,2,180,,
6152,218,9500-113,"POTTING SOIL, 2 CF BAG",,642,40,13.5,0.17,540,,
6153,218,9311-310,POT #1,,999,1,0,0,0,,
6154,218,95-1029,DELIVERY,,None,1,150,0,150,,
6159,220,93-1138,"PEWTER GRAY 3/4""-1"" CRUSHED",,640,8,95,1,760,,
6160,220,33-1304,FILTER FABRIC 4oz (Mirafi 140n),,641,800,0.2,0.003,160,,
6161,220,95-0410,MISC BLS EQUIPMENT PER HR,,635,4,90,1,360,,
6162,220,33-1287A,"PERMALOC ALUM. HDR 3/16"" x 4"" W/ STKS",,559,64,6.25,0.03,400,,
6163,220,95-1029,DELIVERY,,None,1,431,0,431,,
6182,221,33-3012,BIO-SWALE SOIL MIX #1 (cy),4023 sf @ 3' deep,637.2,447,55,0.25,24585,,
6183,221,95-0410,MISC BLS EQUIPMENT PER HR,,635,60,90,1,5400,,
6216,224,40-4030,NDS 637 6 X 6 x 6,,617,3,19,0.75,57,,
6217,224,40-1760,"CURB CORES 5-10, 3.5",,None,5,80,0,400,,
6218,224,40-5010,6,,627.1,1,11,0.12,11,,
6219,224,40-1974,4,retaining wall,625,1,2.3,0.1,2.3,,
6220,203,93-1138,PEWTER GRAY 3/4,,640,8,95,1,760,,
6221,203,33-1304,FILTER FABRIC 4oz (Mirafi 140n),,641,800,0.2,0.003,160,,
6222,203,95-0410,MISC BLS EQUIPMENT PER HR,,635,4,90,1,360,,
6223,203,33-1287A,PERMALOC ALUM. HDR 3/16,,559,64,6.25,0.03,400,,
6224,203,95-1029,DELIVERY,,None,1,431,0,431,,
6234,226,9301-1220,"PARCHMENT PEBBLE 3/8""",,635,4,467,1,1868,,
6235,226,33-1304,FILTER FABRIC 4oz (Mirafi 140n),,641,300,0.2,0.003,60,,
6236,226,95-0410,MISC BLS EQUIPMENT PER HR,,635,4,100,1,400,,
6237,226,33-1190,"BORDER CONCEPTS STEEL 1/4"" X 5"" BROWN",,561,42,11,0.06,462,,
6238,226,95-1029,DELIVERY,,None,1,518,0,518,,
6329,225,0391-615,AGAVE ATT. VARIEGATA 15G,,519.1,16,110,0.73,1760,,
6330,225,1702-115,EQUISETUM HYEMALE 15G,,519.1,12,75,0.73,900,,
6331,225,9311-310,POT #1,,999,1,0,0,0,,
6332,225,9309-210,POT PLACEMENT/IRRIG/DRAIN,,636,20,15,2,300,,
6333,225,9500-113,"POTTING SOIL, 2 CF BAG",,642,70,13.5,0.17,945,,
6334,225,9301-210,PEA GRAVEL,,635,0.5,40,1,20,,
6335,225,33-1304,FILTER FABRIC 4oz (Mirafi 140n),,641,100,0.2,0.003,20,,
6336,225,9301-1135,BUFF BEACH 1,,640,0.3,375,1,112.5,,
6337,225,95-1029,DELIVERY,,None,1,0,0,0,,
6344,222,33-3012,BIO-SWALE SOIL MIX #1 (cy),,637.2,525,60,0.25,31500,,
6345,222,33-1302,GRAVEL 3/4,,637.2,235,47,0.25,11045,,
6346,222,95-0410,MISC BLS EQUIPMENT PER HR,,635,40,90,1,3600,,
6347,223,40-5020,6,,627.1,-840,11,0.12,-9240,,
6348,223,40-1981,6,8,627,840,5.5,0.12,4620,,
6349,223,40-5010,6,,627.1,-800,11,0.12,-8800,,
6350,223,40-1973,6,,627,800,5.5,0.12,4400,,
6485,231,33-1305,WATTLE ROLL (9,,639.2,86,25,0.3,2150,,
6486,231,30-3120,SILT FENCE (3' x 100' ROLL),,639.2,15,60,0.3,900,,
6490,232,95-0003,"MOW CURB (FORMED, 6x6)",,999,1,22,0,22,,
6491,228,95-0071,IMPERIAL CA Tall Fescue 75,,800.1,915,3.75,0.06,3431.25,,
6492,228,95-0071,IMPERIAL CA Tall Fescue 75,,999,225,3.75,0,843.75,,
6508,230,3110-224,LAURUS N. ,,507,8,190,2.8,1520,,
6509,230,9302-950,CENTURY 24,,537,128,6.25,0.1,800,,
6510,230,4065-501,PENNISETUM SETACEUM 1G,,522,225,4,0.11,900,,
6511,230,2101-003,GENERIC MULCH,,534.1,10,25,0.5,250,,
6512,230,9302-225,FINE RAKE,,536,1030,0,0.002,0,,
6513,230,9302-210,SOIL PREP,,533,1030,0,0.0035,0,,
6514,230,9302-220,WEED CONTROL (GRO-N-KILL),,535,200,0,0.0005,0,,
6515,230,95-1029,DELIVERY,,None,1,200,0,200,,
6516,230,9306-210,LANDSCAPE MISC #1,,999,1,500,4,500,,
6517,229,32-1009,TIE INTO EXISTING MAINLINE,,635.3,1,100,3,100,,
6518,229,13-2090,ML 1.5,,142,60,1.7,0.045,102,,
6519,229,10-5438,RB XCZ-100-PRB-COM 1,,380.7,1,240,1,240,,
6520,229,13-1040,#14 UF WHITE WIRE,,430,500,0.19,0.003,95,,
6521,229,13-1020,#14 UF RED WIRE,,430,1000,0.19,0.003,190,,
6522,229,32-0054,RB RWS M-B-1402,,220,16,48,0.12,768,,
6523,229,12-2180,LAT 3/4,,110,240,0.75,0.0428,180,,
6524,229,12-2200,LAT 1,,120,120,1.1,0.0438,132,,
6525,229,13-0703,HUNTER HDL-09-12500CV (500' roll),,638.5,2,220,7,440,,
6526,229,12-2180,LAT 3/4,,110,40,0.75,0.0428,30,,
6527,229,20-2260,3/4 x 3/4 x 1/2 TEE SST PVC,,None,40,1.25,0,50,,
6528,229,30-2721,NETAFIM TL050-MA,,None,40,0.55,0,22,,
6529,229,12-2220,LAT 1.25,,131,40,1.45,0.04,58,,
6530,229,12-2200,LAT 1,,120,80,1.1,0.0438,88,,
6531,229,0002-45,LAT 3/4,,110,200,0.75,0.0428,150,,
6532,229,0630-248,NETAFIM TLSOV SHUT OFF VALVE,,402.3,2,5,0.75,10,,
6533,229,0425-501,HUNTER ECO-ID INDICATOR,,210.2,2,12,0.12,24,,
6534,229,32-1011,BRICK PAVER,,639.1,8,1.4,0.005,11.2,,
6535,229,13-2670,SLV 2,,154,80,2.3,0.04,184,,
6536,229,9308-210,TRAFFIC CONTROL,,999,1,200,0,200,,
6644,197,9302-071,DG DESERT GOLD W/ STABILIZER,"2117 sf @ 2""",547,23,90,0.5,2070,,
6645,197,95-0411,"ROLLER, PER DAY",,635.8,0.5,450,8,225,,
6646,197,95-0410,MISC BLS EQUIPMENT PER HR,,635,6,90,1,540,,
6647,197,95-1029,DELIVERY,,None,1,300,0,300,,
6675,135,9302-297,LIGHTWEIGHT SOIL,,635,40,80,1,3200,,
6676,135,9302-237,CRANE (50 TO 80 TON),,635,1,475,1,475,,
6677,135,9306-212,LANDSCAPE MISC #3,,999,1,500,0,500,,
6678,135,95-1029,DELIVERY,,None,1,450,0,450,,
6730,137,4372-715,PODOCARPUS 'ICEE BLUE' 15G L/B,,519,3,100,0.75,300,,
6731,137,1640-605,DIETES IRIDIODES 5G,,520,9,10.5,0.27,94.5,,
6732,137,3630-505,NANDINA DOMESTICA 5G,,520,2,10,0.27,20,,
6733,137,1696-305,LOMANDRA BREEZE 5G,,520,103,15,0.27,1545,,
6734,137,5050-501,SENECIO MANDRALISCAE 1G,,522,42,3.8,0.11,159.6,,
6735,137,2101-1000,GENERIC MULCH,,534.1,5,25,0.5,125,,
6736,137,9302-225,FINE RAKE,,536,460,0,0.002,0,,
6737,137,9302-210,SOIL PREP,,533,460,0,0.0035,0,,
6738,137,95-1029,DELIVERY,,None,1,180,0,180,,
6766,246,40-4089,"ZURN 1400 SER 6"" SQ GRATE",,630,22,95,0.5,2090,,
6767,246,40-1661,"3"" PVC SDR 35 SOLID",#42 SLOT DRAIN,620,740,2,0.1,1480,,
6778,248,9301-210,PEA GRAVEL,,635,2,45,1,90,,
6779,248,33-1304,FILTER FABRIC 4oz (Mirafi 140n),,641,200,0.2,0.003,40,,
6780,248,95-0410,MISC BLS EQUIPMENT PER HR,,2,1,90,0,90,,
6781,248,95-1029,DELIVERY,,None,1,200,0,200,,
6782,247,9302-297,LIGHTWEIGHT SOIL,,635,100,80,1,8000,,
6783,247,0395-005,ANIGOZ. BUSH RANGER 5G,,520,16,15,0.27,240,,
6784,247,9302-070,CRANE (80 - 120 TON),,635,16,750,1,12000,,
6785,247,9308-210,TRAFFIC CONTROL,,999,1,1500,0,1500,,
6801,227,3950-905,BOCCE BLEND,,547,15,425,0.5,6375,,
6802,227,33-13035,RECYCLED CLASS 2 BASE,,635.2,15,30,0.5,450,,
6803,227,95-0411,"ROLLER, PER DAY",,635.8,1,450,8,450,,
6804,227,95-0410,MISC BLS EQUIPMENT PER HR,,635,8,90,1,720,,
6805,227,95-1029,DELIVERY,,None,1,400,0,400,,
6806,227,33-1304,FILTER FABRIC 4oz (Mirafi 140n),,641,800,0.2,0.003,160,,
6813,238,9325-105,BOULDER 5',,636,1,250,2,250,,
6814,238,95-0410,MISC BLS EQUIPMENT PER HR,,635,1,90,1,90,,
6815,238,95-1029,DELIVERY,,None,1,150,0,150,,
6859,205,33-1264,REDWOOD HEADER 2,,560,1,3.15,0.05,3.15,,
6860,205,33-1291,RYERSON 1/8,,559,1,9,0.03,9,,
6884,251,9302-297,LIGHTWEIGHT SOIL,,635,80,80,1,6400,,
6885,251,9302-233,CRANE (80 - 120 TON),,635,16,750,1,12000,,
6886,251,9308-210,TRAFFIC CONTROL,,999,1,1500,0,1500,,
6887,251,,,,,1,0,0,0,,
6888,251,,,,,1,0,0,0,,
6889,251,,,,,1,0,0,0,,
6890,251,,,,,1,0,0,0,,
6959,243,10-1040,RB 1806 BODY (USE PL NOZ),,210,18,5.8,0.12,104.4,,
6960,243,10-5440,RB PLASTIC NOZZLE,,None,-18,1.1,0,-19.8,,
6961,243,10-5449,RB 5FB/HB/QB/CSTB NOZZLE,,999,18,2.1,0,37.8,,
6962,243,12-2060,LAT 1,,121,60,0.6,0.0366,36,,
6963,243,12-2040,LAT 3/4,,110,100,0.45,0.0428,45,,
6964,243,13-2670,SLV 2,,154,60,2.3,0.04,138,,
6965,243,9301-235,POC HOMEOWNER W/O PRV,,449,6,15,1,90,,
6966,243,28-1129,NIBCO T-585-70 1,,402,6,60.93,1,365.58,,
6967,243,15-1660,1,,None,6,57,0,342,,
6968,243,13-2110,ML 1,,122,440,1.1,0.04,484,,
6969,243,10-5324,RB ASVF 1,,395,2,26,0.62,52,,
6970,243,10-5325,RB ASVF 3/4,,390,4,23,0.62,92,,
6971,243,20-3004,UNION 1,,None,2,8,0,16,,
6972,243,20-3005,UNION 3/4,,None,4,6,0,24,,
6973,243,10-4261,"RB ESP-TM2-4, W.M.",,481,6,110,2,660,,
6974,243,10-4208,RB RAIN CHECK,,638.1,6,35,0.5,210,,
6975,243,13-1172,18-7 WIRE FOR 6 STATION CONTROLLERS,,430,800,0.63,0.003,504,,
6993,254,9302-267,DG CAL. GOLD  (GAIL),W%2F%20ORGANIC%20LOCK%20265%20SF%20%40%204%22,547,6,194,0.5,1164,,
6994,254,95-0411,"ROLLER, PER DAY",,635.8,1,450,8,450,,
6995,254,95-0410,MISC BLS EQUIPMENT PER HR,,635,8,90,1,720,,
6996,254,95-1029,DELIVERY,,None,1,513,0,513,,
6997,254,33-1186,SURE-LOC 1/8,,559,128,9,0.03,1152,,
6998,254,,,,,1,0,0,0,,
7002,244,9310-205,GRASSPAVE 2 (6'6,,800,1860,6,0.08,11160,,
7197,270,9311-310,POT #1,%5BSF-1%5D%20SPANISH%20RND,999,2,0,0,0,,
7198,270,9309-210,POT PLACEMENT/IRRIG/DRAIN,,636,2,15,2,30,,
7199,270,1421-205,CORDYLINE AUS. 'ATROPURPUREA' 5G,'DANCING%20CAN%20CAN',520.1,2,25,0.254,50,,
7200,270,5050-401,SENECIO RADICANS 1G,,522.1,10,4.5,0.11,45,,
7201,270,41-2201,SEDUM NUSSBAUMERIANUM 1G,,522.1,10,5,0.11,50,,
7202,270,9500-113,"POTTING SOIL, 2 CF BAG",,642,14,13.5,0.17,189,,
7203,270,33-1304,FILTER FABRIC 4oz (Mirafi 140n),,641,100,0.2,0.003,20,,
7204,270,30-3025,GRAVEL BASIC IN BAGS 1 C. F. (SMALL QTY'S),6%22%20BASE,637.2,7,10,0.25,70,,
7205,270,95-1029,DELIVERY,,None,1,25,0,25,,
7206,270,,,,,1,0,0,0,,
7220,277,13-1063,EZ FLO EZ-KIT-3 FERT INJ.,,472,1,625,5,625,,
7221,277,9301-283,NDS 325 BCB (13 x 24 BLK),,999,-1,250,0,-250,,
7222,277,40-1756,CARSON 1730 BOX,,999,1,500,0,500,,
7223,277,13-1027,EZ FLO CBV-125 (1.25,,999,1,80,0,80,,
7225,278,33-1063,24,,567,37,32.75,0.3,1211.75,,
7253,281,13-2650,"SLV 3"" SCH 40 PVC",ML,172,40,4.75,0.04,190,,
7254,281,13-2660,"SLV 2.5"" SCH 40 PVC",,164,100,2.2,0.03,220,,
7255,281,13-2670,"SLV 2"" SCH 40 PVC",WIRE,154,140,1.25,0.04,175,,
7256,281,13-2670,"SLV 2"" SCH 40 PVC",LAT,154,1200,1.25,0.04,1500,,
7468,259,95-0111,IMPERIAL CA TALL FESCUE 90 (Imperial),SYNAUGUSTINE%20547,800.1,600,4.25,0.06,2550,,
7469,259,95-0111,IMPERIAL CA TALL FESCUE 90 (Imperial),BYU%20795%20SF,999,195,4.25,0,828.75,,
7488,242,9301-1147,HORSE CREEK COBBLE 1,"ITEM J 224 SF @ 3""",635,3,175,1,525,,
7489,242,33-1032,APACHE BROWN 3/4,"ITEM K APACHE SUNSET  131 SF  @ 2""",640,1,145,1,145,,
7490,242,9301-1208,MOJAVE GOLD 1/2,"3/4"" SOUTHWEST BROWN 510 SF @ 3""",635,7,175,1,1225,,
7491,242,95-0410,MISC BLS EQUIPMENT PER HR,,635,12,90,1,1080,,
7492,242,95-1029,DELIVERY,,None,1,480,0,480,,
7526,291,33-1183,"PERMALOC 3/16"" x 5.5"" ALUM HDR",PERMALOC CLEAN LINE XL,559,96,7,0.03,672,,
7527,241,9301-235,POC HOMEOWNER W/O PRV,,449,1,15,1,15,,
7528,241,13-1202,FEBCO 825 Y LF 1,,291,1,890,6,890,,
7529,241,15-1660,1,,None,1,57,0,57,,
7530,241,32-1078,STRONGBOX SBBC-30SS BF ENCL,,480,1,2450,4,2450,,
7531,241,95-0006,"CONCRETE BASE (BF, PUMP, CONTROLLER)",,635.5,1,250,5,250,,
7532,241,13-2110,ML 1,,122,120,1.1,0.04,132,,
7533,241,28-1129,NIBCO T-585-70 1,,402,2,60.93,1,121.86,,
7534,241,9310-300,DRINKING FOUNTAIN,,635.6,1,2920,6,2920,,
7537,237,9325-103,BOULDER 3',,635,2,75,1,150,,
7538,237,95-0410,MISC BLS EQUIPMENT PER HR,,635,1,90,1,90,,
7539,237,95-1029,DELIVERY,,None,1,150,0,150,,
7541,233,>>>,see quote from Company 0355C7A0,,,1,4,0,4,,
7542,233,,,,,1,0,0,0,,
7543,255,32-1009,TIE INTO EXISTING MAINLINE,,635.3,1,100,3,100,,
7544,255,13-2110,ML 1,,122,180,1.1,0.04,198,,
7545,255,28-1123,NIBCO T-113-K-1,,400,1,121.2,1,121.2,,
7546,255,9310-300,DRINKING FOUNTAIN,MOST%20DEPENDABLE%20FOUNTAIN%20440%20SM%20W%2F%20PET%20FOUNTAIN,635.6,1,5753,6,5753,,
7547,179,1052-505,WESTRINGIA BLUE GEM 5G,,520,20,13.5,0.27,270,,
7548,179,1027-501,CARISSA GREEN CARPET 1G,,522,175,4,0.11,700,,
7549,179,3605-601,MYOPORUM P. PUTAH CREEK 1G,,522,104,3.8,0.11,395.2,,
7550,179,0746-705,BOUG. SAN DIEGO RED 5G STK,,526,6,18,0.7,108,,
7551,179,33-018,AGUINAGA FOREST FLOOR MULCH,,534.1,20,58,0.5,1160,,
7552,179,9302-225,FINE RAKE,,536,2130,0,0.002,0,,
7553,179,9302-210,SOIL PREP,,533,2130,0,0.0035,0,,
7554,179,9302-220,WEED CONTROL (GRO-N-KILL),,535,200,0,0.0005,0,,
7555,179,95-1029,DELIVERY,,None,1,300,0,300,,
7556,179,>>>,INCLUDED W/ TOTAL PRODUCTION BID,,,1,0,0,0,,
7557,179,4802-136,RHUS LANCEA 36,,505.3,1,465,4.5,465,,
7558,179,3012-324,LAGER. NATCHEZ  24,,507,2,175,2.8,350,,
7559,179,5366-124,TRISTANIA CONFERTA 24,,507.8,1,170,3.2,170,,
7560,179,0743-505,BOUG. LA JOLLA 5G,,520,35,10,0.27,350,,
7561,179,3920-705,OLEA,,520,8,15,0.27,120,,
7562,179,4705-505,RHAPHIOLEPIS CLARA 5G,,520,22,10,0.27,220,,
7563,179,4370-149,RAPHIOLEPIS UMB. MINOR 5G,,520,40,11,0.27,440,,
7564,182,33-2606,ELECTRICAL SWEEP 2,,None,46,13.5,0,621,,
7565,182,13-1172,18-7 WIRE FOR 6 STATION CONTROLLERS,,430,2500,0.63,0.003,1575,,
7566,182,10-8034,RB RD-06-S-P30,,210,92,19,0.12,1748,,
7567,182,10-5440,RB PLASTIC NOZZLE,,None,-92,1.1,0,-101.2,,
7568,182,10-5442,RB SQ SERIES NOZ. (Q/H/F) - REPLACES XPCN,,None,92,2.4,0,220.8,,
7569,182,12-2180,LAT 3/4,,110,2400,0.75,0.0428,1800,,
7570,182,13240-202,RB XFS-06-18 DRIP LINE-500',,638.5,14,204,7,2856,,
7571,182,12-2180,LAT 3/4,,110,1700,0.75,0.0428,1275,,
7572,182,20-2260,3/4 x 3/4 x 1/2 TEE SST PVC,,None,1140,1.25,0,1425,,
7573,182,30-2707,NETAFIM TL TEE,,None,1140,0.5,0,570,,
7574,182,25-2046,HUNTER ECO-ID-12-R INDICATOR,,210.2,92,14.5,0.12,1334,,
7575,182,12-2180,LAT 3/4,,110,2500,0.75,0.0428,1875,,
7576,182,13-2650,SLV 3,,172,1600,4.75,0.04,7600,,
7577,182,>>>,SINGLE FAMILY IRRIGATION,,,1,0,0,0,,
7578,182,9301-235,POC HOMEOWNER W/O PRV,,449,46,15,1,690,,
7579,182,13-2110,ML 1,,122,2840,1.1,0.04,3124,,
7580,182,28-1040,NIBCO T-113 - 1.25,,400,46,190,1,8740,,
7581,182,10-5427,RB XACZ-075-PRF  ASVF,,390,92,49,0.62,4508,,
7582,182,22-1321,HUNTER IC-600-PL INDOOR-OUTDOOR,,471,46,109,2,5014,,
7583,182,22-1508,HUNTER WR-CLIK (wireless),,638.1,46,189,0.5,8694,,
7584,182,12-3008,CONDUIT 2,,129,220,3.9,0.038,858,,
7591,168,9311-310,POT #1,QUICKRETE POTS,999,3,0,0,0,,
7592,168,1340-315,CITRUS - DW. BEARSS SEEDLESS LIME 15G,,519.1,3,220,0.73,660,,
7593,168,4060-706,PELA. PEL. 'RAINBOW WHITE' 6,,522.1,9,3.75,0.11,33.75,,
7594,168,9309-210,POT PLACEMENT/IRRIG/DRAIN,,636,3,15,2,45,,
7595,168,9500-113,"POTTING SOIL, 2 CF BAG",,642,10,13.5,0.17,135,,
7596,168,,,,,1,0,0,0,,
7738,269,9325-103,BOULDER 3',BLACK%20LAVA%20BOULDER,635,12,1000,1,12000,,
7739,269,95-0410,MISC BLS EQUIPMENT PER HR,,635,4,90,1,360,,
7761,273,9325-103,BOULDER 3',,635,8,1000,1,8000,,
7762,273,95-0410,MISC BLS EQUIPMENT PER HR,,635,4,90,1,360,,
7763,274,9325-103,BOULDER 3',BLACK%20LAVA%20BOULDER,635,12,1000,1,12000,,
7764,274,95-0410,MISC BLS EQUIPMENT PER HR,,635,6,90,1,540,,
7809,276,9325-103,BOULDER 3',BLACK%20LAVA%20BOULDER,635,18,1000,1,18000,,
7810,276,95-0410,MISC BLS EQUIPMENT PER HR,,635,6,90,1,540,,
7813,272,9325-103,BOULDER 3',BLACK%20LAVA%20BOULDER,635,10,1000,1,10000,,
7814,272,95-0410,MISC BLS EQUIPMENT PER HR,,635,5,90,1,450,,
7817,271,9325-103,BOULDER 3',BLACK%20LAVA%20BOULDER,635,12,1000,1,12000,,
7818,271,95-0410,MISC BLS EQUIPMENT PER HR,,635,4,90,1,360,,
7821,287,9325-103,BOULDER 3',,635,12,1000,1,12000,,
7822,287,95-0410,MISC BLS EQUIPMENT PER HR,,635,2,90,1,180,,
7900,302,13-2650,"SLV 3"" SCH 40 PVC",,172,1400,3,0.04,4200,,
7901,302,9300-281,"4"" PVC SCH 40 FIT",END CAPS,None,76,17.5,0,1330,,
7923,303,40-1581,"NDS 1290  12"" SQ. ATRIUM BLACK",,None,-13,57,0,-741,,
7924,303,40-40681,"BROOKS 12"" GALV PKWY GRATE ADA",,999,13,360,0,4680,,
7925,304,32-0006,SITE ONE GREENTECH ASSEMBLY #1,SA6-WT3-12/ETEC-5Y,490,-1,11850,10,-11850,,
7926,304,32-0007,SITE ONE GREENTECH ASSEMBLY #2,SA6-WT3-24/ETEC-5Y,490,-1,12950,10,-12950,,
7927,304,32-0006,SITE ONE GREENTECH ASSEMBLY #1,SA5-WT3-12/ETEC-5Y,490,1,22550,10,22550,,
7928,304,32-0007,SITE ONE GREENTECH ASSEMBLY #2,,490,1,23600,10,23600,,
7947,307,0393-115,AGAVE BLUE GLOW 15G,,519.1,1,80,0.73,80,,
7948,307,4081-706,PHORMIUM T. AMAZING RED 5G,,520.1,1,20,0.254,20,,
7949,307,0394-101,AEONIUM SUNCUP 1G,,522.1,5,8,0.11,40,,
7950,307,9311-310,POT #1,ASIAN CERAMICS,999,1,0,0,0,,
7951,307,9309-210,POT PLACEMENT/IRRIG/DRAIN,,636,2,15,2,30,,
7952,307,9500-113,"POTTING SOIL, 2 CF BAG",,642,5,13.5,0.17,67.5,,
7953,307,95-1029,DELIVERY,,None,1,50,0,50,,
8001,309,3650-501,NANDINA D GULF STREAM 1G,,522.1,12,5.5,0.11,66,,
8002,309,2028-601,CRASSULA ARBORESCENS 1G,,522.1,8,7,0.11,56,,
8003,309,2028-901,CRASSULA GOLLUM 1G,,522.1,12,7,0.11,84,,
8004,309,41-2201,SEDUM NUSSBAUMERIANUM 1G,,522.1,4,6,0.11,24,,
8005,309,4119-001,SEDUM RUBROTINCTUM 1G,6,522.1,12,6,0.11,72,,
8006,309,9309-210,POT PLACEMENT/IRRIG/DRAIN,,636,20,15,2,300,,
8007,309,9311-310,POT #1,QUICKCRETE POTS,999,1,0,0,0,,
8008,309,9311-311,POT #2,ASIAN CERAMICS POTS,999,1,0,0,0,,
8009,309,9500-113,"POTTING SOIL, 2 CF BAG",5,642,50,13.5,0.17,675,,
8010,309,33-1302,"GRAVEL 3/4""",,635.2,2,60,0.5,120,,
8011,309,33-1304,FILTER FABRIC 4oz (Mirafi 140n),,641,300,0.2,0.003,60,,
8012,309,9500-124,JARDINAIRE (OASIS) DEVICES,,999,1,0,0,0,,
8254,311,95-0076,K-9/PET TURF,"FIELD GREEN & OLIVE, EASY TURF",800.1,114,4.3,0.06,490.2,,
8255,311,95-0076,K-9/PET TURF,,999,36,4.3,0,154.8,,
8459,312,13-2410,"LAT 3/4"" SCH 40 ALERTLINE",,110,100,0.8,0.0428,80,,
8460,312,32-1011,BRICK PAVER,,639.1,80,1.4,0.005,112,,
8461,312,33-2020,PENTITES,,None,-16,1.75,0,-28,,
8462,312,33-5070,3M SCOTCHLOK DBR-Y6 CONN.,,None,16,3,0,48,,
8463,312,14-2620,"SLV 6"" SCH 40 ALERTLINE",,185,140,13.3,0.04,1862,,
8464,312,14-2630,"SLV 4"" SCH 40 ALERTLINE",,182,280,7.2,0.04,2016,,
8465,312,14-2660,"SLV 2"" SCH 40 ALERTLINE",,154,80,2.5,0.04,200,,
8466,312,9310-213,TURNOVER ITEMS,,None,1,300,0,300,,
8467,312,10-2262,UP-CHARGE FOR SCH 80 FITTING (ML),,None,1,1830,0,1830,,
8468,312,9301-230,AS-BUILTS AND REPRO CHARGES,,999,1,200,4,200,,
8469,312,32-1009,TIE INTO EXISTING MAINLINE,,635.3,1,100,3,100,,
8470,312,13-2220,"ML 2"" CLASS 315 ALERTLINE",,152,420,2.95,0.04,1239,,
8471,312,9301-255,STUB OUT FOR FUTURE USE,,461,2,5,0.5,10,,
8472,312,28-1117,"NIBCO T-113-K-2""",,402.1,5,256.24,1,1281.2,,
8473,312,23-1060,SIGNATURE 7645 PURPLE TOP LOCKING,,420.2,2,105,1.13,210,,
8474,312,10-5180,RB 100 EFB CP-R,,380.2,3,160,1.25,480,,
8475,312,10-5260,RB PRS-D,,639.3,3,75,0.025,225,,
8476,312,10-5180,RB 100 EFB CP-R,,382.2,5,160,1.5,800,,
8477,312,13420-208,"RB PRB QK CHK-100, 40PSI, 120 MESH",,999,5,110,0,550,,
8478,312,20-3062,"LASCO V10791N 1"" GRAY B.V. TxT",,999,5,6.5,0,32.5,,
8479,312,32-5077,GREENTECH WTD-H1 DECODER,,637.2,8,175,0.25,1400,,
8480,312,33-5072,3M SCOTCHLOK 3570 CONN,,999,16,6.2,0,99.2,,
8481,312,10-7002,MAXI 14gg 2-WIRE CABLE (RED),,430,500,0.75,0.003,375,,
8482,312,12-3010,"CONDUIT 1.25""  ELECTRICAL (SCH 40)",,127,420,2.5,0.036,1050,,
8483,312,33-2604,"ELECTRICAL SWEEP 1.25"" (SCH 40)",,None,16,10,0,160,,
8484,312,10-8018,RB RD-06-S-P30-F,,210,49,21.5,0.12,1053.5,,
8485,312,13-2340,"LAT 1.25"" CL.200 ALERTLINE",,130,160,0.8,0.0458,128,,
8486,312,13-2420,"LAT 1"" SCH 40 ALERTLINE",,120,100,1.15,0.0438,115,,
8487,312,13-2410,"LAT 3/4"" SCH 40 ALERTLINE",,110,320,0.8,0.0428,256,,
8488,312,30-2777,NETAFIM TLCVRW-06-12 TECHLINE-1000',"8050 SF @ 18""",638.6,6,650,10,3900,,
8489,312,13-2410,"LAT 3/4"" SCH 40 ALERTLINE",,110,300,0.8,0.0428,240,,
8490,312,20-2260,3/4 x 3/4 x 1/2 TEE SST PVC,,None,200,1.25,0,250,,
8491,312,30-2707,NETAFIM TL TEE,,None,200,0.5,0,100,,
8492,312,30-2715,NETAFIM TLSOV SHUT OFF VALVE,,402.3,7,5,0.75,35,,
8493,312,10-8038,RB RD-12-S-P30-NP,,210,7,29,0.12,203,,
8494,312,10-5440,RB PLASTIC NOZZLE,,None,7,1.1,0,7.7,,
8495,312,10-2595V,RB 4 VAN NOZZLE,,None,7,1.65,0,11.55,,
8496,312,30-2833,"NETAFIM TLAVRV AIR-R Wtl050ftee 1/2""",,402.3,6,10,0.75,60,,
8497,312,13-2340,"LAT 1.25"" CL.200 ALERTLINE",,130,20,0.8,0.0458,16,,
8498,312,13-2420,"LAT 1"" SCH 40 ALERTLINE",,120,40,1.15,0.0438,46,,
8499,312,40-2145,"NDS 111PBCR 10"" RD, PURPLE",,None,-5,18,0,-90,,
8500,312,40-1737,CARSON 910-10-4BP VIOLET W/ SS BOLT,,999,5,70,0,350,,
8501,312,9301-299,3104-,,None,-5,250,0,-1250,,
8502,312,40-1057,CARSON 1220-12-4BP-VIOLET w/BOLT (JUMBO),,None,5,200,0,1000,,
8503,312,40-1421,NDS 107BC (DRIP BOX BLACK/GRN COVER),,None,-13,5.75,0,-74.75,,
8504,312,40-1742,"CARSON 708-9-RP (7"" PURPLE)",,None,13,12,0,156,,
8505,312,40-2146,"NDS 314PBCR 14"" RECT, PURPLE",,None,-3,52,0,-156,,
8506,312,40-1738,CARSON 1419-12-4BP VIOLET W/ SS BOLT,,999,3,100,0,300,,
8507,312,,,,,1,0,0,0,,
8677,316,9302-242,"LODGEPOLE 2"" x 12'",MODELS & PRODUCTION,None,-74,12,0,-888,,
8678,316,9302-243.1,"LODGEPOLE 3"" x 12'",,None,74,16,0,1184,,
8679,316,9302-245,"CINCH TIE / HOSE & WIRE TIE 32""",,None,185,0.9,0,166.5,,
8680,313,>>>,PRIVATE LOTS IRRIG FROM TYPICAL PLAN,,,1,0,0,0,,
8681,313,9301-235,POC HOMEOWNER W/O PRV,,449,48,15,1,720,,
8682,313,13-1629,"WILKINS NR3-DU PRV 1""",,380,48,230,1.25,11040,,
8683,313,15-1660,"1"" UNION BRASS",,None,48,57,0,2736,,
8684,313,13-2110,"ML 1"" SCH 40 PVC",,122,4800,1.1,0.04,5280,,
8685,313,10-5325,"RB ASVF 3/4"" ANTI SIPHON",,390,10,23,0.62,230,,
8686,313,10-5427,RB XACZ-075-PRF  ASVF,,390,48,49,0.62,2352,,
8687,313,10-4241,RB ESP-4ME INDOOR w/LNK WIFI,,481,48,240,2,11520,,
8688,313,10-4202,RB WRC2FC-48 WIRELESS RAIN/FRZ SENSOR,,638.1,48,84,0.5,4032,,
8689,313,33-2603,"ELECTRICAL SWEEP 1"" (SCH 40)",,None,48,5.2,0,249.6,,
8690,313,13-1172,18-7 WIRE FOR 6 STATION CONTROLLERS,,430,5000,0.63,0.003,3150,,
8691,313,10-8018,RB RD-06-S-P30-F,,210,20,21,0.12,420,,
8692,313,12-2180,"LAT 3/4"" SCH 40  PVC",,110,1600,0.75,0.0428,1200,,
8693,313,30-2777,NETAFIM TLCVRW-06-12 TECHLINE-1000',"20065 SF @ 12""",638.6,20,650,10,13000,,
8694,313,12-2180,"LAT 3/4"" SCH 40  PVC",,110,1920,0.75,0.0428,1440,,
8695,313,20-2260,3/4 x 3/4 x 1/2 TEE SST PVC,,None,1920,1.25,0,2400,,
8696,313,30-2707,NETAFIM TL TEE,,None,1920,0.5,0,960,,
8697,313,30-2715,NETAFIM TLSOV SHUT OFF VALVE,,402.3,144,5,0.75,720,,
8698,313,10-8014,RB RD-12-S-P30-F-N,,210,144,28.5,0.12,4104,,
8699,313,10-5440,RB PLASTIC NOZZLE,,None,-144,1.1,0,-158.4,,
8700,313,10-2595V,RB 4 VAN NOZZLE,,None,144,1.65,0,237.6,,
8701,313,30-2833,"NETAFIM TLAVRV AIR-R Wtl050ftee 1/2""",,402.3,144,10,0.75,1440,,
8702,313,12-2180,"LAT 3/4"" SCH 40  PVC",,110,4800,0.75,0.0428,3600,,
8703,313,13-2670,"SLV 2"" SCH 40 PVC",,154,1500,2.3,0.04,3450,,
8705,317,33-1268,"JDR DURAEDGE 1/4"" X 5"" STL",,561,320,11,0.06,3520,,
8708,318,33-1081,"18"" SQ STEP STONE",,566,7,15,0.2,105,,
8748,319,9301-1231,"MOHAVE GOLD 3/4"" CRUSHED GRAVEL (SWB)","12,504 SF @ 4""",640,267,137,1,36579,,
8749,320,9301-1231,"MOHAVE GOLD 3/4"" CRUSHED GRAVEL (SWB)",,640,267,137,1,36579,,
8754,258,95-0111,IMPERIAL CA TALL FESCUE 90 (Imperial),SYNAUGUSTINE%20547,800.1,520,4.25,0.06,2210,,
8755,258,95-0111,IMPERIAL CA TALL FESCUE 90 (Imperial),BUY%20645%20SF,999,125,4.25,0,531.25,,
8762,321,40-5010,"6"" PVC SCH 40 DRAIN SOLID",,627.1,-240,9.85,0.12,-2364,,
8763,321,40-5000,"4"" PVC SCH 40 DRAIN",,626,-1700,3.6,0.1,-6120,,
8764,321,40-1973,"6"" PVC SDR 35 SOLID",,627,240,5.7,0.12,1368,,
8765,321,40-1974,"4"" PVC SDR 35 SOLID",,625,1700,2.5,0.1,4250,,
8818,266,9325-101,BOULDERS PER TON (add labor),"""CLOUD NINE BOULDERS""",999,12,196,0,2352,,
8819,266,9325-102,BOULDER 2',"""CLOUD NINE"" BOULDERS",635,8,0,1,0,,
8820,266,9325-103,BOULDER 3',,635,13,0,1,0,,
8821,266,95-0410,MISC BLS EQUIPMENT PER HR,,635,8,90,1,720,,
8822,266,95-1029,DELIVERY,,None,1,1444,0,1444,,
8833,268,9325-101,BOULDERS PER TON (add labor),"""SUMMER CRUNCH"" BOULDER",999,3,296,0,888,,
8834,268,9325-103,BOULDER 3',"""SUMMER CRUNCH"" BOULDER",635,2,0,1,0,,
8835,268,9325-102,BOULDER 2',,635,4,0,1,0,,
8836,268,95-0410,MISC BLS EQUIPMENT PER HR,,635,2,90,1,180,,
8837,268,95-1016,DELIVERY/ FREIGHT,,None,1,994,0,994,,
8838,267,9325-101,BOULDERS PER TON (add labor),"""full moon boulder""",999,4,214,0,856,,
8839,267,9325-103,BOULDER 3',"""FULL MOON BOULDER""",635,3,0,1,0,,
8840,267,9325-102,BOULDER 2',"""FULL MOON BOULDER""",635,4,0,1,0,,
8841,267,95-0410,MISC BLS EQUIPMENT PER HR,,635,3,90,1,270,,
8842,267,95-1029,DELIVERY,,None,1,994,0,994,,
8886,262,33-1137,"WHITE ICE 3/4"" CRUSHED","WHITE 3/8"" DECORATIVE  1280 SF @ 2""",635,12,71.5,1,858,,
8887,262,95-0410,MISC BLS EQUIPMENT PER HR,,635,6,90,1,540,,
8888,262,95-1029,DELIVERY,,None,1,688,0,688,,
8889,262,33-1189,"SURE-LOC 3/16"" X 4"" X 16' ANOD. ALUM. (BLACK)",,559,320,5.5,0.03,1760,,
8890,261,33-1278,"GRAVEL/ CRUSHED STONE 3/8""","""SILVER STRAND"" GRAVEL  413  SF @ 2""",640,4,69,1,276,,
8891,261,95-0410,MISC BLS EQUIPMENT PER HR,,635,4,90,1,360,,
8892,261,95-1029,DELIVERY,,None,1,413,0,413,,
8893,261,33-1189,"SURE-LOC 3/16"" X 4"" X 16' ANOD. ALUM. (BLACK)",,559,112,5.5,0.03,616,,
8894,265,9301-1219,CHAMOIS BEIGE 3/8,"""SUNNY SIDE "" DEC. GRAVEL 961 SF @ 2""",635,9,83,1,747,,
8895,265,95-0410,MISC BLS EQUIPMENT PER HR,,635,4,90,1,360,,
8896,265,95-1029,DELIVERY,,None,1,481,0,481,,
8897,265,33-1189,"SURE-LOC 3/16"" X 4"" X 16' ANOD. ALUM. (BLACK)",,559,176,5.5,0.03,968,,
8902,264,33-1038,"CALIF. GOLD 3/8""","""CALIFORNIA GOLD"" 3/8"" GRAVEL  901 SF @ 2""",640,9,133,1,1197,,
8903,264,95-0410,MISC BLS EQUIPMENT PER HR,,635,4,90,1,360,,
8904,264,95-1029,DELIVERY,,None,1,1206,0,1206,,
8905,264,33-1189,"SURE-LOC 3/16"" X 4"" X 16' ANOD. ALUM. (BLACK)",,559,176,5.5,0.03,968,,
8906,323,13-2650,"SLV 3"" SCH 40 PVC",,172,40,3,0.04,120,,
8907,323,13-2670,"SLV 2"" SCH 40 PVC",,154,100,1.5,0.04,150,,
8908,263,33-1038,"CALIF. GOLD 3/8""","""CALIFORNIA GOLD"" GRAVEL , 86 SF @ 2""",640,1,133,1,133,,
8909,263,95-1029,DELIVERY,PARTIAL FROM LOT 1 DELIVERY,None,1,100,0,100,,
8910,263,33-1189,"SURE-LOC 3/16"" X 4"" X 16' ANOD. ALUM. (BLACK)",,559,48,5.5,0.03,264,,
8917,324,9325-101,BOULDERS PER TON (add labor),"""CLOUD NINE BOULDERS""",999,48,181,0,8688,,
8918,324,9325-105,BOULDER 5',,636,8,0,2,0,,
8919,324,9325-104,BOULDER 4',,635,12,0,1,0,,
8920,324,9325-103,BOULDER 3',,635,16,0,1,0,,
8921,324,95-1029,DELIVERY,,None,1,4331,0,4331,,
8922,324,95-0410,MISC BLS EQUIPMENT PER HR,,635,24,90,1,2160,,
8923,325,9325-101,BOULDERS PER TON (add labor),"""FULL MOON BOULDERS""",999,56,113,0,6328,,
8924,325,9325-105,BOULDER 5',,636,4,0,2,0,,
8925,325,9325-104,BOULDER 4',,635,22,0,1,0,,
8926,325,9325-103,BOULDER 3',,635,22,0,1,0,,
8927,325,95-1029,DELIVERY,,None,1,2981,0,2981,,
8928,325,95-0410,MISC BLS EQUIPMENT PER HR,,635,32,90,1,2880,,
8929,326,9325-101,BOULDERS PER TON (add labor),"""SUMMER CRUNCH BOULDERS""",999,39,156,0,6084,,
8930,326,9325-105,BOULDER 5',,636,6,0,2,0,,
8931,326,9325-104,BOULDER 4',,635,11,0,1,0,,
8932,326,9325-103,BOULDER 3',,635,11,0,1,0,,
8933,326,95-1029,DELIVERY,,None,1,1988,0,1988,,
8934,326,95-0410,MISC BLS EQUIPMENT PER HR,,635,22,90,1,1980,,
9150,329,13-2640,"SLV 4"" SCH 40 PVC",,182,100,3.5,0.04,350,,
9151,329,13-2670,"SLV 2"" SCH 40 PVC",,154,140,1.5,0.04,210,,
9158,327,4308-148,"PLATANUS RACE 48"" STD",,999,2,1100,0,2200,,
9159,327,4308-136,"PLATANUS RACEMOSA 36"" STD",,999,3,465,0,1395,,
9160,327,4308-124,"PLATANUS RACEMOSA 24"" STD",,999,14,175,0,2450,,
9161,327,4610-124,"QUERCUS AGRIFOLIA 24"" STD",,999,23,180,0,4140,,
9162,327,4610-324,"QUERCUS ENGLEMANII 24"" NAT.",,999,27,200,0,5400,,
9163,327,4615-624,"QUERCUS KELLOGGII 24"" STD.",QUERCUS TOMENTELLA,999,31,175,0,5425,,
9164,327,4610-115,QUERCUS AGRIFOLIA 15G STD,,999,118,55,0,6490,,
9165,327,95-1029,DELIVERY,,None,1,2000,0,2000,,
9166,260,9301-161,WASHED CONCRETE SAND,"228 SF , BID 4""",540,5,42.5,0.25,212.5,,
9167,260,95-0410,MISC BLS EQUIPMENT PER HR,,635,2,90,1,180,,
9168,260,95-1029,DELIVERY,,None,1,300,0,300,,
9169,279,4615-524,"QUERCUS CHRYSOLEPIS 24""",QUERCUS HYPOLEUCOIDES (silverleaf oak),507,64,300,2.8,19200,,
9170,279,95-1029,DELIVERY,included w/ moon valley quote,None,1,1600,0,1600,,
9195,256,9302-210,SOIL PREP,,533,27200,0,0.0035,0,,
9196,256,33-1700,21-GRAM AGRIFORM TABS (500/BOX),,None,9,47,0,423,,
9197,256,95-0410,MISC BLS EQUIPMENT PER HR,CHERRY PICKER / LADDER,635,64,90,1,5760,,
9198,256,95-1029,DELIVERY,,None,1,1200,0,1200,,
9199,256,0441-501,BACCHARIS P PIGEON POINT 1G,,522,68,4,0.11,272,,
9200,256,2400-2,DIPLADENIA SPLENDENS 1G,DIPLACUS AURANTIACUS,522,120,7.5,0.11,900,,
9201,256,1056-601,ENCELIA FARINOSA 1G,,522,368,4.5,0.11,1656,,
9202,256,4927-501,SALVIA LEUCOPHYLLA 1G,,522,163,4.25,0.11,692.75,,
9203,256,9302-195,"4"" POT  PLANT MATERIAL",ACMISPON GLABER,522,462,6.6,0.11,3049.2,,
9204,256,9302-197,"4"" POT NATIVE PLANT",CALYSTEGIA MACROSTEGIA,522,207,6.6,0.11,1366.2,,
9205,256,9302-195,"4"" POT  PLANT MATERIAL",CLEMATIS LASIANTHA,522,462,6.6,0.11,3049.2,,
9206,256,29-0014,"DUDLEYA PULVERULENTA 4""",,522,545,6.6,0.11,3597,,
9207,256,29-0004,"DUDLEYA LANCEOLATA 4""",,522,552,6.6,0.11,3643.2,,
9208,256,9302-195,"4"" POT  PLANT MATERIAL",DUDLEYA MULTICAULIS,522,195,6.6,0.11,1287,,
9209,256,1120-104,"EPIPREMNUN AUREUM 4"" POT","EPILOBIUM CANUM 4"" POT",522,368,5.4,0.11,1987.2,,
9210,256,1754-104,"ERIOPHYLLUM CONFERT. 4""","ERIODICTYON CRASSIFOLIUM 4"" POT",522,136,6.6,0.11,897.6,,
9211,256,3701-102,OPUNTIA LITT PADS,"OPUNTIA LITT 4"" POTS",522,156,5.5,0.11,858,,
9212,256,3365-550,LONICERA SUBSPICATA LINER,"LONICERA SUBSPICATA 4""  POTS",522,73,6.6,0.11,481.8,,
9213,256,42-1005,"VERBENA PINK 4"" POT FLT  (16 count)",VERBENA LASIOSTACHYS,522,64,6.6,0.11,422.4,,
9214,256,9302-195,"4"" POT  PLANT MATERIAL",corethrogyne filaginifolia,522,163,4,0.11,652,,
9215,256,9302-195,"4"" POT  PLANT MATERIAL",DATURA WRIGHTII,522,50,6.6,0.11,330,,
9216,256,29-0101,HESPEROYUCCA WHIPPLEI 1G,,522,100,7.5,0.11,750,,
9217,256,9302-165,1G SHRUB,PERITOMA ARBOREA,522,92,5,0.11,460,,
9218,256,2610-001,KECKIELLA CORDIFOLIA 1G,"4"" POTS",522,61,6.5,0.11,396.5,,
9219,256,4821-501,ROSA CALIFORNICA 1G,"4"" POTS",522,11,4.5,0.11,49.5,,
9220,256,5211-501,SYMPHORICAS MOLLIS 1G.,"4"" POTS",522,9,6.6,0.11,59.4,,
9221,256,9302-165,1G SHRUB,REPLACEMENTS,522,450,6.6,0.11,2970,,
9222,328,9302-071,DG DESERT GOLD W/ STABILIZER,"247 SF @ 4"" (2 LIFTS)",547,6,85,0.5,510,,
9223,328,33-1304,FILTER FABRIC 4oz (Mirafi 140n),,641,300,0.2,0.003,60,,
9224,328,95-0410,MISC BLS EQUIPMENT PER HR,,635,2,90,1,180,,
9225,328,95-1029,DELIVERY,,None,1,406,0,406,,
9226,328,33-1295,"PSP PLASTIC 1"" x 4"" HEADER",,546,16,2.2,0.03,35.2,,
9260,335,10-1235,RB RWS M-B-C-1401,,639.7,-73,48,0.25,-3504,,
9261,335,10-8000,RB 1804-SAM-PRS (USE PL. NOZ),,210,73,8.5,0.12,620.5,,
9262,335,10-5449,RB 5FB/HB/QB/CSTB NOZZLE,,999,73,2.1,0,153.3,,
9263,335,10-5440,RB PLASTIC NOZZLE,,None,-73,1.1,0,-80.3,,
9273,336,14-2620,"SLV 6"" SCH 40 ALERTLINE",,185,400,13.3,0.04,5320,,
9274,336,14-2630,"SLV 4"" SCH 40 ALERTLINE",,182,740,7.2,0.04,5328,,
9275,336,14-2640,"SLV 3"" SCH 40 ALERTLINE",,172,140,5.45,0.04,763,,
9276,336,14-2660,"SLV 2"" SCH 40 ALERTLINE",,154,260,2.5,0.04,650,,
9319,297,95-0111,IMPERIAL CA TALL FESCUE 90 (Imperial),BUY 7500 SF IMPERIAL HEAT SHIELD FESCUE 50,800.1,6130,3.5,0.06,21455,,
9320,297,95-0111,IMPERIAL CA TALL FESCUE 90 (Imperial),IMPERIAL HEAT SHIELD,999,1370,3.5,0,4795,,
9321,297,95-0074,ART. TURF GREEN SAND #16 (50#),,999,-246,22,0,-5412,,
9322,297,95-0077,SYNTH TURF CAMOFILL SAND #30 (50#),,999,246,19,0,4674,,
9457,337,9301-235,POC HOMEOWNER W/O PRV,,449,21,15,1,315,,
9458,337,28-1129,"NIBCO T-585-70 1"" BV",PROVIDED BY PLUMBER,402,21,60.93,1,1279.53,,
9459,337,13-1726,"WILKINS #70 PRV  1""","3/4""",999,21,200,0,4200,,
9460,337,40-5218,"NDS 312BCB 10"" ROUND (GRN/GRN)",,999,-21,33,0,-693,,
9461,337,32-1003,NDS 318BC 13 X 20 JUMBO GRN,,None,21,83,0,1743,,
9462,337,13-1726,"WILKINS #70 PRV  1""","3/4/""",999,21,200,0,4200,,
9463,337,40-5218,"NDS 312BCB 10"" ROUND (GRN/GRN)",,999,-21,33,0,-693,,
9464,337,32-1003,NDS 318BC 13 X 20 JUMBO GRN,,None,21,83,0,1743,,
9465,337,13-2110,"ML 1"" SCH 40 PVC",,122,400,1.1,0.04,440,,
9466,337,10-5427,RB XACZ-075-PRF  ASVF,,390,21,49,0.62,1029,,
9467,337,10-5295,RB ESP-4ME OUTDOOR,,471,21,140,2,2940,,
9468,337,10-5294,RB WR2-RFC RAIN/FREEZE SENSOR,,638,21,90,0.5,1890,,
9469,337,13-1172,18-7 WIRE FOR 6 STATION CONTROLLERS,,430,500,0.63,0.003,315,,
9470,337,30-2777,NETAFIM TLCVRW-06-12 TECHLINE-1000',"3,900 SF @ 18"" O.C",638.6,3,650,10,1950,,
9471,337,12-2180,"LAT 3/4"" SCH 40  PVC",HEADER,110,300,0.75,0.0428,225,,
9472,337,20-2260,3/4 x 3/4 x 1/2 TEE SST PVC,,None,175,1.25,0,218.75,,
9473,337,30-2721,NETAFIM TL050-MA,,None,200,0.55,0,110,,
9474,337,30-2715,NETAFIM TLSOV SHUT OFF VALVE,,402.3,42,5,0.75,210,,
9475,337,10-8014,RB RD-12-S-P30-F-N,,210,42,28.5,0.12,1197,,
9476,337,10-5440,RB PLASTIC NOZZLE,,None,-42,1.1,0,-46.2,,
9477,337,10-2595V,RB 4 VAN NOZZLE,,None,42,1.65,0,69.3,,
9478,339,10-1188,RB 5F-B BUBBLER,,999,22,1.65,0,36.3,,
9479,339,12-2180,"LAT 3/4"" SCH 40  PVC",,110,1400,0.75,0.0428,1050,,
9480,339,30-2777,NETAFIM TLCVRW-06-12 TECHLINE-1000',"6,500 SF @ 18"" O.C",638.6,5,650,10,3250,,
9481,339,12-2180,"LAT 3/4"" SCH 40  PVC",HEADER,110,500,0.75,0.0428,375,,
9482,339,20-2260,3/4 x 3/4 x 1/2 TEE SST PVC,,None,350,1.25,0,437.5,,
9483,339,30-2721,NETAFIM TL050-MA,,None,400,0.55,0,220,,
9484,339,30-2715,NETAFIM TLSOV SHUT OFF VALVE,,402.3,88,5,0.75,440,,
9485,339,10-8014,RB RD-12-S-P30-F-N,,210,88,28.5,0.12,2508,,
9486,339,10-5440,RB PLASTIC NOZZLE,,None,-88,1.1,0,-96.8,,
9487,339,10-2595V,RB 4 VAN NOZZLE,,None,88,1.65,0,145.2,,
9488,339,30-2729,NETAFIM TLAVRV AIR/ VAC. RLF W/ TLO75FTEE,,402.3,88,10,0.75,880,,
9489,339,12-2180,"LAT 3/4"" SCH 40  PVC",DRIP SUPPLY,110,1100,0.75,0.0428,825,,
9490,339,13-2670,"SLV 2"" SCH 40 PVC",,154,1100,2.3,0.04,2530,,
9491,339,9301-235,POC HOMEOWNER W/O PRV,,449,22,15,1,330,,
9492,339,28-1129,"NIBCO T-585-70 1"" BV",PROVIDED BY PLUMBER,402,22,60.93,1,1340.46,,
9493,339,13-1726,"WILKINS #70 PRV  1""","3/4""",999,22,200,0,4400,,
9494,339,40-5218,"NDS 312BCB 10"" ROUND (GRN/GRN)",,999,-22,33,0,-726,,
9495,339,32-1003,NDS 318BC 13 X 20 JUMBO GRN,,None,22,83,0,1826,,
9496,339,13-2110,"ML 1"" SCH 40 PVC",,122,800,1.1,0.04,880,,
9497,339,10-5325,"RB ASVF 3/4"" ANTI SIPHON",,390,11,23,0.62,253,,
9498,339,10-5427,RB XACZ-075-PRF  ASVF,,390,22,49,0.62,1078,,
9499,339,10-5295,RB ESP-4ME OUTDOOR,,471,22,140,2,3080,,
9500,339,10-5294,RB WR2-RFC RAIN/FREEZE SENSOR,,638,22,90,0.5,1980,,
9501,339,13-1172,18-7 WIRE FOR 6 STATION CONTROLLERS,,430,1000,0.63,0.003,630,,
9502,339,10-8018,RB RD-06-S-P30-F,x2,210,22,21,0.12,462,,
9503,339,10-5440,RB PLASTIC NOZZLE,,None,-22,1.1,0,-24.2,,
9504,338,10-1188,RB 5F-B BUBBLER,,999,24,1.65,0,39.6,,
9505,338,12-2180,"LAT 3/4"" SCH 40  PVC",,110,200,0.75,0.0428,150,,
9506,338,30-2777,NETAFIM TLCVRW-06-12 TECHLINE-1000',"10,475 SF @ 18"" O.C",638.6,8,650,10,5200,,
9507,338,12-2180,"LAT 3/4"" SCH 40  PVC",HEADER,110,500,0.75,0.0428,375,,
9508,338,20-2260,3/4 x 3/4 x 1/2 TEE SST PVC,,None,350,1.25,0,437.5,,
9509,338,30-2721,NETAFIM TL050-MA,,None,400,0.55,0,220,,
9510,338,30-2715,NETAFIM TLSOV SHUT OFF VALVE,,402.3,92,5,0.75,460,,
9511,338,10-8014,RB RD-12-S-P30-F-N,,210,92,28.5,0.12,2622,,
9512,338,10-5440,RB PLASTIC NOZZLE,,None,-92,1.1,0,-101.2,,
9513,338,10-2595V,RB 4 VAN NOZZLE,,None,92,1.65,0,151.8,,
9514,338,30-2729,NETAFIM TLAVRV AIR/ VAC. RLF W/ TLO75FTEE,,402.3,92,10,0.75,920,,
9515,338,12-2180,"LAT 3/4"" SCH 40  PVC",DRIP SUPPLY,110,1900,0.75,0.0428,1425,,
9516,338,13-2670,"SLV 2"" SCH 40 PVC",,154,1200,2.3,0.04,2760,,
9517,338,,,,,1,0,0,0,,
9518,338,9301-235,POC HOMEOWNER W/O PRV,,449,23,15,1,345,,
9519,338,28-1129,"NIBCO T-585-70 1"" BV",PROVIDED BY PLUMBER,402,23,60.93,1,1401.39,,
9520,338,13-1726,"WILKINS #70 PRV  1""","3/4""",999,23,200,0,4600,,
9521,338,40-5218,"NDS 312BCB 10"" ROUND (GRN/GRN)",,999,-23,33,0,-759,,
9522,338,32-1003,NDS 318BC 13 X 20 JUMBO GRN,,None,23,83,0,1909,,
9523,338,13-2110,"ML 1"" SCH 40 PVC",INLCUDES EXTRA FOR LARGER HALF,122,600,1.1,0.04,660,,
9524,338,10-5325,"RB ASVF 3/4"" ANTI SIPHON",,390,12,23,0.62,276,,
9525,338,10-5427,RB XACZ-075-PRF  ASVF,,390,46,49,0.62,2254,,
9526,338,10-5295,RB ESP-4ME OUTDOOR,,471,23,140,2,3220,,
9527,338,10-5294,RB WR2-RFC RAIN/FREEZE SENSOR,,638,23,90,0.5,2070,,
9528,338,13-1172,18-7 WIRE FOR 6 STATION CONTROLLERS,,430,1000,0.63,0.003,630,,
9529,338,10-8018,RB RD-06-S-P30-F,x2,210,24,21,0.12,504,,
9530,338,10-5440,RB PLASTIC NOZZLE,,None,-24,1.1,0,-26.4,,
9620,293,95-0110,IMPERIAL PET PRIDE PRO,HEAT SHIELD 50,800.1,230,3.5,0.06,805,,
9621,293,95-0110,IMPERIAL PET PRIDE PRO,,999,205,3.5,0,717.5,,
9622,353,3420-160,"MAGNOLIA GRANDIFLORA 60"" STD",,501,-1,4200,10,-4200,,
9623,353,3420-172,"MAGNOLIA GRAND. STD. 72""",,500,1,8750,14,8750,,
9624,353,9302-235,CRANE (35 TO 50 TON),,635,-4,400,1,-1600,,
9625,353,9302-237,CRANE (50 TO 80 TON),,635,4,500,1,2000,,
9626,353,9302-098,"84"" TREE",,498,1,15625,16,15625,,
9627,353,95-1016,DELIVERY/ FREIGHT,,None,1,0,0,0,,
9659,352,1341-915,CITRUS KUMQUAT 'NAGAMI' 15G STD,,519.1,3,275,0.73,825,,
9660,352,9302-195,"4"" POT  PLANT MATERIAL","DICHONDRA ""SILVER FALLS""",524.1,27,8.5,0.04,229.5,,
9661,352,9500-113,"POTTING SOIL, 2 CF BAG",,642,12,14,0.17,168,,
9662,352,9309-210,POT PLACEMENT/IRRIG/DRAIN,,636,3,15,2,45,,
9663,352,9311-310,POT #1,SALVAGED POTS PROVIDED BY OWNER,999,1,0,0,0,,
9664,352,33-1302,"GRAVEL 3/4""",,635.2,0.5,47,0.5,23.5,,
9665,352,9301-1122,"MEXICAN BEACH PEBBLE BUFF 1/2""-1""",BUTTONS,635,0.5,800,1,400,,
9666,352,33-1304,FILTER FABRIC 4oz (Mirafi 140n),,641,60,0.2,0.003,12,,
9667,352,95-1029,DELIVERY,,None,1,442,0,442,,
9668,352,9306-211,LANDSCAPE MISC #2,waterproof pots,999,3,50,2,150,,
9669,352,,,,,1,0,0,0,,
9794,356,9302-962,DG CALIFORNIA GOLD STAB.,,547,24,100,0.5,2400,,
9814,310,13-2640,"SLV 4"" SCH 40 PVC",,182,120,4,0.04,480,,
9815,310,13-2670,"SLV 2"" SCH 40 PVC",,154,120,1.5,0.04,180,,
9816,315,32-0064,RB LXMMSS SS METAL CABINET,ICA6-RB3-36,481,1,1370,2,1370,,
9817,315,95-0006,"CONCRETE BASE (BF, PUMP, CONTROLLER)",,635.5,1,250,5,250,,
9818,315,10-4192,RB LXMMSSPED- SS PEDESTAL,,480,1,1700,4,1700,,
9819,314,13-2640,"SLV 4"" SCH 40 PVC",260,182,260,4,0.04,1040,,
9820,314,13-2670,"SLV 2"" SCH 40 PVC",,154,260,1.5,0.04,390,,
9821,294,95-0111,IMPERIAL CA TALL FESCUE 90 (Imperial),,800.1,230,4.25,0.06,977.5,,
9822,294,95-0111,IMPERIAL CA TALL FESCUE 90 (Imperial),,999,280,4.25,0,1190,,
9828,358,>>>,for #10 COURTYARD FOUNTAIN BASE,,,1,0,0,0,,
9829,358,33-1014,MEXICAN BLACK PEBBLES / .5 CF BAG,"10 SF @ 4"" DEEP",637.2,7,35,0.25,245,,
9830,358,33-1304,FILTER FABRIC 4oz (Mirafi 140n),,641,20,0.2,0.003,4,,
9838,298,9302-271.1,DG STABILIZED (color T.B.D.),"2950 SF @ 4"", bid as brimstone stabilized",547,65,65,0.5,4225,,
9839,298,33-13035,RECYCLED CLASS 2 BASE,"2950 SF @ 4""",635.2,65,25,0.5,1625,,
9840,298,33-1304,FILTER FABRIC 4oz (Mirafi 140n),,641,3300,0.2,0.003,660,,
9841,298,95-0410,MISC BLS EQUIPMENT PER HR,,635,20,90,1,1800,,
9842,298,95-0411,"ROLLER, PER DAY",,635.8,2,450,8,900,,
9843,298,95-1029,DELIVERY,,None,2,270,0,540,,
9844,298,33-1288,EPIC BENDA BOARD PLASTIC  2' x 4',,546,480,5,0.03,2400,,
9851,290,95-0111,IMPERIAL CA TALL FESCUE 90 (Imperial),SYNTIPEDE 343 BY Company 0355C7A0,800.1,460,3.5,0.06,1610,,
9852,290,95-0111,IMPERIAL CA TALL FESCUE 90 (Imperial),BUY 600 SF,999,140,3.5,0,490,,
9860,204,>>>,ITEM #12 (E) DECORATIVE GRAVEL PAVING,,,1,0,0,0,,
9861,204,93-1136,"CALIFORNIA GOLD 3/4"" GRAVEL","1/8"" CALIFORNIA GOLD GRAVEL 1802 SF @ 3""",640,25,140,1,3500,,
9862,204,33-1304,FILTER FABRIC 4oz (Mirafi 140n),,641,2000,0.2,0.003,400,,
9863,204,95-0410,MISC BLS EQUIPMENT PER HR,,635,8,90,1,720,,
9864,204,33-1271,JDR DURAEDGE HEAVY DUTY 1/4,,561,896,15,0.06,13440,,
9865,207,9301-505,GRASS PAVERS BY BARTON CORP,,800,5920,3,0.08,17760,,
9866,207,33-13035,RECYCLED CLASS 2 BASE,"5920 SF @ 7"" PER PGP PLANS = 192 TONS",635.2,-204,23,0.5,-4692,,
9867,207,33-1304,FILTER FABRIC 4oz (Mirafi 140n),,641,6500,0.2,0.003,1300,,
9868,207,93-1136,"CALIFORNIA GOLD 3/4"" GRAVEL","1/8"" CALIFORNIA GOLD 5920 SF @ 2""",640,55,140,1,7700,,
9869,207,95-0410,MISC BLS EQUIPMENT PER HR,,635,16,90,1,1440,,
9870,207,95-1029,DELIVERY,,None,1,400,0,400,,
9871,360,95-0004,MOW CURB (EXTRUDED),"6"" X 6"" W/ #3 REBAR",None,1901,14,0,26614,,
9921,330,9302-264,DG CA GOLD STAB.  (GAIL),"3618 SF @ 4"" ; 1670' X 6"" @ 2"" (ADD FOR 6""  DEEP EDGE)",547,90,77,0.5,6930,,
9922,330,95-0410,MISC BLS EQUIPMENT PER HR,,635,40,90,1,3600,,
9923,330,95-0411,"ROLLER, PER DAY",,635.8,2,450,8,900,,
9924,330,95-1029,DELIVERY,,None,1,300,0,300,,
9925,330,33-1190,"BORDER CONCEPTS STEEL 1/4"" X 5"" BROWN","SURE LOCK 1/4"" X 5""",561,1680,11,0.06,18480,,
10252,368,12-2200,"LAT 1"" SCH 40  PVC",,120,60,1.1,0.0438,66,,
10253,368,12-2180,"LAT 3/4"" SCH 40  PVC",,110,200,0.75,0.0428,150,,
10254,368,30-2742,NETAFIM TLCV6-1210-1000',"2046 SF @ 12""",638.6,2,500,10,1000,,
10255,368,12-2180,"LAT 3/4"" SCH 40  PVC",,110,300,0.75,0.0428,225,,
10256,368,20-2260,3/4 x 3/4 x 1/2 TEE SST PVC,,None,300,1.25,0,375,,
10257,368,20-2300,3/4 X 1/2 90 ST PVC,,None,1,0.65,0,0.65,,
10258,368,30-2721,NETAFIM TL050-MA,,None,300,0.55,0,165,,
10259,368,30-2715,NETAFIM TLSOV SHUT OFF VALVE,,402.3,2,5,0.75,10,,
10260,368,25-2045,HUNTER ECO-ID INDICATOR,,210.2,2,12,0.12,24,,
10261,368,12-2220,"LAT 1.25"" SCH 40  PVC",,131,20,1.45,0.04,29,,
10262,368,12-2200,"LAT 1"" SCH 40  PVC",,120,60,1.1,0.0438,66,,
10263,368,12-2180,"LAT 3/4"" SCH 40  PVC",,110,220,0.75,0.0428,165,,
10264,368,32-1011,BRICK PAVER,,639.1,18,1.4,0.005,25.2,,
10265,368,33-1304,FILTER FABRIC 4oz (Mirafi 140n),,641,50,0.2,0.003,10,,
10266,368,13-2650,"SLV 3"" SCH 40 PVC",,172,60,4.75,0.04,285,,
10267,368,13-2670,"SLV 2"" SCH 40 PVC",,154,60,2.3,0.04,138,,
10268,368,13-2670,"SLV 2"" SCH 40 PVC",,154,220,2.3,0.04,506,,
10269,368,9301-232,POC HOMEOWNER W/ PRV,TEMP. POC TO PRIVATE LOT WATER METER / ML,450,1,5,1,5,,
10270,368,13-2090,"ML 1.5"" SCH 40 PVC",,142,120,1.7,0.045,204,,
10271,368,28-1060,"NIBCO T-113 - 1.5"" GV",,400,1,220,1,220,,
10272,368,10-5400,RB 44LRC,,420,1,125,0.86,125,,
10273,368,10-5020,RB 100 PEB,,380,1,100,1.25,100,,
10274,368,10-5438,"RB XCZ-100-PRB-COM 1"" DRIP ASBLY",,380.7,1,240,1,240,,
10275,368,20-3004,"UNION 1"" TT SCH 80 PVC",,None,2,8,0,16,,
10276,368,13-1040,#14 UF WHITE WIRE,,430,100,0.19,0.003,19,,
10277,368,13-1020,#14 UF RED WIRE,,430,500,0.19,0.003,95,,
10278,368,10-8001,RB 1806-SAM PRS (USE PL. NOZ),,210,10,19,0.12,190,,
10279,368,10-5440,RB PLASTIC NOZZLE,,None,-10,1.1,0,-11,,
10280,368,10-1140,RB PA 80 ADAPTER,,None,10,3,0,30,,
10281,368,10-1180,RB 1401 BUBBLER,,999,10,5,0,50,,
10282,369,4487-515,PRUNUS C BRIGHT N TIGHT 15G,,510.3,-117,55,1.01,-6435,,
10283,369,4487-605,PRUNUS C. BRIGHT N TIGHT 5G CLMN,,520,117,15,0.27,1755,,
10284,369,95-1016,DELIVERY/ FREIGHT,,None,-1,375,0,-375,,
10285,370,3130-515,LIGUSTRUM JAPONICUM 15G,,519,-578,40,0.75,-23120,,
10286,370,3131-105,LIGUSTRUM J. TEX. 5G CLMN,,520,578,20,0.27,11560,,
10287,370,95-1016,DELIVERY/ FREIGHT,,None,-1,920,0,-920,,
10288,371,95-0004,MOW CURB (EXTRUDED),,None,1901,14,0,26614,,
10289,372,9302-961,DG PALM SPRINGS GOLD STABILIZED,,547,198,150,0.5,29700,,
10290,372,33-13035,RECYCLED CLASS 2 BASE,,635.2,224,23,0.5,5152,,
10291,372,33-1304,FILTER FABRIC 4oz (Mirafi 140n),,641,12500,0.2,0.003,2500,,
10292,372,95-0410,MISC BLS EQUIPMENT PER HR,,635,30,90,1,2700,,
10293,372,95-0411,"ROLLER, PER DAY",,635.8,2,450,8,900,,
10294,372,95-1029,DELIVERY,,None,1,300,0,300,,
10295,373,95-0004,MOW CURB (EXTRUDED),,None,1901,14,0,26614,,
10296,374,9302-961,DG PALM SPRINGS GOLD STABILIZED,,547,198,150,0.5,29700,,
10297,374,33-13035,RECYCLED CLASS 2 BASE,,635.2,224,23,0.5,5152,,
10298,374,33-1304,FILTER FABRIC 4oz (Mirafi 140n),,641,12500,0.2,0.003,2500,,
10299,374,95-0410,MISC BLS EQUIPMENT PER HR,,635,30,90,1,2700,,
10300,374,95-0411,"ROLLER, PER DAY",,635.8,2,450,8,900,,
10301,374,95-1029,DELIVERY,,None,1,300,0,300,,
10302,375,95-0004,MOW CURB (EXTRUDED),,None,1901,14,0,26614,,
10303,376,9302-961,DG PALM SPRINGS GOLD STABILIZED,,547,198,150,0.5,29700,,
10304,376,33-13035,RECYCLED CLASS 2 BASE,,635.2,224,23,0.5,5152,,
10305,376,33-1304,FILTER FABRIC 4oz (Mirafi 140n),,641,12500,0.2,0.003,2500,,
10306,376,95-0410,MISC BLS EQUIPMENT PER HR,,635,30,90,1,2700,,
10307,376,95-0411,"ROLLER, PER DAY",,635.8,2,450,8,900,,
10308,376,95-1029,DELIVERY,,None,1,300,0,300,,
10309,377,95-0004,MOW CURB (EXTRUDED),,None,1901,14,0,26614,,
10310,378,9302-961,DG PALM SPRINGS GOLD STABILIZED,,547,198,150,0.5,29700,,
10311,378,33-13035,RECYCLED CLASS 2 BASE,,635.2,224,23,0.5,5152,,
10312,378,33-1304,FILTER FABRIC 4oz (Mirafi 140n),,641,12500,0.2,0.003,2500,,
10313,378,95-0410,MISC BLS EQUIPMENT PER HR,,635,30,90,1,2700,,
10314,378,95-0411,"ROLLER, PER DAY",,635.8,2,450,8,900,,
10315,378,95-1029,DELIVERY,,None,1,300,0,300,,
10316,379,95-0004,MOW CURB (EXTRUDED),,None,1901,14,0,26614,,
10317,380,9302-961,DG PALM SPRINGS GOLD STABILIZED,,547,198,150,0.5,29700,,
10318,380,33-13035,RECYCLED CLASS 2 BASE,,635.2,224,23,0.5,5152,,
10319,380,33-1304,FILTER FABRIC 4oz (Mirafi 140n),,641,12500,0.2,0.003,2500,,
10320,380,95-0410,MISC BLS EQUIPMENT PER HR,,635,30,90,1,2700,,
10321,380,95-0411,"ROLLER, PER DAY",,635.8,2,450,8,900,,
10322,380,95-1029,DELIVERY,,None,1,300,0,300,,
10330,383,9325-1010,BOULDER 1',1.50' DESERT SAND BOULDER,635.2,2,31,0.5,62,,
10331,383,9325-102,BOULDER 2',DESERT SAND BOULDER,635,7,64,1,448,,
10332,383,9325-103,BOULDER 3',DESERT SAND BOULDER,635,13,164,1,2132,,
10333,383,9325-104,BOULDER 4',DESERT SAND BOULDER,635,9,284,1,2556,,
10334,383,95-0410,MISC BLS EQUIPMENT PER HR,,635,8,90,1,720,,
10335,383,95-1029,DELIVERY,,None,1,300,0,300,,
10344,382,2101-1004,DESIGNER WOOD CHIPS ( CORONA WHOLESALE),"1500 SF @ 12"" DEEP",534.1,56,38,0.5,2128,,
10345,382,95-0410,MISC BLS EQUIPMENT PER HR,,635,6,90,1,540,,
10346,382,33-1182,"EDGEPERM 3/16"" x 5.5"" ALUM HDR (IMPERIAL)",,559,112,7,0.03,784,,
10347,382,95-1029,DELIVERY,,None,1,0,0,0,,
10354,384,9302-271.1,DG STABILIZED (color T.B.D.),"DESERT SAND DG 1060 SF @ 4""",547,23,101,0.5,2323,,
10355,384,95-0410,MISC BLS EQUIPMENT PER HR,,635,4,90,1,360,,
10356,384,33-1304,FILTER FABRIC 4oz (Mirafi 140n),,641,1200,0.2,0.003,240,,
10357,384,95-0411,"ROLLER, PER DAY",,635.8,0.5,450,8,225,,
10358,384,95-1029,DELIVERY,,None,1,300,0,300,,
10359,381,9302-973,DG PARADISE GOLD - STABILIZED,"1500 SF @ 4""",547,33,89,0.5,2937,,
10360,381,95-0410,MISC BLS EQUIPMENT PER HR,,635,4,90,1,360,,
10361,381,33-1304,FILTER FABRIC 4oz (Mirafi 140n),,641,2000,0.2,0.003,400,,
10362,381,95-0411,"ROLLER, PER DAY",,635.8,1,450,8,450,,
10363,381,33-1182,"EDGEPERM 3/16"" x 5.5"" ALUM HDR (IMPERIAL)",,559,784,7,0.03,5488,,
10364,381,95-1029,DELIVERY,,None,1,300,0,300,,
10371,386,33-1315,FLAGSTONE PIECES (3-4 SF) (taken from pallets),CALIFORNIA GOLD STONE STEPPERS,567,23,50,0.3,1150,,
10372,386,95-0049,CONCRETE FOOTING SMALL,MORTAR BASE,635,23,15,1,345,,
10392,387,411-123,"CITRUS ""KUMQUAT"" 24"" STD",,999,3,750,2,2250,,
10393,387,1341-624,"CITRUS VALENCIA 24"" STD",,999,1,750,2,750,,
10394,387,1341-915,CITRUS KUMQUAT 'NAGAMI' 15G STD,,519.1,1,220,0.73,220,,
10395,387,0941-555,CAMELIA J. YULETIDE 15G,,519.1,1,95,0.73,95,,
10396,387,3422-415,MAGNOLIA G LITTLE GEM 15G L/B,,510.1,2,60,1.01,120,,
10397,387,0319-215,ALOE PLICATILIS 15G,,519.1,1,100,0.73,100,,
10398,387,0319-015,ALOE BARBADENSIS 15G,ALOE BARBERAE,519.1,2,50,0.73,100,,
10399,387,1630-405,DIANELLA LITTLE REV 5G,,520.1,2,16.5,0.254,33,,
10400,387,7002-901,LAVANDULA ANG. 'ALBA' 1G,NANA ALBA,522.1,6,3.5,0.11,21,,
10401,387,9302-804,"SUTERA CORDATA 4"" POT FLATS","28 EA.- 4"" POTS",530,2,18,0.4,36,,
10402,387,4905-204,"ROSM HUNT CARPET 4"" POT","ROSM. ""IRENE""",524.1,8,3,0.04,24,,
10403,387,4119-406,"SEDUM MORGANIANUM 6"" POT","4"" POTS",522,18,10,0.11,180,,
10404,387,2328-104,"ECHEVERIA VARIETIES 4"" POT",ECHEV. AGAVOIDES,524.1,6,4,0.04,24,,
10405,387,5315-506,"TRACHELOSPERMUM JAS. 6"" POTS","4"" POTS",522,4,5,0.11,20,,
10406,387,3530-604,"FESTUCA CALIFORNIA 4"" POT","FESTUCA ""SISKIYOU BLUE""",524.1,8,3,0.04,24,,
10407,387,9311-310,POT #1,PLANTER SUPPLY POT QUOTE,999,1,0,0,0,,
10408,387,9500-113,"POTTING SOIL, 2 CF BAG",,642,60,13.5,0.17,810,,
10409,387,9309-210,POT PLACEMENT/IRRIG/DRAIN,,636,17,15,2,255,,
10410,387,95-1029,DELIVERY,,None,1,300,0,300,,
10411,388,93-1138,"PEWTER GRAY 3/4""-1"" CRUSHED","3/8"" PEWTER GREY GRAVEL 735 SF @3""",640,83,95,1,7885,,
10412,388,95-0410,MISC BLS EQUIPMENT PER HR,,635,2,90,1,180,,
10413,388,33-1304,FILTER FABRIC 4oz (Mirafi 140n),,641,800,0.2,0.003,160,,
10414,388,95-1029,DELIVERY,,None,1,300,0,300,,
10415,388,33-1182,"EDGEPERM 3/16"" x 5.5"" ALUM HDR (IMPERIAL)",,559,208,7,0.03,1456,,
10422,385,3950-902,OYSTER SHELL/DG BLEND (SWB),"910 SF @ 4"" DEEP BOCCE BLEND BY SWB =12 CU. YD",547,13,425,0.5,5525,,
10423,385,95-0410,MISC BLS EQUIPMENT PER HR,,635,4,90,1,360,,
10424,385,95-0411,"ROLLER, PER DAY",,635.8,1,450,8,450,,
10425,385,33-13035,RECYCLED CLASS 2 BASE,"910 SF @ 6""",635.2,25,23,0.5,575,,
10426,385,95-1029,DELIVERY,,None,1,300,0,300,,
10427,385,40-1975.1,"4"" SDR 35 PERF PIPE",??? W/ DRAINS??,999,240,2.3,0,552,,
10428,363,9302-961,DG PALM SPRINGS GOLD STABILIZED,"2840 SF @ 3""",547,47,110,0.5,5170,,
10429,363,33-13035,RECYCLED CLASS 2 BASE,"2840 SF @ 4""",635.2,53,23,0.5,1219,,
10430,363,33-1304,FILTER FABRIC 4oz (Mirafi 140n),,641,3000,0.2,0.003,600,,
10431,363,95-0410,MISC BLS EQUIPMENT PER HR,,635,16,90,1,1440,,
10432,363,95-0411,"ROLLER, PER DAY",,635.8,1,450,8,450,,
10433,363,95-1029,DELIVERY,,None,1,300,0,300,,
10434,362,95-0004,MOW CURB (EXTRUDED),,None,475,14,0,6650,,
10489,398,1640-505,DIETES BICOLOR 5G,,520.1,2,10,0.254,20,,
10490,398,9311-310,POT #1,PLANTER SUPPLY QUOTE,999,1,0,0,0,,
10491,398,9500-113,"POTTING SOIL, 2 CF BAG",,642,6,13.5,0.17,81,,
10492,398,9309-210,POT PLACEMENT/IRRIG/DRAIN,,636,2,15,2,30,,
10493,398,95-1029,DELIVERY,,None,1,50,0,50,,
10494,359,33-1064,"CRIVA MIXED PEBBLE 1/4"" (SUPER SAX)","137 SF @ 3"" (1/4"" WHITE CRIVA)",640,2,800,1,1600,,
10495,359,33-1304,FILTER FABRIC 4oz (Mirafi 140n),,641,200,0.2,0.003,40,,
10496,359,95-1029,DELIVERY,,None,1,300,0,300,,
10497,359,33-1260,REDWOOD 2 X 4,,558,50,2.5,0.03,125,,
10498,359,95-0410,MISC BLS EQUIPMENT PER HR,,635,2,100,1,200,,
10507,354,0326-615,LAGER. TONTO 15G STD,,510,8,60,1.01,480,,
10508,354,5795-505,XYLOSMA C. COMPACTA 5G,,520,189,10.5,0.27,1984.5,,
10509,354,4732-501,RAPHIOLEPIS PINKIE 1G,,522,348,4,0.11,1392,,
10510,354,2101-1000,GENERIC MULCH,"7240 SF @ 3""",534.1,55,25,0.5,1375,,
10511,354,9302-225,FINE RAKE,,536,7240,0,0.002,0,,
10512,354,9302-210,SOIL PREP,,533,7240,0,0.0035,0,,
10513,354,9302-220,WEED CONTROL (GRO-N-KILL),,535,7000,0,0.0005,0,,
10514,354,95-1029,DELIVERY,,None,1,250,0,250,,
10515,355,>>>,REAR YARD SLOPES (7 LOTS),,,1,0,0,0,,
10516,355,13-2110,"ML 1"" SCH 40 PVC",,122,760,1.1,0.04,836,,
10517,355,28-1139,"NIBCO T-580 1""  BV",,402,7,30,1,210,,
10518,355,20-3004,"UNION 1"" TT SCH 80 PVC",,7,1,8,0,8,,
10519,355,10-5324,"RB ASVF 1"" ANTI SIPHON",,395,7,26,0.62,182,,
10520,355,10-5429,RB XACZ-100-PRF ASVF,,395,7,60,0.62,420,,
10521,355,26-1109,CHAMPION 362-100 AVB W/UNION,,395,7,35,0.62,245,,
10522,355,20-3004,"UNION 1"" TT SCH 80 PVC",,None,7,8,0,56,,
10523,355,13-1172,18-7 WIRE FOR 6 STATION CONTROLLERS,,430,1000,0.63,0.003,630,,
10524,355,10-1236,RB RWS M-B-C-1402,,639.7,16,48,0.25,768,,
10525,355,12-1580,"3/4"" UVR PIPE",,201,600,0.85,0.015,510,,
10526,355,12-2060,"LAT 1"" CLASS 200 PVC",,121,80,0.6,0.0366,48,,
10527,355,30-2820,NETAFIM HCVXR-RW7-1210,"7240 SF @ 18""",638.6,5,610,10,3050,,
10528,355,12-2040,"LAT 3/4"" CLASS 200 PVC",,110,200,0.45,0.0428,90,,
10529,355,20-2260,3/4 x 3/4 x 1/2 TEE SST PVC,,None,140,1.25,0,175,,
10530,355,30-2721,NETAFIM TL050-MA,,None,200,0.55,0,110,,
10531,355,10-1113,TORO FCH-H-FIPT FLUSH VALVE,,402.3,14,4,0.75,56,,
10532,355,33-1302,"GRAVEL 3/4""",,635.2,1,50,0.5,50,,
10533,355,11-4667,TORO YD-500-34,,402.3,7,12,0.75,84,,
10534,355,12-2060,"LAT 1"" CLASS 200 PVC",,121,80,0.6,0.0366,48,,
10535,355,12-2040,"LAT 3/4"" CLASS 200 PVC",,110,100,0.45,0.0428,45,,
10536,355,33-2020,PENTITES,,None,-42,1.75,0,-73.5,,
10537,355,33-5070,3M SCOTCHLOK DBR-Y6 CONN.,,None,42,3,0,126,,
10544,361,9302-961,DG PALM SPRINGS GOLD STABILIZED,"12,090  SF @ 3"" DEPTH",547,198,150,0.5,29700,,
10545,361,33-13035,RECYCLED CLASS 2 BASE,"12,090 SF @ 4""",635.2,224,23,0.5,5152,,
10546,361,33-1304,FILTER FABRIC 4oz (Mirafi 140n),,641,12500,0.2,0.003,2500,,
10547,361,95-0410,MISC BLS EQUIPMENT PER HR,,635,30,90,1,2700,,
10548,361,95-0411,"ROLLER, PER DAY",,635.8,2,450,8,900,,
10549,361,95-1029,DELIVERY,,None,1,300,0,300,,
10550,365,9302-961,DG PALM SPRINGS GOLD STABILIZED,"1153 SF @ 3""",547,19,150,0.5,2850,,
10551,365,33-13035,RECYCLED CLASS 2 BASE,"1153 SF @ 4""",635.2,22,23,0.5,506,,
10552,365,33-1304,FILTER FABRIC 4oz (Mirafi 140n),,641,1500,0.2,0.003,300,,
10553,365,95-0410,MISC BLS EQUIPMENT PER HR,,635,4,90,1,360,,
10554,365,95-0411,"ROLLER, PER DAY",,635.8,1,450,8,450,,
10555,365,95-1029,DELIVERY,,None,1,300,0,300,,
10556,399,9302-1003,DG - DESERT GOLD DG STABILIZED,"7600 SF @ 4""",547,170,75,0.5,12750,,
10557,399,95-0411,"ROLLER, PER DAY",,635.82,1.5,450,0,675,,
10558,399,95-0410,MISC BLS EQUIPMENT PER HR,,635,8,90,1,720,,
10559,399,95-1016,DELIVERY/ FREIGHT,,None,1,450,0,450,,
10646,400,95-1029,DELIVERY,,None,-1,160,0,-160,,
10647,400,4705-505,RHAPHIOLEPIS CLARA 5G,,520,-17,10,0.27,-170,,
10648,400,4905-405,ROSM. O. TUSCAN BLUE 5G,,520,-6,10,0.27,-60,,
10649,400,5168-505,STRELITZIA REGINAE 5G,,520,-14,12.5,0.27,-175,,
10650,400,0896-501,BUXUS MICROPHYLLA JAP 1G,,522,-24,4,0.11,-96,,
10651,400,1631-601,DIANELLA DR5000  1G,,522,-3,6.5,0.11,-19.5,,
10652,400,41-1210,CHRYSANTHEMUM 'DWARF' FLTS,"63 SF @ 18""",531,-0.5,14,0.3,-7,,
10653,400,3950-211,WESTRINGIA FRUITICOSA 1G,"34 SF @ 36""",522,-4,4.25,0.11,-17,,
10654,400,2101-1000,GENERIC MULCH,"887 SF @ 3""",534.1,-8,25,0.5,-200,,
10655,400,9302-225,FINE RAKE,,536,-887,0,0.002,0,,
10656,400,9302-210,SOIL PREP,,533,-887,0,0.0035,0,,
10657,400,2962-124,"KOELREUTERIA PANIC. 24"" STD",,507,-2,175,2.8,-350,,
10658,400,4592-424,"PYRUS CALL. 'CAPITOL' 24"" STD",,507,-2,155,2.8,-310,,
10659,400,5166-215,STRELITZIA NICHOLAI 15G,,519,-1,48,0.75,-48,,
10660,400,9302-949,"CENTURY 24"" X 18""  PANEL",,537,-20,4.5,0.1,-90,,
10661,400,9302-950,CENTURY 24,,537,-5,6.25,0.1,-31.25,,
10662,400,0370-615,ARBUTUS U. 'ELFIN KING' 15G,,519,-2,60,0.75,-120,,
10663,400,4372-615,PODOCARPUS E. MONMAL ICEE BLUE 15G,,519,-2,130,0.75,-260,,
10664,400,0340-505,ALYOGYNE HUEGELII 5G,,520,-2,12,0.27,-24,,
10665,400,0919-505,CALANDRINIA SPECTABILIS  5G,,520,-17,11,0.27,-187,,
10666,400,0928-105,CALLISTEMON V. LITTLE JOHN 5G,,520,-17,10.5,0.27,-178.5,,
10667,400,2329-505,HESPERALOE PARVIFLORA 5G,,520,-1,11,0.27,-11,,
10668,400,3920-605,OLEA 'MONTRA' (LITTLE OLLIE) 5G,,520,-6,15,0.27,-90,,
10669,400,4065-445,"PENNISETUM ""FAIRY TALES"" 5G",,520,-4,11,0.27,-44,,
10704,402,13-2270,"ML 1.5"" SCH 40 ALERTLINE",,142,-140,1.85,0.045,-259,,
10705,402,10-5425,RB XCZ-100-PRBR DRIP RW VALVE,,380.7,-2,190,1,-380,,
10706,402,20-3004,"UNION 1"" TT SCH 80 PVC",,None,-2,8,0,-16,,
10707,402,10-53161,"RB 100 PESB-R 1"" RW",,380.2,-1,154,1.25,-154,,
10708,402,10-5260,RB PRS-D,,639.3,-1,75,0.025,-75,,
10709,402,10-1284,"RB RWS-GRATEP (4"" PURPLE GRATE)",,None,-8,5.75,0,-46,,
10710,402,13-2320,"LAT 3/4"" CL.200 ALERTLINE",,110,-160,0.5,0.0428,-80,,
10711,402,13240-207,RB XFS-CV-P-06-18-500 (purple),"887 SF @ 18""",638.5,-1.5,280,7,-420,,
10712,402,13-2320,"LAT 3/4"" CL.200 ALERTLINE",,110,-100,0.5,0.0428,-50,,
10713,402,20-2260,3/4 x 3/4 x 1/2 TEE SST PVC,,None,-66,1.25,0,-82.5,,
10714,402,30-2707,NETAFIM TL TEE,,None,-66,0.5,0,-33,,
10715,402,10-8024,RB OPERIND,,210,-4,11,0.12,-44,,
10716,402,13-2320,"LAT 3/4"" CL.200 ALERTLINE",,110,-160,0.5,0.0428,-80,,
10717,402,14-2740,"SLV 3"" PVC 315 ALERTLINE",,172,-20,6.3,0.04,-126,,
10718,402,14-2660,"SLV 2"" SCH 40 ALERTLINE",,154,-20,2.5,0.04,-50,,
10719,402,14-2670,"SLV 1 1/2"" SCH 40 ALERTLINE",,144,-60,1.85,0.03,-111,,
10720,402,13-1020,#14 UF RED WIRE,,430,-1800,0.19,0.003,-342,,
10721,402,,,,,1,0,0,0,,
10722,403,9325-104,BOULDER 4',TO BE SELECTED,635,9,125,1,1125,,
10723,403,9325-102,BOULDER 2',TO BE SELECTED,635,9,50,1,450,,
10724,403,95-0410,MISC BLS EQUIPMENT PER HR,,635,4,90,1,360,,
10725,403,95-1029,DELIVERY,,None,1,300,0,300,,
10726,250,9302-962,DG CALIFORNIA GOLD STAB.,"2314 SF @ 6"" (2-3"" LIFTS)",547,76,74,0.5,5624,,
10727,250,33-1304,FILTER FABRIC 4oz (Mirafi 140n),,641,2500,0.2,0.003,500,,
10728,250,33-13035,RECYCLED CLASS 2 BASE,"2314 SF @4""",635.2,43,23,0.5,989,,
10729,250,95-0410,MISC BLS EQUIPMENT PER HR,,635,16,90,1,1440,,
10730,250,95-0411,"ROLLER, PER DAY",,635.8,1,450,8,450,,
10731,250,33-1271,JDR DURAEDGE HEAVY DUTY 1/4,,561,176,15,0.06,2640,,
10732,404,9302-264,DG CA GOLD STAB.  (GAIL),"128 SF @ 4""",547,3,77,0.5,231,,
10733,404,95-0411,"ROLLER, PER DAY",,635.8,0.5,450,8,225,,
10734,404,95-0410,MISC BLS EQUIPMENT PER HR,,635,2,90,1,180,,
10735,404,95-1029,DELIVERY,,None,1,300,0,300,,
10736,405,95-0008,MOW CURB BY BLS,"6"" X 6""",635.2,16,8,0.5,128,,
10780,136,9301-421,"DESERT BEIGE 3/4"" ROCK MULCH","161 SF @ 3""",640,3.5,110,1,385,,
10781,136,95-0410,MISC BLS EQUIPMENT PER HR,,635,1.5,90,1,135,,
10782,136,33-1294,"B.C. 3/16"" x 4""  BROWN STEEL HEADER",,559,160,7.5,0.03,1200,,
10783,136,95-1029,DELIVERY,,None,1,543,0,543,,
10786,411,30-3027,DECORATIVE GRAVEL (size & type TBD),,640,339,100,1,33900,,
10787,410,33-10161,"RIVER COBBLE 1"" - 3""",,635,128,95,1,12160,,
10810,414,95-0116,IMPERIAL AN-FESCUE 65 (Nylon; anti-melt),,800.1,150,11.5,0.06,1725,,
10811,414,95-0116,IMPERIAL AN-FESCUE 65 (Nylon; anti-melt),,999,75,11.5,0,862.5,,
10812,414,33-1190,"BORDER CONCEPTS STEEL 1/4"" X 5"" BROWN",,561,64,11,0.06,704,,
10813,413,33-1019,"MEXICAN BEACH PEBBLE BLK 1"" - 2""","30 SF @ 6""",640,1,400,1,400,,
10814,413,33-1304,FILTER FABRIC 4oz (Mirafi 140n),,641,100,0.2,0.003,20,,
10815,413,95-0410,MISC BLS EQUIPMENT PER HR,,635,2,90,1,180,,
10816,413,33-1190,"BORDER CONCEPTS STEEL 1/4"" X 5"" BROWN",,561,32,11,0.06,352,,
10817,413,95-1029,DELIVERY,,None,1,150,0,150,,
10818,415,33-1019,"MEXICAN BEACH PEBBLE BLK 1"" - 2""","21 sf @ 6""",640,0.5,400,1,200,,
10819,415,33-1304,FILTER FABRIC 4oz (Mirafi 140n),,641,50,0.2,0.003,10,,
10820,415,95-0410,MISC BLS EQUIPMENT PER HR,,635,2,90,1,180,,
10821,415,33-1190,"BORDER CONCEPTS STEEL 1/4"" X 5"" BROWN",,561,16,11,0.06,176,,
10822,415,95-1029,DELIVERY,,None,1,150,0,150,,
10861,420,>>>,BY POOL CONTRACTOR,,,1,0,0,0,,
10873,419,9301-1142,"SALT & PEPPER STONE 3/4""","1""-2"" salt & pepper NORTHERN STONE 31 SF @ 3""",640,0.5,236,1,118,,
10874,419,33-1304,FILTER FABRIC 4oz (Mirafi 140n),,641,60,0.2,0.003,12,,
10875,419,95-0410,MISC BLS EQUIPMENT PER HR,,635,2,90,1,180,,
10876,419,33-1190,"BORDER CONCEPTS STEEL 1/4"" X 5"" BROWN",,561,24,11,0.06,264,,
10877,419,95-1029,DELIVERY,,None,1,140,0,140,,
10893,412,9302-071,DG DESERT GOLD W/ STABILIZER,"91 SF @ 3""",547,2,90,0.5,180,,
10894,412,33-13035,RECYCLED CLASS 2 BASE,"91 SF @ 4""",635.2,2,23,0.5,46,,
10895,412,95-0411,"ROLLER, PER DAY",,635.8,0.5,450,8,225,,
10896,412,33-1190,"BORDER CONCEPTS STEEL 1/4"" X 5"" BROWN",,561,32,11,0.06,352,,
10897,412,95-1029,DELIVERY,,None,1,300,0,300,,
10935,425,40-1400,DOWNSPOUT 2 X 3 X 4 (PVC 35),,630.5,15,8,0.5,120,,
10936,425,40-1974,"4"" PVC SDR 35 SOLID",,625,150,2.3,0.1,345,,
10937,416,9301-403,,"32 sf @ 6""",640,1,400,1,400,,
10938,416,33-1304,FILTER FABRIC 4oz (Mirafi 140n),,641,50,0.2,0.003,10,,
10939,416,95-0410,MISC BLS EQUIPMENT PER HR,,635,1,90,1,90,,
10940,416,33-1190,"BORDER CONCEPTS STEEL 1/4"" X 5"" BROWN",,561,18,11,0.06,198,,
10941,416,95-1029,DELIVERY,,None,1,140,0,140,,
10947,417,,"MEXICAN BEACH BUFF 1""-2""","23 SF @ 6""4",,1,400,0.21,400,,
10948,417,33-1304,FILTER FABRIC 4oz (Mirafi 140n),,641,60,0.2,0.003,12,,
10949,417,95-0410,MISC BLS EQUIPMENT PER HR,,635,1,90,1,90,,
10950,417,33-1190,"BORDER CONCEPTS STEEL 1/4"" X 5"" BROWN",,561,24,11,0.06,264,,
10951,417,95-1029,DELIVERY,,None,1,140,0,140,,
10952,418,9302-071,DG DESERT GOLD W/ STABILIZER,"168 sf @ 3""",547,3,91,0.5,273,,
10953,418,33-13035,RECYCLED CLASS 2 BASE,"168 sf @ 4""",635.2,0,23,0.5,0,,
10954,418,95-0410,MISC BLS EQUIPMENT PER HR,,635,1.5,90,1,135,,
10955,418,95-0411,"ROLLER, PER DAY",,635.8,0.33,450,8,148.5,,
10956,418,33-1190,"BORDER CONCEPTS STEEL 1/4"" X 5"" BROWN",,561,32,11,0.06,352,,
10957,418,95-1029,DELIVERY,,None,1,140,0,140,,
10961,407,>>>,CABINET GORGE BOULDERS BY THOMPSON BLDG MAT,,,1,0,0,0,,
10962,407,9325-104,BOULDER 4',,635,2,284,1,568,,
10963,407,9325-103,BOULDER 3',,635,3,164,1,492,,
10964,407,9325-103,BOULDER 3',2.50' dia,635,1,86,1,86,,
10965,407,9325-102,BOULDER 2',,635,2,64,1,128,,
10966,407,9325-107,BOULDER 1.5',,635,1,32,1,32,,
10967,407,95-0410,MISC BLS EQUIPMENT PER HR,,635,6,90,1,540,,
10968,407,95-1029,DELIVERY,,None,1,288,0,288,,
10969,406,9302-264,DG CA GOLD STAB.  (GAIL),"1160 SF @ 4""",547,25,188,0.5,4700,,
10970,406,95-0411,"ROLLER, PER DAY",,635.8,1,450,8,450,,
10971,406,95-0410,MISC BLS EQUIPMENT PER HR,,635,4,90,1,360,,
10972,406,95-1029,DELIVERY,,None,1,581,0,581,,
10980,435,,,,626,0,14,0.1,0,,
10981,435,40-1400,DOWNSPOUT 2 X 3 X 4 (PVC 35),,630.5,20,8,0.5,160,,
10982,435,40-1974,"4"" PVC SDR 35 SOLID",,625,200,2.3,0.1,460,,
10983,435,,,40,,1,0,0,0,,
10984,435,,,,,1,0,0,0,,
11123,437,95-0008,MOW CURB BY BLS,"6"" X 6"" W/ #4 REBAR",635.2,233,8,0.5,1864,,
11124,430,9302-071,DG DESERT GOLD W/ STABILIZER,"2542 SF @ 4""",547,55,80,0.5,4400,,
11125,430,33-1304,FILTER FABRIC 4oz (Mirafi 140n),,641,3000,0.2,0.003,600,,
11126,430,33-13035,RECYCLED CLASS 2 BASE,,635.2,48,23,0.5,1104,,
11127,430,95-0410,MISC BLS EQUIPMENT PER HR,,635,16,90,1,1440,,
11128,430,95-0411,"ROLLER, PER DAY",,635.8,1,450,8,450,,
11129,430,95-1029,DELIVERY,,None,1,406,0,406,,
11150,441,1640-005,DIETES ORANGE DROP  5G,DIET5,520,12,18,0.27,216,,
11151,441,4730-605,RHAPHIOLEPIS U. MINOR 5G,,520,5,11.5,0.27,57.5,,
11152,441,1630-001,DIANELLA LITTLE REV 1G,,522,17,6.75,0.11,114.75,,
11153,441,33-018,AGUINAGA FOREST FLOOR MULCH,"110 SF @ 3""",534.1,1,58,0.5,58,,
11154,441,9302-225,FINE RAKE,,536,110,0,0.002,0,,
11155,441,9302-210,SOIL PREP,,533,110,0,0.0035,0,,
11156,441,95-1029,DELIVERY,,None,1,30,0,30,,
11247,445,32-1078,STRONGBOX SBBC-30SS BF ENCL,,480,-1,2619,4,-2619,,
11248,445,32-1037,STRONGBOX SBBC-30CR BF ENCL,PAINTED GREEN,480,1,1450,4,1450,,
11249,445,9304-210,IRRIGATION MISC #1,painting,999,1,200,0,200,,
11304,446,1839-101,CONTROLLER ASSEMBLY #1,PEDESTAL ASSY AS SPECIFIED,490,-1,6282,10,-6282,,
11305,446,1839-102,IMPERIAL CONTR. ASSEMBLY #2,WALL MOUNT COT. ASSY IN UTILITY CLOSET,490,1,6316,10,6316,,
11318,439,1643-515,DRACENA DRACO 15G SHRUB (6'),,519.1,3,350,0.73,1050,,
11319,439,5050-901,SENECIO ROWLEYANUS 1G,SENECIO JACOBSENII,522.1,15,5,0.11,75,,
11320,439,9311-310,POT #1,ASIAN CERAMICS POTS,999,1,0,0,0,,
11321,439,9309-210,POT PLACEMENT/IRRIG/DRAIN,,636,3,15,2,45,,
11322,439,9500-113,"POTTING SOIL, 2 CF BAG",,642,10,13.5,0.17,135,,
11323,439,95-1029,DELIVERY,,None,1,100,0,100,,
11324,439,9500-137,PLANTER SUPPLY WATERING DEVICE,,637,0,100,0.1,0,,
11457,463,32-1005,TIE INTO EXISTING LATERALS,,635.11,1,10,0.75,10,,
11528,467,32-1005,TIE INTO EXISTING LATERALS,ADD,635.11,1,10,0.75,10,,
11529,467,0244-601,AGAPANTHUS  TINKERBELL 1G,,522,1,6,0.11,6,,
11559,458,>>>,P-05 SYNTHETIC TURF,FOREVER LAWN FUSION PRO,,0,0,0,0,,
11560,458,95-0117,IMPERIAL AN-FESCUE 90 (Nylon; anti-melt),,800.1,145,4.8,0.06,696,,
11561,458,95-0117,IMPERIAL AN-FESCUE 90 (Nylon; anti-melt),,999,95,4.8,0,456,,
11562,458,33-1271,"JDR DURAEDGE HEAVY DUTY 1/4"" X 6"" BLK",,561,16,15,0.06,240,,
11563,459,>>>,P-08 DECORATIVE CRUSHED STONE,"1/2"" CRUSHED PALM SPRINGS GOLD 740 SF 2 3""",,0,0,0,0,,
11564,459,93-1134,"PALM SPRINGS GOLD 3/4"" GRAVEL",,640,11,150,1,1650,,
11565,459,95-0410,MISC BLS EQUIPMENT PER HR,,635,4,90,1,360,,
11566,459,95-1029,DELIVERY,,None,1,440,0,440,,
11567,459,33-1271,"JDR DURAEDGE HEAVY DUTY 1/4"" X 6"" BLK",,561,320,15,0.06,4800,,
11568,459,33-1304,FILTER FABRIC 4oz (Mirafi 140n),,641,800,0.2,0.003,160,,
11569,462,>>>,CATT RD. PKWY PLANTING (INCLUDED W/ MAIN BID),FOR BID BREAK OUT PURPOSES,,1,0,0,0,,
11570,462,5432-136,"ULMUS PARV TRUEGREEN 36"" STD",,505.3,4,470,4.5,1880,,
11571,462,9302-950,CENTURY 24,,537,36,6.25,0.1,225,,
11572,462,4700-505,RHAPHIOLEPIS BALLERINA 5G,,520,125,10.5,0.27,1312.5,,
11573,462,4256-705,PITTOSPORUM TURNERS 5G,,520,11,11,0.27,121,,
11574,462,0749-201,BOUTELOUA G. 'BLONDE AMBITION 1G,,522,36,4.5,0.11,162,,
11575,462,2101-1000,GENERIC MULCH,,534.1,5,25,0.5,125,,
11576,462,9302-225,FINE RAKE,,536,500,0,0.002,0,,
11577,462,9302-210,SOIL PREP,,533,500,0,0.0035,0,,
11578,462,95-1016,DELIVERY/ FREIGHT,,None,1,350,0,350,,
11579,461,>>>,ITEM #21 SOIL FOR RAISED PLANTERS,5'X 5' X 4' (3),,1,0,0,0,,
11580,461,9302-290,TOPSOIL,,635,10,40,1,400,,
11581,461,95-0410,MISC BLS EQUIPMENT PER HR,,635,3,90,1,270,,
11582,460,>>>,P-09 DECOMPOSED GRANITE,,,1,0,0,0,,
11583,460,9302-975,DG APACHE BROWN STABILIZED,"625 SF @ 3""",547,11,180,0.5,1980,,
11584,460,33-1304,FILTER FABRIC 4oz (Mirafi 140n),,641,700,0.2,0.003,140,,
11585,460,95-0410,MISC BLS EQUIPMENT PER HR,,635,3,90,1,270,,
11586,460,95-0411,"ROLLER, PER DAY",,635.8,0.5,450,8,225,,
11587,460,95-1029,DELIVERY,,None,1,440,0,440,,
11588,460,33-1271,"JDR DURAEDGE HEAVY DUTY 1/4"" X 6"" BLK",,561,64,15,0.06,960,,
11630,470,3131-105,LIGUSTRUM J. TEX. 5G CLMN,,520,35,20,0.27,700,,
11631,470,4242-005,PITT T. WHEELERS DWF 5G,,520,10,10,0.27,100,,
11632,470,4920-4101,SESLERIA GREEN LEE 1G,,522,130,5,0.11,650,,
11633,470,33-021,"TIERRA VERDE FOREST MULCH 1""-3""","253 SF @ 3""",534.1,2.5,45,0.5,112.5,,
11634,470,9302-225,FINE RAKE,,536,253,0,0.002,0,,
11635,470,9302-210,SOIL PREP,,533,253,0,0.0035,0,,
11636,470,9302-220,WEED CONTROL (GRO-N-KILL),,535,30,0,0.0005,0,,
11637,470,95-1029,DELIVERY,,None,1,100,0,100,,
11646,471,3131-105,LIGUSTRUM J. TEX. 5G CLMN,,520,42,20,0.27,840,,
11647,471,4242-005,PITT T. WHEELERS DWF 5G,,520,10,10,0.27,100,,
11648,471,4920-4101,SESLERIA GREEN LEE 1G,,522,104,5,0.11,520,,
11649,471,33-021,"TIERRA VERDE FOREST MULCH 1""-3""","250 SF @ 3""",534.1,2.5,45,0.5,112.5,,
11650,471,9302-225,FINE RAKE,,536,250,0,0.002,0,,
11651,471,9302-210,SOIL PREP,,533,250,0,0.0035,0,,
11652,471,9302-220,WEED CONTROL (GRO-N-KILL),,535,30,0,0.0005,0,,
11653,471,95-1029,DELIVERY,,None,1,100,0,100,,
11694,444,9302-155,15G SHRUB,T.B.S.,519.1,3,60,0.73,180,,
11695,444,9311-311,POT #2,ASIAN CERAMICS,999,1,0,0,0,,
11696,444,9309-210,POT PLACEMENT/IRRIG/DRAIN,,636,3,15,2,45,,
11697,444,9500-113,"POTTING SOIL, 2 CF BAG",,642,9,13.5,0.17,121.5,,
11698,444,95-1016,DELIVERY/ FREIGHT,,None,1,20,0,20,,
11766,476,40-1974,"4"" PVC SDR 35 SOLID",#11,625,900,2.5,0.1,2250,,
11767,476,13-2630,"SLV 6"" SCH 40 PVC","#3, BLOCK FENCE SLV; (3) LOCATIONS",185,10,8,0.04,80,,
11768,476,40-1400,DOWNSPOUT 2 X 3 X 4 (PVC 35),#5,630.5,55,8,0.5,440,,
11769,476,40-1974,"4"" PVC SDR 35 SOLID",,625,300,2.5,0.1,750,,
11770,476,40-1502,"NDS #90  6"" ATRIUM BLACK",#6,630.3,31,17.5,0.75,542.5,,
11771,476,40-1912,TIE INTO DRAINLINE  4,#14,635.2,9,10,0.5,90,,
11816,190,95-0110,IMPERIAL PET PRIDE PRO,Company 0355C7A0 PET SYSTEM,800.1,200,4,0.06,800,,
11817,190,95-0110,K-9/PET TURF,,999,25,4.3,0,107.5,,
11818,190,9310-217,ZEOFILL TURF DEODORIZER (50# BG),,999,10,24,0,240,,
12001,442,0947-001,CAREX TUMULICOLA 1G,,522,6,4.25,0.11,25.5,,
12002,442,1630-001,DIANELLA LITTLE REV 1G,,522,12,6.75,0.11,81,,
12003,442,2101-1000,GENERIC MULCH,"30 SF @ 3""",534.1,1,25,0.5,25,,
12004,442,9302-225,FINE RAKE,,536,30,0,0.002,0,,
12005,442,9302-210,SOIL PREP,,533,30,0,0.0035,0,,
12006,442,95-1029,DELIVERY,,None,1,10,0,10,,
12114,479,1030-515,DRACENA MARGINATA 15G MLT,,510.1,3,250,1.01,750,,
12115,479,9302-155,15G SHRUB,,519.1,3,60,0.73,180,,
12116,479,4929-305,SANSEVERIA LAURENTII 5G,,520.1,5,35,0.254,175,,
12117,479,9311-310,POT #1,TO BE DETERMINED,999,1,0,0,0,,
12118,479,9309-210,POT PLACEMENT/IRRIG/DRAIN,,636,11,15,2,165,,
12119,479,9500-113,"POTTING SOIL, 2 CF BAG",,642,35,13.5,0.17,472.5,,
12120,479,95-1029,DELIVERY,,None,1,100,0,100,,
12121,305,9302-271.1,DG STABILIZED (color T.B.D.),"175 SF @ 3""; NO DETAIL",547,5,100,0.5,500,,
12122,305,33-1304,FILTER FABRIC 4oz (Mirafi 140n),,641,200,0.2,0.003,40,,
12123,305,95-0410,MISC BLS EQUIPMENT PER HR,,635,2,90,1,180,,
12124,305,95-0411,"ROLLER, PER DAY",,635.8,0.5,450,8,225,,
12125,305,95-1029,DELIVERY,,None,1,400,0,400,,
12208,472,3131-105,LIGUSTRUM J. TEX. 5G CLMN,,520,38,20,0.27,760,,
12209,472,4242-005,PITT T. WHEELERS DWF 5G,,520,4,10,0.27,40,,
12210,472,4920-4101,SESLERIA GREEN LEE 1G,,522,42,5,0.11,210,,
12211,472,33-021,"TIERRA VERDE FOREST MULCH 1""-3""","190 SF @ 3""",534.1,2,45,0.5,90,,
12212,472,9302-225,FINE RAKE,,536,190,0,0.002,0,,
12213,472,9302-210,SOIL PREP,,533,190,0,0.0035,0,,
12214,472,9302-220,WEED CONTROL (GRO-N-KILL),,535,20,0,0.0005,0,,
12215,472,95-1029,DELIVERY,,None,1,80,0,80,,
12216,477,32-1008,TIE INTO COPPER STUB,,635.11,1,25,0.75,25,,
12217,477,1342-108,"APOLLO 77CLF-10501 1"" BV","APOLLO 32-100 SERIES BV, 3/4""",999,1,51,1,51,,
12218,477,075-240BS,3/4 X 24 NIPPLE (BRASS),,None,1,37,0,37,,
12219,477,12-6004,"3/4"" COPPER PIPE TYPE K",,1010,5,10.4,0.03,52,,
12220,477,13-2120,"ML 3/4"" SCH 40 PVC",,112,20,0.75,0.04,15,,
12221,477,10-5427,RB XACZ-075-PRF  ASVF,,390,2,50,0.62,100,,
12222,477,20-3005,"UNION 3/4"" TT SCH 80 PVC",,None,2,6,0,12,,
12223,477,10-4244,RB ESP-TM2 WALL MOUNT 6 STA w/LNK WIFI,,471,1,231,2,231,,
12224,477,13-1172,18-7 WIRE FOR 6 STATION CONTROLLERS,,430,40,0.63,0.003,25.2,,
12225,477,12-3012,"CONDUIT 3/4"" ELECTRICAL (SCH 40)",,125,5,1.2,0.033,6,,
12226,477,12-3013,"CONDUIT 1/2"" ELECTRICAL (SCH 40)",,114,5,1.4,0.01,7,,
12227,477,13240-200,RB XFS-06-18 DRIP LINE-500',"250 SF @ 18""",638.5,0.5,204,7,102,,
12228,477,12-2180,"LAT 3/4"" SCH 40  PVC",,110,20,0.75,0.0428,15,,
12229,477,20-2260,3/4 x 3/4 x 1/2 TEE SST PVC,,None,14,1.25,0,17.5,,
12230,477,30-2721,NETAFIM TL050-MA,,None,14,0.55,0,7.7,,
12231,477,30-2739,"NETAFIM TL050MFV-1 AUTO FLSH VLV 1/2"" MPT INLET",,402.3,2,24.2,0.75,48.4,,
12232,477,12-2180,"LAT 3/4"" SCH 40  PVC",,110,80,0.75,0.0428,60,,
12233,477,33-2020,PENTITES,,None,-4,1.75,0,-7,,
12234,477,33-5070,3M SCOTCHLOK DBR-Y6 CONN.,,None,4,3,0,12,,
12235,477,13-2680,"SLV 1.5"" SCH 40 PVC",,144,10,1.7,0.03,17,,
12236,478,32-1008,TIE INTO COPPER STUB,,635.11,1,25,0.75,25,,
12237,478,1342-108,"APOLLO 77CLF-10501 1"" BV","APOLLO 32-100 SERIES, 3/4""",400,1,51,1,51,,
12238,478,075-240BS,3/4 X 24 NIPPLE (BRASS),,None,1,37,0,37,,
12239,478,12-6004,"3/4"" COPPER PIPE TYPE K",,1010,5,10.4,0.03,52,,
12240,478,13-2120,"ML 3/4"" SCH 40 PVC",,112,20,0.75,0.04,15,,
12241,478,10-5427,RB XACZ-075-PRF  ASVF,,390,2,50,0.62,100,,
12242,478,20-3005,"UNION 3/4"" TT SCH 80 PVC",,None,2,6,0,12,,
12243,478,10-4244,RB ESP-TM2 WALL MOUNT 6 STA w/LNK WIFI,,471,1,231,2,231,,
12244,478,13-1172,18-7 WIRE FOR 6 STATION CONTROLLERS,,430,40,0.63,0.003,25.2,,
12245,478,12-3012,"CONDUIT 3/4"" ELECTRICAL (SCH 40)",,125,5,1.2,0.033,6,,
12246,478,12-3013,"CONDUIT 1/2"" ELECTRICAL (SCH 40)",,114,5,1.4,0.01,7,,
12247,478,13240-200,RB XFS-06-18 DRIP LINE-500',"440 SF @ 18""",638.5,1,204,7,204,,
12248,478,12-2180,"LAT 3/4"" SCH 40  PVC",,110,20,0.75,0.0428,15,,
12249,478,20-2260,3/4 x 3/4 x 1/2 TEE SST PVC,,None,14,1.25,0,17.5,,
12250,478,30-2721,NETAFIM TL050-MA,,None,14,0.55,0,7.7,,
12251,478,30-2739,"NETAFIM TL050MFV-1 AUTO FLSH VLV 1/2"" MPT INLET",,402.3,2,24.2,0.75,48.4,,
12252,478,12-2180,"LAT 3/4"" SCH 40  PVC",,110,40,0.75,0.0428,30,,
12253,478,33-2020,PENTITES,,None,-4,1.75,0,-7,,
12254,478,33-5070,3M SCOTCHLOK DBR-Y6 CONN.,,None,4,3,0,12,,
12255,478,13-2680,"SLV 1.5"" SCH 40 PVC",,144,20,1.7,0.03,34,,
12256,478,,,,,1,0,0,0,,
12301,480,40-1400,DOWNSPOUT 2 X 3 X 4 (PVC 35),78 HOMES @ 5 PER EA.,630.5,390,8,0.5,3120,,
12302,480,40-1974,"4"" PVC SDR 35 SOLID",78 @ 40',625,3120,2.3,0.1,7176,,
12378,481,40-1400,DOWNSPOUT 2 X 3 X 4 (PVC 35),5 PER HOME,630.5,15,8,0.5,120,,
12379,481,40-1974,"4"" PVC SDR 35 SOLID",BID 40' PER HOME,625,180,2.3,0.1,414,,
12381,483,6082-615,TRACH. JASMINE 15G ESP,,528,3,125,1.25,375,,
12382,483,9311-310,POT #1,,999,1,0,0,0,,
12383,483,9309-210,POT PLACEMENT/IRRIG/DRAIN,,636,3,15,2,45,,
12384,483,33-1302,"GRAVEL 3/4""",,635.2,0.5,47,0.5,23.5,,
12385,483,9500-113,"POTTING SOIL, 2 CF BAG",,642,9,13.5,0.17,121.5,,
12386,483,95-1029,DELIVERY,,None,1,50,0,50,,
12387,483,>>>,5' x 5'  WOOD ESPALIER PAINTED WHITE,Buy separately or use the Person 8D78FBFC supplied with the Vine???,,3,0,0,0,,
12388,482,5366-124,"TRISTANIA CONFERTA 24"" L/B",,507.8,-2,170,3.2,-340,,
12389,482,5366-136,"TRISTANIA CONFERTA 36"" L/B",,505.11,2,465,5,930,,
12390,482,1340-324,"CITRUS MEYER LEMON 24"" STD",,507,-2,750,2.8,-1500,,
12391,482,1343-036,"CITRUS ""MEYERS IMPROVED"" 36"" STD",,505.3,2,1000,4.5,2000,,
12392,482,0201-424,"ACACIA STENOPHYLLA 24"" STD",,507,-1,190,2.8,-190,,
12393,482,0201-436,"ACACIA STENOPHYLLA 36"" STD",,505.3,1,480,4.5,480,,
12394,482,3105-115,LAURUS NOBILIS 5G,,520,3,13,0.27,39,,
12395,482,1630-001,DIANELLA LITTLE REV 1G,,522,20,6.75,0.11,135,,
12396,482,95-1029,DELIVERY,,None,1,120,0,120,,
12397,482,>>>,ADD THIS UPGRADE INTO MODELS  PLANTING,"CALCULATE MODELS PLANTING FOR 4,100 SF from PRODUCTION BID",,1,0,0,0,,
12421,485,33-1210,"LODGEPOLE 2"" X 12'",,None,-788,12,0,-9456,,
12422,485,9302-243.1,"LODGEPOLE 3"" x 12'",USE (3) STAKES FOR HIGH WIND AREAS,None,1167,16,0,18672,,
12423,485,9302-243,"LODGEPOLE 3"" x 10'",,None,-66,14,0,-924,,
12424,485,9302-243.1,"LODGEPOLE 3"" x 12'",USE (3) STAKES FOR HIGH WIND AREAS,None,99,16,0,1584,,
12425,485,9302-245.1,"CINCH TIE #CT32 32""",,None,844,0.9,0,759.6,,
12494,488,33-1210,"LODGEPOLE 2"" X 12'",,None,-96,12,0,-1152,,
12495,488,9302-243.1,"LODGEPOLE 3"" x 12'",,None,144,16,0,2304,,
12496,488,9302-245.1,"CINCH TIE #CT32 32""",,None,96,0.9,0,86.4,,
12513,491,95-0003,"MOW CURB (FORMED, 6x6)",,999,1270,22,0,27940,,
12896,494,10-1253,"RB 5012-PC-SAM 12"" (DISCONTINUING)",,520.2,5,32,10,160,,
12897,494,10-1253,"RB 5012-PC-SAM 12"" (DISCONTINUING)",,520.2,-5,32,10,-160,,
12926,443,9302-225,FINE RAKE,,536,2520,0,0.002,0,,
12927,443,9302-280,SOIL TEST,,None,1,900,0,900,,
12928,443,9302-220,WEED CONTROL (GRO-N-KILL),,535,500,0,0.0005,0,,
12929,443,95-1029,DELIVERY,,None,1,1200,0,1200,,
12930,443,3010-236,"LAGER. F MUSKOGEE 36"" MLT",,505,1,465,4.5,465,,
12931,443,5420-136,"ULMUS PARVIFOLIA 36"" STD",,505,1,485,4.5,485,,
12932,443,3110-224,"LAURUS N. ""SARATOGA"" 24"" STD",,507,3,190,2.8,570,,
12933,443,4358-524,"PUNICA GRANATUM 24"" STD",,507,4,220,2.8,880,,
12934,443,9302-948,"CENTURY 24"" X 36""  PANEL",32',537,16,8.5,0.1,136,,
12935,443,9302-950,CENTURY 24,24',537,12,6.25,0.1,75,,
12936,443,4375-125,"PODO. MAC. MAKI 24"" CLMN",,507,44,185,2.8,8140,,
12937,443,4372-415,PODO. ICEE BLUE 15G CLMN,,510,10,140,1.01,1400,,
12938,443,9047-505,CAMELLIA S. YULETIDE 5 G,,520,13,30,0.27,390,,
12939,443,1330-605,"CISTUS PURP.""SUNSET"" 5G",,520,4,10,0.27,40,,
12940,443,1640-005,DIETES ORANGE DROP  5G,,520,65,18,0.27,1170,,
12941,443,4070-605,PHILODENDRON XANADU 5G,,520,50,15,0.27,750,,
12942,443,4370-005,RAPHIOLEPIS UMB. MINOR 5G,,520,10,11,0.27,110,,
12943,443,5166-305,STRELITZIA JUNCEA 5G,,520,3,30,0.27,90,,
12944,443,0740-501,"BOUG. ""ROSENKA"" 1G",,522,26,4.3,0.11,111.8,,
12945,443,0947-001,CAREX TUMULICOLA 1G,,522,71,4.25,0.11,301.75,,
12946,443,1355-501,CLIVIA MINIATA 1G,,522,35,5.5,0.11,192.5,,
12947,443,1630-001,DIANELLA LITTLE REV 1G,,522,117,6.75,0.11,789.75,,
12948,443,3605-601,MYOPORUM P. PUTAH CREEK 1G,,522,2,4,0.11,8,,
12949,443,2101-1000,GENERIC MULCH,"2520 SF @ 3""",534.1,24,25,0.5,600,,
12950,443,9302-210,SOIL PREP,,533,2520,0,0.0035,0,,
12951,194,>>>,"UPSIZE TO 36"" BOX LAURUS NOBILIS PER LEGEND",,,0,0,0,0,,
12952,194,3110-224,"LAURUS N. ""SARATOGA"" 24"" STD",,507,-12,190,2.8,-2280,,
12953,194,3110-036,LAURUS N. SARATOGA 36,,505.3,12,490,4.5,5880,,
12962,301,95-0071,IMPERIAL CA Tall Fescue 75,TIGER TURF-DIAMOND PRO-FESCUE BY SGW,800.1,175,4,0.06,700,,
12963,301,95-0071,IMPERIAL CA Tall Fescue 75,,999,80,4,0,320,,
12964,301,33-1287,"PERMALOC ALUM HDR 1/8"" x 4"" W/STKS",,559,48,4.5,0.03,216,,
13455,489,9325-104,BOULDER 4',desert select ,635,5,260,1,1300,,
13456,489,9325-103,BOULDER 3',DESERT SELECT,635,5,140,1,700,,
13457,489,9325-102,BOULDER 2',DESERT SELECT,635,5,80,1,400,,
13458,489,95-0410,MISC BLS EQUIPMENT PER HR,,635,4,90,1,360,,
13459,489,95-1029,DELIVERY,,None,1,630,0,630,,
13627,496,3430-101,FESTUCA OVINA GLAUCA 1G,,522,33,3.6,0.11,118.8,,
13628,408,0002-44,"BLS 3/4"" x 12"" SWING ASBLY (PVC 80)",,999,1,28,0,28,,
13629,408,0044-1,"GALV MISC FITTINGS 3/4""",,None,1,4,0,4,,
13662,300,33-1038,"CALIF. GOLD 3/8""","95 SF @ 3""",640,1.5,115,1,172.5,,
13663,300,95-0410,MISC BLS EQUIPMENT PER HR,,635,1,90,1,90,,
13664,300,95-1029,DELIVERY,,None,1,600,0,600,,
13665,300,9306-210,LANDSCAPE MISC #1,SUPER BAG & PALLET,999,1,60,0,60,,
13666,300,33-1287,"PERMALOC ALUM HDR 1/8"" x 4"" W/STKS",,559,64,4.5,0.03,288,,
13698,497,3430-104,"FESTUCA OVINA GLAUCA 4""",,524.1,1,4,0.04,4,,
13815,299,9301-230,AS-BUILTS AND REPRO CHARGES,,999,1,100,2,100,,
13816,299,32-1009,TIE INTO EXISTING MAINLINE,,635.3,1,100,3,100,,
13817,299,13-2270,"ML 1.5"" SCH 40 ALERTLINE",,142,160,1.85,0.045,296,,
13818,299,13-2290,"ML 1"" SCH 40 ALERTLINE",,122,120,1.15,0.04,138,,
13819,299,32-1198,"LASCO V17101N-SC SLO-CLOSE-1.5"" SCH. 80 BV",,402.6,0,154,1,0,,
13820,299,23-1060,SIGNATURE 7645 PURPLE TOP LOCKING,,420.6,2,105,1.13,210,,
13821,299,10-1330,"TORO P220S-26-04 1"" SCRUBBER",,380.4,1,150,1.25,150,,
13822,299,25-1211,"GRISWOLD DWS 1""",,380.7,2,180,1,360,,
13823,299,13420-208,"RB PRB QK CHK-100, 40PSI, 120 MESH",,999,2,110,0,220,,
13824,299,20-3026,"SPEARS 2621-010G SCH 80 BV TXT 1""",,999,2,21,0,42,,
13825,299,13-1167,#12 UF WHITE W/ MATCHING CONTROL COLOR STRIPE,,430,500,0.27,0.003,135,,
13826,299,13-1020,#14 UF RED WIRE,,430,1500,0.19,0.003,285,,
13827,299,10-8001,RB 1806-SAM PRS (USE PL. NOZ),,210,52,19.5,0.12,1014,,
13828,299,10-5440,RB PLASTIC NOZZLE,,None,-52,1.1,0,-57.2,,
13829,299,10-5442,RB SQ SERIES NOZ. (Q/H/F) - REPLACES XPCN,,None,52,2.4,0,124.8,,
13830,299,13-2410,"LAT 3/4"" SCH 40 ALERTLINE",,110,300,0.8,0.0428,240,,
13831,299,13420-243,RB XFS-PS-06-18 (500') purple stripe,"2784 SF @ 12""",638.5,6,215,7,1290,,
13832,299,13-2410,"LAT 3/4"" SCH 40 ALERTLINE",,110,180,0.8,0.0428,144,,
13833,299,20-2260,3/4 x 3/4 x 1/2 TEE SST PVC,,None,180,1.25,0,225,,
13834,299,30-2721,NETAFIM TL050-MA,,None,180,0.55,0,99,,
13835,299,13423-144,RB XB-20-PC DRIP EMITTER RED,,639,8,0.5,0.01,4,,
13836,299,13420-141,"RB TS-025WCAP .25"" TUB. STK W/CAP",,639.3,8,0.5,0.025,4,,
13837,299,13420-185,"RB XQ 1/4"" TUBING",,639,50,0.12,0.01,6,,
13838,299,30-2739,"NETAFIM TL050MFV-1 AUTO FLSH VLV 1/2"" MPT INLET",,402.3,6,24.2,0.75,145.2,,
13839,299,30-2729,NETAFIM TLAVRV AIR/ VAC. RLF W/ TLO75FTEE,,402.3,2,10,0.75,20,,
13840,299,13-2420,"LAT 1"" SCH 40 ALERTLINE",,120,40,1.15,0.0438,46,,
13841,299,13-2410,"LAT 3/4"" SCH 40 ALERTLINE",,110,160,0.8,0.0428,128,,
13842,299,14-2630,"SLV 4"" SCH 40 ALERTLINE",ML SLV,182,100,7.2,0.04,720,,
13843,299,14-2660,"SLV 2"" SCH 40 ALERTLINE",WIRE SLV,154,100,2.5,0.04,250,,
13844,299,14-2660,"SLV 2"" SCH 40 ALERTLINE",LAT SLV,154,140,2.5,0.04,350,,
14004,499,9301-1142,"SALT & PEPPER STONE 3/4""","3/8"" SALT & PEPPER, 1788 SF @ 4""",640,35,205,1,7175,,
14005,499,95-0410,MISC BLS EQUIPMENT PER HR,,635,12,90,1,1080,,
14006,499,95-1029,DELIVERY,,None,1,406,0,406,,
14007,498,33-1302,"GRAVEL 3/4""","2380 SF @ 6""",635.2,67,47,0.5,3149,,
14008,498,95-0410,MISC BLS EQUIPMENT PER HR,,635,16,90,1,1440,,
14009,498,95-1029,DELIVERY,,None,1,0,0,0,,
14010,498,33-1271,"JDR DURAEDGE HEAVY DUTY 1/4"" X 6"" BLK",,561,1,15,0.06,15,,
14042,513,0002-44,"BLS 3/4"" x 12"" SWING ASBLY (PVC 80)",,999,1,28,0,28,,
14043,513,0044-1,"GALV MISC FITTINGS 3/4""",,None,1,4,0,4,,
14044,514,3430-101,FESTUCA OVINA GLAUCA 1G,,522,33,3.6,0.11,118.8,,
14045,515,3430-104,"FESTUCA OVINA GLAUCA 4""",,524.1,1,4,0.04,4,,
14048,492,95-0111,IMPERIAL CA TALL FESCUE 90 (Imperial),,800.1,525,4.25,0.06,2231.25,,
14049,492,95-0111,IMPERIAL CA TALL FESCUE 90 (Imperial),,999,270,4.25,0,1147.5,,
14079,517,33-1038,"CALIF. GOLD 3/8""",,640,10,115,1,1150,,
14080,517,33-1266,EPIC STEEL EDGING 3/16 X 5 BBA-16 NATURAL,,561,658,11,0.06,7238,,
14081,517,95-0410,MISC BLS EQUIPMENT PER HR,,635,1,90,1,90,,
14082,517,95-1029,DELIVERY,,None,1,0,0,0,,
14093,524,2320-004,"ORIGANUM MAJORANA 4"" POTS",,524.1,1,4,0.04,4,,
14265,532,30-2023,IRRIGATION PUMP GENERIC #1,"""P"" SYMBOL NOT IN  LEGEND",647,1,20000,10,20000,,
14266,532,95-0011,ELECTRIC SUB,,999,1,800,0,800,,
14277,533,95-0111,IMPERIAL CA TALL FESCUE 90 (Imperial),,800.1,150,4.25,0.06,637.5,,
14278,533,95-0111,IMPERIAL CA TALL FESCUE 90 (Imperial),,999,75,4.25,0,318.75,,
14279,534,33-1262,"ALUM EDGING 1/8"" X 4"" BLK",,559,128,5,0.03,640,,
14302,531,95-0071,IMPERIAL CA Tall Fescue 75,,800.1,425,4,0.06,1700,,
14303,531,95-0071,IMPERIAL CA Tall Fescue 75,,999,265,4,0,1060,,
14358,500,9302-071,DG DESERT GOLD W/ STABILIZER,"2160 SF # 3""",547,35,95,0.5,3325,,
14359,500,95-0410,MISC BLS EQUIPMENT PER HR,,635,12,90,1,1080,,
14360,500,95-0411,"ROLLER, PER DAY",,635.8,1,450,8,450,,
14361,500,33-13035,RECYCLED CLASS 2 BASE,"2160 SF @ 4""",635.2,40,23,0.5,920,,
14362,500,33-1304,FILTER FABRIC 4oz (Mirafi 140n),,641,2500,0.2,0.003,500,,
14363,500,95-1029,DELIVERY,,None,1,406,0,406,,
14364,537,33-1032,"APACHE BROWN 3/4"" GRAVEL","3/8"" APACHE BROWN 65 SF @ 3""",640,1,180,1,180,,
14365,537,33-1304,FILTER FABRIC 4oz (Mirafi 140n),,641,100,0.2,0.003,20,,
14366,537,33-1190,"BORDER CONCEPTS STEEL 1/4"" X 5"" BROWN",,561,96,11,0.06,1056,,
14367,537,95-1029,DELIVERY,,None,1,406,0,406,,
14384,539,33-1188,"SURE-LOC 1/8"" X 4"" X 16' ANOD. ALUM. (BLACK)",,559,300,5.5,0.03,1650,,
14385,539,33-1225,"SURE-LOC 1/8"" x 5.5"" ALUM BLACK",,559,350,7.5,0.03,2625,,
14402,535,33-1019,"MEXICAN BEACH PEBBLE BLK 1"" - 2""","83 SF @ 3""",640,1.5,370,1,555,,
14403,535,33-1304,FILTER FABRIC 4oz (Mirafi 140n),,641,100,0.2,0.003,20,,
14404,535,33-1188,"SURE-LOC 1/8"" X 4"" X 16' ANOD. ALUM. (BLACK)",,559,32,5.5,0.03,176,,
14405,535,95-1029,DELIVERY,,None,1,406,0,406,,
14406,538,33-1032,"APACHE BROWN 3/4"" GRAVEL","3/8"" APACHE BROWN 176 SF @ 3""",640,3,170,1,510,,
14407,538,33-1304,FILTER FABRIC 4oz (Mirafi 140n),,641,200,0.2,0.003,40,,
14408,538,9301-161,WASHED CONCRETE SAND,PLASTER SAND,540,1,42.5,0.25,42.5,,
14409,538,95-0410,MISC BLS EQUIPMENT PER HR,,635,6,90,1,540,,
14410,538,95-1029,DELIVERY,,None,1,406,0,406,,
14411,538,33-1188,"SURE-LOC 1/8"" X 4"" X 16' ANOD. ALUM. (BLACK)",,559,48,5.5,0.03,264,,
14414,511,9325-104,BOULDER 4',"DESERT SELECT ANGULAR BOULDER 42""",635,5,224,1,1120,,
14415,511,9325-103,BOULDER 3',DESERT SELECT ANGULAR BOULDER,635,20,160,1,3200,,
14416,511,95-0410,MISC BLS EQUIPMENT PER HR,,635,16,90,1,1440,,
14417,511,9325-102,BOULDER 2',DESERT SELECT ANGULAR BOULDER,635,31,80,1,2480,,
14418,511,9301-1209,"DESERT GOLD GRAVEL 3/4""","SANTA FE COBBLE 3/4""-3"" 120 SF @ 2""",635,2,150,1,300,,
14419,511,33-1314,"SANTE FE COBBLE 2"" to 4""","60 SF @ 3""",640,4,200,1,800,,
14420,511,95-0410,MISC BLS EQUIPMENT PER HR,,635,4,90,1,360,,
14421,511,95-1029,DELIVERY,,1010,1,450,0.03,450,,
14422,511,33-1304,FILTER FABRIC 4oz (Mirafi 140n),,641,400,0.2,0.003,80,,
14423,511,95-1029,DELIVERY,,None,1,400,0,400,,
14424,510,9325-1010,BOULDER 1',DESERT SELECT ANGULAR (INSTALL AS BORDER),635.2,142,40,0.5,5680,,
14425,510,95-0410,MISC BLS EQUIPMENT PER HR,,635,20,90,1,1800,,
14426,510,95-1029,DELIVERY,,None,1,450,0,450,,
14435,540,2030-505,ASPARAGUS DENS. MYERS 5G,,520.1,2,11,0.254,22,,
14436,540,41-1125,PURPLE ALLYSUM FLAT,,531,1,14,0.3,14,,
14437,540,42-1420,"ALYSSUM FLAT 4"" POTS",WHITE ALYSSUM,530,2,16,0.4,32,,
14438,540,9311-310,POT #1,WEST COAST POT,999,1,0,0,0,,
14439,540,9309-210,POT PLACEMENT/IRRIG/DRAIN,,636,2,15,2,30,,
14440,540,9500-113,"POTTING SOIL, 2 CF BAG",,642,6,13.5,0.17,81,,
14441,540,95-1029,DELIVERY,,None,1,20,0,20,,
14442,540,,,,,1,0,0,0,,
14461,541,40-1975,"4"" PVC SDR 35 PERF W/GRAVEL/FILTER",,625.2,1,2.3,0.145,2.3,,
14462,541,33-13025,"#57 CLEAN 3/4"" GRAVEL","170' x 3' x 6""",635.2,15,50,0.5,750,,
14463,541,33-1304,FILTER FABRIC 4oz (Mirafi 140n),,641,800,0.2,0.003,160,,
14464,541,9304-200,GRADING,,999,24,0,1,0,,
14471,543,9301-1115,"MEXICAN BEACH PEBBLE BUFF 2""-3""","60 sf @3""",635,1,400,1,400,,
14472,543,33-1304,FILTER FABRIC 4oz (Mirafi 140n),,641,100,0.2,0.003,20,,
14473,543,95-0410,MISC BLS EQUIPMENT PER HR,,635,1,100,1,100,,
14474,543,33-1187,"SURE-LOC 3/16"" X 4"" X 16' PAINTED STEEL (BLACK)",,559,8,10,0.03,80,,
14475,543,9306-210,LANDSCAPE MISC #1,will call cobble,999,1,200,0,200,,
14478,544,95-0071,IMPERIAL CA Tall Fescue 75,,800.1,110,4,0.06,440,,
14479,544,95-0071,IMPERIAL CA Tall Fescue 75,,999,205,4,0,820,,
14486,545,9301-1144,"COPPER CANYON 3/4"" GRAVEL",,640,72,75,1,5400,,
14487,545,33-1304,FILTER FABRIC 4oz (Mirafi 140n),,641,5500,0.2,0.003,1100,,
14488,545,95-0410,MISC BLS EQUIPMENT PER HR,,635,16,90,1,1440,,
14489,545,95-1029,DELIVERY,,None,1,406,0,406,,
14490,546,33-1032,"APACHE BROWN 3/4"" GRAVEL",,640,1,180,1,180,,
14491,546,33-1304,FILTER FABRIC 4oz (Mirafi 140n),,641,100,0.2,0.003,20,,
14492,546,33-1190,"BORDER CONCEPTS STEEL 1/4"" X 5"" BROWN",,561,96,11,0.06,1056,,
14493,546,95-1029,DELIVERY,,None,1,406,0,406,,
14494,547,33-1019,"MEXICAN BEACH PEBBLE BLK 1"" - 2""",,640,1.5,370,1,555,,
14495,547,33-1304,FILTER FABRIC 4oz (Mirafi 140n),,641,100,0.2,0.003,20,,
14496,547,33-1188,"SURE-LOC 1/8"" X 4"" X 16' ANOD. ALUM. (BLACK)",,559,32,5.5,0.03,176,,
14497,547,95-1029,DELIVERY,,None,1,406,0,406,,
14498,548,33-1032,"APACHE BROWN 3/4"" GRAVEL",,640,3,170,1,510,,
14499,548,33-1304,FILTER FABRIC 4oz (Mirafi 140n),,641,200,0.2,0.003,40,,
14500,548,9301-161,WASHED CONCRETE SAND,,540,1,42.5,0.25,42.5,,
14501,548,95-0410,MISC BLS EQUIPMENT PER HR,,635,6,90,1,540,,
14502,548,95-1029,DELIVERY,,None,1,406,0,406,,
14503,548,33-1188,"SURE-LOC 1/8"" X 4"" X 16' ANOD. ALUM. (BLACK)",,559,48,5.5,0.03,264,,
14504,549,2030-505,ASPARAGUS DENS. MYERS 5G,,520.1,2,11,0.254,22,,
14505,549,41-1125,PURPLE ALLYSUM FLAT,,531,1,14,0.3,14,,
14506,549,42-1420,"ALYSSUM FLAT 4"" POTS",,530,2,16,0.4,32,,
14507,549,9311-310,POT #1,,999,1,0,0,0,,
14508,549,9309-210,POT PLACEMENT/IRRIG/DRAIN,,636,2,15,2,30,,
14509,549,9500-113,"POTTING SOIL, 2 CF BAG",,642,6,13.5,0.17,81,,
14510,549,95-1029,DELIVERY,,None,1,20,0,20,,
14511,549,,,,,1,0,0,0,,
14538,555,9301-1144,"COPPER CANYON 3/4"" GRAVEL",,640,72,75,1,5400,,
14539,555,33-1304,FILTER FABRIC 4oz (Mirafi 140n),,641,5500,0.2,0.003,1100,,
14540,555,95-0410,MISC BLS EQUIPMENT PER HR,,635,16,90,1,1440,,
14541,555,95-1029,DELIVERY,,None,1,406,0,406,,
14542,556,33-1032,"APACHE BROWN 3/4"" GRAVEL",,640,1,180,1,180,,
14543,556,33-1304,FILTER FABRIC 4oz (Mirafi 140n),,641,100,0.2,0.003,20,,
14544,556,33-1190,"BORDER CONCEPTS STEEL 1/4"" X 5"" BROWN",,561,96,11,0.06,1056,,
14545,556,95-1029,DELIVERY,,None,1,406,0,406,,
14546,557,33-1019,"MEXICAN BEACH PEBBLE BLK 1"" - 2""",,640,1.5,370,1,555,,
14547,557,33-1304,FILTER FABRIC 4oz (Mirafi 140n),,641,100,0.2,0.003,20,,
14548,557,33-1188,"SURE-LOC 1/8"" X 4"" X 16' ANOD. ALUM. (BLACK)",,559,32,5.5,0.03,176,,
14549,557,95-1029,DELIVERY,,None,1,406,0,406,,
14550,558,33-1032,"APACHE BROWN 3/4"" GRAVEL",,640,3,170,1,510,,
14551,558,33-1304,FILTER FABRIC 4oz (Mirafi 140n),,641,200,0.2,0.003,40,,
14552,558,9301-161,WASHED CONCRETE SAND,,540,1,42.5,0.25,42.5,,
14553,558,95-0410,MISC BLS EQUIPMENT PER HR,,635,6,90,1,540,,
14554,558,95-1029,DELIVERY,,None,1,406,0,406,,
14555,558,33-1188,"SURE-LOC 1/8"" X 4"" X 16' ANOD. ALUM. (BLACK)",,559,48,5.5,0.03,264,,
14556,559,2030-505,ASPARAGUS DENS. MYERS 5G,,520.1,2,11,0.254,22,,
14557,559,41-1125,PURPLE ALLYSUM FLAT,,531,1,14,0.3,14,,
14558,559,42-1420,"ALYSSUM FLAT 4"" POTS",,530,2,16,0.4,32,,
14559,559,9311-310,POT #1,,999,1,0,0,0,,
14560,559,9309-210,POT PLACEMENT/IRRIG/DRAIN,,636,2,15,2,30,,
14561,559,9500-113,"POTTING SOIL, 2 CF BAG",,642,6,13.5,0.17,81,,
14562,559,95-1029,DELIVERY,,None,1,20,0,20,,
14563,559,,,,,1,0,0,0,,
14564,560,9301-1144,"COPPER CANYON 3/4"" GRAVEL",,640,72,75,1,5400,,
14565,560,33-1304,FILTER FABRIC 4oz (Mirafi 140n),,641,5500,0.2,0.003,1100,,
14566,560,95-0410,MISC BLS EQUIPMENT PER HR,,635,16,90,1,1440,,
14567,560,95-1029,DELIVERY,,None,1,406,0,406,,
14568,561,33-1032,"APACHE BROWN 3/4"" GRAVEL",,640,1,180,1,180,,
14569,561,33-1304,FILTER FABRIC 4oz (Mirafi 140n),,641,100,0.2,0.003,20,,
14570,561,33-1190,"BORDER CONCEPTS STEEL 1/4"" X 5"" BROWN",,561,96,11,0.06,1056,,
14571,561,95-1029,DELIVERY,,None,1,406,0,406,,
14572,562,33-1019,"MEXICAN BEACH PEBBLE BLK 1"" - 2""",,640,1.5,370,1,555,,
14573,562,33-1304,FILTER FABRIC 4oz (Mirafi 140n),,641,100,0.2,0.003,20,,
14574,562,33-1188,"SURE-LOC 1/8"" X 4"" X 16' ANOD. ALUM. (BLACK)",,559,32,5.5,0.03,176,,
14575,562,95-1029,DELIVERY,,None,1,406,0,406,,
14576,563,33-1032,"APACHE BROWN 3/4"" GRAVEL",,640,3,170,1,510,,
14577,563,33-1304,FILTER FABRIC 4oz (Mirafi 140n),,641,200,0.2,0.003,40,,
14578,563,9301-161,WASHED CONCRETE SAND,,540,1,42.5,0.25,42.5,,
14579,563,95-0410,MISC BLS EQUIPMENT PER HR,,635,6,90,1,540,,
14580,563,95-1029,DELIVERY,,None,1,406,0,406,,
14581,563,33-1188,"SURE-LOC 1/8"" X 4"" X 16' ANOD. ALUM. (BLACK)",,559,48,5.5,0.03,264,,
14582,564,2030-505,ASPARAGUS DENS. MYERS 5G,,520.1,2,11,0.254,22,,
14583,564,41-1125,PURPLE ALLYSUM FLAT,,531,1,14,0.3,14,,
14584,564,42-1420,"ALYSSUM FLAT 4"" POTS",,530,2,16,0.4,32,,
14585,564,9311-310,POT #1,,999,1,0,0,0,,
14586,564,9309-210,POT PLACEMENT/IRRIG/DRAIN,,636,2,15,2,30,,
14587,564,9500-113,"POTTING SOIL, 2 CF BAG",,642,6,13.5,0.17,81,,
14588,564,95-1029,DELIVERY,,None,1,20,0,20,,
14589,564,,,,,1,0,0,0,,
14598,566,9301-1144,"COPPER CANYON 3/4"" GRAVEL",,640,72,75,1,5400,,
14599,566,33-1304,FILTER FABRIC 4oz (Mirafi 140n),,641,5500,0.2,0.003,1100,,
14600,566,95-0410,MISC BLS EQUIPMENT PER HR,,635,16,90,1,1440,,
14601,566,95-1029,DELIVERY,,None,1,406,0,406,,
14602,567,33-1032,"APACHE BROWN 3/4"" GRAVEL",,640,1,180,1,180,,
14603,567,33-1304,FILTER FABRIC 4oz (Mirafi 140n),,641,100,0.2,0.003,20,,
14604,567,33-1190,"BORDER CONCEPTS STEEL 1/4"" X 5"" BROWN",,561,96,11,0.06,1056,,
14605,567,95-1029,DELIVERY,,None,1,406,0,406,,
14606,568,33-1019,"MEXICAN BEACH PEBBLE BLK 1"" - 2""",,640,1.5,370,1,555,,
14607,568,33-1304,FILTER FABRIC 4oz (Mirafi 140n),,641,100,0.2,0.003,20,,
14608,568,33-1188,"SURE-LOC 1/8"" X 4"" X 16' ANOD. ALUM. (BLACK)",,559,32,5.5,0.03,176,,
14609,568,95-1029,DELIVERY,,None,1,406,0,406,,
14610,569,33-1032,"APACHE BROWN 3/4"" GRAVEL",,640,3,170,1,510,,
14611,569,33-1304,FILTER FABRIC 4oz (Mirafi 140n),,641,200,0.2,0.003,40,,
14612,569,9301-161,WASHED CONCRETE SAND,,540,1,42.5,0.25,42.5,,
14613,569,95-0410,MISC BLS EQUIPMENT PER HR,,635,6,90,1,540,,
14614,569,95-1029,DELIVERY,,None,1,406,0,406,,
14615,569,33-1188,"SURE-LOC 1/8"" X 4"" X 16' ANOD. ALUM. (BLACK)",,559,48,5.5,0.03,264,,
14616,570,2030-505,ASPARAGUS DENS. MYERS 5G,,520.1,2,11,0.254,22,,
14617,570,41-1125,PURPLE ALLYSUM FLAT,,531,1,14,0.3,14,,
14618,570,42-1420,"ALYSSUM FLAT 4"" POTS",,530,2,16,0.4,32,,
14619,570,9311-310,POT #1,,999,1,0,0,0,,
14620,570,9309-210,POT PLACEMENT/IRRIG/DRAIN,,636,2,15,2,30,,
14621,570,9500-113,"POTTING SOIL, 2 CF BAG",,642,6,13.5,0.17,81,,
14622,570,95-1029,DELIVERY,,None,1,20,0,20,,
14623,570,,,,,1,0,0,0,,
14624,571,9301-1144,"COPPER CANYON 3/4"" GRAVEL",,640,72,75,1,5400,,
14625,571,33-1304,FILTER FABRIC 4oz (Mirafi 140n),,641,5500,0.2,0.003,1100,,
14626,571,95-0410,MISC BLS EQUIPMENT PER HR,,635,16,90,1,1440,,
14627,571,95-1029,DELIVERY,,None,1,406,0,406,,
14628,572,33-1032,"APACHE BROWN 3/4"" GRAVEL",,640,1,180,1,180,,
14629,572,33-1304,FILTER FABRIC 4oz (Mirafi 140n),,641,100,0.2,0.003,20,,
14630,572,33-1190,"BORDER CONCEPTS STEEL 1/4"" X 5"" BROWN",,561,96,11,0.06,1056,,
14631,572,95-1029,DELIVERY,,None,1,406,0,406,,
14632,573,33-1019,"MEXICAN BEACH PEBBLE BLK 1"" - 2""",,640,1.5,370,1,555,,
14633,573,33-1304,FILTER FABRIC 4oz (Mirafi 140n),,641,100,0.2,0.003,20,,
14634,573,33-1188,"SURE-LOC 1/8"" X 4"" X 16' ANOD. ALUM. (BLACK)",,559,32,5.5,0.03,176,,
14635,573,95-1029,DELIVERY,,None,1,406,0,406,,
14636,574,33-1032,"APACHE BROWN 3/4"" GRAVEL",,640,3,170,1,510,,
14637,574,33-1304,FILTER FABRIC 4oz (Mirafi 140n),,641,200,0.2,0.003,40,,
14638,574,9301-161,WASHED CONCRETE SAND,,540,1,42.5,0.25,42.5,,
14639,574,95-0410,MISC BLS EQUIPMENT PER HR,,635,6,90,1,540,,
14640,574,95-1029,DELIVERY,,None,1,406,0,406,,
14641,574,33-1188,"SURE-LOC 1/8"" X 4"" X 16' ANOD. ALUM. (BLACK)",,559,48,5.5,0.03,264,,
14642,575,2030-505,ASPARAGUS DENS. MYERS 5G,,520.1,2,11,0.254,22,,
14643,575,41-1125,PURPLE ALLYSUM FLAT,,531,1,14,0.3,14,,
14644,575,42-1420,"ALYSSUM FLAT 4"" POTS",,530,2,16,0.4,32,,
14645,575,9311-310,POT #1,,999,1,0,0,0,,
14646,575,9309-210,POT PLACEMENT/IRRIG/DRAIN,,636,2,15,2,30,,
14647,575,9500-113,"POTTING SOIL, 2 CF BAG",,642,6,13.5,0.17,81,,
14648,575,95-1029,DELIVERY,,None,1,20,0,20,,
14649,575,,,,,1,0,0,0,,
14650,576,9301-1144,"COPPER CANYON 3/4"" GRAVEL",,640,72,75,1,5400,,
14651,576,33-1304,FILTER FABRIC 4oz (Mirafi 140n),,641,5500,0.2,0.003,1100,,
14652,576,95-0410,MISC BLS EQUIPMENT PER HR,,635,16,90,1,1440,,
14653,576,95-1029,DELIVERY,,None,1,406,0,406,,
14654,577,33-1032,"APACHE BROWN 3/4"" GRAVEL",,640,1,180,1,180,,
14655,577,33-1304,FILTER FABRIC 4oz (Mirafi 140n),,641,100,0.2,0.003,20,,
14656,577,33-1190,"BORDER CONCEPTS STEEL 1/4"" X 5"" BROWN",,561,96,11,0.06,1056,,
14657,577,95-1029,DELIVERY,,None,1,406,0,406,,
14658,578,33-1019,"MEXICAN BEACH PEBBLE BLK 1"" - 2""",,640,1.5,370,1,555,,
14659,578,33-1304,FILTER FABRIC 4oz (Mirafi 140n),,641,100,0.2,0.003,20,,
14660,578,33-1188,"SURE-LOC 1/8"" X 4"" X 16' ANOD. ALUM. (BLACK)",,559,32,5.5,0.03,176,,
14661,578,95-1029,DELIVERY,,None,1,406,0,406,,
14662,579,33-1032,"APACHE BROWN 3/4"" GRAVEL",,640,3,170,1,510,,
14663,579,33-1304,FILTER FABRIC 4oz (Mirafi 140n),,641,200,0.2,0.003,40,,
14664,579,9301-161,WASHED CONCRETE SAND,,540,1,42.5,0.25,42.5,,
14665,579,95-0410,MISC BLS EQUIPMENT PER HR,,635,6,90,1,540,,
14666,579,95-1029,DELIVERY,,None,1,406,0,406,,
14667,579,33-1188,"SURE-LOC 1/8"" X 4"" X 16' ANOD. ALUM. (BLACK)",,559,48,5.5,0.03,264,,
14668,580,2030-505,ASPARAGUS DENS. MYERS 5G,,520.1,2,11,0.254,22,,
14669,580,41-1125,PURPLE ALLYSUM FLAT,,531,1,14,0.3,14,,
14670,580,42-1420,"ALYSSUM FLAT 4"" POTS",,530,2,16,0.4,32,,
14671,580,9311-310,POT #1,,999,1,0,0,0,,
14672,580,9309-210,POT PLACEMENT/IRRIG/DRAIN,,636,2,15,2,30,,
14673,580,9500-113,"POTTING SOIL, 2 CF BAG",,642,6,13.5,0.17,81,,
14674,580,95-1029,DELIVERY,,None,1,20,0,20,,
14675,580,,,,,1,0,0,0,,
14676,581,9301-1144,"COPPER CANYON 3/4"" GRAVEL",,640,72,75,1,5400,,
14677,581,33-1304,FILTER FABRIC 4oz (Mirafi 140n),,641,5500,0.2,0.003,1100,,
14678,581,95-0410,MISC BLS EQUIPMENT PER HR,,635,16,90,1,1440,,
14679,581,95-1029,DELIVERY,,None,1,406,0,406,,
14680,582,33-1032,"APACHE BROWN 3/4"" GRAVEL",,640,1,180,1,180,,
14681,582,33-1304,FILTER FABRIC 4oz (Mirafi 140n),,641,100,0.2,0.003,20,,
14682,582,33-1190,"BORDER CONCEPTS STEEL 1/4"" X 5"" BROWN",,561,96,11,0.06,1056,,
14683,582,95-1029,DELIVERY,,None,1,406,0,406,,
14684,583,33-1019,"MEXICAN BEACH PEBBLE BLK 1"" - 2""",,640,1.5,370,1,555,,
14685,583,33-1304,FILTER FABRIC 4oz (Mirafi 140n),,641,100,0.2,0.003,20,,
14686,583,33-1188,"SURE-LOC 1/8"" X 4"" X 16' ANOD. ALUM. (BLACK)",,559,32,5.5,0.03,176,,
14687,583,95-1029,DELIVERY,,None,1,406,0,406,,
14688,584,33-1032,"APACHE BROWN 3/4"" GRAVEL",,640,3,170,1,510,,
14689,584,33-1304,FILTER FABRIC 4oz (Mirafi 140n),,641,200,0.2,0.003,40,,
14690,584,9301-161,WASHED CONCRETE SAND,,540,1,42.5,0.25,42.5,,
14691,584,95-0410,MISC BLS EQUIPMENT PER HR,,635,6,90,1,540,,
14692,584,95-1029,DELIVERY,,None,1,406,0,406,,
14693,584,33-1188,"SURE-LOC 1/8"" X 4"" X 16' ANOD. ALUM. (BLACK)",,559,48,5.5,0.03,264,,
14694,585,2030-505,ASPARAGUS DENS. MYERS 5G,,520.1,2,11,0.254,22,,
14695,585,41-1125,PURPLE ALLYSUM FLAT,,531,1,14,0.3,14,,
14696,585,42-1420,"ALYSSUM FLAT 4"" POTS",,530,2,16,0.4,32,,
14697,585,9311-310,POT #1,,999,1,0,0,0,,
14698,585,9309-210,POT PLACEMENT/IRRIG/DRAIN,,636,2,15,2,30,,
14699,585,9500-113,"POTTING SOIL, 2 CF BAG",,642,6,13.5,0.17,81,,
14700,585,95-1029,DELIVERY,,None,1,20,0,20,,
14701,585,,,,,1,0,0,0,,
14714,587,33-1315,FLAGSTONE PIECES (3-4 SF) (taken from pallets),CAMERON BY TRISTATE MATERIALS,567,36,50,0.3,1800,,
14715,587,9301-160,"FILL SAND BACKFILL, IRR, DRAINS","143 SF @ 2""",540,1.5,30,0.25,45,,
14716,587,33-1304,FILTER FABRIC 4oz (Mirafi 140n),,641,200,0.2,0.003,40,,
14718,542,12-3011,"CONDUIT 1"" ELECTRICAL (SCH 40)","""L""",126,500,2,0.033,1000,,
14719,542,12-3011,"CONDUIT 1"" ELECTRICAL (SCH 40)","""Z""",126,180,2,0.033,360,,
14720,542,1000-300,TRENCHING,,1011,680,0,0.04,0,,
14721,542,33-2603,"ELECTRICAL SWEEP 1"" (SCH 40)",,None,40,7,0,280,,
14723,536,9301-1144,"COPPER CANYON 3/4"" GRAVEL","5120 SF @ 3""",640,72,75,1,5400,,
14724,536,33-1304,FILTER FABRIC 4oz (Mirafi 140n),,641,5500,0.2,0.003,1100,,
14725,536,95-0410,MISC BLS EQUIPMENT PER HR,,635,16,90,1,1440,,
14726,536,95-1029,DELIVERY,,None,1,406,0,406,,
14727,536,33-1188,"SURE-LOC 1/8"" X 4"" X 16' ANOD. ALUM. (BLACK)",,559,1024,5.5,0.03,5632,,
14730,586,14-2720,"SLV 6"" CL 200 ALERTLINE",,185,160,10,0.04,1600,,
14731,586,14-2731,"SLV 4"" CL 200 ALERTLINE",,182,160,5,0.04,800,,
14774,594,95-0008,MOW CURB BY BLS,"6"" X 6"" W/ #3 REBAR",635.2,43,8,0.5,344,,
14776,595,95-0008,MOW CURB BY BLS,"4"" X 6"" DEEP W/ #3 REBAR",635.2,3,8,0.5,24,,
14800,596,3920-103,OLEA EUROPA MLT B&B 16' X 16',,501,-13,1671,10,-21723,,
14801,596,3920-248,"OLEA EURO  48"" L/B MLT",,503,13,1250,6,16250,,
14802,596,95-1016,DELIVERY/ FREIGHT,,None,-4,700,0,-2800,,
14803,596,95-1016,DELIVERY/ FREIGHT,,None,1,2112,0,2112,,
14808,597,3920-103,OLEA EUROPA MLT B&B 16' X 16',,501,-14,1671,10,-23394,,
14809,597,3920-103,OLEA EUROPA MLT B&B 16' X 16',,501,14,2088,10,29232,,
14810,597,95-1016,DELIVERY/ FREIGHT,,None,-4,700,0,-2800,,
14811,597,95-1016,DELIVERY/ FREIGHT,,None,5,1500,0,7500,,
14819,598,3920-103,OLEA EUROPA MLT B&B 16' X 16',,501,-14,1671,10,-23394,,
14820,598,3920-248,"OLEA EURO  48"" L/B MLT",,503,13,1250,6,16250,,
14821,598,3920-103,OLEA EUROPA MLT B&B 16' X 16',,501,1,2088,10,2088,,
14822,598,95-1016,DELIVERY/ FREIGHT,,None,-4,700,0,-2800,,
14823,598,95-1016,DELIVERY/ FREIGHT,,None,1,2112,0,2112,,
14824,598,95-1016,DELIVERY/ FREIGHT,,None,1,1500,0,1500,,
15042,602,32-1008,TIE INTO COPPER STUB,,635.11,7,25,0.75,175,,
15043,602,30-2727,"NETAFIM TLCV41810 TECHLINE 18"" OC","750 SF @ 18"" O.C",636.4,1000,0.4,0.01,400,,
15044,602,12-2180,"LAT 3/4"" SCH 40  PVC",HEADER,110,60,0.75,0.0428,45,,
15045,602,20-2260,3/4 x 3/4 x 1/2 TEE SST PVC,,None,50,1.25,0,62.5,,
15046,602,30-2721,NETAFIM TL050-MA,,None,100,0.55,0,55,,
15047,602,30-2715,NETAFIM TLSOV SHUT OFF VALVE,,402.3,6,5,0.75,30,,
15048,602,26-1303,CHAMPION B-401 HOSE BIBB,,410.4,4,26,1.5,104,,
15049,602,12-2180,"LAT 3/4"" SCH 40  PVC",,110,120,0.75,0.0428,90,,
15054,603,40-1600,NDS 1230 12x12 ADAPTER,,605.1,-100,35,1,-3500,,
15055,603,40-1395,"NDS 923 PB 6"" SQ. DECK DRAIN",,630,100,145,0.5,14500,,
15111,601,9311-310,POT #1,OLD TOWN FIBERGLASS,999,1,0,0,0,,
15112,601,9309-210,POT PLACEMENT/IRRIG/DRAIN,,636,41,15,2,615,,
15113,601,1440-224,"COTINUS COG. PINK CHAMP 24""",,507.5,12,200,2.71,2400,,
15114,601,4067-501,PENNISETUM ORIENTALE 1G,'KARLEY ROSE',522.1,66,4.5,0.11,297,,
15115,601,7002-701,LAVANDULA THUMB. LEIGH 1G,,522.1,50,8.25,0.11,412.5,,
15116,601,1630-001,DIANELLA LITTLE REV 1G,,522.1,41,6.75,0.11,276.75,,
15117,601,95-1016,DELIVERY/ FREIGHT,,None,1,250,0,250,,
15118,601,9302-297,LIGHTWEIGHT SOIL,"750 SF @ 36""",635,80,80,1,6400,,
15119,601,9302-233,CRANE (80 - 120 TON),,635,24,750,1,18000,,
15120,604,40-1600,NDS 1230 12x12 ADAPTER,#1,610.1,39,35,1,1365,,
15121,604,40-1600,NDS 1230 12x12 ADAPTER,#1 AT ARTIFICIAL TURF AREA,605.1,3,35,1,105,,
15122,604,40-4010,NDS 930 HUB ADAPTER,#2,615,8,23,1,184,,
15123,604,40-4020,"NDS 990 9"" GREEN GRT FLT",,None,-8,27,0,-216,,
15124,604,40-4022,"NDS 991 9"" GREEN ATRIUM GRT",,999,8,37,0,296,,
15125,604,40-1387,"NDS 920B 6"" BRASS SQ. GRT (3""outlet)",#3,630,17,145,0.5,2465,,
15126,604,40-1440,"NDS #50  6"" ROUND GREEN",#4 CLEAN OUT,630.3,2,10,0.75,20,,
15127,604,40-4068,"BROOKS 12"" CAST IRON PKWY GRATE",#7,635.11,1,240,0.75,240,,
15128,604,40-4112,"BROOKS 1212 T24 (12"" CB, 24"" DEEP) box only",#7,636,2,550,2,1100,,
15129,604,40-40683,"BROOKS 1212  12"" BASE",#7,635,1,150,1,150,,
15130,604,40-1974,"4"" PVC SDR 35 SOLID",,625,1000,2.3,0.1,2300,,
15131,604,40-1973,"6"" PVC SDR 35 SOLID",,627,340,5,0.12,1700,,
15132,604,40-5001,"4"" PVC SCH 40 PERF W/GRAVEL-FILTER",,625.4,160,6.5,0.145,1040,,
15133,604,40-1400,DOWNSPOUT 2 X 3 X 4 (PVC 35),,630.5,13,8,0.5,104,,
15134,604,,,,,1,0,0,0,,
15142,606,>>>,"PER PGP PLANS, ARTIFICIAL TURF CALL OUT",,,0,0,0,0,,
15143,606,95-0111,IMPERIAL CA TALL FESCUE 90 (Imperial),,800.1,1970,4.25,0.06,8372.5,,
15144,606,95-0111,IMPERIAL CA TALL FESCUE 90 (Imperial),BUY 2250 SF,800.1,280,4.25,0.06,1190,,
15226,609,26-1303,CHAMPION B-401 HOSE BIBB,,410.4,2,30,1.5,60,,
15255,610,5272-124,"THEVETIA PERUVIANA 24"" STD",,507.1,1,185,2.71,185,,
15256,610,4375-115,PODOCARPUS M. MAKI 15G CLMN,,510.1,2,60,1.01,120,,
15257,610,0947-305,CAREX DIVULSA 5G,,520.1,4,13,0.254,52,,
15258,610,2161-505,GARDENIA AUGUST BEAUTY 5G,,520.1,3,9.5,0.254,28.5,,
15259,610,2030-501,ASPARAGUS D. MYERS 1G,,522.1,8,4,0.11,32,,
15260,610,9500-113,"POTTING SOIL, 2 CF BAG",,642,12,13.5,0.17,162,,
15261,610,9309-210,POT PLACEMENT/IRRIG/DRAIN,,636,4,15,2,60,,
15262,610,9311-310,POT #1,,999,1,0,0,0,,
15263,610,95-1029,DELIVERY,,None,1,50,0,50,,
15281,490,9325-104,BOULDER 4',DESERT SELECT BOULDERS,635,5,260,1,1300,,
15282,490,9325-103,BOULDER 3',,635,5,140,1,700,,
15283,490,9325-102,BOULDER 2',,635,4,80,1,320,,
15284,490,95-0410,MISC BLS EQUIPMENT PER HR,,635,8,90,1,720,,
15285,490,95-1029,DELIVERY,,None,1,630,0,630,,
15286,490,>>>,BOULDER PRICES PER KRC QUOTE,,,1,0,0,0,,
15335,605,40-1973,"6"" PVC SDR 35 SOLID",#5 SLOT DRAIN PIPE TURN OVER TO POOL DECK SUB,999,300,5,0,1500,,
15386,493,>>>,"DELETED POTABLE IRRIG SYSTEM PER PLAN SET ""C""",DATED 09/17/25,,0,0,0,0,,
15387,493,13-2670,"SLV 2"" SCH 40 PVC",LAT SLV,154,120,2.3,0.04,276,,
15388,493,9310-213,TURNOVER ITEMS,,None,1,300,0,300,,
15389,493,9301-230,AS-BUILTS AND REPRO CHARGES,,451,1,600,3.75,600,,
15390,493,13-1202,"FEBCO 825 Y LF 1"" BACKFLOW LEAD FREE",,291,1,890,6,890,,
15391,493,15-1660,"1"" UNION BRASS",,None,1,57,0,57,,
15392,493,9300-676,"HAYWARD #72 C.I. BASKET, 1.5"" THRD",,380,1,2800,1.25,2800,,
15393,493,32-1078,STRONGBOX SBBC-30SS BF ENCL,,480,1,2450,4,2450,,
15394,493,95-0006,"CONCRETE BASE (BF, PUMP, CONTROLLER)",,635.5,1,250,5,250,,
15395,493,22-1509,HUNTER FLOW-CLIK W / INTERFACE (add tee),,380,1,300,1.25,300,,
15396,493,22-1551,"HUNTER FCT-100 1"" HOUSING TEE",,999,1,60,0,60,,
15397,493,13-1042,PAIGE P-7162D SENSOR CABLE,,430,1,1.2,0.003,1.2,,
15398,493,12-3011,"CONDUIT 1"" ELECTRICAL (SCH 40)",,126,1,1.8,0.033,1.8,,
15399,493,13-2080,"ML 2"" SCH 40 PVC",,152,400,2.3,0.04,920,,
15400,493,28-1142,"NIBCO T-580-70  2"" BV",,402,2,290,1,580,,
15401,493,10-5320,RB 33 DRC,,410,4,70,0.86,280,,
15402,493,25-1180,"GRISWOLD 2230H - 1""",,380,1,547,1.25,547,,
15403,493,22-4174,HUNTER XC-800 (OUTDOOR),HUNTER XC-8-00-I X-CORE,471,1,130,2,130,,
15404,493,22-1317,HUNTER WSS SEN (wireless s sync & rcvr/no module),,638.1,1,195,0.5,195,,
15405,493,13-1020,#14 UF RED WIRE,,430,500,0.19,0.003,95,,
15406,493,13-1040,#14 UF WHITE WIRE,,430,2500,0.19,0.003,475,,
15407,493,33-2603,"ELECTRICAL SWEEP 1"" (SCH 40)",,None,1,5.2,0,5.2,,
15408,493,33-2606,"ELECTRICAL SWEEP 2"" (SCH 40)",,None,1,13.5,0,13.5,,
15409,493,10-8000,RB 1804-SAM-PRS (USE PL. NOZ),,210,68,8.5,0.12,578,,
15410,493,10-5440,RB PLASTIC NOZZLE,,None,-68,1.1,0,-74.8,,
15411,493,10-1140,RB PA 80 ADAPTER,,None,68,3,0,204,,
15412,493,10-1180,RB 1401 BUBBLER,,999,68,5,0,340,,
15413,493,13240-202,RB XFS-CV-06-12-500',"8660  SF @ 16""",638.5,14,260,7,3640,,
15414,493,12-2180,"LAT 3/4"" SCH 40  PVC",,110,600,0.75,0.0428,450,,
15415,493,20-2260,3/4 x 3/4 x 1/2 TEE SST PVC,,None,450,1.25,0,562.5,,
15416,493,30-2721,NETAFIM TL050-MA,,None,450,0.55,0,247.5,,
15417,493,13420-175,RB MDCFCAP BLK FLUSH CAP,,402.3,13,0.7,0.75,9.1,,
15418,493,12-2220,"LAT 1.25"" SCH 40  PVC",,131,60,1.45,0.04,87,,
15419,493,12-2200,"LAT 1"" SCH 40  PVC",,120,600,1.1,0.0438,660,,
15420,493,12-2180,"LAT 3/4"" SCH 40  PVC",,110,1100,0.75,0.0428,825,,
15421,493,33-2020,PENTITES,,None,-20,1.75,0,-35,,
15422,493,33-5070,3M SCOTCHLOK DBR-Y6 CONN.,,None,20,3,0,60,,
15423,493,32-1011,BRICK PAVER,,639.1,89,1.4,0.005,124.6,,
15424,493,12-2300,"4"" SCH 40 PVC",ML SLV,182,40,8.41,0.04,336.4,,
15425,493,13-2670,"SLV 2"" SCH 40 PVC",WIRE SLV,154,40,2.3,0.04,92,,
15426,493,95-0053,WATER AUDIT SUB,,None,1,2000,0,2000,,
15427,493,10-5310,RB 100 PES-B,,380,2,135,1.25,270,,
15428,493,10-5260,RB PRS-D,,639.3,2,75,0.025,150,,
15429,493,10-5438,"RB XCZ-100-PRB-COM 1"" DRIP ASBLY",,380.6,5,240,1,1200,,
15430,493,20-3014,"LASCO #896 1"" SCH 80 PVC UNION",,639.3,14,16,0.025,224,,
15431,493,20-3004,"UNION 1"" TT SCH 80 PVC",FOR MASTER VALVE,None,1,8,0,8,,
15432,493,20-3001,"UNION 2"" TT SCH 80 PVC",FOR BALL VALVE,None,2,18,0,36,,
15433,493,33-1304,FILTER FABRIC 4oz (Mirafi 140n),,641,50,0.2,0.003,10,,
15434,493,10-8024,RB OPERIND,,210,5,11,0.12,55,,
15463,612,>>>,30 GAL. SHRUBS  (MISSED OUT IN BID),( DOUBLE THE PRICING FOR 30 GAL SIZE SHRUBS????),,0,0,0,0,,
15464,612,4905-515,ROSM. O TUSCAN BLUE 15G,30 GAL,519,5,40,0.75,200,,
15465,612,0927-615,CALLISTEMON LITTLE JOHN 15G,30 GAL,519,8,42,0.75,336,,
15466,612,4487-515,PRUNUS C BRIGHT N TIGHT 15G,30 GAL.,519,11,58,0.75,638,,
15467,612,4371-215,PODOCARPUS G. ELONGATUS 15G,"30 GAL. PODO ELO ""MONUS""",519,20,50,0.75,1000,,
15468,612,0391-615,AGAVE ATT. VARIEGATA 15G,30 GAL.,519,2,110,0.75,220,,
15469,612,0393-315,AGAVE A. BOUTIN BLUE 15G,30 GAL.,519,3,100,0.75,300,,
15470,612,3847-415,MISCANTHUS 'GRACILLIMUS' 15G,30 GAL.,519,24,46,0.75,1104,,
15471,612,4370-115,PODOCARPUS GRACILIOR 15G STD,30 GAL.,519,17,60,0.75,1020,,
15472,612,95-1029,DELIVERY,,None,1,350,0,350,,
15541,617,10-1020,RB 1804 BODY (USE PL NOZ),,210,0.5,2.8,0.12,1.4,,
15542,617,10-1021,RB 44NP-ACME (no longer made),,420,1.5,115,0.86,172.5,,
15549,619,95-0003,"MOW CURB (FORMED, 6x6)","6"" X 6"" W/ #3 REBAR",999,76,22,0,1672,,
15551,620,95-0003,"MOW CURB (FORMED, 6x6)","6"" X 6"" W/ #3 REBAR",999,465,22,0,10230,,
15905,469,13-1009,EZ FLO #EZ003-CX 2.5g. FERT. INJ (UP TO 25K SF),"SYMBOL CALLED OUT IN THE POC LOCATION, NOT IN THE LEGEND",472,1,600,5,600,,
15906,469,13-1019,"EZ FLO CBV-150 1.5"" BV COUPLING CONNECTION",,None,1,60,0,60,,
15907,469,95-0011,ELECTRIC SUB,,999,1,800,0,800,,
16015,630,14-2640,"SLV 3"" SCH 40 ALERTLINE",,172,260,5.45,0.04,1417,,
16016,630,14-2660,"SLV 2"" SCH 40 ALERTLINE",,154,260,2.5,0.04,650,,
16017,630,9301-160,"FILL SAND BACKFILL, IRR, DRAINS",,540,30,30,0.25,900,,
16018,616,2455-205,JASMINUM ANGULARE 5G,,520,-282,18,0.27,-5076,,
16019,616,2455-201,JASMINUM ANGULARE 1G,,522,282,6.5,0.11,1833,,
16020,616,95-1016,DELIVERY/ FREIGHT,,None,1,-260,0,-260,,
16023,631,0947-403,CAREX DIVULSA 3G,,520,86,11,0.27,946,,
16050,633,14-2640,"SLV 3"" SCH 40 ALERTLINE",,172,740,5.45,0.04,4033,,
16051,633,14-2660,"SLV 2"" SCH 40 ALERTLINE",,154,740,2.5,0.04,1850,,
16052,633,9301-160,"FILL SAND BACKFILL, IRR, DRAINS",,540,80,30,0.25,2400,,
16063,634,40-1400,DOWNSPOUT 2 X 3 X 4 (PVC 35),BID 5/HOME,630.5,375,8,0.5,3000,,
16064,634,40-1974,"4"" PVC SDR 35 SOLID",,625,3800,2.35,0.1,8930,,
16065,632,40-1974,"4"" PVC SDR 35 SOLID",,625,760,2.3,0.1,1748,,
16066,632,40-5207,"NDS #90 6""  ATRIUM BLACK",,630.3,21,14,0.75,294,,
16067,632,40-1600,NDS 1230 12x12 ADAPTER,,610.1,10,35,1,350,,
16068,632,40-1912,TIE INTO DRAINLINE  4,,635.2,10,10,0.5,100,,
16069,632,23-0044,4 X 4 X 4 TEE PVC DRAIN,,None,10,8.25,0,82.5,,
16070,632,40-1060,"4"" 90 PVC SDR 35",,None,10,6.75,0,67.5,,
16109,636,12-2180,"LAT 3/4"" SCH 40  PVC",,110,20,0.75,0.0428,15,,
16110,636,20-2260,3/4 x 3/4 x 1/2 TEE SST PVC,,None,13,1.25,0,16.25,,
16111,636,30-2721,NETAFIM TL050-MA,,None,13,0.55,0,7.15,,
16112,636,25-2003,"HUNTER PROS-12-CV 12""",,213,1,20,0.12,20,,
16113,636,22-1087,HUNTER PROSPRAY NOZZLE,,None,-1,1.2,0,-1.2,,
16114,636,13420-072,GPH GDFN-R FLUSH NOZZLE,,637.1,1,15,0.125,15,,
16115,636,12-2180,"LAT 3/4"" SCH 40  PVC",,110,20,0.75,0.0428,15,,
16116,636,9301-235,POC HOMEOWNER W/O PRV,,449,1,15,1,15,,
16117,636,13-2110,"ML 1"" SCH 40 PVC",,122,20,1.1,0.04,22,,
16118,636,28-1139,"NIBCO T-580 1""  BV",,402,1,27,1,27,,
16119,636,22-4175,"HUNTER ACZ-075-25 3/4"" DRIP ZONE KIT",,390,1,53,0.62,53,,
16120,636,20-3061,"LASCO V08791N .75"" GRAY B.V. TxT",,999,1,5,0,5,,
16121,636,22-4177,HUNTER XC-400 (OUTDOOR),,471,1,110,2,110,,
16122,636,13-1172,18-7 WIRE FOR 6 STATION CONTROLLERS,,430,50,0.63,0.003,31.5,,
16123,636,22-1508,HUNTER WR-CLIK (wireless),,638.1,1,95,0.5,95,,
16124,636,30-2849,NETAFIM TLHCVXR7-1210-1000',,638.6,0.05,605,10,30.25,,
16125,637,12-2180,"LAT 3/4"" SCH 40  PVC",,110,20,0.75,0.0428,15,,
16126,637,20-2260,3/4 x 3/4 x 1/2 TEE SST PVC,,None,13,1.25,0,16.25,,
16127,637,30-2721,NETAFIM TL050-MA,,None,13,0.55,0,7.15,,
16128,637,25-2003,"HUNTER PROS-12-CV 12""",,213,1,20,0.12,20,,
16129,637,22-1087,HUNTER PROSPRAY NOZZLE,,None,-1,1.2,0,-1.2,,
16130,637,13420-072,GPH GDFN-R FLUSH NOZZLE,,637.1,1,15,0.125,15,,
16131,637,12-2180,"LAT 3/4"" SCH 40  PVC",,110,20,0.75,0.0428,15,,
16132,637,9301-235,POC HOMEOWNER W/O PRV,,449,1,15,1,15,,
16133,637,13-2110,"ML 1"" SCH 40 PVC",,122,20,1.1,0.04,22,,
16134,637,28-1139,"NIBCO T-580 1""  BV",,402,1,27,1,27,,
16135,637,22-4175,"HUNTER ACZ-075-25 3/4"" DRIP ZONE KIT",,390,1,53,0.62,53,,
16136,637,20-3061,"LASCO V08791N .75"" GRAY B.V. TxT",,999,1,5,0,5,,
16137,637,22-4177,HUNTER XC-400 (OUTDOOR),,471,1,110,2,110,,
16138,637,13-1172,18-7 WIRE FOR 6 STATION CONTROLLERS,,430,50,0.63,0.003,31.5,,
16139,637,22-1508,HUNTER WR-CLIK (wireless),,638.1,1,95,0.5,95,,
16140,637,30-2849,NETAFIM TLHCVXR7-1210-1000',,638.6,0.05,605,10,30.25,,
16216,640,13-1160,#12 UF WHITE WIRE,,430,-3000,0.3,0.003,-900,,
16217,640,13-1020,#14 UF RED WIRE,,430,-20000,0.19,0.003,-3800,,
16218,640,13-1080,#14 UF GREEN WIRE,,430,-7500,0.19,0.003,-1425,,
16219,640,32-5073,GREENTECH MISC EQUIPMENT,CONTROLLER UPGRADE TO 2-WIRE,999,1,0,0,0,,
16220,640,32-0068,RB IVMDEC DECODER (non-RB valves),,637.2,1,155,0.25,155,,
16221,640,32-0058,RB LXIVMSEN FS SOLENOID DECODER,,637.2,1,400,0.25,400,,
16222,640,32-0057,RB LXIVMSOL RCV SOLENOID DECODER,,637.2,38,135,0.25,5130,,
16223,640,32-0059,RB LXIVMSD SURGE PROTECTOR,,380.5,6,185,1.25,1110,,
16224,640,13-1059,PAIGE P-7254-D WIRE,,430,3000,0.85,0.003,2550,,
16225,640,12-3010,"CONDUIT 1.25""  ELECTRICAL (SCH 40)",,127,2800,2.5,0.036,7000,,
16226,640,33-2604,"ELECTRICAL SWEEP 1.25"" (SCH 40)",,None,90,7.3,0,657,,
16228,639,13-1160,#12 UF WHITE WIRE,,430,-2500,0.3,0.003,-750,,
16229,639,13-1020,#14 UF RED WIRE,,430,-15000,0.19,0.003,-2850,,
16230,639,13-1080,#14 UF GREEN WIRE,,430,-5000,0.19,0.003,-950,,
16231,639,32-5073,GREENTECH MISC EQUIPMENT,CONTROLLER UP-GRADE TO 2-WIRE,999,1,0,0,0,,
16232,639,32-0068,RB IVMDEC DECODER (non-RB valves),,637.2,1,155,0.25,155,,
16233,639,32-0058,RB LXIVMSEN FS SOLENOID DECODER,,637.2,1,400,0.25,400,,
16234,639,32-0057,RB LXIVMSOL RCV SOLENOID DECODER,,637.2,29,135,0.25,3915,,
16235,639,32-0059,RB LXIVMSD SURGE PROTECTOR,,380.5,5,185,1.25,925,,
16236,639,13-1059,PAIGE P-7254-D WIRE,,430,3000,0.85,0.003,2550,,
16237,639,12-3010,"CONDUIT 1.25""  ELECTRICAL (SCH 40)",,127,2400,2.5,0.036,6000,,
16238,639,33-2604,"ELECTRICAL SWEEP 1.25"" (SCH 40)",,None,70,7.3,0,511,,
16279,642,33-1287A,"PERMALOC ALUM. HDR 3/16"" x 4"" W/ STKS",,559,32,6.25,0.03,200,,
16343,647,14-2630,"SLV 4"" SCH 40 ALERTLINE",,182,240,7.2,0.04,1728,,
16344,647,14-2660,"SLV 2"" SCH 40 ALERTLINE",,154,240,2.5,0.04,600,,
16345,647,9301-160,"FILL SAND BACKFILL, IRR, DRAINS",,540,40,30,0.25,1200,,
16351,644,9302-982,DG TEMESCAL GOLD STABILIZED,"5905 SF @ 3.50""",547,113,73,0.5,8249,,
16352,644,95-0411,"ROLLER, PER DAY",,635.8,2,450,8,900,,
16353,644,95-1029,DELIVERY,,None,1,406,0,406,,
16354,644,95-0410,MISC BLS EQUIPMENT PER HR,,635,16,90,1,1440,,
16355,644,,,,,1,0,0,0,,
16454,649,1341-115,CITRUS 15G STD,'WASHINGTON NAVEL',510,2,220,1.01,440,,
16455,649,1341-115,CITRUS 15G STD,'TANGO',510,1,220,1.01,220,,
16456,649,1341-015,"CITRUS ""LEMON"" 15G",,519,1,220,0.75,220,,
16457,649,3846-805,YUCCA RECURVIFOLIA 5G,,520,2,20,0.27,40,,
16458,649,0395-505,ANIGOZANTHOS FLAVIDUS RED 5G,,520,10,15,0.27,150,,
16459,649,0319-555,ALOE BARBADENSIS 5G,,520,19,14,0.27,266,,
16460,649,1360-505,CLYTO CALLI (BIG VIOL) 5G STK,,526,2,18,0.7,36,,
16461,649,2101-1000,GENERIC MULCH,"744 SF @ 3"" ",534.1,7,25,0.5,175,,
16462,649,9302-210,SOIL PREP,,533,744,0,0.0035,0,,
16463,649,9302-225,FINE RAKE,,536,744,0,0.002,0,,
16464,649,9302-220,WEED CONTROL (GRO-N-KILL),,535,75,0,0.0005,0,,
16465,649,95-1029,DELIVERY,,None,1,82,0,82,,
16557,651,9302-115,"48"" TREE",,503,1,1200,6,1200,,
16558,651,1341-115,CITRUS 15G STD,'WASHINGTON NAVEL',510,1,220,1.01,220,,
16559,651,1210-105,CHONDROPETALUM TECT. 5G,,520,3,14.5,0.27,43.5,,
16560,651,0928-105,CALLISTEMON V. LITTLE JOHN 5G,,520,12,10.5,0.27,126,,
16561,651,0919-205,CALAMAGROSTIS KARL FOERSTER 5G,,520,9,14,0.27,126,,
16562,651,0881-105,BUDDLEIA MONGO 5G,,520,2,28,0.27,56,,
16563,651,0748-995,"BOUG. SPEC. ""OO-LA-LA"" 5G",,520,9,25,0.27,225,,
16564,651,0395-505,ANIGOZANTHOS FLAVIDUS RED 5G,,520,12,15,0.27,180,,
16565,651,41-1009,DELOSPERMA COOPERII FLT (48 PER),,531,3,20,0.3,60,,
16566,651,2101-1000,GENERIC MULCH,"478 SF @ 3"" ",534.1,5,25,0.5,125,,
16567,651,9302-225,FINE RAKE,,536,478,0,0.002,0,,
16568,651,9302-210,SOIL PREP,,533,478,0,0.0035,0,,
16569,651,9302-220,WEED CONTROL (GRO-N-KILL),,535,478,0,0.0005,0,,
16570,651,95-1029,DELIVERY,,None,1,143,0,143,,
16618,652,13-2080,"ML 2"" SCH 40 PVC",,152,60,2.3,0.04,138,,
16619,652,13-2110,"ML 1"" SCH 40 PVC",,122,40,1.1,0.04,44,,
16620,652,28-1080,"NIBCO T-113 - 2"" GV",,400,1,226,1,226,,
16621,652,28-1020,"NIBCO T-113 - 1"" GV",,400,1,130,1,130,,
16622,652,10-5324,RB ASVF 1,,395,1,30,0.62,30,,
16623,652,10-5429,RB XACZ-100-PRF ASVF,,395,1,64,0.62,64,,
16624,652,10-4264,"RB ESP-TM2-12, W.M.",,481,1,215,2,215,,
16625,652,95-0010,ELECTRICAL SUB./PERMITS FOR CONTROLLER,,None,1,800,0,800,,
16626,652,13-1040,#14 UF WHITE WIRE,,430,1000,0.19,0.003,190,,
16627,652,13-1020,#14 UF RED WIRE,,430,1000,0.19,0.003,190,,
16628,652,13-1050,#14 UF ORANGE WIRE,,430,1000,0.19,0.003,190,,
16629,652,33-2606,"ELECTRICAL SWEEP 2"" (SCH 40)",,None,1,13.5,0,13.5,,
16630,652,10-8018,RB RD-06-S-P30-F,,210,4,21,0.12,84,,
16631,652,12-2180,"LAT 3/4"" SCH 40  PVC",,110,60,0.75,0.0428,45,,
16632,652,13420-394,RB XFS-CV-06-18-500',,638.5,1,204,7,204,,
16633,652,12-2180,"LAT 3/4"" SCH 40  PVC",,110,60,0.75,0.0428,45,,
16634,652,20-2260,3/4 x 3/4 x 1/2 TEE SST PVC,,None,42,1.25,0,52.5,,
16635,652,30-2707,NETAFIM TL TEE,,None,42,0.5,0,21,,
16636,652,30-2715,NETAFIM TLSOV SHUT OFF VALVE,,402.3,3,5,0.75,15,,
16637,652,12-2180,"LAT 3/4"" SCH 40  PVC",,110,40,0.75,0.0428,30,,
16638,652,13-2680,"SLV 1.5"" SCH 40 PVC",,144,40,1.7,0.03,68,,
16639,652,33-2020,PENTITES,,None,-4,1.75,0,-7,,
16640,652,9310-213,TURNOVER ITEMS,,None,1,600,0,600,,
16661,653,9302-115,"48"" TREE",,503,1,1200,6,1200,,
16662,653,1341-115,CITRUS 15G STD,'WASHINGTON NAVEL',510,1,220,1.01,220,,
16663,653,1210-105,CHONDROPETALUM TECT. 5G,,520,2,14.5,0.27,29,,
16664,653,0928-105,CALLISTEMON V. LITTLE JOHN 5G,,520,8,10.5,0.27,84,,
16665,653,0919-205,CALAMAGROSTIS KARL FOERSTER 5G,,520,4,14,0.27,56,,
16666,653,0881-105,BUDDLEIA MONGO 5G,'PURPLE HAZE',520,5,28,0.27,140,,
16667,653,0748-995,"BOUG. SPEC. ""OO-LA-LA"" 5G",,520,3,25,0.27,75,,
16668,653,0395-505,ANIGOZANTHOS FLAVIDUS RED 5G,,520,12,15,0.27,180,,
16669,653,41-1009,DELOSPERMA COOPERII FLT (48 PER),,531,3,20,0.3,60,,
16670,653,2101-1000,GENERIC MULCH,,534.1,5,25,0.5,125,,
16671,653,9302-225,FINE RAKE,,536,457,0,0.002,0,,
16672,653,9302-210,SOIL PREP,,533,457,0,0.0035,0,,
16673,653,9302-220,WEED CONTROL (GRO-N-KILL),,535,46,0,0.0005,0,,
16674,653,95-1029,DELIVERY,131,None,1,131,0,131,,
16698,654,13-2080,"ML 2"" SCH 40 PVC",,152,60,2.3,0.04,138,,
16699,654,13-2110,"ML 1"" SCH 40 PVC",,122,40,1.1,0.04,44,,
16700,654,28-1020,"NIBCO T-113 - 1"" GV",,400,1,130,1,130,,
16701,654,10-5324,RB ASVF 1,,395,1,30,0.62,30,,
16702,654,10-5429,RB XACZ-100-PRF ASVF,,395,1,64,0.62,64,,
16703,654,10-4264,"RB ESP-TM2-12, W.M.",,481,1,215,2,215,,
16704,654,95-0010,ELECTRICAL SUB./PERMITS FOR CONTROLLER,,None,1,800,0,800,,
16705,654,13-1040,#14 UF WHITE WIRE,,430,1000,0.19,0.003,190,,
16706,654,13-1020,#14 UF RED WIRE,,430,1000,0.19,0.003,190,,
16707,654,13-1050,#14 UF ORANGE WIRE,,430,1000,0.19,0.003,190,,
16708,654,33-2606,"ELECTRICAL SWEEP 2"" (SCH 40)",,None,1,13.5,0,13.5,,
16709,654,10-8018,RB RD-06-S-P30-F,,210,4,21,0.12,84,,
16710,654,12-2180,"LAT 3/4"" SCH 40  PVC",,110,80,0.75,0.0428,60,,
16711,654,13420-394,RB XFS-CV-06-18-500',,638.5,1,204,7,204,,
16712,654,12-2180,"LAT 3/4"" SCH 40  PVC",,110,40,0.75,0.0428,30,,
16713,654,20-2260,3/4 x 3/4 x 1/2 TEE SST PVC,,None,28,1.25,0,35,,
16714,654,30-2707,NETAFIM TL TEE,,None,28,0.5,0,14,,
16715,654,30-2715,NETAFIM TLSOV SHUT OFF VALVE,,402.3,2,5,0.75,10,,
16716,654,12-2180,"LAT 3/4"" SCH 40  PVC",,110,80,0.75,0.0428,60,,
16717,654,13-2680,"SLV 1.5"" SCH 40 PVC",,144,60,1.7,0.03,102,,
16718,654,33-2020,PENTITES,,None,-4,1.75,0,-7,,
16719,654,9310-213,TURNOVER ITEMS,,None,1,600,0,600,,
16777,656,13-2080,"ML 2"" SCH 40 PVC",,152,40,2.3,0.04,92,,
16778,656,13-2110,"ML 1"" SCH 40 PVC",,122,60,1.1,0.04,66,,
16779,656,28-1020,"NIBCO T-113 - 1"" GV",,400,1,130,1,130,,
16780,656,10-5324,RB ASVF 1,,395,1,30,0.62,30,,
16781,656,10-5429,RB XACZ-100-PRF ASVF,,395,1,64,0.62,64,,
16782,656,10-4264,"RB ESP-TM2-12, W.M.",,481,1,215,2,215,,
16783,656,95-0010,ELECTRICAL SUB./PERMITS FOR CONTROLLER,,None,1,800,0,800,,
16784,656,13-1040,#14 UF WHITE WIRE,,430,1000,0.19,0.003,190,,
16785,656,13-1020,#14 UF RED WIRE,,430,1000,0.19,0.003,190,,
16786,656,13-1050,#14 UF ORANGE WIRE,,430,1000,0.19,0.003,190,,
16787,656,33-2606,"ELECTRICAL SWEEP 2"" (SCH 40)",,None,1,13.5,0,13.5,,
16788,656,10-8018,RB RD-06-S-P30-F,,210,4,21,0.12,84,,
16789,656,12-2180,"LAT 3/4"" SCH 40  PVC",,110,80,0.75,0.0428,60,,
16790,656,13420-394,RB XFS-CV-06-18-500',,638.5,0,204,7,0,,
16791,656,12-2180,"LAT 3/4"" SCH 40  PVC",,110,60,0.75,0.0428,45,,
16792,656,20-2260,3/4 x 3/4 x 1/2 TEE SST PVC,,None,42,1.25,0,52.5,,
16793,656,30-2707,NETAFIM TL TEE,,None,42,0.5,0,21,,
16794,656,30-2715,NETAFIM TLSOV SHUT OFF VALVE,,402.3,3,5,0.75,15,,
16795,656,12-2180,"LAT 3/4"" SCH 40  PVC",,110,80,0.75,0.0428,60,,
16796,656,13-2670,"SLV 2"" SCH 40 PVC",,154,20,2.3,0.04,46,,
16797,656,13-2680,"SLV 1.5"" SCH 40 PVC",,144,60,1.7,0.03,102,,
16798,656,33-2020,PENTITES,,None,-4,1.75,0,-7,,
16799,656,9310-213,TURNOVER ITEMS,,None,1,600,0,600,,
16834,657,4615-224,"QUERCUS SUBER 24""",,507,1,175,2.8,175,,
16835,657,1341-115,CITRUS 15G STD,'WASHINGTON NAVEL',510,1,220,1.01,220,,
16836,657,1210-105,CHONDROPETALUM TECT. 5G,,520,2,14.5,0.27,29,,
16837,657,0928-105,CALLISTEMON V. LITTLE JOHN 5G,,520,5,10.5,0.27,52.5,,
16838,657,0881-105,BUDDLEIA MONGO 5G,'PURPLE HAZE',520,9,28,0.27,252,,
16839,657,0748-995,"BOUG. SPEC. ""OO-LA-LA"" 5G",,520,6,25,0.27,150,,
16840,657,0395-505,ANIGOZANTHOS FLAVIDUS RED 5G,,520,10,15,0.27,150,,
16841,657,41-1009,DELOSPERMA COOPERII FLT (48 PER),,531,3,20,0.3,60,,
16842,657,2101-1000,GENERIC MULCH,"364 SF @ 3"" ",534.1,4,25,0.5,100,,
16843,657,9302-225,FINE RAKE,,536,364,0,0.002,0,,
16844,657,9302-210,SOIL PREP,,533,364,0,0.0035,0,,
16845,657,9302-220,WEED CONTROL (GRO-N-KILL),,535,37,0,0.0005,0,,
16846,657,95-1029,DELIVERY,,None,1,67,0,67,,
16870,658,13-2080,"ML 2"" SCH 40 PVC",,152,60,2.3,0.04,138,,
16871,658,13-2110,"ML 1"" SCH 40 PVC",,122,40,1.1,0.04,44,,
16872,658,28-1080,"NIBCO T-113 - 2"" GV",,400,1,226,1,226,,
16873,658,28-1020,"NIBCO T-113 - 1"" GV",,400,1,130,1,130,,
16874,658,10-5324,RB ASVF 1,,395,1,30,0.62,30,,
16875,658,10-5429,RB XACZ-100-PRF ASVF,,395,1,64,0.62,64,,
16876,658,10-4264,"RB ESP-TM2-12, W.M.",,481,1,215,2,215,,
16877,658,95-0010,ELECTRICAL SUB./PERMITS FOR CONTROLLER,,None,1,800,0,800,,
16878,658,13-1040,#14 UF WHITE WIRE,,430,1000,0.19,0.003,190,,
16879,658,13-1020,#14 UF RED WIRE,,430,1000,0.19,0.003,190,,
16880,658,13-1050,#14 UF ORANGE WIRE,,430,1000,0.19,0.003,190,,
16881,658,33-2606,"ELECTRICAL SWEEP 2"" (SCH 40)",,None,1,13.5,0,13.5,,
16882,658,10-8018,RB RD-06-S-P30-F,,210,4,21,0.12,84,,
16883,658,12-2180,"LAT 3/4"" SCH 40  PVC",,110,80,0.75,0.0428,60,,
16884,658,13420-394,RB XFS-CV-06-18-500',,638.5,1,204,7,204,,
16885,658,12-2180,"LAT 3/4"" SCH 40  PVC",,110,40,0.75,0.0428,30,,
16886,658,20-2260,3/4 x 3/4 x 1/2 TEE SST PVC,,None,28,1.25,0,35,,
16887,658,30-2707,NETAFIM TL TEE,,None,28,0.5,0,14,,
16888,658,30-2715,NETAFIM TLSOV SHUT OFF VALVE,,402.3,3,5,0.75,15,,
16889,658,12-2180,"LAT 3/4"" SCH 40  PVC",,110,80,0.75,0.0428,60,,
16890,658,13-2680,"SLV 1.5"" SCH 40 PVC",,144,40,1.7,0.03,68,,
16891,658,33-2020,PENTITES,,None,-4,1.75,0,-7,,
16892,658,9310-213,TURNOVER ITEMS,,None,1,600,0,600,,
16893,650,9301-164,"IRWD 1"" WATER METER",,999,1,350,0,350,,
16894,650,13-1208,"FEBCO 825 YA LF 1.5"" LEAD FREE BACKFLOW",,270,1,1790,7,1790,,
16895,650,32-1037,STRONGBOX SBBC-30CR BF ENCL,,480,1,1450,4,1450,,
16896,650,10-5020,RB 100 PEB,,380,1,100,1.25,100,,
16897,650,13-1129,#14 UF BLUE WIRE,,430,1000,0.19,0.003,190,,
16898,650,10-5450,"RB MJ100B 1"" FLOW METER",,380,1,125,1.25,125,,
16899,650,28-1080,"NIBCO T-113 - 2"" GV",,400,1,226,1,226,,
16900,650,13-2080,"ML 2"" SCH 40 PVC",,152,80,2.3,0.04,184,,
16901,650,28-1080,"NIBCO T-113 - 2"" GV",,400,3,226,1,678,,
16902,650,10-5400,RB 44LRC,,420,1,125,0.86,125,,
16903,650,10-5020,RB 100 PEB,,380,1,100,1.25,100,,
16904,650,10-5438,"RB XCZ-100-PRB-COM 1"" DRIP ASBLY",,380.7,2,240,1,480,,
16905,650,10-4268,RB ESPLXME2P (12-48; add modules),,470,1,690,10,690,,
16906,650,10-4178,RB LXMM CABINET,,999,1,460,0,460,,
16907,650,10-4179,RB LXMM-PED,,480,1,850,4,850,,
16908,650,95-0010,ELECTRICAL SUB./PERMITS FOR CONTROLLER,,None,1,800,0,800,,
16909,650,13-1040,#14 UF WHITE WIRE,,430,1000,0.19,0.003,190,,
16910,650,13-1020,#14 UF RED WIRE,,430,1000,0.19,0.003,190,,
16911,650,13-1050,#14 UF ORANGE WIRE,,430,1000,0.19,0.003,190,,
16912,650,33-2606,"ELECTRICAL SWEEP 2"" (SCH 40)",,None,1,13.5,0,13.5,,
16913,650,10-5294,RB WR2-RFC RAIN/FREEZE SENSOR,,638,1,90,0.5,90,,
16914,650,10-1234,RB RWS-B-C-1400-4,,639.7,8,51,0.25,408,,
16915,650,12-2180,"LAT 3/4"" SCH 40  PVC",,110,120,0.75,0.0428,90,,
16916,650,13240-206,RB XFS-CV-09-12 (500'),,638.5,2,275,7,550,,
16917,650,12-2180,"LAT 3/4"" SCH 40  PVC",,110,60,0.75,0.0428,45,,
16918,650,20-2260,3/4 x 3/4 x 1/2 TEE SST PVC,,None,56,1.25,0,70,,
16919,650,30-2707,NETAFIM TL TEE,,None,56,0.5,0,28,,
16920,650,30-2715,NETAFIM TLSOV SHUT OFF VALVE,,402.3,3,5,0.75,15,,
16921,650,12-2200,"LAT 1"" SCH 40  PVC",,120,20,1.1,0.0438,22,,
16922,650,12-2180,"LAT 3/4"" SCH 40  PVC",,110,120,0.75,0.0428,90,,
16923,650,33-2020,PENTITES,,None,-10,1.75,0,-17.5,,
16924,650,9310-213,TURNOVER ITEMS,,None,1,600,0,600,,
16957,659,9301-164,"IRWD 1"" WATER METER",,999,1,350,0,350,,
16958,659,13-1208,"FEBCO 825 YA LF 1.5"" LEAD FREE BACKFLOW",,270,1,1790,7,1790,,
16959,659,32-1037,STRONGBOX SBBC-30CR BF ENCL,,480,1,1450,4,1450,,
16960,659,10-5020,RB 100 PEB,,380,1,100,1.25,100,,
16961,659,13-1129,#14 UF BLUE WIRE,,430,1000,0.19,0.003,190,,
16962,659,10-5450,"RB MJ100B 1"" FLOW METER",,380,1,125,1.25,125,,
16963,659,28-1080,"NIBCO T-113 - 2"" GV",,400,1,226,1,226,,
16964,659,13-2080,"ML 2"" SCH 40 PVC",,152,80,2.3,0.04,184,,
16965,659,28-1080,"NIBCO T-113 - 2"" GV",,400,3,226,1,678,,
16966,659,10-5400,RB 44LRC,,420,1,125,0.86,125,,
16967,659,10-5020,RB 100 PEB,,380,1,100,1.25,100,,
16968,659,10-5438,"RB XCZ-100-PRB-COM 1"" DRIP ASBLY",,380.7,2,240,1,480,,
16969,659,10-4268,RB ESPLXME2P (12-48; add modules),,470,1,690,10,690,,
16970,659,10-4178,RB LXMM CABINET,,999,1,460,0,460,,
16971,659,10-4179,RB LXMM-PED,,480,1,850,4,850,,
16972,659,95-0010,ELECTRICAL SUB./PERMITS FOR CONTROLLER,,None,1,800,0,800,,
16973,659,13-1040,#14 UF WHITE WIRE,,430,1000,0.19,0.003,190,,
16974,659,13-1020,#14 UF RED WIRE,,430,1000,0.19,0.003,190,,
16975,659,13-1050,#14 UF ORANGE WIRE,,430,1000,0.19,0.003,190,,
16976,659,33-2606,"ELECTRICAL SWEEP 2"" (SCH 40)",,None,1,13.5,0,13.5,,
16977,659,10-5294,RB WR2-RFC RAIN/FREEZE SENSOR,,638,1,90,0.5,90,,
16978,659,10-1234,RB RWS-B-C-1400-4,,639.7,8,51,0.25,408,,
16979,659,12-2180,"LAT 3/4"" SCH 40  PVC",,110,120,0.75,0.0428,90,,
16980,659,13240-206,RB XFS-CV-09-12 (500'),,638.5,2,275,7,550,,
16981,659,12-2180,"LAT 3/4"" SCH 40  PVC",,110,80,0.75,0.0428,60,,
16982,659,20-2260,3/4 x 3/4 x 1/2 TEE SST PVC,,None,56,1.25,0,70,,
16983,659,30-2707,NETAFIM TL TEE,,None,56,0.5,0,28,,
16984,659,30-2715,NETAFIM TLSOV SHUT OFF VALVE,,402.3,3,5,0.75,15,,
16985,659,12-2200,"LAT 1"" SCH 40  PVC",,120,20,1.1,0.0438,22,,
16986,659,12-2180,"LAT 3/4"" SCH 40  PVC",,110,120,0.75,0.0428,90,,
16987,659,33-2020,PENTITES,,None,-10,1.75,0,-17.5,,
16988,659,9310-213,TURNOVER ITEMS,,None,1,600,0,600,,
17012,660,13-2080,"ML 2"" SCH 40 PVC",,152,60,2.3,0.04,138,,
17013,660,13-2110,"ML 1"" SCH 40 PVC",,122,40,1.1,0.04,44,,
17014,660,28-1080,"NIBCO T-113 - 2"" GV",,400,1,226,1,226,,
17015,660,28-1020,"NIBCO T-113 - 1"" GV",,400,1,130,1,130,,
17016,660,10-5324,RB ASVF 1,,395,1,30,0.62,30,,
17017,660,10-5429,RB XACZ-100-PRF ASVF,,395,1,64,0.62,64,,
17018,660,10-4264,"RB ESP-TM2-12, W.M.",,481,1,215,2,215,,
17019,660,95-0010,ELECTRICAL SUB./PERMITS FOR CONTROLLER,,None,1,800,0,800,,
17020,660,13-1040,#14 UF WHITE WIRE,,430,1000,0.19,0.003,190,,
17021,660,13-1020,#14 UF RED WIRE,,430,1000,0.19,0.003,190,,
17022,660,13-1050,#14 UF ORANGE WIRE,,430,1000,0.19,0.003,190,,
17023,660,33-2606,"ELECTRICAL SWEEP 2"" (SCH 40)",,None,1,13.5,0,13.5,,
17024,660,10-8018,RB RD-06-S-P30-F,,210,4,21,0.12,84,,
17025,660,12-2180,"LAT 3/4"" SCH 40  PVC",,110,60,0.75,0.0428,45,,
17026,660,13420-394,RB XFS-CV-06-18-500',,638.5,1,204,7,204,,
17027,660,12-2180,"LAT 3/4"" SCH 40  PVC",,110,60,0.75,0.0428,45,,
17028,660,20-2260,3/4 x 3/4 x 1/2 TEE SST PVC,,None,42,1.25,0,52.5,,
17029,660,30-2707,NETAFIM TL TEE,,None,42,0.5,0,21,,
17030,660,30-2715,NETAFIM TLSOV SHUT OFF VALVE,,402.3,3,5,0.75,15,,
17031,660,12-2180,"LAT 3/4"" SCH 40  PVC",,110,40,0.75,0.0428,30,,
17032,660,13-2680,"SLV 1.5"" SCH 40 PVC",,144,40,1.7,0.03,68,,
17033,660,33-2020,PENTITES,,None,-4,1.75,0,-7,,
17034,660,9310-213,TURNOVER ITEMS,,None,1,600,0,600,,
17079,661,13-2080,"ML 2"" SCH 40 PVC",,152,60,2.3,0.04,138,,
17080,661,13-2110,"ML 1"" SCH 40 PVC",,122,40,1.1,0.04,44,,
17081,661,28-1020,"NIBCO T-113 - 1"" GV",,400,1,130,1,130,,
17082,661,10-5324,RB ASVF 1,,395,1,30,0.62,30,,
17083,661,10-5429,RB XACZ-100-PRF ASVF,,395,1,64,0.62,64,,
17084,661,10-4264,"RB ESP-TM2-12, W.M.",,481,1,215,2,215,,
17085,661,95-0010,ELECTRICAL SUB./PERMITS FOR CONTROLLER,,None,1,800,0,800,,
17086,661,13-1040,#14 UF WHITE WIRE,,430,1000,0.19,0.003,190,,
17087,661,13-1020,#14 UF RED WIRE,,430,1000,0.19,0.003,190,,
17088,661,13-1050,#14 UF ORANGE WIRE,,430,1000,0.19,0.003,190,,
17089,661,33-2606,"ELECTRICAL SWEEP 2"" (SCH 40)",,None,1,13.5,0,13.5,,
17090,661,10-8018,RB RD-06-S-P30-F,,210,4,21,0.12,84,,
17091,661,12-2180,"LAT 3/4"" SCH 40  PVC",,110,80,0.75,0.0428,60,,
17092,661,13420-394,RB XFS-CV-06-18-500',,638.5,1,204,7,204,,
17093,661,12-2180,"LAT 3/4"" SCH 40  PVC",,110,40,0.75,0.0428,30,,
17094,661,20-2260,3/4 x 3/4 x 1/2 TEE SST PVC,,None,28,1.25,0,35,,
17095,661,30-2707,NETAFIM TL TEE,,None,28,0.5,0,14,,
17096,661,30-2715,NETAFIM TLSOV SHUT OFF VALVE,,402.3,2,5,0.75,10,,
17097,661,12-2180,"LAT 3/4"" SCH 40  PVC",,110,80,0.75,0.0428,60,,
17098,661,13-2680,"SLV 1.5"" SCH 40 PVC",,144,60,1.7,0.03,102,,
17099,661,33-2020,PENTITES,,None,-4,1.75,0,-7,,
17100,661,9310-213,TURNOVER ITEMS,,None,1,600,0,600,,
17124,662,13-2080,"ML 2"" SCH 40 PVC",,152,40,2.3,0.04,92,,
17125,662,13-2110,"ML 1"" SCH 40 PVC",,122,60,1.1,0.04,66,,
17126,662,28-1020,"NIBCO T-113 - 1"" GV",,400,1,130,1,130,,
17127,662,10-5324,RB ASVF 1,,395,1,30,0.62,30,,
17128,662,10-5429,RB XACZ-100-PRF ASVF,,395,1,64,0.62,64,,
17129,662,10-4264,"RB ESP-TM2-12, W.M.",,481,1,215,2,215,,
17130,662,95-0010,ELECTRICAL SUB./PERMITS FOR CONTROLLER,,None,1,800,0,800,,
17131,662,13-1040,#14 UF WHITE WIRE,,430,1000,0.19,0.003,190,,
17132,662,13-1020,#14 UF RED WIRE,,430,1000,0.19,0.003,190,,
17133,662,13-1050,#14 UF ORANGE WIRE,,430,1000,0.19,0.003,190,,
17134,662,33-2606,"ELECTRICAL SWEEP 2"" (SCH 40)",,None,1,13.5,0,13.5,,
17135,662,10-8018,RB RD-06-S-P30-F,,210,4,21,0.12,84,,
17136,662,12-2180,"LAT 3/4"" SCH 40  PVC",,110,80,0.75,0.0428,60,,
17137,662,13420-394,RB XFS-CV-06-18-500',,638.5,1,204,7,204,,
17138,662,12-2180,"LAT 3/4"" SCH 40  PVC",,110,60,0.75,0.0428,45,,
17139,662,20-2260,3/4 x 3/4 x 1/2 TEE SST PVC,,None,42,1.25,0,52.5,,
17140,662,30-2707,NETAFIM TL TEE,,None,42,0.5,0,21,,
17141,662,30-2715,NETAFIM TLSOV SHUT OFF VALVE,,402.3,3,5,0.75,15,,
17142,662,12-2180,"LAT 3/4"" SCH 40  PVC",,110,80,0.75,0.0428,60,,
17143,662,13-2670,"SLV 2"" SCH 40 PVC",,154,20,2.3,0.04,46,,
17144,662,13-2680,"SLV 1.5"" SCH 40 PVC",,144,60,1.7,0.03,102,,
17145,662,33-2020,PENTITES,,None,-4,1.75,0,-7,,
17146,662,9310-213,TURNOVER ITEMS,,None,1,600,0,600,,
17170,663,13-2080,"ML 2"" SCH 40 PVC",,152,60,2.3,0.04,138,,
17171,663,13-2110,"ML 1"" SCH 40 PVC",,122,40,1.1,0.04,44,,
17172,663,28-1080,"NIBCO T-113 - 2"" GV",,400,1,226,1,226,,
17173,663,28-1020,"NIBCO T-113 - 1"" GV",,400,1,130,1,130,,
17174,663,10-5324,RB ASVF 1,,395,1,30,0.62,30,,
17175,663,10-5429,RB XACZ-100-PRF ASVF,,395,1,64,0.62,64,,
17176,663,10-4264,"RB ESP-TM2-12, W.M.",,481,1,215,2,215,,
17177,663,95-0010,ELECTRICAL SUB./PERMITS FOR CONTROLLER,,None,1,800,0,800,,
17178,663,13-1040,#14 UF WHITE WIRE,,430,1000,0.19,0.003,190,,
17179,663,13-1020,#14 UF RED WIRE,,430,1000,0.19,0.003,190,,
17180,663,13-1050,#14 UF ORANGE WIRE,,430,1000,0.19,0.003,190,,
17181,663,33-2606,"ELECTRICAL SWEEP 2"" (SCH 40)",,None,1,13.5,0,13.5,,
17182,663,10-8018,RB RD-06-S-P30-F,,210,4,21,0.12,84,,
17183,663,12-2180,"LAT 3/4"" SCH 40  PVC",,110,80,0.75,0.0428,60,,
17184,663,13420-394,RB XFS-CV-06-18-500',,638.5,1,204,7,204,,
17185,663,12-2180,"LAT 3/4"" SCH 40  PVC",,110,40,0.75,0.0428,30,,
17186,663,20-2260,3/4 x 3/4 x 1/2 TEE SST PVC,,None,28,1.25,0,35,,
17187,663,30-2707,NETAFIM TL TEE,,None,28,0.5,0,14,,
17188,663,30-2715,NETAFIM TLSOV SHUT OFF VALVE,,402.3,3,5,0.75,15,,
17189,663,12-2180,"LAT 3/4"" SCH 40  PVC",,110,80,0.75,0.0428,60,,
17190,663,13-2680,"SLV 1.5"" SCH 40 PVC",,144,40,1.7,0.03,68,,
17191,663,33-2020,PENTITES,,None,-4,1.75,0,-7,,
17192,663,9310-213,TURNOVER ITEMS,,None,1,600,0,600,,
17193,655,9302-115,"48"" TREE",,503,1,1200,6,1200,,
17194,655,1341-115,CITRUS 15G STD,'WASHINGTON NAVEL',510,1,220,1.01,220,,
17195,655,1210-105,CHONDROPETALUM TECT. 5G,,520,2,14.5,0.27,29,,
17196,655,0928-105,CALLISTEMON V. LITTLE JOHN 5G,,520,9,10.5,0.27,94.5,,
17197,655,0919-205,CALAMAGROSTIS KARL FOERSTER 5G,,520,4,14,0.27,56,,
17198,655,0881-105,BUDDLEIA MONGO 5G,'PURPLE HAZE',520,5,28,0.27,140,,
17199,655,0748-995,"BOUG. SPEC. ""OO-LA-LA"" 5G",,520,10,25,0.27,250,,
17200,655,0395-505,ANIGOZANTHOS FLAVIDUS RED 5G,,520,25,15,0.27,375,,
17201,655,41-1009,DELOSPERMA COOPERII FLT (48 PER),,531,3,20,0.3,60,,
17202,655,2101-1000,GENERIC MULCH,"484 SF @ 3"" ",534.1,5,25,0.5,125,,
17203,655,9302-225,FINE RAKE,,536,484,0,0.002,0,,
17204,655,9302-210,SOIL PREP,,533,484,0,0.0035,0,,
17205,655,9302-220,WEED CONTROL (GRO-N-KILL),,535,49,0,0.0005,0,,
17206,655,95-1029,DELIVERY,,None,1,155,0,155,,
17295,645,95-0071,IMPERIAL CA Tall Fescue 75,TIGER TURF OR EQUAL,800.1,1300,4,0.06,5200,,
17296,645,95-0071,IMPERIAL CA Tall Fescue 75,BUY 1500 SF,999,200,4,0,800,,
17497,670,0742-111,"BOUG. ""SAN DIEGO RED"" 15G STK",,525,6,60,1.25,360,,
17498,670,95-1016,DELIVERY/ FREIGHT,,None,1,75,0,75,,
17576,673,40-1400,DOWNSPOUT 2 X 3 X 4 (PVC 35),,630.5,5,8,0.5,40,,
17577,673,40-1974,"4"" PVC SDR 35 SOLID",,625,50,2.3,0.1,115,,
17600,672,33-1317,"FLAGSTONE PAVERS (4 sf square, Cougar)","per detail, 3' x 3'",635,6,275,1,1650,,
17601,672,9306-211,LANDSCAPE MISC #2,,999,1,100,6,100,,
17611,676,95-0049,CONCRETE FOOTING SMALL,,635,44,40,1,1760,,
17612,676,9306-211,LANDSCAPE MISC #2,LABOR TO DIG AND SET MARKER,999,44,0,2,0,,
17614,675,9302-233,CRANE (80 - 120 TON),,635,6,750,1,4500,,
17615,675,9306-210,LANDSCAPE MISC #1,,999,1,0,6,0,,
17616,675,9306-212,LANDSCAPE MISC #3,EPOXY,999,1,50,0,50,,
17656,679,4610-148,"QUERCUS AGRIFOLIA 48"" STD",,503,8,1200,6,9600,,
17657,679,4315-336,"QUERCUS 'WISLIZENI' 36""",,505,10,465,4.5,4650,,
17658,679,4630-636,"QUERCUS SUBER 36"" STD",,505,14,480,4.5,6720,,
17659,679,1832-124,"EUCALYPTUS CITRIODORA 24""",,507,8,165,2.8,1320,,
17660,679,4815-515,RHUS OVATA 15G,,519,20,48,0.75,960,,
17661,679,4481-215,PRUNUS ILICIFOLIA 15G,'SSP LYONII',519,8,80,0.75,640,,
17662,679,4481-215,PRUNUS ILICIFOLIA 15G,,519,11,80,0.75,880,,
17663,679,2326-115,HETEROMELES ARBUTIFOLIA 15G,,519,18,55,0.75,990,,
17664,679,8555-505,WESTRINGIA WYNNABIE GEM 5G,,520,2,12.5,0.27,25,,
17665,679,4905-001,ROSEMARY HUNT. CRPT. 1G,,522,1980,3.8,0.11,7524,,
17666,679,2101-1000,GENERIC MULCH,"22,680 SF @ 3"" ",534.1,210,25,0.5,5250,,
17667,679,9302-225,FINE RAKE,,536,22680,0,0.002,0,,
17668,679,9302-210,SOIL PREP,,533,22680,0,0.0035,0,,
17669,679,9302-220,WEED CONTROL (GRO-N-KILL),,535,2268,0,0.0005,0,,
17670,679,95-1029,DELIVERY,1978,None,1,1978,0,1978,,
17736,487,9302-071,DG DESERT GOLD W/ STABILIZER,"17,420 SF @ 4""",547,390,64,0.5,24960,,
17737,487,33-1304,FILTER FABRIC 4oz (Mirafi 140n),,641,18500,0.2,0.003,3700,,
17738,487,95-0410,MISC BLS EQUIPMENT PER HR,,635,40,100,1,4000,,
17739,487,95-1029,DELIVERY,,None,0,450,0,0,,
17740,495,9301-235,POC HOMEOWNER W/O PRV,,449,31,15,1,465,,
17741,495,13-1634,"WILKINS NR3-XL-DU PRV 1""",INSTALL IF PRESSURE EXCEEDS 85 PSI @ POC,380,0,230,1.25,0,,
17742,495,13-2110,"ML 1"" SCH 40 PVC",BID 20' PER LOT,122,1560,1.1,0.04,1716,,
17743,495,28-1139,"NIBCO T-580 1""  BV",,402,31,30,1,930,,
17744,495,10-5429,RB XACZ-100-PRF ASVF,,395,31,60,0.62,1860,,
17745,495,30-2809,"AQUALINE AVB-100 1"" ATMOS. VAC. BREAKER",,395,31,32,0.62,992,,
17746,495,20-3004,"UNION 1"" TT SCH 80 PVC",FOR BALL VALVE,None,31,8,0,248,,
17747,495,10-4259,RB TM2-6 CONTR.,TM4 (4 STA.),481,31,125,2,3875,,
17748,495,13-1171,18-6 WIRE USE 18-7 WIRE,,430,3000,0.11,0.003,330,,
17749,495,10-4202,RB WRC2FC-48 WIRELESS RAIN/FRZ SENSOR,,638.1,31,100,0.5,3100,,
17750,495,13423-144,RB XB-20-PC DRIP EMITTER RED,,639,610,0.55,0.01,335.5,,
17751,495,13420-141,"RB TS-025WCAP .25"" TUB. STK W/CAP",,639.3,610,0.5,0.025,305,,
17752,495,13420-143,"RB DT-025 1/4""DIST.TUBING",,639,3000,0.1,0.01,300,,
17753,495,13420-175,RB MDCFCAP BLK FLUSH CAP,,402.3,31,4,0.75,124,,
17754,495,13420-168,"RB XT-700-500 1/2"" TUBING (LF)",BID 80' PER LOT,636.4,2500,0.4,0.01,1000,,
17755,495,12-2200,"LAT 1"" SCH 40  PVC",BID 10' PER LOT,120,300,0.7,0.0438,210,,
17756,495,12-2180,"LAT 3/4"" SCH 40  PVC",BID 80' PER LOT,110,2500,0.5,0.0428,1250,,
17759,682,13-1634,WILKINS NR3-XL-DU PRV 1,,380,31,300,1.25,9300,,
17760,486,1640-301,DIETES GRANDIFLORA 1G,"DIET. GRAND. ""VARIEGATA"" 9200 SF @ 30"" O.C. (31 LOTS SHOWN AS PLANTED ON PRODUCTION PLANS)",522,610,4.25,0.11,2592.5,,
17761,486,33-3034,SOCAL MULCH PREM FOREST BLEND,"9200 SF @ 3""",534.1,80,23,0.5,1840,,
17762,486,9302-225,FINE RAKE,,536,9200,0,0.002,0,,
17763,486,9302-210,SOIL PREP,,533,9200,0,0.0035,0,,
17764,486,9302-220,WEED CONTROL (GRO-N-KILL),,535,9200,0,0.0005,0,,
17765,486,95-1029,DELIVERY,,None,1,550,0,550,,
17768,484,93-1136,"CALIFORNIA GOLD 3/4"" GRAVEL","95,634 SF @ 3""",640,1325,125,1,165625,,
17769,484,33-1304,FILTER FABRIC 4oz (Mirafi 140n),,641,96000,0.2,0.003,19200,,
17770,484,95-0410,MISC BLS EQUIPMENT PER HR,,635,100,100,1,10000,,
17771,484,95-1029,DELIVERY,,None,1,450,0,450,,
17772,484,>>>,FROM BACKYARD TYPICAL PLANS (SHEET 13 OF 23),FROM PRODUCTION PLANS ( 133 LOTS TOTAL),,1,0,0,0,,
17773,484,9306-210,LANDSCAPE MISC #1,WHEEL BARROW TO REAR YARD,999,1325,0,1,0,,
17881,680,13-2080,"ML 2"" SCH 40 PVC",,152,680,2.3,0.04,1564,,
17882,680,10-5324,RB ASVF 1,,395,34,30,0.62,1020,,
17883,680,10-5429,RB XACZ-100-PRF ASVF,,395,7,64,0.62,448,,
17884,680,13-1040,#14 UF WHITE WIRE,,430,1000,0.19,0.003,190,,
17885,680,13-1020,#14 UF RED WIRE,,430,1000,0.19,0.003,190,,
17886,680,13-1050,#14 UF ORANGE WIRE,,430,1000,0.19,0.003,190,,
17887,680,33-2606,"ELECTRICAL SWEEP 2"" (SCH 40)",,None,1,13.5,0,13.5,,
17888,680,10-1234,RB RWS-B-C-1400-4,,639.7,80,51,0.25,4080,,
17889,680,12-2180,"LAT 3/4"" SCH 40  PVC",,110,1040,0.75,0.0428,780,,
17890,680,10-8041,RB RD-12-S-P45-F,,210,148,26,0.12,3848,,
17891,680,12-2220,"LAT 1.25"" SCH 40  PVC",,131,520,1.45,0.04,754,,
17892,680,12-2200,"LAT 1"" SCH 40  PVC",,120,1160,1.1,0.0438,1276,,
17893,680,12-2180,"LAT 3/4"" SCH 40  PVC",,110,620,0.75,0.0428,465,,
17894,680,13420-394,RB XFS-CV-06-18-500',,638.5,6,204,7,1224,,
17895,680,12-2180,"LAT 3/4"" SCH 40  PVC",,110,240,0.75,0.0428,180,,
17896,680,20-2260,3/4 x 3/4 x 1/2 TEE SST PVC,,None,168,1.25,0,210,,
17897,680,30-2707,NETAFIM TL TEE,,None,168,0.5,0,84,,
17898,680,30-2715,NETAFIM TLSOV SHUT OFF VALVE,,402.3,7,5,0.75,35,,
17899,680,30-2737,RB ARV050 (REPLACES ARVALVEKIT),,402.3,7,8.4,0.75,58.8,,
17900,680,10-8024,RB OPERIND,,210,7,11,0.12,77,,
17901,680,12-2180,"LAT 3/4"" SCH 40  PVC",,110,100,0.75,0.0428,75,,
17902,680,32-1011,BRICK PAVER,,639.1,164,1.4,0.005,229.6,,
17903,680,33-2020,PENTITES,,None,-82,1.75,0,-143.5,,
17904,680,9310-213,TURNOVER ITEMS,,None,1,600,0,600,,
17943,681,12-2180,"LAT 3/4"" SCH 40  PVC",,110,40,0.75,0.0428,30,,
17944,681,20-2260,3/4 x 3/4 x 1/2 TEE SST PVC,,None,40,1.25,0,50,,
17945,681,30-2707,NETAFIM TL TEE,,None,40,0.5,0,20,,
17946,681,30-2715,NETAFIM TLSOV SHUT OFF VALVE,,402.3,2,5,0.75,10,,
17947,681,9301-230,AS-BUILTS AND REPRO CHARGES,,451,1,600,3.75,600,,
17948,681,9301-284,"IRWD 1.5"" DISC WATER METER",,635.9,1,600,2,600,,
17949,681,28-1080,"NIBCO T-113 - 2"" GV",,400,1,226,1,226,,
17950,681,13-1208,"FEBCO 825 YA LF 1.5"" LEAD FREE BACKFLOW",,270,1,1790,7,1790,,
17951,681,32-1037,STRONGBOX SBBC-30CR BF ENCL,,480,1,1450,4,1450,,
17952,681,10-5310,RB 100 PES-B,,380,1,135,1.25,135,,
17953,681,13-1129,#14 UF BLUE WIRE,,430,1000,0.19,0.003,190,,
17954,681,10-5450,"RB MJ100B 1"" FLOW METER",,380,1,125,1.25,125,,
17955,681,13-1042,PAIGE P-7162D SENSOR CABLE,,430,1000,1.2,0.003,1200,,
17956,681,10-5400,RB 44LRC,,420,1,125,0.86,125,,
17957,681,13-2080,"ML 2"" SCH 40 PVC",,152,1560,2.3,0.04,3588,,
17958,681,28-1080,"NIBCO T-113 - 2"" GV",,400,6,226,1,1356,,
17959,681,10-5400,RB 44LRC,,420,1,125,0.86,125,,
17960,681,10-5020,RB 100 PEB,,380,2,100,1.25,200,,
17961,681,10-5438,"RB XCZ-100-PRB-COM 1"" DRIP ASBLY",,380.7,2,240,1,480,,
17962,681,10-4268,RB ESPLXME2P (12-48; add modules),,470,1,690,10,690,,
17963,681,10-4178,RB LXMM CABINET,,999,1,460,0,460,,
17964,681,10-4179,RB LXMM-PED,,480,1,850,4,850,,
17965,681,10-5294,RB WR2-RFC RAIN/FREEZE SENSOR,,638,1,90,0.5,90,,
17966,681,95-0010,ELECTRICAL SUB./PERMITS FOR CONTROLLER,,None,1,800,0,800,,
17967,681,13-1040,#14 UF WHITE WIRE,,430,2000,0.19,0.003,380,,
17968,681,13-1020,#14 UF RED WIRE,,430,1000,0.19,0.003,190,,
17969,681,13-1050,#14 UF ORANGE WIRE,,430,3000,0.19,0.003,570,,
17970,681,33-2606,"ELECTRICAL SWEEP 2"" (SCH 40)",,None,1,13.5,0,13.5,,
17971,681,10-1234,RB RWS-B-C-1400-4,,639.7,24,51,0.25,1224,,
17972,681,12-2180,"LAT 3/4"" SCH 40  PVC",,110,140,0.75,0.0428,105,,
17973,681,13240-206,RB XFS-CV-09-12 (500'),,638.5,3,275,7,825,,
17974,681,30-2737,RB ARV050 (REPLACES ARVALVEKIT),,402.3,2,8.4,0.75,16.8,,
17975,681,10-8024,RB OPERIND,,210,2,11,0.12,22,,
17976,681,12-2180,"LAT 3/4"" SCH 40  PVC",,110,20,0.75,0.0428,15,,
17977,681,13-2640,"SLV 4"" SCH 40 PVC",,182,60,6.85,0.04,411,,
17978,681,32-1011,BRICK PAVER,,639.1,8,1.4,0.005,11.2,,
17979,681,33-2020,PENTITES,,None,-12,1.75,0,-21,,
17980,681,9310-213,TURNOVER ITEMS,,None,1,600,0,600,,
18072,688,28-1197,"NIBCO T-580-70-66 3/4"" BV",,402,1,80,1,80,,
18073,688,26-1302,CHAMPION LOOSE KEY HOSE BIB I401LK,,410.4,1,20,1.5,20,,
18074,688,9301-244,"1/2"" X 30"" GALV. STAKE","CHANNEL STK 2"" x 1"" x 36""",639.3,1,20,0.025,20,,
18075,688,95-0007,CONCRETE ONE-SACK SLURRY (CY),,635,1,200,1,200,,
18076,688,12-2200,"LAT 1"" SCH 40  PVC",,120,20,1.1,0.0438,22,,
18121,667,95-0110,IMPERIAL PET PRIDE PRO,HERITAGE PET PLAY,800.1,5620,4,0.06,22480,,
18122,667,95-0110,IMPERIAL PET PRIDE PRO,BUY 6000 SF,999,380,4,0,1520,,
18123,667,9310-199,"CAMOFILL SAND, 50#",,999,11,19,0,209,,
18124,667,95-0074,ART. TURF GREEN SAND #16 (50#),,999,-10,22,0,-220,,
18125,667,9310-217,ZEOFILL TURF DEODORIZER (50# BG),,999,1,24,0,24,,
18126,668,9302-962,DG CALIFORNIA GOLD STAB.,"1230 SF @ 3""= 21 TONS (BUY 25 TONS FOR FREE DELIVERY) tri state materials quote",547,25,69,0.5,1725,,
18127,668,33-13035,RECYCLED CLASS 2 BASE,"1230 SF @ 4""",635.2,23,23,0.5,529,,
18128,668,95-0411,"ROLLER, PER DAY",,635.8,1,450,8,450,,
18129,668,95-0410,MISC BLS EQUIPMENT PER HR,,635,1,90,1,90,,
18130,668,33-1304,FILTER FABRIC 4oz (Mirafi 140n),,641,1500,0.2,0.003,300,,
18131,668,33-1187,"SURE-LOC 3/16"" X 4"" X 16' PAINTED STEEL (BLACK)",,559,144,9,0.03,1296,,
18132,668,95-1029,DELIVERY,,None,0,406,0,0,,
18157,691,5166-236,"STRELITZIA NICHOLAI 36""",,505.1,1,475,4.5,475,,
18158,691,33-1643,PEDILANTHUS BRACTEATUS 15G,,519.1,3,95,0.73,285,,
18159,691,2801-415,JUNPERUS CHI. 'SPARTAN' 15G SPIRAL,,510.1,4,120,1.01,480,,
18160,691,5050-501,SENECIO MANDRALISCAE 1G,,522.1,8,3.8,0.11,30.4,,
18161,691,4905-801,ROSEMARINUS BLUE SPIRES 1G,,522.1,24,3.8,0.11,91.2,,
18162,691,1330-701,CISTUS LITTLE MISS SUNSHINE 1G,,522.1,24,4,0.11,96,,
18163,691,9500-113,"POTTING SOIL, 2 CF BAG",,642,30,13.5,0.17,405,,
18164,691,9309-210,POT PLACEMENT/IRRIG/DRAIN,,636,8,15,2,120,,
18165,691,9311-310,POT #1,,999,1,0,0,0,,
18166,691,9500-137,PLANTER SUPPLY WATERING DEVICE,,637,1,1070,0.1,1070,,
18167,691,9301-1122,"MEXICAN BEACH PEBBLE BUFF 1/2""-1""",,635,1,460,1,460,,
18168,691,95-1029,DELIVERY,,None,1,120,0,120,,
18194,692,40-1973,"6"" PVC SDR 35 SOLID",,627,-60,5,0.12,-300,,
18195,692,40-1974,"4"" PVC SDR 35 SOLID",,625,-100,2.3,0.1,-230,,
18196,692,40-1521,"NDS #75 4"" ATRIUM GREEN",,630.2,-3,11,0.75,-33,,
18197,692,40-4000,NDS 900 CATCH BASIN,,615,-1,26,1,-26,,
18198,692,40-1521,"NDS #75 4"" ATRIUM GREEN",,630.2,-2,11,0.75,-22,,
18199,692,40-1973,"6"" PVC SDR 35 SOLID",,627,30,5,0.12,150,,
18200,692,40-1974,"4"" PVC SDR 35 SOLID",,625,-30,2.3,0.1,-69,,
18201,692,40-4020,"NDS 990 9"" GREEN GRT FLT",,None,-108,27,0,-2916,,
18202,692,40-4022,"NDS 991 9"" GREEN ATRIUM GRT",,999,108,37,0,3996,,
18252,686,>>>,GRAVEL AROUND TRANSFORMER AREA,,,1,0,0,0,,
18253,686,30-3027,DECORATIVE GRAVEL (size & type TBD),"380 SF @ 3""",640,4,100,1,400,,
18254,686,33-1304,FILTER FABRIC 4oz (Mirafi 140n),,641,500,0.2,0.003,100,,
18255,686,95-0410,MISC BLS EQUIPMENT PER HR,,635,2,100,1,200,,
18256,686,95-1029,DELIVERY,will call,None,1,250,0,250,,
18264,689,9302-297,LIGHTWEIGHT SOIL,"608 SF @ 42""",635,90,85,1,7650,,
18265,689,95-0410,MISC BLS EQUIPMENT PER HR,,635,16,90,1,1440,,
18266,689,9306-210,LANDSCAPE MISC #1,TRANSPORT TO ROOF DECK,999,1,300,16,300,,
18267,689,33-1304,FILTER FABRIC 4oz (Mirafi 140n),,641,800,0.2,0.003,160,,
18268,689,9302-235,CRANE (35 TO 50 TON),,635,16,500,1,8000,,
18269,689,9308-210,TRAFFIC CONTROL,,999,1,1500,0,1500,,
18302,695,33-3041,BIO-SWALE SOIL MIX #2,"1920 SF @ 24"" SANDY LOAM SOIL",637.2,143,55,0.25,7865,,
18303,695,9301-210,PEA GRAVEL,"1920 SF @ 3""",635,27,55,1,1485,,
18304,695,33-1302,"GRAVEL 3/4""","1920 SF @ 12""  (3/4"" -1.50"" DIA. WASHED GRAVEL)",635.2,107,50,0.5,5350,,
18305,695,33-1304,FILTER FABRIC 4oz (Mirafi 140n),,641,2500,0.2,0.003,500,,
18306,695,2101-1000,GENERIC MULCH,"1920 SF @ 3""",534.1,18,25,0.5,450,,
18307,695,40-1975.1,"4"" SDR 35 PERF PIPE",,999,240,2.3,0,552,,
18308,695,40-5000,"4"" PVC SCH 40 DRAIN",,626,20,6.5,0.1,130,,
18309,695,40-4055,BROOKS 18x18x24 W/ PKWY ADA GRATE,SD5 (JENSEN OR EQUAL),636,3,800,2,2400,,
18310,695,40-5010,"6"" PVC SCH 40 DRAIN SOLID",,999,20,11,0,220,,
18311,695,95-0410,MISC BLS EQUIPMENT PER HR,,635,8,90,1,720,,
18312,695,,,,,1,0,0,0,,
18341,697,3101-305,LANTANA 'NEW GOLD' 5G,,520,22,10,0.27,220,,
18342,697,3280-505,LIGUSTRUM TEXANUM 5G,,520,27,10,0.27,270,,
18343,697,1021-505,CARISSA BOXWOOD BTY 5G,,520,85,10.75,0.27,913.75,,
18344,697,1630-505,DIANELLA T. VARIEGATA 5G,,520,6,16,0.27,96,,
18345,697,1630-405,DIANELLA LITTLE REV 5G,,520,24,16.5,0.27,396,,
18346,697,9302-105,5G SHRUB,,520,10,14,0.27,140,,
18347,697,2101-1000,GENERIC MULCH,,534.1,10,25,0.5,250,,
18348,697,FREIGHT,DELIVERY/ FREIGHT - NON TAX,,None,1,200,0,200,,
18353,698,95-0111,IMPERIAL CA TALL FESCUE 90 (Imperial),"EASY TURF ""NUTMEG LUSH""",800.1,1030,4.25,0.06,4377.5,,
18354,698,95-0111,IMPERIAL CA TALL FESCUE 90 (Imperial),BUY 1350 SF,999,320,4.25,0,1360,,
18372,288,10-5337,RB XCZ150-LCDR DRIP KIT,,380.7,10,350,1,3500,,
18373,288,10-5438,"RB XCZ-100-PRB-COM 1"" DRIP ASBLY",,380.7,6,240,1,1440,,
18374,288,32-5077,GREENTECH WTD-H1 DECODER,,637.2,16,175,0.25,2800,,
18375,288,33-5072,3M SCOTCHLOK 3570 CONN,,999,32,6.2,0,198.4,,
18376,288,12-1620,"1.25"" UVR PIPE",,203,1,1.7,0.018,1.7,,
18377,288,12-1600,"1"" UVR PIPE",,202.1,300,1.3,0.016,390,,
18378,288,30-2734,NETAFIM TLCV BLANK TUBING,,636.4,35000,0.3,0.01,10500,,
18379,288,13420-118,RB XB 10PC EMITTER (BARBED) BLACK,,639,4425,0.5,0.01,2212.5,,
18380,288,13420-141,"RB TS-025WCAP .25"" TUB. STK W/CAP",,639.3,4425,0.45,0.025,1991.25,,
18381,288,13420-143,"RB DT-025 1/4""DIST.TUBING",,639,10000,0.1,0.01,1000,,
18382,288,30-2025,"KBI KSC-0750  SLIP SWING CHECK 3/4""",,637,32,23,0.1,736,,
18383,288,95-0410,MISC BLS EQUIPMENT PER HR,CHERRY PICKER,635,40,90,1,3600,,
18393,701,33-3012,BIO-SWALE SOIL MIX #1 (cy),1500SF @ 3',637.2,170,60,0.25,10200,,
18394,701,33-13025,"#57 CLEAN 3/4"" GRAVEL","1500 SF @ 12""",635.2,85,50,0.5,4250,,
18395,701,95-0410,MISC BLS EQUIPMENT PER HR,,635,24,90,1,2160,,
18829,708,9301-235,POC HOMEOWNER W/O PRV,,449,24,15,1,360,,
18830,708,28-11861,"NIBCO T-580-70 1""",,402,24,60,1,1440,,
18831,708,40-5218,"NDS 312BCB 10"" ROUND (GRN/GRN)",,999,-24,33,0,-792,,
18832,708,32-1004,"NDS 314BCB 14"" X 19"" RECT. BOX (GRN/GRN)",,None,24,50,0,1200,,
18833,708,13-2110,"ML 1"" SCH 40 PVC",,122,240,0.55,0.04,132,,
18834,708,22-4176,HUNTER ACZ-101 DRIP VALVE,,395,24,56,0.62,1344,,
18835,708,28-1133,"NIBCO 4660-S 1""",,999,24,7,0,168,,
18836,708,22-4179,HUNTER X2-400 contr.,,471,24,100,2,2400,,
18837,708,22-1535,HUNTER RAINCLICK,,638.1,24,35,0.5,840,,
18838,708,13-1172,18-7 WIRE FOR 6 STATION CONTROLLERS,,430,500,0.63,0.003,315,,
18839,708,33-2603,"ELECTRICAL SWEEP 1"" (SCH 40)",,None,24,5.2,0,124.8,,
18840,708,22-1540,"HUNTER HE-20, 40, 60-T (10-32 THREAD)",,999,240,0.25,0,60,,
18841,708,22-1450,HUNTER HE-DIFF,,639,240,0.25,0.01,60,,
18842,708,13420-084,"RB PFR-FRA-12 ( 12"" FLEX  RISER & ADAPTER)",,639.9,240,0.5,0.025,120,,
18843,708,402-101,3/4 X 3/4 X 1/2 TEE REDUCING SST,,None,240,1.25,0,300,,
18844,708,22-1538,HUNTER PROS-12-PRS30-CV,,213,48,20.75,0.12,996,,
18845,708,22-1087,HUNTER PROSPRAY NOZZLE,,None,-48,1.2,0,-57.6,,
18846,708,13420-092,GPH GDFN DRIP FLUSH NOZZLE,,637.1,48,15,0.125,720,,
18847,708,12-2180,"LAT 3/4"" SCH 40  PVC",,110,1200,0.35,0.0428,420,,
18848,708,13-2670,"SLV 2"" SCH 40 PVC",,154,240,1.1,0.04,264,,
18849,708,32-1011,BRICK PAVER,,639.1,100,1.4,0.005,140,,
18993,710,13420-084,"RB PFR-FRA-12 ( 12"" FLEX  RISER & ADAPTER)",,639.9,65,0.5,0.025,32.5,,
18994,710,402-101,3/4 X 3/4 X 1/2 TEE REDUCING SST,,None,65,1.25,0,81.25,,
18995,710,22-1538,HUNTER PROS-12-PRS30-CV,,213,6,20.75,0.12,124.5,,
18996,710,22-1087,HUNTER PROSPRAY NOZZLE,,None,-6,1.2,0,-7.2,,
18997,710,13420-092,GPH GDFN DRIP FLUSH NOZZLE,,637.1,6,15,0.125,90,,
18998,710,12-2180,"LAT 3/4"" SCH 40  PVC",,110,300,0.35,0.0428,105,,
18999,710,13-0710,HUNTER HDL-06-12500 (500'),"225 SF @ 18""",638.5,1,300,7,300,,
19000,710,12-2180,"LAT 3/4"" SCH 40  PVC",HEADER,110,20,0.35,0.0428,7,,
19001,710,20-2260,3/4 x 3/4 x 1/2 TEE SST PVC,,None,15,1.25,0,18.75,,
19002,710,30-2721,NETAFIM TL050-MA,,None,20,0.55,0,11,,
19003,710,9301-235,POC HOMEOWNER W/O PRV,,449,3,15,1,45,,
19004,710,28-11861,"NIBCO T-580-70 1""",,402,3,57,1,171,,
19005,710,40-5218,"NDS 312BCB 10"" ROUND (GRN/GRN)",,999,-3,33,0,-99,,
19006,710,32-1004,"NDS 314BCB 14"" X 19"" RECT. BOX (GRN/GRN)",,None,3,50,0,150,,
19007,710,13-2110,"ML 1"" SCH 40 PVC",,122,180,0.55,0.04,99,,
19008,710,22-1405,"HUNTER PGV-101-ASV  1"" ANTI SIPHON",,395,9,21.25,0.62,191.25,,
19009,710,22-4176,HUNTER ACZ-101 DRIP VALVE,,395,6,56,0.62,336,,
19010,710,28-1133,"NIBCO 4660-S 1""",,999,6,7,0,42,,
19011,710,22-4179,HUNTER X2-400 contr.,,471,3,100,2,300,,
19012,710,22-1535,HUNTER RAINCLICK,,638.1,3,35,0.5,105,,
19013,710,13-1172,18-7 WIRE FOR 6 STATION CONTROLLERS,,430,500,0.63,0.003,315,,
19014,710,33-2603,"ELECTRICAL SWEEP 1"" (SCH 40)",,None,3,5.2,0,15.6,,
19015,710,22-1536,"HUNTER PROS-04-PRS30-CV -R  4"" RW",,213,6,7.75,0.12,46.5,,
19016,710,22-1087,HUNTER PROSPRAY NOZZLE,,None,-6,1.2,0,-7.2,,
19017,710,22-1122,HUNTER MSBN-50H BUBBLER NOZ.,,999,6,2.25,0,13.5,,
19018,710,12-2180,"LAT 3/4"" SCH 40  PVC",,110,120,0.35,0.0428,42,,
19019,710,22-1538,HUNTER PROS-12-PRS30-CV,,213,24,20.75,0.12,498,,
19020,710,22-1087,HUNTER PROSPRAY NOZZLE,,None,-24,1.2,0,-28.8,,
19021,710,32-1195,HUNTER MP1000 ROTATOR NOZZLE,,None,24,6.75,0,162,,
19022,710,12-2180,"LAT 3/4"" SCH 40  PVC",,110,340,0.35,0.0428,119,,
19023,710,22-1540,"HUNTER HE-20, 40, 60-T (10-32 THREAD)",,999,65,0.25,0,16.25,,
19024,710,22-1450,HUNTER HE-DIFF,,639,65,0.25,0.01,16.25,,
19025,710,22-1538,HUNTER PROS-12-PRS30-CV,,213,6,20.75,0.12,124.5,,
19026,710,22-1087,HUNTER PROSPRAY NOZZLE,,None,-6,1.2,0,-7.2,,
19027,710,13420-092,GPH GDFN DRIP FLUSH NOZZLE,,637.1,6,15,0.125,90,,
19028,710,13-1189,HUNTER PLD-AVR AIR RELIEF,,402.3,3,8.5,0.75,25.5,,
19029,710,12-2180,"LAT 3/4"" SCH 40  PVC",DRIP SUPPLY,110,100,0.35,0.0428,35,,
19030,710,13-2670,"SLV 2"" SCH 40 PVC",,154,200,1.1,0.04,220,,
19031,710,32-1011,BRICK PAVER,,639.1,20,1.4,0.005,28,,
19071,711,9301-235,POC HOMEOWNER W/O PRV,,449,3,15,1,45,,
19072,711,28-11861,"NIBCO T-580-70 1""",,402,3,60,1,180,,
19073,711,40-5218,"NDS 312BCB 10"" ROUND (GRN/GRN)",,999,-3,33,0,-99,,
19074,711,32-1004,"NDS 314BCB 14"" X 19"" RECT. BOX (GRN/GRN)",,None,3,50,0,150,,
19075,711,13-2110,"ML 1"" SCH 40 PVC",,122,260,0.55,0.04,143,,
19076,711,22-1405,"HUNTER PGV-101-ASV  1"" ANTI SIPHON",,395,9,21.25,0.62,191.25,,
19077,711,22-4176,HUNTER ACZ-101 DRIP VALVE,,395,6,56,0.62,336,,
19078,711,28-1133,"NIBCO 4660-S 1""",,999,6,7,0,42,,
19079,711,22-4179,HUNTER X2-400 contr.,,471,3,100,2,300,,
19080,711,22-1535,HUNTER RAINCLICK,,638.1,3,35,0.5,105,,
19081,711,13-1172,18-7 WIRE FOR 6 STATION CONTROLLERS,,430,500,0.63,0.003,315,,
19082,711,33-2603,"ELECTRICAL SWEEP 1"" (SCH 40)",,None,3,5.2,0,15.6,,
19083,711,22-1536,"HUNTER PROS-04-PRS30-CV -R  4"" RW",,213,6,7.75,0.12,46.5,,
19084,711,22-1087,HUNTER PROSPRAY NOZZLE,,None,-6,1.2,0,-7.2,,
19085,711,22-1122,HUNTER MSBN-50H BUBBLER NOZ.,,999,6,2.25,0,13.5,,
19086,711,12-2180,"LAT 3/4"" SCH 40  PVC",,110,120,0.35,0.0428,42,,
19087,711,22-1538,HUNTER PROS-12-PRS30-CV,,213,30,20.75,0.12,622.5,,
19088,711,22-1087,HUNTER PROSPRAY NOZZLE,,None,-30,1.2,0,-36,,
19089,711,32-1195,HUNTER MP1000 ROTATOR NOZZLE,,None,30,6.75,0,202.5,,
19090,711,12-2180,"LAT 3/4"" SCH 40  PVC",,110,380,0.35,0.0428,133,,
19091,711,22-1540,"HUNTER HE-20, 40, 60-T (10-32 THREAD)",,999,33,0.25,0,8.25,,
19092,711,22-1450,HUNTER HE-DIFF,,639,33,0.25,0.01,8.25,,
19093,711,13420-084,"RB PFR-FRA-12 ( 12"" FLEX  RISER & ADAPTER)",,639.9,33,0.5,0.025,16.5,,
19094,711,402-101,3/4 X 3/4 X 1/2 TEE REDUCING SST,,None,33,1.25,0,41.25,,
19095,711,22-1538,HUNTER PROS-12-PRS30-CV,,213,3,20.75,0.12,62.25,,
19096,711,22-1087,HUNTER PROSPRAY NOZZLE,,None,-3,1.2,0,-3.6,,
19097,711,13420-092,GPH GDFN DRIP FLUSH NOZZLE,,637.1,3,15,0.125,45,,
19098,711,12-2180,"LAT 3/4"" SCH 40  PVC",,110,140,0.35,0.0428,49,,
19099,711,13-0710,HUNTER HDL-06-12500 (500'),,638.5,1,300,7,300,,
19100,711,12-2180,"LAT 3/4"" SCH 40  PVC",HEADER,110,80,0.35,0.0428,28,,
19101,711,20-2260,3/4 x 3/4 x 1/2 TEE SST PVC,,None,60,1.25,0,75,,
19102,711,30-2721,NETAFIM TL050-MA,,None,80,0.55,0,44,,
19103,711,22-1538,HUNTER PROS-12-PRS30-CV,,213,3,20.75,0.12,62.25,,
19104,711,22-1087,HUNTER PROSPRAY NOZZLE,,None,-3,1.2,0,-3.6,,
19105,711,13420-092,GPH GDFN DRIP FLUSH NOZZLE,,637.1,3,15,0.125,45,,
19106,711,13-1189,HUNTER PLD-AVR AIR RELIEF,,402.3,3,8.5,0.75,25.5,,
19107,711,12-2180,"LAT 3/4"" SCH 40  PVC",DRIP SUPPLY,110,80,0.35,0.0428,28,,
19108,711,13-2670,"SLV 2"" SCH 40 PVC",,154,40,1.1,0.04,44,,
19109,711,32-1011,BRICK PAVER,,639.1,20,1.4,0.005,28,,
19416,706,10-8015,RB RD-06-S-P30-F-N,,210,62,28,0.12,1736,,
19417,706,30-2777,NETAFIM TLCVRW-06-12 TECHLINE-1000',,638.1,1,650,0.5,650,,
19787,715,0370-336,"ARBUTUS MARINA 36"" STD",,505.3,2,490,4.5,980,,
19788,715,4370-124,"PODOCARPUS GRAC. 24"" STD",,507,3,185,2.8,555,,
19789,715,5420-136,"ULMUS PARVIFOLIA 36"" STD",,505,4,485,4.5,1940,,
19790,715,9302-408,"AUGER SUMP 12"" X 18""",,545.3,9,0,0.17,0,,
19791,715,40-1462,"NDS #14  3"" ROUND BLACK",,999,-9,4.5,0,-40.5,,
19792,715,40-1461,"NDS #11 4"" ROUND BLACK",,999,9,5,0,45,,
19793,715,33-1340,"3"" ADS PERF W/DRAIN SOCK FT",,None,-90,1.5,0,-135,,
19794,715,40-1975.1,"4"" SDR 35 PERF PIPE",,999,90,2.3,0,207,,
19795,715,33-1342,"FILTER SOCK FOR 4"" OR LESS DPIPE",,999,100,0.26,0,26,,
19796,715,9302-948,"CENTURY 24"" X 36""  PANEL",160',537,80,8.5,0.1,680,,
19797,715,9302-950,CENTURY 24,30',537,15,6.25,0.1,93.75,,
19798,715,3280-505,LIGUSTRUM TEXANUM 5G,,520,43,11,0.27,473,,
19799,715,4370-005,RAPHIOLEPIS UMB. MINOR 5G,,520,46,11,0.27,506,,
19800,715,1630-001,DIANELLA LITTLE REV 1G,,522,85,6.75,0.11,573.75,,
19801,715,41-1390,PASPALUM SOD,"OST: 1,300 SF",532,1500,1,0.005,1500,,
19802,715,33-023,TVI SENDERO MULCH,"1,475 SF @ 3""",534.1,15,45,0.5,675,,
19803,715,9302-225,FINE RAKE,,536,2800,0,0.002,0,,
19804,715,9302-210,SOIL PREP,,533,2800,0,0.0035,0,,
19805,715,9300-100,NITRO FIR,4 CY,534,6,29,0.15,174,,
19806,715,33-1160,12-12-12 50# BAG,50#,570,2,44,0.18,88,,
19807,715,33-1720,GYPSUM 50# BAG,15#,570,1,8,0.18,8,,
19808,715,9302-220,WEED CONTROL (GRO-N-KILL),,535,1000,0,0.0005,0,,
19809,715,95-1029,DELIVERY,,None,1,450,0,450,,
19812,723,95-0110,IMPERIAL PET PRIDE PRO,PUP TURF BY ROBERTSON REC.,800.1,320,4,0.06,1280,,
19813,723,95-0110,IMPERIAL PET PRIDE PRO,,999,205,4,0,820,,
19819,724,33-1019,"MEXICAN BEACH PEBBLE BLK 1"" - 2""","2-3""; 275 SF @ 4""",640,6,400,1,2400,,
19820,724,33-1304,FILTER FABRIC 4oz (Mirafi 140n),,641,300,0.2,0.003,60,,
19821,724,95-0410,MISC BLS EQUIPMENT PER HR,,635,2,90,1,180,,
19822,724,95-1029,DELIVERY,,None,1,0,0,0,,
19823,724,33-1704,"COYOTE LS 'RAWEDGE' 1/8"" x 4"" ROLLED/NAT steel",,559,48,10,0.03,480,,
19830,725,4800-315,LEUCODENDRON SAFARI SUNSET 15G,,519.1,4,75,0.73,300,,
19831,725,0947-301,CAREX PANSA 1G,,522.1,68,5,0.11,340,,
19832,725,9309-210,POT PLACEMENT/IRRIG/DRAIN,,636,4,15,2,60,,
19833,725,9500-113,"POTTING SOIL, 2 CF BAG",,642,20,13.5,0.17,270,,
19834,725,95-1029,DELIVERY,,None,1,50,0,50,,
19835,725,9311-310,POT #1,NO INFORMATION AVAILABLE,999,1,0,0,0,,
19953,709,9301-235,POC HOMEOWNER W/O PRV,,449,21,15,1,315,,
19954,709,28-11861,"NIBCO T-580-70 1""",,402,21,60,1,1260,,
19955,709,40-5218,"NDS 312BCB 10"" ROUND (GRN/GRN)",,999,-21,33,0,-693,,
19956,709,32-1004,"NDS 314BCB 14"" X 19"" RECT. BOX (GRN/GRN)",,None,21,50,0,1050,,
19957,709,13-2110,"ML 1"" SCH 40 PVC",,122,220,0.55,0.04,121,,
19958,709,22-4176,HUNTER ACZ-101 DRIP VALVE,,395,42,56,0.62,2352,,
19959,709,22-4176,HUNTER ACZ-101 DRIP VALVE,,395,11,56,0.62,616,,
19960,709,28-1133,"NIBCO 4660-S 1""",,999,53,7,0,371,,
19961,709,22-4179,HUNTER X2-400 contr.,,471,21,100,2,2100,,
19962,709,22-1535,HUNTER RAINCLICK,,638.1,21,35,0.5,735,,
19963,709,13-1172,18-7 WIRE FOR 6 STATION CONTROLLERS,,430,500,0.63,0.003,315,,
19964,709,33-2603,"ELECTRICAL SWEEP 1"" (SCH 40)",,None,21,5.2,0,109.2,,
19965,709,22-1540,"HUNTER HE-20, 40, 60-T (10-32 THREAD)",,999,1155,0.25,0.15,288.75,,
19966,709,22-1450,HUNTER HE-DIFF,,999,1155,0.25,0,288.75,,
19967,709,13420-084,"RB PFR-FRA-12 ( 12"" FLEX  RISER & ADAPTER)",,999,1155,0.5,0,577.5,,
19968,709,402-101,3/4 X 3/4 X 1/2 TEE REDUCING SST,,None,1155,1.25,0,1443.75,,
19969,709,22-1538,HUNTER PROS-12-PRS30-CV,,213,63,20.75,0.12,1307.25,,
19970,709,22-1087,HUNTER PROSPRAY NOZZLE,,None,-63,1.2,0,-75.6,,
19971,709,13420-092,GPH GDFN DRIP FLUSH NOZZLE,,637.1,63,15,0.125,945,,
19972,709,12-2180,"LAT 3/4"" SCH 40  PVC",,110,4620,0.35,0.0428,1617,,
19973,709,13-0710,HUNTER HDL-06-12500 (500'),"4,225 SF @ 18"" O.C",638.5,6,300,7,1800,,
19974,709,12-2180,"LAT 3/4"" SCH 40  PVC",HEADER,110,300,0.35,0.0428,105,,
19975,709,20-2260,3/4 x 3/4 x 1/2 TEE SST PVC,,None,250,1.25,0,312.5,,
19976,709,30-2721,NETAFIM TL050-MA,,None,300,0.55,0,165,,
19977,709,22-1538,HUNTER PROS-12-PRS30-CV,,213,22,20.75,0.12,456.5,,
19978,709,22-1087,HUNTER PROSPRAY NOZZLE,,None,-22,1.2,0,-26.4,,
19979,709,13420-092,GPH GDFN DRIP FLUSH NOZZLE,,637.1,22,15,0.125,330,,
19980,709,13-1189,HUNTER PLD-AVR AIR RELIEF,,402.3,11,8.5,0.75,93.5,,
19981,709,12-2180,"LAT 3/4"" SCH 40  PVC",DRIP SUPPLY,110,400,0.35,0.0428,140,,
19982,709,13-2670,"SLV 2"" SCH 40 PVC",,154,700,1.1,0.04,770,,
19983,709,32-1011,BRICK PAVER,,639.1,120,1.4,0.005,168,,
20109,737,5366-524,"TRISTANIA LAURINA 24""",,507,1,180,2.8,180,,
20110,737,1052-105,WESTRINGIA FRUITICOSA 5G,,520,41,12.5,0.27,512.5,,
20111,737,3280-505,LIGUSTRUM TEXANUM 5G,,520,13,10,0.27,130,,
20112,737,0319-505,ALOE VERA 5G,,520,34,14,0.27,476,,
20113,737,1631-501,DIANELLA BABY BLISS 1G,,522,83,6.5,0.11,539.5,,
20114,737,2101-1000,GENERIC MULCH,"1,202 SF @ 3""",534.1,12,25,0.5,300,,
20115,737,9302-225,FINE RAKE,,536,1202,0,0.002,0,,
20116,737,9302-210,SOIL PREP,,533,1202,0,0.0035,0,,
20117,737,9302-220,WEED CONTROL (GRO-N-KILL),,535,121,0,0.0005,0,,
20118,737,95-1029,DELIVERY,,None,1,110,0,110,,
20131,738,5366-524,"TRISTANIA LAURINA 24""",,507,2,180,2.8,360,,
20132,738,4370-124,"PODOCARPUS GRAC. 24"" STD",,507,1,175,2.8,175,,
20133,738,2170-124,"GEIJERA PARVIFLORA 24"" STD",,507,1,175,2.8,175,,
20134,738,4375-105,PODOCARPUS MACRO. MAKI 5G,,520,21,18,0.27,378,,
20135,738,4065-405,"PENNISETUM ""HAMLIN"" 5G",,520,85,11,0.27,935,,
20136,738,0897-505,BUXUS M.J. 'GREEN BEAUTY' 5G,,520,73,11,0.27,803,,
20137,738,7000-007,TEUCRIUM CHAEMADRIS 1G,,522,155,4,0.11,620,,
20138,738,2101-1000,GENERIC MULCH,"2,303 SF @ 3"" ",534.1,22,25,0.5,550,,
20139,738,9302-225,FINE RAKE,,536,2303,0,0.002,0,,
20140,738,9302-210,SOIL PREP,,533,2303,0,0.0035,0,,
20141,738,9302-220,WEED CONTROL (GRO-N-KILL),,535,231,0,0.0005,0,,
20142,738,95-1029,DELIVERY,,None,1,196,0,196,,
20154,739,5366-524,"TRISTANIA LAURINA 24""",,507,1,180,2.8,180,,
20155,739,3551-124,"MELALEUCA LINARIFOLIA  24"" SINGLE",,507,2,175,2.8,350,,
20156,739,4482-105,PRUNUS CARO COMP 5G,,520,47,9.5,0.27,446.5,,
20157,739,4260-505,PITT. T. CREAM DE MINT 5G,,520,124,10,0.27,1240,,
20158,739,1696-905,LOMANDRA ARCTIC FROST 5G,,520,109,18,0.27,1962,,
20159,739,0947-801,CAREX DIVULSA 1G,,522,119,4,0.11,476,,
20160,739,2101-1000,GENERIC MULCH,"3,304 SF @ 3"" ",534.1,31,25,0.5,775,,
20161,739,9302-225,FINE RAKE,,536,3304,0,0.002,0,,
20162,739,9302-210,SOIL PREP,,533,3304,0,0.0035,0,,
20163,739,9302-220,WEED CONTROL (GRO-N-KILL),,535,331,0,0.0005,0,,
20164,739,95-1029,DELIVERY,,None,1,276,0,276,,
20177,740,5366-524,"TRISTANIA LAURINA 24""",,507,2,180,2.8,360,,
20178,740,0326-124,"LAGER. I. MUSKOGEE 24"" STD",,507,1,175,2.8,175,,
20179,740,1052-105,WESTRINGIA FRUITICOSA 5G,,520,32,12.5,0.27,400,,
20180,740,3280-505,LIGUSTRUM TEXANUM 5G,,520,29,10,0.27,290,,
20181,740,0319-505,ALOE VERA 5G,,520,67,14,0.27,938,,
20182,740,1631-501,DIANELLA BABY BLISS 1G,,522,79,6.5,0.11,513.5,,
20183,740,2101-1000,GENERIC MULCH,"1,537 SF @ 3"" ",534.1,15,25,0.5,375,,
20184,740,9302-210,SOIL PREP,,533,1537,0,0.0035,0,,
20185,740,9302-225,FINE RAKE,,536,1537,0,0.002,0,,
20186,740,9302-220,WEED CONTROL (GRO-N-KILL),,535,154,0,0.0005,0,,
20187,740,95-1029,DELIVERY,,None,1,157,0,157,,
20199,741,4370-124,"PODOCARPUS GRAC. 24"" STD",,507,1,175,2.8,175,,
20200,741,2170-124,"GEIJERA PARVIFLORA 24"" STD",,507,1,175,2.8,175,,
20201,741,4375-105,PODOCARPUS MACRO. MAKI 5G,,520,17,18,0.27,306,,
20202,741,4065-805,"PENNISETUM ALOP. ""HAMELIN"" 5G",,520,62,9.5,0.27,589,,
20203,741,0897-505,BUXUS M.J. 'GREEN BEAUTY' 5G,,520,35,11,0.27,385,,
20204,741,7000-007,TEUCRIUM CHAEMADRIS 1G,,522,91,4,0.11,364,,
20205,741,2101-1000,GENERIC MULCH,"1,348 SF @ 3"" ",534.1,13,25,0.5,325,,
20206,741,9302-225,FINE RAKE,,536,1348,0,0.002,0,,
20207,741,9302-210,SOIL PREP,,533,1348,0,0.0035,0,,
20208,741,9302-220,WEED CONTROL (GRO-N-KILL),,535,135,0,0.0005,0,,
20209,741,95-1029,DELIVERY,,None,1,114,0,114,,
20348,744,9301-230,AS-BUILTS AND REPRO CHARGES,,451,1,600,3.75,600,,
20349,744,9301-164,"IRWD 1"" WATER METER",,999,1,350,0,350,,
20350,744,13-2110,"ML 1"" SCH 40 PVC",,122,120,1.1,0.04,132,,
20351,744,13-2120,"ML 3/4"" SCH 40 PVC",,112,80,0.75,0.04,60,,
20352,744,28-1186,"NIBCO T-580-70  3/4"" BV",,402,1,44,1,44,,
20353,744,10-5325,"RB ASVF 3/4"" ANTI SIPHON",,390,1,23,0.62,23,,
20354,744,10-5429,RB XACZ-100-PRF ASVF,,395,3,64,0.62,192,,
20355,744,22-4167,HUNTER XC-800i (INDOOR),,471,1,105,2,105,,
20356,744,22-1317,HUNTER WSS SEN (wireless s sync & rcvr/no module),,638.1,1,195,0.5,195,,
20357,744,95-0010,ELECTRICAL SUB./PERMITS FOR CONTROLLER,,None,1,800,0,800,,
20358,744,13-1040,#14 UF WHITE WIRE,,430,1000,0.19,0.003,190,,
20359,744,13-1020,#14 UF RED WIRE,,430,1000,0.19,0.003,190,,
20360,744,13-1050,#14 UF ORANGE WIRE,,430,1000,0.19,0.003,190,,
20361,744,33-2606,"ELECTRICAL SWEEP 2"" (SCH 40)",,None,1,13.5,0,13.5,,
20362,744,10-8000,RB 1804-SAM-PRS (USE PL. NOZ),,210,4,8.5,0.12,34,,
20363,744,12-2180,"LAT 3/4"" SCH 40  PVC",,110,220,0.75,0.0428,165,,
20364,744,13420-394,RB XFS-CV-06-18-500',,638.5,19,204,7,3876,,
20365,744,12-2180,"LAT 3/4"" SCH 40  PVC",,110,300,0.75,0.0428,225,,
20366,744,20-2260,3/4 x 3/4 x 1/2 TEE SST PVC,,None,210,1.25,0,262.5,,
20367,744,30-2707,NETAFIM TL TEE,,None,210,0.5,0,105,,
20368,744,13420-175,RB MDCFCAP BLK FLUSH CAP,,402.3,6,0.7,0.75,4.2,,
20369,744,12-2200,"LAT 1"" SCH 40  PVC",,120,240,1.1,0.0438,264,,
20370,744,12-2180,"LAT 3/4"" SCH 40  PVC",,110,520,0.75,0.0428,390,,
20371,744,13-2670,"SLV 2"" SCH 40 PVC",,154,40,2.3,0.04,92,,
20372,744,13-2670,"SLV 2"" SCH 40 PVC",,154,40,2.3,0.04,92,,
20373,744,13-2680,"SLV 1.5"" SCH 40 PVC",,144,120,1.7,0.03,204,,
20374,744,13-2670,"SLV 2"" SCH 40 PVC",,154,20,2.3,0.04,46,,
20375,744,32-1011,BRICK PAVER,,639.1,18,1.4,0.005,25.2,,
20376,744,33-2020,PENTITES,,None,-8,1.75,0,-14,,
20377,744,9310-213,TURNOVER ITEMS,,None,1,600,0,600,,
20406,745,9301-230,AS-BUILTS AND REPRO CHARGES,,451,1,600,3.75,600,,
20407,745,13-2110,"ML 1"" SCH 40 PVC",,122,120,1.1,0.04,132,,
20408,745,28-11861,"NIBCO T-580-70 1""",,402,1,57,1,57,,
20409,745,10-5325,"RB ASVF 3/4"" ANTI SIPHON",,390,1,23,0.62,23,,
20410,745,10-5429,RB XACZ-100-PRF ASVF,,395,1,64,0.62,64,,
20411,745,22-4167,HUNTER XC-800i (INDOOR),,471,1,105,2,105,,
20412,745,22-1317,HUNTER WSS SEN (wireless s sync & rcvr/no module),,638.1,1,195,0.5,195,,
20413,745,95-0010,ELECTRICAL SUB./PERMITS FOR CONTROLLER,,None,1,800,0,800,,
20414,745,13-1040,#14 UF WHITE WIRE,,430,1000,0.19,0.003,190,,
20415,745,13-1020,#14 UF RED WIRE,,430,1000,0.19,0.003,190,,
20416,745,13-1050,#14 UF ORANGE WIRE,,430,1000,0.19,0.003,190,,
20417,745,33-2606,"ELECTRICAL SWEEP 2"" (SCH 40)",,None,1,13.5,0,13.5,,
20418,745,10-8000,RB 1804-SAM-PRS (USE PL. NOZ),,210,6,8.5,0.12,51,,
20419,745,12-2180,"LAT 3/4"" SCH 40  PVC",,110,220,0.75,0.0428,165,,
20420,745,13420-394,RB XFS-CV-06-18-500',,638.5,9,204,7,1836,,
20421,745,12-2180,"LAT 3/4"" SCH 40  PVC",,110,200,0.75,0.0428,150,,
20422,745,20-2260,3/4 x 3/4 x 1/2 TEE SST PVC,,None,140,1.25,0,175,,
20423,745,30-2707,NETAFIM TL TEE,,None,140,0.5,0,70,,
20424,745,13420-175,RB MDCFCAP BLK FLUSH CAP,,402.3,6,0.7,0.75,4.2,,
20425,745,12-2200,"LAT 1"" SCH 40  PVC",,120,360,1.1,0.0438,396,,
20426,745,12-2180,"LAT 3/4"" SCH 40  PVC",,110,160,0.75,0.0428,120,,
20427,745,13-2670,"SLV 2"" SCH 40 PVC",,154,80,2.3,0.04,184,,
20428,745,13-2680,"SLV 1.5"" SCH 40 PVC",,144,100,1.7,0.03,170,,
20429,745,13-2670,"SLV 2"" SCH 40 PVC",,154,60,2.3,0.04,138,,
20430,745,32-1011,BRICK PAVER,,639.1,18,1.4,0.005,25.2,,
20431,745,33-2020,PENTITES,,None,-4,1.75,0,-7,,
20432,745,9310-213,TURNOVER ITEMS,,None,1,600,0,600,,
20460,746,9301-230,AS-BUILTS AND REPRO CHARGES,,451,1,600,3.75,600,,
20461,746,13-2110,"ML 1"" SCH 40 PVC",,122,140,1.1,0.04,154,,
20462,746,28-11861,"NIBCO T-580-70 1""",,402,1,57,1,57,,
20463,746,10-5325,"RB ASVF 3/4"" ANTI SIPHON",,390,1,23,0.62,23,,
20464,746,10-5429,RB XACZ-100-PRF ASVF,,395,1,64,0.62,64,,
20465,746,22-4167,HUNTER XC-800i (INDOOR),,471,1,105,2,105,,
20466,746,22-1317,HUNTER WSS SEN (wireless s sync & rcvr/no module),,638.1,1,195,0.5,195,,
20467,746,95-0010,ELECTRICAL SUB./PERMITS FOR CONTROLLER,,None,1,800,0,800,,
20468,746,13-1040,#14 UF WHITE WIRE,,430,1000,0.19,0.003,190,,
20469,746,13-1020,#14 UF RED WIRE,,430,1000,0.19,0.003,190,,
20470,746,13-1050,#14 UF ORANGE WIRE,,430,1000,0.19,0.003,190,,
20471,746,33-2606,"ELECTRICAL SWEEP 2"" (SCH 40)",,None,1,13.5,0,13.5,,
20472,746,10-8000,RB 1804-SAM-PRS (USE PL. NOZ),,210,4,8.5,0.12,34,,
20473,746,12-2180,"LAT 3/4"" SCH 40  PVC",,110,200,0.75,0.0428,150,,
20474,746,13420-394,RB XFS-CV-06-18-500',,638.5,8,204,7,1632,,
20475,746,12-2180,"LAT 3/4"" SCH 40  PVC",,110,120,0.75,0.0428,90,,
20476,746,20-2260,3/4 x 3/4 x 1/2 TEE SST PVC,,None,84,1.25,0,105,,
20477,746,30-2707,NETAFIM TL TEE,,None,84,0.5,0,42,,
20478,746,13420-175,RB MDCFCAP BLK FLUSH CAP,,402.3,5,0.7,0.75,3.5,,
20479,746,12-2200,"LAT 1"" SCH 40  PVC",,120,240,1.1,0.0438,264,,
20480,746,12-2180,"LAT 3/4"" SCH 40  PVC",,110,120,0.75,0.0428,90,,
20481,746,13-2670,"SLV 2"" SCH 40 PVC",,154,60,2.3,0.04,138,,
20482,746,13-2680,"SLV 1.5"" SCH 40 PVC",,144,40,1.7,0.03,68,,
20483,746,13-2670,"SLV 2"" SCH 40 PVC",,154,60,2.3,0.04,138,,
20484,746,32-1011,BRICK PAVER,,639.1,15,1.4,0.005,21,,
20485,746,33-2020,PENTITES,,None,-4,1.75,0,-7,,
20486,746,9310-213,TURNOVER ITEMS,,None,1,600,0,600,,
20526,728,40-4158,"NYOPLAST 2808AG (8"") w/domed grate",,630.3,-140,145,0.75,-20300,,
20527,728,40-1420,"NDS 637 6 X 6 x 6"" ADAPTER W/ BLK GRATE",,601.1,140,19,0.75,2660,,
20528,729,40-4158,"NYOPLAST 2808AG (8"") w/domed grate",,630.3,-66,145,0.75,-9570,,
20529,729,40-1420,"NDS 637 6 X 6 x 6"" ADAPTER W/ BLK GRATE",,601.1,66,19,0.75,1254,,
20717,757,33-1301,"GRAVEL 1"" to 3""","3/4""-1.5"" NATURAL GREY; 1,100 SF @ 3""",640,20,75,1,1500,,
20718,757,33-1304,FILTER FABRIC 4oz (Mirafi 140n),,641,1200,0.2,0.003,240,,
20719,757,95-0410,MISC BLS EQUIPMENT PER HR,,635,4,90,1,360,,
20720,757,95-1029,DELIVERY,,None,1,420,0,420,,
20779,638,12-2180,"LAT 3/4"" SCH 40  PVC",,110,20,0.75,0.0428,15,,
20780,638,20-2260,3/4 x 3/4 x 1/2 TEE SST PVC,,None,13,1.25,0,16.25,,
20781,638,30-2721,NETAFIM TL050-MA,,None,13,0.55,0,7.15,,
20782,638,25-2003,"HUNTER PROS-12-CV 12""",,213,1,20,0.12,20,,
20783,638,22-1087,HUNTER PROSPRAY NOZZLE,,None,-1,1.2,0,-1.2,,
20784,638,13420-072,GPH GDFN-R FLUSH NOZZLE,,637.1,1,15,0.125,15,,
20785,638,12-2180,"LAT 3/4"" SCH 40  PVC",,110,20,0.75,0.0428,15,,
20786,638,9301-235,POC HOMEOWNER W/O PRV,,449,1,15,1,15,,
20787,638,13-2110,"ML 1"" SCH 40 PVC",,122,20,1.1,0.04,22,,
20788,638,28-1139,"NIBCO T-580 1""  BV",,402,1,27,1,27,,
20789,638,22-4175,"HUNTER ACZ-075-25 3/4"" DRIP ZONE KIT",,390,1,53,0.62,53,,
20790,638,20-3061,"LASCO V08791N .75"" GRAY B.V. TxT",,999,1,5,0,5,,
20791,638,22-4177,HUNTER XC-400 (OUTDOOR),,471,1,110,2,110,,
20792,638,13-1172,18-7 WIRE FOR 6 STATION CONTROLLERS,,430,50,0.63,0.003,31.5,,
20793,638,22-1508,HUNTER WR-CLIK (wireless),,638.1,1,95,0.5,95,,
20794,638,30-2849,NETAFIM TLHCVXR7-1210-1000',,638.6,0.05,605,10,30.25,,
20797,759,10-5340,RB 33DLRC,,410,11,80,0.86,880,,
20811,760,12-3010,"CONDUIT 1.25""  ELECTRICAL (SCH 40)",,127,2200,1.3,0.036,2860,,
20812,760,33-2604,"ELECTRICAL SWEEP 1.25"" (SCH 40)",,None,74,4.75,0,351.5,,
20851,763,95-0003,"MOW CURB (FORMED, 6x6)",6 X 6 W/ #4 REBAR,999,167,22,0,3674,,
20857,765,95-0003,"MOW CURB (FORMED, 6x6)",#4 REBAR,999,95,22,0,2090,,
20859,766,95-0003,"MOW CURB (FORMED, 6x6)",#4 REBAR,999,590,22,0,12980,,
20877,773,95-0111,IMPERIAL CA TALL FESCUE 90 (Imperial),"EASYTURF ""NUTMEG LUSH"" OR EQUAL",800.1,1900,4.25,0.06,8075,,
20878,773,95-0111,IMPERIAL CA TALL FESCUE 90 (Imperial),BUY 2245 SF,999,345,4.25,0,1466.25,,
20907,775,33-1039,"PALM SPRINGS PEBBLE 3/4""","3/4"" PALM SPRINGS GOLD 74 SF @ 2""",640,1,125,1,125,,
20908,775,33-1032,"APACHE BROWN 3/4"" GRAVEL","3/4"" INDIAN PAINT 145 SF @ 2""",640,1.5,130,1,195,,
20909,775,33-1034,"HICKORY CREEK CRUSHED GRAVEL 3/4""","3/4"" HORSE CREEK 70 SF @ 2""",640,1,150,1,150,,
20910,775,33-1043,"APACHE SUNSET 3/4"" GRAVEL","3/4"" COPPER CANYON 143 SF @ 2""",640,1.5,150,1,225,,
20911,775,33-13035,RECYCLED CLASS 2 BASE,"430 SF @ 3""",635.2,6,23,0.5,138,,
20912,775,33-1183,"PERMALOC 3/16"" x 5.5"" ALUM HDR",,559,144,7,0.03,1008,,
20913,775,33-1304,FILTER FABRIC 4oz (Mirafi 140n),,641,500,0.2,0.003,100,,
20914,775,95-0410,MISC BLS EQUIPMENT PER HR,,635,6,100,1,600,,
20915,775,95-1029,DELIVERY,,None,1,400,0,400,,
20979,771,9302-271.1,DG STABILIZED (color T.B.D.),"2430 sf @ 3""",547,40,80,0.5,3200,,
20980,771,33-13035,RECYCLED CLASS 2 BASE,"2430 sf @ 3""",635.2,33,23,0.5,759,,
20981,771,95-0411,"ROLLER, PER DAY",,635.8,1,450,8,450,,
20982,771,95-0410,MISC BLS EQUIPMENT PER HR,,635,8,100,1,800,,
20983,771,95-1029,DELIVERY,,None,1,310,0,310,,
20984,771,33-1182,"EDGEPERM 3/16"" x 5.5"" ALUM HDR (IMPERIAL)",,559,192,7,0.03,1344,,
21054,768,9305-300,HYDROSEED FUEL MOD MIX #C,,None,10250,0.14,0,1435,,
21061,770,9325-103,BOULDER 3',LOT 137 DESERT SELECT,635,42,111,1,4662,,
21062,770,9325-107,BOULDER 1.5',LOT 137 DESERT SELECT,635,20,37,1,740,,
21063,770,9325-102,BOULDER 2',LOT 130 MALIBU BOULDER,635,1,65,1,65,,
21064,770,9325-103,BOULDER 3',LOT 130 MALIBU BOULDER,635,2,187,1,374,,
21065,770,95-1029,DELIVERY,,None,1,900,0,900,,
21066,770,95-0410,MISC BLS EQUIPMENT PER HR,,635,12,100,1,1200,,
21068,781,95-0003,"MOW CURB (FORMED, 6x6)",LOTS 130 & 132,999,140,22,0,3080,,
21090,779,9301-210,PEA GRAVEL,"LOT 132  1/4"" IRONWOOD PEBBLE, 275 SF @ 2""",635,3,930,1,2790,,
21091,779,9301-1220,"PARCHMENT PEBBLE 3/8""","LOT 137 , 1/4"" PARCHMENT PEBBLE, 150 SF @ 2""",635,2,545,1,1090,,
21092,779,33-1136,"GLACIER PEBBLE 3/8"" SUPER SACK (SWB)","LOT 135, 1/4"" GLACIER PEBBLE, 372 SF @ 2""",635,4,241,1,964,,
21093,779,33-1304,FILTER FABRIC 4oz (Mirafi 140n),,641,900,0.2,0.003,180,,
21094,779,95-0410,MISC BLS EQUIPMENT PER HR,,635,6,100,1,600,,
21095,779,95-1029,DELIVERY,,None,1,325,0,325,,
21096,774,95-1029,DELIVERY,,None,3,288,0,864,,
21097,774,33-1032,"APACHE BROWN 3/4"" GRAVEL","LOT 130 & 135, 3/4"" INDIAN PAINT GRAVEL 7124 SF @ 3""",640,100,53,1,5300,,
21098,774,33-1034,"HICKORY CREEK CRUSHED GRAVEL 3/4""","LOT 131, 3/4"" HORSE CREEK CRUSHED ROCK 2818 SF @ 3""",640,40,130,1,5200,,
21099,774,33-1039,"PALM SPRINGS PEBBLE 3/4""","LOT 137, 3/4"" PALM SPRINGS GOLD 4725 SF @ 3""",640,66,138,1,9108,,
21100,774,33-1043,"APACHE SUNSET 3/4"" GRAVEL","LOT 132,133,134,136, 3/4"" COPPER CANYON 9542 SF @ 3""",640,134,69,1,9246,,
21101,774,95-0410,MISC BLS EQUIPMENT PER HR,,635,60,100,1,6000,,
21169,783,4705-505,RHAPHIOLEPIS CLARA 5G,,520,50,17,0.27,850,,
21170,783,1027-505,CARISSA GREEN CARPET 5G,,520,100,17,0.27,1700,,
21171,783,95-1029,DELIVERY,,None,1,350,0,350,,
21181,782,5168-515,STRELITZIA REGINAE 15G,,519.1,6,74,0.73,444,,
21182,782,4055-501,PELARGONIUM HORT 1G,ORANGE,522,108,6,0.11,648,,
21183,782,9500-113,"POTTING SOIL, 2 CF BAG",,642,20,13.5,0.17,270,,
21184,782,33-1302,"GRAVEL 3/4""",,635.2,1,47,0.5,47,,
21185,782,9309-210,POT PLACEMENT/IRRIG/DRAIN,,636,6,15,2,90,,
21186,782,33-1304,FILTER FABRIC 4oz (Mirafi 140n),,641,100,0.2,0.003,20,,
21187,782,95-1029,DELIVERY,,None,1,50,0,50,,
21188,782,9306-211,LANDSCAPE MISC #2,painting of existing pots (6 @ $270.00),999,1,2025,0,2025,,
21218,780,33-1033,"BEACH BUFF COBBLE 3"" - 5""","LOT 130 SIERRA COBBLE 1.50""-5""   415 SF @ 3""",640,6,95,1,570,,
21219,780,33-1102,"LOMPOC RUBBLE 3""-6""  (WHITEWATER)","LOT 132, TOPANGA RUBBLE 2""-4"" , 504 SF @ 3""",640,7,374,1,2618,,
21220,780,33-1067,"MEXICAN BEACH BLACK 3""-5""","LOT 135, 2""-3""; 3""-5"" , 481 SF @ 3""",635,7,435,1,3045,,
21221,780,33-1016,"RIVER COBBLE 4""-8"" (TON)","LOT 136, MALIBU COBBLE 4""-8"", 288 SF @ 3""",635,4,364,1,1456,,
21222,780,33-1304,FILTER FABRIC 4oz (Mirafi 140n),,641,1800,0.2,0.003,360,,
21223,780,95-0410,MISC BLS EQUIPMENT PER HR,,635,6,100,1,600,,
21224,780,95-1029,DELIVERY,,None,3,288,0,864,,
21225,784,>>>,"BID ALLOWANCE, NO CALL OUT",,,1,0,0,0,,
21226,784,33-1067,"MEXICAN BEACH BLACK 3""-5""","470 SF @ 3""",635,7,435,1,3045,,
21227,784,33-1304,FILTER FABRIC 4oz (Mirafi 140n),,641,500,0.2,0.003,100,,
21228,784,95-0410,MISC BLS EQUIPMENT PER HR,,635,2,100,1,200,,
21229,784,95-1029,DELIVERY,COMBINE W/ DELIVERY FOR LOT 135 COBBLE,None,1,150,0,150,,
21248,777,9302-1001,DG - SMOKEY WHITE ICE FINES,"LOT 130 STABILIZED GOLDEN WHITE 272 SF @ 3""",547,5,86,0.5,430,,
21249,777,9302-071,DG DESERT GOLD W/ STABILIZER,"LOT 131 PARADISE GOLD 1914 SF @ 3""",547,31,58,0.5,1798,,
21250,777,9302-122,DG MOJAVE GOLD SWB STABILIZED,"""LOT 132,133, 134 ""  1677 SF @ 3""",547,28,136,0.5,3808,,
21251,777,9302-962,DG CALIFORNIA GOLD STAB.,"LOT 136, APACHE BROWN DG 882 SF @ 3""",547,15,140,0.5,2100,,
21252,777,9302-961,DG PALM SPRINGS GOLD STABILIZED,"LOT 137 , 325 SF @ 3""",547,5,64,0.5,320,,
21253,777,33-1304,FILTER FABRIC 4oz (Mirafi 140n),,641,1,0.2,0.003,0.2,,
21254,777,95-0411,"ROLLER, PER DAY",,635.8,2,450,8,900,,
21255,777,33-1183,"PERMALOC 3/16"" x 5.5"" ALUM HDR",,559,1000,7,0.03,7000,,
21256,777,95-1029,DELIVERY,,None,3,288,0,864,,
21257,777,95-0410,MISC BLS EQUIPMENT PER HR,,635,16,100,1,1600,,
21308,778,33-1103,"BAJA CRESTA RUBBLE 1""-3""","335 SF @ 9"" (1""-3"")",640,7,395,1,2765,,
21309,778,33-1104,"BAJA CRESTA RUBBLE 6""-12""","335 SF @ 9""  (4""-8"")",640,7,395,1,2765,,
21310,778,33-1304,FILTER FABRIC 4oz (Mirafi 140n),,641,1000,0.2,0.003,200,,
21311,778,95-0410,MISC BLS EQUIPMENT PER HR,,635,8,100,1,800,,
21312,778,95-1029,DELIVERY,,None,1,288,0,288,,
21406,772,9302-1001,DG - SMOKEY WHITE ICE FINES,"GOLDEN WHITE DG, 155 SF @ 3""",547,3,86,0.5,258,,
21407,772,33-1304,FILTER FABRIC 4oz (Mirafi 140n),,641,200,0.2,0.003,40,,
21408,772,33-1302,"GRAVEL 3/4""","155 SF @ 6""",635.2,5,47,0.5,235,,
21409,772,95-0411,"ROLLER, PER DAY",,635.8,0.5,450,8,225,,
21410,772,95-0410,MISC BLS EQUIPMENT PER HR,,635,4,100,1,400,,
21411,772,95-1029,DELIVERY,,None,1,0,0,0,,
21434,665,9302-071,DG DESERT GOLD W/ STABILIZER,"342  SF @ 4""",547,8,90,0.5,720,,
21435,665,95-1029,DELIVERY,,None,1,400,0,400,,
21436,665,95-0411,"ROLLER, PER DAY",,635.8,1,450,8,450,,
21437,665,33-1304,FILTER FABRIC 4oz (Mirafi 140n),,641,400,0.2,0.003,80,,
21438,665,33-1224,"PERMALOC CLEANLINE 3/16"" x 4"" BLK ANOD. W/ STKS",MILL FINISH,559,176,6.25,0.03,1100,,
21464,796,33-1019,"MEXICAN BEACH PEBBLE BLK 1"" - 2""",,640,12,400,1,4800,,
21465,796,33-1304,FILTER FABRIC 4oz (Mirafi 140n),,641,1500,0.2,0.003,300,,
21466,796,FREIGHT,DELIVERY/ FREIGHT - NON TAX,,None,1,450,0,450,,
21467,796,9325-103,BOULDER 3',,635,6,25,1,150,,
21468,796,95-0410,MISC BLS EQUIPMENT PER HR,,635,8,100,1,800,,
21739,799,33-1064,"CRIVA MIXED PEBBLE 1/4"" (SUPER SAX)","240 SF @ 2"" ",640,2.5,400,1,1000,,
21740,799,33-1304,FILTER FABRIC 4oz (Mirafi 140n),,641,400,0.2,0.003,80,,
21741,799,95-0410,MISC BLS EQUIPMENT PER HR,,635,1.5,100,1,150,,
21742,799,FREIGHT,DELIVERY/ FREIGHT - NON TAX,,None,1,400,0,400,,
21756,802,13-2640,"SLV 4"" SCH 40 PVC",,182,120,3.5,0.04,420,,
21757,802,13-2650,"SLV 3"" SCH 40 PVC",,172,840,2.4,0.04,2016,,
21758,802,13-2670,"SLV 2"" SCH 40 PVC",,154,600,1.25,0.04,750,,
21764,801,9311-310,POT #1,PROVIDED BY OWNER,999,49,0,0,0,,
21765,801,1000-200,POTTERY PLANT MAT / LABOR,,635.1,49,0,1.75,0,,
21766,801,9500-113,"POTTING SOIL, 2 CF BAG",,642,50,13.5,0.17,675,,
21767,801,9302-105,5G SHRUB,,520,50,20,0.27,1000,,
21768,801,5050-004,"SENECIO RAD. 'FISH HOOKS' 4"" POTS (EA.)",,524.1,300,2.5,0.04,750,,
21769,801,40-1666,"3"" PVC SDR 35 PERF (pipe only)",,620,60,2.15,0.1,129,,
21770,801,9301-210,PEA GRAVEL,,635,2,60,1,120,,
21771,801,FREIGHT,DELIVERY/ FREIGHT - NON TAX,,None,1,200,0,200,,
21899,803,9310-260,"60""  TREE",RELOCATE JELLY PALM,501,1,0,10,0,,
21900,803,9302-115,"48"" TREE",RELOCATE TREES (SIZES NOT INDICATED ON PLANS),503,13,0,6,0,,
21901,803,95-0410,MISC BLS EQUIPMENT PER HR,,635,24,100,1,2400,,
21902,803,9302-400,"AUGERED HOLE 12"" x 10'",,545.1,14,0,0.75,0,,
21903,803,9302-314,PLATIPUS RF3P4LEG,,637.8,14,490,0.35,6860,,
21904,803,9302-241,TREE GUY MATERIAL (PER TREE),,None,-14,25,0,-350,,
21905,803,33-1340,"3"" ADS PERF W/DRAIN SOCK FT",,None,-290,1.5,0,-435,,
21906,803,40-1462,"NDS #14  3"" ROUND BLACK",,630.2,-15,4.5,0.75,-67.5,,
21907,803,40-1975.1,"4"" SDR 35 PERF PIPE",,999,200,2.3,0,460,,
21908,803,33-1342,"FILTER SOCK FOR 4"" OR LESS DPIPE",,999,200,0.26,0,52,,
21909,803,40-1521,"NDS #75 4"" ATRIUM GREEN",,999,28,11,0,308,,
21910,803,40-1060,"4"" 90 PVC SDR 35",,None,14,6.75,0,94.5,,
21911,803,40-1220,"4"" SAN TEE PVC SDR 35",,None,14,8.84,0,123.76,,
21912,803,9306-210,LANDSCAPE MISC #1,dig exist trees for relocation,999,14,0,1,0,,
21913,803,95-0410,MISC BLS EQUIPMENT PER HR,FOR TREE DIGGING,635,7,100,1,700,,
21963,767,40-1974,"4"" PVC SDR 35 SOLID",#22 POOL DECK SLOT DRAIN PIPE (TURN OVER TO POOL SUB??),999,500,2.3,0,1150,,
21964,767,40-1394,"NDS 922 6"" PB DECK DRAIN GRATE",#24 POOL DECK DRAIN C.O.,630,13,145,0.5,1885,,
21974,811,9325-104,BOULDER 4',FLAT TOP ON SITE RECLAIMED BOULDER,635,4,0,1,0,,
21975,811,95-0410,MISC BLS EQUIPMENT PER HR,,635,4,100,1,400,,
21996,804,13-1040,#14 UF WHITE WIRE,,430,-2500,0.19,0.003,-475,,
21997,804,13-1020,#14 UF RED WIRE,,430,-7500,0.19,0.003,-1425,,
21998,804,13-1050,#14 UF ORANGE WIRE,,430,-2500,0.19,0.003,-475,,
21999,804,13-1041,PAIGE P-7354-D TWO WIRE PATH,,430,1200,0.85,0.003,1020,,
22000,804,22-1425,HUNTER ICD-100 ST. DECODER,,637,36,165,0.1,5940,,
22001,804,22-1429,HUNTER ICD-SEN DECODER ( FOR FS MV ETC. ),,637,1,450,0.1,450,,
22002,804,33-5070,3M SCOTCHLOK DBR-Y6 CONN.,,None,74,3,0,222,,
22003,804,12-3010,"CONDUIT 1.25""  ELECTRICAL (SCH 40)",,127,800,2.5,0.036,2000,,
22004,804,33-2604,"ELECTRICAL SWEEP 1.25"" (SCH 40)",,None,72,7.3,0,525.6,,
22015,813,32-1008,TIE INTO COPPER STUB,,635.11,1,25,0.75,25,,
22016,813,20-1110,"COPPER MA, 1""",,999,1,5.5,0,5.5,,
22017,813,12-6004,"3/4"" Type K Copper",,1010,20,16,0.03,320,,
22018,813,13-2120,"ML 3/4"" SCH 40 PVC",,112,360,0.75,0.04,270,,
22019,813,28-1000,"NIBCO T-113 -3/4"" GV",,400,1,87,1,87,,
22020,813,13-1201,FEBCO 825Y LF 3/4,,292,1,1065,4,1065,,
22021,813,15-1661,"3/4"" BRASS UNION",,None,1,25,0,25,,
22022,813,95-0006,"CONCRETE BASE (BF, PUMP, CONTROLLER)",,635.5,1,250,5,250,,
22023,813,32-1064,STRONGBOX SBBC-22SS BF ENCL,,480,1,2150,4,2150,,
22024,813,10-5340,RB 33DLRC,,410,3,80,0.86,240,,
22030,664,33-1310,"SUNBURST PREMIUM COBBLE 1""- 3""","40 SF @ 4""",640,1,550,1,550,,
22031,664,33-1304,FILTER FABRIC 4oz (Mirafi 140n),,641,60,0.2,0.003,12,,
22032,664,95-0410,MISC BLS EQUIPMENT PER HR,,635,1,100,1,100,,
22033,664,95-1029,DELIVERY,or will call,None,1,300,0,300,,
22034,664,33-1183,"PERMALOC 3/16"" x 5.5"" ALUM HDR",,559,20,7,0.03,140,,
22043,814,9301-210,PEA GRAVEL,"270 SF @ 4""",635,5,55,1,275,,
22044,814,33-1304,FILTER FABRIC 4oz (Mirafi 140n),,641,400,0.2,0.003,80,,
22045,814,95-0410,MISC BLS EQUIPMENT PER HR,,635,2,100,1,200,,
22046,814,95-1029,DELIVERY,,None,1,350,0,350,,
22047,805,33-1103,"BAJA CRESTA RUBBLE 1""-3""","1,825 SF @ 5"" DEPTH",640,45,225,1,10125,,
22048,805,33-1304,FILTER FABRIC 4oz (Mirafi 140n),,641,2100,0.2,0.003,420,,
22049,805,95-0410,MISC BLS EQUIPMENT PER HR,,635,8,100,1,800,,
22050,805,95-1029,DELIVERY,,None,1,200,0,200,,
22051,806,9301-1231,"MOHAVE GOLD 3/4"" CRUSHED GRAVEL (SWB)","34,250 SF @ 3"" DEPTH",999,480,142,0.2,68160,,
22052,806,33-1304,FILTER FABRIC 4oz (Mirafi 140n),,641,37700,0.2,0.003,7540,,
22053,806,95-0410,MISC BLS EQUIPMENT PER HR,,635,40,100,1,4000,,
22054,806,95-1029,DELIVERY,,None,2,200,0,400,,
22093,816,33-021,"TIERRA VERDE FOREST MULCH 1""-3""","PACIFIC MULCH OR EQUAL 13,580 SF @ 3""",534.1,126,45,0.5,5670,,
22094,816,9302-225,FINE RAKE,,536,13580,0,0.002,0,,
22095,815,9301-235,POC HOMEOWNER W/O PRV,,449,1,15,1,15,,
22096,815,13-1201,FEBCO 825Y LF 3/4,,292,1,1065,4,1065,,
22097,815,15-1661,"3/4"" BRASS UNION",,None,1,25,0,25,,
22098,815,95-0006,"CONCRETE BASE (BF, PUMP, CONTROLLER)",,635.5,1,250,5,250,,
22099,815,32-1064,STRONGBOX SBBC-22SS BF ENCL,,480,1,2150,4,2150,,
22100,815,13-2120,"ML 3/4"" SCH 40 PVC",,112,340,0.75,0.04,255,,
22101,815,28-1122,"NIBCO T-113-K-3/4""",,400,1,97.79,1,97.79,,
22102,815,9310-300,DRINKING FOUNTAIN,MOST DEPENDABLE FOUNTAIN 440-SMSSFA,635.6,1,5573,6,5573,,
22121,674,14-0202,"CST FSI-T10-001 1"" FLOW SENSOR",,380,-1,370,1.25,-370,,
22122,674,30-2805,"NETAFIM LS360-CT-02GAL0.1 (2"") F.S.",,380,1,2660,1.25,2660,,
22123,674,22-1199,"LASCO 2"" SCH 80 LOOSE RING FLANGE",,637.2,2,20,0.25,40,,
22124,674,9312-221,"NUT/BOLT GASKET KIT SS,  2""",,None,2,28,0,56,,
22135,761,9302-122,DG MOJAVE GOLD SWB STABILIZED,"5560 SF @ 3""",547,91,174,0.5,15834,,
22136,761,95-0410,MISC BLS EQUIPMENT PER HR,,635,12,90,1,1080,,
22137,761,95-0411,"ROLLER, PER DAY",,635.8,1,450,8,450,,
22138,761,33-1304,FILTER FABRIC 4oz (Mirafi 140n),,641,6000,0.2,0.003,1200,,
22139,761,95-1029,DELIVERY,,None,1,390,0,390,,
22140,761,33-1224,"PERMALOC CLEANLINE 3/16"" x 4"" BLK ANOD. W/ STKS",,559,752,6.25,0.03,4700,,
22142,762,9325-104,BOULDER 4',FROM ON-SITE,635,37,0,1,0,,
22143,762,95-0410,MISC BLS EQUIPMENT PER HR,,635,16,100,1,1600,,
22144,764,9325-105,BOULDER 5',"FROM ON SITE, SELECT FLAT SIDE FOR TABLE TOP USE, NATURAL BOULDER",636,4,0,2,0,,
22145,764,9302-235,CRANE (35 TO 50 TON),,635,4,500,1,2000,,
22147,722,33-13035,RECYCLED CLASS 2 BASE,"3880 SF @ 4"" (2) 2"" LIFTS",635.2,90,23,0.5,2070,,
22148,722,95-0410,MISC BLS EQUIPMENT PER HR,,635,12,90,1,1080,,
22149,722,95-0411,"ROLLER, PER DAY",,635.8,1,450,8,450,,
22155,809,33-1032,"APACHE BROWN 3/4"" GRAVEL","3/4"" MOJAVE GOLD 1632 SF @ 3""",640,23,140,1,3220,,
22156,809,33-1304,FILTER FABRIC 4oz (Mirafi 140n),,641,1800,0.2,0.003,360,,
22157,809,95-0410,MISC BLS EQUIPMENT PER HR,,635,8,100,1,800,,
22158,809,95-1029,DELIVERY,,None,1,200,0,200,,
22216,776,0392-415,AGAVE VILMORINIANA 15G,,519,1,75,0.75,75,,
22217,776,0392-515,AGAVE AMERICANA VARI 15G,,519.1,1,75,0.73,75,,
22218,776,4927-315,SALVIA 'FURMANS RED' 15G,,519.1,1,50,0.73,50,,
22219,776,3921-115,OLEA 'MONTRA' (LITTLE OLLIE) 15G PATIO TREE,,519.1,1,90,0.73,90,,
22220,776,3280-515,LIGUSTRUM TEXANUM 15G,,519.1,2,45,0.73,90,,
22221,776,0393-115,AGAVE BLUE GLOW 15G,,519.1,3,80,0.73,240,,
22222,776,0392-315,AGAVE DESMETTIANA 15G,,519.1,2,55,0.73,110,,
22223,776,9302-155,15G SHRUB,CAESALPINIA GILLIESII,519.1,1,75,0.73,75,,
22224,776,0743-605,BOUG. ROSENKA 5G,,520.1,1,12,0.254,12,,
22225,776,2128-505,CRASSULA 'GOLLUM VARIEGATA' 5G,,520.1,8,22,0.254,176,,
22226,776,0398-505,ANIGOZ. ORANGE CROSS 5G,,520.1,4,16,0.254,64,,
22227,776,9311-310,POT #1,SEE QUOTE FROM PLANTER SUPPLY,999,1,0,0,0,,
22228,776,9309-210,POT PLACEMENT/IRRIG/DRAIN,,636,20,15,2,300,,
22229,776,9500-113,"POTTING SOIL, 2 CF BAG",,642,60,13.5,0.17,810,,
22230,776,30-3027,DECORATIVE GRAVEL (size & type TBD),PER VARIOUS TYPE PER LOT GC TOPDRESS,640,2,150,1,300,,
22231,776,95-1029,DELIVERY,,None,1,100,0,100,,
22232,742,9301-230,AS-BUILTS AND REPRO CHARGES,,451,1,600,3.75,600,,
22233,742,9301-164,"IRWD 1"" WATER METER",,999,1,350,0,350,,
22234,742,13-2110,"ML 1"" SCH 40 PVC",,122,120,1.1,0.04,132,,
22235,742,28-11861,"NIBCO T-580-70 1""",,402,1,57,1,57,,
22236,742,10-5429,RB XACZ-100-PRF ASVF,,395,1,64,0.62,64,,
22237,742,13-1040,#14 UF WHITE WIRE,,430,1000,0.19,0.003,190,,
22238,742,13-1020,#14 UF RED WIRE,,430,1000,0.19,0.003,190,,
22239,742,13-1050,#14 UF ORANGE WIRE,,430,1000,0.19,0.003,190,,
22240,742,33-2606,"ELECTRICAL SWEEP 2"" (SCH 40)",,None,1,13.5,0,13.5,,
22241,742,13420-394,RB XFS-CV-06-18-500',,638.5,7,204,7,1428,,
22242,742,12-2180,"LAT 3/4"" SCH 40  PVC",,110,160,0.75,0.0428,120,,
22243,742,20-2260,3/4 x 3/4 x 1/2 TEE SST PVC,,None,112,1.25,0,140,,
22244,742,30-2707,NETAFIM TL TEE,,None,112,0.5,0,56,,
22245,742,13420-175,RB MDCFCAP BLK FLUSH CAP,,402.3,5,0.7,0.75,3.5,,
22246,742,12-2200,"LAT 1"" SCH 40  PVC",,120,220,1.1,0.0438,242,,
22247,742,12-2180,"LAT 3/4"" SCH 40  PVC",,110,120,0.75,0.0428,90,,
22248,742,13-2670,"SLV 2"" SCH 40 PVC",,154,80,2.3,0.04,184,,
22249,742,13-2680,"SLV 1.5"" SCH 40 PVC",,144,40,1.7,0.03,68,,
22250,742,13-2670,"SLV 2"" SCH 40 PVC",,154,60,2.3,0.04,138,,
22251,742,32-1011,BRICK PAVER,,639.1,15,1.4,0.005,21,,
22252,742,33-2020,PENTITES,,None,-2,1.75,0,-3.5,,
22253,742,9310-213,TURNOVER ITEMS,,None,1,600,0,600,,
22256,820,13-1487,"WILKINS 500 HLR 1.25""",INSTALL IF PRESSURE EXCEEDS 85 PSI,381,34,751,1,25534,,
22257,820,15-1680,"BRASS UNION 1.25""",,None,34,84,0,2856,,
22258,743,9301-230,AS-BUILTS AND REPRO CHARGES,,451,1,600,3.75,600,,
22259,743,9301-164,"IRWD 1"" WATER METER",,999,1,350,0,350,,
22260,743,13-2110,"ML 1"" SCH 40 PVC",,122,120,1.1,0.04,132,,
22261,743,28-11861,"NIBCO T-580-70 1""",,402,1,57,1,57,,
22262,743,10-5325,"RB ASVF 3/4"" ANTI SIPHON",,390,1,23,0.62,23,,
22263,743,10-5429,RB XACZ-100-PRF ASVF,,395,1,64,0.62,64,,
22264,743,10-5427,RB XACZ-075-PRF  ASVF,,390,1,49,0.62,49,,
22265,743,22-4167,HUNTER XC-800i (INDOOR),,471,1,105,2,105,,
22266,743,22-1317,HUNTER WSS SEN (wireless s sync & rcvr/no module),,638.1,1,195,0.5,195,,
22267,743,95-0010,ELECTRICAL SUB./PERMITS FOR CONTROLLER,,None,1,800,0,800,,
22268,743,13-1040,#14 UF WHITE WIRE,,430,1000,0.19,0.003,190,,
22269,743,13-1020,#14 UF RED WIRE,,430,1000,0.19,0.003,190,,
22270,743,13-1050,#14 UF ORANGE WIRE,,430,1000,0.19,0.003,190,,
22271,743,33-2606,"ELECTRICAL SWEEP 2"" (SCH 40)",,None,1,13.5,0,13.5,,
22272,743,10-8000,RB 1804-SAM-PRS (USE PL. NOZ),,210,8,8.5,0.12,68,,
22273,743,12-2180,"LAT 3/4"" SCH 40  PVC",,110,360,0.75,0.0428,270,,
22274,743,13420-394,RB XFS-CV-06-18-500',,638.5,13,204,7,2652,,
22275,743,12-2180,"LAT 3/4"" SCH 40  PVC",,110,220,0.75,0.0428,165,,
22276,743,20-2260,3/4 x 3/4 x 1/2 TEE SST PVC,,None,154,1.25,0,192.5,,
22277,743,30-2707,NETAFIM TL TEE,,None,154,0.5,0,77,,
22278,743,13420-175,RB MDCFCAP BLK FLUSH CAP,,402.3,5,0.7,0.75,3.5,,
22279,743,12-2200,"LAT 1"" SCH 40  PVC",,120,260,1.1,0.0438,286,,
22280,743,12-2180,"LAT 3/4"" SCH 40  PVC",,110,520,0.75,0.0428,390,,
22281,743,13-2670,"SLV 2"" SCH 40 PVC",,154,60,2.3,0.04,138,,
22282,743,13-2680,"SLV 1.5"" SCH 40 PVC",,144,80,1.7,0.03,136,,
22283,743,13-2670,"SLV 2"" SCH 40 PVC",,154,60,2.3,0.04,138,,
22284,743,32-1011,BRICK PAVER,,639.1,15,1.4,0.005,21,,
22285,743,33-2020,PENTITES,,None,-6,1.75,0,-10.5,,
22286,743,9310-213,TURNOVER ITEMS,,None,1,600,0,600,,
22287,821,9302-1003,DG - DESERT GOLD DG STABILIZED,,547,57,60,0.5,3420,,
22288,821,9302-1002,G3 STABILIZER (GAL.),,637,1,25,0.1,25,,
22289,821,33-1304,FILTER FABRIC 4oz (Mirafi 140n),,641,1,0.2,0.003,0.2,,
22290,821,95-0411,"ROLLER, PER DAY",,635.8,1,450,8,450,,
22291,821,95-0410,MISC BLS EQUIPMENT PER HR,,635,1,100,1,100,,
22292,821,95-1029,DELIVERY,,None,1,0,0,0,,
22293,822,96-0019,LIGHT FIXTURES (HIGH VOLTAGE),,999,1,0,0,0,,
22309,823,4375-125,PODO. MAC. MAKI 24,,507,-143,185,2.8,-26455,,
22310,823,4375-115,PODOCARPUS M. MAKI 15G CLMN,,510.3,143,60,1.01,8580,,
22311,823,4482-324,PRUNUS CAR. COMP. 24,,507,-85,185,2.8,-15725,,
22312,823,4482-315,PRUNUS C. COMPACTA 15G CLMN,,510.3,85,60,1.01,5100,,
22313,823,FREIGHT,DELIVERY/ FREIGHT - NON TAX,,None,-1,2280,0,-2280,,
22387,824,0391-005,AGAVE ATT. VARIEGATA 5G,,520.1,2,25,0.254,50,,
22388,824,2331-601,HEUCHERA HYBRIDUS 1G,"RED, PURPLE OR BLACK VARIETY",522.1,4,3.8,0.11,15.2,,
22389,824,5050-901,SENECIO ROWLEYANUS 1G,,522.1,4,5,0.11,20,,
22390,824,9311-310,POT #1,Company 49A55682 POTS,999,1,0,0,0,,
22391,824,9309-210,POT PLACEMENT/IRRIG/DRAIN,,636,2,15,2,30,,
22392,824,9500-113,"POTTING SOIL, 2 CF BAG",,642,6,13.5,0.17,81,,
22393,824,95-1029,DELIVERY,,None,1,30,0,30,,
22447,825,9302-1003,DG - DESERT GOLD DG STABILIZED,,547,57,60,0.5,3420,,
22448,825,9302-1002,G3 STABILIZER (GAL.),,637,1,25,0.1,25,,
22449,825,33-1304,FILTER FABRIC 4oz (Mirafi 140n),,641,1,0.2,0.003,0.2,,
22450,825,95-0411,"ROLLER, PER DAY",,635.8,1,450,8,450,,
22451,825,95-0410,MISC BLS EQUIPMENT PER HR,,635,1,100,1,100,,
22452,825,95-1029,DELIVERY,,None,1,0,0,0,,
22453,826,96-0019,LIGHT FIXTURES (HIGH VOLTAGE),,999,1,0,0,0,,
22470,819,10-5437,"RB XBS-700-B500 (500') BLACK STRIPE 1/2""","32,000'",638.5,64,65,7,4160,,
22471,819,40-4009,NDS SS1 STAPLE,ADD FOR 4' O.C. SPACING,999,1600,0.12,0,192,,
22472,819,12-1620,"1.25"" UVR PIPE",,203.1,500,1.7,0.018,850,,
22473,819,12-1600,"1"" UVR PIPE",,202,0,1.3,0.016,0,,
22474,819,10-4301,RB XB-10PC BARBED EMITTER BLACK,,639,4479,0.45,0.01,2015.55,,
22475,819,13420-141,"RB TS-025WCAP .25"" TUB. STK W/CAP",,639.3,4479,0.45,0.025,2015.55,,
22476,819,13420-143,"RB DT-025 1/4""DIST.TUBING",,639,22500,0.1,0.01,2250,,
22477,819,10-5310,RB 100 PES-B,W/ MAIN BID,380,0,135,1.25,0,,
22478,819,95-0410,MISC BLS EQUIPMENT PER HR,CHERRY PICKER / LADDER,635,1,100,1,100,,
22479,819,402-166UV,1 1/4 X 1 1/4 X 1/2 TEE SST (UVR),,None,100,9.86,0,986,,
22481,798,33-3012,BIO-SWALE SOIL MIX #1 (cy),USE EXCESS SOIL FROM PLANTING ON SITE,999,100,55,4,5500,,
22482,798,2059-505,FICUS PUMILA 5G STK,,520,877,17,0.27,14909,,
22483,798,9302-195,"4"" POT  PLANT MATERIAL","FICUS PUMILA, 31,975' AT 3' OC",524.1,10700,2.5,0.04,26750,,
22484,798,95-1029,DELIVERY,,None,1,3400,0,3400,,
22485,798,9306-210,LANDSCAPE MISC #1,"LADDERS, EXTRA LABOR TO PLANT",999,1,2500,300,2500,,
22490,827,33-1034,"HICKORY CREEK CRUSHED GRAVEL 3/4""","NOT AVAILABLE; USING PEWTER GREY / 60 SF @ 3""",640,1,75,1,75,,
22491,827,33-1304,FILTER FABRIC 4oz (Mirafi 140n),,641,100,0.2,0.003,20,,
22492,827,95-0410,MISC BLS EQUIPMENT PER HR,,635,2,100,1,200,,
22493,827,9306-210,LANDSCAPE MISC #1,SUPER SACK,999,1,40,0,40,,
22494,827,95-1029,DELIVERY,,None,1,420,0,420,,
22503,789,9302-962,DG CALIFORNIA GOLD STAB.,"130 sf @ 3""",547,2,120,0.5,240,,
22504,789,95-0410,MISC BLS EQUIPMENT PER HR,,635,1,100,1,100,,
22505,789,95-1029,DELIVERY,split delivery fee w/ crushed gravel,None,1,250,0,250,,
22506,789,33-1183,"PERMALOC 3/16"" x 5.5"" ALUM HDR",,559,48,7,0.03,336,,
22528,787,95-0127,HAT HEATSHIELD 80 oz,DIAMOND SUPREME BY TIGER TURF,800.1,435,4.3,0.06,1870.5,,
22529,787,95-0127,HAT HEATSHIELD 80 oz,buy 600 sf,999,165,4.3,0,709.5,,
22530,787,33-1183,"PERMALOC 3/16"" x 5.5"" ALUM HDR",,559,40,7,0.03,280,,
22541,828,1643-124,"DRACENA DRACO 24""",,507,-4,600,2.8,-2400,,
22542,828,1643-436,"DRACENA DRACO 36"" (4' TRUNK)",,505,4,4000,4.5,16000,,
22543,828,95-1016,DELIVERY/ FREIGHT,,None,1,1100,0,1100,,
22552,829,40-1973,"6"" PVC SDR 35 SOLID",,627,180,5,0.12,900,,
22553,829,40-1974,"4"" PVC SDR 35 SOLID",,625,140,2.3,0.1,322,,
22554,829,40-4010,NDS 930 HUB ADAPTER,,616.1,8,30,1,240,,
22555,829,40-1914,"TIE INTO DRAINLINE 6""",,635,1,60,1,60,,
22556,829,40-1912,TIE INTO DRAINLINE  4,,635.2,3,25,0.5,75,,
22557,829,40-1611,"NDS 1203 12 X 12 X 12,  3 HOLE C.B.",,605,1,80,1,80,,
22558,829,33-13025,"#57 CLEAN 3/4"" GRAVEL",,635.2,0.15,50,0.5,7.5,,
22861,834,32-1008,TIE INTO COPPER STUB,,635.11,4,25,0.75,100,,
22862,834,13-2110,"ML 1"" SCH 40 PVC",,122,40,0.5,0.04,20,,
22863,834,31-1187,"MATCO 759 1.5"" BALL VALVE","1""",380,6,55,1.25,330,,
22864,834,10-5310,RB 100 PES-B,,380,5,145,1.25,725,,
22865,834,10-5260,RB PRS-D,,639.3,5,75,0.025,375,,
22866,834,10-5438,"RB XCZ-100-PRB-COM 1"" DRIP ASBLY",,380.6,4,230,1,920,,
22867,834,32-0011,RB FD-101TURF FIELD DECODER SINGLE VALVE,,637.2,9,185,0.25,1665,,
22868,834,32-0016,RB LSP1-TURF LINE SURGE PROT./500' MAX,,380.5,1,140,1.25,140,,
22869,834,10-1100,RB 1806 SAM BODY (USE PL NOZ),,210,14,10,0.12,140,,
22870,834,10-5440,RB PLASTIC NOZZLE,,None,-14,1.1,0,-15.4,,
22871,834,10-1180,RB 1401 BUBBLER,,999,14,4.75,0,66.5,,
22872,834,10-1140,RB PA 80 ADAPTER,,None,14,3,0,42,,
22873,834,12-2180,"LAT 3/4"" SCH 40  PVC",,110,60,0.35,0.0428,21,,
22874,834,32-1008,TIE INTO COPPER STUB,,635.11,6,25,0.75,150,,
22875,834,13420-238,RB XFS-09-12 (500' roll),"260 SF @ 12""",638.5,1,230,7,230,,
22876,834,12-2180,"LAT 3/4"" SCH 40  PVC",HEADER,110,80,0.35,0.0428,28,,
22877,834,20-2260,3/4 x 3/4 x 1/2 TEE SST PVC,,None,100,1.25,0,125,,
22878,834,30-2721,NETAFIM TL050-MA,,None,150,0.55,0,82.5,,
22879,834,30-2790,NETAFIM TLFV-1 AUTO FLSH VLV INSRT INLET,,402.3,5,15.75,0.75,78.75,,
22880,834,30-2737,RB ARV050 (REPLACES ARVALVEKIT),,402.3,5,8.75,0.75,43.75,,
22881,834,10-8024,RB OPERIND,,210,4,9.5,0.12,38,,
22882,834,12-2180,"LAT 3/4"" SCH 40  PVC",DRIP SUPPLY,110,40,0.35,0.0428,14,,
22883,834,32-1008,TIE INTO COPPER STUB,,635.11,2,25,0.75,50,,
22884,834,13-2650,"SLV 3"" SCH 40 PVC",THROUGH PLANTER WALLS; (3) LOCATIONS,172,20,4.75,0.04,95,,
22885,834,95-0053,WATER AUDIT SUB,,None,1,400,0,400,,
22887,835,32-1008,TIE INTO COPPER STUB,,635.11,2,25,0.75,50,,
22888,835,13-2110,"ML 1"" SCH 40 PVC",,122,80,0.5,0.04,40,,
22889,835,31-1187,"MATCO 759 1.5"" BALL VALVE","1""",380,3,55,1.25,165,,
22890,835,10-5310,RB 100 PES-B,,380,4,145,1.25,580,,
22891,835,10-5260,RB PRS-D,,639.3,4,75,0.025,300,,
22892,835,10-5438,"RB XCZ-100-PRB-COM 1"" DRIP ASBLY",,380.6,4,230,1,920,,
22893,835,32-0011,RB FD-101TURF FIELD DECODER SINGLE VALVE,,637.2,8,185,0.25,1480,,
22894,835,32-0016,RB LSP1-TURF LINE SURGE PROT./500' MAX,,380.5,1,140,1.25,140,,
22895,835,10-1100,RB 1806 SAM BODY (USE PL NOZ),,210,18,10,0.12,180,,
22896,835,10-5440,RB PLASTIC NOZZLE,,None,-18,1.1,0,-19.8,,
22897,835,10-1180,RB 1401 BUBBLER,,999,18,4.75,0,85.5,,
22898,835,10-1140,RB PA 80 ADAPTER,,None,18,3,0,54,,
22899,835,12-2180,"LAT 3/4"" SCH 40  PVC",,110,80,0.35,0.0428,28,,
22900,835,32-1008,TIE INTO COPPER STUB,,635.11,6,25,0.75,150,,
22901,835,13420-238,RB XFS-09-12 (500' roll),"700 SF @ 12"" O.C",638.5,2,235,7,470,,
22902,835,12-2180,"LAT 3/4"" SCH 40  PVC",HEADER,110,100,0.35,0.0428,35,,
22903,835,20-2260,3/4 x 3/4 x 1/2 TEE SST PVC,,None,100,1.25,0,125,,
22904,835,30-2721,NETAFIM TL050-MA,,None,150,0.55,0,82.5,,
22905,835,30-2790,NETAFIM TLFV-1 AUTO FLSH VLV INSRT INLET,,402.3,7,15.75,0.75,110.25,,
22906,835,30-2737,RB ARV050 (REPLACES ARVALVEKIT),,402.3,7,8.75,0.75,61.25,,
22907,835,10-8024,RB OPERIND,,210,4,9.5,0.12,38,,
22908,835,12-2180,"LAT 3/4"" SCH 40  PVC",DRIP SUPPLY,110,120,0.35,0.0428,42,,
22909,835,32-1008,TIE INTO COPPER STUB,,635.11,22,25,0.75,550,,
22910,835,13-2650,"SLV 3"" SCH 40 PVC",THROUGH PLANTER WALLS; (7) LOCATIONS,172,20,4.75,0.04,95,,
22911,835,95-0053,WATER AUDIT SUB,,None,1,400,0,400,,
22932,836,12-3010,"CONDUIT 1.25""  ELECTRICAL (SCH 40)",,127,900,2.5,0.036,2250,,
22933,836,33-2604,"ELECTRICAL SWEEP 1.25"" (SCH 40)",,None,84,7.3,0,613.2,,
22935,830,>>>,GROUND LEVEL,,,1,0,0,0,,
22936,830,9301-161,WASHED CONCRETE SAND,"750 SF @ 12"" & 1,060 SF @ 6""",540,75,42.5,0.25,3187.5,,
22937,830,9302-360,EARTHWORKS DISNEY MIX,"1,810 SF @ 18""",635,100,165,1,16500,,
22938,830,40-1520,"NDS #78 4"" ATRIUM BLACK",,999,23,11.25,0,258.75,,
22939,830,40-1975.1,"4"" SDR 35 PERF PIPE",,999,50,2.3,0,115,,
22940,830,33-1342,"FILTER SOCK FOR 4"" OR LESS DPIPE",,999,100,0.26,0,26,,
22941,830,95-0410,MISC BLS EQUIPMENT PER HR,,635,24,100,1,2400,,
22942,830,>>>,"LVL 2,3,5",,,1,0,0,0,,
22943,830,9301-161,WASHED CONCRETE SAND,"220 SF @ 6""",540,10,42.5,0.25,425,,
22944,830,9302-360,EARTHWORKS DISNEY MIX,"220 SF @ 18""",635,15,165,1,2475,,
22945,830,40-1520,"NDS #78 4"" ATRIUM BLACK",,999,4,11.25,0,45,,
22946,830,40-1975.1,"4"" SDR 35 PERF PIPE",,999,10,2.3,0,23,,
22947,830,33-1342,"FILTER SOCK FOR 4"" OR LESS DPIPE",,999,50,0.26,0,13,,
22948,830,9302-235,CRANE (35 TO 50 TON),,635,2,500,1,1000,,
22949,830,>>>,LVL 6,,,1,0,0,0,,
22950,830,9301-161,WASHED CONCRETE SAND,"550 SF @ 6""",540,20,42.5,0.25,850,,
22951,830,9302-360,EARTHWORKS DISNEY MIX,"550 SF @ 18""",635,35,165,1,5775,,
22952,830,40-1520,"NDS #78 4"" ATRIUM BLACK",,999,6,11.25,0,67.5,,
22953,830,40-1975.1,"4"" SDR 35 PERF PIPE",,999,20,2.3,0,46,,
22954,830,33-1342,"FILTER SOCK FOR 4"" OR LESS DPIPE",,999,50,0.26,0,13,,
22955,830,9302-235,CRANE (35 TO 50 TON),,635,4,500,1,2000,,
23081,837,>>>,"LVLS 2, 3, 5",,,1,0,0,0,,
23082,837,0378-148,"ARBUTUS MARINA 48"" STD",,503.3,2,1375,6,2750,,
23083,837,0370-336,"ARBUTUS MARINA 36"" STD",,505.7,1,480,4.5,480,,
23084,837,4070-605,PHILODENDRON XANADU 5G,,520.1,27,15,0.254,405,,
23085,837,2036-505,POLYSTICHUM MUNITUM 5G,,520.1,32,17.5,0.254,560,,
23086,837,4907-105,ROSM.  PROSTRATA 5G,,520.1,7,10,0.254,70,,
23087,837,0749-201,BOUTELOUA G. 'BLONDE AMBITION 1G,,522.1,63,4.5,0.11,283.5,,
23088,837,2101-1005,WALK ON BARK,"'WALK-ON-BARK' ; 220 SF @ 3""",534.1,3,110,0.5,330,,
23089,837,95-1029,DELIVERY,,None,1,350,0,350,,
23090,837,>>>,LVL 6,,,1,0,0,0,,
23091,837,5432-148,"ULMUS P. TRUE GREEN 48"" STD",,503.3,2,1050,6,2100,,
23092,837,3921-436,"OLEA SWAN HILL 36"" STD",,505.7,3,1000,4.5,3000,,
23093,837,0392-115,AGAVE ATT. NOVA 15G,'AGAVWS',519.1,9,80,0.73,720,,
23094,837,1679-115,ECHINOCATUS GRUSONII 15G,,519.1,7,130,0.73,910,,
23095,837,7003-715,FURCRAEA F. MEDIOPICTA 15G,,519.1,3,120,0.73,360,,
23096,837,0391-605,AGAVE ATTENUATA 5G,,520.1,7,16,0.254,112,,
23097,837,0391-305,AGAVE PARRYI TRUNCATA 5G,,520.1,21,31.25,0.254,656.25,,
23098,837,0395-305,ANIGOZ. HYB. BIG RED 5G,,520.1,13,17,0.254,221,,
23099,837,0396-505,ANIGOZ. BUSH DAWN 5G,,520.1,11,15,0.254,165,,
23100,837,1210-105,CHONDROPETALUM TECT. 5G,,520.1,14,14.5,0.254,203,,
23101,837,4204-101,WESTRINGIA WYNABBE GEM 1G,,522.1,7,3.8,0.11,26.6,,
23102,837,0749-915,BOUTELOUA GRACILIS 5G,120 SF @ 1.5' O.C,520.1,57,20,0.254,1140,,
23103,837,0947-801,CAREX DIVULSA 1G,110 SF @ 1.5' O.C,520.1,52,4,0.254,208,,
23104,837,5050-704,"SENECIO SERPENS 4"" POT","MANDRALISCAE; 140 SF @ 4"" O.C",524.1,990,2.5,0.04,2475,,
23105,837,9302-190,1G VINE,CLYTOSTOMA CALLISTEGIOIDES,527,2,5,0.25,10,,
23106,837,2101-1005,WALK ON BARK,"550 SF @ 3""",534.1,6,110,0.5,660,,
23107,837,95-1029,DELIVERY,,None,1,1100,0,1100,,
23565,839,>>>,GROUND LVL,,,1,0,0,0,,
23566,839,9311-310,POT #1,TOURNESOL (11),999,1,0,0,0,,
23567,839,9311-311,POT #2,TAU (16),999,1,0,0,0,,
23568,839,9309-210,POT PLACEMENT/IRRIG/DRAIN,,636,27,15,2,405,,
23569,839,1154-448,"CERCIS OCCIDENTALIS 48""",'FOREST PANSY',503.3,3,1300,6,3900,,
23570,839,0391-515,AGAVE ATTENUATA 15G,,519.1,7,50,0.73,350,,
23571,839,1679-115,ECHINOCATUS GRUSONII 15G,,519.1,2,130,0.73,260,,
23572,839,1210-105,CHONDROPETALUM TECT. 5G,,520.1,22,14.5,0.254,319,,
23573,839,1643-124,"DRACENA DRACO 24""",30G DRACENA 'RIKKII',521,9,600,2.43,5400,,
23574,839,4119-004,"SEDUM NUSSBAUMERIANUM 4"" POTS",,524.1,44,4,0.04,176,,
23575,839,9302-195,"4"" POT  PLANT MATERIAL",TRADESCANTHIA X 'NANOUK',524.1,240,2.5,0.04,600,,
23576,839,33-1333,"GRAVEL #57 (3/4-1"") CLEAN","490 SF @ 3""",635.2,5,46,0.5,230,,
23577,839,9302-360,EARTHWORKS DISNEY MIX,,635,20,165,1,3300,,
23578,839,33-1304,FILTER FABRIC 4oz (Mirafi 140n),,641,1000,0.2,0.003,200,,
23579,839,9302-296,"EARTHWORKS ""COVER MULCH""","'WALK-ON-BARK'; 490 SF @ 3""",534.1,5,110,0.5,550,,
23580,839,95-1029,DELIVERY,,None,1,900,0,900,,
23581,839,>>>,"LVLS 2, 3, 5",,,1,0,0,0,,
23582,839,9311-310,POT #1,TOURNESOL (4),999,1,0,0,0,,
23583,839,9311-311,POT #2,TAU (4),999,1,0,0,0,,
23584,839,9309-210,POT PLACEMENT/IRRIG/DRAIN,,636,8,15,2,120,,
23585,839,1643-124,"DRACENA DRACO 24""",30G DRACENA 'RIKKII',521,3,600,2.43,1800,,
23586,839,2380-124,"HOWEA FORSTERANA 24"" MLT",,521,4,1200,2.43,4800,,
23587,839,2030-505,ASPARAGUS DENS. MYERS 5G,,520.1,25,11,0.254,275,,
23588,839,4070-605,PHILODENDRON XANADU 5G,,520.1,11,15,0.254,165,,
23589,839,4907-105,ROSM.  PROSTRATA 5G,,520.1,7,10,0.254,70,,
23590,839,4070-701,PHILODENDRON XANADU 1G,,522.1,20,5,0.11,100,,
23591,839,9302-195,"4"" POT  PLANT MATERIAL",TRADESCANTHIA X 'NANOUK',524.1,48,2.5,0.04,120,,
23592,839,33-1333,"GRAVEL #57 (3/4-1"") CLEAN","230 SF @ 3""",635.2,3,46,0.5,138,,
23593,839,9302-360,EARTHWORKS DISNEY MIX,,635,10,165,1,1650,,
23594,839,33-1304,FILTER FABRIC 4oz (Mirafi 140n),,641,500,0.2,0.003,100,,
23595,839,9302-296,"EARTHWORKS ""COVER MULCH""","'WALK-ON-BARK'; 230 SF @ 3""",534.1,3,110,0.5,330,,
23596,839,95-1029,DELIVERY,,None,1,600,0,600,,
23597,839,9302-235,CRANE (35 TO 50 TON),,635,4,500,1,2000,,
23598,839,>>>,LVL 6,,,1,0,0,0,,
23599,839,9311-310,POT #1,TOURNESOL (8),999,1,0,0,0,,
23600,839,9311-311,POT #2,TAU (11),999,1,0,0,0,,
23601,839,9309-210,POT PLACEMENT/IRRIG/DRAIN,,636,19,15,2,285,,
23602,839,5425-160,"ULMUS PARV. 'DRAKE' 60"" STD.",,503.3,1,2500,6,2500,,
23603,839,0378-148,"ARBUTUS MARINA 48"" STD",,503.3,2,1375,6,2750,,
23604,839,1234-115,ALOE ARBORESCENS 15G,'ELGONICA',519.1,11,52,0.73,572,,
23605,839,0401-005,AEONIUM MINT SAUCER 5G,,520.1,7,20,0.254,140,,
23606,839,1235-205,ALOE ELGONICA 5G,,520.1,7,25,0.254,175,,
23607,839,1210-105,CHONDROPETALUM TECT. 5G,,520.1,21,14.5,0.254,304.5,,
23608,839,2327-205,KALANCHOE THYRSIFLORA 5G,,520.1,55,25,0.254,1375,,
23609,839,3100-305,LANTANA M. ALBA 5G,30 SF @ 1.5' O.C,520.1,15,10,0.254,150,,
23610,839,4119-401,SEDUM MORGANIANUM 1G,,522.1,48,6,0.11,288,,
23611,839,9302-195,"4"" POT  PLANT MATERIAL","TRADESCANTHIA X 'NANOUK'; 60 SF @ 12"" O.C",524.1,64,2.5,0.04,160,,
23612,839,33-1333,"GRAVEL #57 (3/4-1"") CLEAN","430 SF @ 3""",635.2,5,46,0.5,230,,
23613,839,9302-360,EARTHWORKS DISNEY MIX,,635,30,165,1,4950,,
23614,839,9302-296,"EARTHWORKS ""COVER MULCH""","'WALK-ON-BARK'; 430 SF @ 3""",534.1,5,110,0.5,550,,
23615,839,33-1304,FILTER FABRIC 4oz (Mirafi 140n),,641,1000,0.2,0.003,200,,
23616,839,33-1034,"HICKORY CREEK CRUSHED GRAVEL 3/4""","NOT AVAILABLE; USING PEWTER GREY / 120 SF @ 3""",640,2,75,1,150,,
23617,839,95-1029,DELIVERY,,None,1,700,0,700,,
23618,839,9302-235,CRANE (35 TO 50 TON),,635,8,500,1,4000,,
23653,788,33-1278,"GRAVEL/ CRUSHED STONE 3/8""","3/8"" indigo basalt 300 sf @ 3""",640,5,252,1,1260,,
23654,788,33-1304,FILTER FABRIC 4oz (Mirafi 140n),,641,500,0.2,0.003,100,,
23655,788,95-0410,MISC BLS EQUIPMENT PER HR,,635,2,100,1,200,,
23656,788,33-1287A,"PERMALOC ALUM. HDR 3/16"" x 4"" W/ STKS",,559,160,6.5,0.03,1040,,
23657,788,95-1029,DELIVERY,split delivery fee w/ dg paving,None,1,250,0,250,,
23672,846,9302-155,15G SHRUB,,519,-479,31.5,0.75,-15088.5,,
23673,846,1630-405,DIANELLA LITTLE REV 5G,,520,357,12.9,0.27,4605.3,,
23674,846,1630-505,DIANELLA T. VARIEGATA 5G,,520,122,12.7,0.27,1549.4,,
23675,846,95-1016,DELIVERY/ FREIGHT,,None,-1,700,0,-700,,
23693,849,9302-623,FIRE TABLE #1,TAVOLA 1 FIRE TABLE,635.5,1,3320,5,3320,,
23694,849,12-6019,GAS RUN TO BBQ/FIRE PIT,,999,50,15,0,750,,
23695,849,12-6011,GAS MISC. FITTINGS AND LABOR,,999,1,500,0,500,,
23774,851,9302-271.1,DG STABILIZED (color T.B.D.),,547,-9,73,0.5,-657,,
23775,851,3950-901,OYSTER SHELL-DG BLEND (KRC),,547,9,330,0.5,2970,,
23780,613,4370-324,"PODO. GRAC. 24"" CLMN",,507,17,185,2.8,3145,,
23781,613,0927-615,CALLISTEMON LITTLE JOHN 15G,LITTLE JOHN,519,8,42,0.75,336,,
23782,613,4905-515,ROSM. O TUSCAN BLUE 15G,30 GAL. ROSM TUSCAN BLUE,519,5,42,0.75,210,,
23783,613,0391-424,"AGAVE VARIEGATA 24""",,521,2,300,2.43,600,,
23784,613,0391-424,"AGAVE VARIEGATA 24""","30 GAL. AGAV. ""BOUTIN BLUE""",521,3,300,2.43,900,,
23785,613,4484-924,"PRUNUS C. 'BRIGHT N TIGHT' 24"" L/B",30 GAL.,507,11,180,2.8,1980,,
23786,613,3847-415,MISCANTHUS 'GRACILLIMUS' 15G,,519,24,50,0.75,1200,,
23787,613,4374-424,"PODO ICEE BLUE 24"" CLMN","30 GAL PODO ELONG. ""MONUS""",507,20,300,2.8,6000,,
23788,613,95-1029,DELIVERY,,None,1,1200,0,1200,,
23898,854,5315-515,TRACHELOSPERMUM JASMINE 15G,,519.1,15,38,0.73,570,,
23899,854,2150-515,GARDENIA J MYSTERY  15G,,519.1,10,45,0.73,450,,
23900,854,1887-515,EUPHORBIA TRIGONA 15G,EUPHORBIA COTINIFOLIA,519.1,5,90,0.73,450,,
23901,854,4254-515,PITTOSPORUM  WHEELERII 15G,,519.1,10,40,0.73,400,,
23902,854,4055-004,"GERANIUM SANGUINEUM 4"" POTS",,531,16,27,0.3,432,,
23903,854,4060-104,"GERANIUM WHITE 4""POTS (16 COUNT)",GERANIUM MAX FREI,531,16,27,0.3,432,,
23904,854,41-1128,"PELAR.PEL. CORAL DOUBLE 4"" FLTS",,530,10,20,0.4,200,,
23905,854,9311-310,POT #1,,999,1,0,0,0,,
23906,854,9309-210,POT PLACEMENT/IRRIG/DRAIN,,636,40,15,2,600,,
23907,854,9500-113,"POTTING SOIL, 2 CF BAG",,642,100,13.5,0.17,1350,,
23908,854,95-1029,DELIVERY,,None,1,200,0,200,,
23909,854,33-1304,FILTER FABRIC 4oz (Mirafi 140n),,641,500,0.2,0.003,100,,
23910,854,33-1302,"GRAVEL 3/4""",,635.2,2,47,0.5,94,,
24016,856,9302-767,RUSCHIA LINEOLATA 'NANA' FLT (50 plts),"1995 SF , LAY LIKE SOD",531,1000,35,0.3,35000,,
24017,856,9302-225,FINE RAKE,,536,2000,0,0.002,0,,
24018,856,9302-210,SOIL PREP,,533,2000,0,0.0035,0,,
24019,856,9302-220,WEED CONTROL (GRO-N-KILL),,535,2000,0,0.0005,0,,
24020,856,95-1029,DELIVERY,,None,1,2800,0,2800,,
24180,219,95-0111,IMPERIAL CA TALL FESCUE 90 (Imperial),,800.1,155,4.25,0.06,658.75,,
24181,219,95-0111,IMPERIAL CA TALL FESCUE 90 (Imperial),,999,100,4.25,0.06,425,,
24182,219,33-1287A,"PERMALOC ALUM. HDR 3/16"" x 4"" W/ STKS",,559,32,6.25,0.03,200,,
24183,219,,,,,1,0,0,0,,
24231,871,12-3010,"CONDUIT 1.25""  ELECTRICAL (SCH 40)",,127,3800,2.5,0.036,9500,,
24232,871,33-2604,"ELECTRICAL SWEEP 1.25"" (SCH 40)",,None,108,7.3,0,788.4,,
24234,872,95-0003,"MOW CURB (FORMED, 6x6)","6"" X 6"" W/ #3 REBAR",999,360,22,0,7920,,
24286,875,95-0180,"MOW CURB FORMED (8"" x 6"")","9"" X 6"" W/ (2) #3 REBAR",999,235,22,0,5170,,
24315,868,>>>,DESERT SELECT BOULDERS,,,1,0,0,0,,
24316,868,9325-104,BOULDER 4',,635,2,384,1,768,,
24317,868,9325-103,BOULDER 3',,635,2,230,1,460,,
24318,868,9325-102,BOULDER 2',,635,3,88,1,264,,
24319,868,95-0410,MISC BLS EQUIPMENT PER HR,,635,6,100,1,600,,
24320,868,95-1029,DELIVERY,,None,1,250,0,250,,
24321,870,9302-071,DG DESERT GOLD W/ STABILIZER,"942 SF @ 4""",547,18,93,0.5,1674,,
24322,870,95-0410,MISC BLS EQUIPMENT PER HR,,635,4,100,1,400,,
24323,870,95-0411,"ROLLER, PER DAY",,635.8,1,450,8,450,,
24324,870,33-1304,FILTER FABRIC 4oz (Mirafi 140n),,641,1000,0.2,0.003,200,,
24325,870,33-1182,"EDGEPERM 3/16"" x 5.5"" ALUM HDR (IMPERIAL)",,559,144,7,0.03,1008,,
24326,870,95-1029,DELIVERY,,None,1,250,0,250,,
24327,869,33-1301,"GRAVEL 1"" to 3""","CALIFORNIA GOLD 1""-3"",  228 SF @ 4""",640,5,148,1,740,,
24328,869,95-0400,MISC EQUIPMENT RENTED PER HR,,635,4,95,1,380,,
24329,869,33-1304,FILTER FABRIC 4oz (Mirafi 140n),,641,300,0.2,0.003,60,,
24330,869,95-1029,DELIVERY,,None,1,250,0,250,,
24448,874,9302-071,DG DESERT GOLD W/ STABILIZER,"860 SF @ 2""",547,10,55,0.5,550,,
24449,874,95-0410,MISC BLS EQUIPMENT PER HR,,635,4,100,1,400,,
24450,874,33-1304,FILTER FABRIC 4oz (Mirafi 140n),,641,1000,0.2,0.003,200,,
24451,874,95-0411,"ROLLER, PER DAY",,635.8,0.5,450,8,225,,
24452,874,95-1029,DELIVERY,,None,1,300,0,300,,
24466,879,9325-105,BOULDER 5',BEAR CLAW,636,2,350,2,700,,
24467,879,9325-104,BOULDER 4',,635,7,200,1,1400,,
24468,879,9325-103,BOULDER 3',,635,3,150,1,450,,
24469,879,95-0410,MISC BLS EQUIPMENT PER HR,,635,4,100,1,400,,
24470,879,95-1029,DELIVERY,,None,1,350,0,350,,
24471,879,9302-235,CRANE (35 TO 50 TON),,635,4,500,1,2000,,
24472,878,9302-071,DG DESERT GOLD W/ STABILIZER,"w/ ORGANIC BINDER; 1,260 SF @ 3""",547,25,92,0.5,2300,,
24473,878,33-1304,FILTER FABRIC 4oz (Mirafi 140n),,641,1400,0.2,0.003,280,,
24474,878,95-0410,MISC BLS EQUIPMENT PER HR,,635,6,100,1,600,,
24475,878,95-0411,"ROLLER, PER DAY",,635.8,1,450,8,450,,
24476,878,95-1029,DELIVERY,,None,1,350,0,350,,
24477,878,33-1187,"SURE-LOC 3/16"" X 4"" X 16' PAINTED STEEL (BLACK)",,559,544,14,0.03,7616,,
24478,877,33-1105,"APACHE BROWN 3/8"" CRUSHED","1""-6""; 590 SF @ 7""",640,20,160,1,3200,,
24479,877,33-1032,"APACHE BROWN 3/4"" GRAVEL","4""-11""; 340 SF @ 11""",640,20,160,1,3200,,
24480,877,33-1304,FILTER FABRIC 4oz (Mirafi 140n),,641,1100,0.2,0.003,220,,
24481,877,95-0410,MISC BLS EQUIPMENT PER HR,,635,8,100,1,800,,
24482,877,95-1029,DELIVERY,,None,2,350,0,700,,
24483,877,33-1187,"SURE-LOC 3/16"" X 4"" X 16' PAINTED STEEL (BLACK)",,559,112,14,0.03,1568,,
24489,881,30-3027,DECORATIVE GRAVEL (size & type TBD),COPPER CANYON CRUSHED INFILL 150 x 1.5 x 2,999,30,85,5,2550,,
24490,881,33-1303,CLASS 2 AGGREGATE BASE,"150 x 2' x 4""",635.2,10,42,0.5,420,,
24491,881,95-0410,MISC BLS EQUIPMENT PER HR,,635,16,100,1,1600,,
24492,881,95-1029,DELIVERY,,None,2,350,0,700,,
24493,881,9306-210,LANDSCAPE MISC #1,LABOR TO FILL/SET GABION WALLS,999,1,0,0,0,,
24530,607,5272-124,"THEVETIA PERUVIANA 24"" STD",ASIAN CERAMICS POTS,507.1,1,225,2.71,225,,
24531,607,4375-115,PODOCARPUS M. MAKI 15G CLMN,,510.1,2,60,1.01,120,,
24532,607,0947-305,CAREX DIVULSA 5G,,520.1,4,13,0.254,52,,
24533,607,2161-505,GARDENIA AUGUST BEAUTY 5G,,520.1,3,14,0.254,42,,
24534,607,2030-501,ASPARAGUS D. MYERS 1G,,522.1,8,5.5,0.11,44,,
24535,607,9500-113,"POTTING SOIL, 2 CF BAG",,642,12,13.5,0.17,162,,
24536,607,9309-210,POT PLACEMENT/IRRIG/DRAIN,,636,4,15,2,60,,
24537,607,9311-310,POT #1,ASIAN CERAMICS,999,1,0,0,0,,
24538,607,95-1029,DELIVERY,,None,1,100,0,100,,
24541,884,12-3010,"CONDUIT 1.25""  ELECTRICAL (SCH 40)",,127,1800,2.5,0.036,4500,,
24542,884,33-2604,"ELECTRICAL SWEEP 1.25"" (SCH 40)",,None,100,9,0,900,,
24772,848,>>>,"1 1/2"" X 4"" REDWOOD   (3/8"" THICK LAMINATED)",115',,0,0,0,0,,
24773,848,33-1236,EPIC BENDA-BOARD 2' X 4',,546,140,5,0.03,700,,
24774,848,33-1289,HEADER PLASTIC STK. 1 X 2 X 12,ADD TO MEET 4' O.C. CALL OUT,None,7,0.6,0,4.2,,
24826,890,95-0111,IMPERIAL CA TALL FESCUE 90 (Imperial),,800.1,20,4.25,0.06,85,,
24899,893,33-1135,"GLACIER PEBBLE 3/4""","1""-2"" GLACIER PEBBLE, 170 SF @ 3""",635,2.5,240,1,600,,
24900,893,33-1304,FILTER FABRIC 4oz (Mirafi 140n),,641,200,0.2,0.003,40,,
24901,893,95-0410,MISC BLS EQUIPMENT PER HR,,635,1,100,1,100,,
24902,893,95-1029,DELIVERY,,None,1,180,0,180,,
24907,891,33-1019,"MEXICAN BEACH PEBBLE BLK 1"" - 2""","1""-2"" DEL RIO BEACH PEBBLE 100 SF @ 3""",640,1.5,160,1,240,,
24908,891,33-1304,FILTER FABRIC 4oz (Mirafi 140n),,641,150,0.2,0.003,30,,
24909,891,95-0410,MISC BLS EQUIPMENT PER HR,,635,1,100,1,100,,
24910,891,95-1029,DELIVERY,,None,1,180,0,180,,
24911,892,33-1043,"APACHE SUNSET 3/4"" GRAVEL","3/4"" SANTA FE BEACH PEBBLE , 135 SF @ 3""",640,2,150,1,300,,
24912,892,33-1304,FILTER FABRIC 4oz (Mirafi 140n),,641,200,0.2,0.003,40,,
24913,892,95-0410,MISC BLS EQUIPMENT PER HR,,635,1,100,1,100,,
24914,892,95-1029,DELIVERY,,None,1,180,0,180,,
24925,897,2170-124,"GEIJERA PARVIFLORA 24"" STD",,507,-6,185,2.8,-1110,,
24926,897,2170-136,"GEIJERA PARVIFLORA 36"" STD",,505,6,495,4.5,2970,,
24927,897,95-1016,DELIVERY/ FREIGHT,,None,1,200,0,200,,
24945,840,95-0111,IMPERIAL CA TALL FESCUE 90 (Imperial),,800.1,470,4.25,0.06,1997.5,,
24946,840,95-0111,IMPERIAL CA TALL FESCUE 90 (Imperial),BUY 45x15=675sf  SYNPRO 70 BY Company 0355C7A0,999,205,4.25,0,871.25,,
25014,900,95-0004,MOW CURB (EXTRUDED),"6"" X 6"" W/ #3 REBAR",None,215,14,0,3010,,
25044,876,9301-235,POC HOMEOWNER W/O PRV,,449,1,15,1,15,,
25045,876,13-1202,FEBCO 825 Y LF 1,,291,1,1120,6,1120,,
25046,876,15-1660,"1"" UNION BRASS",,None,1,57,0,57,,
25047,876,32-1078,STRONGBOX SBBC-30SS BF ENCL,,480,1,2450,4,2450,,
25048,876,95-0006,"CONCRETE BASE (BF, PUMP, CONTROLLER)",,635.5,1,250,5,250,,
25049,876,13-2110,"ML 1"" SCH 40 PVC",,122,80,1.1,0.04,88,,
25050,876,25-2069,"HAMMOND IB 606-64 1"" G.V.",,400,1,130,1,130,,
25051,876,9310-300,DRINKING FOUNTAIN,MURDOCKGRM45-FRU3,635.6,1,9713,6,9713,,
25052,876,95-1029,DELIVERY,,None,1,327,0,327,,
25353,910,1630-405,DIANELLA LITTLE REV 5G,,520,10,16.5,0.27,165,,
25354,910,0921-515,CALLIANDRA HAEMA 15G STK,,525,1,60,1.25,60,,
25355,910,1702-505,EQUISETUM HYEMALE 5G,,520,8,15,0.27,120,,
25356,910,1630-405,DIANELLA LITTLE REV 5G,,520,5,16.5,0.27,82.5,,
25357,910,95-1029,DELIVERY,,None,1,40,0,40,,
25434,860,9302-271.1,DG STABILIZED (color T.B.D.),"560 SF @ 6"" (TE chgd to 4"")",547,20,95,0.5,1900,,
25435,860,33-1304,FILTER FABRIC 4oz (Mirafi 140n),,641,700,0.2,0.003,140,,
25436,860,95-0410,MISC BLS EQUIPMENT PER HR,,635,2,100,1,200,,
25437,860,95-1029,DELIVERY,,None,1,450,0,450,,
25438,860,33-1186,"SURE-LOC 1/8"" X 4"" X 16' PAINTED STEEL (BLACK)",,559,176,10,0.03,1760,,
25439,861,95-0111,IMPERIAL CA TALL FESCUE 90 (Imperial),SUPER NATURAL 80oz by GLOBAL SYN. TURF,800.1,310,4.25,0.06,1317.5,,
25440,861,95-0111,IMPERIAL CA TALL FESCUE 90 (Imperial),,999,185,4.25,0,786.25,,
25441,861,33-1186,"SURE-LOC 1/8"" X 4"" X 16' PAINTED STEEL (BLACK)",,559,80,10,0.03,800,,
25442,792,9311-310,POT #1,TBD,999,7,0,0,0,,
25443,792,9309-210,POT PLACEMENT/IRRIG/DRAIN,,636,7,15,2,105,,
25444,792,9302-155,15G SHRUB,SHRUB ALLOWANCE,519,7,75,0.75,525,,
25445,792,9302-165,1G SHRUB,,522,56,8,0.11,448,,
25446,792,30-3025,GRAVEL BASIC IN BAGS 1 C. F. (SMALL QTY'S),,637.2,10,10,0.25,100,,
25447,792,9500-113,"POTTING SOIL, 2 CF BAG",,642,21,15,0.17,315,,
25448,792,33-1014,MEXICAN BLACK PEBBLES / .5 CF BAG,TOP LAYER DECO. GRAVEL,637.2,7,35,0.25,245,,
25449,792,95-1029,DELIVERY,,None,1,300,0,300,,
25459,912,9302-294,BIO SWALE MIX (per cy),,637.8,10,65,0.35,650,,
25460,912,33-13025,"#57 CLEAN 3/4"" GRAVEL",,635.2,5,55,0.5,275,,
25461,912,33-383,LAYFIELD 20 MIL LINER (10x100),,635.5,1,600,5,600,,
25462,912,40-1975,"4"" PVC SDR 35 PERF W/GRAVEL/FILTER",,625.2,40,2.3,0.145,92,,
25468,913,40-1974,"4"" PVC SDR 35 SOLID",,625,80,2.3,0.1,184,,
25469,913,40-1461,"NDS #11 4"" ROUND BLACK",,630,3,10,0.5,30,,
25470,913,40-1912,TIE INTO DRAINLINE  4,,635.2,1,20,0.5,20,,
25584,914,33-10161,"RIVER COBBLE 1"" - 3""","1585 @ 3""",635,22,100,1,2200,,
25585,914,33-1304,FILTER FABRIC 4oz (Mirafi 140n),,641,1800,0.2,0.003,360,,
25586,914,95-0410,MISC BLS EQUIPMENT PER HR,,635,8,100,1,800,,
25587,914,95-1016,DELIVERY/ FREIGHT,,999,1,400,6,400,,
25588,914,33-1189,"SURE-LOC 3/16"" X 4"" X 16' ANOD. ALUM. (BLACK)",,559,496,6,0.03,2976,,
25589,858,9302-271.1,DG STABILIZED (color T.B.D.),"1,585 SF @ 3""  ",547,27,80,0.5,2160,,
25590,858,33-1304,FILTER FABRIC 4oz (Mirafi 140n),,641,1800,0.2,0.003,360,,
25591,858,95-0410,MISC BLS EQUIPMENT PER HR,,635,6,100,1,600,,
25592,858,95-1016,DELIVERY/ FREIGHT,,None,1,400,0,400,,
25593,858,33-1189,"SURE-LOC 3/16"" X 4"" X 16' ANOD. ALUM. (BLACK)",CONFIRM COLOR,559,496,6,0.03,2976,,
25594,894,9302-961,DG PALM SPRINGS GOLD STABILIZED,"90 SF @ 3""",547,2,80,0.5,160,,
25595,894,95-0410,MISC BLS EQUIPMENT PER HR,,635,1,100,1,100,,
25596,894,95-1029,DELIVERY,WILL CALL,None,1,150,0,150,,
25619,889,95-0127,HAT HEATSHIELD 80 oz,INCLUDES TURF JOINTS  @ LOT 3  PAVING,800.1,200,4.3,0.06,860,,
25620,889,95-0127,HAT HEATSHIELD 80 oz,,800.1,20,4.3,0.06,86,,
25621,889,95-0127,HAT HEATSHIELD 80 oz,,999,215,4.3,0,924.5,,
25622,887,9301-235,POC HOMEOWNER W/O PRV,,449,5,15,1,75,,
25623,887,12-6004,"3/4"" Type K Copper",,1010,5,16,0.03,80,,
25624,887,28-1138,"NIBCO T-580 3/4"" BV",,999,5,20,0.15,100,,
25625,887,13-2120,"ML 3/4"" SCH 40 PVC",,112,120,0.5,0.04,60,,
25626,887,10-5325,"RB ASVF 3/4"" ANTI SIPHON",,390,2,25,0.62,50,,
25627,887,10-5427,RB XACZ-075-PRF  ASVF,,390,5,51,0.62,255,,
25628,887,20-3005,"UNION 3/4"" TT SCH 80 PVC",,None,7,6,0,42,,
25629,887,13-0712,HUNTER HPC-400 CONTR.,,481,5,225,2,1125,,
25630,887,22-1508,HUNTER WR-CLIK (wireless),,638.1,5,110,0.5,550,,
25631,887,13-1172,18-7 WIRE FOR 6 STATION CONTROLLERS,,430,200,0.75,0.003,150,,
25632,887,10-8001,RB 1806-SAM PRS (USE PL. NOZ),,210,4,20,0.12,80,,
25633,887,10-5440,RB PLASTIC NOZZLE,,None,-4,1.1,0,-4.4,,
25634,887,10-1188,RB 5F-B BUBBLER,,999,4,2,0,8,,
25635,887,12-2180,"LAT 3/4"" SCH 40  PVC",,110,60,0.5,0.0428,30,,
25636,887,30-2742,NETAFIM TLCV6-1210-1000',,638.6,0.5,500,10,250,,
25637,887,12-2180,"LAT 3/4"" SCH 40  PVC",,110,100,0.5,0.0428,50,,
25638,887,20-2260,3/4 x 3/4 x 1/2 TEE SST PVC,,None,70,1.25,0,87.5,,
25639,887,30-2721,NETAFIM TL050-MA,,None,70,0.55,0,38.5,,
25640,887,30-2715,NETAFIM TLSOV SHUT OFF VALVE,,402.3,8,5,0.75,40,,
25641,887,10-8002,RB 1812-SAM-PRS (USE PL. NOZ),,210.1,8,26,0.12,208,,
25642,887,10-5440,RB PLASTIC NOZZLE,,None,-8,1.1,0,-8.8,,
25643,887,10-2595V,RB 4 VAN NOZZLE,,None,8,1.75,0,14,,
25644,887,12-2180,"LAT 3/4"" SCH 40  PVC",,110,300,0.5,0.0428,150,,
25645,887,32-1011,BRICK PAVER,,639.1,16,1.4,0.005,22.4,,
25646,887,33-2020,PENTITES,,None,-14,1.75,0,-24.5,,
25647,887,33-5070,3M SCOTCHLOK DBR-Y6 CONN.,,None,14,3,0,42,,
25648,887,13-2670,"SLV 2"" SCH 40 PVC",,154,240,1.6,0.04,384,,
25649,907,9302-264,DG CA GOLD STAB.  (GAIL),"'GOLD' ; 2,810 SF @ 3.5""",547,55,50,0.5,2750,,
25650,907,33-1304,FILTER FABRIC 4oz (Mirafi 140n),,641,3000,0.2,0.003,600,,
25651,907,95-0410,MISC BLS EQUIPMENT PER HR,,635,12,100,1,1200,,
25652,907,95-0411,"ROLLER, PER DAY",,635.8,1,450,8,450,,
25653,907,95-1029,DELIVERY,,None,1,2025,0,2025,,
25654,907,33-1260,REDWOOD 2 X 4,,558,130,1.5,0.03,195,,
25655,907,33-1242,"REDWOOD 1 X 4 , 2 PLY",x2,556,150,0.75,0.03,112.5,,
25657,917,10-2262,UP-CHARGE FOR SCH 80 FITTING (ML),,None,1,23950,0,23950,,
25670,919,4482-115,PRUNUS C. COMPACTA 15G,,519,1,55,0.75,55,,
25671,919,freigh,,,,1,0,0,0,,
25672,919,,,,,1,0,0,0,,
25673,920,freigh,DELIVERY/ FREIGHT,,,1,0,0,0,,
26012,929,9310-200,TURF BLOCK (CONCRETE),920 SF,799,920,3.5,0.14,3220,,
26131,937,9500-115,POTTING MIX  PER CY (BULK),,635,6,80,1,480,,
26138,938,40-1975,"4"" PVC SDR 35 PERF W/GRAVEL/FILTER",,625.2,240,2.3,0.145,552,,
26227,941,95-0004,MOW CURB (EXTRUDED),w/ #3 REBAR,None,160,14,0,2240,,
26235,733,12-2413,"6"" SCH 40 ALERTLINE",,185,320,7.5,0.04,2400,,
26236,733,12-2412,"4"" SCH 40 ALERTLINE",,182,320,4.2,0.04,1344,,
26237,733,40-1341,"PVC 6"" CAP SDR",,999,16,12,0,192,,
26238,733,40-1340,"PVC SDR 35 CAP 4""",,None,16,5,0,80,,
26239,733,9301-160,"FILL SAND BACKFILL, IRR, DRAINS",,540,15,30,0.25,450,,
26272,717,95-0111,IMPERIAL CA TALL FESCUE 90 (Imperial),LANDSCAPES SELECT HD FOREVER LAWN ,800.1,620,4.25,0.06,2635,,
26273,717,95-0111,IMPERIAL CA TALL FESCUE 90 (Imperial),buy 975 SF,999,355,4.25,0,1508.75,,
26347,721,95-0127,HAT HEATSHIELD 80 oz,OLIVE BLEND BY SOUTHWEST GREENS,800.1,2330,4.3,0.06,10019,,
26348,721,95-0127,HAT HEATSHIELD 80 oz,BUY 2700 SF,999,595,4.3,0,2558.5,,
26349,718,95-0076,K-9/PET TURF,K9 GRASS FOREVERLAWN,800.1,280,4.3,0.06,1204,,
26350,718,95-0076,K-9/PET TURF,buy 420 sf,999,170,4.3,0,731,,
26351,718,9310-217,ZEOFILL TURF DEODORIZER (50# BG),,999,12,24,0,288,,
26352,133,4630-124,QUERCUS VIRGINIANA 24,,507,2,175,2.8,350,,
26353,133,9302-950,CENTURY 24,,537,5,6,0.1,30,,
26354,133,3280-505,LIGUSTRUM TEXANUM 5G,,520,40,10,0.27,400,,
26355,133,5315-501,TRACHELOSPERMUM JASM. 1G,,522,219,3.75,0.11,821.25,,
26356,133,6073-615,PODOCARPUS GRAC 15G ESP,,528,3,125,1.25,375,,
26357,133,33-018,AGUINAGA FOREST FLOOR MULCH,,534.1,8,58,0.5,464,,
26358,133,9302-225,FINE RAKE,,536,890,0,0.002,0,,
26359,133,9302-210,SOIL PREP,,533,890,0,0.0035,0,,
26360,133,9302-070,WEED CONTROL (GRO-N-KILL),,535,100,0,0.0005,0,,
26361,133,0395-105,DELIVERY,,None,1,160,0,160,,
26384,306,33-1701,"EPIC BEND-A-BOARD 1"" X 6"" PLAS HDR",,546,360,4,0.03,1440,,
26416,357,12-3002,"ELECTRICAL CONDUIT  3/4""",,125,880,1.8,0.033,1584,,
26417,357,33-2602,"ELECTRICAL SWEEP 3/4"" (SCH 40)",,None,60,4,0,240,,
26418,357,95-0050,TRENCHING FOR ELECTRICIAN,,1011,880,0,0.04,0,,
26491,949,9302-243,"LODGEPOLE 3"" x 10'",,None,-26,14,0,-364,,
26492,949,9302-263,"GALV FENCEPOST  2"" X 21'  PTD",,637.2,13,90,0.25,1170,,
26493,930,9302-271,DG NON-STABILIZED (color T.B.D),"GOLD DUST BY SWB; 410 SF @ 3""",547,7,225,0.5,1575,,
26494,930,33-1304,FILTER FABRIC 4oz (Mirafi 140n),,641,500,0.2,0.003,100,,
26495,930,95-0410,MISC BLS EQUIPMENT PER HR,,635,2,100,1,200,,
26496,930,95-0411,"ROLLER, PER DAY",,635.8,0.35,450,8,157.5,,
26497,930,95-1016,DELIVERY/ FREIGHT,INLCUDES SUPER SACK CHARGE,None,1,565,0,565,,
26498,930,33-1262,"ALUM EDGING 1/8"" X 4"" BLK",,559,64,5,0.03,320,,
26614,956,13-1465,"WILKINS 500HR 1.5""",,380,1,1815,1.25,1815,,
26697,958,0440-505,BACCHARIS PIL TWIN PEAK 5G,,520,2,10,0.27,20,,
26698,958,4921-305,SALVIA L. PT SAL SPREADER 5G,,520,2,12,0.27,24,,
26699,958,1052-205,WESTRINGIA MUNDI 5G,,520,11,14,0.27,154,,
26700,958,0947-801,CAREX DIVULSA 1G,,522,67,4,0.11,268,,
26701,958,3530-401,FESTUCA MAIREI 1G,,522,17,4,0.11,68,,
26702,958,33-020,"AGUINAGA FOREST FLR .5""-1.5""","1320 SF @ 3""",534.1,13,60,0.5,780,,
26703,958,9302-225,FINE RAKE,,536,1320,0,0.002,0,,
26704,958,9302-210,SOIL PREP,,533,1320,0,0.0035,0,,
26705,958,9302-220,WEED CONTROL (GRO-N-KILL),,535,200,0,0.0005,0,,
26706,958,95-1029,DELIVERY,,None,1,40,0,40,,
26754,940,9302-271,DG NON-STABILIZED (color T.B.D),"BROWN w/ STABILIZER BY GREENSTONE MATERIALS; 1,220 SF @ 3""",547,20,30,0.5,600,,
26755,940,33-1049,G3 TOPICAL DG STABILIZER (5G),'STABILIZER' BY STABILIZER SOLUTIONS; 40 lbs bags,999,8,285,0,2280,,
26756,940,33-1304,FILTER FABRIC 4oz (Mirafi 140n),,641,1300,0.2,0.003,260,,
26757,940,95-0410,MISC BLS EQUIPMENT PER HR,INCLUDES ADDITIONAL LABOR FOR MIXING,635,4,100,1,400,,
26758,940,95-0411,"ROLLER, PER DAY",,635.8,1,450,8,450,,
26759,940,95-1029,DELIVERY,,None,1,715,0,715,,
26760,940,33-1182,"EDGEPERM 3/16"" x 5.5"" ALUM HDR (IMPERIAL)",,559,384,7,0.03,2688,,
26772,509,10-5425,RB XCZ-100-PRBR DRIP RW VALVE,,380.6,-1,190,1,-190,,
26773,509,20-3062,"LASCO V10791N 1"" GRAY B.V. TxT",,999,-1,6.5,0,-6.5,,
26774,509,12-2180,"LAT 3/4"" SCH 40  PVC",HEADER,110,-20,0.4,0.0428,-8,,
26981,942,9325-105,BOULDER 5',"(1C) 48""-60""",636,32,260,2,8320,,
26982,942,9325-104,BOULDER 4',"(1B) 36""-48""",635,37,225,1,8325,,
26983,942,9325-103,BOULDER 3',"(1A) 24""-36""",635,37,190,1,7030,,
26984,942,95-0410,MISC BLS EQUIPMENT PER HR,,635,24,100,1,2400,,
26985,942,95-1016,DELIVERY/ FREIGHT,,None,1,2150,0,2150,,
26986,942,9302-235,CRANE (35 TO 50 TON),,635,16,500,1,8000,,
27093,966,32-1009,TIE INTO EXISTING MAINLINE,,635.3,2,100,3,200,,
27094,966,13-2190,"ML 3"" CLASS 315 ALERTLINE",,170,260,6.3,0.042,1638,,
27095,966,10-2262,UP-CHARGE FOR SCH 80 FITTING (ML),,None,1,800,0,800,,
27096,966,28-1377,"NIBCO TFP-600A 3"" BV",,402,2,525,1,1050,,
27097,966,20-3000,"UNION 3"" SCH 80 PVC TT",,None,4,140,0,560,,
27098,966,23-1060,SIGNATURE 7645 PURPLE TOP LOCKING,,420.2,1,105,1.13,105,,
27099,966,20-3041,"PVC SCH 80 TEE 3x3x1""",,None,4,50,0,200,,
27100,966,10-1329,"TORO P220S-27-08 W/ EZ-REG 2"" SCRUBBER",,380,3,290,1.25,870,,
27101,966,20-3004,"UNION 1"" TT SCH 80 PVC",,None,3,8,0,24,,
27102,966,5388-102,TUCOR RK-DEC DECODER,,637.2,3,190,0.25,570,,
27103,966,33-5070,3M SCOTCHLOK DBR-Y6 CONN.,,None,6,3,0,18,,
27104,966,10-8017,RB RD-12-S-P30-F,,210,9,28.5,0.12,256.5,,
27105,966,10-5440,RB PLASTIC NOZZLE,,None,-9,1.1,0,-9.9,,
27106,966,10-1140,RB PA 80 ADAPTER,,None,9,3,0,27,,
27107,966,10-8020,RB R-VAN18 ROTARY NOZZLE,,None,9,4.6,0,41.4,,
27108,966,10-1276,RB 5012+PC/FC-SAM-R-NP-SS,,370,4,45,0.21,180,,
27109,966,13-2410,"LAT 3/4"" SCH 40 ALERTLINE",,110,180,0.8,0.0428,144,,
27110,966,13-2420,"LAT 1"" SCH 40 ALERTLINE",,120,40,1.15,0.0438,46,,
27111,966,32-1011,BRICK PAVER,,639.1,23,1.4,0.005,32.2,,
27112,966,33-2020,PENTITES,,None,-6,1.75,0,-10.5,,
27113,966,33-5070,3M SCOTCHLOK DBR-Y6 CONN.,,None,6,3,0,18,,
27114,966,13-1175,TUCOR TW-14/2 RED DECODER WIRE,,430,300,0.76,0.003,228,,
27115,966,12-3010,"CONDUIT 1.25""  ELECTRICAL (SCH 40)",,127,260,2.5,0.036,650,,
27116,966,33-2604,"ELECTRICAL SWEEP 1.25"" (SCH 40)",,None,6,7.3,0,43.8,,
27348,960,30-3126,ORANGE MESH FENCE (4 x 100'),"6' HIGH MESH FENCE, 80' per tree (10 radius)",635,3,55,1,165,,
27349,960,9306-211,LANDSCAPE MISC #2,14 trees x ( 4 )- 8' tee stake,999,70,50,0.25,3500,,
27374,957,1234-115,ALOE ARBORESCENS 15G,,519,14,52,0.75,728,,
27375,957,2329-115,HESPERALOE PAR. 'BRAKELIGHTS' 15G/7G,,519,107,70,0.75,7490,,
27376,957,0319-505,ALOE VERA 5G,,520,26,14,0.27,364,,
27377,957,0388-505,ARCTOSTAPHYLOS PACIFIC MIST 5G,,520,151,18,0.27,2718,,
27378,957,0440-505,BACCHARIS PIL TWIN PEAK 5G,,520,356,11,0.27,3916,,
27379,957,1056-505,ENCELIA CALIFORNICA 5G,,520,28,18,0.27,504,,
27380,957,2140-605,GALVESIA SPECIOSA 5G,,520,27,11,0.27,297,,
27381,957,2326-505,HETEROMELES ARBUTIFOLIA 5G,,520,21,11.5,0.27,241.5,,
27382,957,2319-405,OPUNTIA LITTORALIS 5G,,520,250,26,0.27,6500,,
27383,957,4792-005,RHAMNUS C. MOUND SAN BRUNO 5G,,520,13,18,0.27,234,,
27384,957,4815-505,RHUS OVATA 5G,,520,8,15,0.27,120,,
27385,957,4921-305,SALVIA L. PT SAL SPREADER 5G,,520,7,12,0.27,84,,
27386,957,1052-205,WESTRINGIA MUNDI 5G,,520,17,14,0.27,238,,
27387,957,0947-801,CAREX DIVULSA 1G,,522,163,4.2,0.11,684.6,,
27388,957,3530-401,FESTUCA MAIREI 1G,,522,393,4.2,0.11,1650.6,,
27389,957,2690-501,IVA HAYSIANA 1G,,522,697,4,0.11,2788,,
27390,957,4800-401,LEYMUS C. CANYON PRINCE 1G,,522,7,5.5,0.11,38.5,,
27391,957,35-1120,NASELLA PULCHRA 1G,,522,1787,4.25,0.11,7594.75,,
27392,957,4065-101,PENNISETUM FAIRY TAILS 1G,,522,303,4.5,0.11,1363.5,,
27393,957,2101-1000,GENERIC MULCH,"76,200 SF @ 3"" 2.5",534.1,590,25,0.5,14750,,
27394,957,9302-225,FINE RAKE,,536,76200,0,0.002,0,,
27395,957,9302-210,SOIL PREP,slopes; TE reduced from 76200,533,23000,0,0.0035,0,,
27396,957,9302-220,WEED CONTROL (GRO-N-KILL),,535,8000,0,0.0005,0,,
27397,957,95-1029,DELIVERY,,None,1,2800,0,2800,,
27403,959,9302-264,DG CA GOLD STAB.  (GAIL),"3840 SF @ 3""",547,65,188,0.5,12220,,
27404,959,95-0410,MISC BLS EQUIPMENT PER HR,,635,16,100,1,1600,,
27405,959,95-0411,"ROLLER, PER DAY",,635.8,2,450,8,900,,
27406,959,95-1029,DELIVERY,,None,1,2213,0,2213,,
27407,959,33-1287A,"PERMALOC ALUM. HDR 3/16"" x 4"" W/ STKS",PERMALOC PROLINE BLACK,559,2032,7,0.03,14224,,
27511,970,95-0111,IMPERIAL CA TALL FESCUE 90 (Imperial),,800.1,2500,4.25,0.06,10625,,
27512,970,95-0111,IMPERIAL CA TALL FESCUE 90 (Imperial),,999,500,4.25,0,2125,,
27629,810,33-1031,"IRON MOUNTAIN GRAVEL 3/8""","3/8"" MOJAVE GOLD, 2510 SF @ 3""",640,35,140,1,4900,,
27630,810,33-1304,FILTER FABRIC 4oz (Mirafi 140n),,641,2600,0.2,0.003,520,,
27631,810,95-0410,MISC BLS EQUIPMENT PER HR,,635,12,100,1,1200,,
27632,810,95-1016,DELIVERY/ FREIGHT,,None,1,200,0,200,,
27637,808,9302-122,DG MOJAVE GOLD SWB STABILIZED,"4734 SF @ 3""",547,78,163,0.5,12714,,
27638,808,33-1304,FILTER FABRIC 4oz (Mirafi 140n),,641,5000,0.2,0.003,1000,,
27639,808,95-0411,"ROLLER, PER DAY",,635.8,1.5,450,8,675,,
27640,808,95-0410,MISC BLS EQUIPMENT PER HR,,635,12,100,1,1200,,
27641,808,95-1029,DELIVERY,,None,1,400,0,400,,
27667,807,9325-104,BOULDER 4',FROM ON-SITE,635,25,0,1,0,,
27668,807,9325-103,BOULDER 3',,635,30,0,1,0,,
27669,807,95-0410,MISC BLS EQUIPMENT PER HR,,635,16,100,1,1600,,
27696,961,10-8017,RB RD-12-S-P30-F,,210,26,28.5,0.12,741,,
27697,961,10-5440,RB PLASTIC NOZZLE,,None,-26,1.1,0,-28.6,,
27698,961,10-1140,RB PA 80 ADAPTER,,None,26,3,0,78,,
27699,961,10-8020,RB R-VAN18 ROTARY NOZZLE,,None,26,4.6,0,119.6,,
27700,961,10-1276,RB 5012+PC/FC-SAM-R-NP-SS,,370,7,45,0.21,315,,
27701,961,13-2410,"LAT 3/4"" SCH 40 ALERTLINE",,110,420,0.8,0.0428,336,,
27702,961,13-2420,"LAT 1"" SCH 40 ALERTLINE",,120,140,1.15,0.0438,161,,
27703,961,13-2430,"LAT 1.25"" SCH 40 ALERTLINE",,130,40,1.6,0.0458,64,,
27704,961,10-1022,RB RD-04-S-P30-NP,,210,6,9.8,0.12,58.8,,
27705,961,10-5440,RB PLASTIC NOZZLE,,None,-6,1.1,0,-6.6,,
27706,961,10-1140,RB PA 80 ADAPTER,,None,6,3,0,18,,
27707,961,10-1200,RB 1402 BUBBLER,,999,6,4,0,24,,
27708,961,13-2410,"LAT 3/4"" SCH 40 ALERTLINE",,110,100,0.8,0.0428,80,,
27709,961,13-2420,"LAT 1"" SCH 40 ALERTLINE",,120,20,1.15,0.0438,23,,
27724,978,95-0127,HAT HEATSHIELD 80 oz,,800.1,4390,4.3,0.06,18877,,
27725,978,95-0127,HAT HEATSHIELD 80 oz,,999,1280,4.3,0,5504,,
27788,980,14-2620,"SLV 6"" SCH 40 ALERTLINE",,185,80,13.3,0.04,1064,,
27789,980,14-2630,"SLV 4"" SCH 40 ALERTLINE",,182,80,7.2,0.04,576,,
27790,980,9300-310,"6"" PVC SCH 40 MISC FIT",CAP,None,4,35,0,140,,
27791,980,9300-280,"4"" PVC SCH 40 MISC FIT",CAP,None,4,33,0,132,,
27792,980,9301-160,"FILL SAND BACKFILL, IRR, DRAINS",,540,10,30,0.25,300,,
27870,753,95-0004,MOW CURB (EXTRUDED),"6"" X 6"" W/ #4 REBAR",None,6650,14,0,93100,,
27877,982,95-0004,MOW CURB (EXTRUDED),,None,600,14,0,8400,,
27879,985,9305-300,HYDROSEED FUEL MOD MIX #C,,None,4310,0.15,0,646.5,,
27880,751,9305-300,HYDROSEED FUEL MOD MIX #C,50% THINNING FUEL MOD SLOPE AREA,None,113670,0.15,0,17050.5,,
27901,754,9302-264,DG CA GOLD STAB.  (GAIL),"2469 SF @ 4""",547,54,51,0.5,2754,,
27902,754,95-0410,MISC BLS EQUIPMENT PER HR,,635,16,100,1,1600,,
27903,754,33-13035,RECYCLED CLASS 2 BASE,"2469 SF @ 2""",635.2,25,23,0.5,575,,
27904,754,95-0410,MISC BLS EQUIPMENT PER HR,,635,8,100,1,800,,
27905,754,95-0411,"ROLLER, PER DAY",,635.8,2,450,8,900,,
27906,754,95-1029,DELIVERY,,None,1,1465,0,1465,,
28238,994,9301-235,POC HOMEOWNER W/O PRV,,449,3,15,1,45,,
28239,994,13-2110,"ML 1"" SCH 40 PVC",,122,160,1.1,0.04,176,,
28240,994,13-1482,"WILKINS 500XL-HLR  1""",,381,0,636,1,0,,
28241,994,10-5427,RB XACZ-075-PRF  ASVF,,390,3,49,0.62,147,,
28242,994,10-4261,"RB ESP-TM2-4, W.M.",,481,3,110,2,330,,
28243,994,10-4203,RB RSD-BEx RAINSENSOR (use wireless type),,638.1,3,25,0.5,75,,
28244,994,13-1171,18-6 WIRE USE 18-7 WIRE,,430,100,0.11,0.003,11,,
28245,994,13420-394,RB XFS-CV-06-18-500',,638.5,1,204,7,204,,
28246,994,12-2180,"LAT 3/4"" SCH 40  PVC",,110,1,0.75,0.0428,0.75,,
28247,994,20-2260,3/4 x 3/4 x 1/2 TEE SST PVC,,None,1,1.25,0,1.25,,
28248,994,30-2721,NETAFIM TL050-MA,,None,1,0.55,0,0.55,,
28963,132,10-5420,RB 44NP,,420.6,-1,135,1.13,-135,,
28964,180,95-0003,"MOW CURB (FORMED, 6x6)",,546.1,1,22,1.4,22,,
28966,1002,2320-004,"ORIGANUM MAJORANA 4"" POTS",,524,-2,4,0.025,-8,,
28969,1003,95-0123,IMPERIAL SUPER PLAY TURF,,800.1,3820,4,0.06,15280,,
28970,1003,95-0123,IMPERIAL SUPER PLAY TURF,BUY 4650 SF,999,830,4,0,3320,,
29262,1010,95-0111,IMPERIAL CA TALL FESCUE 90 (Imperial),,800.1,2000,4.25,0.06,8500,,
29263,1010,95-0111,IMPERIAL CA TALL FESCUE 90 (Imperial),BUY 2880 SF,999,880,4.25,0,3740,,
29493,1016,10-1187,HUNTER PCN-50 BUBBLER,,251,45,1.65,0.15,74.25,,
29494,1016,13-2320,"LAT 3/4"" CL.200 ALERTLINE",,110,500,0.5,0.0428,250,,
29495,1016,33-1302,"GRAVEL 3/4""",,635.2,1,47,0.5,47,,
29509,976,9325-104,BOULDER 4',FROM 'ONSITE',635,32,0,1,0,,
29510,976,9325-103,BOULDER 3',FROM 'ONSITE',635,60,0,1,0,,
29511,976,9325-102,BOULDER 2',FROM 'ONSITE',635,43,0,1,0,,
29512,976,9325-102,BOULDER 2',FROM 'ONSITE',635,56,0,1,0,,
29513,976,95-0410,MISC BLS EQUIPMENT PER HR,,635,48,100,1,4800,,
30662,1021,9325-105,BOULDER 5',"48"" OR GREATER",636,5,0,2,0,,
30663,1021,95-0410,MISC BLS EQUIPMENT PER HR,,635,4,100,1,400,,
30664,1021,9302-235,CRANE (35 TO 50 TON),,635,2,500,1,1000,,
31338,1022,14-2630,"SLV 4"" SCH 40 ALERTLINE",,182,100,4.5,0.04,450,,
31339,1022,14-2660,"SLV 2"" SCH 40 ALERTLINE",,154,100,1.5,0.04,150,,
31340,1022,13-2640,"SLV 4"" SCH 40 PVC",,182,140,3.5,0.04,490,,
31341,1022,13-2660,"SLV 2.5"" SCH 40 PVC",,164,40,2,0.03,80,,
31342,1022,13-2670,"SLV 2"" SCH 40 PVC",,154,100,1.5,0.04,150,,
31343,1022,13-2670,"SLV 2"" SCH 40 PVC",,154,280,1.5,0.04,420,,
31347,1024,33-1038,"CALIF. GOLD 3/8""",,640,0,115,1,0,,
31351,1025,40-1520,"NDS #78 4"" ATRIUM BLACK",,630.2,29,11.25,0.75,326.25,,
31352,1025,40-1974,"4"" PVC SDR 35 SOLID",,625,760,2.3,0.1,1748,,
31353,1025,40-1912,TIE INTO DRAINLINE  4,,635.2,4,10,0.5,40,,
31441,1020,9325-104,BOULDER 4',,635,82,0,1,0,,
31442,1020,9325-103,BOULDER 3',,635,44,0,1,0,,
31443,1020,9325-102,BOULDER 2',"30""",635,58,0,1,0,,
31444,1020,9325-107,BOULDER 1.5',"24""",635,29,0,1,0,,
31445,1020,95-0410,MISC BLS EQUIPMENT PER HR,,635,26,100,1,2600,,
31446,1020,9302-235,CRANE (35 TO 50 TON),,635,12,500,1,6000,,
31447,996,9301-230,AS-BUILTS AND REPRO CHARGES,,999,1,800,10,800,,
31448,996,32-1009,TIE INTO EXISTING MAINLINE,,635.3,1,100,3,100,,
31449,996,13-2220,"ML 2"" CLASS 315 ALERTLINE",,152,640,1.9,0.04,1216,,
31450,996,13-2270,"ML 1.5"" SCH 40 ALERTLINE",,142,140,1.1,0.045,154,,
31451,996,32-1081,METALLIC LOCATER TAPE - RW,,430,1000,0.12,0.003,120,,
31452,996,28-1080,"NIBCO T-113 - 2"" GV",,400.2,3,285,1,855,,
31453,996,10-5420,RB 44NP,,420.2,3,155,1.13,465,,
31454,996,32-0066,"RB IVM-PESB-100 - 1"" W/ IVM SOLENOID DECODER",,380.2,7,270,1.25,1890,,
31455,996,10-5260,RB PRS-D,,999,7,75,0,525,,
31456,996,20-3026,"SPEARS 2621-010G SCH 80 BV TXT 1""",,999,7,21,0,147,,
31457,996,20-3045,"PVC SCH 80 TEE 2""x2""x1""",,None,7,30,0,210,,
31458,996,10-5425,RB XCZ-100-PRBR DRIP RW VALVE,,380.7,5,205,1,1025,,
31459,996,32-0069,RB IVMSL DECODER,,637.2,5,135,0.25,675,,
31460,996,20-3026,"SPEARS 2621-010G SCH 80 BV TXT 1""",,999,5,21,0,105,,
31461,996,32-0019,CONTROLLER ASSEMBLY #1,CONT. 'B' EXIST.,490,0,0,10,0,,
31462,996,10-7002,MAXI 14gg 2-WIRE CABLE (RED),,430,1000,1,0.003,1000,,
31463,996,12-3010,"CONDUIT 1.25""  ELECTRICAL (SCH 40)",,127,800,1.5,0.036,1200,,
31464,996,33-2604,"ELECTRICAL SWEEP 1.25"" (SCH 40)",,None,24,5,0,120,,
31465,996,32-0070,RB IVMSP SURGE PROTECTOR,,380.5,2,140,1.25,280,,
31466,996,10-8039,RB RD-12-S-P45-NP,,210,65,27.5,0.12,1787.5,,
31467,996,10-8036,RB RD-06-S-P45-NP,,210,77,23.25,0.12,1790.25,,
31468,996,10-5440,RB PLASTIC NOZZLE,,None,-142,1.1,0,-156.2,,
31469,996,10-8029,RB R-VAN14 ROTARY NOZZLE,,999,142,5,0,710,,
31470,996,13-2430,"LAT 1.25"" SCH 40 ALERTLINE",,130,140,1,0.0458,140,,
31471,996,13-2420,"LAT 1"" SCH 40 ALERTLINE",,120,260,0.7,0.0438,182,,
31472,996,13-2410,"LAT 3/4"" SCH 40 ALERTLINE",,110,1360,0.5,0.0428,680,,
31473,996,10-1235,RB RWS M-B-C-1401,x2,639.7,36,44,0.25,1584,,
31474,996,10-1284,"RB RWS-GRATEP (4"" PURPLE GRATE)",,None,36,4.5,0,162,,
31475,996,13-2410,"LAT 3/4"" SCH 40 ALERTLINE",,110,740,0.5,0.0428,370,,
31476,996,13420-243,RB XFS-PS-06-18 (500') purple stripe,"3,320 SF @ 18"" O.C",638.5,5,280,7,1400,,
31477,996,13-2410,"LAT 3/4"" SCH 40 ALERTLINE",HEADER,110,100,0.5,0.0428,50,,
31478,996,20-2260,3/4 x 3/4 x 1/2 TEE SST PVC,,None,70,1.25,0,87.5,,
31479,996,30-2721,NETAFIM TL050-MA,,None,100,0.55,0,55,,
31480,996,13-1195,HUNTER ECO-MAT 2.67'w x 295' DRIP MAT,"1,080 SF",637.6,2,1610,6,3220,,
31481,996,13-2410,"LAT 3/4"" SCH 40 ALERTLINE",HEADER,110,60,0.5,0.0428,30,,
31482,996,20-2260,3/4 x 3/4 x 1/2 TEE SST PVC,,None,75,1.25,0,93.75,,
31483,996,30-2721,NETAFIM TL050-MA,,None,100,0.55,0,55,,
31484,996,25-2046,HUNTER ECO-ID-12-R INDICATOR,,210.2,10,14.5,0.12,145,,
31485,996,30-2737,RB ARV050 (REPLACES ARVALVEKIT),,402.7,1,8.75,0.75,8.75,,
31486,996,13-2420,"LAT 1"" SCH 40 ALERTLINE",DRIP SUPPLY,120,20,0.7,0.0438,14,,
31487,996,13-2410,"LAT 3/4"" SCH 40 ALERTLINE",,110,360,0.5,0.0428,180,,
31488,996,14-2630,"SLV 4"" SCH 40 ALERTLINE",ML,182,60,4.25,0.04,255,,
31489,996,14-2640,"SLV 3"" SCH 40 ALERTLINE",,172,40,3,0.04,120,,
31490,996,14-2660,"SLV 2"" SCH 40 ALERTLINE",WIRE,154,100,1.5,0.04,150,,
31491,996,14-2650,"SLV 2.5"" SCH 40 ALERTLINE",LAT,164,20,2.4,0.03,48,,
31492,996,14-2660,"SLV 2"" SCH 40 ALERTLINE",,154,100,1.5,0.04,150,,
31493,996,14-2630,"SLV 4"" SCH 40 ALERTLINE",DW/RW CROSSING,182,20,4.25,0.04,85,,
31494,996,32-1011,BRICK PAVER,,639.1,5,1.4,0.005,7,,
31495,996,33-1304,FILTER FABRIC 4oz (Mirafi 140n),,641,50,0.2,0.003,10,,
31496,996,9301-298,RECLAIMED WATER SIGN regular,,635.11,4,120,0.75,480,,
31497,996,33-2020,PENTITES,,None,-24,1.75,0,-42,,
31498,996,33-5072,3M SCOTCHLOK 3570 CONN,,999,48,6.2,0,297.6,,
31499,996,9310-213,TURNOVER ITEMS,,None,1,600,0,600,,
31500,996,95-0053,WATER AUDIT SUB,,None,1,500,0,500,,
31501,996,>>>,VB UPGRADE,,,1,0,0,0,,
31502,996,9301-183,"NDS 212B/211CRG 10"" RND BOX GRN RW",,None,-3,31,0,-93,,
31503,996,40-2145,"NDS 111PBCR 10"" RD, PURPLE",,None,-3,18,0,-54,,
31504,996,32-1002,"NDS 312BCRBLK RD 10"" BOX,  W/ RW STAMP",,999,6,33,0,198,,
31505,996,40-1421,NDS 107BC (DRIP BOX BLACK/GRN COVER),,None,-1,5.75,0,-5.75,,
31506,996,40-1742,"CARSON 708-9-RP (7"" PURPLE)",,None,1,12,0,12,,
31545,1027,>>>,PHASE 13- 16 DRAINS FROM GLENWOOD PLANS,,,1,0,0,0,,
31546,1027,40-1520,"NDS #78 4"" ATRIUM BLACK",,630.2,93,11.25,0.75,1046.25,,
31547,1027,40-1974,"4"" PVC SDR 35 SOLID",,625,1600,2.3,0.1,3680,,
31548,1027,40-1912,TIE INTO DRAINLINE  4,,635.2,25,10,0.5,250,,
31554,974,9302-122,DG MOJAVE GOLD SWB STABILIZED,"725 SF @ 3""",547,12,155,0.5,1860,,
31555,974,33-1304,FILTER FABRIC 4oz (Mirafi 140n),,641,1000,0.2,0.003,200,,
31556,974,95-0411,"ROLLER, PER DAY",,635.8,0.5,450,8,225,,
31557,974,95-0410,MISC BLS EQUIPMENT PER HR,,635,3,100,1,300,,
31558,974,95-1029,DELIVERY,,None,1,400,0,400,,
31559,974,33-1287A,"PERMALOC ALUM. HDR 3/16"" x 4"" W/ STKS",,559,1370,6.25,0.03,8562.5,,
31565,1006,9325-104,BOULDER 4',FROM 'ONSITE',635,44,0,1,0,,
31566,1006,9325-103,BOULDER 3',FROM 'ONSITE',635,73,0,1,0,,
31567,1006,9325-102,BOULDER 2',"30"" dia.FROM 'ONSITE'",635,121,0,1,0,,
31568,1006,9325-102,BOULDER 2',FROM 'ONSITE',635,76,0,1,0,,
31569,1006,95-0410,MISC BLS EQUIPMENT PER HR,,635,64,100,1,6400,,
31570,1006,>>>,includes boulders from villag B plans,phase 14-16,,1,0,0,0,,
31585,1018,9301-1231,"MOHAVE GOLD 3/4"" CRUSHED GRAVEL (SWB)","18,340 SF @ 3""",640,255,150,1,38250,,
31586,1018,33-1304,FILTER FABRIC 4oz (Mirafi 140n),,641,20000,0.2,0.003,4000,,
31587,1018,95-0410,MISC BLS EQUIPMENT PER HR,,635,34,100,1,3400,,
31588,1018,95-1016,DELIVERY/ FREIGHT,,None,1,400,0,400,,
31832,948,9302-243,"LODGEPOLE 3"" x 10'",,None,78,14,0,1092,,
31833,948,33-1180,"LODGEPOLE 2"" X 10'",,None,-78,9.65,0,-752.7,,
31881,1019,33-1287A,"PERMALOC ALUM. HDR 3/16"" x 4"" W/ STKS",,559,1900,6.25,0.03,11875,,
31884,859,9311-310,POT #1,TBD,999,1,0,0,0,,
31934,838,0393-215,AGAVE BLUE FLAME 15G,,519.1,5,75,0.73,375,,
31935,838,1234-615,ALOE WICKENSII 15G,ALOE PETRICOLA,519.1,3,90,0.73,270,,
31936,838,1341-515,CITRUS KUMQUAT DWF 15G,CITRUS JAPONICA,519,2,160,0.75,320,,
31937,838,2328-002,"ECHEVERIA VARIETIES 6"" POT",ECHEVERIA PULVINATA,522.1,18,13,0.11,234,,
31938,838,3430-101,FESTUCA OVINA GLAUCA 1G,"6"" POTS",522.1,12,6,0.11,72,,
31939,838,9311-310,POT #1,,999,1,0,0,0,,
31940,838,9309-210,POT PLACEMENT/IRRIG/DRAIN,,636,10,15,2,150,,
31941,838,9500-113,"POTTING SOIL, 2 CF BAG",,642,30,13.5,0.17,405,,
31942,838,95-1029,DELIVERY,,None,1,200,0,200,,
31972,1043,9325-102,BOULDER 2',FROM ON-SITE,635,3,0,1,0,,
31973,1043,9325-102,BOULDER 2',"18"" DIA. BOULDER",635,6,0,1,0,,
31974,1043,95-0410,MISC BLS EQUIPMENT PER HR,,635,4,100,1,400,,
32027,1017,9302-122,DG MOJAVE GOLD SWB STABILIZED,"3,220 SF @ 3""",547,55,155,0.5,8525,,
32028,1017,33-1304,FILTER FABRIC 4oz (Mirafi 140n),,641,3500,0.2,0.003,700,,
32029,1017,95-0410,MISC BLS EQUIPMENT PER HR,,635,12,100,1,1200,,
32030,1017,95-0411,"ROLLER, PER DAY",,635.8,1.5,450,8,675,,
32031,1017,95-1016,DELIVERY/ FREIGHT,,None,1,350,0,350,,
32285,1053,5366-124,TRISTANIA CONFERTA 24,,507,-29,180,2.8,-5220,,
32286,1053,5366-415,TRISTANIA CONFERTA 15G L/B,,510,29,60,1.01,1740,,
32287,1053,4482-315,PRUNUS C. COMPACTA 15G CLMN,,510.3,-74,60,1.01,-4440,,
32288,1053,4482-105,PRUNUS CARO COMP 5G,,520,74,12,0.27,888,,
32289,1053,4372-415,PODO. ICEE BLUE 15G CLMN,,510,-71,130,1.01,-9230,,
32290,1053,4370-405,PODOCARPUS X 'ICEE BLUE' 5G CLMN,,520,71,40,0.27,2840,,
32291,1053,1630-405,DIANELLA LITTLE REV 5G,,520,-348,16.5,0.27,-5742,,
32292,1053,1630-001,DIANELLA LITTLE REV 1G,,522,348,6.75,0.11,2349,,
32293,1053,95-1016,DELIVERY/ FREIGHT,,None,-1,0,0,0,,
32434,1044,1420-015,CORDYLINE 'ELECTRIC PINK' 15G,,519.1,2,75,0.73,150,,
32435,1044,4801-315,LEUCODENDRON GOLD STRIKE 15G,"LEUC. ""HAWAII MAGIC""",519.1,1,80,0.73,80,,
32436,1044,4079-505,PHORMIUM DUET 5G,,520.1,2,25,0.254,50,,
32437,1044,1631-405,DIANELLA CLARITY BLUE 5G,,520.1,3,16.5,0.254,49.5,,
32438,1044,9500-113,"POTTING SOIL, 2 CF BAG",,642,20,13.5,0.17,270,,
32439,1044,9311-310,POT #1,SUPPLIED BY OWNER??,999,1,0,0,0,,
32440,1044,9309-210,POT PLACEMENT/IRRIG/DRAIN,,636,6,15,2,90,,
32441,1044,95-1029,DELIVERY,,None,1,50,0,50,,
32489,1048,33-1332,"GRAVEL 3/8""","311 SF 'INDIGO BASALT' @ 3""",635.2,5,260,0.5,1300,,
32490,1048,33-1304,FILTER FABRIC 4oz (Mirafi 140n),,641,400,0.2,0.003,80,,
32491,1048,95-0410,MISC BLS EQUIPMENT PER HR,,635,4,100,1,400,,
32492,1048,95-1016,DELIVERY/ FREIGHT,,None,1,388,0,388,,
32493,1050,33-1277,"GRAVEL 3"" MINUS","63 SF 'CRESTA RUBBLE' @ 3""",640,1,50,1,50,,
32494,1050,33-1304,FILTER FABRIC 4oz (Mirafi 140n),,641,100,0.2,0.003,20,,
32495,1050,95-0410,MISC BLS EQUIPMENT PER HR,,635,1,100,1,100,,
32496,1050,95-1016,DELIVERY/ FREIGHT,,None,1,200,0,200,,
32561,1038,4259-924,"PITT MARJORIE CHANNON 24""",,999,6,250,2,1500,,
32562,1038,1420-815,CORDYLINE BURGUNDY SPIRE 15G,"CORDYLINE BANKSIL ""ELECTRIC""",519.1,5,80,0.73,400,,
32563,1038,9500-113,"POTTING SOIL, 2 CF BAG",,642,35,13.5,0.17,472.5,,
32564,1038,9311-310,POT #1,,999,1,0,0,0,,
32565,1038,9309-210,POT PLACEMENT/IRRIG/DRAIN,,636,11,15,2,165,,
32566,1038,95-1029,DELIVERY,,None,1,150,0,150,,
32567,1041,9302-983,DG CA GOLD STABILIZED,"395 SF @ 6"", SWB",547,10,125,0.5,1250,,
32568,1041,95-0410,MISC BLS EQUIPMENT PER HR,,635,2,100,1,200,,
32569,1041,95-0411,"ROLLER, PER DAY",,635.8,0.25,450,8,112.5,,
32570,1041,33-1304,FILTER FABRIC 4oz (Mirafi 140n),,641,500,0.2,0.003,100,,
32571,1041,95-1029,DELIVERY,,None,1,182,0,182,,
32572,1041,33-1272,"JDR DURAEDGE STEEL 7GA.x 4"" BLK",UNFINISHED,559,96,10,0.03,960,,
32573,1042,33-1302,"GRAVEL 3/4""","841 SF @ 2.50"" DEEP (3/8""- 5/8"") INDIAN PAINT?",635.2,10,47,0.5,470,,
32574,1042,95-0410,MISC BLS EQUIPMENT PER HR,,635,2,100,1,200,,
32575,1042,33-1304,FILTER FABRIC 4oz (Mirafi 140n),,641,1000,0.2,0.003,200,,
32576,1042,95-1029,DELIVERY,,None,1,325,0,325,,
32577,1042,33-1272,"JDR DURAEDGE STEEL 7GA.x 4"" BLK",UNFINISHED,559,64,10,0.03,640,,
32629,1051,9302-983,DG CA GOLD STABILIZED,"330 SF @ 3""",547,6,153,0.5,918,,
32630,1051,95-0410,MISC BLS EQUIPMENT PER HR,,635,1,100,1,100,,
32631,1051,33-1304,FILTER FABRIC 4oz (Mirafi 140n),,641,400,0.2,0.003,80,,
32632,1051,95-1029,DELIVERY,,None,1,225,0,225,,
32633,1051,33-1272,"JDR DURAEDGE STEEL 7GA.x 4"" BLK",confirm color,559,32,11,0.03,352,,
32644,1052,9325-103,BOULDER 3',from on-site,635,2,0,1,0,,
32645,1052,9325-102,BOULDER 2',,635,4,0,1,0,,
32646,1052,95-0410,MISC BLS EQUIPMENT PER HR,,635,3,100,1,300,,
32673,1045,33-1277,"GRAVEL 3"" MINUS",106 SF 'CRESTA RUBBLE',640,2,80,1,160,,
32674,1045,33-1304,FILTER FABRIC 4oz (Mirafi 140n),,641,150,0.2,0.003,30,,
32675,1045,95-0410,MISC BLS EQUIPMENT PER HR,,635,1,100,1,100,,
32676,1045,95-1016,DELIVERY/ FREIGHT,,None,1,150,0,150,,
32677,1045,33-1287A,"PERMALOC ALUM. HDR 3/16"" x 4"" W/ STKS",,559,4,10,0.03,40,,
32678,1047,33-1277,"GRAVEL 3"" MINUS","60 SF 'INDIGO BASALT' @ 3""",640,1,220,1,220,,
32679,1047,33-1304,FILTER FABRIC 4oz (Mirafi 140n),,641,100,0.2,0.003,20,,
32680,1047,95-0410,MISC BLS EQUIPMENT PER HR,,635,1,100,1,100,,
32681,1047,95-1016,DELIVERY/ FREIGHT,,None,1,125,0,125,,
32682,1047,33-1287A,"PERMALOC ALUM. HDR 3/16"" x 4"" W/ STKS",,559,5,10,0.03,50,,
32761,1079,93-1133,"1/2"" INDIGO CRUSHED BASALT CHIPS (SWB)","1"" BLACK KNIGHT SLATE CHIPS 216 SF @ 3""",640,4,415,1,1660,,
32762,1079,95-0410,MISC BLS EQUIPMENT PER HR,,635,1,100,1,100,,
32763,1079,33-1304,FILTER FABRIC 4oz (Mirafi 140n),,641,300,0.2,0.003,60,,
32764,1079,95-1029,DELIVERY,,None,1,275,0,275,,
33019,1058,9301-230,AS-BUILTS AND REPRO CHARGES,,451,1,100,3.75,100,,
33020,1058,13-1208,FEBCO 825 YA LF 1.5,,270,1,2450,7,2450,,
33021,1058,15-1700,"1.5"" BRASS UNION",,None,1,65,0,65,,
33022,1058,13-1462,"WATTS 777 1.5"" BRASS WYE STRAINER",,999,1,270,0,270,,
33023,1058,13-1480,"WILKINS SXL-150 Y-STRAINER 1.5"" L.F.",,None,-1,165,0,-165,,
33024,1058,32-1027,STRONGBOX SBBC-22CR BF ENCL,,480,1,1100,4,1100,,
33025,1058,32-4108,STRONGBOX QP-22BF QUICK PAD,,636,1,590,2,590,,
33026,1058,27-1064,"SUPERIOR 3100-150-RW 1.5""",,380.2,1,240,1.25,240,,
33027,1058,32-0068,RB IVMDEC DECODER (non-RB valves),,637.2,1,155,0.25,155,,
33028,1058,32-5093,RB FS-150P FLOW SENSOR,,380.2,1,468,1.25,468,,
33029,1058,32-0071,RB IVMSEN (flow sensor decoder),,637.2,1,914,0.25,914,,
33030,1058,13-1041,PAIGE P-7354-D TWO WIRE PATH,,430,20,0.85,0.003,17,,
33031,1058,13-1488,"WILKINS 500 HLR 1.5""",,380.2,1,1800,1.25,1800,,
33032,1058,28-1060,"NIBCO T-113 - 1.5"" GV",,402.1,2,220,1,440,,
33033,1058,13-2270,"ML 1.5"" SCH 40 ALERTLINE",,142,60,1.85,0.045,111,,
33034,1058,13-2290,"ML 1"" SCH 40 ALERTLINE",,122,140,1.15,0.04,161,,
33035,1058,10-5420,RB 44NP,,420.2,2,135,1.13,270,,
33036,1058,10-5425,RB XCZ-100-PRBR DRIP RW VALVE,,382.2,4,190,1.5,760,,
33037,1058,20-3062,"LASCO V10791N 1"" GRAY B.V. TxT",,999,4,6.5,0,26,,
33038,1058,32-0069,RB IVMSL DECODER,,637.2,4,215,0.25,860,,
33039,1058,32-0019,CONTROLLER ASSEMBLY #1,CA6-RB05-24/LPP/RSE/NCCGP-1/GR-K (12 STA),490,1,9995,10,9995,,
33040,1058,95-0010,ELECTRICAL SUB./PERMITS FOR CONTROLLER,,None,1,800,0,800,,
33041,1058,13-1041,PAIGE P-7354-D TWO WIRE PATH,,430,300,0.85,0.003,255,,
33042,1058,12-3010,"CONDUIT 1.25""  ELECTRICAL (SCH 40)",,127,200,2.5,0.036,500,,
33043,1058,33-2604,"ELECTRICAL SWEEP 1.25"" (SCH 40)",,None,10,7.3,0,73,,
33044,1058,32-0070,RB IVMSP SURGE PROTECTOR,,380.2,3,160,1.25,480,,
33045,1058,33-2606,"ELECTRICAL SWEEP 2"" (SCH 40)",,None,1,13.5,0,13.5,,
33046,1058,10-1022,RB RD-04-S-P30-NP,,210,14,9.8,0.12,137.2,,
33047,1058,10-5440,RB PLASTIC NOZZLE,,None,-14,1.1,0,-15.4,,
33048,1058,10-5442,RB SQ SERIES NOZ. (Q/H/F) - REPLACES XPCN,,None,14,2.4,0,33.6,,
33049,1058,13-2420,"LAT 1"" SCH 40 ALERTLINE",,120,20,1.15,0.0438,23,,
33050,1058,13-2410,"LAT 3/4"" SCH 40 ALERTLINE",,110,220,0.8,0.0428,176,,
33051,1058,13420-301,RB XFS-P-06-18 (purple )-500',"3,643 SF @ 18"" O.C",638.5,6,191,7,1146,,
33052,1058,13-2410,"LAT 3/4"" SCH 40 ALERTLINE",HEADER,110,100,0.8,0.0428,80,,
33053,1058,20-2260,3/4 x 3/4 x 1/2 TEE SST PVC,,None,66,1.25,0,82.5,,
33054,1058,30-2707,NETAFIM TL TEE,,None,66,0.5,0,33,,
33055,1058,25-1583,"SPEARS 8722-005 1/2"" BV FLUSH VALVE",,402.5,4,10,0.3,40,,
33056,1058,13-2420,"LAT 1"" SCH 40 ALERTLINE",,120,40,1.15,0.0438,46,,
33057,1058,14-2660,"SLV 2"" SCH 40 ALERTLINE",ML,154,40,2.5,0.04,100,,
33058,1058,33-1336,FILTER FABRIC 6oz (Mirafi 160n),,641,50,0.25,0.003,12.5,,
33059,1058,33-2020,PENTITES,,None,-20,1.75,0,-35,,
33060,1058,33-5070,3M SCOTCHLOK DBR-Y6 CONN.,,None,20,3,0,60,,
33061,1058,9310-213,TURNOVER ITEMS,,None,1,300,0,300,,
33073,1055,9311-310,POT #1,ASIAN CERAMICS,999,2,0,0,0,,
33074,1055,1420-015,CORDYLINE 'ELECTRIC PINK' 15G,,519.1,2,75,0.73,150,,
33075,1055,9301-1144,"COPPER CANYON 3/4"" GRAVEL",,640,1,100,1,100,,
33076,1055,9309-210,POT PLACEMENT/IRRIG/DRAIN,,636,2,15,2,30,,
33077,1055,9500-113,"POTTING SOIL, 2 CF BAG",,642,6,13.5,0.17,81,,
33078,1055,9301-210,PEA GRAVEL,,635,0.5,45,1,22.5,,
33079,1055,33-1302,"GRAVEL 3/4""",super pro-rock,635.2,0.5,47,0.5,23.5,,
33080,1055,33-1304,FILTER FABRIC 4oz (Mirafi 140n),,641,100,0.2,0.003,20,,
33081,1055,95-1029,DELIVERY,,None,1,30,0,30,,
33473,1028,9302-071,DG DESERT GOLD W/ STABILIZER,"225   SF @ 3""",547,4,90,0.5,360,,
33474,1028,95-0411,"ROLLER, PER DAY",,635.8,0.25,450,8,112.5,,
33475,1028,33-1304,FILTER FABRIC 4oz (Mirafi 140n),,641,300,0.2,0.003,60,,
33476,1028,95-0410,MISC BLS EQUIPMENT PER HR,,635,1,100,1,100,,
33477,1028,95-1029,DELIVERY,,None,1,0,0,0,,
33478,1028,33-1245,"REDWOOD 2x4, PRESS. TREATED",,558,48,2.8,0.03,134.4,,
33481,1087,95-0003,"MOW CURB (FORMED, 6x6)","6"" X 6"" W/ #3 REBAR",999,12,45,0,540,,
33486,1083,9302-071,DG DESERT GOLD W/ STABILIZER,"10,173 SF @ 3""",547,167,90,0.5,15030,,
33487,1083,95-0411,"ROLLER, PER DAY",,635.8,2,450,8,900,,
33488,1083,33-1304,FILTER FABRIC 4oz (Mirafi 140n),,641,10200,0.2,0.003,2040,,
33489,1083,95-0410,MISC BLS EQUIPMENT PER HR,,635,16,100,1,1600,,
33490,1083,95-1029,DELIVERY,,None,1,0,0,0,,
33491,1083,33-1245,"REDWOOD 2x4, PRESS. TREATED",,558,2116,2.8,0.03,5924.8,,
33495,1084,33-1287A,"PERMALOC ALUM. HDR 3/16"" x 4"" W/ STKS",,559,2116,6.25,0.03,13225,,
33502,1029,9302-071,DG DESERT GOLD W/ STABILIZER,"756 SF @ 6""",547,25,90,0.5,2250,,
33503,1029,95-0411,"ROLLER, PER DAY",,635.8,1,450,8,450,,
33504,1029,33-1304,FILTER FABRIC 4oz (Mirafi 140n),,641,800,0.2,0.003,160,,
33505,1029,95-0410,MISC BLS EQUIPMENT PER HR,,635,4,100,1,400,,
33506,1029,95-1029,DELIVERY,,None,1,0,0,0,,
33507,1029,33-1183,"PERMALOC 3/16"" x 5.5"" ALUM HDR",,559,98,7,0.03,686,,
33513,1086,95-0003,"MOW CURB (FORMED, 6x6)","6"" X 6"" W/ #3 REBAR",999,21,45,0,945,,
33514,1089,33-1183,"PERMALOC 3/16"" x 5.5"" ALUM HDR","BLACK PERMASTRIP 3/16"" X 6"" @ MAINTENANCE TRAIL",559,98,7,0.03,686,,
33515,1089,33-1287A,"PERMALOC ALUM. HDR 3/16"" x 4"" W/ STKS","BLACK PERMASTRIP 3/16"" X 4"" @ dg trail",559,48,6.25,0.03,300,,
33603,1012,9311-310,POT #1,,999,5,0,0,0,,
33604,1012,9311-311,POT #2,,999,1,0,0,0,,
33605,1012,9311-312,POT #3,,999,12,0,0,0,,
33606,1012,9311-313,POT #4,,999,2,0,0,0,,
33607,1012,9311-315,POT #5,,999,5,0,0,0,,
33608,1012,>>>,NO INFO FOR PLANTING MATERIALS,,,1,0,0,0,,
33652,1013,9302-267,DG CAL. GOLD  (GAIL),"731 SF @ 3.50"" STABILIZED GOLD W/ NITRACIL",635.11,15,50,0.75,750,,
33653,1013,95-0411,"ROLLER, PER DAY",,635.8,1,450,8,450,,
33654,1013,33-1304,FILTER FABRIC 4oz (Mirafi 140n),,641,800,0.2,0.003,160,,
33655,1013,95-0410,MISC BLS EQUIPMENT PER HR,,635,4,100,1,400,,
33656,1013,95-1029,DELIVERY,,None,1,675,0,675,,
33657,1013,33-1704,"COYOTE LS 'RAWEDGE' 1/8"" x 4"" ROLLED/NAT steel",COLMET CLASSIC-ROLL TOP OR EQUAL BLACK,559,64,10,0.03,640,,
33752,474,3131-105,LIGUSTRUM J. TEX. 5G CLMN,,520,48,20,0.27,960,,
33753,474,4242-005,PITT T. WHEELERS DWF 5G,,520,4,11,0.27,44,,
33754,474,4920-4101,SESLERIA GREEN LEE 1G,,522,274,5,0.11,1370,,
33755,474,33-021,"TIERRA VERDE FOREST MULCH 1""-3""","375 SF @ 3""",534.1,3.5,45,0.5,157.5,,
33756,474,9302-225,FINE RAKE,,536,375,0,0.002,0,,
33757,474,9302-210,SOIL PREP,,533,375,0,0.0035,0,,
33758,474,9302-220,WEED CONTROL (GRO-N-KILL),,535,40,0,0.0005,0,,
33759,474,95-1029,DELIVERY,,None,1,160,0,160,,
33784,475,3131-105,LIGUSTRUM J. TEX. 5G CLMN,,520,47,20,0.27,940,,
33785,475,4242-005,PITT T. WHEELERS DWF 5G,,520,33,11,0.27,363,,
33786,475,4920-4101,SESLERIA GREEN LEE 1G,,522,190,5,0.11,950,,
33787,475,33-021,"TIERRA VERDE FOREST MULCH 1""-3""","445 SF @ 3""",534.1,4,45,0.5,180,,
33788,475,9302-225,FINE RAKE,,536,445,0,0.002,0,,
33789,475,9302-210,SOIL PREP,,533,445,0,0.0035,0,,
33790,475,9302-220,WEED CONTROL (GRO-N-KILL),,535,50,0,0.0005,0,,
33791,475,95-1029,DELIVERY,,None,1,160,0,160,,
33792,473,3131-105,LIGUSTRUM J. TEX. 5G CLMN,,520,26,20,0.27,520,,
33793,473,4242-005,PITT T. WHEELERS DWF 5G,,520,10,11,0.27,110,,
33794,473,4920-4101,SESLERIA GREEN LEE 1G,,522,188,5,0.11,940,,
33795,473,33-021,"TIERRA VERDE FOREST MULCH 1""-3""","270 SF @ 3""",534.1,2.5,45,0.5,112.5,,
33796,473,9302-225,FINE RAKE,,536,270,0,0.002,0,,
33797,473,9302-210,SOIL PREP,,533,270,0,0.0035,0,,
33798,473,9302-220,WEED CONTROL (GRO-N-KILL),,535,30,0,0.0005,0,,
33799,473,95-1029,DELIVERY,,None,1,105,0,105,,
33832,1093,3131-105,LIGUSTRUM J. TEX. 5G CLMN,,520,33,20,0.27,660,,
33833,1093,4242-005,PITT T. WHEELERS DWF 5G,,520,4,11,0.27,44,,
33834,1093,4920-4101,SESLERIA GREEN LEE 1G,,522,326,5,0.11,1630,,
33835,1093,33-021,"TIERRA VERDE FOREST MULCH 1""-3""","350 SF @ 3""",534.1,3.5,45,0.5,157.5,,
33836,1093,9302-225,FINE RAKE,,536,350,0,0.002,0,,
33837,1093,9302-210,SOIL PREP,,533,350,0,0.0035,0,,
33838,1093,9302-220,WEED CONTROL (GRO-N-KILL),,535,350,0,0.0005,0,,
33839,1093,95-1029,DELIVERY,,None,1,220,0,220,,
33856,1094,3131-105,LIGUSTRUM J. TEX. 5G CLMN,,520,29,20,0.27,580,,
33857,1094,4242-005,PITT T. WHEELERS DWF 5G,,520,32,11,0.27,352,,
33858,1094,4920-4101,SESLERIA GREEN LEE 1G,,522,255,5,0.11,1275,,
33859,1094,33-021,"TIERRA VERDE FOREST MULCH 1""-3""","450 SF @ 3""",534.1,4.5,45,0.5,202.5,,
33860,1094,9302-225,FINE RAKE,,536,450,0,0.002,0,,
33861,1094,9302-210,SOIL PREP,,533,450,0,0.0035,0,,
33862,1094,9302-220,WEED CONTROL (GRO-N-KILL),,535,450,0,0.0005,0,,
33863,1094,95-1029,DELIVERY,,None,1,200,0,200,,
34010,1014,95-0110,IMPERIAL PET PRIDE PRO,"PET-50 ""GREEN PRODUCT SALES""",800.1,2240,4,0.06,8960,,
34011,1014,95-0110,IMPERIAL PET PRIDE PRO,BUY 3000 SF,999,760,4,0,3040,,
34012,1014,33-1704,"COYOTE LS 'RAWEDGE' 1/8"" x 4"" ROLLED/NAT steel",COLMET CLASSIC -ROLL TOP BLACK,559,100,12,0.03,1200,,
34013,1014,9310-217,ZEOFILL TURF DEODORIZER (50# BG),,999,90,25,0,2250,,
34017,1096,9302-233,CRANE (80 - 120 TON),,635,8,1000,1,8000,,
34018,1096,5580-038,30' PHOENIX DACT.,,543,4,0,7,0,,
34019,1096,9306-211,LANDSCAPE MISC #2,,999,1,0,28,0,,
34023,1097,5580-038,30' PHOENIX DACT.,,543,4,2300,7,9200,,
34024,1097,95-1029,DELIVERY,,None,1,1100,0,1100,,
34025,1097,9302-237,CRANE (50 TO 80 TON),,635,8,850,1,6800,,
34026,245,9311-310,POT #1,(19) BY QCP,999,1,0,0,0,,
34027,245,9309-210,POT PLACEMENT/IRRIG/DRAIN,,636,19,15,2,285,,
34028,245,0740-615,BOUG. BARB. KARST 15G,,519.1,10,50,0.73,500,,
34029,245,0370-715,ARBUTUS UNEDO COMPACTA 15G,,519.1,9,60,0.73,540,,
34030,245,2334-501,ECHEVERIA PERLE VON NUREN 1G,,522.1,108,10,0.11,1080,,
34031,245,5050-004,SENECIO RAD. 'FISH HOOKS' 4,,524.1,36,4,0.04,144,,
34032,245,9301-210,PEA GRAVEL,,635,5,50,1,250,,
34033,245,9500-113,"POTTING SOIL, 2 CF BAG",,642,60,13.5,0.17,810,,
34034,245,33-1304,FILTER FABRIC 4oz (Mirafi 140n),,641,100,0.2,0.003,20,,
34035,245,95-1029,DELIVERY,,None,1,250,0,250,,
34036,236,>>>,SPRAY HEADS FOR SOD TURF & CAREX SHRUBS,,,1,0,0,0,,
34037,236,10-8019,RB RD-06-S-P45-F-N,,210,82,23,0.12,1886,,
34038,236,10-8014,RB RD-12-S-P30-F-N,,210,70,28.5,0.12,1995,,
34039,236,10-5440,RB PLASTIC NOZZLE,,None,-152,1.1,0,-167.2,,
34040,236,10-8029,RB R-VAN14 ROTARY NOZZLE,,999,122,4.6,0,561.2,,
34041,236,10-8011,RB R-VAN24 ROTARY NOZZLE,,None,30,4.6,0,138,,
34042,236,12-2220,LAT 1.25,,131,300,1.45,0.04,435,,
34043,236,12-2205,LAT 1,,120,1000,1.1,0.0438,1100,,
34044,236,12-2180,LAT 3/4,,110,2000,0.75,0.0428,1500,,
34291,1107,95-0111,IMPERIAL CA TALL FESCUE 90 (Imperial),,800.1,480,4.25,0.06,2040,,
34292,1107,95-0111,IMPERIAL CA TALL FESCUE 90 (Imperial),BUY 1000 SF,999,520,4.25,0,2210,,
34589,1070,9325-103,BOULDER 3',BAJA CRESTA,635,4,499,1,1996,,
34590,1070,9325-104,BOULDER 4',BAJA CRESTA,635,3,750,1,2250,,
34591,1070,95-0410,MISC BLS EQUIPMENT PER HR,,635,2,100,1,200,,
34592,1070,95-1029,DELIVERY,,None,1,520,0,520,,
34645,1071,33-1036,"BLACK BEACH PEBBLE 1""-2""","2""-3"" SIZE AS REQ.  80 SF",640,1.5,446,1,669,,
34646,1071,95-0410,MISC BLS EQUIPMENT PER HR,,635,1,100,1,100,,
34647,1071,95-1029,DELIVERY,,None,1,380,0,380,,
35679,1113,9301-210,PEA GRAVEL,"3/8""  ASSORTED COLOR ARIZONA RIVER ROCK 547 SF @ 3""",635,8,144,1,1152,,
35680,1113,95-0410,MISC BLS EQUIPMENT PER HR,,635,3,100,1,300,,
35681,1113,95-1029,DELIVERY,,None,1,300,0,300,,
35682,1113,33-1304,FILTER FABRIC 4oz (Mirafi 140n),,641,600,0.2,0.003,120,,
35683,1113,33-1290,BEND-A-BOARD WOOD FLEX 1 X 4,1 X 6 BEND A BOARD,546,100,2.2,0.03,220,,
35776,1115,13-2670,"SLV 2"" SCH 40 PVC",,154,1000,2.3,0.04,2300,,
35799,1112,9325-103,BOULDER 3',,635,3,75,1,225,,
35800,1112,9325-104,BOULDER 4',,635,4,150,1,600,,
35801,1112,95-0410,MISC BLS EQUIPMENT PER HR,,635,2,100,1,200,,
35802,1112,95-1029,DELIVERY,,None,1,300,0,300,,
35803,1112,9306-210,LANDSCAPE MISC #1,MORTAR,999,1,200,3,200,,
36176,1120,9302-962,DG CALIFORNIA GOLD STAB.,,547,40,100,0.5,4000,,
36177,1120,33-1304,FILTER FABRIC 4oz (Mirafi 140n),,641,2000,0.2,0.003,400,,
36178,1120,95-0411,"ROLLER, PER DAY",,635.8,1,450,8,450,,
36179,1120,95-0410,MISC BLS EQUIPMENT PER HR,,635,1,100,1,100,,
36180,1120,95-1029,DELIVERY,,None,1,0,0,0,,
36181,1120,33-1287A,"PERMALOC ALUM. HDR 3/16"" x 4"" W/ STKS",,559,640,6.25,0.03,4000,,
36191,1069,33-1186,"SURE-LOC 1/8"" X 4"" X 16' PAINTED STEEL (BLACK)",FOR ARTIFICIAL TURF EDGE,559,112,9,0.03,1008,,
36192,1069,33-1188,"SURE-LOC 1/8"" X 4"" X 16' ANOD. ALUM. (BLACK)",CURVED SECTIONS,559,64,6.5,0.03,416,,
36193,1066,9301-1121,"BUFF BEACH PEBBLE (2""- 3"") KRC","925 sf @ 3""",635,13,356,1,4628,,
36194,1066,33-1304,FILTER FABRIC 4oz (Mirafi 140n),,641,1100,0.2,0.003,220,,
36195,1066,95-1029,DELIVERY,,None,1,400,0,400,,
36196,1066,95-0410,MISC BLS EQUIPMENT PER HR,,635,3,100,1,300,,
36197,1066,33-1187,"SURE-LOC 3/16"" X 4"" X 16' PAINTED STEEL (BLACK)",,559,16,11,0.03,176,,
36203,1067,9301-1142,"SALT & PEPPER STONE 3/4""","1/2"" SIZE , 920 SF @ 1""",640,5,250,1,1250,,
36204,1067,9302-271.1,DG STABILIZED (color T.B.D.),"920 sf @ 3""",547,16,80,0.5,1280,,
36205,1067,33-1304,FILTER FABRIC 4oz (Mirafi 140n),,641,1100,0.2,0.003,220,,
36206,1067,95-0410,MISC BLS EQUIPMENT PER HR,,635,6,100,1,600,,
36207,1067,95-1029,DELIVERY,,None,2,387,0,774,,
36208,1067,33-1186,"SURE-LOC 1/8"" X 4"" X 16' PAINTED STEEL (BLACK)",,559,30,11,0.03,330,,
36216,1123,9311-310,POT #1,,999,1,0,0,0,,
36217,1123,9500-113,"POTTING SOIL, 2 CF BAG",,642,72,13.5,0.17,972,,
36218,1123,9309-210,POT PLACEMENT/IRRIG/DRAIN,,636,24,15,2,360,,
36264,1104,95-0003,"MOW CURB (FORMED, 6x6)",,999,115,22,0,2530,,
36269,1121,95-0111,IMPERIAL CA TALL FESCUE 90 (Imperial),,800.1,480,4.25,0.06,2040,,
36270,1121,95-0111,IMPERIAL CA TALL FESCUE 90 (Imperial),,999,520,4.25,0,2210,,
36283,1122,95-0127,HAT HEATSHIELD 80 oz,,800.1,760,4.3,0.06,3268,,
36284,1122,95-0127,HAT HEATSHIELD 80 oz,BUY 1025 SF,999,265,4.3,0,1139.5,,
36285,1122,95-0115,IMPERIAL COUNTRY CLUB BENT,,800.2,294,4.3,0.06,1264.2,,
36286,1122,95-0115,IMPERIAL COUNTRY CLUB BENT,buy 345,999,51,4.3,0,219.3,,
36287,1122,95-0127,HAT HEATSHIELD 80 oz,"245 lf, 4"" strips",800.1,85,4.3,0.06,365.5,,
36288,1122,9306-211,LANDSCAPE MISC #2,EXTRA LABOR FOR STRIPS,999,1,0,24,0,,
36289,1122,95-0079,GOLF CUP & FLAG (SET OF 1),,999,3,65,0,195,,
36375,1119,9302-960,DG DESERT GOLD ( PYRITE GOLD),"6,432 SF 3"" (1/2"")",547,103,50,0.5,5150,,
36376,1119,95-0410,MISC BLS EQUIPMENT PER HR,,635,13,100,1,1300,,
36377,1119,95-0411,"ROLLER, PER DAY",,635.8,2,450,8,900,,
36378,1119,95-1029,DELIVERY,,None,1,0,0,0,,
36413,1128,32-5039,GREENTECH  SERVICE CALL,,None,1,2000,0,2000,,
36414,1128,9305-216,IRRIGATION MISC #3,,999,1,500,8,500,,
36418,712,32-0006,SITE ONE GREENTECH ASSEMBLY #1,,999,1,16100,4,16100,,
36419,712,32-0007,SITE ONE GREENTECH ASSEMBLY #2,SA10-WT5-48,999,1,13700,4,13700,,
36420,712,,,,,1,0,0,0,,
36466,1081,33-1034,"HICKORY CREEK CRUSHED GRAVEL 3/4""","""3/4 ""HORSE CREEK CRUSHED ROCK 12,887 SF @ 3""",636,179,131,2,23449,,
36467,1081,9301-1145,"COBBLE - COPPER CYN 4""-8"" RUBBLE (SWB)","4""-8"" COPPER CANYON CRUSHED ROCK 463 SF @ 6""",636,13,120,2,1560,,
36468,1081,33-1301,"GRAVEL 1"" to 3""","1""-3"" COPPER CANYON CRUSHED ROCK 5595 SF @ 3""",636,78,80,2,6240,,
36469,1081,33-1304,FILTER FABRIC 4oz (Mirafi 140n),,641,21000,0.2,0.01,4200,,
36470,1081,95-0410,MISC BLS EQUIPMENT PER HR,,635,60,100,1,6000,,
36471,1081,33-1268,"JDR DURAEDGE 1/4"" X 5"" STL",,561,3488,11,0.06,38368,,
36472,1081,95-1029,DELIVERY,,None,3,300,0,900,,
36485,1057,95-0111,IMPERIAL CA TALL FESCUE 90 (Imperial),FUSION PRO BY FOREVER LAWN,800.1,14700,4.25,0.06,62475,,
36486,1057,95-0111,IMPERIAL CA TALL FESCUE 90 (Imperial),buy 20000 sf,999,5300,4.25,0,22525,,
36487,713,9301-235,POC HOMEOWNER W/O PRV,,449,1,15,1,15,,
36488,713,28-11861,"NIBCO T-580-70 1""",,402,1,60,1,60,,
36489,713,40-5218,"NDS 312BCB 10"" ROUND (GRN/GRN)",,999,-1,33,0,-33,,
36490,713,32-1004,"NDS 314BCB 14"" X 19"" RECT. BOX (GRN/GRN)",,None,1,50,0,50,,
36491,713,13-2110,"ML 1"" SCH 40 PVC",,122,80,0.55,0.04,44,,
36492,713,22-1405,"HUNTER PGV-101-ASV  1"" ANTI SIPHON",,395,3,21.25,0.62,63.75,,
36493,713,22-4176,HUNTER ACZ-101 DRIP VALVE,,395,2,56,0.62,112,,
36494,713,28-1133,"NIBCO 4660-S 1""",,999,2,7,0,14,,
36495,713,22-4179,HUNTER X2-400 contr.,,471,1,100,2,100,,
36496,713,22-1535,HUNTER RAINCLICK,,638.1,1,35,0.5,35,,
36497,713,13-1172,18-7 WIRE FOR 6 STATION CONTROLLERS,,430,100,0.63,0.003,63,,
36498,713,33-2603,"ELECTRICAL SWEEP 1"" (SCH 40)",,None,1,5.2,0,5.2,,
36499,713,22-1536,"HUNTER PROS-04-PRS30-CV -R  4"" RW",,213,4,7.75,0.12,31,,
36500,713,22-1087,HUNTER PROSPRAY NOZZLE,,None,-4,1.2,0,-4.8,,
36501,713,22-1122,HUNTER MSBN-50H BUBBLER NOZ.,,999,4,2.25,0,9,,
36502,713,12-2180,"LAT 3/4"" SCH 40  PVC",,110,40,0.35,0.0428,14,,
36503,713,22-1538,HUNTER PROS-12-PRS30-CV,,213,8,20.75,0.12,166,,
36504,713,22-1087,HUNTER PROSPRAY NOZZLE,,None,-8,1.2,0,-9.6,,
36505,713,32-1195,HUNTER MP1000 ROTATOR NOZZLE,,None,8,6.75,0,54,,
36506,713,12-2180,"LAT 3/4"" SCH 40  PVC",,110,140,0.35,0.0428,49,,
36507,713,22-1540,"HUNTER HE-20, 40, 60-T (10-32 THREAD)",,999,65,0.25,0,16.25,,
36508,713,22-1450,HUNTER HE-DIFF,,639,65,0.25,0.01,16.25,,
36509,713,13420-084,"RB PFR-FRA-12 ( 12"" FLEX  RISER & ADAPTER)",,639.9,65,0.5,0.025,32.5,,
36510,713,402-101,3/4 X 3/4 X 1/2 TEE REDUCING SST,,None,65,1.25,0,81.25,,
36511,713,22-1538,HUNTER PROS-12-PRS30-CV,,213,1,20.75,0.12,20.75,,
36512,713,22-1087,HUNTER PROSPRAY NOZZLE,,None,-1,1.2,0,-1.2,,
36513,713,13420-092,GPH GDFN DRIP FLUSH NOZZLE,,637.1,1,15,0.125,15,,
36514,713,12-2180,"LAT 3/4"" SCH 40  PVC",,110,200,0.35,0.0428,70,,
36515,713,13-0710,HUNTER HDL-06-12500 (500'),,638.5,1,300,7,300,,
36516,713,12-2180,"LAT 3/4"" SCH 40  PVC",HEADER,110,20,0.35,0.0428,7,,
36517,713,20-2260,3/4 x 3/4 x 1/2 TEE SST PVC,,None,15,1.25,0,18.75,,
36518,713,30-2721,NETAFIM TL050-MA,,None,20,0.55,0,11,,
36519,713,22-1538,HUNTER PROS-12-PRS30-CV,,213,1,20.75,0.12,20.75,,
36520,713,22-1087,HUNTER PROSPRAY NOZZLE,,None,-1,1.2,0,-1.2,,
36521,713,13420-092,GPH GDFN DRIP FLUSH NOZZLE,,637.1,1,15,0.125,15,,
36522,713,13-1189,HUNTER PLD-AVR AIR RELIEF,,402.3,1,8.5,0.75,8.5,,
36523,713,12-2180,"LAT 3/4"" SCH 40  PVC",DRIP SUPPLY,110,20,0.35,0.0428,7,,
36524,713,13-2670,"SLV 2"" SCH 40 PVC",,154,40,1.1,0.04,44,,
36525,713,32-1011,BRICK PAVER,,639.1,10,1.4,0.005,14,,
36538,1131,13-0710,HUNTER HDL-06-12500 (500'),"-220 SF @ 18"" O.C",638.5,-0.3,219,7,-65.7,,
36539,1131,12-2180,"LAT 3/4"" SCH 40  PVC",,110,-80,0.26,0.0428,-20.8,,
36540,1131,20-2260,3/4 x 3/4 x 1/2 TEE SST PVC,,None,-50,0.9375,0,-46.875,,
36541,1131,30-2721,NETAFIM TL050-MA,,None,-50,0.4125,0,-20.625,,
36542,1131,22-1538,HUNTER PROS-12-PRS30-CV,,213,-25,16.06,0.12,-401.5,,
36543,1131,22-1087,HUNTER PROSPRAY NOZZLE,,None,25,0.88,0,22,,
36544,1131,13420-092,GPH GDFN DRIP FLUSH NOZZLE,,637.1,-25,10.95,0.125,-273.75,,
36563,1132,2329-505,HESPERALOE PARVIFLORA 5G,,520,-7,8.58,0.27,-60.06,,
36564,1132,4700-505,RHAPHIOLEPIS BALLERINA 5G,,520,3,8.58,0.27,25.74,,
36565,1132,0319-701,ALOE BLUE ELF 1G,,522,-18,4.68,0.11,-84.24,,
36566,1132,1630-001,DIANELLA LITTLE REV 1G,,522,-14,5.27,0.11,-73.78,,
36567,1132,>>>,GRAVEL MULCH,,,1,0,0,0,,
36568,1132,33-1135,"GLACIER PEBBLE 3/4""","-190 SF @ 3""",635,-2,156,1,-312,,
36569,1132,33-1304,FILTER FABRIC 4oz (Mirafi 140n),,641,-200,0.2,0.003,-40,,
36919,1133,40-1904,"NDS DURA SLOPE DS-091 4"" x 4' SECTION",,635.2,42,240,0.5,10080,,
36920,1133,40-1905,NDS DURA 661 GREY GRATE ADA 2' SECTIONS,,999,84,68,0,5712,,
36921,1133,40-1906,NDS DURA SLOPE DS-224 END CAP,,639.4,1,25,0.08,25,,
36922,1133,40-1901,NDS DURA SLOPE MISC PARTS,,999,1,100,0,100,,
36931,1129,13-1060,#14 UF YELLOW WIRE,,430,3000,0.2,0.003,600,,
36932,1129,13-1050,#14 UF ORANGE WIRE,,430,1000,0.2,0.003,200,,
36933,1129,13-1076,#14 UF WHITE WIRE  W/ STRIPE (TO MATCH PILOT),,430,1000,0.2,0.003,200,,
36934,1129,14-2620,"SLV 6"" SCH 40 ALERTLINE",,185,60,13.3,0.04,798,,
36935,1129,14-2630,"SLV 4"" SCH 40 ALERTLINE",,182,120,7.2,0.04,864,,
36936,1129,14-2660,"SLV 2"" SCH 40 ALERTLINE",,154,100,2.5,0.04,250,,
36948,1138,>>>,RUBBER SURFACING  (SF),,,700,0,0,0,,
36961,1140,>>>,PLAY STRUCTURE ALLOWANCE,,,1,0,0,0,,
37051,1142,2101-1008,SHREDDED BARK MULCH- WHITTIER,"320 SF @ 3""",534.1,3,28,0.5,84,,
37052,1142,95-0410,MISC BLS EQUIPMENT PER HR,,635,1,100,1,100,,
37053,1142,95-1029,DELIVERY,,None,1,200,0,200,,
37060,1143,9311-310,POT #1,"36"" X 42"" ",999,5,1675,0,8375,,
37061,1143,5166-215,STRELITZIA NICHOLAI 15G,,519,5,48,0.75,240,,
37062,1143,5315-501,TRACHELOSPERMUM JASM. 1G,,522,15,3.75,0.11,56.25,,
37063,1143,9311-311,POT #2,"30"" X 36""",999,8,1214,0,9712,,
37064,1143,4075-715,PHORM. CREAM DELIGHT 15G,,519,8,65,0.75,520,,
37065,1143,5315-501,TRACHELOSPERMUM JASM. 1G,,522,8,3.75,0.11,30,,
37066,1139,>>>,BENCHES 4' LONG,,,4,0,0,0,,
37142,1137,9302-1003,DG - DESERT GOLD DG STABILIZED,"715 SF @ 4""",547,16,85,0.5,1360,,
37143,1137,33-13035,RECYCLED CLASS 2 BASE,"715 SF @ 3""",635.2,12,28,0.5,336,,
37144,1137,95-0400,MISC EQUIPMENT RENTED PER HR,,635,6,100,1,600,,
37145,1137,95-0411,"ROLLER, PER DAY",,635.8,1,450,8,450,,
37146,1137,95-1029,DELIVERY,,None,1,300,0,300,,
37147,1137,33-1290,BEND-A-BOARD WOOD FLEX 1 X 4,,546,400,3,0.03,1200,,
37212,967,9302-155,15G SHRUB,,519.1,4,60,0.73,240,,
37213,967,9302-105,5G SHRUB,,520.1,6,14,0.254,84,,
37214,967,9302-165,1G SHRUB,,522.1,20,5,0.11,100,,
37215,967,9302-170,"6"" POT SHRUB",,522.1,20,6,0.11,120,,
37216,967,9311-310,POT #1,PLANTERS UNLIMITED (4),999,1,0,0,0,,
37217,967,9311-311,POT #2,WAYFAIR PLANTER ( 1 SET OF 2 PLANTERS),999,1,0,0,0,,
37218,967,9309-210,POT PLACEMENT/IRRIG/DRAIN,,636,6,15,2,90,,
37219,967,9500-113,"POTTING SOIL, 2 CF BAG",,642,20,13.5,0.17,270,,
37220,967,95-1029,DELIVERY,,None,1,50,0,50,,
37221,967,33-1019,"MEXICAN BEACH PEBBLE BLK 1"" - 2""",,640,1,400,1,400,,
37222,967,9500-137,PLANTER SUPPLY WATERING DEVICE,,637,1,100,0.1,100,,
37261,1147,9325-104,BOULDER 4',ARIZONA MOSS BOULDER,635,3,1275,1,3825,,
37262,1147,95-0410,MISC BLS EQUIPMENT PER HR,,635,2,100,1,200,,
37263,1147,95-1029,DELIVERY,,None,1,506,0,506,,
37314,1148,9302-962,DG CALIFORNIA GOLD STAB.,"420 SF 2 3""",547,6,100,0.5,600,,
37315,1148,33-1304,FILTER FABRIC 4oz (Mirafi 140n),,641,500,0.2,0.003,100,,
37316,1148,95-0411,"ROLLER, PER DAY",,635.8,1,450,8,450,,
37317,1148,95-1029,DELIVERY,,None,1,300,0,300,,
37318,1148,33-1183,"PERMALOC 3/16"" x 5.5"" ALUM HDR",,559,192,7,0.03,1344,,
37491,1026,33-1038,"CALIF. GOLD 3/8""",,640,0,115,1,0,,
37637,1159,9301-235,POC HOMEOWNER W/O PRV,,449,1,15,1,15,,
37638,1159,13-2110,"ML 1"" SCH 40 PVC",,122,20,1.1,0.04,22,,
37639,1159,28-11861,"NIBCO T-580-70 1""",,402,1,57,1,57,,
37640,1159,10-5427,RB XACZ-075-PRF  ASVF,,390,1,49,0.62,49,,
37641,1159,10-4270,RB TM2-8 CONTROLLER,,481,1,145,2,145,,
37642,1159,10-4202,RB WRC2FC-48 WIRELESS RAIN/FRZ SENSOR,,638.1,1,100,0.5,100,,
37643,1159,95-0010,ELECTRICAL SUB./PERMITS FOR CONTROLLER,,None,1,800,0,800,,
37644,1159,13-1040,#14 UF WHITE WIRE,,430,1000,0.2,0.003,200,,
37645,1159,13-1020,#14 UF RED WIRE,,430,1000,0.2,0.003,200,,
37646,1159,13-1050,#14 UF ORANGE WIRE,,430,1000,0.2,0.003,200,,
37647,1159,13240-203,RB XFS-CV-09-18-(500'),"116 SF @ 18"" O.C",638.5,1,250,7,250,,
37648,1159,12-2180,"LAT 3/4"" SCH 40  PVC",HEADER,110,40,0.75,0.0428,30,,
37649,1159,20-2260,3/4 x 3/4 x 1/2 TEE SST PVC,,None,28,1.25,0,35,,
37650,1159,30-2707,NETAFIM TL TEE,,None,28,0.5,0,14,,
37651,1159,13420-175,RB MDCFCAP BLK FLUSH CAP,,402.3,4,0.7,0.75,2.8,,
37652,1159,13420-083,RB XS-90/180/360 (XERI-SPRAY/ MISTER),,639.3,1,1.3,0.025,1.3,,
37653,1159,12-2180,"LAT 3/4"" SCH 40  PVC",,110,100,0.75,0.0428,75,,
37654,1159,13-2680,"SLV 1.5"" SCH 40 PVC",,144,60,1.7,0.03,102,,
37655,1159,32-1011,BRICK PAVER,,639.1,16,1.4,0.005,22.4,,
37656,1159,33-1304,FILTER FABRIC 4oz (Mirafi 140n),,641,3,0.2,0.003,0.6,,
37657,1159,33-2020,PENTITES,,None,-2,1.75,0,-3.5,,
37658,1159,9310-213,TURNOVER ITEMS,,None,1,600,0,600,,
37659,1158,9301-235,POC HOMEOWNER W/O PRV,,449,1,15,1,15,,
37660,1158,13-2110,"ML 1"" SCH 40 PVC",,122,20,1.1,0.04,22,,
37661,1158,28-11861,"NIBCO T-580-70 1""",,402,1,57,1,57,,
37662,1158,10-5427,RB XACZ-075-PRF  ASVF,,390,1,49,0.62,49,,
37663,1158,10-4270,RB TM2-8 CONTROLLER,,481,1,145,2,145,,
37664,1158,10-4202,RB WRC2FC-48 WIRELESS RAIN/FRZ SENSOR,,638.1,1,100,0.5,100,,
37665,1158,95-0010,ELECTRICAL SUB./PERMITS FOR CONTROLLER,,None,1,800,0,800,,
37666,1158,13-1040,#14 UF WHITE WIRE,,430,1000,0.2,0.003,200,,
37667,1158,13-1020,#14 UF RED WIRE,,430,1000,0.2,0.003,200,,
37668,1158,13-1050,#14 UF ORANGE WIRE,,430,1000,0.2,0.003,200,,
37669,1158,13240-201,RB XFS-CV-09-18-500',"165 SF @ 18"" O.C",638.5,180,240,7,43200,,
37670,1158,12-2180,"LAT 3/4"" SCH 40  PVC",HEADER,110,100,0.75,0.0428,75,,
37671,1158,20-2260,3/4 x 3/4 x 1/2 TEE SST PVC,,None,70,1.25,0,87.5,,
37672,1158,30-2707,NETAFIM TL TEE,,None,70,0.5,0,35,,
37673,1158,13420-175,RB MDCFCAP BLK FLUSH CAP,,402.3,4,0.7,0.75,2.8,,
37674,1158,13420-083,RB XS-90/180/360 (XERI-SPRAY/ MISTER),,639.3,4,1.3,0.025,5.2,,
37675,1158,13420-395,RB UXB360SPYK (xeribubbler with spike),,220,1,0.9,0.12,0.9,,
37676,1158,12-2180,"LAT 3/4"" SCH 40  PVC",,110,100,0.75,0.0428,75,,
37677,1158,13-2680,"SLV 1.5"" SCH 40 PVC",,144,40,1.7,0.03,68,,
37678,1158,32-1011,BRICK PAVER,,639.1,16,1.4,0.005,22.4,,
37679,1158,33-1304,FILTER FABRIC 4oz (Mirafi 140n),,641,3,0.2,0.003,0.6,,
37680,1158,33-2020,PENTITES,,None,-2,1.75,0,-3.5,,
37681,1158,9310-213,TURNOVER ITEMS,,None,1,600,0,600,,
37685,1155,33-1038,"CALIF. GOLD 3/8""",,640,0,115,1,0,,
37687,1161,,,,,1,0,0,0,,
37702,1153,33-3012,BIO-SWALE SOIL MIX #1 (cy),"951 SF @ 24""",637.2,80,65,0.25,5200,,
37703,1153,33-1302,"GRAVEL 3/4""","951 SF @ 18""",635.2,80,47,0.5,3760,,
37704,1153,95-0410,MISC BLS EQUIPMENT PER HR,,635,24,100,1,2400,,
37720,1106,9302-962,DG CALIFORNIA GOLD STAB.,"1730 SF @ 4"" (1920 sf)",547,40,103,0.5,4120,,
37721,1106,33-1304,FILTER FABRIC 4oz (Mirafi 140n),,641,2200,0.2,0.003,440,,
37722,1106,95-0411,"ROLLER, PER DAY",,635.8,1,450,8,450,,
37723,1106,95-0410,MISC BLS EQUIPMENT PER HR,,635,8,100,1,800,,
37724,1106,95-1029,DELIVERY,,None,1,350,0,350,,
37725,1106,33-1287A,"PERMALOC ALUM. HDR 3/16"" x 4"" W/ STKS",,559,860,6.5,0.03,5590,,
37773,1152,33-1331,"SIERRA RIVER COBBLE 4"" to 8"" (SWB)","2040 sf @4""",40,40,90,0.5,3600,,
37774,1152,95-0410,MISC BLS EQUIPMENT PER HR,,635,12,100,1,1200,,
37775,1152,95-1029,DELIVERY,,None,1,400,0,400,,
38156,1184,9301-232,POC HOMEOWNER W/ PRV,,450,1,5,1,5,,
38157,1184,13-2110,"ML 1"" SCH 40 PVC",,122,40,1.1,0.04,44,,
38158,1184,28-11861,"NIBCO T-580-70 1""",,402,1,57,1,57,,
38159,1184,10-5427,RB XACZ-075-PRF  ASVF,,390,2,49,0.62,98,,
38160,1184,10-4270,RB TM2-8 CONTROLLER,,481,1,145,2,145,,
38161,1184,10-4202,RB WRC2FC-48 WIRELESS RAIN/FRZ SENSOR,,638.1,1,100,0.5,100,,
38162,1184,95-0010,ELECTRICAL SUB./PERMITS FOR CONTROLLER,,None,1,800,0,800,,
38163,1184,13-1040,#14 UF WHITE WIRE,,430,1000,0.2,0.003,200,,
38164,1184,13-1020,#14 UF RED WIRE,,430,1000,0.2,0.003,200,,
38165,1184,13-1050,#14 UF ORANGE WIRE,,430,1000,0.2,0.003,200,,
38166,1184,33-2606,"ELECTRICAL SWEEP 2"" (SCH 40)",,None,1,13.5,0,13.5,,
38167,1184,13240-201,RB XFS-CV-09-18-500',"429 SF @ 18"" O.C",638.5,1,240,7,240,,
38168,1184,12-2180,"LAT 3/4"" SCH 40  PVC",,110,40,0.75,0.0428,30,,
38169,1184,20-2260,3/4 x 3/4 x 1/2 TEE SST PVC,,None,28,1.25,0,35,,
38170,1184,30-2707,NETAFIM TL TEE,,None,28,0.5,0,14,,
38171,1184,13420-175,RB MDCFCAP BLK FLUSH CAP,,402.3,4,0.7,0.75,2.8,,
38172,1184,10-4300,RB XB-05PC BARBED EMITTER BLUE,'XFSCV DRIP RINGS' ,639,2,0.45,0.01,0.9,,
38173,1184,12-2180,"LAT 3/4"" SCH 40  PVC",,110,160,0.75,0.0428,120,,
38174,1184,13-2680,"SLV 1.5"" SCH 40 PVC",,144,60,1.7,0.03,102,,
38175,1184,32-1011,BRICK PAVER,,639.1,20,1.4,0.005,28,,
38176,1184,33-1304,FILTER FABRIC 4oz (Mirafi 140n),,641,6,0.2,0.003,1.2,,
38177,1184,33-2020,PENTITES,,None,-4,1.75,0,-7,,
38178,1184,9310-213,TURNOVER ITEMS,,None,1,600,0,600,,
38203,1185,9301-232,POC HOMEOWNER W/ PRV,,450,1,5,1,5,,
38204,1185,13-2110,"ML 1"" SCH 40 PVC",,122,20,1.1,0.04,22,,
38205,1185,28-11861,"NIBCO T-580-70 1""",,402,1,57,1,57,,
38206,1185,10-5427,RB XACZ-075-PRF  ASVF,,390,1,49,0.62,49,,
38207,1185,10-4270,RB TM2-8 CONTROLLER,,481,1,145,2,145,,
38208,1185,10-4202,RB WRC2FC-48 WIRELESS RAIN/FRZ SENSOR,,638.1,1,100,0.5,100,,
38209,1185,95-0010,ELECTRICAL SUB./PERMITS FOR CONTROLLER,,None,1,800,0,800,,
38210,1185,13-1040,#14 UF WHITE WIRE,,430,1,0.2,0.003,0.2,,
38211,1185,13-1020,#14 UF RED WIRE,,430,1,0.2,0.003,0.2,,
38212,1185,13-1050,#14 UF ORANGE WIRE,,430,1,0.2,0.003,0.2,,
38213,1185,33-2606,"ELECTRICAL SWEEP 2"" (SCH 40)",,None,1,13.5,0,13.5,,
38214,1185,13240-201,RB XFS-CV-09-18-500',"488 SF @ 18"" O.C",638.5,1,240,7,240,,
38215,1185,12-2180,"LAT 3/4"" SCH 40  PVC",,110,60,0.75,0.0428,45,,
38216,1185,20-2260,3/4 x 3/4 x 1/2 TEE SST PVC,,None,42,1.25,0,52.5,,
38217,1185,30-2707,NETAFIM TL TEE,,None,42,0.5,0,21,,
38218,1185,13420-175,RB MDCFCAP BLK FLUSH CAP,,402.3,3,0.7,0.75,2.1,,
38219,1185,13420-083,RB XS-90/180/360 (XERI-SPRAY/ MISTER),,639.3,3,1.3,0.025,3.9,,
38220,1185,10-4300,RB XB-05PC BARBED EMITTER BLUE,'XFSCV DRIP RINGS' ,639,5,0.45,0.01,2.25,,
38221,1185,12-2180,"LAT 3/4"" SCH 40  PVC",,110,160,0.75,0.0428,120,,
38222,1185,13-2680,"SLV 1.5"" SCH 40 PVC",,144,60,1.7,0.03,102,,
38223,1185,32-1011,BRICK PAVER,,639.1,17,1.4,0.005,23.8,,
38224,1185,33-1304,FILTER FABRIC 4oz (Mirafi 140n),,641,6,0.2,0.003,1.2,,
38225,1185,33-2020,PENTITES,,None,-2,1.75,0,-3.5,,
38226,1185,9310-213,TURNOVER ITEMS,,None,1,600,0,600,,
38257,1188,40-1984,"8"" SCH 40 PERF PIPE",,632,-50,22,0.2,-1100,,
38258,1188,40-1977,"8"" PVC SDR 35 PERF.",,632,50,14,0.2,700,,
38259,1188,40-1969,"8"" PVC SCH 80  DRAIN PIPE SOILD",,632,-160,30,0.2,-4800,,
38260,1188,40-5005,"8"" PVC SCH 40 DRAIN PIPE",,632.1,160,16,0.2,2560,,
38261,1188,40-1972,"8"" PVC SDR 35 SOLID",,632,160,10,0.2,1600,,
38262,1188,40-5020,"6"" PVC SCH 40 PERFORATED",,627.1,-70,12,0.12,-840,,
38263,1188,40-1981,"6"" PVC SDR 35 PERF.",,627,70,7,0.12,490,,
38264,1188,40-5021,"6"" PVC SCH 80 DRAIN PIPE SOLID",,627.1,-140,20,0.12,-2800,,
38265,1188,40-5010,"6"" PVC SCH 40 DRAIN SOLID",,627.1,140,13,0.12,1820,,
38266,1188,40-1973,"6"" PVC SDR 35 SOLID",,627,140,6.5,0.12,910,,
38267,1188,40-5000,"4"" PVC SCH 40 DRAIN",,626,-160,6.5,0.1,-1040,,
38268,1188,40-1974,"4"" PVC SDR 35 SOLID",,625,160,3,0.1,480,,
38275,1189,13-1401,"FEBCO 825 YD/RW  3""",,259.1,-1,4500,10,-4500,,
38276,1189,13-1205,FEBCO 825 Y LF 2,,260,1,2400,8,2400,,
38277,1189,13-1699,"WILKINS 500-300  HR 3""",,381,-1,3040,1,-3040,,
38278,1189,13-1437,"WILKINS 500 HR 2"" PRV",,380,1,2100,1.25,2100,,
38279,1189,28-1120,"NIBCO T-113 - 3""  GV",,400,-2,850,1,-1700,,
38280,1189,28-1080,"NIBCO T-113 - 2"" GV",,400,2,280,1,560,,
38297,1191,95-0004,MOW CURB (EXTRUDED),"6"" X 6"" W/ #3  REBAR",None,330,14,0,4620,,
38324,1198,95-0004,MOW CURB (EXTRUDED),"6"" X 6"" W/ #3 REBAR",None,330,14,0,4620,,
38450,1199,30-3025,GRAVEL BASIC IN BAGS 1 C. F. (SMALL QTY'S),"3/8"" DEL RIO; ~5 SF @ 3""",637.2,3,15,0.25,45,,
38451,1199,33-1304,FILTER FABRIC 4oz (Mirafi 140n),,641,10,0.2,0.003,2,,
38452,1199,95-1016,DELIVERY/ FREIGHT,,None,1,300,0,300,,
38553,1234,13-1696,"WILKINS 500XL-HLR 1.5""",@ BACKFLOW,999,1,1930,0,1930,,
38590,1175,1150-236,"CERCIS FOREST PANSY 36"" STD",,505.3,6,490,4.5,2940,,
38591,1175,5366-124,TRISTANIA CONFERTA 24,,507,12,180,2.8,2160,,
38592,1175,3422-425,"MAGNOLIA G. ""LITTLE GEM""  24""",,507,4,190,2.8,760,,
38593,1175,4240-224,PISTACIA CHINENSIS 24,,507,7,190,2.8,1330,,
38594,1175,1572-115,CUPRESSUS SEMPERVIRENS 15G,,510.3,8,60,1.01,480,,
38595,1175,9302-950,CENTURY CP2424 (24 x 24 panel),330',537,165,6.25,0.1,1031.25,,
38596,1175,0927-715,CALLISTEMON VIM. 'SLIM' 15G CLMN,,510,55,50,1.01,2750,,
38597,1175,1234-105,ALOE STRIATA 5G,,520,33,14,0.27,462,,
38598,1175,0919-205,CALAMAGROSTIS KARL FOERSTER 5G,,520,2,14,0.27,28,,
38599,1175,0919-505,CALANDRINIA SPECTABILIS  5G,,520,8,15,0.27,120,,
38600,1175,1021-505,CARISSA BOXWOOD BTY 5G,,520,115,11,0.27,1265,,
38601,1175,1210-105,CHONDROPETALUM TECT. 5G,,520,28,14.5,0.27,406,,
38602,1175,1630-405,DIANELLA LITTLE REV 5G,,520,38,16.5,0.27,627,,
38603,1175,3599-505,MUHLENBERGIA RIGENS 5G,,520,54,11,0.27,594,,
38604,1175,1052-305,WESTRINGIA BLUE GEM 5G,,520,10,13.5,0.27,135,,
38605,1175,0204-401,BULBINE FRU. 'HALLMARK' 1G,"700 SF @ 18""",522,330,5,0.11,1650,,
38606,1175,0947-601,"CAREX MOR. ""AUREA-VARIEGATA"" 1G","700 SF @ 18"" O.C.",522,330,5.5,0.11,1815,,
38607,1175,4907-501,ROSMARINUS  OFF. 'PROSTRATUS' 1G,"700 SF @ 30""",522,120,4,0.11,480,,
38608,1175,5050-105,"SENECIO SERPENS 4"" FLT","700 SF @ 18""",530,21,45,0.4,945,,
38609,1175,2101-1000,GENERIC MULCH,"5000 SF @ 3""",534.1,50,25,0.5,1250,,
38610,1175,9302-225,FINE RAKE,,536,5000,0,0.002,0,,
38611,1175,9302-210,SOIL PREP,,533,5000,0,0.0035,0,,
38612,1175,9302-220,WEED CONTROL (GRO-N-KILL),,535,2500,0,0.0005,0,,
38613,1175,95-1029,DELIVERY,,None,1,1600,0,1600,,
38614,732,33-1236,EPIC BENDA-BOARD 2' X 4',,546,2150,5,0.03,10750,,
38619,726,33-13035,RECYCLED CLASS 2 BASE,"41,200 SF @ 4""",635.2,840,23,0.5,19320,,
38620,726,95-0410,MISC BLS EQUIPMENT PER HR,,635,40,90,1,3600,,
38621,726,95-0411,ROLLER PER DAY,,635.8,2,500,8,1000,,
38692,1241,9302-264,DG CA GOLD STAB.  (GAIL),"620 SF, with Organic lock 4""",547,20,190,0.5,3800,,
38693,1241,33-13035,RECYCLED CLASS 2 BASE,"620 sf, @ 4""",635.2,20,23,0.5,460,,
38694,1241,95-1016,DELIVERY/ FREIGHT,,None,2,350,0,700,,
38695,1241,95-0411,ROLLER PER DAY,,635.8,1,450,8,450,,
38699,1247,9305-300,HYDROSEED FUEL MOD MIX #C,,None,171500,0.17,0,29155,,
38700,1248,9325-104,BOULDER 4',,635,4,125,1,500,,
38701,1248,9325-103,BOULDER 3',,635,17,75,1,1275,,
38702,1248,9325-102,BOULDER 2',,635,27,50,1,1350,,
38703,1249,95-0071,IMPERIAL CA Tall Fescue 75,,800.1,4000,4,0.06,16000,,
38704,1249,41-1298,ARTIFICIAL TURF,,800.1,1000,4,0.06,4000,,
38705,1250,33-1287A,"PERMALOC ALUM. HDR 3/16"" x 4"" W/ STKS",,559,1100,6.25,0.03,6875,,
38706,1251,30-3027,DECORATIVE GRAVEL (size & type TBD),,640,1,100,1,100,,
38707,1251,95-0410,MISC BLS EQUIPMENT PER HR,,635,1,100,1,100,,
38734,1253,40-1972,"8"" PVC SDR 35 SOLID",,632.11,1340,9.3,0.2,12462,,
38735,1253,40-1973,"6"" PVC SDR 35 SOLID",,627,380,5,0.12,1900,,
38736,1253,40-1974,"4"" PVC SDR 35 SOLID",,625,2060,2.3,0.1,4738,,
38737,1253,40-4010,NDS 930 HUB ADAPTER,,616,131,30,1,3930,,
38738,1253,40-0001,NDS 201 SPEE-D-BASIN,CLEAN OUT,600,30,20,0.75,600,,
38739,1253,40-1900,"BREAK INTO CATCH BASIN (8"")",,636,2,360,2,720,,
38740,1253,40-0020,REMOVE PLUG & JOIN EX. DRAIN,,636,12,150,2,1800,,
38743,1254,95-0003,"MOW CURB (FORMED, 6x6)","6"" X 6"", MATCH EXISTING",999,60,22,0,1320,,
38748,1242,9310-200,TURF BLOCK (CONCRETE),"10,200 SF",799,10200,7.75,0.14,79050,,
38749,1242,95-0410,MISC BLS EQUIPMENT PER HR,,635,16,100,1,1600,,
38750,1242,33-13035,RECYCLED CLASS 2 BASE,,635.2,-430,23,0.5,-9890,,
38751,1242,33-1304,FILTER FABRIC 4oz (Mirafi 140n),,641,11000,0.2,0.003,2200,,
38949,1098,9302-983,DG CA GOLD STABILIZED,"1,389 SF(3"")",547,23,94,0.5,2162,,
38950,1098,95-0410,MISC BLS EQUIPMENT PER HR,,635,2,100,1,200,,
38951,1098,95-0411,"ROLLER, PER DAY",,635.8,1,450,8,450,,
38952,1098,33-1304,FILTER FABRIC 4oz (Mirafi 140n),,641,1500,0.2,0.003,300,,
38953,1098,95-1029,DELIVERY,,None,1,388,0,388,,
38954,1098,33-1270,"CURV-RITE 3000 1/8"" X 5.5"" BLK ALUM",item C-41,559,272,5.5,0.03,1496,,
39012,1105,9302-983,DG CA GOLD STABILIZED,"SWB-3"" 960 SF",547,16,94,0.5,1504,,
39013,1105,95-0410,MISC BLS EQUIPMENT PER HR,,635,2,100,1,200,,
39014,1105,95-0411,"ROLLER, PER DAY",,635.8,1,450,8,450,,
39015,1105,33-1304,FILTER FABRIC 4oz (Mirafi 140n),,641,1000,0.2,0.003,200,,
39016,1105,95-1029,DELIVERY,,None,1,388,0,388,,
39017,1105,33-1270,"CURV-RITE 3000 1/8"" X 5.5"" BLK ALUM",,559,112,5.5,0.03,616,,
39032,1259,33-13035,RECYCLED CLASS 2 BASE,"550 SF @ 4""",635.2,15,23,0.5,345,,
39033,1259,95-0411,ROLLER PER DAY,,635.8,1,450,8,450,,
39034,1259,95-0410,MISC BLS EQUIPMENT PER HR,,635,3,100,1,300,,
39035,1259,95-1016,DELIVERY/ FREIGHT,,None,1,300,0,300,,
39036,1259,33-1299,"BEND A BOARD PLASTIC 2"" x 6""",,546,100,7,0.03,700,,
39037,1186,9302-970,DG NEW GRAY W/STABILIZER,"3/8"" PEWTER GREY 733 SF @ 4""",547,16,86,0.5,1376,,
39038,1186,33-1304,FILTER FABRIC 4oz (Mirafi 140n),,641,1000,0.2,0.003,200,,
39039,1186,95-0410,MISC BLS EQUIPMENT PER HR,,635,4,100,1,400,,
39040,1186,95-1029,DELIVERY,,None,1,300,0,300,,
39041,1186,95-0411,"ROLLER, PER DAY",,635.8,1,450,8,450,,
39042,1187,33-1105,"APACHE BROWN 3/8"" CRUSHED","3/8"" SEAFOAM, 3589 SF @ 4""",640,70,105,1,7350,,
39043,1187,33-1304,FILTER FABRIC 4oz (Mirafi 140n),,4000,4000,0.2,0,800,,
39044,1187,95-0410,MISC BLS EQUIPMENT PER HR,,635,20,100,1,2000,,
39045,1187,95-1029,DELIVERY,,None,2,350,0,700,,
39305,1265,28-1204,"NIBCO TFP-600A-1""",,402,1,35,1,35,,
39306,1265,32-1009,TIE INTO EXISTING MAINLINE,,635.3,1,100,3,100,,
39307,1265,13-1634,WILKINS NR3-XL-DU PRV 1,,380,1,300,1.25,300,,
39308,1265,13-2110,"ML 1"" SCH 40 PVC",,122,60,1.1,0.04,66,,
39309,1265,9301-255,STUB OUT FOR FUTURE USE,,461,1,5,0.5,5,,
39310,1265,10-5427,RB XACZ-075-PRF  ASVF,,390,1,49,0.62,49,,
39311,1265,10-4259,RB TM2-6 CONTR.,,481,1,125,2,125,,
39312,1265,10-4370,RB LNK WIFI MODULE,,999,1,100,0,100,,
39313,1265,10-5294,RB WR2-RFC RAIN/FREEZE SENSOR,,638,1,90,0.5,90,,
39314,1265,95-0010,ELECTRICAL SUB./PERMITS FOR CONTROLLER,,None,1,800,0,800,,
39315,1265,13-1040,#14 UF WHITE WIRE,,430,1000,0.2,0.003,200,,
39316,1265,13-1020,#14 UF RED WIRE,,430,1000,0.2,0.003,200,,
39317,1265,13-1050,#14 UF ORANGE WIRE,,430,1000,0.2,0.003,200,,
39318,1265,33-2606,"ELECTRICAL SWEEP 2"" (SCH 40)",,None,1,13.5,0,13.5,,
39319,1265,10-8023,RB RD-12-S-P45-F-N,,210,6,28.5,0.12,171,,
39320,1265,10-8029,RB R-VAN14 ROTARY NOZZLE,,999,6,4.8,0,28.8,,
39321,1265,10-8023,RB RD-12-S-P45-F-N,,210,6,28.5,0.12,171,,
39322,1265,10-8020,RB R-VAN18 ROTARY NOZZLE,,None,6,5,0,30,,
39323,1265,10-5440,RB PLASTIC NOZZLE,,None,-12,1.1,0,-13.2,,
39324,1265,12-2180,"LAT 3/4"" SCH 40  PVC",,110,200,0.75,0.0428,150,,
39325,1265,13-2670,"SLV 2"" SCH 40 PVC",ML,154,20,2.3,0.04,46,,
39326,1265,13-2670,"SLV 2"" SCH 40 PVC",WIRE,154,20,2.3,0.04,46,,
39327,1265,13-2680,"SLV 1.5"" SCH 40 PVC",LAT,144,20,1.7,0.03,34,,
39328,1265,32-1011,BRICK PAVER,,639.1,8,1.4,0.005,11.2,,
39329,1265,33-1336,FILTER FABRIC 6oz (Mirafi 160n),,641,6,0.25,0.003,1.5,,
39330,1265,33-2020,PENTITES,,None,-4,1.75,0,-7,,
39331,1265,9310-213,TURNOVER ITEMS,,None,1,600,0,600,,
39358,1267,28-1204,"NIBCO TFP-600A-1""",,402,1,35,1,35,,
39359,1267,32-1009,TIE INTO EXISTING MAINLINE,,635.3,1,100,3,100,,
39360,1267,13-1634,WILKINS NR3-XL-DU PRV 1,,380,1,300,1.25,300,,
39361,1267,13-2110,"ML 1"" SCH 40 PVC",,122,60,1.1,0.04,66,,
39362,1267,9301-255,STUB OUT FOR FUTURE USE,,461,1,5,0.5,5,,
39363,1267,10-5427,RB XACZ-075-PRF  ASVF,,390,2,49,0.62,98,,
39364,1267,10-4259,RB TM2-6 CONTR.,,481,1,125,2,125,,
39365,1267,10-4370,RB LNK WIFI MODULE,,999,1,100,0,100,,
39366,1267,10-5294,RB WR2-RFC RAIN/FREEZE SENSOR,,638,1,90,0.5,90,,
39367,1267,95-0010,ELECTRICAL SUB./PERMITS FOR CONTROLLER,,None,1,800,0,800,,
39368,1267,13-1040,#14 UF WHITE WIRE,,430,1000,0.2,0.003,200,,
39369,1267,13-1020,#14 UF RED WIRE,,430,1000,0.2,0.003,200,,
39370,1267,13-1050,#14 UF ORANGE WIRE,,430,1000,0.2,0.003,200,,
39371,1267,33-2606,"ELECTRICAL SWEEP 2"" (SCH 40)",,None,1,13.5,0,13.5,,
39372,1267,10-8023,RB RD-12-S-P45-F-N,,210,48,28.5,0.12,1368,,
39373,1267,10-8029,RB R-VAN14 ROTARY NOZZLE,,999,48,4.8,0,230.4,,
39374,1267,10-8023,RB RD-12-S-P45-F-N,,210,1,28.5,0.12,28.5,,
39375,1267,10-8030,RB R-VAN-SST ROTARY NOZZLE,,999,1,6,0,6,,
39376,1267,10-5440,RB PLASTIC NOZZLE,,None,-49,1.1,0,-53.9,,
39377,1267,12-2220,"LAT 1.25"" SCH 40  PVC",,131,40,1.45,0.04,58,,
39378,1267,12-2200,"LAT 1"" SCH 40  PVC",,120,200,1.1,0.0438,220,,
39379,1267,12-2180,"LAT 3/4"" SCH 40  PVC",,110,200,0.75,0.0428,150,,
39380,1267,32-1011,BRICK PAVER,,639.1,8,1.4,0.005,11.2,,
39381,1267,33-1304,FILTER FABRIC 4oz (Mirafi 140n),,641,6,0.2,0.003,1.2,,
39382,1267,33-2020,PENTITES,,None,-6,1.75,0,-10.5,,
39383,1267,9310-213,TURNOVER ITEMS,,None,1,600,0,600,,
39411,1266,28-1204,"NIBCO TFP-600A-1""",,402,1,35,1,35,,
39412,1266,32-1009,TIE INTO EXISTING MAINLINE,,635.3,1,100,3,100,,
39413,1266,13-1634,WILKINS NR3-XL-DU PRV 1,,380,1,300,1.25,300,,
39414,1266,13-2110,"ML 1"" SCH 40 PVC",,122,80,1.1,0.04,88,,
39415,1266,9301-255,STUB OUT FOR FUTURE USE,,461,1,5,0.5,5,,
39416,1266,10-5427,RB XACZ-075-PRF  ASVF,,390,1,49,0.62,49,,
39417,1266,10-4259,RB TM2-6 CONTR.,,481,1,125,2,125,,
39418,1266,10-4370,RB LNK WIFI MODULE,,999,1,100,0,100,,
39419,1266,10-5294,RB WR2-RFC RAIN/FREEZE SENSOR,,638,1,90,0.5,90,,
39420,1266,95-0010,ELECTRICAL SUB./PERMITS FOR CONTROLLER,,None,1,800,0,800,,
39421,1266,13-1040,#14 UF WHITE WIRE,,430,1000,0.2,0.003,200,,
39422,1266,13-1020,#14 UF RED WIRE,,430,1000,0.2,0.003,200,,
39423,1266,13-1050,#14 UF ORANGE WIRE,,430,1000,0.2,0.003,200,,
39424,1266,33-2606,"ELECTRICAL SWEEP 2"" (SCH 40)",,None,1,13.5,0,13.5,,
39425,1266,10-8023,RB RD-12-S-P45-F-N,,210,9,28.5,0.12,256.5,,
39426,1266,10-8029,RB R-VAN14 ROTARY NOZZLE,,999,9,4.8,0,43.2,,
39427,1266,10-8023,RB RD-12-S-P45-F-N,,210,2,28.5,0.12,57,,
39428,1266,10-8030,RB R-VAN-SST ROTARY NOZZLE,,999,2,6,0,12,,
39429,1266,10-8023,RB RD-12-S-P45-F-N,,210,5,28.5,0.12,142.5,,
39430,1266,10-8040,RB R-VAN-LCS ROTARY CORNER STRIP,,999,5,6,0,30,,
39431,1266,10-5440,RB PLASTIC NOZZLE,,None,-16,1.1,0,-17.6,,
39432,1266,12-2180,"LAT 3/4"" SCH 40  PVC",,110,200,0.75,0.0428,150,,
39433,1266,13-2680,"SLV 1.5"" SCH 40 PVC",LAT,144,20,1.7,0.03,34,,
39434,1266,32-1011,BRICK PAVER,,639.1,8,1.4,0.005,11.2,,
39435,1266,33-1304,FILTER FABRIC 4oz (Mirafi 140n),,641,6,0.2,0.003,1.2,,
39436,1266,33-2020,PENTITES,,None,-4,1.75,0,-7,,
39437,1266,9310-213,TURNOVER ITEMS,,None,1,600,0,600,,
39438,1198,,,,,1,0,0,0,,
39503,1270,40-1974,"4"" PVC SDR 35 SOLID",,625,200,2.3,0.1,460,,
39504,1270,40-1520,"NDS #78 4"" ATRIUM BLACK",,630.2,8,11.25,0.75,90,,
39505,1270,40-1912,TIE INTO DRAINLINE  4,,635.2,1,10,0.5,10,,
39640,1276,95-0003,"MOW CURB (FORMED, 6x6)","6"" X 6"" W/ #4 REBAR",999,296,22,0,6512,,
39646,1271,28-1138,"NIBCO T-580 3/4"" BV",,402,82,25,1,2050,,
39647,1271,15-1220,"3/4"" x 4"" PVC 80 nipple",,None,82,3.75,0,307.5,,
39648,1271,075-240BL,3/4 X 24 NIPPLE - SCH 80 (B-LN),,None,82,5,0,410,,
39649,1271,12-2180,"LAT 3/4"" SCH 40  PVC",,110,3300,0.75,0.0428,2475,,
39650,1271,13-2670,"SLV 2"" SCH 40 PVC",,154,1640,2.3,0.04,3772,,
39671,1108,9301-235,POC HOMEOWNER W/O PRV,TIE INTO EXIST. HOSE BIBB,449,47,15,1,705,,
39672,1108,13-2120,"ML 3/4"" SCH 40 PVC",,112,240,0.75,0.04,180,,
39673,1108,28-1138,"NIBCO T-580 3/4"" BV",,999,47,20,1,940,,
39674,1108,10-5427,RB XACZ-075-PRF  ASVF,,390,47,49,0.62,2303,,
39675,1108,22-1312,HUNTER NODE-200 BATT. OP. CONTR.  (2 STA.),,469,47,175,1,8225,,
39676,1108,13240-202,RB XFS-CV-06-12-500',"2180 SF @12""O.C.",638.5,5,260,7,1300,,
39677,1108,12-2180,"LAT 3/4"" SCH 40  PVC",,110,480,0.75,0.0428,360,,
39678,1108,20-2260,3/4 x 3/4 x 1/2 TEE SST PVC,,None,480,1.25,0,600,,
39679,1108,30-2707,NETAFIM TL TEE,,None,480,0.5,0,240,,
39680,1108,30-2715,NETAFIM TLSOV SHUT OFF VALVE,,402.3,88,5,0.75,440,,
39681,1108,12-2180,"LAT 3/4"" SCH 40  PVC",,110,1000,0.75,0.0428,750,,
39682,1108,13-2680,"SLV 1.5"" SCH 40 PVC",,144,680,1.7,0.03,1156,,
40262,883,3131-105,LIGUSTRUM J. TEX. 5G CLMN,,520,-36,20,0.27,-720,,
40263,883,4242-005,PITT T. WHEELERS DWF 5G,,520,-17,11,0.27,-187,,
40264,883,4920-4101,SESLERIA GREEN LEE 1G,,522,-121,5,0.11,-605,,
40265,883,2052-405,FICUS GREEN GEM 5g clmn,,520,26,20,0.27,520,,
40266,883,4940-505,SCHEFFLERA ARBORICOLA 5G,,513,10,14,0.533,140,,
40267,883,5315-501,TRACHELOSPERMUM JASM. 1G,,522,188,3.75,0.11,705,,
40268,883,95-1016,DELIVERY/ FREIGHT,,None,1,0,0,0,,
40398,1285,4240-436,PISTACIA CHI. 'KEITH DAVEY' 36,,505,-5,490,4.5,-2450,,
40399,1285,4240-324,PISTACIA CHI. 'RED PUSH' 24,,507,5,190,2.8,950,,
40400,1285,0326-836,LAGERSTROEMIA ZUNI 36,,505,-10,485,4.5,-4850,,
40401,1285,0326-824,"LAGERS ZUNI 24"" MLT",,507,10,190,2.8,1900,,
40402,1285,2960-236,KOELREUTERIA BIP  36,,505,-2,485,4.5,-970,,
40403,1285,2960-124,"KOELREUTERIA BIPINNATA 24"" STD",,507,2,190,2.8,380,,
40404,1285,4610-124,"QUERCUS AGRIFOLIA 24"" STD",,507,-15,190,2.8,-2850,,
40405,1285,4610-115,QUERCUS AGRIFOLIA 15G STD,,510,15,65,1.01,975,,
40406,1285,5240-515,TECOMARIA CAPENSIS 15G,,519,-21,42,0.75,-882,,
40407,1285,5240-505,TECOMARIA CAPENSIS 5G,,520,21,11.5,0.27,241.5,,
40408,1285,3599-405,MUHLENBERGIA CAPILLARIS 5G,,520,-76,11,0.27,-836,,
40409,1285,3599-101,MUHLENBERGIA CAPILLARIS 1G,,522,76,4.5,0.11,342,,
40410,1285,1696-305,LOMANDRA BREEZE 5G,,520,-91,15,0.27,-1365,,
40411,1285,1696-205,"LOMANDRA L ""BREEZE"" 1G",,522,91,6,0.11,546,,
40412,1285,95-1016,DELIVERY/ FREIGHT,,None,1,0,0,0,,
40427,1286,25-2041,HUNTER RZWS-18-50-CV (.50 GPM),,639.7,-194,49,0.25,-9506,,
40428,1286,22-1520,"HUNTER PROS-04-PRS40-CV 4""",WITH BUBBLER NOZZLE,213,194,14,0.12,2716,,
40434,1287,1696-505,LOMANDRA PLATINUM BTY 5G,,520,-220,28,0.27,-6160,,
40435,1287,1696-601,LOMANDRA PLAT BEAUTY 1G,,522,220,7.5,0.11,1650,,
40436,1287,1696-305,LOMANDRA BREEZE 5G,,520,-170,17,0.27,-2890,,
40437,1287,1696-205,"LOMANDRA L ""BREEZE"" 1G",,522,170,7,0.11,1190,,
40438,1287,95-1029,DELIVERY,,None,1,0,0,0,,
40530,1176,33-1331,"SIERRA RIVER COBBLE 4"" to 8"" (SWB)","6"" -8"" SIERRA COBBLE, 390 SF @ 6""",640,11,105,1,1155,,
40531,1176,33-1304,FILTER FABRIC 4oz (Mirafi 140n),,641,0,0.2,0.003,0,,
40532,1176,95-0410,MISC BLS EQUIPMENT PER HR,,635,3,100,1,300,,
40533,1176,95-1029,DELIVERY,,None,1,400,0,400,,
40534,1176,33-1290,BEND-A-BOARD WOOD FLEX 1 X 4,,546,80,2.2,0.03,176,,
40536,1178,93-1130,"SIERRA RIVER COBBLE 1.5"" to 3""","1"" SIERRA COBBLE 249 SF @ 4""",635,5,99,1,495,,
40537,1178,95-0410,MISC BLS EQUIPMENT PER HR,,635,1.5,100,1,150,,
40538,1178,33-1290,BEND-A-BOARD WOOD FLEX 1 X 4,,546,140,2.2,0.03,308,,
40539,1178,95-1029,DELIVERY,,None,1,350,0,350,,
40548,1163,>>>,RELOCATE BOULDERS FROM SITE,,,1,0,0,0,,
40549,1163,9325-104,BOULDER 4',,635,5,0,1,0,,
40550,1163,9325-103,BOULDER 3',,635,5,0,1,0,,
40551,1163,9325-104,BOULDER 4',,635,7,0,1,0,,
40552,1163,95-0410,MISC BLS EQUIPMENT PER HR,,635,6,100,1,600,,
40563,1164,1696-505,LOMANDRA PLATINUM BTY 5G,,520.1,9,28,0.254,252,,
40564,1164,0941-505,CAMELLIA SASANQUA 5G,"""OCTOBER MAGIC""",520.1,3,30,0.254,90,,
40565,1164,9311-310,POT #1,,999,1,0,0,0,,
40566,1164,9309-210,POT PLACEMENT/IRRIG/DRAIN,,636,12,15,2,180,,
40567,1164,9500-113,"POTTING SOIL, 2 CF BAG",,642,36,13.5,0.17,486,,
40568,1164,33-1014,MEXICAN BLACK PEBBLES / .5 CF BAG,"1"" SIERRA COBBLE TOPDRESS",637.2,10,35,0.25,350,,
40569,1164,95-1029,DELIVERY,,None,1,200,0,200,,
40711,1162,9302-264,DG CA GOLD STAB.  (GAIL),"1870 SF @ 4"", organic lock Gail",547,40,195,0.5,7800,,
40712,1162,95-1029,DELIVERY,,None,1,1500,0,1500,,
40713,1162,95-0410,MISC BLS EQUIPMENT PER HR,,635,8,100,1,800,,
40714,1162,95-0411,"ROLLER, PER DAY",,635.8,1,450,8,450,,
40745,1177,2101-1000,GENERIC MULCH,"390 SF @ 3""",534.1,-4,25,0.5,-100,,
40746,1177,9302-264,DG CA GOLD STAB.  (GAIL),"390 SF @ 4""",547,9,195,0.5,1755,,
40747,1177,33-1290,BEND-A-BOARD WOOD FLEX 1 X 4,,546,230,2.2,0.03,506,,
40748,1183,>>>,USE  STABILIZED DG FROM SWB,IN LIEU OF DG W/ ORGANIC LOCK FROM GAIL MATERIALS,,0,0,0,0,,
40749,1183,9302-264,DG CA GOLD STAB.  (GAIL),,547,-40,195,0.5,-7800,,
40750,1183,95-1029,DELIVERY,,None,-1,1500,0,-1500,,
40751,1183,9302-962,DG CALIFORNIA GOLD STAB.,SWB,547,40,105,0.5,4200,,
40752,1183,95-1029,DELIVERY,,None,1,410,0,410,,
40754,1297,33-1304,FILTER FABRIC 4oz (Mirafi 140n),,641,7500,0.2,0.003,1500,,
40755,1282,9301-235,POC HOMEOWNER W/O PRV,,449,1,15,1,15,,
40756,1282,13-1202,FEBCO 825 Y LF 1,,291,1,1120,6,1120,,
40757,1282,15-1660,"1"" UNION BRASS",,None,1,57,0,57,,
40758,1282,32-1064,STRONGBOX SBBC-22SS BF ENCL,,480,1,2150,4,2150,,
40759,1282,95-0006,"CONCRETE BASE (BF, PUMP, CONTROLLER)",,635.5,1,250,5,250,,
40760,1282,12-6001,"1"" TYPE K COPPER PIPE",,1009,460,22,0.1,10120,,
40868,1298,33-13035,RECYCLED CLASS 2 BASE,"4875 SF @ 4-5""",635.2,140,23,0.5,3220,,
40869,1298,95-0410,MISC BLS EQUIPMENT PER HR,,635,12,100,1,1200,,
40870,1298,95-1029,DELIVERY,,None,1,350,0,350,,
40871,1298,95-0411,ROLLER PER DAY,,635.8,1,450,8,450,,
40872,1252,9302-281,DG GOLD (GAIL),"1444 SF @ 4"" STABILIZED W/ NITRACIL",547,35,50,0.5,1750,,
40873,1252,33-13035,RECYCLED CLASS 2 BASE,"1444 SF @ 2""",635.2,15,23,0.5,345,,
40874,1252,95-0410,MISC BLS EQUIPMENT PER HR,,635,12,100,1,1200,,
40875,1252,95-0411,ROLLER PER DAY,,635.8,1,450,8,450,,
40876,1252,95-1029,DELIVERY,,None,1,1400,0,1400,,
41373,1172,9325-104,BOULDER 4','SUMMER CRUNCH' ,635,4,0,1,0,,
41374,1172,9325-103,BOULDER 3','SUMMER CRUNCH',635,17,0,1,0,,
41375,1172,9325-102,BOULDER 2','SUMMER CRUNCH',635,27,0,1,0,,
41376,1172,9325-101,BOULDERS PER TON (add labor),QUOTE FROM DSS,999,18,144,0,2592,,
41377,1172,95-0410,MISC BLS EQUIPMENT PER HR,,635,8,100,1,800,,
41378,1172,95-1029,DELIVERY,,None,1,1188,0,1188,,
41387,1170,95-0071,IMPERIAL CA Tall Fescue 75,,800.1,3600,4,0.06,14400,,
41388,1170,95-0071,IMPERIAL CA Tall Fescue 75,BUY 4300 SF,999,700,4,0,2800,,
41389,1306,95-0118,IMPERIAL POA ANNUA PRO GOLF,,800.2,460,4,0.06,1840,,
41390,1306,95-0118,IMPERIAL POA ANNUA PRO GOLF,BUY 600 SF,999,140,4,0,560,,
41397,1307,9302-271.1,DG STABILIZED (color T.B.D.),"DUNE STAB. DG, 315 SF @ 3""",547,5,100,0.5,500,,
41398,1307,33-1304,FILTER FABRIC 4oz (Mirafi 140n),,641,400,0.2,0.003,80,,
41399,1307,95-0410,MISC BLS EQUIPMENT PER HR,,635,1,100,1,100,,
41400,1307,95-0411,ROLLER PER DAY,,635.8,0.5,450,8,225,,
41401,1307,95-1029,DELIVERY,,None,1,1094,0,1094,,
41417,1309,9302-271.1,DG STABILIZED (color T.B.D.),"DUNE STAB. DG 1020 SF @ 3""",547,17,100,0.5,1700,,
41418,1309,33-1304,FILTER FABRIC 4oz (Mirafi 140n),,641,1100,0.2,0.003,220,,
41419,1309,95-0410,MISC BLS EQUIPMENT PER HR,,635,2,100,1,200,,
41420,1309,95-0411,ROLLER PER DAY,,635.8,1,450,8,450,,
41421,1309,95-1029,DELIVERY,,None,1,1094,0,1094,,
41439,1305,33-13035,RECYCLED CLASS 2 BASE,,999,-73.7,23,0,-1695.1,,
41440,1305,9302-271,DG NON-STABILIZED (color T.B.D),,999,-5.5,50,0,-275,,
41441,1305,95-0411,ROLLER PER DAY,,635.8,-2,450,8,-900,,
41468,1314,40-1412,"NDS #4, 6"" SQUARE BLACK",,999,-275,8.75,0,-2406.25,,
41469,1314,40-1502,"NDS #90  6"" ATRIUM BLACK",,999,275,16,0,4400,,
41518,1171,33-1287A,"PERMALOC ALUM. HDR 3/16"" x 4"" W/ STKS",BRONZE FINISH,559,1088,6.25,0.03,6800,,
41534,1169,0392-315,AGAVE DESMETTIANA 15G,,519.1,2,55,0.73,110,,
41535,1169,0740-015,BOUG. RASPBERRY ICE 15G,,519.1,2,35,0.73,70,,
41536,1169,0391-005,AGAVE ATT. VARIEGATA 5G,,520.1,1,25,0.254,25,,
41537,1169,2331-301,HEUCHERA PALACE PURPLE 1G,,522.1,2,3.8,0.11,7.6,,
41538,1169,5050-901,SENECIO ROWLEYANUS 1G,,522.1,2,5,0.11,10,,
41539,1169,41-2211,SEDUM RUPESTRE 1G,,522.1,6,7,0.11,42,,
41540,1169,9311-310,POT #1,planter supply quote,999,1,0,0,0,,
41541,1169,9500-113,"POTTING SOIL, 2 CF BAG",,642,15,13.5,0.17,202.5,,
41542,1169,9309-210,POT PLACEMENT/IRRIG/DRAIN,,636,5,15,2,75,,
41543,1169,95-1029,DELIVERY,,None,1,30,0,30,,
41544,1169,33-1304,FILTER FABRIC 4oz (Mirafi 140n),,641,100,0.2,0.003,20,,
41545,1169,9301-210,PEA GRAVEL,,635,1,45,1,45,,
41547,1312,30-3027,DECORATIVE GRAVEL (size & type TBD),LABOR ONLY,640,2,0,1,0,,
41548,1312,30-3027,DECORATIVE GRAVEL (size & type TBD),"BAJA CRESTA GRAY 140 SF @ 3"", SEE DSS QUOTE",999,1,330,0,330,,
41549,1312,95-1029,DELIVERY,,None,1,450,0,450,,
41550,1312,95-0410,MISC BLS EQUIPMENT PER HR,,635,1,100,1,100,,
41551,1312,33-1304,FILTER FABRIC 4oz (Mirafi 140n),,641,200,0.2,0.003,40,,
41558,1313,30-3027,DECORATIVE GRAVEL (size & type TBD),,640,12,0,1,0,,
41559,1313,30-3027,DECORATIVE GRAVEL (size & type TBD),"306 SF @ 8""",999,1,1924,0,1924,,
41560,1313,33-1304,FILTER FABRIC 4oz (Mirafi 140n),,641,400,0.2,0.003,80,,
41561,1313,95-0410,MISC BLS EQUIPMENT PER HR,,635,4,100,1,400,,
41562,1313,95-1029,DELIVERY,,None,1,2500,0,2500,,
41601,1317,40-1400,DOWNSPOUT 2 X 3 X 4 (PVC 35),,630.5,6,8,0.5,48,,
41602,1317,40-1974,"4"" PVC SDR 35 SOLID",,625,100,2.3,0.1,230,,
41605,1318,95-0003,"MOW CURB (FORMED, 6x6)","6"" X 6"" W/ #4 REBAR",999,357,22,0,7854,,
41634,1311,30-3027,DECORATIVE GRAVEL (size & type TBD),LABOR FOR RM1-RM8 ROCK MULCH,640,268,0,1,0,,
41635,1311,30-3027,DECORATIVE GRAVEL (size & type TBD),"RM1-RM8 ROCK / GRAVEL MULCH, SEE QUOTE FROM DSS",999,1,16322.5,0,16322.5,,
41636,1311,33-1304,FILTER FABRIC 4oz (Mirafi 140n),,641,22500,0.2,0.003,4500,,
41637,1311,95-0410,MISC BLS EQUIPMENT PER HR,,635,40,100,1,4000,,
41638,1311,95-1029,DELIVERY,,None,1,9094,0,9094,,
41639,1311,33-1287A,"PERMALOC ALUM. HDR 3/16"" x 4"" W/ STKS",,559,2224,6.25,0.03,13900,,
41716,1321,32-1008,TIE INTO COPPER STUB,,635.11,1,25,0.75,25,,
41717,1321,1342-108,"APOLLO 77CLF-10501 1"" BV","3/4"" APOLLO 32-100 SERIES",400,1,85,1,85,,
41718,1321,075-240BS,3/4 X 24 NIPPLE (BRASS),,None,1,37,0,37,,
41719,1321,12-6004,"3/4"" Type K Copper",,1010,5,16,0.03,80,,
41720,1321,13-2120,"ML 3/4"" SCH 40 PVC",,112,20,0.75,0.04,15,,
41721,1321,10-5427,RB XACZ-075-PRF  ASVF,,390,2,49,0.62,98,,
41722,1321,20-3005,"UNION 3/4"" TT SCH 80 PVC",,None,2,6,0,12,,
41723,1321,10-4244,RB ESP-TM2 WALL MOUNT 6 STA w/LNK WIFI,,471,1,215,2,215,,
41724,1321,13-1172,18-7 WIRE FOR 6 STATION CONTROLLERS,,430,40,0.63,0.003,25.2,,
41725,1321,12-3012,"CONDUIT 3/4"" ELECTRICAL (SCH 40)",,125,5,1.2,0.033,6,,
41726,1321,12-3013,"CONDUIT 1/2"" ELECTRICAL (SCH 40)",,114,5,1.4,0.01,7,,
41727,1321,13240-200,RB XFS-06-18 DRIP LINE-500',,638.5,1,204,7,204,,
41728,1321,12-2180,"LAT 3/4"" SCH 40  PVC",,110,20,0.75,0.0428,15,,
41729,1321,20-2260,3/4 x 3/4 x 1/2 TEE SST PVC,,None,14,1.25,0,17.5,,
41730,1321,30-2721,NETAFIM TL050-MA,,None,14,0.55,0,7.7,,
41731,1321,30-2739,"NETAFIM TL050MFV-1 AUTO FLSH VLV 1/2"" MPT INLET",,402.3,2,24.2,0.75,48.4,,
41732,1321,12-2180,"LAT 3/4"" SCH 40  PVC",,110,40,0.75,0.0428,30,,
41733,1321,33-2020,PENTITES,,None,-4,1.75,0,-7,,
41734,1321,33-5070,3M SCOTCHLOK DBR-Y6 CONN.,,None,4,3,0,12,,
41735,1321,13-2680,"SLV 1.5"" SCH 40 PVC",,144,20,1.7,0.03,34,,
41736,1321,>>>,WATER EXT.,,,1,0,0,0,,
41737,1321,28-1138,"NIBCO T-580 3/4"" BV",,402,1,25,1,25,,
41738,1321,15-1220,"3/4"" x 4"" PVC 80 nipple",,None,1,3.75,0,3.75,,
41739,1321,075-240BL,3/4 X 24 NIPPLE - SCH 80 (B-LN),,None,1,5,0,5,,
41740,1321,12-2180,"LAT 3/4"" SCH 40  PVC",,110,40,0.75,0.0428,30,,
41741,1321,13-2670,"SLV 2"" SCH 40 PVC",,154,20,2.3,0.04,46,,
41749,1323,,,,,1,0,0,0,,
41786,1322,33-1035,"BAJA CRESTA RUBBLE 9"" MINUS","6"" BAJA CRESTA GREY, 380 SF @ 3""",635,6,50,1,300,,
41787,1322,33-1103,"BAJA CRESTA RUBBLE 1""-3""","2.50""-3.50"" BAJA CRESTA, 380 SF @ 3""",640,6,50,1,300,,
41788,1322,33-1302,"GRAVEL 3/4""","3/4"" BAJA CRESTA",635.2,1,47,0.5,47,,
41789,1322,33-1304,FILTER FABRIC 4oz (Mirafi 140n),,641,800,0.2,0.003,160,,
41790,1322,95-0410,MISC BLS EQUIPMENT PER HR,,635,3,100,1,300,,
41791,1322,95-1029,DELIVERY,,None,1,450,0,450,,
41792,1324,33-1035,"BAJA CRESTA RUBBLE 9"" MINUS","6"" BAJA CRESTA GREY 75 SF @ 3""",635,1,50,1,50,,
41793,1324,33-1103,"BAJA CRESTA RUBBLE 1""-3""","2.50""-3.50"" BAJA CRESTA 75 SF @ 3""",640,1,50,1,50,,
41794,1324,33-1302,"GRAVEL 3/4""","3/4"" BAJA CRESTA",635.2,0.25,50,0.5,12.5,,
41795,1324,33-1304,FILTER FABRIC 4oz (Mirafi 140n),,641,200,0.2,0.003,40,,
41796,1324,95-0410,MISC BLS EQUIPMENT PER HR,,635,1,100,1,100,,
41797,1324,95-1029,DELIVERY,,None,1,150,0,150,,
41804,1326,33-1035,"BAJA CRESTA RUBBLE 9"" MINUS","6"" BAJA CRESTA, 75 SF @ 3""",635,1,50,1,50,,
41805,1326,33-1103,"BAJA CRESTA RUBBLE 1""-3""","2.50""-3.50"" BAJA CRESTA, 75 SF @ 3""",640,1,50,1,50,,
41806,1326,33-1302,"GRAVEL 3/4""","3/4"" BAJA CRESTA",635.2,0.25,50,0.5,12.5,,
41807,1326,33-1304,FILTER FABRIC 4oz (Mirafi 140n),,641,200,0.2,0.003,40,,
41808,1326,95-0410,MISC BLS EQUIPMENT PER HR,,635,1,100,1,100,,
41809,1326,95-1029,DELIVERY,,None,1,150,0,150,,
41810,1315,14-2620,"SLV 6"" SCH 40 ALERTLINE",,185,120,8,0.04,960,,
41811,1315,14-2630,"SLV 4"" SCH 40 ALERTLINE",,182,680,4.5,0.04,3060,,
41812,1315,14-2660,"SLV 2"" SCH 40 ALERTLINE",,154,780,2,0.04,1560,,
41844,1328,33-1315,FLAGSTONE PIECES (3-4 SF) (taken from pallets),"200 SF, HAND SET",567,65,50,0.3,3250,,
41847,1329,13-1729,"WILKINS 500 HLR 1""",,381,-73,490,1,-35770,,
41848,1329,13-4164,WATTS LFN45B-M1 PRV 1,,380,73,190,1.25,13870,,
41855,1320,33-1035,"BAJA CRESTA RUBBLE 9"" MINUS","6"" BAJA CRESTA GREY, 240 SF @ 3""",635,7,110,1,770,,
41856,1320,33-1103,"BAJA CRESTA RUBBLE 1""-3""","2.50""-3.50"" BAJA CRESTA , 240 SF @ 3""",640,4,110,1,440,,
41857,1320,33-1302,"GRAVEL 3/4""","3/4"" BAJA CREST",635.2,2,110,0.5,220,,
41858,1320,33-1304,FILTER FABRIC 4oz (Mirafi 140n),,641,500,0.2,0.003,100,,
41859,1320,95-0410,MISC BLS EQUIPMENT PER HR,,635,6,100,1,600,,
41860,1320,95-1029,DELIVERY,,None,1,450,0,450,,
41896,1325,33-1035,"BAJA CRESTA RUBBLE 9"" MINUS","6"" BAJA CRESTA GREY 80 SF @ 3""",635,1,50,1,50,,
41897,1325,33-1103,"BAJA CRESTA RUBBLE 1""-3""","2.50""-3.50"" BAJA CRESTA 80 SF @ 3""",640,1,50,1,50,,
41898,1325,33-1302,"GRAVEL 3/4""","3/4"" BAJA CRESTA",635.2,0.25,50,0.5,12.5,,
41899,1325,33-1304,FILTER FABRIC 4oz (Mirafi 140n),,641,1,200,0.003,200,,
41900,1325,95-0410,MISC BLS EQUIPMENT PER HR,,635,1,100,1,100,,
41901,1325,95-1029,DELIVERY,,None,1,150,0,150,,
41902,1240,33-1035,"BAJA CRESTA RUBBLE 9"" MINUS","6"" BAJA CRESTA, 80 SF @ 3""",635,1,50,1,50,,
41903,1240,33-1103,"BAJA CRESTA RUBBLE 1""-3""","2.50""-3.50"" BAJA CRESTA, 80 SF @ 3""",640,1,50,1,50,,
41904,1240,33-1302,"GRAVEL 3/4""","3/4"" BAJA CRESTA",635.2,0.5,50,0.5,25,,
41905,1240,33-1304,FILTER FABRIC 4oz (Mirafi 140n),,641,200,0.2,0.003,40,,
41906,1240,95-0410,MISC BLS EQUIPMENT PER HR,,635,1,100,1,100,,
41907,1240,95-1029,DELIVERY,,None,1,150,0,150,,
41908,1330,33-1035,"BAJA CRESTA RUBBLE 9"" MINUS","6"" BAJA CRESTA  115 sf @ 3""",635,2,50,1,100,,
41909,1330,33-1103,"BAJA CRESTA RUBBLE 1""-3""","2.50""-3.50"" BAJA CRESTA, 115 SF @ 3""",640,2,50,1,100,,
41910,1330,33-1302,"GRAVEL 3/4""","3/4"" BAJA CRESTA",635.2,1,50,0.5,50,,
41911,1330,33-1304,FILTER FABRIC 4oz (Mirafi 140n),,641,300,0.2,0.003,60,,
41912,1330,95-0410,MISC BLS EQUIPMENT PER HR,,635,2,100,1,200,,
41913,1330,95-1029,DELIVERY,,None,1,150,0,150,,
41914,1223,33-1035,"BAJA CRESTA RUBBLE 9"" MINUS","6"" BAJA CRESTA, 83 SF @ 3""",635,1,50,1,50,,
41915,1223,33-1103,"BAJA CRESTA RUBBLE 1""-3""","2.50""-3.50"" BAJA CRESTA, 83 SF @ 3""",640,1,50,1,50,,
41916,1223,33-1302,"GRAVEL 3/4""","3/4"" BAJA CRESTA",635.2,1,50,0.5,50,,
41917,1223,33-1304,FILTER FABRIC 4oz (Mirafi 140n),,641,200,0.2,0.003,40,,
41918,1223,95-0410,MISC BLS EQUIPMENT PER HR,,635,2,100,1,200,,
41919,1223,95-1029,DELIVERY,,None,1,150,0,150,,
42081,1333,40-1400,DOWNSPOUT 2 X 3 X 4 (PVC 35),,630.5,342,8,0.5,2736,,
42082,1333,40-1974,"4"" PVC SDR 35 SOLID",,625,3500,2.3,0.1,8050,,
42087,1334,40-1400,DOWNSPOUT 2 X 3 X 4 (PVC 35),,630.5,108,8,0.5,864,,
42088,1334,40-1974,"4"" PVC SDR 35 SOLID",,625,1100,2.3,0.1,2530,,
42118,1338,22-1521,"HUNTER PROS-06-PRS40-CV 6""",,213,5,17,0.12,85,,
42119,1338,12-2180,"LAT 3/4"" SCH 40  PVC",,110,40,0.4,0.0428,16,,
42120,141,33-1029,MEXICAN BEACH BLACK 1/2,,640,11,460,1,5060,,
42121,141,33-1304,FILTER FABRIC 4oz (Mirafi 140n),,641,400,0.2,0.003,80,,
42122,141,95-0410,MISC BLS EQUIPMENT PER HR,,635,6,90,1,540,,
42123,141,95-1029,DELIVERY,,None,1,400,0,400,,
42135,1339,9302-122,DG MOJAVE GOLD SWB STABILIZED,"374 SF @ 4""",547,10,130,0.5,1300,,
42136,1339,33-1304,FILTER FABRIC 4oz (Mirafi 140n),,641,500,0.2,0.003,100,,
42137,1339,95-0410,MISC BLS EQUIPMENT PER HR,,635,4,100,1,400,,
42138,1339,95-0411,ROLLER PER DAY,,635.8,1,450,8,450,,
42139,1339,95-1029,DELIVERY,,None,1,544,0,544,,
42147,906,9311-310,POT #1,,999,24,0,0,0,,
42148,906,9311-311,POT #2,,999,12,0,0,0,,
42149,906,1572-315,CUPRESS. SEMP. TINY TOWER 15G,POT#2,519.1,12,100,0.73,1200,,
42150,906,0319-215,ALOE PLICATILIS 15G,POT #1,519.1,24,100,0.73,2400,,
42151,906,4119-004,"SEDUM NUSSBAUMERIANUM 4"" POTS",POT #2 'COPPERTONE',524.1,96,4,0.04,384,,
42152,906,5050-501,SENECIO MANDRALISCAE 1G,POT#1,522,96,3.8,0.11,364.8,,
42153,906,9309-210,POT PLACEMENT/IRRIG/DRAIN,,636,36,15,2,540,,
42154,906,9500-113,"POTTING SOIL, 2 CF BAG",,642,100,13.5,0.17,1350,,
42155,906,95-1029,DELIVERY,,None,1,310,0,310,,
42156,906,33-1302,"GRAVEL 3/4""",,635.2,2,47,0.5,94,,
42157,906,33-1340,"3"" ADS PERF W/DRAIN SOCK FT",,None,100,1.5,0,150,,
42158,906,33-1360,"3"" ADS CAP",,None,36,3.5,0,126,,
42159,906,9500-137,PLANTER SUPPLY WATERING DEVICE,,637,36,150,0.1,5400,,
42162,1296,95-0118,IMPERIAL POA ANNUA PRO GOLF,Company 0355C7A0 PRECISION PUTT,800.2,470,4,0.06,1880,,
42163,1296,95-0118,IMPERIAL POA ANNUA PRO GOLF,BUY 690 SF,999,22,4,0,88,,
42164,1293,33-1224,"PERMALOC CLEANLINE 3/16"" x 4"" BLK ANOD. W/ STKS",,559,240,6.25,0.03,1500,,
42234,508,95-0076,K-9/PET TURF,,800.1,600,4.3,0.06,2580,,
42235,508,95-0076,K-9/PET TURF,,999,525,4.3,0,2257.5,,
42237,1345,4560-148,PROSOPIS CHILENSIS 48,,503.4,4,1150,6,4600,,
42238,1345,3920-936,OLEA E. WILSONII 36,,505.3,7,475,4.5,3325,,
42239,1345,1520-124,CUPANIOPSIS ANA. 24,,507,14,175,2.8,2450,,
42240,1345,3012-324,LAGER. NATCHEZ  24,,507,16,180,2.8,2880,,
42241,1345,4210-124,PINUS ELDARICA 24,,507,5,175,2.8,875,,
42242,1345,4306-124,PLAT. ACER BLOODGOOD 24,,507,12,175,2.8,2100,,
42243,1345,9302-950,CENTURY 24,,537,440,6.25,0.1,2750,,
42244,1345,0392-101,AGAVE DESMETTIANA 5G,,520,17,20,0.27,340,,
42245,1345,0748-302,BOUG. SPEC. TORCH GLOW 5G,,520,8,14,0.27,112,,
42246,1345,1052-106,WESTRINGIA FRUIT. MRNG LIGHT 5G,,520,46,13.5,0.27,621,,
42247,1345,1052-705,WESTRINGEA WES-03 5G,,520,8,13,0.27,104,,
42248,1345,2030-201,ASCLEPIAS FASCICULARIS 1G,,522,128,5,0.11,640,,
42249,1345,1330-601,CISTUS BRILLIANCY 1G,,522,93,4,0.11,372,,
42250,1345,1631-601,DIANELLA DR5000  1G,,522,291,6.5,0.11,1891.5,,
42251,1345,1325-101,HESPERALOE PARVIFOLIA 1G,,522,103,4.5,0.11,463.5,,
42252,1345,4064-201,PENSTEMON 'MARGARITA BOP' 1G,,522,81,5,0.11,405,,
42253,1345,4925-501,SALVIA GREGII 1G,,522,14,4,0.11,56,,
42254,1345,4902-701,SALVIA SONOMENSIS 1G,,522,57,6,0.11,342,,
42255,1345,4920-801,SALVIA ,,522,36,5,0.11,180,,
42256,1345,5010-901,SPHAERALCEA AMBIGUA 1G,,522,31,6,0.11,186,,
42257,1345,3950-301,WESTRINGIA MUNDI 1G,,522,112,5.5,0.11,616,,
42258,1345,33-018,AGUINAGA FOREST FLOOR MULCH,,534.1,110,58,0.5,6380,,
42259,1345,41-1305,WEST COAST TIFTUF BERMUDA,,532,37500,0.65,0.005,24375,,
42260,1345,9302-210,SOIL PREP,,533,49440,0,0.0035,0,,
42261,1345,9300-100,NITRO FIR,,534,150,29,0.15,4350,,
42262,1345,33-1160,12-12-12 50# BAG,,570,12,44,0.18,528,,
42263,1345,33-1720,GYPSUM 50# BAG,,570,38,8,0.18,304,,
42264,1345,9302-280,SOIL TEST,,None,1,900,0,900,,
42265,1345,9302-225,FINE RAKE,,536,49440,0,0.002,0,,
42266,1345,9302-220,WEED CONTROL (GRO-N-KILL),,535,5000,0,0.0005,0,,
42267,1345,95-1029,DELIVERY,,None,1,1800,0,1800,,
42268,1346,>>>,PARK AREA DRAINS,,,0,0,0,0,,
42269,1346,40-1974,"4"" PVC SDR 35 SOLID",,625,820,2.3,0.1,1886,,
42270,1346,40-1520,NDS #78 4,,630.2,26,11.25,0.75,292.5,,
42271,1346,40-1600,NDS 1230 12x12 ADAPTER,,605,5,31,1,155,,
42272,1346,40-1902,BREAK INTO CATCH BASIN (4,,636,5,300,2,1500,,
42273,1347,>>>,OFF-SITE PLANTING,,,1,0,0,0,,
42274,1347,4560-148,PROSOPIS CHILENSIS 48,,503.4,2,1150,6,2300,,
42275,1347,1151-624,CERCIS C. FOREST PANSY 24,,507,21,190,2.8,3990,,
42276,1347,1300-224,CHILOPSIS LINEARIS STD 24,,507,2,175,2.8,350,,
42277,1347,1520-124,CUPANIOPSIS ANA. 24,,507,30,175,2.8,5250,,
42278,1347,4210-124,PINUS ELDARICA 24,,507,17,175,2.8,2975,,
42279,1347,4240-224,PISTACIA CHI. 'RED PUSH' 24,,507,40,160,2.8,6400,,
42280,1347,4308-124,PLATANUS RACEMOSA 24,,507,3,175,2.8,525,,
42281,1347,4306-124,PLAT. ACER BLOODGOOD 24,,507,7,175,2.8,1225,,
42282,1347,4802-524,RHUS LANCEA 24,,507,11,175,2.8,1925,,
42283,1347,9302-135,24,,507,4,185,2.8,740,,
42284,1347,9302-276,DEEP ROOT UB-18-2  (PER PANEL),,537,690,8,0.1,5520,,
42285,1347,0392-005,AGAVE DESMETTIANA 5G,,520,9,20,0.27,180,,
42286,1347,0748-302,BOUG. SPEC. TORCH GLOW 5G,,520,270,14,0.27,3780,,
42287,1347,4816-505,RIBES SPECIOSUM 5G,,520,47,13,0.27,611,,
42288,1347,6077-405,ROSA CALIFORNICA 5G,,520,52,18,0.27,936,,
42289,1347,4204-505,WEST. F. 'MORNING LIGHT' 5G,,520,336,12.5,0.27,4200,,
42290,1347,1052-705,WESTRINGEA WES-03 5G,,520,119,13,0.27,1547,,
42291,1347,2030-201,ASCLEPIAS FASCICULARIS 1G,,522,95,5,0.11,475,,
42292,1347,1330-601,CISTUS BRILLIANCY 1G,,522,216,4,0.11,864,,
42293,1347,1631-805,DIANELLA DR5000  1G,,522,101,6.5,0.11,656.5,,
42294,1347,1325-101,HESPERALOE PARVIFOLIA 1G,,522,159,4.5,0.11,715.5,,
42295,1347,2690-501,IVA HAYSIANA 1G,,522,132,4,0.11,528,,
42296,1347,2326-801,JUSTICA SPICERGERA 5G,,522,33,3.5,0.11,115.5,,
42297,1347,4064-201,PENSTEMON 'MARGARITA BOP' 1G,,522,36,5,0.11,180,,
42298,1347,4925-501,SALVIA GREGII 1G,,522,198,4,0.11,792,,
42299,1347,4920-801,SALVIA ,,522,160,5,0.11,800,,
42300,1347,5010-901,SPHAERALCEA AMBIGUA 1G,,522,8,6,0.11,48,,
42301,1347,3950-301,WESTRINGIA MUNDI 1G,,522,246,5.5,0.11,1353,,
42302,1347,4025-505,PARTH. TRICUSP 5G STK,,520,142,16.5,0.27,2343,,
42303,1347,2101-1000,GENERIC MULCH,,534.1,396,25,0.5,9900,,
42304,1347,2101-1000,GENERIC MULCH,,534.1,56,25,0.5,1400,,
42305,1347,9302-225,FINE RAKE,,536,48823,0,0.002,0,,
42306,1347,9302-008,SOIL PREP,,533,48823,0,0.0035,0,,
42307,1347,9302-220,WEED CONTROL (GRO-N-KILL),,535,5000,0,0.0005,0,,
42308,1347,95-1029,DELIVERY,,None,1,3600,0,3600,,
42309,1348,>>>,OFFSITE DRAINS,,,1,0,0,0,,
42310,1348,40-1974,"4"" PVC SDR 35 SOLID",,625,1060,2.3,0.1,2438,,
42311,1348,40-1600,NDS 1230 12x12 ADAPTER,,610.1,7,31,1,217,,
42312,1349,>>>,PRODUCTION DRAINS (TOTAL 94 LOTS),,,1,0,0,0,,
42313,1349,40-1974,4,,625,16880,2.3,0.1,38824,,
42314,1349,40-1600,NDS 1230 12x12 ADAPTER,,610.1,397,31,1,12307,,
42315,1349,40-1461,NDS #11 4,,630,157,5,0.5,785,,
42316,1349,40-1752,"CURB CORES 3-5, 3.5",,None,133,110,0,14630,,
42317,1349,40-1660,ABS SDR 35 3,,620,1600,4.35,0.1,6960,,
42318,1349,40-1020,PVC SDR 35 4,,None,0,8.5,0,0,,
42319,1349,23-60111,4,,999,133,11.25,0,1496.25,,
42320,1349,40-1902,BREAK INTO CATCH BASIN (4,,636,3,300,2,900,,
42321,1349,40-1912,TIE INTO DRAINLINE  4,,635,20,10,1,200,,
42322,1349,,,,,1,0,0,0,,
42323,1350,>>>,HOA Person 8B3E4FC9 PLANTING,,,1,0,0,0,,
42324,1350,4560-148,PROSOPIS CHILENSIS 48,,503.4,22,1150,6,25300,,
42325,1350,3920-936,OLEA E. WILSONII 36,,505.3,24,475,4.5,11400,,
42326,1350,1520-124,CUPANIOPSIS ANA. 24,,507,45,175,2.8,7875,,
42327,1350,3012-324,LAGER. NATCHEZ  24,,507,12,180,2.8,2160,,
42328,1350,3920-524,OLEA WILSON 24,,507,22,180,2.8,3960,,
42329,1350,1151-624,CERCIS C. FOREST PANSY 24,,507,10,200,2.8,2000,,
42330,1350,4210-124,PINUS ELDARICA 24,,507,6,175,2.8,1050,,
42331,1350,9302-950,CENTURY 24,,537,2160,6,0.1,12960,,
42332,1350,0392-005,AGAVE DESMETTIANA 5G,,520,12,20,0.27,240,,
42333,1350,0748-302,BOUG. SPEC. TORCH GLOW 5G,,520,95,14,0.27,1330,,
42334,1350,2811-505,JUNIPERUS BLUE POINT 5G CLMN,,520,11,18,0.27,198,,
42335,1350,4025-505,PARTH. TRICUSP 5G STK,,520,59,16.5,0.27,973.5,,
42336,1350,1052-106,WESTRINGIA FRUIT. MRNG LIGHT 5G,,520,63,13.5,0.27,850.5,,
42337,1350,1052-705,WESTRINGEA WES-03 5G,,520,117,13,0.27,1521,,
42338,1350,2030-201,ASCLEPIAS FASCICULARIS 1G,,522,52,5,0.11,260,,
42339,1350,1330-601,CISTUS BRILLIANCY 1G,,522,253,4,0.11,1012,,
42340,1350,1631-601,DIANELLA DR5000  1G,,522,467,6.5,0.11,3035.5,,
42341,1350,1325-101,HESPERALOE PARVIFOLIA 1G,,522,94,4.5,0.11,423,,
42342,1350,4064-201,PENSTEMON 'MARGARITA BOP' 1G,,522,70,5,0.11,350,,
42343,1350,4925-501,SALVIA GREGII 1G,,522,108,4,0.11,432,,
42344,1350,4902-701,SALVIA SONOMENSIS 1G,,522,358,6,0.11,2148,,
42345,1350,3950-301,WESTRINGIA MUNDI 1G,,522,329,5.5,0.11,1809.5,,
42346,1350,2101-1000,GENERIC MULCH,,534.1,305,25,0.5,7625,,
42347,1350,2101-1000,GENERIC MULCH,,534.1,4,25,0.5,100,,
42348,1350,9302-210,SOIL PREP,,533,33382,0,0.0035,0,,
42349,1350,9302-225,FINE RAKE,,536,33382,0,0.002,0,,
42350,1350,9302-220,WEED CONTROL (GRO-N-KILL),,535,3500,0,0.0005,0,,
42351,1350,95-1029,DELIVERY,,None,1,5300,0,5300,,
42352,1351,20-2260,3/4 x 3/4 x 1/2 TEE SST PVC,,None,200,1.25,0,250,,
42353,1351,30-2707,NETAFIM TL TEE,,None,200,0.5,0,100,,
42354,1351,13420-072,GPH GDFN-R FLUSH NOZZLE,,637.1,10,15,0.125,150,,
42355,1351,13-2420,LAT 1,,120,760,1.15,0.0438,874,,
42356,1351,13-2410,LAT 3/4,,110,180,0.8,0.0428,144,,
42357,1351,14-2620,SLV 6,,185,80,13.3,0.04,1064,,
42358,1351,>>>,OFF-SITE IRRIGATION,,,1,0,0,0,,
42359,1351,9301-230,AS-BUILTS AND REPRO CHARGES,,451,1,600,3.75,600,,
42360,1351,13-1636,"WILKINS 950XL-200,  2",,260,1,1100,8,1100,,
42361,1351,15-1720,2,,None,1,90,0,90,,
42362,1351,32-1079,STRONGBOX SBBC-45CR BF ENCL,,480,1,2000,4,2000,,
42363,1351,9305-210,IRRIGATION MISC #2,,999,1,200,0,200,,
42364,1351,0395-106,"CONCRETE BASE (BF, PUMP, CONTROLLER)",,635.5,1,250,5,250,,
42365,1351,001-015,2,,None,2,82,0,164,,
42366,1351,9301-250,THRUST BLOCKS,,460,2,15,0.5,30,,
42367,1351,27-1067,SUPERIOR 3200-RW  1.5,,380.2,1,480,1.25,480,,
42368,1351,9304-210,IRRIGATION MISC #1,,999,1,104,0,104,,
42369,1351,32-0068,RB IVMDEC DECODER (non-RB valves),,637.2,1,238,0.25,238,,
42370,1351,13-2505,EATON #72 SIMPLEX S.S. B.S. 1.5,,382.2,1,4480,1.5,4480,,
42371,1351,15-1700,1.5,,None,2,65,0,130,,
42372,1351,13-1696,WILKINS 500XL-HLR 1.5,,380.2,1,1930,1.25,1930,,
42373,1351,15-1700,1.5,,None,1,65,0,65,,
42374,1351,32-0076,ITS IFS-150F FLOW SENSOR,,380.2,1,424,1.25,424,,
42375,1351,32-0082,RB IVMSD SENSOR DECODER,,637.2,1,624,0.25,624,,
42376,1351,32-0025,PUMP ASSEMBLY #1,,647,1,31180,10,31180,,
42377,1351,95-0006,"CONCRETE BASE (BF, PUMP, CONTROLLER)",,635.5,1,250,5,250,,
42378,1351,0395-111,ELECTRIC SUB,,999,1,800,0,800,,
42379,1351,0113-601,,,162,1800,4.65,0.038,8370,,
42380,1351,0113-205,ML 1,,122,100,1.15,0.04,115,,
42381,1351,13-2300,ML 3/4,,112,60,0.8,0.04,48,,
42382,1351,28-1100,NIBCO T-113 - 2.5,,402.1,17,640,1,10880,,
42383,1351,28-1020,NIBCO T-113 - 1,,402.1,5,130,1,650,,
42384,1351,28-1000,NIBCO T-113 -3/4,,402.1,6,87,1,522,,
42385,1351,27-1159,SUPERIOR QB44-AT-RC,,420,11,167,0.86,1837,,
42386,1351,32-0066,"RB IVM-PESB-100 - 1"" W/ IVM SOLENOID DECODER",,380.2,17,262,1.25,4454,,
42387,1351,10-1141,RB NP-HAN PESB PURPLE,,None,17,7,0,119,,
42388,1351,10-5425,RB XCZ-100-PRBR DRIP RW VALVE,,382.2,8,292,1.5,2336,,
42389,1351,10-1141,RB NP-HAN PESB PURPLE,,None,25,7,0,175,,
42390,1351,13-2670,SLV 2,,154,80,2.3,0.04,184,,
42391,1351,20-3062,LASCO V10791N 1,,999,25,6.5,0,162.5,,
42392,1351,32-0069,RB IVMSL DECODER,,637.2,25,0,0.25,0,,
42393,1351,33-5072,3M SCOTCHLOK 3570 CONN,,999,50,6.2,0,310,,
42394,1351,1839-101,IMPERIAL CONTR. ASSEMBLY #1,,490,1,12044,10,12044,,
42395,1351,95-0006,"CONCRETE BASE (BF, PUMP, CONTROLLER)",,635.5,1,250,5,250,,
42396,1351,95-0010,ELECTRICAL SUB./PERMITS FOR CONTROLLER,,None,1,800,0,800,,
42397,1351,13-1042,PAIGE P-7162D SENSOR CABLE,,430,500,1.2,0.003,600,,
42398,1351,>>>,OFF SITE IRRIGATION,,,0,0,0,0,,
42399,1351,14-2630,SLV 4,,182,40,7.2,0.04,288,,
42400,1351,9301-298,RECLAIMED WATER SIGN regular,,635.11,7,120,0.75,840,,
42401,1351,32-1011,BRICK PAVER,,639.1,261,1.4,0.005,365.4,,
42402,1351,33-2020,PENTITES,,None,-72,1.75,0,-126,,
42403,1351,33-5072,3M SCOTCHLOK 3570 CONN,,999,72,6.2,0,446.4,,
42404,1351,33-1304,FILTER FABRIC 4oz (Mirafi 140n),,641,400,0.2,0.003,80,,
42405,1351,7000-100,WIRE CLOTH 19-GAUGE 1/2,,639.3,300,1,0.025,300,,
42406,1351,9310-213,TURNOVER ITEMS,,None,1,600,0,600,,
42407,1351,12-3011,CONDUIT 1,,126,40,1.8,0.033,72,,
42408,1351,22-1525,HUNTER PROS-12-PRS40-CV-R 12,,213,133,24,0.12,3192,,
42409,1351,22-1087,HUNTER PROSPRAY NOZZLE,,None,-133,1.2,0,-159.6,,
42410,1351,32-1196,HUNTER MP2000 ROTATOR NOZZLE,,None,67,7,0,469,,
42411,1351,32-1197,HUNTER MP3000 ROTATOR NOZZLE,,None,66,7,0,462,,
42412,1351,13-2430,LAT 1.25,,130,100,1.6,0.0458,160,,
42413,1351,13-2420,LAT 1,,120,200,1.15,0.0438,230,,
42414,1351,13-2410,LAT 3/4,,110,2400,0.8,0.0428,1920,,
42415,1351,13240-240,"RB XFS-CV-PS-09-18 (p-stripe, 500')",,638.5,20,240,7,4800,,
42416,1351,12-2180,LAT 3/4,,110,300,0.75,0.0428,225,,
42417,1351,13-1012,PAIGE P7072D-ORANGE,,430,2500,0.85,0.003,2125,,
42418,1351,12-3011,CONDUIT 1,,126,2160,1.8,0.033,3888,,
42419,1351,33-2603,ELECTRICAL SWEEP 1,,None,50,5.2,0,260,,
42420,1351,32-0070,RB IVMSP SURGE PROTECTOR,,380.4,7,113,1.25,791,,
42421,1351,32-0053,RB GR-K GROUND ROD KIT,,635.2,7,91,0.5,637,,
42422,1351,40-2145,NDS 111PBCR 10,,None,10,18,0,180,,
42423,1351,10-8000,RB 1804-SAM-PRS (USE PL. NOZ),,210,281,8.5,0.12,2388.5,,
42424,1351,10-5440,RB PLASTIC NOZZLE,,None,-281,1.1,0,-309.1,,
42425,1351,10-1140,RB PA 80 ADAPTER,,None,281,3,0,843,,
42426,1351,10-1180,RB 1401 BUBBLER,,999,281,5,0,1405,,
42427,1351,13-2430,LAT 1.25,,130,20,1.6,0.0458,32,,
42428,1351,13-2420,LAT 1,,120,400,1.15,0.0438,460,,
42429,1351,13-2410,LAT 3/4,,110,3700,0.8,0.0428,2960,,
42430,1352,0320-136,3/4 x 3/4 x 1/2 TEE SST PVC,,None,400,1.25,0,500,,
42431,1352,30-2701,NETAFIM TL TEE,,None,400,0.5,0,200,,
42432,1352,13420-072,GPH GDFN-R FLUSH NOZZLE,,637.1,11,15,0.125,165,,
42433,1352,13-2430,LAT 1.25,,130,160,1.6,0.0458,256,,
42434,1352,13-2420,LAT 1,,120,160,1.15,0.0438,184,,
42435,1352,11-1480,LAT 3/4,,110,700,0.8,0.0428,560,,
42436,1352,22-1524,HUNTER PROS-06-PRS40-CV-R 6,,213,56,19,0.12,1064,,
42437,1352,22-1087,HUNTER PROSPRAY NOZZLE,,None,-56,1.2,0,-67.2,,
42438,1352,32-1197,HUNTER MP3000 ROTATOR NOZZLE,,None,56,7,0,392,,
42439,1352,20-3062,LASCO V10791N 1,,999,14,6.5,0,91,,
42440,1352,32-0067,RB IVM-PESB-150 - 1.5,,380.2,7,290,1.25,2030,,
42441,1352,20-3064,LASCO V17791N 1.5,,999,7,16,0,112,,
42442,1352,>>>,PARK IRRIGATION,,,0,0,0,0,,
42443,1352,32-0069,RB IVMSL DECODER,,637.2,21,0,0.25,0,,
42444,1352,10-1141,RB NP-HAN PESB PURPLE,,None,10,7,0,70,,
42445,1352,33-5072,3M SCOTCHLOK 3570 CONN,,999,42,6.2,0,260.4,,
42446,1352,13-1011,PAIGE P7072D-BLUE,,430,1400,0.85,0.003,1190,,
42447,1352,12-3011,CONDUIT 1,,126,1140,1.8,0.033,2052,,
42448,1352,33-2603,ELECTRICAL SWEEP 1,,None,42,5.2,0,218.4,,
42449,1352,40-2145,NDS 111PBCR 10,,None,6,18,0,108,,
42450,1352,10-8000,RB 1804-SAM-PRS (USE PL. NOZ),,210,90,8.5,0.12,765,,
42451,1352,0210-124,RB PLASTIC NOZZLE,,None,-90,1.1,0,-99,,
42452,1352,10-1140,RB PA 80 ADAPTER,,None,90,3,0,270,,
42453,1352,10-1180,RB 1401 BUBBLER,,999,90,5,0,450,,
42454,1352,10-1135,RB 1800 NP COVER (PURPLE-RECLAIMED),,639,90,2.5,0.01,225,,
42455,1352,13-2420,LAT 1,,120,80,1.15,0.0438,92,,
42456,1352,13-2410,LAT 3/4,,110,1200,0.8,0.0428,960,,
42457,1352,13240-205,"RB XFS-CV-09-12-P (purple, 500')",,638.5,3,265,7,795,,
42458,1352,13240-205,"RB XFS-CV-09-12-P (purple, 500')",,638.5,17,265,7,4505,,
42459,1352,13-2410,LAT 3/4,,110,600,0.8,0.0428,480,,
42460,1352,13-2430,LAT 1.25,,130,480,1.6,0.0458,768,,
42461,1352,13-2420,LAT 1,,120,280,1.15,0.0438,322,,
42462,1352,13-2410,LAT 3/4,,110,1060,0.8,0.0428,848,,
42463,1352,14-2620,SLV 6,,185,120,13.3,0.04,1596,,
42464,1352,14-2630,SLV 4,,182,200,7.2,0.04,1440,,
42465,1352,13-2670,SLV 2,,154,120,2.3,0.04,276,,
42466,1352,9301-298,RECLAIMED WATER SIGN regular,,635.11,8,120,0.75,960,,
42467,1352,32-1011,BRICK PAVER,,639.1,165,1.4,0.005,231,,
42468,1352,33-2020,PENTITES,,None,-42,1.75,0,-73.5,,
42469,1352,33-5072,3M SCOTCHLOK 3570 CONN,,999,42,6.2,0,260.4,,
42470,1352,33-1304,FILTER FABRIC 4oz (Mirafi 140n),,641,200,0.2,0.003,40,,
42471,1352,7000-100,WIRE CLOTH 19-GAUGE 1/2,,639.3,150,1,0.025,150,,
42472,1352,32-1009,TIE INTO EXISTING MAINLINE,,635.3,1,100,3,100,,
42473,1352,13-2200,,,162,1140,4.65,0.038,5301,,
42474,1352,13-2300,ML 3/4,,112,80,0.8,0.04,64,,
42475,1352,28-1100,NIBCO T-113 - 2.5,,402.1,10,640,1,6400,,
42476,1352,28-1000,NIBCO T-113 -3/4,,402.1,8,87,1,696,,
42477,1352,27-1159,SUPERIOR QB44-AT-RC,,420.2,9,167,1.13,1503,,
42478,1352,32-0066,RB IVM-PESB-100 - 1,,380.2,3,310,1.25,930,,
42479,1352,10-5439,RB XCZ-100-PRF,,382.2,11,292,1.5,3212,,
42480,1353,>>>,HOA Person 8B3E4FC9 IRRIG,,,1,0,0,0,,
42481,1353,9301-230,AS-BUILTS AND REPRO CHARGES,,451,1,600,3.75,600,,
42482,1353,9301-255,STUB OUT FOR FUTURE USE,,461,5,5,0.5,25,,
42483,1353,9301-255,STUB OUT FOR FUTURE USE,,461,10,5,0.5,50,,
42484,1353,9301-255,STUB OUT FOR FUTURE USE,,461,38,3,0.5,114,,
42485,1353,13-2030,,,162,3840,3.8,0.038,14592,,
42486,1353,13-2110,ML 1,,122,200,1.1,0.04,220,,
42487,1353,13-1637,WILKINS 950XL-100 1,,290,1,360,6,360,,
42488,1353,15-1660,1,,None,1,57,0,57,,
42489,1353,32-1073,STRONGBOX SBBC-30CR BF ENCL,,480,1,1450,4,1450,,
42490,1353,9304-210,IRRIGATION MISC #1,,999,1,150,0,150,,
42491,1353,95-0006,"CONCRETE BASE (BF, PUMP, CONTROLLER)",,635.5,1,250,5,250,,
42492,1353,9301-250,THRUST BLOCKS,,460,2,15,0.5,30,,
42493,1353,13-1696,WILKINS 500XL-HLR 1.5,,380,1,1930,1.25,1930,,
42494,1353,15-1700,1.5,,None,1,65,0,65,,
42495,1353,27-1056,SUPERIOR 3200  1.5,,380,1,500,1.25,500,,
42496,1353,9304-210,IRRIGATION MISC #1,,999,1,104,0,104,,
42497,1353,32-0068,RB IVMDEC DECODER (non-RB valves),,637.2,1,155,0.25,155,,
42498,1353,32-0076,ITS IFS-150F FLOW SENSOR,,380,1,452,1.25,452,,
42499,1353,0202-324,,,637.2,1,624,0.25,624,,
42500,1353,12-3011,CONDUIT 1,,126,40,1.8,0.033,72,,
42501,1353,28-1100,NIBCO T-113 - 2.5,,400,31,640,1,19840,,
42502,1353,28-1020,NIBCO T-113 - 1,,400,19,130,1,2470,,
42503,1353,10-5400,RB 44LRC,,420,12,125,0.86,1500,,
42504,1353,32-0066,RB IVM-PESB-100 - 1,,380,16,216,1.25,3456,,
42505,1353,32-0069,RB IVMSL DECODER,,637.2,16,0,0.25,0,,
42506,1353,10-5439,RB XCZ-100-PRF,,380.6,25,292,1,7300,,
42507,1353,32-0069,RB IVMSL DECODER,,637.2,25,0,0.25,0,,
42508,1353,20-3062,LASCO V10791N 1,,999,41,6.5,0,266.5,,
42509,1353,1839-102,IMPERIAL CONTR. ASSEMBLY #2,,490,1,13779,10,13779,,
42510,1353,95-0010,ELECTRICAL SUB./PERMITS FOR CONTROLLER,,None,1,800,0,800,,
42511,1353,95-0006,"CONCRETE BASE (BF, PUMP, CONTROLLER)",,635.5,1,250,5,250,,
42512,1353,33-2603,ELECTRICAL SWEEP 1,,None,1,5.2,0,5.2,,
42513,1353,13-1013,PAIGE P7072D-PURPLE,,430,3300,0.85,0.003,2805,,
42514,1353,13-1038,PAIGE P-7072-D COMM. CABLE,,430,800,1.16,0.003,928,,
42515,1353,12-3011,CONDUIT 1,,126,3760,1.8,0.033,6768,,
42516,1353,30-1012,ELECTRICAL SWEEP,,639.2,82,8,0.3,656,,
42517,1353,40-2145,NDS 111PBCR 10,,None,1,18,0,18,,
42518,1353,32-0070,RB IVMSP SURGE PROTECTOR,,380.4,5,113,1.25,565,,
42519,1353,32-0053,RB GR-K GROUND ROD KIT,,635.2,5,91,0.5,455,,
42520,1353,10-8000,RB 1804-SAM-PRS (USE PL. NOZ),,210,290,8.5,0.12,2465,,
42521,1353,10-5440,RB PLASTIC NOZZLE,,None,-290,1.1,0,-319,,
42522,1353,10-1140,RB PA 80 ADAPTER,,None,290,3,0,870,,
42523,1353,10-1180,RB 1401 BUBBLER,,999,290,5,0,1450,,
42524,1353,12-2200,LAT 1,,120,40,1.1,0.0438,44,,
42525,1353,12-2180,LAT 3/4,,110,6240,0.75,0.0428,4680,,
42526,1353,13240-201,RB XFS-CV-09-18-500',,638.5,43,240,7,10320,,
42527,1353,12-2180,LAT 3/4,,110,2000,0.75,0.0428,1500,,
42528,1353,0320-172,3/4 x 3/4 x 1/2 TEE SST PVC,,None,1330,1.25,0,1662.5,,
42529,1353,30-2707,NETAFIM TL TEE,,None,1330,0.5,0,665,,
42530,1353,13420-075,GPH GDFN-R FLUSH NOZZLE,,637.1,19,15,0.125,285,,
42531,1353,0112-105,LAT 1.25,,131,60,1.45,0.04,87,,
42532,1353,12-2200,LAT 1,,120,840,1.1,0.0438,924,,
42533,1353,12-2180,LAT 3/4,,110,4780,0.75,0.0428,3585,,
42534,1353,13-2630,SLV 6,,185,1320,12.1,0.04,15972,,
42535,1353,13-2640,SLV 4,,182,1860,6.85,0.04,12741,,
42536,1353,0113-501,SLV 2,,154,1420,2.3,0.04,3266,,
42537,1353,32-1011,BRICK PAVER,,639.1,336,1.4,0.005,470.4,,
42538,1353,33-2020,PENTITES,,None,-98,1.75,0,-171.5,,
42539,1353,33-5072,3M SCOTCHLOK 3570 CONN,,999,98,6.2,0,607.6,,
42540,1353,33-1304,FILTER FABRIC 4oz (Mirafi 140n),,641,500,0.2,0.003,100,,
42541,1353,7000-100,WIRE CLOTH 19-GAUGE 1/2,,639.3,300,1,0.025,300,,
42542,1353,9310-207,TURNOVER ITEMS,,None,1,600,0,600,,
42543,1353,,,,,1,0,0,0,,
42544,1353,,,,,1,0,0,0,,
42545,1354,>>>,HOA Person 8B3E4FC9 PLANTING,,,1,0,0,0,,
42546,1354,4560-148,PROSOPIS CHILENSIS 48,,503.4,22,1150,6,25300,,
42547,1354,3920-936,OLEA E. WILSONII 36,,505.3,24,475,4.5,11400,,
42548,1354,1520-124,CUPANIOPSIS ANA. 24,,507,45,175,2.8,7875,,
42549,1354,3012-324,LAGER. NATCHEZ  24,,507,12,180,2.8,2160,,
42550,1354,3920-524,OLEA WILSON 24,,507,22,180,2.8,3960,,
42551,1354,1151-624,CERCIS C. FOREST PANSY 24,,507,10,200,2.8,2000,,
42552,1354,4210-124,PINUS ELDARICA 24,,507,6,175,2.8,1050,,
42553,1354,9302-950,CENTURY 24,,537,2160,6,0.1,12960,,
42554,1354,0392-005,AGAVE DESMETTIANA 5G,,520,12,20,0.27,240,,
42555,1354,0748-302,BOUG. SPEC. TORCH GLOW 5G,,520,95,14,0.27,1330,,
42556,1354,2811-505,JUNIPERUS BLUE POINT 5G CLMN,,520,11,18,0.27,198,,
42557,1354,4025-505,PARTH. TRICUSP 5G STK,,520,59,16.5,0.27,973.5,,
42558,1354,1052-106,WESTRINGIA FRUIT. MRNG LIGHT 5G,,520,63,13.5,0.27,850.5,,
42559,1354,1052-705,WESTRINGEA WES-03 5G,,520,117,13,0.27,1521,,
42560,1354,2030-201,ASCLEPIAS FASCICULARIS 1G,,522,52,5,0.11,260,,
42561,1354,1330-601,CISTUS BRILLIANCY 1G,,522,253,4,0.11,1012,,
42562,1354,1631-601,DIANELLA DR5000  1G,,522,467,6.5,0.11,3035.5,,
42563,1354,1325-101,HESPERALOE PARVIFOLIA 1G,,522,94,4.5,0.11,423,,
42564,1354,4064-201,PENSTEMON 'MARGARITA BOP' 1G,,522,70,5,0.11,350,,
42565,1354,4925-501,SALVIA GREGII 1G,,522,108,4,0.11,432,,
42566,1354,4902-701,SALVIA SONOMENSIS 1G,,522,358,6,0.11,2148,,
42567,1354,3950-301,WESTRINGIA MUNDI 1G,,522,329,5.5,0.11,1809.5,,
42568,1354,2101-1000,GENERIC MULCH,,534.1,305,25,0.5,7625,,
42569,1354,2101-1000,GENERIC MULCH,,534.1,4,25,0.5,100,,
42570,1354,9302-210,SOIL PREP,,533,33382,0,0.0035,0,,
42571,1354,9302-225,FINE RAKE,,536,33382,0,0.002,0,,
42572,1354,9302-220,WEED CONTROL (GRO-N-KILL),,535,3500,0,0.0005,0,,
42573,1354,95-1029,DELIVERY,,None,1,5300,0,5300,,
42574,1355,20-2260,3/4 x 3/4 x 1/2 TEE SST PVC,,None,200,1.25,0,250,,
42575,1355,30-2707,NETAFIM TL TEE,,None,200,0.5,0,100,,
42576,1355,13420-072,GPH GDFN-R FLUSH NOZZLE,,637.1,10,15,0.125,150,,
42577,1355,13-2420,LAT 1,,120,760,1.15,0.0438,874,,
42578,1355,13-2410,LAT 3/4,,110,180,0.8,0.0428,144,,
42579,1355,14-2620,SLV 6,,185,80,13.3,0.04,1064,,
42580,1355,>>>,OFF-SITE IRRIGATION,,,1,0,0,0,,
42581,1355,9301-230,AS-BUILTS AND REPRO CHARGES,,451,1,600,3.75,600,,
42582,1355,13-1636,"WILKINS 950XL-200,  2",,260,1,1100,8,1100,,
42583,1355,15-1720,2,,None,1,90,0,90,,
42584,1355,32-1079,STRONGBOX SBBC-45CR BF ENCL,,480,1,2000,4,2000,,
42585,1355,9305-210,IRRIGATION MISC #2,,999,1,200,0,200,,
42586,1355,0395-106,"CONCRETE BASE (BF, PUMP, CONTROLLER)",,635.5,1,250,5,250,,
42587,1355,001-015,2,,None,2,82,0,164,,
42588,1355,9301-250,THRUST BLOCKS,,460,2,15,0.5,30,,
42589,1355,27-1067,SUPERIOR 3200-RW  1.5,,380.2,1,480,1.25,480,,
42590,1355,9304-210,IRRIGATION MISC #1,,999,1,104,0,104,,
42591,1355,32-0068,RB IVMDEC DECODER (non-RB valves),,637.2,1,238,0.25,238,,
42592,1355,13-2505,EATON #72 SIMPLEX S.S. B.S. 1.5,,382.2,1,4480,1.5,4480,,
42593,1355,15-1700,1.5,,None,2,65,0,130,,
42594,1355,13-1696,WILKINS 500XL-HLR 1.5,,380.2,1,1930,1.25,1930,,
42595,1355,15-1700,1.5,,None,1,65,0,65,,
42596,1355,32-0076,ITS IFS-150F FLOW SENSOR,,380.2,1,424,1.25,424,,
42597,1355,32-0082,RB IVMSD SENSOR DECODER,,637.2,1,624,0.25,624,,
42598,1355,32-0025,PUMP ASSEMBLY #1,,647,1,31180,10,31180,,
42599,1355,95-0006,"CONCRETE BASE (BF, PUMP, CONTROLLER)",,635.5,1,250,5,250,,
42600,1355,0395-111,ELECTRIC SUB,,999,1,800,0,800,,
42601,1355,0113-601,,,162,1800,4.65,0.038,8370,,
42602,1355,0113-205,ML 1,,122,100,1.15,0.04,115,,
42603,1355,13-2300,ML 3/4,,112,60,0.8,0.04,48,,
42604,1355,28-1100,NIBCO T-113 - 2.5,,402.1,17,640,1,10880,,
42605,1355,28-1020,NIBCO T-113 - 1,,402.1,5,130,1,650,,
42606,1355,28-1000,NIBCO T-113 -3/4,,402.1,6,87,1,522,,
42607,1355,27-1159,SUPERIOR QB44-AT-RC,,420,11,167,0.86,1837,,
42608,1355,32-0066,"RB IVM-PESB-100 - 1"" W/ IVM SOLENOID DECODER",,380.2,17,262,1.25,4454,,
42609,1355,10-1141,RB NP-HAN PESB PURPLE,,None,17,7,0,119,,
42610,1355,10-5425,RB XCZ-100-PRBR DRIP RW VALVE,,382.2,8,292,1.5,2336,,
42611,1355,10-1141,RB NP-HAN PESB PURPLE,,None,25,7,0,175,,
42612,1355,13-2670,SLV 2,,154,80,2.3,0.04,184,,
42613,1355,20-3062,LASCO V10791N 1,,999,25,6.5,0,162.5,,
42614,1355,32-0069,RB IVMSL DECODER,,637.2,25,0,0.25,0,,
42615,1355,33-5072,3M SCOTCHLOK 3570 CONN,,999,50,6.2,0,310,,
42616,1355,1839-101,IMPERIAL CONTR. ASSEMBLY #1,,490,1,12044,10,12044,,
42617,1355,95-0006,"CONCRETE BASE (BF, PUMP, CONTROLLER)",,635.5,1,250,5,250,,
42618,1355,95-0010,ELECTRICAL SUB./PERMITS FOR CONTROLLER,,None,1,800,0,800,,
42619,1355,13-1042,PAIGE P-7162D SENSOR CABLE,,430,500,1.2,0.003,600,,
42620,1355,>>>,OFF SITE IRRIGATION,,,0,0,0,0,,
42621,1355,14-2630,SLV 4,,182,40,7.2,0.04,288,,
42622,1355,9301-298,RECLAIMED WATER SIGN regular,,635.11,7,120,0.75,840,,
42623,1355,32-1011,BRICK PAVER,,639.1,261,1.4,0.005,365.4,,
42624,1355,33-2020,PENTITES,,None,-72,1.75,0,-126,,
42625,1355,33-5072,3M SCOTCHLOK 3570 CONN,,999,72,6.2,0,446.4,,
42626,1355,33-1304,FILTER FABRIC 4oz (Mirafi 140n),,641,400,0.2,0.003,80,,
42627,1355,7000-100,WIRE CLOTH 19-GAUGE 1/2,,639.3,300,1,0.025,300,,
42628,1355,9310-213,TURNOVER ITEMS,,None,1,600,0,600,,
42629,1355,12-3011,CONDUIT 1,,126,40,1.8,0.033,72,,
42630,1355,22-1525,HUNTER PROS-12-PRS40-CV-R 12,,213,133,24,0.12,3192,,
42631,1355,22-1087,HUNTER PROSPRAY NOZZLE,,None,-133,1.2,0,-159.6,,
42632,1355,32-1196,HUNTER MP2000 ROTATOR NOZZLE,,None,67,7,0,469,,
42633,1355,32-1197,HUNTER MP3000 ROTATOR NOZZLE,,None,66,7,0,462,,
42634,1355,13-2430,LAT 1.25,,130,100,1.6,0.0458,160,,
42635,1355,13-2420,LAT 1,,120,200,1.15,0.0438,230,,
42636,1355,13-2410,LAT 3/4,,110,2400,0.8,0.0428,1920,,
42637,1355,13240-240,"RB XFS-CV-PS-09-18 (p-stripe, 500')",,638.5,20,240,7,4800,,
42638,1355,12-2180,LAT 3/4,,110,300,0.75,0.0428,225,,
42639,1355,13-1012,PAIGE P7072D-ORANGE,,430,2500,0.85,0.003,2125,,
42640,1355,12-3011,CONDUIT 1,,126,2160,1.8,0.033,3888,,
42641,1355,33-2603,ELECTRICAL SWEEP 1,,None,50,5.2,0,260,,
42642,1355,32-0070,RB IVMSP SURGE PROTECTOR,,380.4,7,113,1.25,791,,
42643,1355,32-0053,RB GR-K GROUND ROD KIT,,635.2,7,91,0.5,637,,
42644,1355,40-2145,NDS 111PBCR 10,,None,10,18,0,180,,
42645,1355,10-8000,RB 1804-SAM-PRS (USE PL. NOZ),,210,281,8.5,0.12,2388.5,,
42646,1355,10-5440,RB PLASTIC NOZZLE,,None,-281,1.1,0,-309.1,,
42647,1355,10-1140,RB PA 80 ADAPTER,,None,281,3,0,843,,
42648,1355,10-1180,RB 1401 BUBBLER,,999,281,5,0,1405,,
42649,1355,13-2430,LAT 1.25,,130,20,1.6,0.0458,32,,
42650,1355,13-2420,LAT 1,,120,400,1.15,0.0438,460,,
42651,1355,13-2410,LAT 3/4,,110,3700,0.8,0.0428,2960,,
42652,1356,0320-136,3/4 x 3/4 x 1/2 TEE SST PVC,,None,400,1.25,0,500,,
42653,1356,30-2701,NETAFIM TL TEE,,None,400,0.5,0,200,,
42654,1356,13420-072,GPH GDFN-R FLUSH NOZZLE,,637.1,11,15,0.125,165,,
42655,1356,13-2430,LAT 1.25,,130,160,1.6,0.0458,256,,
42656,1356,13-2420,LAT 1,,120,160,1.15,0.0438,184,,
42657,1356,11-1480,LAT 3/4,,110,700,0.8,0.0428,560,,
42658,1356,22-1524,HUNTER PROS-06-PRS40-CV-R 6,,213,56,19,0.12,1064,,
42659,1356,22-1087,HUNTER PROSPRAY NOZZLE,,None,-56,1.2,0,-67.2,,
42660,1356,32-1197,HUNTER MP3000 ROTATOR NOZZLE,,None,56,7,0,392,,
42661,1356,20-3062,LASCO V10791N 1,,999,14,6.5,0,91,,
42662,1356,32-0067,RB IVM-PESB-150 - 1.5,,380.2,7,290,1.25,2030,,
42663,1356,20-3064,LASCO V17791N 1.5,,999,7,16,0,112,,
42664,1356,>>>,PARK IRRIGATION,,,0,0,0,0,,
42665,1356,32-0069,RB IVMSL DECODER,,637.2,21,0,0.25,0,,
42666,1356,10-1141,RB NP-HAN PESB PURPLE,,None,10,7,0,70,,
42667,1356,33-5072,3M SCOTCHLOK 3570 CONN,,999,42,6.2,0,260.4,,
42668,1356,13-1011,PAIGE P7072D-BLUE,,430,1400,0.85,0.003,1190,,
42669,1356,12-3011,CONDUIT 1,,126,1140,1.8,0.033,2052,,
42670,1356,33-2603,ELECTRICAL SWEEP 1,,None,42,5.2,0,218.4,,
42671,1356,40-2145,NDS 111PBCR 10,,None,6,18,0,108,,
42672,1356,10-8000,RB 1804-SAM-PRS (USE PL. NOZ),,210,90,8.5,0.12,765,,
42673,1356,0210-124,RB PLASTIC NOZZLE,,None,-90,1.1,0,-99,,
42674,1356,10-1140,RB PA 80 ADAPTER,,None,90,3,0,270,,
42675,1356,10-1180,RB 1401 BUBBLER,,999,90,5,0,450,,
42676,1356,10-1135,RB 1800 NP COVER (PURPLE-RECLAIMED),,639,90,2.5,0.01,225,,
42677,1356,13-2420,LAT 1,,120,80,1.15,0.0438,92,,
42678,1356,13-2410,LAT 3/4,,110,1200,0.8,0.0428,960,,
42679,1356,13240-205,"RB XFS-CV-09-12-P (purple, 500')",,638.5,3,265,7,795,,
42680,1356,13240-205,"RB XFS-CV-09-12-P (purple, 500')",,638.5,17,265,7,4505,,
42681,1356,13-2410,LAT 3/4,,110,600,0.8,0.0428,480,,
42682,1356,13-2430,LAT 1.25,,130,480,1.6,0.0458,768,,
42683,1356,13-2420,LAT 1,,120,280,1.15,0.0438,322,,
42684,1356,13-2410,LAT 3/4,,110,1060,0.8,0.0428,848,,
42685,1356,14-2620,SLV 6,,185,120,13.3,0.04,1596,,
42686,1356,14-2630,SLV 4,,182,200,7.2,0.04,1440,,
42687,1356,13-2670,SLV 2,,154,120,2.3,0.04,276,,
42688,1356,9301-298,RECLAIMED WATER SIGN regular,,635.11,8,120,0.75,960,,
42689,1356,32-1011,BRICK PAVER,,639.1,165,1.4,0.005,231,,
42690,1356,33-2020,PENTITES,,None,-42,1.75,0,-73.5,,
42691,1356,33-5072,3M SCOTCHLOK 3570 CONN,,999,42,6.2,0,260.4,,
42692,1356,33-1304,FILTER FABRIC 4oz (Mirafi 140n),,641,200,0.2,0.003,40,,
42693,1356,7000-100,WIRE CLOTH 19-GAUGE 1/2,,639.3,150,1,0.025,150,,
42694,1356,32-1009,TIE INTO EXISTING MAINLINE,,635.3,1,100,3,100,,
42695,1356,13-2200,,,162,1140,4.65,0.038,5301,,
42696,1356,13-2300,ML 3/4,,112,80,0.8,0.04,64,,
42697,1356,28-1100,NIBCO T-113 - 2.5,,402.1,10,640,1,6400,,
42698,1356,28-1000,NIBCO T-113 -3/4,,402.1,8,87,1,696,,
42699,1356,27-1159,SUPERIOR QB44-AT-RC,,420.2,9,167,1.13,1503,,
42700,1356,32-0066,RB IVM-PESB-100 - 1,,380.2,3,310,1.25,930,,
42701,1356,10-5439,RB XCZ-100-PRF,,382.2,11,292,1.5,3212,,
42702,1357,4560-148,PROSOPIS CHILENSIS 48,,503.4,4,1150,6,4600,,
42703,1357,3920-936,OLEA E. WILSONII 36,,505.3,7,475,4.5,3325,,
42704,1357,1520-124,CUPANIOPSIS ANA. 24,,507,14,175,2.8,2450,,
42705,1357,3012-324,LAGER. NATCHEZ  24,,507,16,180,2.8,2880,,
42706,1357,4210-124,PINUS ELDARICA 24,,507,5,175,2.8,875,,
42707,1357,4306-124,PLAT. ACER BLOODGOOD 24,,507,12,175,2.8,2100,,
42708,1357,9302-950,CENTURY 24,,537,440,6.25,0.1,2750,,
42709,1357,0392-101,AGAVE DESMETTIANA 5G,,520,17,20,0.27,340,,
42710,1357,0748-302,BOUG. SPEC. TORCH GLOW 5G,,520,8,14,0.27,112,,
42711,1357,1052-106,WESTRINGIA FRUIT. MRNG LIGHT 5G,,520,46,13.5,0.27,621,,
42712,1357,1052-705,WESTRINGEA WES-03 5G,,520,8,13,0.27,104,,
42713,1357,2030-201,ASCLEPIAS FASCICULARIS 1G,,522,128,5,0.11,640,,
42714,1357,1330-601,CISTUS BRILLIANCY 1G,,522,93,4,0.11,372,,
42715,1357,1631-601,DIANELLA DR5000  1G,,522,291,6.5,0.11,1891.5,,
42716,1357,1325-101,HESPERALOE PARVIFOLIA 1G,,522,103,4.5,0.11,463.5,,
42717,1357,4064-201,PENSTEMON 'MARGARITA BOP' 1G,,522,81,5,0.11,405,,
42718,1357,4925-501,SALVIA GREGII 1G,,522,14,4,0.11,56,,
42719,1357,4902-701,SALVIA SONOMENSIS 1G,,522,57,6,0.11,342,,
42720,1357,4920-801,SALVIA ,,522,36,5,0.11,180,,
42721,1357,5010-901,SPHAERALCEA AMBIGUA 1G,,522,31,6,0.11,186,,
42722,1357,3950-301,WESTRINGIA MUNDI 1G,,522,112,5.5,0.11,616,,
42723,1357,33-018,AGUINAGA FOREST FLOOR MULCH,,534.1,110,58,0.5,6380,,
42724,1357,41-1305,WEST COAST TIFTUF BERMUDA,,532,37500,0.65,0.005,24375,,
42725,1357,9302-210,SOIL PREP,,533,49440,0,0.0035,0,,
42726,1357,9300-100,NITRO FIR,,534,150,29,0.15,4350,,
42727,1357,33-1160,12-12-12 50# BAG,,570,12,44,0.18,528,,
42728,1357,33-1720,GYPSUM 50# BAG,,570,38,8,0.18,304,,
42729,1357,9302-280,SOIL TEST,,None,1,900,0,900,,
42730,1357,9302-225,FINE RAKE,,536,49440,0,0.002,0,,
42731,1357,9302-220,WEED CONTROL (GRO-N-KILL),,535,5000,0,0.0005,0,,
42732,1357,95-1029,DELIVERY,,None,1,1800,0,1800,,
42733,1358,>>>,PARK AREA DRAINS,,,0,0,0,0,,
42734,1358,40-1974,"4"" PVC SDR 35 SOLID",,625,820,2.3,0.1,1886,,
42735,1358,40-1520,NDS #78 4,,630.2,26,11.25,0.75,292.5,,
42736,1358,40-1600,NDS 1230 12x12 ADAPTER,,605,5,31,1,155,,
42737,1358,40-1902,BREAK INTO CATCH BASIN (4,,636,5,300,2,1500,,
42738,1359,>>>,OFF-SITE PLANTING,,,1,0,0,0,,
42739,1359,4560-148,PROSOPIS CHILENSIS 48,,503.4,2,1150,6,2300,,
42740,1359,1151-624,CERCIS C. FOREST PANSY 24,,507,21,190,2.8,3990,,
42741,1359,1300-224,CHILOPSIS LINEARIS STD 24,,507,2,175,2.8,350,,
42742,1359,1520-124,CUPANIOPSIS ANA. 24,,507,30,175,2.8,5250,,
42743,1359,4210-124,PINUS ELDARICA 24,,507,17,175,2.8,2975,,
42744,1359,4240-224,PISTACIA CHI. 'RED PUSH' 24,,507,40,160,2.8,6400,,
42745,1359,4308-124,PLATANUS RACEMOSA 24,,507,3,175,2.8,525,,
42746,1359,4306-124,PLAT. ACER BLOODGOOD 24,,507,7,175,2.8,1225,,
42747,1359,4802-524,RHUS LANCEA 24,,507,11,175,2.8,1925,,
42748,1359,9302-135,24,,507,4,185,2.8,740,,
42749,1359,9302-276,DEEP ROOT UB-18-2  (PER PANEL),,537,690,8,0.1,5520,,
42750,1359,0392-005,AGAVE DESMETTIANA 5G,,520,9,20,0.27,180,,
42751,1359,0748-302,BOUG. SPEC. TORCH GLOW 5G,,520,270,14,0.27,3780,,
42752,1359,4816-505,RIBES SPECIOSUM 5G,,520,47,13,0.27,611,,
42753,1359,6077-405,ROSA CALIFORNICA 5G,,520,52,18,0.27,936,,
42754,1359,4204-505,WEST. F. 'MORNING LIGHT' 5G,,520,336,12.5,0.27,4200,,
42755,1359,1052-705,WESTRINGEA WES-03 5G,,520,119,13,0.27,1547,,
42756,1359,2030-201,ASCLEPIAS FASCICULARIS 1G,,522,95,5,0.11,475,,
42757,1359,1330-601,CISTUS BRILLIANCY 1G,,522,216,4,0.11,864,,
42758,1359,1631-805,DIANELLA DR5000  1G,,522,101,6.5,0.11,656.5,,
42759,1359,1325-101,HESPERALOE PARVIFOLIA 1G,,522,159,4.5,0.11,715.5,,
42760,1359,2690-501,IVA HAYSIANA 1G,,522,132,4,0.11,528,,
42761,1359,2326-801,JUSTICA SPICERGERA 5G,,522,33,3.5,0.11,115.5,,
42762,1359,4064-201,PENSTEMON 'MARGARITA BOP' 1G,,522,36,5,0.11,180,,
42763,1359,4925-501,SALVIA GREGII 1G,,522,198,4,0.11,792,,
42764,1359,4920-801,SALVIA ,,522,160,5,0.11,800,,
42765,1359,5010-901,SPHAERALCEA AMBIGUA 1G,,522,8,6,0.11,48,,
42766,1359,3950-301,WESTRINGIA MUNDI 1G,,522,246,5.5,0.11,1353,,
42767,1359,4025-505,PARTH. TRICUSP 5G STK,,520,142,16.5,0.27,2343,,
42768,1359,2101-1000,GENERIC MULCH,,534.1,396,25,0.5,9900,,
42769,1359,2101-1000,GENERIC MULCH,,534.1,56,25,0.5,1400,,
42770,1359,9302-225,FINE RAKE,,536,48823,0,0.002,0,,
42771,1359,9302-008,SOIL PREP,,533,48823,0,0.0035,0,,
42772,1359,9302-220,WEED CONTROL (GRO-N-KILL),,535,5000,0,0.0005,0,,
42773,1359,95-1029,DELIVERY,,None,1,3600,0,3600,,
42774,1360,>>>,OFFSITE DRAINS,,,1,0,0,0,,
42775,1360,40-1974,"4"" PVC SDR 35 SOLID",,625,1060,2.3,0.1,2438,,
42776,1360,40-1600,NDS 1230 12x12 ADAPTER,,610.1,7,31,1,217,,
42777,1361,>>>,PRODUCTION DRAINS (TOTAL 94 LOTS),,,1,0,0,0,,
42778,1361,40-1974,4,,625,16880,2.3,0.1,38824,,
42779,1361,40-1600,NDS 1230 12x12 ADAPTER,,610.1,397,31,1,12307,,
42780,1361,40-1461,NDS #11 4,,630,157,5,0.5,785,,
42781,1361,40-1752,"CURB CORES 3-5, 3.5",,None,133,110,0,14630,,
42782,1361,40-1660,ABS SDR 35 3,,620,1600,4.35,0.1,6960,,
42783,1361,40-1020,PVC SDR 35 4,,None,0,8.5,0,0,,
42784,1361,23-60111,4,,999,133,11.25,0,1496.25,,
42785,1361,40-1902,BREAK INTO CATCH BASIN (4,,636,3,300,2,900,,
42786,1361,40-1912,TIE INTO DRAINLINE  4,,635,20,10,1,200,,
42787,1361,,,,,1,0,0,0,,
42788,1362,>>>,HOA Person 8B3E4FC9 IRRIG,,,1,0,0,0,,
42789,1362,9301-230,AS-BUILTS AND REPRO CHARGES,,451,1,600,3.75,600,,
42790,1362,9301-255,STUB OUT FOR FUTURE USE,,461,5,5,0.5,25,,
42791,1362,9301-255,STUB OUT FOR FUTURE USE,,461,10,5,0.5,50,,
42792,1362,9301-255,STUB OUT FOR FUTURE USE,,461,38,3,0.5,114,,
42793,1362,13-2030,,,162,3840,3.8,0.038,14592,,
42794,1362,13-2110,ML 1,,122,200,1.1,0.04,220,,
42795,1362,13-1637,WILKINS 950XL-100 1,,290,1,360,6,360,,
42796,1362,15-1660,1,,None,1,57,0,57,,
42797,1362,32-1073,STRONGBOX SBBC-30CR BF ENCL,,480,1,1450,4,1450,,
42798,1362,9304-210,IRRIGATION MISC #1,,999,1,150,0,150,,
42799,1362,95-0006,"CONCRETE BASE (BF, PUMP, CONTROLLER)",,635.5,1,250,5,250,,
42800,1362,9301-250,THRUST BLOCKS,,460,2,15,0.5,30,,
42801,1362,13-1696,WILKINS 500XL-HLR 1.5,,380,1,1930,1.25,1930,,
42802,1362,15-1700,1.5,,None,1,65,0,65,,
42803,1362,27-1056,SUPERIOR 3200  1.5,,380,1,500,1.25,500,,
42804,1362,9304-210,IRRIGATION MISC #1,,999,1,104,0,104,,
42805,1362,32-0068,RB IVMDEC DECODER (non-RB valves),,637.2,1,155,0.25,155,,
42806,1362,32-0076,ITS IFS-150F FLOW SENSOR,,380,1,452,1.25,452,,
42807,1362,0202-324,,,637.2,1,624,0.25,624,,
42808,1362,12-3011,CONDUIT 1,,126,40,1.8,0.033,72,,
42809,1362,28-1100,NIBCO T-113 - 2.5,,400,31,640,1,19840,,
42810,1362,28-1020,NIBCO T-113 - 1,,400,19,130,1,2470,,
42811,1362,10-5400,RB 44LRC,,420,12,125,0.86,1500,,
42812,1362,32-0066,RB IVM-PESB-100 - 1,,380,16,216,1.25,3456,,
42813,1362,32-0069,RB IVMSL DECODER,,637.2,16,0,0.25,0,,
42814,1362,10-5439,RB XCZ-100-PRF,,380.6,25,292,1,7300,,
42815,1362,32-0069,RB IVMSL DECODER,,637.2,25,0,0.25,0,,
42816,1362,20-3062,LASCO V10791N 1,,999,41,6.5,0,266.5,,
42817,1362,1839-102,IMPERIAL CONTR. ASSEMBLY #2,,490,1,13779,10,13779,,
42818,1362,95-0010,ELECTRICAL SUB./PERMITS FOR CONTROLLER,,None,1,800,0,800,,
42819,1362,95-0006,"CONCRETE BASE (BF, PUMP, CONTROLLER)",,635.5,1,250,5,250,,
42820,1362,33-2603,ELECTRICAL SWEEP 1,,None,1,5.2,0,5.2,,
42821,1362,13-1013,PAIGE P7072D-PURPLE,,430,3300,0.85,0.003,2805,,
42822,1362,13-1038,PAIGE P-7072-D COMM. CABLE,,430,800,1.16,0.003,928,,
42823,1362,12-3011,CONDUIT 1,,126,3760,1.8,0.033,6768,,
42824,1362,30-1012,ELECTRICAL SWEEP,,639.2,82,8,0.3,656,,
42825,1362,40-2145,NDS 111PBCR 10,,None,1,18,0,18,,
42826,1362,32-0070,RB IVMSP SURGE PROTECTOR,,380.4,5,113,1.25,565,,
42827,1362,32-0053,RB GR-K GROUND ROD KIT,,635.2,5,91,0.5,455,,
42828,1362,10-8000,RB 1804-SAM-PRS (USE PL. NOZ),,210,290,8.5,0.12,2465,,
42829,1362,10-5440,RB PLASTIC NOZZLE,,None,-290,1.1,0,-319,,
42830,1362,10-1140,RB PA 80 ADAPTER,,None,290,3,0,870,,
42831,1362,10-1180,RB 1401 BUBBLER,,999,290,5,0,1450,,
42832,1362,12-2200,LAT 1,,120,40,1.1,0.0438,44,,
42833,1362,12-2180,LAT 3/4,,110,6240,0.75,0.0428,4680,,
42834,1362,13240-201,RB XFS-CV-09-18-500',,638.5,43,240,7,10320,,
42835,1362,12-2180,LAT 3/4,,110,2000,0.75,0.0428,1500,,
42836,1362,0320-172,3/4 x 3/4 x 1/2 TEE SST PVC,,None,1330,1.25,0,1662.5,,
42837,1362,30-2707,NETAFIM TL TEE,,None,1330,0.5,0,665,,
42838,1362,13420-075,GPH GDFN-R FLUSH NOZZLE,,637.1,19,15,0.125,285,,
42839,1362,0112-105,LAT 1.25,,131,60,1.45,0.04,87,,
42840,1362,12-2200,LAT 1,,120,840,1.1,0.0438,924,,
42841,1362,12-2180,LAT 3/4,,110,4780,0.75,0.0428,3585,,
42842,1362,13-2630,SLV 6,,185,1320,12.1,0.04,15972,,
42843,1362,13-2640,SLV 4,,182,1860,6.85,0.04,12741,,
42844,1362,0113-501,SLV 2,,154,1420,2.3,0.04,3266,,
42845,1362,32-1011,BRICK PAVER,,639.1,336,1.4,0.005,470.4,,
42846,1362,33-2020,PENTITES,,None,-98,1.75,0,-171.5,,
42847,1362,33-5072,3M SCOTCHLOK 3570 CONN,,999,98,6.2,0,607.6,,
42848,1362,33-1304,FILTER FABRIC 4oz (Mirafi 140n),,641,500,0.2,0.003,100,,
42849,1362,7000-100,WIRE CLOTH 19-GAUGE 1/2,,639.3,300,1,0.025,300,,
42850,1362,9310-207,TURNOVER ITEMS,,None,1,600,0,600,,
42851,1362,,,,,1,0,0,0,,
42852,1362,,,,,1,0,0,0,,
42853,1288,9325-1010,BOULDER 1','SURFACE SELECT',635.2,2,25,0.5,50,,
42854,1288,9325-102,BOULDER 2','SURFACE SELECT',635,3,75,1,225,,
42855,1288,9325-103,BOULDER 3','SURFACE SELECT',635,3,184,1,552,,
42856,1288,95-0410,MISC BLS EQUIPMENT PER HR,,635,4,100,1,400,,
42857,1288,95-1029,DELIVERY,(6) pallet charges included,None,1,565,0,565,,
42858,1289,9301-11116,"DEL RIO GRAVEL 1""-4""",,635,11.5,191,1,2196.5,,
42859,1289,33-1136,"GLACIER PEBBLE 3/8"" SUPER SACK (SWB)","P-4, 877 SF @ 3""",635,13,276,1,3588,,
42860,1289,33-1137,WHITE ICE 3/4 (also in 1.5''),"P-5, 308 SF",635,4.5,266,1,1197,,
42861,1289,9301-403,"MEXICAN BEACH PEBBLE BLK 2""-3""","P-6,  83 SF @ 3""",640,1.5,520,1,780,,
42862,1289,9301-1223,"CALIFORNIA GOLD CHIPS 7/8""","SAN QUINTIN , 224 SF @ 3""",635,3,619,1,1857,,
42863,1289,33-1023,"MEXICAN BEACH ROJA, 3/8""","P-3, ROJA MEXICAN BEACH PEBBLE 2""-3""  , 261 SF",640,4,520,1,2080,,
42864,1289,33-1304,FILTER FABRIC 4oz (Mirafi 140n),,641,3000,0.2,0.003,600,,
42865,1289,95-0410,MISC BLS EQUIPMENT PER HR,,635,8,100,1,800,,
42866,1289,95-1029,DELIVERY,,None,3,438,0,1314,,
42909,1308,9302-271.1,DG STABILIZED (color T.B.D.),"SUNNY SIDE DG 154 SF @ 3""",547,3,156,0.5,468,,
42910,1308,33-1304,FILTER FABRIC 4oz (Mirafi 140n),,641,200,0.2,0.003,40,,
42911,1308,95-0410,MISC BLS EQUIPMENT PER HR,,635,1,100,1,100,,
42912,1308,95-0411,ROLLER PER DAY,,635.8,0.5,450,8,225,,
42913,1308,95-1029,DELIVERY,,None,1,544,0,544,,
43000,1377,95-0003,"MOW CURB (FORMED, 6x6)",,999,296,22,0,6512,,
43029,1381,9302-961,DG PALM SPRINGS GOLD STABILIZED,,547,19,103,0.5,1957,,
43030,1381,33-13035,RECYCLED CLASS 2 BASE,,635.2,16,23,0.5,368,,
43031,1381,33-1304,FILTER FABRIC 4oz (Mirafi 140n),,641,1500,0.2,0.003,300,,
43032,1381,95-0410,MISC BLS EQUIPMENT PER HR,,635,4,100,1,400,,
43033,1381,95-0411,ROLLER PER DAY,,635.8,1,450,8,450,,
43034,1381,95-1029,DELIVERY,,None,1,225,0,225,,
43040,1380,9325-104,BOULDER 4',,635,20,0,1,0,,
43041,1380,9325-103,BOULDER 3',,635,20,0,1,0,,
43042,1380,9325-102,BOULDER 2',,635,19,0,1,0,,
43043,1380,9325-101,BOULDERS PER TON (add labor),,999,35.5,335,0,11892.5,,
43044,1380,95-0410,MISC BLS EQUIPMENT PER HR,,635,16,100,1,1600,,
43045,1380,95-1029,DELIVERY,,None,2,225,0,450,,
43053,1382,>>>,ALT. ADD PER DETAIL 6 ON SHT L7.30,palm tree planting,,0,0,0,0,,
43054,1382,9302-309,DUCKBILL 88RBK (up to 6,,642,53,240,0.17,12720,,
43055,1382,9306-210,LANDSCAPE MISC #1,PRESSURE TREATED BRACING & STAKES,999,53,75,1,3975,,
43077,1386,12-3010,"CONDUIT 1.25""  ELECTRICAL (SCH 40)",,127,3000,2.5,0.036,7500,,
43078,1386,33-2604,"ELECTRICAL SWEEP 1.25"" (SCH 40)",,None,98,7.3,0,715.4,,
43213,1391,>>>,ALT. ADD PER DETAIL 6 ON SHT L7.30,,,0,0,0,0,,
43214,1391,9302-309,DUCKBILL 88RBK (up to 6,,642,53,240,0.17,12720,,
43215,1391,9306-210,LANDSCAPE MISC #1,,999,53,75,1,3975,,
43289,1316,0370-315,ARBUTUS MARINA 15G STD,,510,-3,65,1.01,-195,,
43290,1316,3014-115,LAGERS. TUSCARORA 15G STD,,510,-2,60,1.01,-120,,
43291,1316,0370-524,"ARBUTUS UNEDO 24""  STD",,507,6,200,2.8,1200,,
43292,1316,3922-424,LAG. F. TUSCARORA 24,,507,3,190,2.8,570,,
43293,1316,5366-124,TRISTANIA CONFERTA 24,,507,18,185,2.8,3330,,
43294,1316,9302-950,CENTURY CP2424 (24 x 24 panel),,537,120,6.25,0.1,750,,
43295,1316,3790-515,NERIUM OLEANDER PET PINK 15G,,519,4,45,0.75,180,,
43296,1316,95-1016,DELIVERY/ FREIGHT,,None,1,550,0,550,,
43297,1316,9306-210,LANDSCAPE MISC #1,MOVE OLIVE AND SYCAMORE,999,1,150,8,150,,
43298,1316,95-0410,MISC BLS EQUIPMENT PER HR,,635,2,100,1,200,,
43333,1412,4405-215,ABUTILON H. RED 15G PATIO TREE,,510,1,53,1.01,53,,
43334,1412,0947-801,CAREX DIVULSA 1G,,522,62,4,0.11,248,,
43335,1412,2101-1000,GENERIC MULCH,,534.1,2,25,0.5,50,,
43336,1412,9302-225,FINE RAKE,,536,130,0,0.002,0,,
43337,1412,9302-210,SOIL PREP,,533,130,0,0.0035,0,,
43338,1412,9300-100,NITRO FIR,,534,1,29,0.15,29,,
43339,1412,33-1720,GYPSUM 50# BAG,,570,1,8,0.18,8,,
43340,1412,33-1160,12-12-12 50# BAG,,570,1,44,0.18,44,,
43341,1412,95-1029,DELIVERY,,None,1,50,0,50,,
43347,1414,9302-997,PRO GOLD INFIELD MIX GOLD ( GAIL),,547,188,121,0.5,22748,,
43348,1414,95-0410,MISC BLS EQUIPMENT PER HR,,635,12,100,1,1200,,
43349,1414,95-0411,ROLLER PER DAY,,635.8,1,450,8,450,,
43350,1414,95-1029,DELIVERY,,None,1,6040,0,6040,,
43351,1415,95-0111,IMPERIAL CA TALL FESCUE 90 (Imperial),,800.1,6800,4.25,0.06,28900,,
43352,1415,95-0111,IMPERIAL CA TALL FESCUE 90 (Imperial),,999,700,4.25,0,2975,,
43356,1413,9302-997,PRO GOLD INFIELD MIX GOLD ( GAIL),,547,255,45,0.5,11475,,
43357,1413,9302-999,PRO GOLD MOUND CLAY ( GAIL),,547,1,500,0.5,500,,
43358,1413,95-0410,MISC BLS EQUIPMENT PER HR,,635,16,100,1,1600,,
43359,1413,95-0411,ROLLER PER DAY,,635.8,1,450,8,450,,
43360,1413,95-1029,DELIVERY,,None,1,9500,0,9500,,
43361,1417,95-0004,MOW CURB (EXTRUDED),6 X 6 W/ #3 REBAR,None,825,14,0,11550,,
43384,1418,0740-505,BOUG. BARB KARST 5G STK,,526,9,14.4,0.7,129.6,,
43385,1418,2101-1000,GENERIC MULCH,,534.1,5,20,0.5,100,,
43386,1418,0391-005,AGAVE ATT. VARIEGATA 5G,,520.1,1,20,0.254,20,,
43387,1418,9302-165,1G SHRUB,,522,6,4,0.11,24,,
43388,1418,95-1029,DELIVERY,,None,1,40,0,40,,
43421,1411,9310-205,"GRASSPAVE 2 (6'6"" wide x 65.6' long per roll)",,800,1440,6.44,0.08,9273.6,,
43422,1411,9302-225,FINE RAKE,,536,1440,0,0.002,0,,
43438,915,95-0113,IMPERIAL AN-FESCUE-65 (nylon; anti-melt),FOREVER LAWN,800.1,1280,9,0.06,11520,,
43439,915,95-0113,IMPERIAL AN-FESCUE-65 (nylon; anti-melt),BUY 1300 SF,999,200,9,0,1800,,
43440,916,4066-501,PENNISETUM ALOPECUROIDES 1G,,522.1,4,8,0.11,32,,
43441,916,3356-501,LIRIOPE MUSC VAR 1G,,522.1,12,7,0.11,84,,
43442,916,0001-019,"CAREX SPISSA 4"" POTS","CAREX HOWEI ""WILLOW THE WISP""",524,12,4,0.025,48,,
43443,916,9311-310,POT #1,,999,1,0,0,0,,
43444,916,9309-210,POT PLACEMENT/IRRIG/DRAIN,,636,4,15,2,60,,
43445,916,9500-113,"POTTING SOIL, 2 CF BAG",,642,12,13.5,0.17,162,,
43446,916,33-1302,"GRAVEL 3/4""",,635.2,1,50,0.5,50,,
43447,916,33-1304,FILTER FABRIC 4oz (Mirafi 140n),,641,60,0.2,0.003,12,,
43448,916,33-1340,"3"" ADS PERF W/DRAIN SOCK FT",,None,20,1.5,0,30,,
43449,916,40-1462,"NDS #14  3"" ROUND BLACK",,630.2,5,4.5,0.75,22.5,,
43450,916,95-1029,DELIVERY,,None,1,50,0,50,,
43451,984,9301-167,PRO COURT SAND (GILLEBRAND),,637.2,60,85,0.25,5100,,
43452,984,33-1304,FILTER FABRIC 4oz (Mirafi 140n),,641,500,0.2,0.003,100,,
43453,984,95-0410,MISC BLS EQUIPMENT PER HR,,635,6,100,1,600,,
43454,984,95-1016,DELIVERY/ FREIGHT,,None,1,900,0,900,,
43625,1427,9302-997,PRO GOLD INFIELD MIX GOLD ( GAIL),,547,188,121,0.5,22748,,
43626,1427,95-0410,MISC BLS EQUIPMENT PER HR,,635,12,100,1,1200,,
43627,1427,95-0411,ROLLER PER DAY,,635.8,1,450,8,450,,
43628,1427,95-1029,DELIVERY,,None,1,6040,0,6040,,
43629,1428,95-0111,IMPERIAL CA TALL FESCUE 90 (Imperial),,800.1,6800,4.25,0.06,28900,,
43630,1428,95-0111,IMPERIAL CA TALL FESCUE 90 (Imperial),,999,700,4.25,0,2975,,
43631,1429,95-0004,MOW CURB (EXTRUDED),,None,825,14,0,11550,,
43632,1430,9302-997,PRO GOLD INFIELD MIX GOLD ( GAIL),,547,255,45,0.5,11475,,
43633,1430,9302-999,PRO GOLD MOUND CLAY ( GAIL),,547,1,500,0.5,500,,
43634,1430,95-0410,MISC BLS EQUIPMENT PER HR,,635,16,100,1,1600,,
43635,1430,95-0411,ROLLER PER DAY,,635.8,1,450,8,450,,
43636,1430,95-1029,DELIVERY,,None,1,9500,0,9500,,
43637,1431,9310-205,"GRASSPAVE 2 (6'6"" wide x 65.6' long per roll)",,800,1440,6.44,0.08,9273.6,,
43638,1431,9302-225,FINE RAKE,,536,1440,0,0.002,0,,
43717,1373,>>>,INSTALL OVER EXISTING ASPHALT,,,1,0,0,0,,
43718,1373,95-0127,HAT HEATSHIELD 80 oz,,999,3500,4.3,0,15050,,
43719,1373,95-0127,HAT HEATSHIELD 80 oz,"WASTE , BUY 4500 SF",999,1000,4.3,0,4300,,
43720,1373,9306-210,LANDSCAPE MISC #1,LABOR,999,1,1000,130,1000,,
43721,1373,9310-199,"CAMOFILL SAND, 50#",,999,140,22,0,3080,,
43722,1373,95-0078,"TURF SEAM TAPE (12""x330' roll)",,999,1,110,0,110,,
43723,1373,9306-211,LANDSCAPE MISC #2,,999,18,280,0,5040,,
43773,1435,4066-501,PENNISETUM ALOPECUROIDES 1G,,522.1,4,8,0.11,32,,
43774,1435,3356-501,LIRIOPE MUSC VAR 1G,,522.1,12,7,0.11,84,,
43775,1435,0001-019,"CAREX SPISSA 4"" POTS",,524,12,4,0.025,48,,
43776,1435,9311-310,POT #1,,999,1,0,0,0,,
43777,1435,9309-210,POT PLACEMENT/IRRIG/DRAIN,,636,4,15,2,60,,
43778,1435,9500-113,"POTTING SOIL, 2 CF BAG",,642,12,13.5,0.17,162,,
43779,1435,33-1302,"GRAVEL 3/4""",,635.2,1,50,0.5,50,,
43780,1435,33-1304,FILTER FABRIC 4oz (Mirafi 140n),,641,60,0.2,0.003,12,,
43781,1435,33-1340,"3"" ADS PERF W/DRAIN SOCK FT",,None,20,1.5,0,30,,
43782,1435,40-1462,"NDS #14  3"" ROUND BLACK",,630.2,5,4.5,0.75,22.5,,
43783,1435,95-1029,DELIVERY,,None,1,50,0,50,,
43784,1436,95-0113,IMPERIAL AN-FESCUE-65 (nylon; anti-melt),,800.1,1280,9,0.06,11520,,
43785,1436,95-0113,IMPERIAL AN-FESCUE-65 (nylon; anti-melt),,999,200,9,0,1800,,
43828,1384,9325-104,BOULDER 4','APACHE SUNSET',635,3,395,1,1185,,
43829,1384,9325-103,BOULDER 3','APACHE SUNSET',635,3,308,1,924,,
43830,1384,9325-102,BOULDER 2','APACHE SUNSET',635,3,120,1,360,,
43831,1384,95-0410,MISC BLS EQUIPMENT PER HR,,635,4,100,1,400,,
43832,1384,95-1029,DELIVERY,,None,1,419,0,419,,
43833,1365,95-0111,IMPERIAL CA TALL FESCUE 90 (Imperial),,800.1,290,4.25,0.06,1232.5,,
43834,1365,95-0111,IMPERIAL CA TALL FESCUE 90 (Imperial),BUY 375 SF,999,85,4.25,0,361.25,,
44074,1443,>>>,INSTALL OVER EXISTING ASPHALT,,,1,0,0,0,,
44075,1443,95-0127,HAT HEATSHIELD 80 oz,,999,3500,4.3,0,15050,,
44076,1443,95-0127,HAT HEATSHIELD 80 oz,,999,1000,4.3,0,4300,,
44077,1443,9306-210,LANDSCAPE MISC #1,,999,1,1000,130,1000,,
44078,1443,9310-199,"CAMOFILL SAND, 50#",,999,140,22,0,3080,,
44079,1443,95-0078,"TURF SEAM TAPE (12""x330' roll)",,999,1,110,0,110,,
44080,1443,9306-211,LANDSCAPE MISC #2,,999,18,280,0,5040,,
44114,1366,9301-1219,"CHAMOIS BEIGE 3/8"" GRAVEL","173 SF @ 3""",635,3,78,1,234,,
44115,1366,33-1304,FILTER FABRIC 4oz (Mirafi 140n),,641,200,0.2,0.003,40,,
44116,1366,95-0410,MISC BLS EQUIPMENT PER HR,,635,4,100,1,400,,
44117,1366,95-1029,DELIVERY,combine order w/ parchment pebble,None,1,244,0,244,,
44118,1364,9301-1220,"PARCHMENT PEBBLE 3/8""","360 SF @ 3""",635,12,559,1,6708,,
44119,1364,33-1304,FILTER FABRIC 4oz (Mirafi 140n),,641,400,0.2,0.003,80,,
44120,1364,95-0410,MISC BLS EQUIPMENT PER HR,,635,6,100,1,600,,
44121,1364,95-1029,DELIVERY,combine order / delivery w/ chamois beige gravel,None,1,250,0,250,,
44123,1437,40-1973,"6"" PVC SDR 35 SOLID",,627,160,5,0.12,800,,
44124,1437,40-1974,"4"" PVC SDR 35 SOLID",,625,160,2.3,0.1,368,,
44125,1437,40-1502,"NDS #90  6"" ATRIUM BLACK",,630.3,6,16,0.75,96,,
44126,1437,40-1600,NDS 1230 12x12 ADAPTER,,610.1,3,35,1,105,,
44127,1437,40-1912,TIE INTO DRAINLINE  4,,635.2,1,10,0.5,10,,
44128,1437,40-1914,"TIE INTO DRAINLINE 6""",,635,1,60,1,60,,
44129,1437,40-1400,DOWNSPOUT 2 X 3 X 4 (PVC 35),,630.5,6,8,0.5,48,,
44130,1437,40-2140,NDS 8003 MICRO CHANNEL/GRATE  10' (GRAY),"item #8, VERIFY , CAN BE BY CONCRETE SUB???",644,5,50,0.15,250,,
44131,1437,40-2170,NDS 8473 MICRO END PLUG (GRAY),,None,2,0.95,0,1.9,,
44132,1437,40-1912,TIE INTO DRAINLINE  4,MICRO CHANNEL DRAIN CONNECTION,635.2,2,10,0.5,20,,
44351,944,>>>,INSTALL OVER EXISTING ASPHALT,,,1,0,0,0,,
44352,944,95-0127,HAT HEATSHIELD 80 oz,BAT ELITE Person 020C87A6 HYBRID,999,3400,4.3,0,14620,,
44353,944,95-0127,HAT HEATSHIELD 80 oz,BUY 4410 SF,999,1010,4.3,0,4343,,
44354,944,9306-210,LANDSCAPE MISC #1,GLUE & SPECIAL NAILS,999,1,1000,130,1000,,
44355,944,9310-199,"CAMOFILL SAND, 50#",,999,140,22,0,3080,,
44356,944,95-0078,"TURF SEAM TAPE (12""x330' roll)",,999,1,110,0,110,,
44357,944,9306-211,LANDSCAPE MISC #2,SIKA DRAINAGE MAT,999,18,280,0,5040,,
44377,1449,1643-624,"DRACENA DRACO 24""",,507,-12,600,2.8,-7200,,
44378,1449,1643-515,DRACENA DRACO 15G SHRUB (6'),,519,12,350,0.75,4200,,
44379,1449,95-1016,DELIVERY/ FREIGHT,,None,0,240,0,0,,
44380,1449,,,,,1,0,0,0,,
44381,1449,,,,,1,0,0,0,,
44382,1449,,,,,1,0,0,0,,
44383,1449,,,,,1,0,0,0,,
44384,1449,,,,,1,0,0,0,,
44385,1449,,,,,1,0,0,0,,
44413,1452,95-0111,IMPERIAL CA TALL FESCUE 90 (Imperial),,800.1,290,4.25,0.06,1232.5,,
44414,1452,95-0111,IMPERIAL CA TALL FESCUE 90 (Imperial),,999,85,4.25,0,361.25,,
44423,1455,40-1973,"6"" PVC SDR 35 SOLID",,627,160,5,0.12,800,,
44424,1455,40-1974,"4"" PVC SDR 35 SOLID",,625,160,2.3,0.1,368,,
44425,1455,40-1502,"NDS #90  6"" ATRIUM BLACK",,630.3,6,16,0.75,96,,
44426,1455,40-1600,NDS 1230 12x12 ADAPTER,,610.1,3,35,1,105,,
44427,1455,40-1912,TIE INTO DRAINLINE  4,,635.2,1,10,0.5,10,,
44428,1455,40-1914,"TIE INTO DRAINLINE 6""",,635,1,60,1,60,,
44429,1455,40-1400,DOWNSPOUT 2 X 3 X 4 (PVC 35),,630.5,6,8,0.5,48,,
44430,1455,40-2140,NDS 8003 MICRO CHANNEL/GRATE  10' (GRAY),,644,5,50,0.15,250,,
44431,1455,40-2170,NDS 8473 MICRO END PLUG (GRAY),,None,2,0.95,0,1.9,,
44432,1455,40-1912,TIE INTO DRAINLINE  4,,635.2,2,10,0.5,20,,
44634,1444,>>>,BY OTHERS???,BY CONCRETE SUB??,,0,0,0,0,,
44635,1444,40-2140,NDS 8003 MICRO CHANNEL/GRATE  10' (GRAY),2525',644,253,50,0.15,12650,,
44636,1444,40-2170,NDS 8473 MICRO END PLUG (GRAY),,None,179,0.95,0,170.05,,
44637,1444,40-1912,TIE INTO DRAINLINE  4,,635.2,179,10,0.5,1790,,
44643,1190,2101-1000,GENERIC MULCH,"8,500 SF @ 3""",534.1,80,25,0.5,2000,,
44649,1456,33-1302,"GRAVEL 3/4""","646 SF @ 12""",635.2,36,47,0.5,1692,,
44650,1456,9302-294,BIO SWALE MIX (per cy),"646 SF @ 12""",637.8,25,55,0.35,1375,,
44651,1456,33-1304,FILTER FABRIC 4oz (Mirafi 140n),,641,800,0.2,0.003,160,,
44652,1456,95-0410,MISC BLS EQUIPMENT PER HR,,635,8,100,1,800,,
44653,1456,95-1029,DELIVERY,,None,1,400,0,400,,
44659,1457,33-1302,"GRAVEL 3/4""","551 SF @ 12""",635.2,31,47,0.5,1457,,
44660,1457,33-3012,BIO-SWALE SOIL MIX #1 (cy),"551 SF @ 24""",637.2,42,55,0.25,2310,,
44661,1457,33-1304,FILTER FABRIC 4oz (Mirafi 140n),,641,600,0.2,0.003,120,,
44662,1457,95-0410,MISC BLS EQUIPMENT PER HR,,635,12,100,1,1200,,
44663,1457,95-1029,DELIVERY,,None,1,400,0,400,,
44668,1458,9302-100,"72"" TREE",,500,-6,6300,14,-37800,,
44669,1458,9302-237,CRANE (50 TO 80 TON),,635,-10,850,1,-8500,,
44670,1458,3010-036,"LAGERSTROEMIA INDICA 36"" STD.",,505,6,490,4.5,2940,,
44671,1458,95-1016,DELIVERY/ FREIGHT,,None,-1,2700,0,-2700,,
44871,1463,33-13035,RECYCLED CLASS 2 BASE,"1513 SF @ 3""",635.2,21,23,0.5,483,,
44872,1463,95-0410,MISC BLS EQUIPMENT PER HR,,635,8,100,1,800,,
44873,1463,95-1029,DELIVERY,,None,1,300,0,300,,
44874,1463,95-0411,ROLLER PER DAY,,635.8,1,450,8,450,,
44875,1421,9302-266,DG  BRIMSTONE W/ SOIL SECURE (SWB),"107 SF @ 3""",547,2,58,0.5,116,,
44876,1421,33-1304,FILTER FABRIC 4oz (Mirafi 140n),,641,200,0.2,0.003,40,,
44877,1421,95-0410,MISC BLS EQUIPMENT PER HR,,635,1,100,1,100,,
44878,1421,95-1029,DELIVERY,,None,1,0,0,0,,
44879,1421,95-0411,ROLLER PER DAY,,635.8,0.25,450,8,112.5,,
44881,1465,95-0180,"MOW CURB FORMED (8"" x 6"")","8"" X 18"" GRADE BEAM",999,1500,30,0,45000,,
44883,1466,95-0004,MOW CURB (EXTRUDED),"6"" X 6"" W/#3 REBAR",None,410,14,0,5740,,
44927,1473,33-1035,"BAJA CRESTA RUBBLE 9"" MINUS",,635,1,50,1,50,,
44928,1473,33-1103,"BAJA CRESTA RUBBLE 1""-3""",,640,1,50,1,50,,
44929,1473,33-1302,"GRAVEL 3/4""",,635.2,0.25,50,0.5,12.5,,
44930,1473,33-1304,FILTER FABRIC 4oz (Mirafi 140n),,641,200,0.2,0.003,40,,
44931,1473,95-0410,MISC BLS EQUIPMENT PER HR,,635,1,100,1,100,,
44932,1473,95-1029,DELIVERY,,None,1,150,0,150,,
44933,1472,33-1035,"BAJA CRESTA RUBBLE 9"" MINUS",,635,1,50,1,50,,
44934,1472,33-1103,"BAJA CRESTA RUBBLE 1""-3""",,640,1,50,1,50,,
44935,1472,33-1302,"GRAVEL 3/4""",,635.2,0.5,50,0.5,25,,
44936,1472,33-1304,FILTER FABRIC 4oz (Mirafi 140n),,641,200,0.2,0.003,40,,
44937,1472,95-0410,MISC BLS EQUIPMENT PER HR,,635,1,100,1,100,,
44938,1472,95-1029,DELIVERY,,None,1,150,0,150,,
44939,1474,33-1035,"BAJA CRESTA RUBBLE 9"" MINUS",,635,1,50,1,50,,
44940,1474,33-1103,"BAJA CRESTA RUBBLE 1""-3""",,640,1,50,1,50,,
44941,1474,33-1302,"GRAVEL 3/4""",,635.2,0.25,50,0.5,12.5,,
44942,1474,33-1304,FILTER FABRIC 4oz (Mirafi 140n),,641,200,0.2,0.003,40,,
44943,1474,95-0410,MISC BLS EQUIPMENT PER HR,,635,1,100,1,100,,
44944,1474,95-1029,DELIVERY,,None,1,150,0,150,,
44968,1476,40-1974,"4"" PVC SDR 35 SOLID",,625,280,2.3,0.1,644,,
44969,1476,40-1394,"NDS 922 6"" PB DECK DRAIN GRATE",,630,11,145,0.5,1595,,
44970,1476,40-1912,TIE INTO DRAINLINE  4,,635.2,3,10,0.5,30,,
44991,1475,33-1035,"BAJA CRESTA RUBBLE 9"" MINUS",,635,7,110,1,770,,
44992,1475,33-1103,"BAJA CRESTA RUBBLE 1""-3""",,640,4,110,1,440,,
44993,1475,33-1302,"GRAVEL 3/4""",,635.2,2,110,0.5,220,,
44994,1475,33-1304,FILTER FABRIC 4oz (Mirafi 140n),,641,500,0.2,0.003,100,,
44995,1475,95-0410,MISC BLS EQUIPMENT PER HR,,635,6,100,1,600,,
44996,1475,95-1029,DELIVERY,,None,1,450,0,450,,
45383,1481,14-2620,"SLV 6"" SCH 40 ALERTLINE",,185,20,13.3,0.04,266,,
45384,1481,13-2240,"ML 3"" SCH 40 ALERTLINE",,170,40,5.45,0.042,218,,
45385,1481,13-2410,"LAT 3/4"" SCH 40 ALERTLINE",,110,40,0.8,0.0428,32,,
45390,1480,>>>,USE NDS PLASTIC ARED DRAIN INLETS IN LIEU,OF ZURN GALV. IRON INLETS,,1,0,0,0,,
45391,1480,40-4160,ZURN Z415 BODY-ZN400-5S SQ GRATE,,630,-34,200,0.5,-6800,,
45392,1480,95-0062,CONCRETE COLLAR,,635,-34,100,1,-3400,,
45393,1480,40-0008,NDS 640 6 X 4 ADAPTER W/ BLK. GRATE,,617,34,21,0.75,714,,
45420,1469,30-3027,DECORATIVE GRAVEL (size & type TBD),,640,1,100,1,100,,
45421,1469,95-0410,MISC BLS EQUIPMENT PER HR,,635,1,100,1,100,,
45444,1483,2700-024,"JACARANDA MIMO. 24"" STD",,507,2,190,2.8,380,,
45445,1483,0322-215,DASYLIRION LONGISSIMA 15G,,519,15,65,0.75,975,,
45446,1483,0393-005,AGAVE BLUE GLOW 5G,,520,40,23,0.27,920,,
45447,1483,4066-501,PENNISETUM ALOPECUROIDES 1G,,522,280,4.5,0.11,1260,,
45448,1483,0947-301,CAREX PANSA 1G,,522,120,5,0.11,600,,
45449,1483,3605-001,MYOPORUM PARVIFOLIUM 1G,,522,94,4,0.11,376,,
45450,1483,9302-210,SOIL PREP,,533,3060,0,0.0035,0,,
45451,1483,9302-225,FINE RAKE,,536,3060,0,0.002,0,,
45452,1483,95-1016,DELIVERY/ FREIGHT,,None,1,550,0,550,,
45462,1484,30-3027,DECORATIVE GRAVEL (size & type TBD),"3060 SF @ 2.5""",640,35,150,1,5250,,
45463,1484,33-1304,FILTER FABRIC 4oz (Mirafi 140n),,641,3500,0.2,0.003,700,,
45464,1484,95-0410,MISC BLS EQUIPMENT PER HR,,635,6,100,1,600,,
45465,1484,95-1016,DELIVERY/ FREIGHT,,None,1,450,0,450,,
45466,1484,13-1267,EPIC STEEL EDGE BBA-16BA BLK 3/16 X 5,,559,60,11,0.03,660,,
45608,1488,30-3027,DECORATIVE GRAVEL (size & type TBD),,640,1,100,1,100,,
45609,1488,95-0410,MISC BLS EQUIPMENT PER HR,,635,1,100,1,100,,
45610,1260,0928-105,CALLISTEMON V. LITTLE JOHN 5G,,520,146,11,0.27,1606,,
45611,1260,1640-505,DIETES BICOLOR 5G,,520,81,10,0.27,810,,
45612,1260,1631-601,DIANELLA DR5000  1G,"468 SF @ 18"" O.C.",522,220,6.5,0.11,1430,,
45613,1260,9302-298,EARTHWORKS WALK-ON CHIPS,"2180  SF @ 3"" (2.50"")",534.1,17,41,0.5,697,,
45614,1260,9302-225,FINE RAKE,,536,2180,0,0.002,0,,
45615,1260,9302-210,SOIL PREP,,533,2180,0,0.0035,0,,
45616,1260,9302-220,WEED CONTROL (GRO-N-KILL),,535,200,0,0.0005,0,,
45617,1260,95-1029,DELIVERY,,None,1,300,0,300,,
45618,1040,4801-315,LEUCODENDRON GOLD STRIKE 15G,LEUCODENDRON HAWAII MAGIC,519.1,2,80,0.73,160,,
45619,1040,1420-015,CORDYLINE 'ELECTRIC PINK' 15G,,519.1,3,75,0.73,225,,
45620,1040,4261-705,PITT. TEN. GOLF BALL 5G,,520.1,2,22,0.254,44,,
45621,1040,4829-405,SENECIO DECARYI 5G,,520.1,2,22,0.254,44,,
45622,1040,4079-505,PHORMIUM DUET 5G,,520.1,2,25,0.254,50,,
45623,1040,1631-405,DIANELLA CLARITY BLUE 5G,,520.1,2,16.5,0.254,33,,
45624,1040,9500-113,"POTTING SOIL, 2 CF BAG",,642,40,13.5,0.17,540,,
45625,1040,9311-310,POT #1,BY OWNER???,999,1,0,0,0,,
45626,1040,9309-210,POT PLACEMENT/IRRIG/DRAIN,,636,13,15,2,195,,
45627,1040,95-1029,DELIVERY,,None,1,50,0,50,,
45698,1491,3920-615,OLEA EURO. 'LITTLE OLLIE' 15G SHRUB,,519.1,8,55,0.73,440,,
45699,1491,1572-424,"CUPRESSUS SEMP. TINY TOWER 24""","""MONSHEL""",999,6,265,2,1590,,
45700,1491,2327-201,KALANCHOE BLOSSFELDIANA 1G,"6"" POTS, ""TANGERINE""",522.1,224,10,0.11,2240,,
45701,1491,9311-310,POT #1,GOODWIN POTS,999,1,0,0,0,,
45702,1491,9309-210,POT PLACEMENT/IRRIG/DRAIN,,636,14,15,2,210,,
45703,1491,9500-113,"POTTING SOIL, 2 CF BAG",,642,45,13.5,0.17,607.5,,
45704,1491,33-1302,"GRAVEL 3/4""",,635.2,0.5,47,0.5,23.5,,
45705,1491,33-1304,FILTER FABRIC 4oz (Mirafi 140n),,641,140,0.2,0.003,28,,
45706,1491,95-1029,DELIVERY,,None,1,300,0,300,,
45727,1419,33-1038,"CALIF. GOLD 3/8""","CALIFORNIA GOLD FRACTURED ROCK 368 SF @ 1""",640,2,150,1,300,,
45728,1419,95-0410,MISC BLS EQUIPMENT PER HR,,635,2,100,1,200,,
45729,1419,95-1029,DELIVERY,,None,1,456,0,456,,
45730,1419,33-1287A,"PERMALOC ALUM. HDR 3/16"" x 4"" W/ STKS",,559,112,6.25,0.03,700,,
45799,990,13-2630,"SLV 6"" SCH 40 PVC",ML,185,800,7,0.04,5600,,
45800,990,13-2670,"SLV 2"" SCH 40 PVC",,154,200,1.5,0.04,300,,
45801,990,13-2670,"SLV 2"" SCH 40 PVC",WIRE,154,1000,1.5,0.04,1500,,
45802,990,13-2660,"SLV 2.5"" SCH 40 PVC",LAT,164,40,2,0.03,80,,
45803,990,13-2670,"SLV 2"" SCH 40 PVC",,154,100,1.5,0.04,150,,
45804,990,13-2680,"SLV 1.5"" SCH 40 PVC",,144,600,1,0.03,600,,
46868,1505,9302-271.1,DG STABILIZED (color T.B.D.),"450 SF @ 4""",547,10,80,0.5,800,,
46869,1505,33-13035,RECYCLED CLASS 2 BASE,"450 SF @ 3""",635.2,7,23,0.5,161,,
46870,1505,95-0410,MISC BLS EQUIPMENT PER HR,,635,8,100,1,800,,
46871,1505,95-0411,ROLLER PER DAY,,635.8,1,450,8,450,,
46872,1505,95-1029,DELIVERY,,None,1,300,0,300,,
46892,791,>>>,SOD TURF PER PLANTING LEGEND,,,1,0,0,0,,
46893,791,41-1340,SOD DWARF FESCUE (1-7999),,532,500,0.7,0.005,350,,
46894,791,9302-225,FINE RAKE,,536,500,0,0.002,0,,
46895,791,9302-210,SOIL PREP,,533,500,0,0.0035,0,,
46896,791,9300-100,NITRO FIR,4/1000,534,2,29,0.15,58,,
46897,791,33-1720,GYPSUM 50# BAG,200/1000,570,2,8,0.18,16,,
46898,791,33-1165,20-20-20  50# BAGS,20/1000,570,1,34,0.18,34,,
46907,1507,40-1974,"4"" PVC SDR 35 SOLID",,625,160,2.4,0.1,384,,
46908,1507,40-1502,"NDS #90  6"" ATRIUM BLACK",,630.3,1,16.5,0.75,16.5,,
46909,1507,40-1912,TIE INTO DRAINLINE  4,,635.2,-1,11,0.5,-11,,
46910,1507,40-1796,"CURB CORES, 1-2, 4.5""",,999,2,225,0,450,,
46964,1492,9301-1116,"SUNBURST PEBBLE 1""- 3""","1""-3"" SUNSHINE MIX, 26 SF @ 12"" DEEP",640,1.5,580,1,870,,
46965,1492,95-0410,MISC BLS EQUIPMENT PER HR,,635,1,100,1,100,,
46966,1492,95-1029,DELIVERY,,None,1,594,0,594,,
47069,1511,9300-676,"HAYWARD #72 C.I. BASKET, 1.5"" THRD",T.E. used this job for misc quote,380.2,1,2100,1.25,2100,,
47070,1511,9304-210,IRRIGATION MISC #1,,999,1,200,0,200,,
47116,1493,9302-962,DG CALIFORNIA GOLD STAB.,"450 sf @ 4""",547,10,100,0.5,1000,,
47117,1493,95-0411,ROLLER PER DAY,,635.8,0.25,450,8,112.5,,
47118,1493,95-1029,DELIVERY,,None,1,450,0,450,,
47119,1493,33-1304,FILTER FABRIC 4oz (Mirafi 140n),,641,500,0.2,0.003,100,,
47120,1493,33-13035,RECYCLED CLASS 2 BASE,"450 SF @ 4""",635.2,10,23,0.5,230,,
47121,1493,95-0410,MISC BLS EQUIPMENT PER HR,,635,4,100,1,400,,
47122,1493,33-1182,"EDGEPERM 3/16"" x 5.5"" ALUM HDR (IMPERIAL)",,559,40,7,0.03,280,,
47274,1426,4405-215,ABUTILON H. RED 15G PATIO TREE,,510,1,53,1.01,53,,
47275,1426,0947-801,CAREX DIVULSA 1G,,522,62,4,0.11,248,,
47276,1426,2101-1000,GENERIC MULCH,,534.1,2,25,0.5,50,,
47277,1426,9302-225,FINE RAKE,,536,130,0,0.002,0,,
47278,1426,9302-210,SOIL PREP,,533,130,0,0.0035,0,,
47279,1426,9300-100,NITRO FIR,,534,1,29,0.15,29,,
47280,1426,33-1720,GYPSUM 50# BAG,,570,1,8,0.18,8,,
47281,1426,33-1160,12-12-12 50# BAG,,570,1,44,0.18,44,,
47282,1426,95-1029,DELIVERY,,None,1,50,0,50,,
47290,1513,10-5438,"RB XCZ-100-PRB-COM 1"" DRIP ASBLY",,380.7,1,240,1,240,,
47291,1513,13240-200,RB XFS-06-18 DRIP LINE-500',,638.5,2,204,7,408,,
47292,1513,12-2180,"LAT 3/4"" SCH 40  PVC",,110,20,0.75,0.0428,15,,
47293,1513,20-2260,3/4 x 3/4 x 1/2 TEE SST PVC,,None,14,1.25,0,17.5,,
47294,1513,30-2707,NETAFIM TL TEE,,None,14,0.5,0,7,,
47295,1513,25-1583,"SPEARS 8722-005 1/2"" BV FLUSH VALVE",,402.5,1,10,0.3,10,,
47296,1513,12-2180,"LAT 3/4"" SCH 40  PVC",,110,40,0.75,0.0428,30,,
47320,1514,9302-161,5G SHRUB,"1230 SF @ 24""",520,325,11,0.27,3575,,
47321,1514,4025-501,PARTHENOCISSUS TRICUSP 1G STK,,522,21,5,0.11,105,,
47322,1514,2101-1000,GENERIC MULCH,,534.1,12,25,0.5,300,,
47323,1514,9302-225,FINE RAKE,,536,1230,0,0.002,0,,
47324,1514,9302-210,SOIL PREP,,533,1230,0,0.0035,0,,
47333,1518,9325-103,BOULDER 3',2'-3' APACHE SUNSET BOULDER,635,3,308,1,924,,
47334,1518,9325-105,BOULDER 5',4'-5' APACHE SUNSET BOULDER,636,2,770,2,1540,,
47335,1518,95-0410,MISC BLS EQUIPMENT PER HR,,635,4,100,1,400,,
47336,1518,95-1029,DELIVERY,,None,1,550,0,550,,
47415,1523,9302-962,DG CALIFORNIA GOLD STAB.,"367 SF @ 3""",547,6,81,0.5,486,,
47416,1523,33-13035,RECYCLED CLASS 2 BASE,"367 SF @ 4""",635.2,7,23,0.5,161,,
47417,1523,33-1304,FILTER FABRIC 4oz (Mirafi 140n),,641,400,0.2,0.003,80,,
47418,1523,95-0410,MISC BLS EQUIPMENT PER HR,,635,4,100,1,400,,
47419,1523,95-0411,ROLLER PER DAY,,635.8,1,450,8,450,,
47420,1523,95-1029,DELIVERY,,None,1,265,0,265,,
47425,1524,33-1038,"CALIF. GOLD 3/8""","3/4"" CALIFORNIA GOLD, 647 SF @ 4""",640,12,146,1,1752,,
47426,1524,95-0410,MISC BLS EQUIPMENT PER HR,,635,4,100,1,400,,
47427,1524,33-1304,FILTER FABRIC 4oz (Mirafi 140n),,641,800,0.2,0.003,160,,
47428,1524,95-1029,DELIVERY,,None,1,265,0,265,,
47501,1300,9301-235,POC HOMEOWNER W/O PRV,,449,17,15,1,255,,
47502,1300,31-1187,"MATCO 759 1.5"" BALL VALVE","MATCO 1"" Person 47D30FD6 VALVE",999,17,7,0,119,,
47503,1300,13-2110,"ML 1"" SCH 40 PVC",,122,100,0.5,0.04,50,,
47504,1300,10-5324,RB ASVF 1,,395,17,26,0.62,442,,
47505,1300,13420-188,RB QKCHK-100   200 MESH,,999,17,106.5,0,1810.5,,
47506,1300,20-3004,"UNION 1"" TT SCH 80 PVC",,None,17,8,0,136,,
47507,1300,22-1299,HUNTER PRO-C-4 station outdoor,,471,17,170,2,2890,,
47508,1300,22-1317,HUNTER WSS SEN (wireless s sync & rcvr/no module),,638.1,17,195,0.5,3315,,
47509,1300,13-1172,18-7 WIRE FOR 6 STATION CONTROLLERS,,430,2000,0.63,0.003,1260,,
47510,1300,30-2742,NETAFIM TLCV6-1210-1000',"550 SF @ 16"" O.C",638.6,1,430,10,430,,
47511,1300,12-2180,"LAT 3/4"" SCH 40  PVC",,110,120,0.4,0.0428,48,,
47512,1300,20-2260,3/4 x 3/4 x 1/2 TEE SST PVC,,None,90,1.25,0,112.5,,
47513,1300,30-27235,NETAFIM TL050FTEE,,999,100,1.5,0,150,,
47514,1300,25-1583,"SPEARS 8722-005 1/2"" BV FLUSH VALVE",,402.8,17,6,1,102,,
47515,1300,30-2737,RB ARV050 (REPLACES ARVALVEKIT),,402.8,17,9,1,153,,
47516,1300,12-2180,"LAT 3/4"" SCH 40  PVC",,110,200,0.4,0.0428,80,,
47517,1300,32-1011,BRICK PAVER,,639.1,110,1.4,0.005,154,,
47518,1300,33-1304,FILTER FABRIC 4oz (Mirafi 140n),,639.1,100,0.2,0.005,20,,
47519,1300,33-2020,PENTITES,,None,-34,1.75,0,-59.5,,
47520,1300,33-5070,3M SCOTCHLOK DBR-Y6 CONN.,,None,34,3,0,102,,
47521,1302,9301-235,POC HOMEOWNER W/O PRV,,449,17,15,1,255,,
47522,1302,31-1187,"MATCO 759 1.5"" BALL VALVE","MATCO 1"" Person 47D30FD6 VALVE",999,17,7,0,119,,
47523,1302,13-2110,"ML 1"" SCH 40 PVC",,122,100,0.5,0.04,50,,
47524,1302,10-5324,RB ASVF 1,,395,17,26,0.62,442,,
47525,1302,13420-188,RB QKCHK-100   200 MESH,,999,17,106.5,0,1810.5,,
47526,1302,20-3004,"UNION 1"" TT SCH 80 PVC",,None,17,8,0,136,,
47527,1302,22-1299,HUNTER PRO-C-4 station outdoor,,471,17,170,2,2890,,
47528,1302,22-1317,HUNTER WSS SEN (wireless s sync & rcvr/no module),,638.1,17,195,0.5,3315,,
47529,1302,13-1172,18-7 WIRE FOR 6 STATION CONTROLLERS,,430,2000,0.63,0.003,1260,,
47530,1302,30-2742,NETAFIM TLCV6-1210-1000',"1,670 SF @ 16"" O.C",638.6,2,430,10,860,,
47531,1302,12-2180,"LAT 3/4"" SCH 40  PVC",,110,140,0.4,0.0428,56,,
47532,1302,20-2260,3/4 x 3/4 x 1/2 TEE SST PVC,,None,110,1.25,0,137.5,,
47533,1302,30-27235,NETAFIM TL050FTEE,,999,150,1.5,0,225,,
47534,1302,25-1583,"SPEARS 8722-005 1/2"" BV FLUSH VALVE",,402.8,34,6,1,204,,
47535,1302,30-2737,RB ARV050 (REPLACES ARVALVEKIT),,402.8,17,9,1,153,,
47536,1302,12-2180,"LAT 3/4"" SCH 40  PVC",,110,460,0.4,0.0428,184,,
47537,1302,32-1011,BRICK PAVER,,639.1,160,1.4,0.005,224,,
47538,1302,33-1304,FILTER FABRIC 4oz (Mirafi 140n),,641,100,0.2,0.003,20,,
47539,1302,33-2020,PENTITES,,None,-34,1.75,0,-59.5,,
47540,1302,33-5070,3M SCOTCHLOK DBR-Y6 CONN.,,None,34,3,0,102,,
47541,1303,9301-235,POC HOMEOWNER W/O PRV,,449,17,15,1,255,,
47542,1303,31-1187,"MATCO 759 1.5"" BALL VALVE","MATCO 1"" Person 47D30FD6 VALVE",999,17,7,0,119,,
47543,1303,13-2110,"ML 1"" SCH 40 PVC",,122,100,0.5,0.04,50,,
47544,1303,10-5324,RB ASVF 1,,395,17,26,0.62,442,,
47545,1303,13420-188,RB QKCHK-100   200 MESH,,999,17,106.5,0,1810.5,,
47546,1303,20-3004,"UNION 1"" TT SCH 80 PVC",,None,17,8,0,136,,
47547,1303,22-1299,HUNTER PRO-C-4 station outdoor,,471,17,170,2,2890,,
47548,1303,22-1317,HUNTER WSS SEN (wireless s sync & rcvr/no module),,638.1,17,195,0.5,3315,,
47549,1303,13-1172,18-7 WIRE FOR 6 STATION CONTROLLERS,,430,2000,0.63,0.003,1260,,
47550,1303,30-2742,NETAFIM TLCV6-1210-1000',"1,180 SF @ 16"" O.C",638.6,1,430,10,430,,
47551,1303,12-2180,"LAT 3/4"" SCH 40  PVC",,110,80,0.4,0.0428,32,,
47552,1303,20-2260,3/4 x 3/4 x 1/2 TEE SST PVC,,None,60,1.25,0,75,,
47553,1303,30-27235,NETAFIM TL050FTEE,,999,100,1.5,0,150,,
47554,1303,25-1583,"SPEARS 8722-005 1/2"" BV FLUSH VALVE",,402.8,34,6,1,204,,
47555,1303,30-2737,RB ARV050 (REPLACES ARVALVEKIT),,402.8,17,9,1,153,,
47556,1303,12-2180,"LAT 3/4"" SCH 40  PVC",,110,540,0.4,0.0428,216,,
47557,1303,32-1011,BRICK PAVER,,639.1,160,1.4,0.005,224,,
47558,1303,33-1304,FILTER FABRIC 4oz (Mirafi 140n),,641,150,0.2,0.003,30,,
47559,1303,33-2020,PENTITES,,None,-34,1.75,0,-59.5,,
47560,1303,33-5070,3M SCOTCHLOK DBR-Y6 CONN.,,None,34,3,0,102,,
47561,1304,9301-235,POC HOMEOWNER W/O PRV,,449,17,15,1,255,,
47562,1304,31-1178,MATCO 770T05-NLA BV 1,"MATCO 1"" Person 47D30FD6 VALVE",400,17,7,1,119,,
47563,1304,13-2110,"ML 1"" SCH 40 PVC",,122,100,0.5,0.04,50,,
47564,1304,10-5324,RB ASVF 1,,395,17,26,0.62,442,,
47565,1304,13420-188,RB QKCHK-100   200 MESH,,999,17,106.5,0,1810.5,,
47566,1304,20-3004,"UNION 1"" TT SCH 80 PVC",,None,17,8,0,136,,
47567,1304,22-1299,HUNTER PRO-C-4 station outdoor,,471,17,170,2,2890,,
47568,1304,22-1317,HUNTER WSS SEN (wireless s sync & rcvr/no module),,638.1,17,195,0.5,3315,,
47569,1304,13-1172,18-7 WIRE FOR 6 STATION CONTROLLERS,,430,2000,0.63,0.003,1260,,
47570,1304,30-2742,NETAFIM TLCV6-1210-1000',"1,080 SF @ 16"" O.C",638.6,1,430,10,430,,
47571,1304,12-2180,"LAT 3/4"" SCH 40  PVC",,110,100,0.4,0.0428,40,,
47572,1304,20-2260,3/4 x 3/4 x 1/2 TEE SST PVC,,None,75,1.25,0,93.75,,
47573,1304,30-27235,NETAFIM TL050FTEE,,999,100,1.5,0,150,,
47574,1304,25-1583,"SPEARS 8722-005 1/2"" BV FLUSH VALVE",,402.8,34,6,1,204,,
47575,1304,30-2737,RB ARV050 (REPLACES ARVALVEKIT),,402.8,17,9,1,153,,
47576,1304,12-2180,"LAT 3/4"" SCH 40  PVC",,110,500,0.4,0.0428,200,,
47577,1304,32-1011,BRICK PAVER,,639.1,160,1.4,0.005,224,,
47578,1304,33-1304,FILTER FABRIC 4oz (Mirafi 140n),,641,100,0.2,0.003,20,,
47579,1304,33-2020,PENTITES,,None,-34,1.75,0,-59.5,,
47580,1304,33-5070,3M SCOTCHLOK DBR-Y6 CONN.,,None,34,3,0,102,,
47584,1291,1210-105,CHONDROPETALUM TECT. 5G,,520,5,14.5,0.27,72.5,,
47585,1291,2101-1000,GENERIC MULCH,"50 SF @ 3""",534.1,1,25,0.5,25,,
47586,1291,2101-1000,GENERIC MULCH,"MULCH ONLY, 120 SF @ 3""",534.1,2,25,0.5,50,,
47587,1291,9302-225,FINE RAKE,,536,170,0,0.002,0,,
47588,1291,9302-210,SOIL PREP,,533,170,0,0.0035,0,,
47589,1291,9302-220,WEED CONTROL (GRO-N-KILL),,535,200,0,0.0005,0,,
47590,1291,95-1029,DELIVERY,,None,1,10,0,10,,
47599,1292,1630-201,DIANELLA T. VARIEGATA 1G,,522,7,6.5,0.11,45.5,,
47600,1292,1640-501,DIETES BICOLOR 1G,,522,2,4.3,0.11,8.6,,
47601,1292,5621-701,TEUCRIUM LUCIDRYS 1G,,522,5,4.2,0.11,21,,
47602,1292,2101-1000,GENERIC MULCH,"90 SF @ 3"" ",534.1,1,25,0.5,25,,
47603,1292,9302-225,FINE RAKE,,536,90,0,0.002,0,,
47604,1292,9302-210,SOIL PREP,,533,90,0,0.0035,0,,
47605,1292,9302-220,WEED CONTROL (GRO-N-KILL),,535,100,0,0.0005,0,,
47606,1292,95-1029,DELIVERY,,None,1,10,0,10,,
47607,1294,1210-105,CHONDROPETALUM TECT. 5G,,520,2,14.5,0.27,29,,
47608,1294,2028-905,CRASSULA CAP. 'CAMPFIRE' 5G,,520,1,20,0.27,20,,
47609,1294,3530-401,FESTUCA MAIREI 1G,,522,14,4,0.11,56,,
47610,1294,2101-1000,GENERIC MULCH,"70 SF @ 3""",534.1,1,25,0.5,25,,
47611,1294,9302-225,FINE RAKE,,536,70,0,0.002,0,,
47612,1294,9302-210,SOIL PREP,,533,70,0,0.0035,0,,
47613,1294,9302-220,WEED CONTROL (GRO-N-KILL),,535,100,0,0.0005,0,,
47614,1294,95-1029,DELIVERY,,None,1,10,0,10,,
47615,1295,1631-501,DIANELLA BABY BLISS 1G,,522,15,6.5,0.11,97.5,,
47616,1295,1640-501,DIETES BICOLOR 1G,,522,1,4.3,0.11,4.3,,
47617,1295,2101-1000,GENERIC MULCH,"60 SF @ 3""",534.1,1,25,0.5,25,,
47618,1295,9302-225,FINE RAKE,,536,60,0,0.002,0,,
47619,1295,9302-210,SOIL PREP,,533,60,0,0.0035,0,,
47620,1295,9302-220,WEED CONTROL (GRO-N-KILL),,535,100,0,0.0005,0,,
47621,1295,95-1029,DELIVERY,,None,1,10,0,10,,
47668,1525,95-0111,IMPERIAL CA TALL FESCUE 90 (Imperial),HERITAGE PET PLAY ,800.1,1180,4.25,0.06,5015,,
47669,1525,95-0111,IMPERIAL CA TALL FESCUE 90 (Imperial),BUY 1500 SF,999,320,4.25,0,1360,,
47670,1525,9310-199,"CAMOFILL SAND, 50#",2 LBS /SF,999,48,20,0,960,,
47671,1525,9310-217,ZEOFILL TURF DEODORIZER (50# BG),BID ALLOWANCE,999,5,24,0,120,,
47693,1310,40-1975,"4"" PVC SDR 35 PERF W/GRAVEL/FILTER",,625.2,440,2.3,0.145,1012,,
47827,1538,>>>,DESERT GOLD BOULDERS,,,1,0,0,0,,
47828,1538,9325-103,BOULDER 3',,635,20,0,1,0,,
47829,1538,9325-102,BOULDER 2',,635,14,50,1,700,,
47830,1538,9325-101,BOULDERS PER TON (add labor),,999,22,93,0,2046,,
47831,1538,95-0410,MISC BLS EQUIPMENT PER HR,,635,8,100,1,800,,
47832,1538,95-1029,DELIVERY,,None,1,522,0,522,,
47840,1539,95-0076,K-9/PET TURF,,800.1,600,4.3,0.06,2580,,
47841,1539,95-0076,K-9/PET TURF,,999,90,4.3,0,387,,
47842,1539,95-0077,SYNTH TURF CAMOFILL SAND #30 (50#),,999,24,20,0,480,,
47843,1539,95-0074,ART. TURF GREEN SAND #16 (50#),,999,-24,22,0,-528,,
47844,1540,95-0111,IMPERIAL CA TALL FESCUE 90 (Imperial),,800.1,13500,4.25,0.06,57375,,
47845,1540,95-0111,IMPERIAL CA TALL FESCUE 90 (Imperial),,999,1,4.25,0,4.25,,
47846,1540,95-0077,SYNTH TURF CAMOFILL SAND #30 (50#),,999,540,20,0,10800,,
47847,1540,95-0074,ART. TURF GREEN SAND #16 (50#),,999,-540,22,0,-11880,,
47848,1541,9302-072,DG COYOTE GOLD 1/4 MINUS STAB.,,547,22,52.5,0.5,1155,,
47849,1541,33-13035,RECYCLED CLASS 2 BASE,,635.2,25,23,0.5,575,,
47850,1541,95-0410,MISC BLS EQUIPMENT PER HR,,635,16,100,1,1600,,
47851,1541,95-0411,ROLLER PER DAY,,635.8,1,450,8,450,,
47852,1541,33-1304,FILTER FABRIC 4oz (Mirafi 140n),,641,1500,0.2,0.003,300,,
47853,1541,33-1187,"SURE-LOC 3/16"" X 4"" X 16' PAINTED STEEL (BLACK)",,559,576,9,0.03,5184,,
47854,1541,95-1029,DELIVERY,,None,1,500,0,500,,
47855,1542,>>>,DESERT GOLD BOULDERS,,,1,0,0,0,,
47856,1542,9325-103,BOULDER 3',,635,20,0,1,0,,
47857,1542,9325-102,BOULDER 2',,635,14,50,1,700,,
47858,1542,9325-101,BOULDERS PER TON (add labor),,999,22,93,0,2046,,
47859,1542,95-0410,MISC BLS EQUIPMENT PER HR,,635,8,100,1,800,,
47860,1542,95-1029,DELIVERY,,None,1,522,0,522,,
47984,1537,9302-072,DG COYOTE GOLD 1/4 MINUS STAB.,"1300 SF @ 3"" ",547,22,52.5,0.5,1155,,
47985,1537,33-13035,RECYCLED CLASS 2 BASE,"500 SF @ 4""",635.2,25,23,0.5,575,,
47986,1537,95-0410,MISC BLS EQUIPMENT PER HR,,635,16,100,1,1600,,
47987,1537,95-0411,ROLLER PER DAY,,635.8,1,450,8,450,,
47988,1537,33-1304,FILTER FABRIC 4oz (Mirafi 140n),,641,1500,0.2,0.003,300,,
47989,1537,33-1187,"SURE-LOC 3/16"" X 4"" X 16' PAINTED STEEL (BLACK)",,559,576,9,0.03,5184,,
47990,1537,95-1029,DELIVERY,,None,1,500,0,500,,
48037,1559,95-0076,K-9/PET TURF,,800.1,600,4.3,0.06,2580,,
48038,1559,95-0076,K-9/PET TURF,,999,90,4.3,0,387,,
48039,1559,95-0077,SYNTH TURF CAMOFILL SAND #30 (50#),,999,24,20,0,480,,
48040,1559,95-0074,ART. TURF GREEN SAND #16 (50#),,999,-24,22,0,-528,,
48041,1560,95-0111,IMPERIAL CA TALL FESCUE 90 (Imperial),,800.1,13500,4.25,0.06,57375,,
48042,1560,95-0111,IMPERIAL CA TALL FESCUE 90 (Imperial),,999,1,4.25,0,4.25,,
48043,1560,95-0077,SYNTH TURF CAMOFILL SAND #30 (50#),,999,540,20,0,10800,,
48044,1560,95-0074,ART. TURF GREEN SAND #16 (50#),,999,-540,22,0,-11880,,
48045,1561,9302-072,DG COYOTE GOLD 1/4 MINUS STAB.,,547,22,52.5,0.5,1155,,
48046,1561,33-13035,RECYCLED CLASS 2 BASE,,635.2,25,23,0.5,575,,
48047,1561,95-0410,MISC BLS EQUIPMENT PER HR,,635,16,100,1,1600,,
48048,1561,95-0411,ROLLER PER DAY,,635.8,1,450,8,450,,
48049,1561,33-1304,FILTER FABRIC 4oz (Mirafi 140n),,641,1500,0.2,0.003,300,,
48050,1561,33-1187,"SURE-LOC 3/16"" X 4"" X 16' PAINTED STEEL (BLACK)",,559,576,9,0.03,5184,,
48051,1561,95-1029,DELIVERY,,None,1,500,0,500,,
48052,1562,>>>,DESERT GOLD BOULDERS,,,1,0,0,0,,
48053,1562,9325-103,BOULDER 3',,635,20,0,1,0,,
48054,1562,9325-102,BOULDER 2',,635,14,50,1,700,,
48055,1562,9325-101,BOULDERS PER TON (add labor),,999,22,93,0,2046,,
48056,1562,95-0410,MISC BLS EQUIPMENT PER HR,,635,8,100,1,800,,
48057,1562,95-1029,DELIVERY,,None,1,522,0,522,,
48058,1563,95-0076,K-9/PET TURF,,800.1,600,4.3,0.06,2580,,
48059,1563,95-0076,K-9/PET TURF,,999,90,4.3,0,387,,
48060,1563,95-0077,SYNTH TURF CAMOFILL SAND #30 (50#),,999,24,20,0,480,,
48061,1563,95-0074,ART. TURF GREEN SAND #16 (50#),,999,-24,22,0,-528,,
48062,1564,95-0111,IMPERIAL CA TALL FESCUE 90 (Imperial),,800.1,13500,4.25,0.06,57375,,
48063,1564,95-0111,IMPERIAL CA TALL FESCUE 90 (Imperial),,999,1,4.25,0,4.25,,
48064,1564,95-0077,SYNTH TURF CAMOFILL SAND #30 (50#),,999,540,20,0,10800,,
48065,1564,95-0074,ART. TURF GREEN SAND #16 (50#),,999,-540,22,0,-11880,,
48066,1565,9302-072,DG COYOTE GOLD 1/4 MINUS STAB.,,547,22,52.5,0.5,1155,,
48067,1565,33-13035,RECYCLED CLASS 2 BASE,,635.2,25,23,0.5,575,,
48068,1565,95-0410,MISC BLS EQUIPMENT PER HR,,635,16,100,1,1600,,
48069,1565,95-0411,ROLLER PER DAY,,635.8,1,450,8,450,,
48070,1565,33-1304,FILTER FABRIC 4oz (Mirafi 140n),,641,1500,0.2,0.003,300,,
48071,1565,33-1187,"SURE-LOC 3/16"" X 4"" X 16' PAINTED STEEL (BLACK)",,559,576,9,0.03,5184,,
48072,1565,95-1029,DELIVERY,,None,1,500,0,500,,
48073,1566,>>>,DESERT GOLD BOULDERS,,,1,0,0,0,,
48074,1566,9325-103,BOULDER 3',,635,20,0,1,0,,
48075,1566,9325-102,BOULDER 2',,635,14,50,1,700,,
48076,1566,9325-101,BOULDERS PER TON (add labor),,999,22,93,0,2046,,
48077,1566,95-0410,MISC BLS EQUIPMENT PER HR,,635,8,100,1,800,,
48078,1566,95-1029,DELIVERY,,None,1,522,0,522,,
48079,1567,95-0076,K-9/PET TURF,,800.1,600,4.3,0.06,2580,,
48080,1567,95-0076,K-9/PET TURF,,999,90,4.3,0,387,,
48081,1567,95-0077,SYNTH TURF CAMOFILL SAND #30 (50#),,999,24,20,0,480,,
48082,1567,95-0074,ART. TURF GREEN SAND #16 (50#),,999,-24,22,0,-528,,
48083,1568,95-0111,IMPERIAL CA TALL FESCUE 90 (Imperial),,800.1,13500,4.25,0.06,57375,,
48084,1568,95-0111,IMPERIAL CA TALL FESCUE 90 (Imperial),,999,1,4.25,0,4.25,,
48085,1568,95-0077,SYNTH TURF CAMOFILL SAND #30 (50#),,999,540,20,0,10800,,
48086,1568,95-0074,ART. TURF GREEN SAND #16 (50#),,999,-540,22,0,-11880,,
48087,1569,9302-072,DG COYOTE GOLD 1/4 MINUS STAB.,,547,22,52.5,0.5,1155,,
48088,1569,33-13035,RECYCLED CLASS 2 BASE,,635.2,25,23,0.5,575,,
48089,1569,95-0410,MISC BLS EQUIPMENT PER HR,,635,16,100,1,1600,,
48090,1569,95-0411,ROLLER PER DAY,,635.8,1,450,8,450,,
48091,1569,33-1304,FILTER FABRIC 4oz (Mirafi 140n),,641,1500,0.2,0.003,300,,
48092,1569,33-1187,"SURE-LOC 3/16"" X 4"" X 16' PAINTED STEEL (BLACK)",,559,576,9,0.03,5184,,
48093,1569,95-1029,DELIVERY,,None,1,500,0,500,,
48094,1570,>>>,DESERT GOLD BOULDERS,,,1,0,0,0,,
48095,1570,9325-103,BOULDER 3',,635,20,0,1,0,,
48096,1570,9325-102,BOULDER 2',,635,14,50,1,700,,
48097,1570,9325-101,BOULDERS PER TON (add labor),,999,22,93,0,2046,,
48098,1570,95-0410,MISC BLS EQUIPMENT PER HR,,635,8,100,1,800,,
48099,1570,95-1029,DELIVERY,,None,1,522,0,522,,
48209,1575,9301-230,AS-BUILTS AND REPRO CHARGES,,999,1,800,10,800,,
48210,1575,32-1009,TIE INTO EXISTING MAINLINE,,635.3,1,100,3,100,,
48211,1575,13-2220,"ML 2"" CLASS 315 ALERTLINE",,152,640,1.9,0.04,1216,,
48212,1575,13-2270,"ML 1.5"" SCH 40 ALERTLINE",,142,140,1.1,0.045,154,,
48213,1575,32-1081,METALLIC LOCATER TAPE - RW,,430,1000,0.12,0.003,120,,
48214,1575,28-1080,"NIBCO T-113 - 2"" GV",,400.2,3,285,1,855,,
48215,1575,10-5420,RB 44NP,,420.2,3,155,1.13,465,,
48216,1575,32-0066,"RB IVM-PESB-100 - 1"" W/ IVM SOLENOID DECODER",,380.2,7,270,1.25,1890,,
48217,1575,10-5260,RB PRS-D,,999,7,75,0,525,,
48218,1575,20-3026,"SPEARS 2621-010G SCH 80 BV TXT 1""",,999,7,21,0,147,,
48219,1575,20-3045,"PVC SCH 80 TEE 2""x2""x1""",,None,7,30,0,210,,
48220,1575,10-5425,RB XCZ-100-PRBR DRIP RW VALVE,,380.7,5,205,1,1025,,
48221,1575,32-0069,RB IVMSL DECODER,,637.2,5,135,0.25,675,,
48222,1575,20-3026,"SPEARS 2621-010G SCH 80 BV TXT 1""",,999,5,21,0,105,,
48223,1575,32-0019,CONTROLLER ASSEMBLY #1,,490,0,0,10,0,,
48224,1575,10-7002,MAXI 14gg 2-WIRE CABLE (RED),,430,1000,1,0.003,1000,,
48225,1575,12-3010,"CONDUIT 1.25""  ELECTRICAL (SCH 40)",,127,800,1.5,0.036,1200,,
48226,1575,33-2604,"ELECTRICAL SWEEP 1.25"" (SCH 40)",,None,24,5,0,120,,
48227,1575,32-0070,RB IVMSP SURGE PROTECTOR,,380.5,2,140,1.25,280,,
48228,1575,10-8039,RB RD-12-S-P45-NP,,210,65,27.5,0.12,1787.5,,
48229,1575,10-8036,RB RD-06-S-P45-NP,,210,77,23.25,0.12,1790.25,,
48230,1575,10-5440,RB PLASTIC NOZZLE,,None,-142,1.1,0,-156.2,,
48231,1575,10-8029,RB R-VAN14 ROTARY NOZZLE,,999,142,5,0,710,,
48232,1575,13-2430,"LAT 1.25"" SCH 40 ALERTLINE",,130,140,1,0.0458,140,,
48233,1575,13-2420,"LAT 1"" SCH 40 ALERTLINE",,120,260,0.7,0.0438,182,,
48234,1575,13-2410,"LAT 3/4"" SCH 40 ALERTLINE",,110,1360,0.5,0.0428,680,,
48235,1575,10-1235,RB RWS M-B-C-1401,,639.7,36,44,0.25,1584,,
48236,1575,10-1284,"RB RWS-GRATEP (4"" PURPLE GRATE)",,None,36,4.5,0,162,,
48237,1575,13-2410,"LAT 3/4"" SCH 40 ALERTLINE",,110,740,0.5,0.0428,370,,
48238,1575,13420-243,RB XFS-PS-06-18 (500') purple stripe,,638.5,5,280,7,1400,,
48239,1575,13-2410,"LAT 3/4"" SCH 40 ALERTLINE",,110,100,0.5,0.0428,50,,
48240,1575,20-2260,3/4 x 3/4 x 1/2 TEE SST PVC,,None,70,1.25,0,87.5,,
48241,1575,30-2721,NETAFIM TL050-MA,,None,100,0.55,0,55,,
48242,1575,13-1195,HUNTER ECO-MAT 2.67'w x 295' DRIP MAT,,637.6,2,1610,6,3220,,
48243,1575,13-2410,"LAT 3/4"" SCH 40 ALERTLINE",,110,60,0.5,0.0428,30,,
48244,1575,20-2260,3/4 x 3/4 x 1/2 TEE SST PVC,,None,75,1.25,0,93.75,,
48245,1575,30-2721,NETAFIM TL050-MA,,None,100,0.55,0,55,,
48246,1575,25-2046,HUNTER ECO-ID-12-R INDICATOR,,210.2,10,14.5,0.12,145,,
48247,1575,30-2737,RB ARV050 (REPLACES ARVALVEKIT),,402.7,1,8.75,0.75,8.75,,
48248,1575,13-2420,"LAT 1"" SCH 40 ALERTLINE",,120,20,0.7,0.0438,14,,
48249,1575,13-2410,"LAT 3/4"" SCH 40 ALERTLINE",,110,360,0.5,0.0428,180,,
48250,1575,14-2630,"SLV 4"" SCH 40 ALERTLINE",,182,60,4.25,0.04,255,,
48251,1575,14-2640,"SLV 3"" SCH 40 ALERTLINE",,172,40,3,0.04,120,,
48252,1575,14-2660,"SLV 2"" SCH 40 ALERTLINE",,154,100,1.5,0.04,150,,
48253,1575,14-2650,"SLV 2.5"" SCH 40 ALERTLINE",,164,20,2.4,0.03,48,,
48254,1575,14-2660,"SLV 2"" SCH 40 ALERTLINE",,154,100,1.5,0.04,150,,
48255,1575,14-2630,"SLV 4"" SCH 40 ALERTLINE",,182,20,4.25,0.04,85,,
48256,1575,32-1011,BRICK PAVER,,639.1,5,1.4,0.005,7,,
48257,1575,33-1304,FILTER FABRIC 4oz (Mirafi 140n),,641,50,0.2,0.003,10,,
48258,1575,9301-298,RECLAIMED WATER SIGN regular,,635.11,4,120,0.75,480,,
48259,1575,33-2020,PENTITES,,None,-24,1.75,0,-42,,
48260,1575,33-5072,3M SCOTCHLOK 3570 CONN,,999,48,6.2,0,297.6,,
48261,1575,9310-213,TURNOVER ITEMS,,None,1,600,0,600,,
48262,1575,95-0053,WATER AUDIT SUB,,None,1,500,0,500,,
48263,1575,>>>,VB UPGRADE,,,1,0,0,0,,
48264,1575,9301-183,"NDS 212B/211CRG 10"" RND BOX GRN RW",,None,-3,31,0,-93,,
48265,1575,40-2145,"NDS 111PBCR 10"" RD, PURPLE",,None,-3,18,0,-54,,
48266,1575,32-1002,"NDS 312BCRBLK RD 10"" BOX,  W/ RW STAMP",,999,6,33,0,198,,
48267,1575,40-1421,NDS 107BC (DRIP BOX BLACK/GRN COVER),,None,-1,5.75,0,-5.75,,
48268,1575,40-1742,"CARSON 708-9-RP (7"" PURPLE)",,None,1,12,0,12,,
48272,1577,14-2630,"SLV 4"" SCH 40 ALERTLINE",,182,100,4.5,0.04,450,,
48273,1577,14-2660,"SLV 2"" SCH 40 ALERTLINE",,154,100,1.5,0.04,150,,
48274,1577,13-2640,"SLV 4"" SCH 40 PVC",,182,140,3.5,0.04,490,,
48275,1577,13-2660,"SLV 2.5"" SCH 40 PVC",,164,40,2,0.03,80,,
48276,1577,13-2670,"SLV 2"" SCH 40 PVC",,154,100,1.5,0.04,150,,
48277,1577,13-2670,"SLV 2"" SCH 40 PVC",,154,280,1.5,0.04,420,,
48287,1580,33-1287A,"PERMALOC ALUM. HDR 3/16"" x 4"" W/ STKS",,559,1900,6.25,0.03,11875,,
48320,1535,95-0076,K-9/PET TURF,PET PLAY MAX BY HERITAGE ARTIFICIAL TURF,800.1,600,3.05,0.06,1830,,
48321,1535,95-0076,K-9/PET TURF,buy 690 sf,999,90,3.05,0,274.5,,
48322,1535,95-0077,SYNTH TURF CAMOFILL SAND #30 (50#),2 LBS /SF,999,24,20,0,480,,
48323,1535,95-0074,ART. TURF GREEN SAND #16 (50#),,999,-24,22,0,-528,,
48325,1536,95-0111,IMPERIAL CA TALL FESCUE 90 (Imperial),HERITAGE HEATSHIELD 80,800.1,13500,5,0.06,67500,,
48326,1536,95-0111,IMPERIAL CA TALL FESCUE 90 (Imperial),,999,1,5,0,5,,
48327,1536,95-0077,SYNTH TURF CAMOFILL SAND #30 (50#),2 LBS / SF,999,540,20,0,10800,,
48328,1536,95-0074,ART. TURF GREEN SAND #16 (50#),,999,-540,22,0,-11880,,
48585,1520,0201-924,"ACACIA SMALLII 24""",ACACIA CULTRIFORMIS,999,4,152.44,2,609.76,,
48586,1520,1643-124,"DRACENA DRACO 24""",,999,4,600,2,2400,,
48587,1520,4799-115,LEUCODENDRON JESTER 15G,,519.1,6,80,0.73,480,,
48588,1520,0401-005,AEONIUM MINT SAUCER 5G,,520.1,12,20,0.254,240,,
48589,1520,0319-701,ALOE BLUE ELF 1G,,522.1,32,6,0.11,192,,
48590,1520,4907-501,ROSMARINUS  OFF. 'PROSTRATUS' 1G,,522.1,40,3.8,0.11,152,,
48591,1520,5050-502,SENECIO VITALIS 1G,SENECIO FICOIDES,522.1,30,4.25,0.11,127.5,,
48592,1520,9311-310,POT #1,EYE OF THE DAY POTS QUOTE,999,14,0,0,0,,
48593,1520,9309-210,POT PLACEMENT/IRRIG/DRAIN,,636,14,15,2,210,,
48594,1520,9500-113,"POTTING SOIL, 2 CF BAG",,642,50,13.5,0.17,675,,
48595,1520,30-3027,DECORATIVE GRAVEL (size & type TBD)," 77 SF @ 2"" LAYER TOP DRESS = 13 CU. FT.  CRUSHED BASALT",640,1,231,1,231,,
48596,1520,30-3027,DECORATIVE GRAVEL (size & type TBD),,640,1,100,1,100,,
48597,1520,95-1029,DELIVERY,CRUSHED BASALT COBBLE,None,1,781,0,781,,
48598,1520,9500-124,JARDINAIRE (OASIS) DEVICES,see oasis quote,999,1,2312,7,2312,,
48599,1520,33-1302,"GRAVEL 3/4""",,635.2,1,47,0.5,47,,
48600,1520,33-1304,FILTER FABRIC 4oz (Mirafi 140n),,641,100,0.2,0.003,20,,
48601,1520,95-1029,DELIVERY,,None,1,300,0,300,,
48621,1584,9301-230,AS-BUILTS AND REPRO CHARGES,,999,1,800,10,800,,
48622,1584,32-1009,TIE INTO EXISTING MAINLINE,,635.3,1,100,3,100,,
48623,1584,13-2220,"ML 2"" CLASS 315 ALERTLINE",,152,640,1.9,0.04,1216,,
48624,1584,13-2270,"ML 1.5"" SCH 40 ALERTLINE",,142,140,1.1,0.045,154,,
48625,1584,32-1081,METALLIC LOCATER TAPE - RW,,430,1000,0.12,0.003,120,,
48626,1584,28-1080,"NIBCO T-113 - 2"" GV",,400.2,3,285,1,855,,
48627,1584,10-5420,RB 44NP,,420.2,3,155,1.13,465,,
48628,1584,32-0066,"RB IVM-PESB-100 - 1"" W/ IVM SOLENOID DECODER",,380.2,7,270,1.25,1890,,
48629,1584,10-5260,RB PRS-D,,999,7,75,0,525,,
48630,1584,20-3026,"SPEARS 2621-010G SCH 80 BV TXT 1""",,999,7,21,0,147,,
48631,1584,20-3045,"PVC SCH 80 TEE 2""x2""x1""",,None,7,30,0,210,,
48632,1584,10-5425,RB XCZ-100-PRBR DRIP RW VALVE,,380.7,5,205,1,1025,,
48633,1584,32-0069,RB IVMSL DECODER,,637.2,5,135,0.25,675,,
48634,1584,20-3026,"SPEARS 2621-010G SCH 80 BV TXT 1""",,999,5,21,0,105,,
48635,1584,32-0019,CONTROLLER ASSEMBLY #1,,490,0,0,10,0,,
48636,1584,10-7002,MAXI 14gg 2-WIRE CABLE (RED),,430,1000,1,0.003,1000,,
48637,1584,12-3010,"CONDUIT 1.25""  ELECTRICAL (SCH 40)",,127,800,1.5,0.036,1200,,
48638,1584,33-2604,"ELECTRICAL SWEEP 1.25"" (SCH 40)",,None,24,5,0,120,,
48639,1584,32-0070,RB IVMSP SURGE PROTECTOR,,380.5,2,140,1.25,280,,
48640,1584,10-8039,RB RD-12-S-P45-NP,,210,65,27.5,0.12,1787.5,,
48641,1584,10-8036,RB RD-06-S-P45-NP,,210,77,23.25,0.12,1790.25,,
48642,1584,10-5440,RB PLASTIC NOZZLE,,None,-142,1.1,0,-156.2,,
48643,1584,10-8029,RB R-VAN14 ROTARY NOZZLE,,999,142,5,0,710,,
48644,1584,13-2430,"LAT 1.25"" SCH 40 ALERTLINE",,130,140,1,0.0458,140,,
48645,1584,13-2420,"LAT 1"" SCH 40 ALERTLINE",,120,260,0.7,0.0438,182,,
48646,1584,13-2410,"LAT 3/4"" SCH 40 ALERTLINE",,110,1360,0.5,0.0428,680,,
48647,1584,10-1235,RB RWS M-B-C-1401,,639.7,36,44,0.25,1584,,
48648,1584,10-1284,"RB RWS-GRATEP (4"" PURPLE GRATE)",,None,36,4.5,0,162,,
48649,1584,13-2410,"LAT 3/4"" SCH 40 ALERTLINE",,110,740,0.5,0.0428,370,,
48650,1584,13420-243,RB XFS-PS-06-18 (500') purple stripe,,638.5,5,280,7,1400,,
48651,1584,13-2410,"LAT 3/4"" SCH 40 ALERTLINE",,110,100,0.5,0.0428,50,,
48652,1584,20-2260,3/4 x 3/4 x 1/2 TEE SST PVC,,None,70,1.25,0,87.5,,
48653,1584,30-2721,NETAFIM TL050-MA,,None,100,0.55,0,55,,
48654,1584,13-1195,HUNTER ECO-MAT 2.67'w x 295' DRIP MAT,,637.6,2,1610,6,3220,,
48655,1584,13-2410,"LAT 3/4"" SCH 40 ALERTLINE",,110,60,0.5,0.0428,30,,
48656,1584,20-2260,3/4 x 3/4 x 1/2 TEE SST PVC,,None,75,1.25,0,93.75,,
48657,1584,30-2721,NETAFIM TL050-MA,,None,100,0.55,0,55,,
48658,1584,25-2046,HUNTER ECO-ID-12-R INDICATOR,,210.2,10,14.5,0.12,145,,
48659,1584,30-2737,RB ARV050 (REPLACES ARVALVEKIT),,402.7,1,8.75,0.75,8.75,,
48660,1584,13-2420,"LAT 1"" SCH 40 ALERTLINE",,120,20,0.7,0.0438,14,,
48661,1584,13-2410,"LAT 3/4"" SCH 40 ALERTLINE",,110,360,0.5,0.0428,180,,
48662,1584,14-2630,"SLV 4"" SCH 40 ALERTLINE",,182,60,4.25,0.04,255,,
48663,1584,14-2640,"SLV 3"" SCH 40 ALERTLINE",,172,40,3,0.04,120,,
48664,1584,14-2660,"SLV 2"" SCH 40 ALERTLINE",,154,100,1.5,0.04,150,,
48665,1584,14-2650,"SLV 2.5"" SCH 40 ALERTLINE",,164,20,2.4,0.03,48,,
48666,1584,14-2660,"SLV 2"" SCH 40 ALERTLINE",,154,100,1.5,0.04,150,,
48667,1584,14-2630,"SLV 4"" SCH 40 ALERTLINE",,182,20,4.25,0.04,85,,
48668,1584,32-1011,BRICK PAVER,,639.1,5,1.4,0.005,7,,
48669,1584,33-1304,FILTER FABRIC 4oz (Mirafi 140n),,641,50,0.2,0.003,10,,
48670,1584,9301-298,RECLAIMED WATER SIGN regular,,635.11,4,120,0.75,480,,
48671,1584,33-2020,PENTITES,,None,-24,1.75,0,-42,,
48672,1584,33-5072,3M SCOTCHLOK 3570 CONN,,999,48,6.2,0,297.6,,
48673,1584,9310-213,TURNOVER ITEMS,,None,1,600,0,600,,
48674,1584,95-0053,WATER AUDIT SUB,,None,1,500,0,500,,
48675,1584,>>>,VB UPGRADE,,,1,0,0,0,,
48676,1584,9301-183,"NDS 212B/211CRG 10"" RND BOX GRN RW",,None,-3,31,0,-93,,
48677,1584,40-2145,"NDS 111PBCR 10"" RD, PURPLE",,None,-3,18,0,-54,,
48678,1584,32-1002,"NDS 312BCRBLK RD 10"" BOX,  W/ RW STAMP",,999,6,33,0,198,,
48679,1584,40-1421,NDS 107BC (DRIP BOX BLACK/GRN COVER),,None,-1,5.75,0,-5.75,,
48680,1584,40-1742,"CARSON 708-9-RP (7"" PURPLE)",,None,1,12,0,12,,
48684,1586,14-2630,"SLV 4"" SCH 40 ALERTLINE",,182,100,4.5,0.04,450,,
48685,1586,14-2660,"SLV 2"" SCH 40 ALERTLINE",,154,100,1.5,0.04,150,,
48686,1586,13-2640,"SLV 4"" SCH 40 PVC",,182,140,3.5,0.04,490,,
48687,1586,13-2660,"SLV 2.5"" SCH 40 PVC",,164,40,2,0.03,80,,
48688,1586,13-2670,"SLV 2"" SCH 40 PVC",,154,100,1.5,0.04,150,,
48689,1586,13-2670,"SLV 2"" SCH 40 PVC",,154,280,1.5,0.04,420,,
48786,1501,95-0003,"MOW CURB (FORMED, 6x6)",,999,980,22,0,21560,,
48810,1489,1887-501,EUPHORBIA 'STICKS ON FIRE' 1G,POT#1,522.1,3,7,0.11,21,,
48811,1489,2028-901,CRASSULA GOLLUM 1G,POT#2,522.1,8,6,0.11,48,,
48812,1489,4119-601,SEDUM 'FIRECRACKER' 1G,"'DENDROIDEUM' POT# 3,8",522.1,18,7,0.11,126,,
48813,1489,0319-508,ALOE VERA 1G,POT#4,522.1,2,6,0.11,12,,
48814,1489,1459-101,CRASSULA OVA. 'JITTERS' 1G,POT#5,522.1,2,6,0.11,12,,
48815,1489,12-2203,"AEONIUM ""JOLLY GREEN"" 1G",POT# 6,522.1,15,7,0.11,105,,
48816,1489,12-2201,AEONIUM URBICUM 1G,'RUBRUM' POT#7,522.1,8,7.5,0.11,60,,
48817,1489,3650-501,NANDINA D GULF STREAM 1G,POT#9,522.1,12,5.5,0.11,66,,
48818,1489,9311-310,POT #1,"SEE QUOTES FROM QCP, TOURNESOL, ASIAN CERAMICS",999,1,0,0,0,,
48819,1489,9309-210,POT PLACEMENT/IRRIG/DRAIN,,636,22,15,2,330,,
48820,1489,9500-113,"POTTING SOIL, 2 CF BAG",,642,75,13.5,0.17,1012.5,,
48821,1489,33-1302,"GRAVEL 3/4""",,635.2,2,47,0.5,94,,
48822,1489,33-1304,FILTER FABRIC 4oz (Mirafi 140n),,641,300,0.2,0.003,60,,
48823,1489,9500-137,PLANTER SUPPLY WATERING DEVICE,ALT. BID IN LIEU OF CALLED OUT FOR OASIS PRODUCTS,999,1,4500,11,4500,,
48824,1489,95-1029,DELIVERY,,None,1,50,0,50,,
48866,1592,0326-115,LAGERS. MUSKOGEE 15G STD,,510,2,60,1.01,120,,
48867,1592,4350-615,PLUMBAGO AUR. 'MONOTT' 15G,,519,20,40,0.75,800,,
48868,1592,3630-505,NANDINA DOMESTICA 5G,,520,6,10,0.27,60,,
48869,1592,4825-405,ROSA FLWR CARP. PINK 5G,,520,30,15,0.27,450,,
48870,1592,2323-501,HEM. DWARF YELLOW 1G,,522,32,4,0.11,128,,
48871,1592,41-1294,ELITE PLUS SOD BY A.G.,,532,600,0.7,0.005,420,,
48872,1592,2101-1000,GENERIC MULCH,,534.1,10,25,0.5,250,,
48873,1592,95-1029,DELIVERY,,None,1,150,0,150,,
48932,1595,4375-125,"PODO. MAC. MAKI 24"" CLMN",,507,3,190,2.8,570,,
48933,1595,1640-505,DIETES BICOLOR 5G,,520,3,10,0.27,30,,
48934,1595,0919-505,CALANDRINIA SPECTABILIS  5G,,520,5,15,0.27,75,,
48935,1595,2101-1000,GENERIC MULCH,,534.1,1,25,0.5,25,,
48936,1595,9302-210,SOIL PREP,,533,60,0,0.0035,0,,
48937,1595,9302-225,FINE RAKE,,536,60,0,0.002,0,,
48938,1595,9302-220,WEED CONTROL (GRO-N-KILL),,535,100,0,0.0005,0,,
48939,1595,95-1029,DELIVERY,,None,1,75,0,75,,
48949,1593,4372-415,PODO. ICEE BLUE 15G CLMN,,510,1,140,1.01,140,,
48950,1593,1630-405,DIANELLA LITTLE REV 5G,,520,5,16.5,0.27,82.5,,
48951,1593,0748-515,DISTICTIS BUCCINITORIA 15G STK,,525,2,60,1.25,120,,
48952,1593,2101-1000,GENERIC MULCH,,534.1,1,25,0.5,25,,
48953,1593,9302-225,FINE RAKE,,536,50,0,0.002,0,,
48954,1593,9302-210,SOIL PREP,,533,50,0,0.0035,0,,
48955,1593,9302-220,WEED CONTROL (GRO-N-KILL),,535,100,0,0.0005,0,,
48956,1593,95-1029,DELIVERY,,None,1,50,0,50,,
49067,1596,9301-235,POC HOMEOWNER W/O PRV,,449,1,15,1,15,,
49068,1596,25-2069,HAMMOND IB 606-64 1,,400,1,150,1,150,,
49069,1596,13-2110,"ML 1"" SCH 40 PVC",,122,60,1.1,0.04,66,,
49070,1596,10-5429,RB XACZ-100-PRF ASVF,,395,1,64,0.62,64,,
49071,1596,20-3004,"UNION 1"" TT SCH 80 PVC",,None,1,8,0,8,,
49072,1596,10-4261,"RB ESP-TM2-4, W.M.",,481,1,110,2,110,,
49073,1596,10-4202,RB WRC2FC-48 WIRELESS RAIN/FRZ SENSOR,,638.1,1,100,0.5,100,,
49074,1596,13-1171,18-6 WIRE USE 18-7 WIRE,,430,100,0.11,0.003,11,,
49075,1596,13420-394,RB XFS-CV-06-18-500',"50 SF @ 18"" O.C",638.5,0.2,204,7,40.8,,
49076,1596,12-2040,"LAT 3/4"" CLASS 200 PVC",HEADER,110,20,0.45,0.0428,9,,
49077,1596,20-2260,3/4 x 3/4 x 1/2 TEE SST PVC,,None,15,1.25,0,18.75,,
49078,1596,30-2721,NETAFIM TL050-MA,,None,20,0.55,0,11,,
49079,1596,13420-175,RB MDCFCAP BLK FLUSH CAP,,402.3,1,2,0.75,2,,
49080,1596,12-2040,"LAT 3/4"" CLASS 200 PVC",,110,40,0.45,0.0428,18,,
49081,1596,13-2670,"SLV 2"" SCH 40 PVC",,154,20,2.3,0.04,46,,
49082,1597,9301-235,POC HOMEOWNER W/O PRV,,449,1,15,1,15,,
49083,1597,25-2069,HAMMOND IB 606-64 1,,400,1,150,1,150,,
49084,1597,13-2110,"ML 1"" SCH 40 PVC",,122,40,1.1,0.04,44,,
49085,1597,10-5429,RB XACZ-100-PRF ASVF,,395,1,64,0.62,64,,
49086,1597,20-3004,"UNION 1"" TT SCH 80 PVC",,None,1,8,0,8,,
49087,1597,10-4261,"RB ESP-TM2-4, W.M.",,481,1,110,2,110,,
49088,1597,10-4202,RB WRC2FC-48 WIRELESS RAIN/FRZ SENSOR,,638.1,1,100,0.5,100,,
49089,1597,13-1171,18-6 WIRE USE 18-7 WIRE,,430,100,0.11,0.003,11,,
49090,1597,13420-394,RB XFS-CV-06-18-500',,638.5,0.2,204,7,40.8,,
49091,1597,12-2040,"LAT 3/4"" CLASS 200 PVC",,110,20,0.45,0.0428,9,,
49092,1597,20-2260,3/4 x 3/4 x 1/2 TEE SST PVC,,None,15,1.25,0,18.75,,
49093,1597,30-2721,NETAFIM TL050-MA,,None,20,0.55,0,11,,
49094,1597,13420-175,RB MDCFCAP BLK FLUSH CAP,,402.3,1,2,0.75,2,,
49095,1597,12-2040,"LAT 3/4"" CLASS 200 PVC",,110,20,0.45,0.0428,9,,
49096,1597,13-2670,"SLV 2"" SCH 40 PVC",,154,20,2.3,0.04,46,,
49102,1598,9301-235,POC HOMEOWNER W/O PRV,,449,1,15,1,15,,
49103,1598,25-2069,HAMMOND IB 606-64 1,,400,1,150,1,150,,
49104,1598,13-2110,"ML 1"" SCH 40 PVC",,122,40,1.1,0.04,44,,
49105,1598,10-5429,RB XACZ-100-PRF ASVF,,395,1,64,0.62,64,,
49106,1598,20-3004,"UNION 1"" TT SCH 80 PVC",,None,1,8,0,8,,
49107,1598,10-4261,"RB ESP-TM2-4, W.M.",,481,1,110,2,110,,
49108,1598,10-4202,RB WRC2FC-48 WIRELESS RAIN/FRZ SENSOR,,638.1,1,100,0.5,100,,
49109,1598,13-1171,18-6 WIRE USE 18-7 WIRE,,430,100,0.11,0.003,11,,
49110,1598,13420-394,RB XFS-CV-06-18-500',,638.5,0.2,204,7,40.8,,
49111,1598,12-2040,"LAT 3/4"" CLASS 200 PVC",,110,20,0.45,0.0428,9,,
49112,1598,20-2260,3/4 x 3/4 x 1/2 TEE SST PVC,,None,15,1.25,0,18.75,,
49113,1598,30-2721,NETAFIM TL050-MA,,None,20,0.55,0,11,,
49114,1598,13420-175,RB MDCFCAP BLK FLUSH CAP,,402.3,1,2,0.75,2,,
49115,1598,12-2040,"LAT 3/4"" CLASS 200 PVC",,110,40,0.45,0.0428,18,,
49116,1598,13-2670,"SLV 2"" SCH 40 PVC",,154,20,2.3,0.04,46,,
49143,1531,33-1332,"GRAVEL 3/8""","'ANTIQUE' BY TRI-STATE; 6,460 SF @ 2""",635.2,60,47,0.5,2820,,
49144,1531,33-1304,FILTER FABRIC 4oz (Mirafi 140n),,641,7000,0.2,0.003,1400,,
49145,1531,33-1260,REDWOOD 2 X 4,CEDAR HEADER,558,520,2.25,0.03,1170,,
49146,1531,95-0410,MISC BLS EQUIPMENT PER HR,,635,12,100,1,1200,,
49147,1531,95-1029,DELIVERY,,None,1,1080,0,1080,,
49150,1327,95-0110,IMPERIAL PET PRIDE PRO,,800.1,5350,3.8,0.06,20330,,
49151,1327,95-0110,IMPERIAL PET PRIDE PRO,,999,1700,3.8,0,6460,,
49152,1327,33-1296,"PSP PLASTIC 2"" X 4""",excess necessary,546,1370,4.25,0.03,5822.5,,
49153,1327,9306-211,LANDSCAPE MISC #2,plastic drainage panels,999,5350,4.9,0,26215,,
49154,1327,33-13035,RECYCLED CLASS 2 BASE,"delete 1"" worth, due to plastic",999,-35,23,0,-805,,
49220,1534,30-3027,DECORATIVE GRAVEL (size & type TBD),"SWB 1-3"" 'INDIAN PAINT CRUSHED'; 180 SF @ 3""",640,3,90,1,270,,
49221,1534,33-1304,FILTER FABRIC 4oz (Mirafi 140n),,641,200,0.2,0.003,40,,
49222,1534,95-0410,MISC BLS EQUIPMENT PER HR,,635,2,100,1,200,,
49223,1534,95-1029,DELIVERY,,None,1,575,0,575,,
49227,1607,20-3063,"LASCO V14791N 1.25"" GRAY B.V. TxT",,999,14,10,0,140,,
49236,1610,9311-310,POT #1,,999,1,0,0,0,,
49237,1610,9309-210,POT PLACEMENT/IRRIG/DRAIN,,636,49,15,2,735,,
49238,1610,,,,,1,0,0,0,,
49253,1301,1572-125,"CUPRESSUS SEMPER.T.T. MONSHEL 24""",,999,2,265,2,530,,
49254,1301,0746-015,BOUG. LA JOLLA 15G SHRUB,,519.1,12,45,0.73,540,,
49255,1301,3920-615,OLEA EURO. 'LITTLE OLLIE' 15G SHRUB,,519.1,10,55,0.73,550,,
49256,1301,2333-101,"KALANCHOE ORANGE 6"" POT",,522.1,160,10,0.11,1600,,
49257,1301,3535-501,MANDEVILLA ALICE DU PONT 1G,"10"" POTS MANDEVILLA BOLIVIENSIS",522.1,144,8,0.11,1152,,
49258,1301,9309-210,POT PLACEMENT/IRRIG/DRAIN,,636,24,15,2,360,,
49259,1301,9500-113,"POTTING SOIL, 2 CF BAG",,642,72,13.5,0.17,972,,
49260,1301,95-1029,DELIVERY,,None,1,320,0,320,,
49321,1615,9302-135,"24"" TREE",,507,-4,185,2.8,-740,,
49322,1615,9302-125,"36"" TREE",,505.3,4,480,4.5,1920,,
49323,1615,95-1029,DELIVERY,,None,1,125,0,125,,
49369,1604,33-1100,CONCRETE REDI-MIX 60# BAG,,None,900,8,0,7200,,
49370,1604,2101-1000,GENERIC MULCH,,534.1,40,25,0.5,1000,,
49371,1604,9302-122,DG MOJAVE GOLD SWB STABILIZED,,547,12,200,0.5,2400,,
49372,1604,9302-962,DG CALIFORNIA GOLD STAB.,,547,25,115,0.5,2875,,
49373,1604,95-1029,DELIVERY,,None,1,1100,0,1100,,
49440,1606,13-1482,WILKINS 500XL-HLR  1,,381,1,1250,1,1250,,
49441,1612,13-2650,"SLV 3"" SCH 40 PVC",,172,100,2.5,0.04,250,,
49442,1612,13-2670,"SLV 2"" SCH 40 PVC",,154,200,1.5,0.04,300,,
49443,1506,9301-235,POC HOMEOWNER W/O PRV,,449,7,15,1,105,,
49444,1506,13-2290,"ML 1"" SCH 40 ALERTLINE",,122,260,1.15,0.04,299,,
49445,1506,13-1726,"WILKINS #70 PRV  1""",,381,7,250,1,1750,,
49446,1506,10-5427,RB XACZ-075-PRF  ASVF,,390,2,50,0.62,100,,
49447,1506,10-5325,"RB ASVF 3/4"" ANTI SIPHON",,390,7,25,0.62,175,,
49448,1506,10-4242,RB ESP-TM2 WALL MOUNT 4 STA w/LNK WIFI,CONFIRM SIZE,481,7,250,2,1750,,
49449,1506,10-4202,RB WRC2FC-48 WIRELESS RAIN/FRZ SENSOR,,638.1,7,100,0.5,700,,
49450,1506,13-1177,18-13 WIRE FOR 12 ST. CONT.,,430,300,0.85,0.003,255,,
49451,1506,10-8018,RB RD-06-S-P30-F,,210,2,25,0.12,50,,
49452,1506,10-5449,RB 5FB/HB/QB/CSTB NOZZLE,,999,2,2.1,0,4.2,,
49453,1506,10-5440,RB PLASTIC NOZZLE,,None,-2,1.1,0,-2.2,,
49454,1506,10-1180,RB 1401 BUBBLER,,251,6,5,0.15,30,,
49455,1506,12-2180,"LAT 3/4"" SCH 40  PVC",,110,100,0.75,0.0428,75,,
49456,1506,12-1580,"3/4"" UVR PIPE",,201,40,0.85,0.015,34,,
49457,1506,30-2777,NETAFIM TLCVRW-06-12 TECHLINE-1000',"1,819 SF @12""O.C.",638.6,2,650,10,1300,,
49458,1506,12-2180,"LAT 3/4"" SCH 40  PVC",,110,180,0.75,0.0428,135,,
49459,1506,20-2260,3/4 x 3/4 x 1/2 TEE SST PVC,,None,180,1.25,0,225,,
49460,1506,30-2707,NETAFIM TL TEE,,None,180,0.5,0,90,,
49461,1506,30-2715,NETAFIM TLSOV SHUT OFF VALVE,,402.3,18,5,0.75,90,,
49462,1506,30-2833,"NETAFIM TLAVRV AIR-R Wtl050ftee 1/2""",,402.3,7,10,0.75,70,,
49463,1506,12-2180,"LAT 3/4"" SCH 40  PVC",,110,260,0.75,0.0428,195,,
49464,1506,13-2670,"SLV 2"" SCH 40 PVC",,154,560,2.3,0.04,1288,,
49465,1506,9301-255,STUB OUT FOR FUTURE USE,,461,7,5,0.5,35,,
49518,1459,95-0128,HAT HEATSHIELD 50 oz,,800.1,480,4,0.06,1920,,
49519,1459,95-0128,HAT HEATSHIELD 50 oz,BUY 585 SF,999,105,4,0,420,,
49520,1460,33-1015,PALM SPRINGS GOLD FINES DG,"172 SF 4"" ",640,4,121,1,484,,
49521,1460,33-1304,FILTER FABRIC 4oz (Mirafi 140n),,641,200,0.2,0.003,40,,
49522,1460,33-1224,"PERMALOC CLEANLINE 3/16"" x 4"" BLK ANOD. W/ STKS",,559,48,6.25,0.03,300,,
49523,1460,95-1029,DELIVERY,,None,1,755,0,755,,
49524,1460,95-0410,MISC BLS EQUIPMENT PER HR,,635,1,100,1,100,,
49553,1622,4482-315,PRUNUS C. COMPACTA 15G CLMN,,510.3,10,60,1.01,600,,
49554,1622,95-1029,DELIVERY,,None,1,75,0,75,,
49561,1623,9301-1113,BIRDSEYE BROWN 3/8-7/8,,635,3,750,1,2250,,
49562,1623,4482-315,PRUNUS C. COMPACTA 15G CLMN,,510.3,10,60,1.01,600,,
49563,1623,95-1029,DELIVERY,,None,1,75,0,75,,
49692,1631,95-0003,"MOW CURB (FORMED, 6x6)",,999,360,22,0,7920,,
49693,1632,>>>,DESERT SELECT BOULDERS,,,1,0,0,0,,
49694,1632,9325-104,BOULDER 4',,635,2,384,1,768,,
49695,1632,9325-103,BOULDER 3',,635,2,230,1,460,,
49696,1632,9325-102,BOULDER 2',,635,3,88,1,264,,
49697,1632,95-0410,MISC BLS EQUIPMENT PER HR,,635,6,100,1,600,,
49698,1632,95-1029,DELIVERY,,None,1,250,0,250,,
49699,1633,9302-071,DG DESERT GOLD W/ STABILIZER,,547,18,93,0.5,1674,,
49700,1633,95-0410,MISC BLS EQUIPMENT PER HR,,635,4,100,1,400,,
49701,1633,95-0411,"ROLLER, PER DAY",,635.8,1,450,8,450,,
49702,1633,33-1304,FILTER FABRIC 4oz (Mirafi 140n),,641,1000,0.2,0.003,200,,
49703,1633,33-1182,"EDGEPERM 3/16"" x 5.5"" ALUM HDR (IMPERIAL)",,559,144,7,0.03,1008,,
49704,1633,95-1029,DELIVERY,,None,1,250,0,250,,
49720,1625,33-1332,"GRAVEL 3/8""","'ANTIQUE' BY TRISTATE; 14,220 SF @ 2""",635,135,50,1,6750,,
49721,1625,33-1304,FILTER FABRIC 4oz (Mirafi 140n),,641,15500,0.2,0.003,3100,,
49722,1625,33-1260,REDWOOD 2 X 4,,558,1300,2.5,0.03,3250,,
49723,1625,95-0410,MISC BLS EQUIPMENT PER HR,,635,32,100,1,3200,,
49724,1625,95-1029,DELIVERY,,None,1,1100,0,1100,,
49831,1573,41-1298,ARTIFICIAL TURF,'EMERALD GREEN' PET BY GLOBAL SYNTURF; 15' x17' roll,800.1,210,2.75,0.06,577.5,,
49832,1573,41-1298,ARTIFICIAL TURF,,999,45,2.75,0,123.75,,
49833,1574,9302-271.1,DG STABILIZED (color T.B.D.),"'TAN GOLD' BY GAIL; 540 SF @ 3.5""",547,11,50,0.5,550,,
49834,1574,33-1304,FILTER FABRIC 4oz (Mirafi 140n),,641,600,0.2,0.003,120,,
49835,1574,95-0410,MISC BLS EQUIPMENT PER HR,,635,4,100,1,400,,
49836,1574,95-0411,ROLLER PER DAY,,635.8,1,450,8,450,,
49837,1574,95-1029,DELIVERY,,None,1,675,0,675,,
49877,1646,9325-103,BOULDER 3',,635,3,308,1,924,,
49878,1646,9325-105,BOULDER 5',,636,2,770,2,1540,,
49879,1646,95-0410,MISC BLS EQUIPMENT PER HR,,635,4,100,1,400,,
49880,1646,95-1029,DELIVERY,,None,1,550,0,550,,
49979,1650,9302-271.1,DG STABILIZED (color T.B.D.),"1510 SF @ 4""",547,35,80,0.5,2800,,
49980,1650,33-1304,FILTER FABRIC 4oz (Mirafi 140n),,641,1700,0.2,0.003,340,,
49981,1650,95-0411,ROLLER PER DAY,,635.8,1,450,8,450,,
49982,1650,95-0410,MISC BLS EQUIPMENT PER HR,,635,8,100,1,800,,
49983,1650,95-1016,DELIVERY/ FREIGHT,,None,1,400,0,400,,
50034,1651,3920-236,"OLEA SWAN HILL 36"" MLT",,505,7,900,4.5,6300,,
50035,1651,9302-300,"AUGER SUMP 6"" x  4'",,545,14,0,0.2,0,,
50036,1651,9302-950,CENTURY CP2424 (24 x 24 panel),110',537,55,6.25,0.1,343.75,,
50037,1651,9302-155,15G SHRUB,"3500 sf @ 10%, @ 36"" oc",519,41,60,0.75,2460,,
50038,1651,0748-515,DISTICTIS BUCCINITORIA 15G STK,,525,6,60,1.25,360,,
50039,1651,9302-105,5G SHRUB,"3500 sf @ 80% @ 24""",520,740,14,0.27,10360,,
50040,1651,9302-165,1G SHRUB,"3500 sf @ 10%, @ 18"" oc",522,165,5,0.11,825,,
50041,1651,2101-1000,GENERIC MULCH,"3500 sf @ 2.5""",534.1,27,30,0.5,810,,
50042,1651,9302-210,SOIL PREP,,533,3500,0,0.0035,0,,
50043,1651,9302-225,FINE RAKE,,536,3500,0,0.002,0,,
50044,1651,95-1016,DELIVERY/ FREIGHT,,None,1,1700,0,1700,,
50050,1652,9302-271.1,DG STABILIZED (color T.B.D.),"3100 sf @ 4"" (assumed depth)",547,70,80,0.5,5600,,
50051,1652,33-1304,FILTER FABRIC 4oz (Mirafi 140n),,641,3400,0.2,0.003,680,,
50052,1652,95-0411,ROLLER PER DAY,,635.8,1,450,8,450,,
50053,1652,95-0410,MISC BLS EQUIPMENT PER HR,,635,16,100,1,1600,,
50054,1652,95-1016,DELIVERY/ FREIGHT,,None,1,400,0,400,,
50330,1462,9301-235,POC HOMEOWNER W/O PRV,,449,3,15,1,45,,
50331,1462,13-2110,"ML 1"" SCH 40 PVC",,122,280,1.1,0.04,308,,
50332,1462,13-1726,"WILKINS #70 PRV  1""","REQ. 3/4""",381,3,250,1,750,,
50333,1462,10-5427,RB XACZ-075-PRF  ASVF,,390,8,50,0.62,400,,
50334,1462,10-5325,"RB ASVF 3/4"" ANTI SIPHON",,390,8,25,0.62,200,,
50335,1462,10-4369,RB ESP-TM2 WALL MOUNT 12 STA w/LNK WIFI,,471,3,285,2,855,,
50336,1462,10-4202,RB WRC2FC-48 WIRELESS RAIN/FRZ SENSOR,,638.1,3,100,0.5,300,,
50337,1462,13-1177,18-13 WIRE FOR 12 ST. CONT.,,430,300,0.85,0.003,255,,
50338,1462,10-8018,RB RD-06-S-P30-F,,210,12,27,0.12,324,,
50339,1462,10-5449,RB 5FB/HB/QB/CSTB NOZZLE,,999,12,2.4,0,28.8,,
50340,1462,10-1180,RB 1401 BUBBLER,,251,26,5,0.15,130,,
50341,1462,12-2180,"LAT 3/4"" SCH 40  PVC",,110,280,0.55,0.0428,154,,
50342,1462,12-1580,"3/4"" UVR PIPE",,201,220,0.85,0.015,187,,
50343,1462,30-2777,NETAFIM TLCVRW-06-12 TECHLINE-1000',"2,413 SF @12""O.C.",638.6,2.5,650,10,1625,,
50344,1462,12-2180,"LAT 3/4"" SCH 40  PVC",,110,300,0.55,0.0428,165,,
50345,1462,20-2260,3/4 x 3/4 x 1/2 TEE SST PVC,,None,300,1.25,0,375,,
50346,1462,30-2707,NETAFIM TL TEE,,None,300,0.55,0,165,,
50347,1462,30-2715,NETAFIM TLSOV SHUT OFF VALVE,,402.3,13,5,0.75,65,,
50348,1462,30-2833,"NETAFIM TLAVRV AIR-R Wtl050ftee 1/2""",,402.3,7,10,0.75,70,,
50349,1462,12-2180,"LAT 3/4"" SCH 40  PVC",,110,300,0.55,0.0428,165,,
50350,1462,13-2670,"SLV 2"" SCH 40 PVC",,154,220,1.35,0.04,297,,
50351,1462,9301-255,STUB OUT FOR FUTURE USE,,461,3,5,0.5,15,,
50497,1642,9325-101,BOULDERS PER TON (add labor),'DESERT SAND' BY SWB; 5 @ 2'; 10 @ 3'; 5 @ 4',999,20,140,1,2800,,
50498,1642,95-0410,MISC BLS EQUIPMENT PER HR,,635,4,100,1,400,,
50499,1642,95-1029,DELIVERY,,None,1,625,0,625,,
50500,1640,9325-101,BOULDERS PER TON (add labor),'DESERT SAND' BY SWB; 1 @ 2'; 3 @ 3'; 1 @ 4',999,5,140,1,700,,
50501,1640,95-0410,MISC BLS EQUIPMENT PER HR,,635,2,100,1,200,,
50502,1640,95-1029,DELIVERY,,None,1,625,0,625,,
50503,1641,9302-123,DG MOJAVE GOLD,"13,150 SF @ 2""",547,145,120,0.5,17400,,
50504,1641,95-0410,MISC BLS EQUIPMENT PER HR,,635,24,100,1,2400,,
50505,1641,95-0412,ROLLER PER WEEK,,636.9,1,1200,40,1200,,
50506,1641,95-1029,DELIVERY,,None,1,210,0,210,,
50507,1639,9302-123,DG MOJAVE GOLD,"5,680 SF @ 2""",547,65,120,0.5,7800,,
50508,1639,95-0410,MISC BLS EQUIPMENT PER HR,,635,16,100,1,1600,,
50509,1639,95-0412,ROLLER PER WEEK,,636.9,1,1200,40,1200,,
50510,1639,95-1029,DELIVERY,,None,1,210,0,210,,
50512,1658,33-1082,FLAGSTONE STEPPER / SF COST,'ARIZPNA CLASSIC OAK' BY SWB (~40 PIECES); cost per tn,999,2,725,8,1450,,
50513,1658,95-1029,DELIVERY,,None,210,0,0,0,,
50517,1649,33-1082,FLAGSTONE STEPPER / SF COST,'ARIZONA CLASSIC OAK' BY SWB (~90 PIECES); per tn,999,4,725,8,2900,,
50518,1649,95-1029,DELIVERY,,None,1,210,0,210,,
50536,1578,9302-122,DG MOJAVE GOLD SWB STABILIZED,,547,55,155,0.5,8525,,
50537,1578,33-1304,FILTER FABRIC 4oz (Mirafi 140n),,641,3500,0.2,0.003,700,,
50538,1578,95-0410,MISC BLS EQUIPMENT PER HR,,635,12,100,1,1200,,
50539,1578,95-0411,"ROLLER, PER DAY",,635.8,1.5,450,8,675,,
50540,1578,95-1016,DELIVERY/ FREIGHT,,None,1,350,0,350,,
50667,975,9301-1208,"MOJAVE GOLD 1/2"" GRAVEL","3/4"" MOJAVE GOLD, 9371  SF @ 3""",635,131,155,1,20305,,
50668,975,33-1304,FILTER FABRIC 4oz (Mirafi 140n),,641,10000,0.2,0.003,2000,,
50669,975,95-0410,MISC BLS EQUIPMENT PER HR,,635,24,100,1,2400,,
50670,975,95-1016,DELIVERY/ FREIGHT,,None,1,390,0,390,,
50671,975,33-1287A,"PERMALOC ALUM. HDR 3/16"" x 4"" W/ STKS",,559,240,6.25,0.03,1500,,
50672,1005,9301-1208,"MOJAVE GOLD 1/2"" GRAVEL","3/4"" MOJAVE GOLD, 15823  SF @ 3""",635,220,156,1,34320,,
50673,1005,33-1304,FILTER FABRIC 4oz (Mirafi 140n),,641,17000,0.2,0.003,3400,,
50674,1005,95-0410,MISC BLS EQUIPMENT PER HR,,635,32,100,1,3200,,
50675,1005,95-1016,DELIVERY/ FREIGHT,,None,1,390,0,390,,
50676,1005,33-1287A,"PERMALOC ALUM. HDR 3/16"" x 4"" W/ STKS",BLACK PERMASTRIP,559,528,6.25,0.03,3300,,
50677,1004,9302-122,DG MOJAVE GOLD SWB STABILIZED,"2,514 SF @ 3""",547,42,130,0.5,5460,,
50678,1004,33-1304,FILTER FABRIC 4oz (Mirafi 140n),,641,3000,0.2,0.003,600,,
50679,1004,95-0411,"ROLLER, PER DAY",,635.8,1,450,8,450,,
50680,1004,95-0410,MISC BLS EQUIPMENT PER HR,,635,8,100,1,800,,
50681,1004,95-1029,DELIVERY,,None,1,390,0,390,,
50682,1004,33-1287A,"PERMALOC ALUM. HDR 3/16"" x 4"" W/ STKS",BLACK PERMASTRIP,559,304,6.25,0.03,1900,,
50701,1671,95-0410,MISC BLS EQUIPMENT PER HR,,635,200,100,1,20000,,
50702,1671,9306-210,LANDSCAPE MISC #1,TRASH CONTAINERS,999,1,6000,0,6000,,
50703,1672,2052-405,FICUS GREEN GEM 5g clmn,,520,-42,25,0.27,-1050,,
50704,1672,2056-315,FICUS N. GREEN GEM 15G CLMN,,510,42,65,1.01,2730,,
50705,1672,95-1016,DELIVERY/ FREIGHT,,None,1,300,0,300,,
50719,1673,13-2070,"ML 2.5"" SCH 40 PVC",,162,460,1.85,0.038,851,,
50720,1673,13-1020,#14 UF RED WIRE,,430,500,0.2,0.003,100,,
50721,1673,13-1100,#14 UF BLACK WIRE,,430,2500,0.2,0.003,500,,
50722,1673,13-1040,#14 UF WHITE WIRE,,430,500,0.2,0.003,100,,
50723,1673,13-2630,"SLV 6"" SCH 40 PVC",,185,80,7,0.04,560,,
50724,1673,9304-210,IRRIGATION MISC #1,,999,1,250,140,250,,
50726,1587,9302-122,DG MOJAVE GOLD SWB STABILIZED,"1510 SF @ 3""",547,25,155,0.5,3875,,
50727,1587,33-1304,FILTER FABRIC 4oz (Mirafi 140n),,641,1600,0.2,0.003,320,,
50728,1587,95-0410,MISC BLS EQUIPMENT PER HR,,635,8,100,1,800,,
50729,1587,95-0411,"ROLLER, PER DAY",,635.8,1,450,8,450,,
50730,1587,95-1016,DELIVERY/ FREIGHT,,None,0,350,0,0,,
50731,1590,9325-104,BOULDER 4',,635,24,0,1,0,,
50732,1590,9325-103,BOULDER 3',,635,18,0,1,0,,
50733,1590,9325-102,BOULDER 2',,635,5,0,1,0,,
50734,1590,9325-107,BOULDER 1.5',,635,0,0,1,0,,
50735,1590,95-0410,MISC BLS EQUIPMENT PER HR,,635,12,100,1,1200,,
50736,1590,9302-235,CRANE (35 TO 50 TON),,635,4,500,1,2000,,
50737,1589,33-1287A,"PERMALOC ALUM. HDR 3/16"" x 4"" W/ STKS",,559,32,6.25,0.03,200,,
50738,1585,9325-105,BOULDER 5',,636,5,0,2,0,,
50739,1585,95-0410,MISC BLS EQUIPMENT PER HR,,635,4,100,1,400,,
50740,1585,9302-235,CRANE (35 TO 50 TON),,635,2,500,1,1000,,
50752,992,33-1019,"MEXICAN BEACH PEBBLE BLK 1"" - 2""",,640,1,400,1,400,,
50753,992,33-1014,MEXICAN BLACK PEBBLES / .5 CF BAG,,637.2,0,35,0.25,0,,
50754,992,95-1016,DELIVERY/ FREIGHT,,None,1,320,0,320,,
50755,992,95-0410,MISC BLS EQUIPMENT PER HR,,635,1,100,1,100,,
50756,991,9302-071,DG DESERT GOLD W/ STABILIZER,,547,8,90,0.5,720,,
50757,991,95-0411,"ROLLER, PER DAY",,635.8,0.5,450,8,225,,
50758,991,95-1029,DELIVERY,,None,1,300,0,300,,
50759,991,33-1190,"BORDER CONCEPTS STEEL 1/4"" X 5"" BROWN",,561,80,11,0.06,880,,
50796,1628,95-0111,IMPERIAL CA TALL FESCUE 90 (Imperial),,800.1,1470,4.25,0.06,6247.5,,
50797,1628,95-0111,IMPERIAL CA TALL FESCUE 90 (Imperial),,999,1,4.25,0,4.25,,
50798,1581,9325-104,BOULDER 4',,635,31,0,1,0,,
50799,1581,9325-103,BOULDER 3',,635,45,0,1,0,,
50800,1581,9325-102,BOULDER 2',,635,52,0,1,0,,
50801,1581,9325-107,BOULDER 1.5',,635,28,0,1,0,,
50802,1581,95-0410,MISC BLS EQUIPMENT PER HR,,635,16,100,1,1600,,
50803,1581,9302-235,CRANE (35 TO 50 TON),,635,8,500,1,4000,,
50819,1664,33-1315,FLAGSTONE PIECES (3-4 SF) (taken from pallets),ARIZONA CLASSIC OAK FLAGSTONE,567,117,10,0.3,1170,,
50820,1664,9306-210,LANDSCAPE MISC #1,THICK-SEL MORTAR BED,999,117,15,0,1755,,
50821,1664,9301-160,"FILL SAND BACKFILL, IRR, DRAINS","2"" COMPACTED SAND SUB BASE",540,5,30,0.25,150,,
50827,1668,33-1315,FLAGSTONE PIECES (3-4 SF) (taken from pallets),ARIZONA CLASSIC OAK FLAGSTONE,567,346,10,0.3,3460,,
50828,1668,9306-211,LANDSCAPE MISC #2,THICK-SET MORTAR BED,999,346,15,0,5190,,
50829,1668,9301-160,"FILL SAND BACKFILL, IRR, DRAINS",,540,13,30,0.25,390,,
50830,1668,95-0410,MISC BLS EQUIPMENT PER HR,,635,12,100,1,1200,,
50831,1668,95-1029,DELIVERY,,None,2,206,0,412,,
50832,1669,33-1067,"MEXICAN BEACH BLACK 3""-5""","BUFF MEXICAN BEACH PEBBLE 3466 SF @ 3""",635,50,338,1,16900,,
50833,1669,95-0410,MISC BLS EQUIPMENT PER HR,,635,16,100,1,1600,,
50834,1669,33-1304,FILTER FABRIC 4oz (Mirafi 140n),,641,4000,0.2,0.003,800,,
50835,1669,95-1029,DELIVERY,,None,1,206,0,206,,
50837,1666,33-1315,FLAGSTONE PIECES (3-4 SF) (taken from pallets),ARIZONA CLASSIC OAK FLAGSTONE,567,189,10,0.3,1890,,
50838,1666,9306-211,LANDSCAPE MISC #2,THICK-SET MORTAR BED,999,189,15,0,2835,,
50839,1666,9301-160,"FILL SAND BACKFILL, IRR, DRAINS","2"" COMPACTED SAND BASE",540,7,30,0.25,210,,
50840,1666,95-0410,MISC BLS EQUIPMENT PER HR,,635,8,100,1,800,,
50841,1666,95-1029,DELIVERY,,None,1,206,0,206,,
50842,1667,33-1067,"MEXICAN BEACH BLACK 3""-5""","BUFF MEXICAN BEACH PEBBLE 1707 SF @ 3""",635,24,338,1,8112,,
50843,1667,95-0410,MISC BLS EQUIPMENT PER HR,,635,8,100,1,800,,
50844,1667,33-1304,FILTER FABRIC 4oz (Mirafi 140n),,641,2000,0.2,0.003,400,,
50845,1667,95-1029,DELIVERY,,None,1,206,0,206,,
50847,1674,33-1290,BEND-A-BOARD WOOD FLEX 1 X 4,SIZE NOT SPEC. REDWOOD Person 8FA4697F-BOARD,546,400,2.2,0.03,880,,
50848,1579,9301-1231,"MOHAVE GOLD 3/4"" CRUSHED GRAVEL (SWB)","17516 SF @ 3""",640,245,150,1,36750,,
50849,1579,33-1304,FILTER FABRIC 4oz (Mirafi 140n),,641,18000,0.2,0.003,3600,,
50850,1579,95-0410,MISC BLS EQUIPMENT PER HR,,635,40,100,1,4000,,
50851,1579,95-1016,DELIVERY/ FREIGHT,,None,1,400,0,400,,
50852,1665,33-1067,"MEXICAN BEACH BLACK 3""-5""","3""-5"" BUFF MEXICAN BEACH PEBBLE 824 SF",635,15,406,1,6090,,
50853,1665,95-0410,MISC BLS EQUIPMENT PER HR,,635,8,100,1,800,,
50854,1665,95-1029,DELIVERY,,None,1,350,0,350,,
50855,1665,33-1304,FILTER FABRIC 4oz (Mirafi 140n),,641,1000,0.2,0.003,200,,
50859,1675,33-3028,PLAYGROUND SAND (WEST COAST),"50 SF @ 4""",635.2,1,50,0.5,50,,
50860,1675,33-1304,FILTER FABRIC 4oz (Mirafi 140n),,641,100,0.2,0.003,20,,
51032,1629,12-3010,"CONDUIT 1.25""  ELECTRICAL (SCH 40)",,127,3800,1.6,0.036,6080,,
51033,1629,33-2604,"ELECTRICAL SWEEP 1.25"" (SCH 40)",,None,110,9,0,990,,
51054,1682,9325-103,BOULDER 3',,635,13,75,1,975,,
51055,1682,9325-102,BOULDER 2',,635,10,50,1,500,,
51056,1682,9325-1010,BOULDER 1',,635.2,17,25,0.5,425,,
51057,1681,9301-11116,"DEL RIO GRAVEL 1""-4""",,635,16,130,1,2080,,
51058,1683,33-1224,"PERMALOC CLEANLINE 3/16"" x 4"" BLK ANOD. W/ STKS",,559,360,6.25,0.03,2250,,
51061,1679,9325-103,BOULDER 3',ON-SITE,635,6,75,1,450,,
51062,1679,9325-102,BOULDER 2',ON-SITE,635,3,50,1,150,,
51063,1679,9325-1010,BOULDER 1',ON-SITE,635.2,6,25,0.5,150,,
51067,1684,9301-11116,"DEL RIO GRAVEL 1""-4""",,635,5.5,130,1,715,,
51074,1678,9301-11116,"DEL RIO GRAVEL 1""-4""","1""-2"" ",635,5,130,1,650,,
51075,1678,,,,,1,0,0,0,,
51076,1680,33-1224,"PERMALOC CLEANLINE 3/16"" x 4"" BLK ANOD. W/ STKS",,559,175,6.25,0.03,1093.75,,
51077,1680,,,,,1,0,0,0,,
51079,1686,33-1224,"PERMALOC CLEANLINE 3/16"" x 4"" BLK ANOD. W/ STKS",,559,210,6.25,0.03,1312.5,,
51080,1685,9325-103,BOULDER 3',,635,5,75,1,375,,
51081,1685,9325-102,BOULDER 2',,635,3,50,1,150,,
51082,1685,9325-1010,BOULDER 1',,635.2,5,25,0.5,125,,
51128,1630,95-0110,IMPERIAL PET PRIDE PRO,,800.1,1200,4,0.06,4800,,
51129,1630,95-0110,IMPERIAL PET PRIDE PRO,buy 1530 sf,999,330,4,0,1320,,
51130,1630,9310-217,ZEOFILL TURF DEODORIZER (50# BG),2# per sf,999,48,24,0.1,1152,,
51245,844,95-0111,IMPERIAL CA TALL FESCUE 90 (Imperial),synnatural 55,800.1,1470,4.25,0.06,6247.5,,
51246,844,95-0111,IMPERIAL CA TALL FESCUE 90 (Imperial),,999,1,4.25,0,4.25,,
51247,845,95-0110,IMPERIAL PET PRIDE PRO,SYNCANINE  BY Company 0355C7A0,800.1,1225,4,0.06,4900,,
51248,845,95-0110,IMPERIAL PET PRIDE PRO,buy 1500 sf,999,275,4,0,1100,,
51299,1691,>>>,SEPARATION BETWEEN EASEMENT PARKWAY,,,1,0,0,0,,
51300,1691,95-0004,MOW CURB (EXTRUDED),,None,992,14,0,13888,,
51335,1692,0743-605,BOUG. ROSENKA 5G,,520.1,44,11,0.254,484,,
51336,1692,4829-505,SENECIO SERPENS 5G,,520.1,20,15,0.254,300,,
51337,1692,7010-905,LAVANDULA 'SILVER ANOUK' 5G,,520.1,28,11,0.254,308,,
51338,1692,4800-401,LEYMUS C. CANYON PRINCE 1G,,522.1,31,5.5,0.11,170.5,,
51339,1692,9311-310,POT #1,,999,1,0,0,0,,
51340,1692,9309-210,POT PLACEMENT/IRRIG/DRAIN,,636,56,15,2,840,,
51341,1692,9500-113,"POTTING SOIL, 2 CF BAG",,642,630,13.5,0.17,8505,,
51342,1692,9500-137,PLANTER SUPPLY WATERING DEVICE,,637,56,198,0.1,11088,,
51343,1692,9306-210,LANDSCAPE MISC #1,TRANSPORT TO HIGHER LEVELS,999,1,0,16,0,,
51358,1693,9302-290,TOPSOIL,"3165 SF, BID 36"" DEEP",635,350,40,1,14000,,
51359,1693,33-1304,FILTER FABRIC 4oz (Mirafi 140n),,641,3500,0.2,0.003,700,,
51360,1693,33-1302,"GRAVEL 3/4""","3165 SF @ 12""",635.2,175,47,0.5,8225,,
51361,1693,95-0410,MISC BLS EQUIPMENT PER HR,,635,24,100,1,2400,,
51383,1616,9301-1219,"CHAMOIS BEIGE 3/8"" GRAVEL","15,260 SF @ 3""",635,212,42.5,1,9010,,
51384,1616,33-1304,FILTER FABRIC 4oz (Mirafi 140n),,641,16000,0.2,0.003,3200,,
51385,1616,95-0410,MISC BLS EQUIPMENT PER HR,,635,24,100,1,2400,,
51386,1616,95-1029,DELIVERY,,None,1,156,0,156,,
51421,1442,9303-001,JUTE NETTING (900 SF ROLL),574000,905,640,170,2.5,108800,,
51491,1696,4487-515,PRUNUS C BRIGHT N TIGHT 15G,,510.3,-369,58,1.01,-21402,,
51492,1696,4487-605,PRUNUS C. BRIGHT N TIGHT 5G CLMN,,520,369,15,0.27,5535,,
51493,1696,4800-705,LEYMUS CONDENSATUS 5G,,520,-1810,11.5,0.27,-20815,,
51494,1696,4800-401,LEYMUS C. CANYON PRINCE 1G,,522,1810,5.5,0.11,9955,,
51495,1696,3600-005,MUHLENBERGIA LENCA 5G,,520,-337,11,0.27,-3707,,
51496,1696,3599-401,MUHLENBERGIA 'LENCA' 1G,,522,337,5,0.11,1685,,
51497,1696,1572-315,CUPRESS. SEMP. TINY TOWER 15G,,510.3,-32,100,1.01,-3200,,
51498,1696,1572-405,CUPRESSUS 'TINY TOWERS' 5G CLMN,,520,32,35,0.27,1120,,
51499,1696,95-1016,DELIVERY/ FREIGHT,,None,1,0,0,0,,
51524,1613,9311-310,POT #1,(32)SEE QUOTE FROM  PLANTER SUPPLY ,999,1,0,0,0,,
51525,1613,9309-210,POT PLACEMENT/IRRIG/DRAIN,,636,32,15,2,480,,
51526,1613,1341-524,"CITRUS DWF VALENCIA 24"" (SHRUB FORM)",,999,6,350,2,2100,,
51527,1613,3422-425,"MAGNOLIA G. ""LITTLE GEM""  24""",,999,2,190,2,380,,
51528,1613,0370-524,"ARBUTUS UNEDO 24""  STD",'ELFIN KING',999,1,210,2,210,,
51529,1613,0319-624,"ALOE BAINSEII 24"" 3' BT",,999,2,400,2,800,,
51530,1613,0897-615,BUXUS GREEN MOUNTAIN 15G,"48"" H; 'SPIRAL'",519.1,3,90,0.73,270,,
51531,1613,0941-555,CAMELIA J. YULETIDE 15G,,519.1,6,95,0.73,570,,
51532,1613,1341-515,CITRUS KUMQUAT DWF 15G,,519.1,3,180,0.73,540,,
51533,1613,0897-615,BUXUS GREEN MOUNTAIN 15G,"42"" H; CONE",519.1,2,90,0.73,180,,
51534,1613,4705-515,RHAPHIOLEPIS CLARA 15G,,519.1,2,45,0.73,90,,
51535,1613,1696-505,LOMANDRA PLATINUM BTY 5G,,520.1,3,28,0.254,84,,
51536,1613,0319-505,ALOE VERA 5G,,520.1,1,14,0.254,14,,
51537,1613,0393-005,AGAVE BLUE GLOW 5G,,520.1,2,23,0.254,46,,
51538,1613,0897-605,BUXUS M.J. 'GREEN MOUNTAIN' 5G,,520.1,1,11,0.254,11,,
51539,1613,4700-201,ROSMARINUS O. IRENE 1G,,522.1,12,4.5,0.11,54,,
51540,1613,5315-501,TRACHELOSPERMUM JASM. 1G,,522.1,76,4,0.11,304,,
51541,1613,1645-510,HEDERA HELIX 1G,,522.1,3,4.5,0.11,13.5,,
51542,1613,9302-801,SUTERA CORDATA 1G,"6"" POT",522.1,50,5,0.11,250,,
51543,1613,1645-506,"HEDERA H. 'NEEDLEPOINT' 6"" POT",,522.1,6,12,0.11,72,,
51544,1613,4119-106,"SEDUM MOR. 'BURRITO' 6"" POT",,522.1,23,12,0.11,276,,
51545,1613,95-1029,DELIVERY,,None,1,800,0,800,,
51546,1613,33-1014,MEXICAN BLACK PEBBLES / .5 CF BAG,FOR POT #8 @ ARIA,637.2,2,50,0.25,100,,
51547,1613,9500-113,"POTTING SOIL, 2 CF BAG",,642,100,13.5,0.17,1350,,
51595,1602,95-0111,IMPERIAL CA TALL FESCUE 90 (Imperial),EZ-PUTT forever lawn,800.1,300,4.25,0.06,1275,,
51596,1602,95-0111,IMPERIAL CA TALL FESCUE 90 (Imperial),,999,200,4.25,0,850,,
51598,899,4375-124,"PODOCARPUS M. MAKI 24"" L/B",,507,7,190,2.8,1330,,
51599,899,4374-424,"PODO ICEE BLUE 24"" CLMN",,507,2,300,2.8,600,,
51600,899,3950-215,WEST. F. MORNING LIGHT 15G,,519,17,52,0.75,884,,
51601,899,4256-515,PITTOSPORUM CREME DE MINT 15G,,519,14,42,0.75,588,,
51602,899,3670-715,NANDINA LEMON LIME 15G,,519,24,75,0.75,1800,,
51603,899,3280-515,LIGUSTRUM TEXANUM 15G,,519,116,42,0.75,4872,,
51604,899,2416-515,ILEX VOMITORIA STOKES 15G,,519,9,42,0.75,378,,
51605,899,0897-515,BUXUS J GREEN BEAUTY 15G,,519,10,45,0.75,450,,
51606,899,0319-515,ALOE VERA 15G,,519,45,65,0.75,2925,,
51607,899,7000-004,LONICERA JAP HALLIANA 5G SHRUB,,520,22,11,0.27,242,,
51608,899,1696-405,"LOMANDRA LM300, #15420 5G",,520,7,17,0.27,119,,
51609,899,1630-405,DIANELLA LITTLE REV 5G,,520,315,17,0.27,5355,,
51610,899,1630-805,DIANELLA LITTLE BECCA 5G,,520,34,18,0.27,612,,
51611,899,0947-305,CAREX DIVULSA 5G,,520,33,13,0.27,429,,
51612,899,4025-515,PARTHENOCISSUS TRI. 15G STK,,519,7,60,0.75,420,,
51613,899,95-1029,DELIVERY,,None,1,1750,0,1750,,
51621,1700,13-2030,"ML 2.5"" CLASS 315 PVC",,162,5700,2.4,0.038,13680,,
51622,1700,28-1152,"NIBCO WD-2000 2 1/2""",,400,6,400,1,2400,,
51623,1700,13-1040,#14 UF WHITE WIRE,,430,7500,0.2,0.003,1500,,
51624,1700,13-1020,#14 UF RED WIRE,,430,70000,0.2,0.003,14000,,
51625,1700,10-5223,"RB PGA SERIES RCV 2""",,380,50,75,1.25,3750,,
51626,1700,12-2120,"LAT 2"" CLASS 200 PVC",,151,12000,2.1,0.0396,25200,,
51627,1700,12-2100,"LAT 1.5"" CLASS 200 PVC",,141,12000,0.9,0.0396,10800,,
51628,1700,12-2080,"LAT 1.25"" CLASS 200 PVC",,131,12000,0.85,0.04,10200,,
51629,1700,22-1012,HUNTER PGJ-00 SHRUB,OR 2045 MAXIBIRD,370.2,750,13,0.27,9750,,
51630,1700,10-4266,RB ESP-LXD 50 STA CONTROLLER,SOLAR TEMP 50 STATION,471,1,10000,2,10000,,
51631,1700,9305-216,IRRIGATION MISC #3,,999,1,2500,40,2500,,
51636,1624,33-1287A,"PERMALOC ALUM. HDR 3/16"" x 4"" W/ STKS",JD RUSSEL UNPAINTED,559,368,6.25,0.03,2300,,
51675,1422,9301-235,POC HOMEOWNER W/O PRV,,449,26,15,1,390,,
51676,1422,13-2110,"ML 1"" SCH 40 PVC",,122,1200,0.75,0.04,900,,
51677,1422,28-11861,"NIBCO T-580-70 1""",,402,26,60,1,1560,,
51678,1422,10-5429,RB XACZ-100-PRF ASVF,,395,60,65,0.62,3900,,
51679,1422,10-4241,RB ESP-4ME INDOOR w/LNK WIFI,,481,26,240,2,6240,,
51680,1422,10-5294,RB WR2-RFC RAIN/FREEZE SENSOR,,638,26,100,0.5,2600,,
51681,1422,13-1172,18-7 WIRE FOR 6 STATION CONTROLLERS,,430,2500,0.75,0.003,1875,,
51682,1422,10-1132,RB PA-8S PRS SHRUB BODY,,223.1,328,5.5,0.18,1804,,
51683,1422,10-8029,RB R-VAN14 ROTARY NOZZLE,,999,328,5,0,1640,,
51684,1422,10-5440,RB PLASTIC NOZZLE,,None,-328,1.1,0,-360.8,,
51685,1422,12-2200,"LAT 1"" SCH 40  PVC",,120,1880,0.75,0.0438,1410,,
51686,1422,12-1580,"3/4"" UVR PIPE",,201.1,2400,0.85,0.015,2040,,
51822,1703,41-1340,SOD DWARF FESCUE (1-7999),,532,3000,0.7,0.005,2100,,
51823,1703,41-1292,FESTUCA CALIF. PLUGS,,524,3000,0.95,0.025,2850,,
51824,1600,9302-962,DG CALIFORNIA GOLD STAB.,"1268 SF @ 3""",547,21,111,0.5,2331,,
51825,1600,95-0411,ROLLER PER DAY,,635.8,0.5,450,8,225,,
51826,1600,95-0410,MISC BLS EQUIPMENT PER HR,,635,6,100,1,600,,
51827,1600,95-1029,DELIVERY,,None,1,406,0,406,,
51828,1601,9301-1147,"HORSE CREEK COBBLE 1-4""","448 SF @ 4""",635,9,140,1,1260,,
51829,1601,33-1304,FILTER FABRIC 4oz (Mirafi 140n),,641,500,0.2,0.003,100,,
51830,1601,95-0410,MISC BLS EQUIPMENT PER HR,,635,4,100,1,400,,
51831,1601,95-1029,DELIVERY,,None,1,406,0,406,,
51844,1705,9301-210,PEA GRAVEL,,635,2,45,1,90,,
51845,1705,33-1304,FILTER FABRIC 4oz (Mirafi 140n),,641,200,0.2,0.003,40,,
51846,1705,95-0410,MISC BLS EQUIPMENT PER HR,,2,1,90,0,90,,
51847,1705,95-1029,DELIVERY,,None,1,200,0,200,,
51848,1706,9302-297,LIGHTWEIGHT SOIL,,635,100,80,1,8000,,
51849,1706,0395-005,ANIGOZ. BUSH RANGER 5G,,520,16,15,0.27,240,,
51850,1706,9302-070,CRANE (80 - 120 TON),,635,16,750,1,12000,,
51851,1706,9308-210,TRAFFIC CONTROL,,999,1,1500,0,1500,,
51885,1626,0370-336,"ARBUTUS MARINA 36"" STD",,505,17,480,4.5,8160,,
51886,1626,9302-950,CENTURY CP2424 (24 x 24 panel),,537,170,6.25,0.1,1062.5,,
51887,1626,3600-705,MYOPORUM 'PUTAH CREEK' 5G,,520,265,9.5,0.27,2517.5,,
51888,1626,3300-001,LIPPIA NOD. L. 'KURAPIA' 1G,,522,1350,5,0.11,6750,,
51889,1626,4025-501,PARTHENOCISSUS TRICUSP 1G STK,,522,60,5,0.11,300,,
51890,1626,2101-1000,GENERIC MULCH,,534.1,60,25,0.5,1500,,
51891,1626,9302-225,FINE RAKE,,536,6000,0,0.002,0,,
51892,1626,9302-210,SOIL PREP,,533,6000,0,0.0035,0,,
51893,1626,9302-220,WEED CONTROL (GRO-N-KILL),,535,6000,0,0.0005,0,,
51894,1626,95-1029,DELIVERY,,None,1,1600,0,1600,,
51895,1626,9306-210,LANDSCAPE MISC #1,,999,1,400,32,400,,
51896,1707,9302-297,LIGHTWEIGHT SOIL,,635,80,80,1,6400,,
51897,1707,9302-233,CRANE (80 - 120 TON),,635,16,750,1,12000,,
51898,1707,9308-210,TRAFFIC CONTROL,,999,1,1500,0,1500,,
51899,1707,,,,,1,0,0,0,,
51900,1707,,,,,1,0,0,0,,
51901,1707,,,,,1,0,0,0,,
51902,1707,,,,,1,0,0,0,,
51903,1708,10-1020,RB 1804 BODY (USE PL NOZ),,210,0.5,2.8,0.12,1.4,,
51904,1708,10-1021,RB 44NP-ACME (no longer made),,420,1.5,115,0.86,172.5,,
51911,1709,9302-962,DG CALIFORNIA GOLD STAB.,"310 SF @ 4""",547,7,100,0.5,700,,
51912,1709,33-1304,FILTER FABRIC 4oz (Mirafi 140n),,641,400,0.2,0.003,80,,
51913,1709,95-0410,MISC BLS EQUIPMENT PER HR,,635,4,100,1,400,,
51914,1709,95-0411,ROLLER PER DAY,,635.8,0.5,450,8,225,,
51915,1709,95-1029,DELIVERY,,None,1,406,0,406,,
51916,1709,33-1287A,"PERMALOC ALUM. HDR 3/16"" x 4"" W/ STKS",,559,48,6.25,0.03,300,,
51920,1710,9306-210,LANDSCAPE MISC #1,REMOVE EXIST. CANOPY TREE,999,2,1200,0,2400,,
51921,1710,4610-273,"QUERCUS AGRI. 72"" STD",,500,2,8000,14,16000,,
51922,1710,9302-233,CRANE (80 - 120 TON),,635,4,1000,1,4000,,
51931,1711,3920-372,OLEA SWAN HILL 72,,500,5,6500,14,32500,,
51932,1711,9302-235,CRANE (35 TO 50 TON),,635,8,500,1,4000,,
51933,1711,95-1016,DELIVERY/ FREIGHT,,None,1,3500,0,3500,,
51934,1711,4610-272,"QUERCUS AGRI. 72"" MLT",,500,1,8000,14,8000,,
52050,1713,95-0076,K-9/PET TURF,,800.1,600,4.3,0.06,2580,,
52051,1713,95-0076,K-9/PET TURF,,999,90,4.3,0,387,,
52052,1713,95-0077,SYNTH TURF CAMOFILL SAND #30 (50#),,999,24,20,0,480,,
52053,1713,95-0074,ART. TURF GREEN SAND #16 (50#),,999,-24,22,0,-528,,
52054,1714,95-0111,IMPERIAL CA TALL FESCUE 90 (Imperial),,800.1,13500,4.25,0.06,57375,,
52055,1714,95-0111,IMPERIAL CA TALL FESCUE 90 (Imperial),,999,1,4.25,0,4.25,,
52056,1714,95-0077,SYNTH TURF CAMOFILL SAND #30 (50#),,999,540,20,0,10800,,
52057,1714,95-0074,ART. TURF GREEN SAND #16 (50#),,999,-540,22,0,-11880,,
52058,1715,9302-072,DG COYOTE GOLD 1/4 MINUS STAB.,,547,22,52.5,0.5,1155,,
52059,1715,33-13035,RECYCLED CLASS 2 BASE,,635.2,25,23,0.5,575,,
52060,1715,95-0410,MISC BLS EQUIPMENT PER HR,,635,16,100,1,1600,,
52061,1715,95-0411,ROLLER PER DAY,,635.8,1,450,8,450,,
52062,1715,33-1304,FILTER FABRIC 4oz (Mirafi 140n),,641,1500,0.2,0.003,300,,
52063,1715,33-1187,"SURE-LOC 3/16"" X 4"" X 16' PAINTED STEEL (BLACK)",,559,576,9,0.03,5184,,
52064,1715,95-1029,DELIVERY,,None,1,500,0,500,,
52065,1716,>>>,DESERT GOLD BOULDERS,,,1,0,0,0,,
52066,1716,9325-103,BOULDER 3',,635,20,0,1,0,,
52067,1716,9325-102,BOULDER 2',,635,14,50,1,700,,
52068,1716,9325-101,BOULDERS PER TON (add labor),,999,22,93,0,2046,,
52069,1716,95-0410,MISC BLS EQUIPMENT PER HR,,635,8,100,1,800,,
52070,1716,95-1029,DELIVERY,,None,1,522,0,522,,
52102,1719,9302-950,CENTURY CP2424 (24 x 24 panel),140',537,70,6.5,0.1,455,,
52309,1724,9311-310,POT #1,(P1) ,999,1,0,0,0,,
52310,1724,1421-315,CORDYLINE AUS. 'TORBAY DAZZLER' 15G,,519,3,65,0.75,195,,
52311,1724,4907-501,ROSMARINUS  OFF. 'PROSTRATUS' 1G,,522,5,3.8,0.11,19,,
52312,1724,9311-311,POT #2,(P2),999,2,0,0,0,,
52313,1724,3920-605,OLEA 'MONTRA' (LITTLE OLLIE) 5G,,520,8,15,0.27,120,,
52314,1724,9311-312,POT #3,(P3) ,999,1,0,0,0,,
52315,1724,1234-715,ALOE HERCULES 15G (reg size),,519,1,125,0.75,125,,
52316,1724,3951-605,WESTRINGIA F. SMOKEY 5G,,520,4,13.5,0.27,54,,
52403,1730,9301-230,AS-BUILTS AND REPRO CHARGES,,451,1,600,3.75,600,,
52404,1730,13-1202,FEBCO 825 Y LF 1,MODEL NOT SHOWN ON LEGEND ,291,1,1120,6,1120,,
52405,1730,30-2794,NETAFIM  HYDROMETER CI FSVO-150N,,380,1,990,1.25,990,,
52406,1730,13-2080,"ML 2"" SCH 40 PVC",,152,360,2.3,0.04,828,,
52407,1730,13-2110,"ML 1"" SCH 40 PVC",,122,140,1.1,0.04,154,,
52408,1730,13-2120,"ML 3/4"" SCH 40 PVC",,112,1140,0.75,0.04,855,,
52409,1730,28-1155,"NIBCO T-111 2""",,400,3,263,1,789,,
52410,1730,28-1159,"NIBCO T-111 3/4""",,400,2,91,1,182,,
52411,1730,25-2039,HUNTER 33DRC-QC,,420,9,60,0.86,540,,
52412,1730,22-1405,"HUNTER PGV-101-ASV  1"" ANTI SIPHON",,395,1,26,0.62,26,,
52413,1730,22-15162,"HUNTER ICZ-101-25 1"" CONTROL ZONE KIT",,380.7,1,175,1,175,,
52414,1730,13-0698,HUNTER HY100 FILTER,,999,1,15,0,15,,
52415,1730,32-0019,CONTROLLER ASSEMBLY #1,,490,1,0,10,0,,
52416,1730,95-0010,ELECTRICAL SUB./PERMITS FOR CONTROLLER,,None,1,800,0,800,,
52417,1730,13-1040,#14 UF WHITE WIRE,,430,1,0.2,0.003,0.2,,
52418,1730,13-1020,#14 UF RED WIRE,,430,1,0.2,0.003,0.2,,
52419,1730,13-1050,#14 UF ORANGE WIRE,,430,1,0.2,0.003,0.2,,
52420,1730,33-2606,"ELECTRICAL SWEEP 2"" (SCH 40)",,None,2,13.5,0,27,,
52421,1730,30-2742,NETAFIM TLCV6-1210-1000',"190 SF @ 18"" O.C",638.6,1,500,10,500,,
52422,1730,12-2180,"LAT 3/4"" SCH 40  PVC",,110,40,0.75,0.0428,30,,
52423,1730,20-2260,3/4 x 3/4 x 1/2 TEE SST PVC,,None,28,1.25,0,35,,
52424,1730,30-2707,NETAFIM TL TEE,,None,28,0.5,0,14,,
52425,1730,12-2180,"LAT 3/4"" SCH 40  PVC",,110,100,0.75,0.0428,75,,
52426,1730,13-2650,"SLV 3"" SCH 40 PVC",LAT,172,40,4.75,0.04,190,,
52427,1730,32-1011,BRICK PAVER,,639.1,32,1.4,0.005,44.8,,
52428,1730,33-1304,FILTER FABRIC 4oz (Mirafi 140n),,641,5,0.2,0.003,1,,
52429,1730,33-2020,PENTITES,,None,-6,1.75,0,-10.5,,
52430,1730,9310-213,TURNOVER ITEMS,,None,1,600,0,600,,
52771,1723,9302-982,DG TEMESCAL GOLD STABILIZED,"2,680 SF @ 6""",547,90,48,0.5,4320,,
52772,1723,95-0411,ROLLER PER DAY,,635.8,1,360,8,360,,
52773,1723,95-0410,MISC BLS EQUIPMENT PER HR,,635,8,48,1,384,,
52774,1723,95-1029,DELIVERY,NO CHARGE,None,1,0,0,0,,
52775,1722,9302-982,DG TEMESCAL GOLD STABILIZED,"4,750 SF @ 3.5""",547,90,48,0.5,4320,,
52776,1722,95-0411,ROLLER PER DAY,,635.8,1,360,8,360,,
52777,1722,95-0410,MISC BLS EQUIPMENT PER HR,,635,8,48,1,384,,
52778,1722,95-1029,DELIVERY,NO CHARGE,None,1,0,0,0,,
52783,1726,9302-982,DG TEMESCAL GOLD STABILIZED,"4,720 SF @ 6""",547,155,46.4,0.5,7192,,
52784,1726,95-0411,ROLLER PER DAY,,635.8,2,360,8,720,,
52785,1726,95-0410,MISC BLS EQUIPMENT PER HR,,635,12,48,1,576,,
52786,1726,95-1029,DELIVERY,,None,1,0,0,0,,
52787,1721,9301-230,AS-BUILTS AND REPRO CHARGES,,451,1,600,3.75,600,,
52788,1721,9301-164,"IRWD 1"" WATER METER",,999,1,400,0,400,,
52789,1721,13-1207,FEBCO 825 YA LF 1,,290,1,1440,6,1440,,
52790,1721,13-1411,"FEBCO 650 Y-STRAINER 1""",,290,1,76,6,76,,
52791,1721,32-4007,STRONGBOX SB-24SS,,490,1,3300,10,3300,,
52792,1721,95-0006,"CONCRETE BASE (BF, PUMP, CONTROLLER)",,635.5,1,250,5,250,,
52793,1721,25-1439,"HUNTER IBV-101G FS-R 1""",,380,1,180,1.25,180,,
52794,1721,13-1129,#14 UF BLUE WIRE,,430,1000,0.2,0.003,200,,
52795,1721,22-1119,HUNTER HFS-FCT-100 FLOW SENSOR,,380,1,290,1.25,290,,
52796,1721,13-1042,PAIGE P-7162D SENSOR CABLE,,430,1000,1.2,0.003,1200,,
52797,1721,13-2100,"ML 1.25"" SCH 40 PVC",,132,80,1.45,0.04,116,,
52798,1721,32-1192,"LASCO V14101N-SC SLO-CLOSE 1.25"" BV",,402,1,154,1,154,,
52799,1721,22-1396,HUNTER ICV-101G-FS,,380,1,140,1.25,140,,
52800,1721,22-1516,"HUNTER ICZ-101-40 1"" CONTROL ZONE KIT",,380.7,1,175,1,175,,
52801,1721,25-1527,HUNTER PC-400 (OUTDOOR) 4 STA. BASE UNIT,,481,1,129,2,129,,
52802,1721,12-1299,HUNTER PCM-300 3-STA.MOD,,637,1,48,0.1,48,,
52803,1721,22-1317,HUNTER WSS SEN (wireless s sync & rcvr/no module),,638.1,1,195,0.5,195,,
52804,1721,95-0010,ELECTRICAL SUB./PERMITS FOR CONTROLLER,,None,1,800,0,800,,
52805,1721,13-1040,#14 UF WHITE WIRE,,430,1000,0.2,0.003,200,,
52806,1721,13-1020,#14 UF RED WIRE,,430,1000,0.2,0.003,200,,
52807,1721,13-1050,#14 UF ORANGE WIRE,,430,1000,0.2,0.003,200,,
52808,1721,22-1541,"HUNTER PROS-04-PRS30-CV 4""",,213,2,12,0.12,24,,
52809,1721,10-1185,HUNTER MSBN-25 Q BUBBLER NOZ.,,251,2,2,0.15,4,,
52810,1721,22-1087,HUNTER PROSPRAY NOZZLE,,None,-2,1.2,0,-2.4,,
52811,1721,12-2180,"LAT 3/4"" SCH 40  PVC",,110,100,0.75,0.0428,75,,
52812,1721,13-0710,HUNTER HDL-06-12500 (500'),"1,165 SF @ 18"" O.C",638.5,2,220,7,440,,
52813,1721,12-2180,"LAT 3/4"" SCH 40  PVC",,110,20,0.75,0.0428,15,,
52814,1721,20-2260,3/4 x 3/4 x 1/2 TEE SST PVC,,None,14,1.25,0,17.5,,
52815,1721,30-2707,NETAFIM TL TEE,,None,14,0.5,0,7,,
52816,1721,13-1183,HUNTER AFV-B FLUSH VALVE,,402.3,3,7,0.75,21,,
52817,1721,30-2737,RB ARV050 (REPLACES ARVALVEKIT),,402.3,1,8.4,0.75,8.4,,
52818,1721,25-2045,HUNTER ECO-ID INDICATOR,,210.2,1,12,0.12,12,,
52819,1721,12-2220,"LAT 1.25"" SCH 40  PVC",,131,40,1.45,0.04,58,,
52820,1721,13-2660,"SLV 2.5"" SCH 40 PVC",LAT,164,20,3.75,0.03,75,,
52821,1721,33-1304,FILTER FABRIC 4oz (Mirafi 140n),,641,23,0.2,0.003,4.6,,
52822,1721,32-1011,BRICK PAVER,,639.1,32,1.4,0.005,44.8,,
52823,1721,33-2020,PENTITES,,None,-8,1.75,0,-14,,
52824,1721,9310-213,TURNOVER ITEMS,,None,1,600,0,600,,
52825,1740,9301-230,AS-BUILTS AND REPRO CHARGES,,451,1,600,3.75,600,,
52826,1740,13-1202,FEBCO 825 Y LF 1,,291,1,1120,6,1120,,
52827,1740,30-2794,NETAFIM  HYDROMETER CI FSVO-150N,,380,1,990,1.25,990,,
52828,1740,13-2080,"ML 2"" SCH 40 PVC",,152,360,2.3,0.04,828,,
52829,1740,13-2110,"ML 1"" SCH 40 PVC",,122,140,1.1,0.04,154,,
52830,1740,13-2120,"ML 3/4"" SCH 40 PVC",,112,1140,0.75,0.04,855,,
52831,1740,28-1155,"NIBCO T-111 2""",,400,3,263,1,789,,
52832,1740,28-1159,"NIBCO T-111 3/4""",,400,2,91,1,182,,
52833,1740,25-2039,HUNTER 33DRC-QC,,420,9,60,0.86,540,,
52834,1740,22-1405,"HUNTER PGV-101-ASV  1"" ANTI SIPHON",,395,1,26,0.62,26,,
52835,1740,22-15162,"HUNTER ICZ-101-25 1"" CONTROL ZONE KIT",,380.7,1,175,1,175,,
52836,1740,13-0698,HUNTER HY100 FILTER,,999,1,15,0,15,,
52837,1740,32-0019,CONTROLLER ASSEMBLY #1,,490,1,0,10,0,,
52838,1740,95-0010,ELECTRICAL SUB./PERMITS FOR CONTROLLER,,None,1,800,0,800,,
52839,1740,13-1040,#14 UF WHITE WIRE,,430,1,0.2,0.003,0.2,,
52840,1740,13-1020,#14 UF RED WIRE,,430,1,0.2,0.003,0.2,,
52841,1740,13-1050,#14 UF ORANGE WIRE,,430,1,0.2,0.003,0.2,,
52842,1740,33-2606,"ELECTRICAL SWEEP 2"" (SCH 40)",,None,2,13.5,0,27,,
52843,1740,30-2742,NETAFIM TLCV6-1210-1000',,638.6,1,500,10,500,,
52844,1740,12-2180,"LAT 3/4"" SCH 40  PVC",,110,40,0.75,0.0428,30,,
52845,1740,20-2260,3/4 x 3/4 x 1/2 TEE SST PVC,,None,28,1.25,0,35,,
52846,1740,30-2707,NETAFIM TL TEE,,None,28,0.5,0,14,,
52847,1740,12-2180,"LAT 3/4"" SCH 40  PVC",,110,100,0.75,0.0428,75,,
52848,1740,13-2650,"SLV 3"" SCH 40 PVC",,172,40,4.75,0.04,190,,
52849,1740,32-1011,BRICK PAVER,,639.1,32,1.4,0.005,44.8,,
52850,1740,33-1304,FILTER FABRIC 4oz (Mirafi 140n),,641,5,0.2,0.003,1,,
52851,1740,33-2020,PENTITES,,None,-6,1.75,0,-10.5,,
52852,1740,9310-213,TURNOVER ITEMS,,None,1,600,0,600,,
53180,1720,9302-071,DG DESERT GOLD W/ STABILIZER,"1620 SF @ 4""",547,36,91,0.5,3276,,
53181,1720,33-13035,RECYCLED CLASS 2 BASE,"1620 SF @ 4""",635.2,30,23,0.5,690,,
53182,1720,33-1304,FILTER FABRIC 4oz (Mirafi 140n),,641,1700,0.2,0.003,340,,
53183,1720,95-0410,MISC BLS EQUIPMENT PER HR,,635,6,100,1,600,,
53184,1720,95-0411,ROLLER PER DAY,,635.8,1,450,8,450,,
53185,1720,95-1029,DELIVERY,,None,1,338,0,338,,
53186,1720,33-1182,"EDGEPERM 3/16"" x 5.5"" ALUM HDR (IMPERIAL)",,559,208,7,0.03,1456,,
53206,1744,33-3012,BIO-SWALE SOIL MIX #1 (cy),"4,620 SF @ 24""",637.2,360,65,0.25,23400,,
53207,1744,33-13025,"#57 CLEAN 3/4"" GRAVEL","4,620 SF @ 12""-18""  class 2 permeable",635.2,320,48,0.5,15360,,
53208,1744,95-0410,MISC BLS EQUIPMENT PER HR,,635,60,100,1,6000,,
53209,1744,33-1304,FILTER FABRIC 4oz (Mirafi 140n),,641,4600,0.2,0.003,920,,
53210,1744,33-379,LAYFIELD 30mil HDPE LINER (20.5 x 200),70 x 130 = 9100 SF,636.1,3,2100,10,6300,,
53211,1744,40-1981,"6"" PVC SDR 35 PERF.",,627,420,5.5,0.12,2310,,
53212,1744,33-1344,FILTER SOCK FOR 6,,999,500,0.5,0,250,,
53213,1744,40-1973,"6"" PVC SDR 35 SOLID",,627,20,5,0.12,100,,
53214,1744,40-4089,"ZURN 1400 SER 6"" SQ GRATE",CLEANOUT AT BIO-RETENTION,999,5,500,4,2500,,
53215,1744,33-1104,"BAJA CRESTA RUBBLE 6""-12""",260 SF,640,15,350,1,5250,,
53216,1744,95-0410,MISC BLS EQUIPMENT PER HR,,635,4,100,1,400,,
53217,1744,95-0007,CONCRETE ONE-SACK SLURRY (CY),"ALLOWANCE UNDER COBBLE; DETAIL NOT CLEAR; 260 sf x 6""",635,6,250,1,1500,,
53347,1734,9301-1217,"PEA GRAVEL ""CALIF. GOLD"" 3/8""",139SF ,635,2,80,1,160,,
53348,1734,33-1304,FILTER FABRIC 4oz (Mirafi 140n),,641,200,0.2,0.003,40,,
53349,1734,95-0410,MISC BLS EQUIPMENT PER HR,,635,2,100,1,200,,
53350,1734,95-1029,DELIVERY,,None,1,300,0,300,,
53358,1736,9302-071,DG DESERT GOLD W/ STABILIZER,"193 SF @ 4""",547,4,90,0.5,360,,
53359,1736,33-13035,RECYCLED CLASS 2 BASE,"193 SF @ 4""",635.2,4,23,0.5,92,,
53360,1736,95-0410,MISC BLS EQUIPMENT PER HR,,635,2,100,1,200,,
53361,1736,33-1304,FILTER FABRIC 4oz (Mirafi 140n),,641,200,0.2,0.003,40,,
53362,1736,95-0411,ROLLER PER DAY,,635.8,0.25,450,8,112.5,,
53363,1736,95-1029,DELIVERY,,None,1,300,0,300,,
53372,1752,2101-1002,FIBAR BARK,"576 SF @ 12""",534.1,22,70,0.5,1540,,
53373,1752,95-0410,MISC BLS EQUIPMENT PER HR,,635,8,100,1,800,,
53374,1752,33-1304,FILTER FABRIC 4oz (Mirafi 140n),,641,600,0.2,0.003,120,,
53375,1752,95-1029,DELIVERY,,None,1,300,0,300,,
53429,1753,28-1139,"NIBCO T-580 1""  BV",,402,-2,27,1,-54,,
53430,1753,10-53161,"RB 100 PESB-R 1"" RW",,380.2,-3,154,1.25,-462,,
53431,1753,10-5260,RB PRS-D,,639.3,-3,75,0.025,-225,,
53432,1753,13420-188,RB QKCHK-100   200 MESH,,637.1,-3,86,0.125,-258,,
53433,1753,21-1400,"SENNINGER PR-50MF 1""DRIP REG.",,None,-2,8.95,0,-17.9,,
53434,1753,13420-900,RB XBT-20 (THREADED),,999,-333,1.6,0.15,-532.8,,
53435,1753,13240-215,SALCO PVC 050 IH 18   MA/NIP.,,639.3,-333,6,0.025,-1998,,
53436,1753,402-101BL,3/4 X 3/4 X 1/2 TEE SST (UVR),,None,-333,1.75,0,-582.75,,
53437,1753,12-1580,"3/4"" UVR PIPE",,201,-920,0.85,0.015,-782,,
53438,1753,25-1583,"SPEARS 8722-005 1/2"" BV FLUSH VALVE",,402.5,-4,10,0.3,-40,,
53450,1754,0441-501,BACCHARIS P PIGEON POINT 1G,,522,-70,4,0.11,-280,,
53451,1754,2190-201,GREVILLEA COASTAL GEM 1G,,522,-21,4,0.11,-84,,
53452,1754,7010-201,OENOTHERA SPECIOSA 1G,,522,-87,3.85,0.11,-334.95,,
53453,1754,4905-001,ROSEMARY HUNT. CRPT. 1G,,522,-155,4.1,0.11,-635.5,,
53454,1754,2101-1000,GENERIC MULCH,"7,680 @ 2.5""",534.1,-60,25,0.5,-1500,,
53455,1754,9302-225,FINE RAKE,,536,-7680,0,0.002,0,,
53456,1754,9302-210,SOIL PREP,,533,-7680,0,0.0035,0,,
53457,1754,95-1029,DELIVERY,,None,-1,150,0,-150,,
53552,1757,10-53161,"RB 100 PESB-R 1"" RW",,382.2,-3,154,1.5,-462,,
53553,1757,10-5260,RB PRS-D,,639.3,-3,75,0.025,-225,,
53554,1757,13420-188,RB QKCHK-100   200 MESH,,637.1,-3,108,0.125,-324,,
53555,1757,20-3004,"UNION 1"" TT SCH 80 PVC",,None,-3,8,0,-24,,
53556,1757,28-1139,"NIBCO T-580 1""  BV",,999,-3,27,0,-81,,
53557,1757,13-1020,#14 UF RED WIRE,,430,-1500,0.2,0.003,-300,,
53558,1757,13420-900,RB XBT-20 (THREADED),,220,-333,1.6,0.12,-532.8,,
53559,1757,13240-216,SALCO PVC 050 IH 24  MA/NIP.,,639.3,-167,7.5,0.025,-1252.5,,
53560,1757,13240-215,SALCO PVC 050 IH 18   MA/NIP.,,639.3,-163,6,0.025,-978,,
53561,1757,9303-004,"GALV U-STAPLE 6""",,999,-333,0.14,0,-46.62,,
53562,1757,25-1583,"SPEARS 8722-005 1/2"" BV FLUSH VALVE",,402.5,-4,10,0.3,-40,,
53563,1757,12-2180,"LAT 3/4"" SCH 40  PVC",,110,-140,0.75,0.0428,-105,,
53564,1757,12-2200,"LAT 1"" SCH 40  PVC",,120,-20,1.1,0.0438,-22,,
53565,1757,21-1400,"SENNINGER PR-50MF 1""DRIP REG.",,None,-6,13,0,-78,,
53566,1757,30-2600,"CHECK VALVE UVR 3/4""",,None,-3,5.3,0,-15.9,,
53602,1756,4905-001,ROSEMARY HUNT. CRPT. 1G,,522,-155,4.1,0.11,-635.5,,
53603,1756,7010-201,OENOTHERA SPECIOSA 1G,,522,-86,3.85,0.11,-331.1,,
53604,1756,0441-501,BACCHARIS P PIGEON POINT 1G,,522,-71,4,0.11,-284,,
53605,1756,2190-201,GREVILLEA COASTAL GEM 1G,,522,-21,4,0.11,-84,,
53606,1756,2101-1000,GENERIC MULCH,"7560 SF @ 3""",534.1,-70,25,0.5,-1750,,
53607,1756,9302-225,FINE RAKE,,536,-7560,0,0.002,0,,
53608,1756,9302-210,SOIL PREP,,533,-7560,0,0.0035,0,,
53609,1756,95-1029,DELIVERY,,None,-1,100,0,-100,,
53629,1759,>>>,ROCK COVER OVER COMPACTED NATIVE SOIL,,,1,0,0,0,,
53630,1759,33-1325,"GRAVEL 2""-4"" ANGULAR","1641 SF @ 4"",",640,31,65,1,2015,,
53631,1759,95-0410,MISC BLS EQUIPMENT PER HR,,635,4,100,1,400,,
53632,1759,95-1029,DELIVERY,,None,1,300,0,300,,
53633,1759,33-1304,FILTER FABRIC 4oz (Mirafi 140n),,641,2000,0.2,0.003,400,,
53634,1758,9302-294,BIO SWALE MIX (per cy),,637.8,525,55,0.35,28875,,
53635,1758,33-1325,"GRAVEL 2""-4"" ANGULAR","6718 SF @ 4""",640,125,65,1,8125,,
53636,1758,33-1304,FILTER FABRIC 4oz (Mirafi 140n),,641,6500,0.2,0.003,1300,,
53637,1758,95-0410,MISC BLS EQUIPMENT PER HR,,635,40,100,1,4000,,
53638,1758,33-1372,VISQUEEN 10 MIL. (20 X 100 ROLL),"36"" DEEP X 1414' (LINER BOTH SIDES)",635.5,2.5,220,5,550,,
53639,1758,9307-210,DRAIN MISC #1,,999,1,0,0,0,,
53640,1758,>>>,EXCLUDES  DIRT EXCAVATION / HAULING AWAY,,,1,0,0,0,,
53641,1755,3950-904,"3/4"" GRAY ANGULAR CRUSHED GRAVEL","7,680 SF @ 4""",999,145,65,0.5,9425,,
53642,1755,95-1016,DELIVERY/ FREIGHT,,None,2,480,0,960,,
53643,1755,95-0410,MISC BLS EQUIPMENT PER HR,,635,24,100,1,2400,,
53644,1617,95-0111,IMPERIAL CA TALL FESCUE 90 (Imperial),SYNPRO 70 BY Company 0355C7A0,800.1,2650,4.55,0.06,12057.5,,
53645,1617,95-0111,IMPERIAL CA TALL FESCUE 90 (Imperial),,999,935,4.55,0,4254.25,,
53700,1766,>>>,add if house pressure exceeds 85 psi,,,1,0,0,0,,
53701,1766,13-1487,"WILKINS 500 HLR 1.25""",,999,3,751,0,2253,,
53702,1766,15-1660,"1"" UNION BRASS",,None,6,57,0,342,,
53709,1767,33-1033,"BEACH BUFF COBBLE 3"" - 5""","60 sf @ 3"", 2""-3"", confirm size",640,1,360,1,360,,
53710,1767,95-1016,DELIVERY/ FREIGHT,WILL CALL,None,1,150,0,150,,
53711,1767,9306-210,LANDSCAPE MISC #1,LABOR INCLUDING DEMO,999,1,0,47,0,,
53725,1769,9311-310,POT #1,METAL RAISED PLANTER BY BEST CHOICE PRODUCTS (3),999,1,360,0,360,,
53726,1769,9309-210,POT PLACEMENT/IRRIG/DRAIN,,636,3,15,2,45,,
53727,1769,9500-115,POTTING MIX  PER CY (BULK),,635,7,80,1,560,,
53728,1769,41-1116,G.C. MISC.,"LOCAL ROTATING PERENNIALS 72 SF @ 12""",531,2,14,0.3,28,,
53729,1769,9302-165,1G SHRUB,CYNARA SCOLYMUS (ARTICHOKE),522,3,8,0.11,24,,
53740,1772,95-0111,IMPERIAL CA TALL FESCUE 90 (Imperial),,800.1,260,5.55,0.06,1443,,
53741,1772,95-0111,IMPERIAL CA TALL FESCUE 90 (Imperial),BUY 525 SF,999,265,4.25,0,1126.25,,
53757,1760,95-0071,IMPERIAL CA Tall Fescue 75,,800.1,1630,4,0.06,6520,,
53758,1760,95-0071,IMPERIAL CA Tall Fescue 75,BUY 150' X 15'= 2250 SF,999,620,4,0,2480,,
53769,1033,2101-1002,FIBAR BARK,"675 sf, bid 12""",534.1,25,55,0.5,1375,,
53770,1033,95-0410,MISC BLS EQUIPMENT PER HR,,635,4,100,1,400,,
53771,1033,95-1029,DELIVERY,,None,1,900,0,900,,
53781,1774,13-2650,"SLV 3"" SCH 40 PVC",,172,200,2.85,0.04,570,,
53782,1774,13-2670,"SLV 2"" SCH 40 PVC",,154,200,1.35,0.04,270,,
53783,1774,9301-160,"FILL SAND BACKFILL, IRR, DRAINS",,540,15,30,0.25,450,,
53790,1032,95-0071,IMPERIAL CA Tall Fescue 75,FOREVER LAWN SELECT,800.1,750,4,0.06,3000,,
53791,1032,95-0071,IMPERIAL CA Tall Fescue 75,BUY 81' X 15' = 1215,999,465,4,0,1860,,
53820,1780,95-0180,"MOW CURB FORMED (8"" x 6"")","12"" W X 8"" D W/ #4 REBAR BOTHWAYS",999,315,35,0,11025,,
53914,1784,40-1974,"4"" PVC SDR 35 SOLID",,625,100,2.3,0.1,230,,
53915,1784,40-1973,"6"" PVC SDR 35 SOLID",,627,100,5,0.12,500,,
53916,1784,40-1972,"8"" PVC SDR 35 SOLID",,632.11,100,9.3,0.2,930,,
53917,1784,40-1501,"NDS #80 6"" ATRIUM GREEN",,630.3,1,16,0.75,16,,
53918,1784,40-1600,NDS 1230 12x12 ADAPTER,,610,1,35,1,35,,
53947,1786,9301-11115,DEL RIO 3/8,"3680 @ 2.5""",635,45,127,1,5715,,
53948,1786,33-1103,"BAJA CRESTA RUBBLE 1""-3""","730 SF @ 2.5""",640,9,225,1,2025,,
53949,1786,9302-071,DG DESERT GOLD W/ STABILIZER,"2210 SF @ 3.5""",547,45,82,0.5,3690,,
53950,1786,95-0411,ROLLER PER DAY,,635.8,1,450,8,450,,
53951,1786,33-1304,FILTER FABRIC 4oz (Mirafi 140n),,641,7200,0.2,0.003,1440,,
53952,1786,95-0410,MISC BLS EQUIPMENT PER HR,,635,24,100,1,2400,,
53953,1786,95-1029,DELIVERY,,None,3,300,0,900,,
53954,1786,9325-102,BOULDER 2',,635,21,120,1,2520,,
53955,1786,9325-103,BOULDER 3',,635,16,307,1,4912,,
53956,1786,9325-104,BOULDER 4',,635,13,516,1,6708,,
53957,1786,95-0410,MISC BLS EQUIPMENT PER HR,,635,16,100,1,1600,,
53958,1786,95-1029,DELIVERY,,None,1,300,0,300,,
53959,1786,33-1287,"PERMALOC ALUM HDR 1/8"" x 4"" W/STKS",,559,672,4.5,0.03,3024,,
53962,1782,9310-218,SOIL RETENTION DRIVABLE GRASS,,800,450,7,0.08,3150,,
53963,1782,95-0180,"MOW CURB FORMED (8"" x 6"")","6"" W X 18"" D W/ #4 REBAR",999,72,30,0,2160,,
53964,1782,5003,GRADING,SUBGRADE CUT,999,1,0,10,0,,
53965,1782,95-0410,MISC BLS EQUIPMENT PER HR,,635,6,100,1,600,,
53978,1728,1832-248,"EUCALYPTUS CITRIODORA 48""",,503.2,7,1800,6,12600,,
53979,1728,95-1016,DELIVERY/ FREIGHT,,None,1,2500,0,2500,,
53980,1728,9306-212,LANDSCAPE MISC #3,,999,1,1000,24,1000,,
53981,1727,13-2140,"ML 4"" CLASS 200 RINGTITE",,180,140,10,0.05,1400,,
53982,1727,9301-250,THRUST BLOCKS,,460,4,15,0.5,60,,
53983,1727,9312-100,"LEEMCO LB-400 4"" RESTRAINT",,639.4,4,240,0.08,960,,
53984,1727,32-1009,TIE INTO EXISTING MAINLINE,,635.3,2,100,3,200,,
53985,1727,13-1020,#14 UF RED WIRE,,430,5000,0.2,0.003,1000,,
53986,1727,13-1160,#12 UF WHITE WIRE,,430,500,0.3,0.003,150,,
53987,1727,9305-216,IRRIGATION MISC #3,LATERAL & SPRINKLER REPAIRS,999,1,800,60,800,,
53988,1764,13-2140,"ML 4"" CLASS 200 RINGTITE",,180,140,10,0.05,1400,,
53989,1764,9301-250,THRUST BLOCKS,,460,4,15,0.5,60,,
53990,1764,9312-100,"LEEMCO LB-400 4"" RESTRAINT",,639.4,4,240,0.08,960,,
53991,1764,32-1009,TIE INTO EXISTING MAINLINE,,635.3,2,100,3,200,,
53992,1764,13-1020,#14 UF RED WIRE,,430,5000,0.2,0.003,1000,,
53993,1764,13-1160,#12 UF WHITE WIRE,,430,500,0.3,0.003,150,,
53994,1764,9305-216,IRRIGATION MISC #3,,999,1,800,60,800,,
53995,1765,1832-248,"EUCALYPTUS CITRIODORA 48""",,503.2,7,1800,6,12600,,
53996,1765,95-1016,DELIVERY/ FREIGHT,,None,1,2500,0,2500,,
53997,1765,9306-212,LANDSCAPE MISC #3,,999,1,1000,24,1000,,
54044,1778,9302-071,DG DESERT GOLD W/ STABILIZER,"2230 SF @ 4""",547,50,91,0.5,4550,,
54045,1778,95-0410,MISC BLS EQUIPMENT PER HR,,635,8,100,1,800,,
54046,1778,95-0411,ROLLER PER DAY,,635.8,1,450,8,450,,
54047,1779,9302-071,DG DESERT GOLD W/ STABILIZER,"5340 SF @ 4""",547,117,91,0.5,10647,,
54048,1779,33-13035,RECYCLED CLASS 2 BASE,"5340 SF @ 4""",635.2,120,23,0.5,2760,,
54049,1779,95-0410,MISC BLS EQUIPMENT PER HR,,635,24,100,1,2400,,
54050,1779,95-0411,ROLLER PER DAY,,635.8,2,450,8,900,,
54051,1779,95-1029,DELIVERY,,None,2,456,0,912,,
54125,1792,>>>,SHRUB QTY OVERAGE AGAINST PLANT MATRIX QTY,,,1,0,0,0,,
54126,1792,1456-105,COTONEASTER D LOWFAST 5G,,520,-338,10.5,0.27,-3549,,
54127,1792,0947-801,CAREX DIVULSA 1G,,522,-5160,4,0.11,-20640,,
54128,1792,1456-501,COTONEASTER LOWFAST 1G,,522,-114,3.6,0.11,-410.4,,
54129,1792,4800-401,LEYMUS C. CANYON PRINCE 1G,,522,-622,5.5,0.11,-3421,,
54130,1792,0749-301,BOUTELOUA GRACILIS 1G,,522,-670,5,0.11,-3350,,
54131,1792,4920-4012,SESLERIA  AUTUMNALIS 1G,,522,-1152,5,0.11,-5760,,
54132,1792,95-1029,DELIVERY,,None,-1,2600,0,-2600,,
54170,1793,>>>,SAVINGS W/ BLS  SQ. FOOTAGE QTY VS PLANT MATRIX QTY,,,1,0,0,0,,
54171,1793,1456-105,COTONEASTER D LOWFAST 5G,,520,-8,10.5,0.27,-84,,
54172,1793,0947-801,CAREX DIVULSA 1G,,522,-2723,4,0.11,-10892,,
54173,1793,1456-501,COTONEASTER LOWFAST 1G,,522,-3,3.6,0.11,-10.8,,
54174,1793,4800-401,LEYMUS C. CANYON PRINCE 1G,,522,-253,5.5,0.11,-1391.5,,
54175,1793,0749-301,BOUTELOUA GRACILIS 1G,,522,-168,5,0.11,-840,,
54176,1793,4920-4012,SESLERIA  AUTUMNALIS 1G,,522,-279,5,0.11,-1395,,
54177,1793,4304-001,JUNCUS PATENS 1G,,522,-121,4.3,0.11,-520.3,,
54178,1793,1101-505,CEANOTHUS G. YANKEE POINT 5G,,520,-90,11.6,0.27,-1044,,
54179,1793,4920-505,SALVIA CLEVELANDII 5G,,520,-36,11,0.27,-396,,
54180,1793,4920-705,SALVIA L. SANTA BARBARA 5G,,520,-59,11.5,0.27,-678.5,,
54181,1793,95-1029,DELIVERY,,None,-1,1210,0,-1210,,
54222,1572,33-1278,"GRAVEL/ CRUSHED STONE 3/8""","CONSTRCUTION GRADE BY SWB; 120 SF @ 3""",640,2,87,1,174,,
54223,1572,33-1304,FILTER FABRIC 4oz (Mirafi 140n),,641,150,0.2,0.003,30,,
54224,1572,95-0410,MISC BLS EQUIPMENT PER HR,,635,2,100,1,200,,
54225,1572,95-1029,DELIVERY,,None,1,530,0,530,,
54231,1790,95-0111,IMPERIAL CA TALL FESCUE 90 (Imperial),,800.1,3680,4.55,0.06,16744,,
54232,1790,95-0111,IMPERIAL CA TALL FESCUE 90 (Imperial),BUY 4500,999,820,4.25,0,3485,,
54352,1794,22-1440,"HUNTER IBV 201G-FS-R 2""",,380,16,400,1.25,6400,,
54353,1794,22-1436,"HUNTER IBV-151G FS-R 1.5""",,380,6,350,1.25,2100,,
54354,1794,25-1439,"HUNTER IBV-101G FS-R 1""",,380,13,180,1.25,2340,,
54355,1794,25-1996,"HUNTER ICZ-101-LF-40 1"" DRIP VALVE ASS'Y",,380.7,29,175,1,5075,,
54356,1794,33-2606,"ELECTRICAL SWEEP 2"" (SCH 40)",,None,128,13.5,0,1728,,
54357,1794,32-1239,HUNTER EZ-1 SINGLE DECODER,,637,64,46,0.1,2944,,
54358,1794,22-0998,HUNTER DC SOLENOID,,999,64,31,0,1984,,
54359,1794,10-7002,MAXI 14gg 2-WIRE CABLE (RED),,430,1000,0.85,0.003,850,,
54360,1794,10-1290,RB 6504-FC-PC/SS-HS-18-P,*PC,370.91,33,110,0.3,3630,,
54361,1794,10-2020V,RB 8 VAN NOZZLE,,None,33,1.42,0,46.86,,
54362,1794,10-1290,RB 6504-FC-PC/SS-HS-18-P,*FC,370.91,18,110,0.3,1980,,
54363,1794,10-2020V,RB 8 VAN NOZZLE,,None,18,1.42,0,25.56,,
54364,1794,10-8041,RB RD-12-S-P45-F,,210,129,26,0.12,3354,,
54365,1794,10-8011,RB R-VAN24 ROTARY NOZZLE,,None,38,4.6,0,174.8,,
54366,1794,10-8020,RB R-VAN18 ROTARY NOZZLE,,None,43,5,0,215,,
54367,1794,10-8029,RB R-VAN14 ROTARY NOZZLE,,999,48,4.8,0,230.4,,
54368,1794,10-8041,RB RD-12-S-P45-F,,210,98,26,0.12,2548,,
54369,1794,10-8019,RB RD-06-S-P45-F-N,,210,138,25,0.12,3450,,
54370,1794,10-8011,RB R-VAN24 ROTARY NOZZLE,,None,81,4.6,0,372.6,,
54371,1794,10-8020,RB R-VAN18 ROTARY NOZZLE,,None,21,5,0,105,,
54372,1794,10-8029,RB R-VAN14 ROTARY NOZZLE,,999,36,4.8,0,172.8,,
54373,1794,10-1237,RB 5006+ PC/FC SAM-R-NP / MPR NOZ.,,370.11,79,34.5,0.25,2725.5,,
54374,1794,10-1275,RB 5000S+-MPR35-SAM,,370.2,1,19,0.27,19,,
54375,1794,10-1275,RB 5000S+-MPR35-SAM,MPR-30,370.2,62,19,0.27,1178,,
54376,1794,10-1275,RB 5000S+-MPR35-SAM,MPR-25,370.2,16,19,0.27,304,,
54377,1794,10-5440,RB PLASTIC NOZZLE,,None,-397,1.1,0,-436.7,,
54378,1794,13-2460,"LAT 2.5"" SCH 40 ALERTLINE",,160,480,3.9,0.0478,1872,,
54379,1794,13-2450,"LAT 2"" SCH 40 ALERTLINE",,150,260,2.5,0.0468,650,,
54380,1794,13-2440,"LAT 1.5"" SCH 40 ALERTLINE",,140,680,1.85,0.0468,1258,,
54381,1794,13-2430,"LAT 1.25"" SCH 40 ALERTLINE",,130,1800,1.6,0.0458,2880,,
54382,1794,13-2420,"LAT 1"" SCH 40 ALERTLINE",,120,1000,1.15,0.0438,1150,,
54383,1794,13-2410,"LAT 3/4"" SCH 40 ALERTLINE",,110,5140,0.8,0.0428,4112,,
54384,1794,14-2620,"SLV 6"" SCH 40 ALERTLINE",LAT,185,60,13.3,0.04,798,,
54385,1794,14-2630,"SLV 4"" SCH 40 ALERTLINE",LAT,182,40,7.2,0.04,288,,
54386,1794,14-2650,"SLV 2.5"" SCH 40 ALERTLINE",,164,20,3.9,0.03,78,,
54387,1794,33-2020,PENTITES,,None,-128,1.75,0,-224,,
54416,1644,32-1047,POLAR BARRIER PBB-45,,638,1,750,0.5,750,,
54417,1638,33-1260,REDWOOD 2 X 4,,558,40,2.5,0.03,100,,
54418,1638,33-1242,"REDWOOD 1 X 4 , 2 PLY",,557,80,2.4,0.035,192,,
54670,1637,40-1412,"NDS #4, 6"" SQUARE BLACK",,630.2,-31,9.5,0.75,-294.5,,
54671,1637,40-1502,"NDS #90  6"" ATRIUM BLACK",,630.3,31,16,0.75,496,,
54672,1637,40-1600,NDS 1230 12x12 ADAPTER,,605.1,-2,39.25,1,-78.5,,
54673,1637,40-1600,NDS 1230 12x12 ADAPTER,,610.1,2,39.25,1,78.5,,
54674,1761,>>>,P-1 THRU P-5 DECORATIVE GRAVEL,,,1,0,0,0,,
54675,1761,30-3027,DECORATIVE GRAVEL (size & type TBD),SEE PLAN/QUOTE FOR TYPES,635,86,0,1,0,,
54676,1761,30-3027,DECORATIVE GRAVEL (size & type TBD),SEE QUOTE FROM SWB  for P-1 thru P-5 Gravel,999,1,19872,0,19872,,
54677,1761,9301-11115,DEL RIO 3/8,"6970 @3""; BID 2.5""",635,81,135,1,10935,,
54678,1761,95-0410,MISC BLS EQUIPMENT PER HR,,635,32,100,1,3200,,
54679,1761,33-1304,FILTER FABRIC 4oz (Mirafi 140n),DETAIL SHOWS 10 MIL VISQUEEN,641,6500,0.2,0.003,1300,,
54680,1761,95-1029,DELIVERY,,None,3,350,0,1050,,
54681,1761,33-1224,"PERMALOC CLEANLINE 3/16"" x 4"" BLK ANOD. W/ STKS",PERMALOC DURAFLEX,559,544,6.25,0.03,3400,,
54692,1804,9325-1010,BOULDER 1',,635.2,2,25,0.5,50,,
54693,1804,9325-102,BOULDER 2',,635,4,50,1,200,,
54694,1804,9325-103,BOULDER 3',,635,7,75,1,525,,
54695,1804,95-0410,MISC BLS EQUIPMENT PER HR,,635,4,100,1,400,,
54696,1804,95-1029,DELIVERY,,None,1,350,0,350,,
54751,1791,9302-267.1,"DG STABILIZER ""PRO GOLD INFIELD MIX (GAIL)","26,300 SF @ 8"" (APPLY ON 2-4"" LIFTS)",547,1146,88.75,0.5,101707.5,,
54752,1791,33-1304,FILTER FABRIC 4oz (Mirafi 140n),,641,26500,0.2,0.003,5300,,
54753,1791,95-0410,MISC BLS EQUIPMENT PER HR,,635,60,100,1,6000,,
54754,1791,95-0411,ROLLER PER DAY,,635.8,4,450,8,1800,,
54755,1791,95-1029,DELIVERY,,None,1,33925,0,33925,,
54810,1809,13-2140,"ML 4"" CLASS 200 RINGTITE",,180,140,10,0.05,1400,,
54811,1809,9301-250,THRUST BLOCKS,,460,4,15,0.5,60,,
54812,1809,9312-100,"LEEMCO LB-400 4"" RESTRAINT",,639.4,4,240,0.08,960,,
54813,1809,32-1009,TIE INTO EXISTING MAINLINE,,635.3,2,100,3,200,,
54814,1809,13-1020,#14 UF RED WIRE,,430,5000,0.2,0.003,1000,,
54815,1809,13-1160,#12 UF WHITE WIRE,,430,500,0.3,0.003,150,,
54816,1809,9305-216,IRRIGATION MISC #3,,999,1,800,60,800,,
54817,1810,1832-248,"EUCALYPTUS CITRIODORA 48""",,503.2,7,1800,6,12600,,
54818,1810,95-1016,DELIVERY/ FREIGHT,,None,1,2500,0,2500,,
54819,1810,9306-212,LANDSCAPE MISC #3,,999,1,1000,24,1000,,
54820,1811,>>>,SHRUB QTY OVERAGE AGAINST PLANT MATRIX QTY,,,1,0,0,0,,
54821,1811,1456-105,COTONEASTER D LOWFAST 5G,,520,-338,10.5,0.27,-3549,,
54822,1811,0947-801,CAREX DIVULSA 1G,,522,-5160,4,0.11,-20640,,
54823,1811,1456-501,COTONEASTER LOWFAST 1G,,522,-114,3.6,0.11,-410.4,,
54824,1811,4800-401,LEYMUS C. CANYON PRINCE 1G,,522,-622,5.5,0.11,-3421,,
54825,1811,0749-301,BOUTELOUA GRACILIS 1G,,522,-670,5,0.11,-3350,,
54826,1811,4920-4012,SESLERIA  AUTUMNALIS 1G,,522,-1152,5,0.11,-5760,,
54827,1811,95-1029,DELIVERY,,None,-1,2600,0,-2600,,
54828,1812,13-2140,"ML 4"" CLASS 200 RINGTITE",,180,140,10,0.05,1400,,
54829,1812,9301-250,THRUST BLOCKS,,460,4,15,0.5,60,,
54830,1812,9312-100,"LEEMCO LB-400 4"" RESTRAINT",,639.4,4,240,0.08,960,,
54831,1812,32-1009,TIE INTO EXISTING MAINLINE,,635.3,2,100,3,200,,
54832,1812,13-1020,#14 UF RED WIRE,,430,5000,0.2,0.003,1000,,
54833,1812,13-1160,#12 UF WHITE WIRE,,430,500,0.3,0.003,150,,
54834,1812,9305-216,IRRIGATION MISC #3,,999,1,800,60,800,,
54835,1813,1832-248,"EUCALYPTUS CITRIODORA 48""",,503.2,7,1800,6,12600,,
54836,1813,95-1016,DELIVERY/ FREIGHT,,None,1,2500,0,2500,,
54837,1813,9306-212,LANDSCAPE MISC #3,,999,1,1000,24,1000,,
54838,1814,>>>,SAVINGS W/ BLS  SQ. FOOTAGE QTY VS PLANT MATRIX QTY,,,1,0,0,0,,
54839,1814,1456-105,COTONEASTER D LOWFAST 5G,,520,-8,10.5,0.27,-84,,
54840,1814,0947-801,CAREX DIVULSA 1G,,522,-2723,4,0.11,-10892,,
54841,1814,1456-501,COTONEASTER LOWFAST 1G,,522,-3,3.6,0.11,-10.8,,
54842,1814,4800-401,LEYMUS C. CANYON PRINCE 1G,,522,-253,5.5,0.11,-1391.5,,
54843,1814,0749-301,BOUTELOUA GRACILIS 1G,,522,-168,5,0.11,-840,,
54844,1814,4920-4012,SESLERIA  AUTUMNALIS 1G,,522,-279,5,0.11,-1395,,
54845,1814,4304-001,JUNCUS PATENS 1G,,522,-121,4.3,0.11,-520.3,,
54846,1814,1101-505,CEANOTHUS G. YANKEE POINT 5G,,520,-90,11.6,0.27,-1044,,
54847,1814,4920-505,SALVIA CLEVELANDII 5G,,520,-36,11,0.27,-396,,
54848,1814,4920-705,SALVIA L. SANTA BARBARA 5G,,520,-59,11.5,0.27,-678.5,,
54849,1814,95-1029,DELIVERY,,None,-1,1210,0,-1210,,
54850,1815,95-0180,"MOW CURB FORMED (8"" x 6"")",,999,315,35,0,11025,,
54851,1816,9310-218,SOIL RETENTION DRIVABLE GRASS,,800,450,7,0.08,3150,,
54852,1816,95-0180,"MOW CURB FORMED (8"" x 6"")",,999,72,30,0,2160,,
54853,1816,5003,GRADING,,999,1,0,10,0,,
54854,1816,95-0410,MISC BLS EQUIPMENT PER HR,,635,6,100,1,600,,
54855,1817,9302-071,DG DESERT GOLD W/ STABILIZER,,547,50,91,0.5,4550,,
54856,1817,95-0410,MISC BLS EQUIPMENT PER HR,,635,8,100,1,800,,
54857,1817,95-0411,ROLLER PER DAY,,635.8,1,450,8,450,,
54858,1818,9302-071,DG DESERT GOLD W/ STABILIZER,,547,117,91,0.5,10647,,
54859,1818,33-13035,RECYCLED CLASS 2 BASE,,635.2,120,23,0.5,2760,,
54860,1818,95-0410,MISC BLS EQUIPMENT PER HR,,635,24,100,1,2400,,
54861,1818,95-0411,ROLLER PER DAY,,635.8,2,450,8,900,,
54862,1818,95-1029,DELIVERY,,None,2,456,0,912,,
55088,1801,95-0111,IMPERIAL CA TALL FESCUE 90 (Imperial),FOREVER LAWN,800.1,1550,4.55,0.06,7052.5,,
55089,1801,95-0111,IMPERIAL CA TALL FESCUE 90 (Imperial),BUY 2280 SF,999,730,4.25,0,3102.5,,
55090,1801,33-1296,"PSP PLASTIC 2"" X 4""",,546,-200,4.25,0.03,-850,,
55105,1821,3100-505,LANTANA MONTEVIDENSIS 5G,,520.1,2,10,0.254,20,,
55106,1821,9311-310,POT #1,OASIS QUOTE,999,1,0,0,0,,
55107,1821,9309-210,POT PLACEMENT/IRRIG/DRAIN,,636,2,15,2,30,,
55108,1821,9500-113,"POTTING SOIL, 2 CF BAG",,642,6,13.5,0.17,81,,
55109,1821,33-1302,"GRAVEL 3/4""",,635.2,0.25,47,0.5,11.75,,
55110,1821,33-1304,FILTER FABRIC 4oz (Mirafi 140n),,641,20,0.2,0.003,4,,
55111,1821,95-1029,DELIVERY,,None,1,20,0,20,,
55115,1822,33-13035,RECYCLED CLASS 2 BASE,"3625 SF @ 6""",635.2,100,17,0.5,1700,,
55116,1822,95-0410,MISC BLS EQUIPMENT PER HR,,635,8,80,1,640,,
55121,1789,9301-1217,"PEA GRAVEL ""CALIF. GOLD"" 3/8""","247 SF @ 3""",635,4,80,1,320,,
55122,1789,33-1304,FILTER FABRIC 4oz (Mirafi 140n),,641,300,0.2,0.003,60,,
55123,1789,95-0410,MISC BLS EQUIPMENT PER HR,,635,4,80,1,320,,
55124,1789,95-1029,DELIVERY,,None,1,400,0,400,,
55157,1825,40-1600,NDS 1230 12x12 ADAPTER,,605,2,27.3,1,54.6,,
55158,1825,40-1974,"4"" PVC SDR 35 SOLID",,625,80,1.79,0.1,143.2,,
55159,1825,40-1912,TIE INTO DRAINLINE  4,,635.2,1,7.8,0.5,7.8,,
55160,1826,33-1278,"GRAVEL/ CRUSHED STONE 3/8""",,640,2,40,1,80,,
55161,1826,33-1304,FILTER FABRIC 4oz (Mirafi 140n),,641,150,0.2,0.003,30,,
55162,1826,95-0410,MISC BLS EQUIPMENT PER HR,,635,2,100,1,200,,
55163,1826,95-1029,DELIVERY,,None,1,530,0,530,,
55164,1827,9302-271.1,DG STABILIZED (color T.B.D.),,547,11,80,0.5,880,,
55165,1827,33-1304,FILTER FABRIC 4oz (Mirafi 140n),,641,600,0.2,0.003,120,,
55166,1827,95-0410,MISC BLS EQUIPMENT PER HR,,635,4,100,1,400,,
55167,1827,95-0411,ROLLER PER DAY,,635.8,1,450,8,450,,
55168,1827,95-1029,DELIVERY,,None,1,675,0,675,,
55169,1828,41-1298,ARTIFICIAL TURF,,800.1,210,2.75,0.06,577.5,,
55170,1828,41-1298,ARTIFICIAL TURF,,998,45,2.75,0,123.75,,
55171,1829,33-1260,REDWOOD 2 X 4,,558,40,2.5,0.03,100,,
55172,1829,33-1242,"REDWOOD 1 X 4 , 2 PLY",,556,80,2.4,0.03,192,,
55226,1832,9302-105,5G SHRUB,,520.1,5,14,0.254,70,,
55227,1832,41-1118,"EXP. G.C. 4""POTS/FLTS",,531,2,15,0.3,30,,
55228,1832,9500-113,"POTTING SOIL, 2 CF BAG",,642,15,13.5,0.17,202.5,,
55229,1832,9309-210,POT PLACEMENT/IRRIG/DRAIN,,636,5,15,2,75,,
55230,1832,33-1302,"GRAVEL 3/4""",,635.2,0.5,47,0.5,23.5,,
55231,1832,33-1304,FILTER FABRIC 4oz (Mirafi 140n),,641,60,0.2,0.003,12,,
55232,1832,95-1029,DELIVERY,,None,1,20,0,20,,
55233,1832,9311-310,POT #1,SEE QCP QUOTE,999,1,0,0,0,,
55234,1833,40-5001,"4"" PVC SCH 40 PERF W/GRAVEL-FILTER",,625.4,520,4.8,0.145,2496,,
55235,1833,40-1912,TIE INTO DRAINLINE  4,,635.2,23,7.8,0.5,179.4,,
55236,1283,40-5001,"4"" PVC SCH 40 PERF W/GRAVEL-FILTER",,625.4,120,4.8,0.145,576,,
55237,1283,40-1912,TIE INTO DRAINLINE  4,,635.2,2,7.8,0.5,15.6,,
55238,565,95-0110,IMPERIAL PET PRIDE PRO,,800.1,1200,4,0.06,4800,,
55239,565,95-0110,IMPERIAL PET PRIDE PRO,,999,240,4,0,960,,
55240,590,33-13035,RECYCLED CLASS 2 BASE,"2,000 SF @ 4""",635.2,50,28,0.5,1400,,
55241,590,95-1016,DELIVERY/ FREIGHT,,None,1,400,0,400,,
55242,590,95-0410,MISC BLS EQUIPMENT PER HR,,635,8,90,1,720,,
55243,590,9306-210,LANDSCAPE MISC #1,ROLLER,999,1,400,0,400,,
55376,1837,10-8002,RB 1812-SAM-PRS (USE PL. NOZ),,210.1,-503,25,0.12,-12575,,
55377,1837,10-8023,RB RD-12-S-P45-F-N,,210,503,28.5,0.12,14335.5,,
55378,1837,10-8001,RB 1806-SAM PRS (USE PL. NOZ),,210,-39,19,0.12,-741,,
55379,1837,10-8019,RB RD-06-S-P45-F-N,,210,39,25,0.12,975,,
55380,1835,13240-202,RB XFS-CV-06-12-500',"200 SF @ 18"" O.C",638.5,1,260,7,260,,
55381,1835,12-2180,"LAT 3/4"" SCH 40  PVC",,110,10,0.75,0.0428,7.5,,
55382,1835,20-2260,3/4 x 3/4 x 1/2 TEE SST PVC,,None,10,1.25,0,12.5,,
55383,1835,30-2721,NETAFIM TL050-MA,,None,10,0.55,0,5.5,,
55384,1835,30-2715,NETAFIM TLSOV SHUT OFF VALVE,,402.3,1,5,0.75,5,,
55385,1835,10-8002,RB 1812-SAM-PRS (USE PL. NOZ),,210.1,1,25,0.12,25,,
55386,1835,12-2180,"LAT 3/4"" SCH 40  PVC",,110,20,0.75,0.0428,15,,
55387,1835,13-2670,"SLV 2"" SCH 40 PVC",,154,10,2.3,0.04,23,,
55404,1834,3611-115,MYRICA CALIFORNICA 15G,,510,46,45,1.01,2070,,
55405,1834,3920-605,OLEA 'MONTRA' (LITTLE OLLIE) 5G,,520,5,15,0.27,75,,
55406,1834,4258-301,PENNISETUM SPATHEOLATUM 1G,,522,14,5,0.11,70,,
55407,1834,2101-1000,GENERIC MULCH,,534.1,2,25,0.5,50,,
55408,1834,9302-225,FINE RAKE,,536,200,0,0.002,0,,
55409,1834,9302-210,SOIL PREP,,533,200,0,0.0035,0,,
55410,1834,9302-220,WEED CONTROL (GRO-N-KILL),,535,200,0,0.0005,0,,
55411,1834,95-1029,DELIVERY,,None,1,125,0,125,,
55453,1841,10-1129,RB PA8S-NP SHRUB BODY,,220,1,2.5,0.12,2.5,,
55454,1841,41-1298,ARTIFICIAL TURF,,800.1,100,4,0.06,400,,
55470,1750,40-1910,"TIE INTO DRAINLINE  8""",,635,1,150,1,150,,
55471,1750,40-1972,"8"" PVC SDR 35 SOLID",,632.11,10,9.3,0.2,93,,
55472,1750,1-5,ALHAMBRA FOUNDRY A-2422-6,A-2925,None,1,450,0,450,,
55473,1750,11-0005,"PVC SDR 35 4"" PLUG",,999,1,7,0,7,,
55474,1750,40-1140,"4"" 22 PVC SDR 35",,None,1,5.35,0,5.35,,
55475,1750,23-0085,8 x 8 x 4 RED WYE PVC DRAIN,,None,1,100,0,100,,
55476,1750,95-0049,CONCRETE FOOTING SMALL,,635,1,75,1,75,,
55481,1831,>>>,DESERT SELECT BOULDERS,FROM SWB,,1,0,0,0,,
55482,1831,9325-109,BOULDER 8',8' X 8' X 4',635.5,1,1244,5,1244,,
55483,1831,9325-105,BOULDER 5',5' X 5' X 3',636,1,624,2,624,,
55484,1831,9325-103,BOULDER 3',3' X 3' X 2',635,5,224,1,1120,,
55485,1831,95-0410,MISC BLS EQUIPMENT PER HR,,635,4,80,1,320,,
55486,1831,95-1029,DELIVERY,,None,1,200,0,200,,
55493,1402,9302-122,DG MOJAVE GOLD SWB STABILIZED,"464 SF @ 3""",547,8,200,0.5,1600,,0
55494,1402,9302-961,DG PALM SPRINGS GOLD STABILIZED,"302 SF @ 3""",547,5,100,0.5,500,,0
55495,1402,95-0410,MISC BLS EQUIPMENT PER HR,,635,4,100,1,400,,0
55496,1402,95-0411,ROLLER PER DAY,,635.8,0.5,450,8,225,,0
55497,1402,95-1029,DELIVERY,,None,1,420,0,420,,0
55498,1402,33-1287A,"PERMALOC ALUM. HDR 3/16"" x 4"" W/ STKS",,559,48,7,0.03,336,,0
55499,1401,9301-1144,"COPPER CANYON 3/4"" GRAVEL","600 SF @ 3""",640,9,101,1,909,,0
55500,1401,33-1302,"GRAVEL 3/4""","""INDIAN PAINT"" 360 SF @ 3""",635.2,5,85,0.5,425,,0
55501,1401,33-1287A,"PERMALOC ALUM. HDR 3/16"" x 4"" W/ STKS",,559,128,6.25,0.03,800,,0
55502,1401,33-1304,FILTER FABRIC 4oz (Mirafi 140n),,641,1000,0.2,0.003,200,,0
55503,1401,95-0410,MISC BLS EQUIPMENT PER HR,,635,6,100,1,600,,0
55504,1401,95-1029,DELIVERY,,None,1,419,0,419,,0
55521,1400,95-0114,IMPERIAL BERMUDA,SYN AUGUSTINE X47,800.2,540,4,0.06,2160,,0
55522,1400,95-0114,IMPERIAL BERMUDA,BUY 600 SF,999,60,4,0,240,,0
55523,1400,33-1287A,"PERMALOC ALUM. HDR 3/16"" x 4"" W/ STKS",,559,128,6.25,0.03,800,,0
55543,1847,33-1103,"BAJA CRESTA RUBBLE 1""-3""","(P-5) 90 SF @ 3""",640,2,370,1,740,,
55544,1847,33-1312,"SANTA FE COBBLE 4"" to 8""","(P-6) BAJA CREST 6"" CRUSHED , 160 SF",640,3,370,1,1110,,
55545,1847,95-0410,MISC BLS EQUIPMENT PER HR,,635,4,64,1,256,,
55546,1847,33-1304,FILTER FABRIC 4oz (Mirafi 140n),,641,300,0.2,0.003,60,,
55547,1847,95-1029,DELIVERY,,None,1,400,0,400,,
56193,1859,9302-115,"48"" TREE",,503,2,1300,6,2600,,
56194,1859,4905-005,ROSEMARY HUNT. CRPT. 5G,,520,25,14,0.27,350,,
56195,1859,1630-205,DIANELLA CASSA BLUE 5G,,520,25,18,0.27,450,,
56196,1859,2101-1000,GENERIC MULCH,,534.1,10,25,0.5,250,,
56197,1859,95-1016,DELIVERY/ FREIGHT,,None,1,450,0,450,,
56198,1859,9306-210,LANDSCAPE MISC #1,,999,1,500,16,500,,
56199,1859,,,,,1,0,0,0,,
56265,1839,1200-136,"CHAMAEROPS HUMILIS 36""",,999,5,600,3,3000,,
56266,1839,3920-236,"OLEA SWAN HILL 36"" MLT",,999,2,900,3,1800,,
56267,1839,3920-815,OLEA 'MONTRA' (LITTLE OLLIE) 15G,,519.1,8,55,0.73,440,,
56268,1839,4929-115,SANSEVERIA TRIFASCIATA 15G,,519.1,45,110,0.73,4950,,
56269,1839,4070-415,PHILODENDRON ' XANADU' 15G,,519.1,126,55,0.73,6930,,
56270,1839,74-1015,ZAMIA FURFURACEA 15G,,519.1,5,180,0.73,900,,
56271,1839,1696-505,LOMANDRA PLATINUM BTY 5G,,520.1,89,28,0.254,2492,,
56272,1839,4920-4101,SESLERIA GREEN LEE 1G,,522.1,8,5,0.11,40,,
56273,1839,4829-306,SENECIO SERPENS 1G,"SENECIO RADICANS 6"" POTS",522.1,48,3.6,0.11,172.8,,
56274,1839,9311-310,POT #1,TOURNESOL QUOTE,999,1,0,0,0,,
56275,1839,9309-210,POT PLACEMENT/IRRIG/DRAIN,,636,66,15,2,990,,
56276,1839,9302-361,EARTHWORKS LWP33 MIX,,635,60,185,1,11100,,
56277,1839,33-1036,"BLACK BEACH PEBBLE 1""-2""","1""-3"" LA PAZ BLACK BEACH PEBBLE 873 SF @ 3""",640,10,369,1,3690,,
56278,1839,95-1029,DELIVERY,PLANTS,None,1,1500,0,1500,,
56279,1839,95-1029,DELIVERY,GRAVEL MULCH,None,1,488,0,488,,
56280,1839,95-0410,MISC BLS EQUIPMENT PER HR,,635,4,100,1,400,,
56293,1863,2101-1002,FIBAR BARK,"1460 SF, BID 12""",534.1,55,70,0.5,3850,,
56294,1863,33-1304,FILTER FABRIC 4oz (Mirafi 140n),,641,1500,0.2,0.003,300,,
56295,1863,95-0410,MISC BLS EQUIPMENT PER HR,,635,8,100,1,800,,
57096,1874,13-2200,"ML 2.5"" CLASS 315 ALERTLINE",,162,500,2.9,0.038,1450,,
57097,1874,20-2569,"PVC SCH 80 ELL 2"" SS",,999,15,25,0,375,,
57098,1874,20-3044,"PVC SCH 80 TEE 2.5""x2.5""x 1.5""",,None,15,61,0,915,,
57099,1874,20-2988,"PVC SCH 80 MA 2""",,None,30,30,0,900,,
57100,1874,25-2103,HUNTER NODE-600 (6 STA. BATT. OP. CTLR),,469,3,250,1,750,,
57101,1874,10-4359,RB TBOS-PSOL LATCH SOL. D.C.,,637.2,16,38,0.25,608,,
57102,1874,9305-216,IRRIGATION MISC #3,LABOR,999,1,0,70,0,,
57105,1875,13240-215,SALCO PVC 050 IH 18   MA/NIP.,,639.3,1,6,0.025,6,,
57106,1875,IRRBID,,,,1,0,0,0,,
57122,1771,>>>,ALLOWANCE FOR DEMO PLAN ITEM #6 CALL OUT,DEAD OR DAMAGED PLANT REPLACEMENT,,1,0,0,0,,
57123,1771,9302-155,15G SHRUB,,519,30,0,0.75,0,,
57613,1751,14-2620,"SLV 6"" SCH 40 ALERTLINE",,185,40,13.3,0.04,532,,
57614,1751,14-2660,"SLV 2"" SCH 40 ALERTLINE",,154,40,2.5,0.04,100,,
57703,1830,0319-215,ALOE PLICATILIS 15G,'PETRICOLA' ,519.1,8,100,0.73,800,,
57704,1830,5050-206,"SENECIO SERPENS 6"" POT",,522.1,40,4.5,0.11,180,,
57705,1830,1234-715,ALOE HERCULES 15G (reg size),'HERCULES' 4' HEIGHT,519.1,3,125,0.73,375,,
57706,1830,4119-406,"SEDUM MORGANIANUM 6"" POT",,522.1,12,10,0.11,120,,
57707,1830,9309-210,POT PLACEMENT/IRRIG/DRAIN,,636,11,11.7,2,128.7,,
57708,1830,9500-137,PLANTER SUPPLY WATERING DEVICE,INCLUDED W/ POT QUOTE,999,1,0,4,0,,
57709,1830,9500-113,"POTTING SOIL, 2 CF BAG",,642,30,10.53,0.17,315.9,,
57710,1830,9311-310,POT #1,SEE QUOTE FROM PLANTER SUPPLY,999,1,0,0,0,,
57729,1873,95-0003,"MOW CURB (FORMED, 6x6)","6"" X 6"" W/ #3 REBAR",999,3410,28.5,0,97185,,
58049,1885,95-0003,"MOW CURB (FORMED, 6x6)",,546.1,1,22,1.4,22,,
58050,1886,2320-004,"ORIGANUM MAJORANA 4"" POTS",,524,-2,4,0.025,-8,,
58074,1887,9302-071,DG DESERT GOLD W/ STABILIZER,"1430 SF @ 3""",547,25,114,0.5,2850,,
58075,1887,95-0410,MISC BLS EQUIPMENT PER HR,,635,4,74.1,1,296.4,,
58076,1887,95-0411,ROLLER PER DAY,,635.8,0.5,350,8,175,,
58077,1887,95-1029,DELIVERY,"BUY FULL LOAD, FREE DELIVERY ",None,1,0,0,0,,
58081,1888,9302-155,15G SHRUB,,519.1,6,60,0.73,360,,
58082,1888,9311-310,POT #1,SEE QUOTE,999,1,0,0,0,,
58083,1888,9309-210,POT PLACEMENT/IRRIG/DRAIN,,636,6,11.7,2,70.2,,
58084,1888,9500-113,"POTTING SOIL, 2 CF BAG",,642,18,10.53,0.17,189.54,,
58085,1888,95-1029,DELIVERY,,None,1,50,0,50,,
58086,1888,9500-137,PLANTER SUPPLY WATERING DEVICE,,637,0,100,0.1,0,,
58087,1889,12-3010,"CONDUIT 1.25""  ELECTRICAL (SCH 40)",,127,1900,1.6,0.036,3040,,
58088,1889,33-2604,"ELECTRICAL SWEEP 1.25"" (SCH 40)",,None,80,7.3,0,584,,
58294,1747,5166-315,STRELITZIA JUNCEA 15G,,519,6,135,0.75,810,,
58295,1747,1572-115,CUPRESSUS SEMPERVIRENS 15G,,510.3,10,60,1.01,600,,
58296,1747,4119-104,"SEDUM R. ANGELINA 4"" POT",,524.1,234,4,0.04,936,,
58297,1747,9311-310,POT #1,,999,1,0,0,0,,
58298,1747,9311-311,POT #2,,999,1,0,0,0,,
58299,1747,9309-210,POT PLACEMENT/IRRIG/DRAIN,,636,16,15,2,240,,
58300,1747,95-1016,DELIVERY/ FREIGHT,,None,1,300,0,300,,
58301,1747,9500-137,PLANTER SUPPLY WATERING DEVICE,,637,16,100,0.1,1600,,
58302,1747,9500-113,"POTTING SOIL, 2 CF BAG",,642,48,12,0.17,576,,
58746,1894,4258-615,YUCCA ROSTRATA 15G,,519.1,4,500,0.73,2000,,
58747,1894,9311-310,POT #1,SEE QUOTE,999,1,0,0,0,,
58748,1894,9309-210,POT PLACEMENT/IRRIG/DRAIN,,636,4,0,2,0,,
58749,1894,9500-113,"POTTING SOIL, 2 CF BAG",,642,12,10.53,0.17,126.36,,
58750,1894,95-1029,DELIVERY,,None,1,150,0,150,,
58850,1897,33-1701,"EPIC BEND-A-BOARD 1"" X 6"" PLAS HDR",,546,60,3.12,0.03,187.2,LF,4
58851,1898,9311-310,POT #1,,999,0,1290,0,0,LS,0
58852,1898,9309-210,POT PLACEMENT/IRRIG/DRAIN,,636,1,11.7,2,11.7,EA,15
58853,1898,0392-115,AGAVE ATT. NOVA 15G,,519,1,62.4,0.75,62.4,EA,80
58854,1898,30-3025,GRAVEL BASIC IN BAGS 1 C. F. (SMALL QTY'S),,637.2,2,7.8,0.25,15.6,EA,10
58855,1898,33-1304,FILTER FABRIC 4oz (Mirafi 140n),,641,25,0.2,0.003,5,SF,0.2
58856,1898,9500-113,"POTTING SOIL, 2 CF BAG",,642,5,10.53,0.17,52.65,EA,13.5
58857,1898,95-1029,DELIVERY,,None,1,10,0,10,EA,10
58864,1899,12-3011,"CONDUIT 1"" ELECTRICAL (SCH 40)",,126,400,1.4,0.033,560,LF,1.8
58865,1899,33-2603,"ELECTRICAL SWEEP 1"" (SCH 40)",,None,25,5.2,0,130,EA,5.2
58866,1899,13-1033,PULL ROPE,,431,500,0.07,0.006,35,FT,0.09
58867,1899,95-0050,TRENCHING FOR ELECTRICIAN,,1011,400,0,0.04,0,LF,0
58870,1901,3920-648,"OLEA WILSONII 48"" MLT",,503,-1,1092,6,-1092,EA,1375
58871,1901,1572-115,CUPRESSUS SEMPERVIRENS 15G,,510.3,1,46.8,1.01,46.8,EA,60
58872,1901,33-1180,"LODGEPOLE 2"" X 10'",,None,1,7.53,0,7.53,EA,9.65
58873,1901,9302-282,"GALV FENCEPOST 1.5"" X 10.5' F (PTD) UPCHARGE",,637,-1,35.1,0.1,-35.1,EA,45
58874,1901,3952-215,WESTRINGIA WYNNABIE GEM 15G,,519,-6,40.56,0.75,-243.36,EA,52
58875,1901,1052-106,WESTRINGIA FRUIT. MRNG LIGHT 5G,,520,-4,10.53,0.27,-42.12,EA,13.5
58876,1901,4925-605,SALVIA G FURMAN'S RED 5G,,520,19,11,0.27,209,EA,11
58877,1901,1630-001,DIANELLA LITTLE REV 1G,,522,-9,5.27,0.11,-47.43,EA,6.75
58878,1901,0947-405,CAREX SPISSA 5G,,520,25,12,0.27,300,EA,15
59114,1862,9301-1219,"CHAMOIS BEIGE 3/8"" GRAVEL","500 SF @ 3""",635,7,70,1,490,,
59115,1862,33-1304,FILTER FABRIC 4oz (Mirafi 140n),,641,600,0.2,0.003,120,,
59116,1862,95-0410,MISC BLS EQUIPMENT PER HR,,635,3,100,1,300,,
59117,1862,95-1029,DELIVERY,,None,1,504,0,504,,
59987,1634,33-1301,"GRAVEL 1"" to 3""",,640,5,148,1,740,,
59988,1634,95-0400,MISC EQUIPMENT RENTED PER HR,,635,4,95,1,380,,
59989,1634,33-1304,FILTER FABRIC 4oz (Mirafi 140n),,641,300,0.2,0.003,60,,
59990,1634,95-1029,DELIVERY,,None,1,250,0,250,,
60191,1915,95-0053,WATER AUDIT SUB,,None,1,1250,0,1250,,
60361,1920,95-0053,WATER AUDIT SUB,,None,1,2250,0,2250,,
60482,1921,0897-505,BUXUS M.J. 'GREEN BEAUTY' 5G,,520,15,11,0.27,165,,
60483,1921,4907-501,ROSMARINUS  OFF. 'PROSTRATUS' 1G,,522,20,4,0.11,80,,
60484,1921,7002-201,LONICERA HALLIANA 1G,,522,50,4,0.11,200,,
60485,1921,95-1029,DELIVERY,,None,1,50,0,50,,
60573,1922,95-0053,WATER AUDIT SUB,,None,1,2250,0,2250,,
60574,1918,9325-102,BOULDER 2',,635,11,61,1,671,,
60575,1918,9325-103,BOULDER 3',,635,7,161,1,1127,,
60576,1918,95-0410,MISC BLS EQUIPMENT PER HR,,635,8,100,1,800,,
60577,1918,95-1029,DELIVERY,,None,1,206,0,206,,
60783,1925,9325-103,BOULDER 3',,635,111,0,1,0,,
60784,1925,9325-102,BOULDER 2',,635,85,0,1,0,,
60785,1925,9325-1010,BOULDER 1',,635.2,196,0,0.5,0,,
60786,1925,95-0410,MISC BLS EQUIPMENT PER HR,,635,32,100,1,3200,,
60796,1923,2101-1000,GENERIC MULCH,,534.1,-830,25,0.5,-20750,,
60797,1923,9301-11115,DEL RIO 3/8,"134,220 @ 3"" (2"")",635,1250,135,1,168750,,
60798,1923,95-0410,MISC BLS EQUIPMENT PER HR,,635,160,100,1,16000,,
60799,1923,95-1029,DELIVERY,FULL LOADS,None,1,0,0,0,,
60800,1927,95-0053,WATER AUDIT SUB,,None,1,1250,0,1250,,
60805,1929,2101-1000,GENERIC MULCH,,534.1,-1455,25,0.5,-36375,,
60806,1929,9301-11115,DEL RIO 3/8,,635,2200,135,1,297000,,
60807,1929,95-0410,MISC BLS EQUIPMENT PER HR,,635,240,100,1,24000,,
60808,1929,95-1029,DELIVERY,FULL LOADS,None,1,0,0,0,,
60813,1928,9325-103,BOULDER 3',,635,154,0,1,0,,
60814,1928,9325-102,BOULDER 2',,635,87,0,1,0,,
60815,1928,9325-1010,BOULDER 1',,635.2,221,0,0.5,0,,
60816,1928,95-0410,MISC BLS EQUIPMENT PER HR,,635,40,74.1,1,2964,,
60840,1932,9325-103,BOULDER 3',,635,127,0,1,0,,
60841,1932,9325-102,BOULDER 2',,635,72,0,1,0,,
60842,1932,9325-1010,BOULDER 1',,635.2,99,0,0.5,0,,
60843,1932,95-0410,MISC BLS EQUIPMENT PER HR,,635,16,100,1,1600,,
60854,1933,33-1287,"PERMALOC ALUM HDR 1/8"" x 4"" W/STKS",BLACK,559,11616,5.5,0.03,63888,,
60857,1919,33-1061,"24"" SQ. STEP STONE","BY VERANOSTONE CONCRETE, VARIOUS COLORS, LIGHT SANDBLAST FINISH",567,46,65,0.3,2990,,
60858,1919,33-1062,"18"" X 24"" NAT. GRY STEPPER","18"" X 36"" X 4"" THICK STEPPERS BY VERANOSTONE CONCRETE",566,10,75,0.2,750,,
60868,1935,33-1287,"PERMALOC ALUM HDR 1/8"" x 4"" W/STKS",,559,27392,5.5,0.03,150656,,
60877,1938,9325-103,BOULDER 3',,635,127,0,1,0,,
60878,1938,9325-102,BOULDER 2',,635,103,0,1,0,,
60879,1938,9325-1010,BOULDER 1',,635.2,103,0,0.5,0,,
60880,1938,95-0410,MISC BLS EQUIPMENT PER HR,,635,24,74.1,1,1778.4,,
60898,1939,33-1304,FILTER FABRIC 4oz (Mirafi 140n),,641,127000,0.2,0.003,25400,,
60903,1931,30-3027,DECORATIVE GRAVEL (size & type TBD),"1""-2"" DEL RIO BY SWB; 29,600 SF @ 3""",635,415,130,1,53950,,
60904,1931,33-1371,VISQUEEN 10 MIL SQ FT,,642.2,32500,0.13,0.0014,4225,,
60905,1931,95-0410,MISC BLS EQUIPMENT PER HR,,635,48,100,1,4800,,
60906,1931,95-1029,DELIVERY,,None,1,300,0,300,,
60908,1940,33-1304,FILTER FABRIC 4oz (Mirafi 140n),,641,175000,0.2,0.003,35000,,
61121,1870,9302-962,DG CALIFORNIA GOLD STAB.,"7930  SF @ 8""",547,346,105,0.5,36330,,
61122,1870,9302-962,DG CALIFORNIA GOLD STAB.,"6422 SF @ 4""",547,140,80,0.5,11200,,
61123,1870,33-1304,FILTER FABRIC 4oz (Mirafi 140n),,641,15000,0.2,0.003,3000,,
61124,1870,95-0410,MISC BLS EQUIPMENT PER HR,,635,160,100,1,16000,,
61125,1870,95-0411,ROLLER PER DAY,,635.8,2,350,8,700,,
61126,1870,33-1308,"EPIC 1"" X 6"" RECY. HEADER",,546,1520,4,0.03,6080,,
61127,1870,95-1029,DELIVERY,,None,1,438,0,438,,
61132,1871,9325-103,BOULDER 3',LABOR ONLY,635,20,0,1,0,,
61133,1871,9325-102,BOULDER 2',2.5' (LABOR),635,16,0,1,0,,
61134,1871,9325-102,BOULDER 2',LABOR,635,9,0,1,0,,
61135,1871,9325-101,BOULDERS PER TON (add labor),MATERIAL COST,999,22,236,0,5192,,
61136,1871,95-0410,MISC BLS EQUIPMENT PER HR,,635,8,100,1,800,,
61137,1871,95-1029,DELIVERY,,None,1,438,0,438,,
61138,1942,95-0004,MOW CURB (EXTRUDED),"6"" X 6"" W/ #4 REBAR",None,990,15,0,14850,,
61144,1943,2101-1002,FIBAR BARK,"1430 SF @ 12""",534.1,54,70,0.5,3780,,
61145,1943,33-1304,FILTER FABRIC 4oz (Mirafi 140n),,641,1600,0.2,0.003,320,,
61146,1943,33-1302,"GRAVEL 3/4""","1430 SF @ 2""",635.2,15,47,0.5,705,,
61147,1943,95-0410,MISC BLS EQUIPMENT PER HR,,635,12,100,1,1200,,
61148,1943,95-1029,DELIVERY,,None,1,300,0,300,,
61149,1936,30-3027,DECORATIVE GRAVEL (size & type TBD),"1""-2"" DEL RIO SWB; 36,900 SF @ 3""",635,515,130,1,66950,,
61150,1936,33-1371,VISQUEEN 10 MIL SQ FT,,642.2,39000,0.13,0.0014,5070,,
61151,1936,95-0410,MISC BLS EQUIPMENT PER HR,,635,64,100,1,6400,,
61152,1936,95-1029,DELIVERY,,None,1,300,0,300,,
61235,1687,4310-124,PLATANUS A. BLOODGOOD 24,,508,10,185,2.71,1850,,
61236,1687,4821-315,ROSA F. 'BRILLIANT PINK' 15G,,519,1,60,0.75,60,,
61237,1687,3280-515,LIGUSTRUM TEXANUM 15G,,519,2,40,0.75,80,,
61238,1687,3951-605,WESTRINGIA F. SMOKEY 5G,,520,20,13.5,0.27,270,,
61239,1687,4921-505,SALVIA LEUCANTHA 5G,,520,44,11,0.27,484,,
61240,1687,4905-405,ROSM. O. TUSCAN BLUE 5G,,520,54,11,0.27,594,,
61241,1687,3599-905,MUHLENBERGIA DUBIA 5G,,520,61,10,0.27,610,,
61242,1687,4801-505,LEUCOPHYLLUM FRUTESCENS 5G,'HEAVENLY CLOUD' ,520,70,10,0.27,700,,
61243,1687,2326-505,HETEROMELES ARBUTIFOLIA 5G,,520,12,11.5,0.27,138,,
61244,1687,2329-605,HESPERALOE PERPA 'BRAKELIGHTS' 5G,,520,110,27.5,0.27,3025,,
61245,1687,1630-505,DIANELLA T. VARIEGATA 5G,,520,3,16,0.27,48,,
61246,1687,0928-105,CALLISTEMON V. LITTLE JOHN 5G,,520,24,11,0.27,264,,
61247,1687,4905-001,ROSEMARY HUNT. CRPT. 1G,,522,46,4.1,0.11,188.6,,
61248,1687,3535-101,FESTUCA ELIJAH BLUE 1G,,522,92,4.25,0.11,391,,
61249,1687,2175-505,GELSEMIUM SEMP. 5G STK,,526,17,18,0.7,306,,
61250,1687,2101-1000,GENERIC MULCH,"6,088 SF @ 3""",534.1,0,25,0.5,0,,
61251,1687,9302-225,FINE RAKE,,536,6088,0,0.002,0,,
61252,1687,9302-210,SOIL PREP,,533,6088,0,0.0035,0,,
61253,1687,9302-220,WEED CONTROL (GRO-N-KILL),,535,609,0,0.0005,0,,
61254,1687,95-1029,DELIVERY,,None,1,700,0,700,,
61279,993,9302-155,15G SHRUB,,519.1,4,60,0.73,240,,
61280,993,9302-105,5G SHRUB,,520.1,6,14,0.254,84,,
61281,993,9302-165,1G SHRUB,,522.1,20,5,0.11,100,,
61282,993,9302-170,"6"" POT SHRUB",,522.1,20,6,0.11,120,,
61283,993,9311-310,POT #1,,999,1,0,0,0,,
61284,993,9311-311,POT #2,,999,1,0,0,0,,
61285,993,9309-210,POT PLACEMENT/IRRIG/DRAIN,,636,6,15,2,90,,
61286,993,9500-113,"POTTING SOIL, 2 CF BAG",,642,20,13.5,0.17,270,,
61287,993,95-1029,DELIVERY,,None,1,50,0,50,,
61288,993,33-1019,"MEXICAN BEACH PEBBLE BLK 1"" - 2""",,640,1,400,1,400,,
61289,993,9500-137,PLANTER SUPPLY WATERING DEVICE,,637,1,100,0.1,100,,
61298,1948,>>>,POTS ON PILASTERS (24 EA),,,1,0,0,0,,
61299,1948,4259-508,YUCCA FILAMENTOSA 5G,,520.1,24,17,0.254,408,,
61300,1948,4119-406,"SEDUM MORGANIANUM 6"" POT",SEDUM AUREUM,522.1,72,10,0.11,720,,
61301,1948,5235-801,TRADESCANTHA PALLIDA 1G,"6"" POTS",522.1,72,6,0.11,432,,
61302,1948,9311-310,POT #1,,999,1,1290,0,1290,,
61303,1948,9309-210,POT PLACEMENT/IRRIG/DRAIN,,636,24,11.7,2,280.8,,
61304,1948,9500-113,"POTTING SOIL, 2 CF BAG",,642,50,10.53,0.17,526.5,,
61305,1948,95-1029,DELIVERY,,None,1,200,0,200,,
61316,1949,9301-1147,"HORSE CREEK COBBLE 1-4""","300 SF @ 4""",635,6,184,1,1104,,
61317,1949,95-0410,MISC BLS EQUIPMENT PER HR,,635,4,74.1,1,296.4,,
61318,1949,33-1304,FILTER FABRIC 4oz (Mirafi 140n),,641,400,0.2,0.003,80,,
61319,1949,95-1029,DELIVERY,,None,1,468,0,468,,
61320,1949,33-1190,"BORDER CONCEPTS STEEL 1/4"" X 5"" BROWN",,561,64,11,0.06,704,,
61342,1951,40-5017,"18"" HDPE PIPE (SOILTIGHT)","24"" ",634,1480,20.65,0.45,30562,,
61343,1951,40-5017,"18"" HDPE PIPE (SOILTIGHT)",,634,1180,20.65,0.45,24367,,
61344,1951,40-5016,"12"" HDPE PIPE (WATERTIGHT)","15"" ",629,1360,13,0.28,17680,,
61345,1951,40-5016,"12"" HDPE PIPE (WATERTIGHT)",,629,1280,13,0.28,16640,,
61346,1951,40-1982,"10"" PVC SDR 35 SOLID (green)",,631.11,240,21.2,0.24,5088,,
61347,1951,40-1972,"8"" PVC SDR 35 SOLID",,632.11,3320,7.42,0.2,24634.4,,
61348,1951,40-1973,"6"" PVC SDR 35 SOLID",,627,1500,3.96,0.12,5940,,
61349,1951,40-1974,"4"" PVC SDR 35 SOLID",,625,4240,1.71,0.1,7250.4,,
61350,1951,40-1441,"NDS #40 6"" ROUND BLACK",,630.3,1,10,0.75,10,,
61351,1951,40-1461,"NDS #11 4"" ROUND BLACK",,630,221,5,0.5,1105,,
61352,1951,23-6016,ECCENTRIC REDUCER 6x4,,999,3,85,0,255,,
61353,1951,23-6019,"ECCENTRIC REDUCER 10"" x 8""",,999,2,405,0,810,,
61354,1951,23-6017,ECCENTRIC REDUCER 12 x 8,"15"" X 6"" ",999,1,400,0,400,,
61355,1951,23-6020,ECCENTRIC REDUCER 8 x 6,,999,2,130,0,260,,
61515,1952,3920-724,"OLEA E. 'SWAN HILL' 24"" STD",,999,1,350,2,350,,
61516,1952,9302-155,15G SHRUB,,519.1,4,60,0.73,240,,
61517,1952,9302-161,5G SHRUB,,520.1,23,11,0.254,253,,
61518,1952,9302-165,1G SHRUB,,522.1,6,5,0.11,30,,
61519,1952,9302-165,1G SHRUB,,522.1,8,5,0.11,40,,
61520,1952,9302-165,1G SHRUB,"IPOMOEA BATATAS ""MARGUERITE""",522.1,4,5,0.11,20,,
61521,1952,9311-310,POT #1,SEE QUOTES (GOODWIN & QCP),999,1,0,0,0,,
61522,1952,9309-210,POT PLACEMENT/IRRIG/DRAIN,,636,12,11.7,2,140.4,,
61523,1952,9500-113,"POTTING SOIL, 2 CF BAG",,642,40,10.53,0.17,421.2,,
61524,1952,33-1014,MEXICAN BLACK PEBBLES / .5 CF BAG,,637.2,12,35,0.25,420,,
61525,1952,33-10141,MEXICAN PEBBLE POLISHED/ .5 CF BAG,,637.2,16,80,0.25,1280,,
61526,1952,9301-1220,"PARCHMENT PEBBLE 3/8""",,635,0.25,300,1,75,,
61527,1952,95-1029,DELIVERY,,None,1,100,0,100,,
61528,1952,9500-137,PLANTER SUPPLY WATERING DEVICE,quoted by planter supply,999,1,1975,6,1975,,
61530,1955,33-1081,"18"" SQ STEP STONE",,566,180,15,0.2,2700,,
61531,1954,95-0110,IMPERIAL PET PRIDE PRO,EVERLAST PET BY SGW,800.1,1720,4,0.06,6880,,
61532,1954,95-0110,IMPERIAL PET PRIDE PRO,BUY 2000 SF,999,280,4,0,1120,,
61533,1954,9310-217,ZEOFILL TURF DEODORIZER (50# BG),BID 2LBS / SF,999,69,24,0,1656,,
61544,1953,9302-071,DG DESERT GOLD W/ STABILIZER,"660 SF @ 3"" ",547,11,109,0.5,1199,,
61545,1953,33-1304,FILTER FABRIC 4oz (Mirafi 140n),,641,700,0.2,0.003,140,,
61546,1953,95-0410,MISC BLS EQUIPMENT PER HR,,635,3,74.1,1,222.3,,
61547,1953,95-0411,ROLLER PER DAY,,635.8,0.5,350,8,175,,
61548,1953,95-1029,DELIVERY,,None,1,338,0,338,,
61549,1916,3920-136,"OLEA EUROPA 36"" MLT",,505,2,600,4.5,1200,,
61550,1916,4300-336,PLATANUS ACE. 'COLUMBIA' 36,,505,19,352,4.5,6688,,
61551,1916,9302-950,CENTURY CP2424 (24 x 24 panel),480',537,240,6.25,0.1,1500,,
61552,1916,3599-605,MUHLENBERGIA C. REGAL MIST 5G,,520,27,8.8,0.27,237.6,,
61553,1916,0106-805,TULBAGIA F. VARIEGATA 5G,,520,186,10,0.27,1860,,
61554,1916,1052-106,WESTRINGIA FRUIT. MRNG LIGHT 5G,,520,8,10.53,0.27,84.24,,
61555,1916,4905-005,ROSEMARY HUNT. CRPT. 5G,"378SF @30""O.C.",520,64,11,0.27,704,,
61556,1916,5315-501,TRACHELOSPERMUM JASM. 1G,"1,600SF @16""O.C.",522,1004,3.75,0.11,3765,,
61559,1917,9301-230,AS-BUILTS AND REPRO CHARGES,,451,1,300,3.75,300,,
61560,1917,13-1761,WILKINS 375XL-200 BACKFLOW,,261,1,1320,8,1320,,
61561,1917,13-1500,"WILKINS SXL-200 Y-STRAINER 2""-LF",,None,1,250,0,250,,
61562,1917,15-1720,"2"" BRASS UNION",,None,1,39,0,39,,
61563,1917,32-1078,STRONGBOX SBBC-30SS BF ENCL,,480,1,2450,4,2450,,
61564,1917,95-0006,"CONCRETE BASE (BF, PUMP, CONTROLLER)",,635.5,1,250,5,250,,
61565,1917,10-53161,"RB 100 PESB-R 1"" RW",,380.2,1,180,1.25,180,,
61566,1917,4124-002,FLOMEC QS200-15 FLOW SENSOR,,380,1,547.5,1.25,547.5,,
61567,1917,13-1060,#14 UF YELLOW WIRE,,430,1,0.2,0.003,0.2,,
61568,1917,13-2270,"ML 1.5"" SCH 40 ALERTLINE",,142,710,1.05,0.045,745.5,,
61569,1917,13-2280,"ML 1.25"" SCH 40 ALERTLINE",,132,30,1.6,0.04,48,,
61570,1917,25-2012,HUNTER HQ-44-LRC-R (RW),,420.2,3,90,1.13,270,,
61571,1917,10-5423,RB PGA SERIES RCV 1,,380,3,40,1.25,120,,
61572,1917,10-1136,RB NP-HAN-EFB/GB PURPLE,,None,3,15,0,45,,
61573,1917,10-5448,RB XCZ-100-PRBR,,380.7,3,157.05,1,471.15,,
61574,1917,13-2800,WEATHERTRAK ET/RVM 9-12 STA INT. CONT,,471,1,450,2,450,,
61575,1917,95-0006,"CONCRETE BASE (BF, PUMP, CONTROLLER)",,635.5,1,250,5,250,,
61576,1917,33-2608,"ELECTRICAL SWEEP 3"" (SCH 40)",,None,1,38.92,0,38.92,,
61577,1917,33-2606,"ELECTRICAL SWEEP 2"" (SCH 40)",,None,1,6.24,0,6.24,,
61578,1917,13-1040,#14 UF WHITE WIRE,COMMON,430,740,0.14,0.003,103.6,,
61579,1917,13-1050,#14 UF ORANGE WIRE,CONTROL,430,2500,0.13,0.003,325,,
61580,1917,13-1020,#14 UF RED WIRE,SPARE,430,2500,0.13,0.003,325,,
61581,1917,13-1020,#14 UF RED WIRE,SPARE,430,2500,0.13,0.003,325,,
61582,1917,13420-900,RB XBT-20 (THREADED),,220,1072,1.6,0.12,1715.2,,
61583,1917,13-2430,"LAT 1.25"" SCH 40 ALERTLINE",,130,430,1.48,0.0458,636.4,,
61584,1917,13-2420,"LAT 1"" SCH 40 ALERTLINE",,120,20,1.15,0.0438,23,,
61585,1917,13-2410,"LAT 3/4"" SCH 40 ALERTLINE",,110,620,0.8,0.0428,496,,
61586,1917,25-2041,HUNTER RZWS-18-50-CV (.50 GPM),,639.7,21,46,0.25,966,,
61587,1917,10-1235,RB RWS M-B-C-1401,,639.7,1,48,0.25,48,,
61588,1917,13-2420,"LAT 1"" SCH 40 ALERTLINE",,120,205,1.15,0.0438,235.75,,
61589,1917,13-2410,"LAT 3/4"" SCH 40 ALERTLINE",,110,500,0.8,0.0428,400,,
61590,1917,30-2715,NETAFIM TLSOV SHUT OFF VALVE,,402.3,8,5,0.75,40,,
61591,1917,13-2650,"SLV 3"" SCH 40 PVC",,172,80,1.61,0.04,128.8,,
61592,1917,13-2670,"SLV 2"" SCH 40 PVC",,154,70,0.78,0.04,54.6,,
61593,1917,13-2680,"SLV 1.5"" SCH 40 PVC",,144,55,1.7,0.03,93.5,,
61594,1917,9301-300,RECLAIMED WATER SIGNS (fancy),,635.11,4,260,0.75,1040,,
61595,1917,9301-400,"IRWD 1"" RECL. WATER METER",,635.9,1,400,2,400,,
61596,1917,32-1011,BRICK PAVER,,639.1,40,1.4,0.005,56,,
61597,1917,9310-213,TURNOVER ITEMS,,None,1,600,0,600,,
61598,1917,95-0053,WATER AUDIT SUB,,None,1,2000,0,2000,,
61615,1956,32-1009,TIE INTO EXISTING MAINLINE,,635.3,1,72,3,72,,
61616,1956,13-2110,"ML 1"" SCH 40 PVC",,122,40,1.1,0.04,44,,
61617,1956,9310-300,DRINKING FOUNTAIN,MOST DEPENDABLE #300 SM (BLUE) SEE QUOTE,635.6,1,3350,6,3350,,
61618,1956,33-1302,"GRAVEL 3/4""",SUMP,635.2,0.5,47,0.5,23.5,,
61619,1956,95-1029,DELIVERY,,None,1,775,0,775,,
61622,1944,9302-071,DG DESERT GOLD W/ STABILIZER,"5560 SF @ 3""",547,90,109,0.5,9810,,
61623,1944,33-1304,FILTER FABRIC 4oz (Mirafi 140n),,641,6000,0.2,0.003,1200,,
61624,1944,95-0410,MISC BLS EQUIPMENT PER HR,,635,8,100,1,800,,
61625,1944,95-1029,DELIVERY,,None,1,456,0,456,,
61626,1944,95-0411,ROLLER PER DAY,,635.8,1,350,8,350,,
61627,1945,33-1312,"SANTA FE COBBLE 4"" to 8""","6""-8"" ARIZONA BLEND 10,162 SF @ 6""",640,280,136,1,38080,,
61628,1945,95-0410,MISC BLS EQUIPMENT PER HR,,635,40,100,1,4000,,
61629,1945,95-1029,DELIVERY,,None,1,456,0,456,,
61693,1946,9302-281,DG GOLD (GAIL),"1,259SF (2"") STABILIZED ",547,14,50,0.5,700,,
61694,1946,33-1271,"JDR DURAEDGE HEAVY DUTY 1/4"" X 6"" BLK",,561,300,15,0.06,4500,,
61695,1946,95-0410,MISC BLS EQUIPMENT PER HR,,635,4,74.1,1,296.4,,
61696,1946,95-0411,ROLLER PER DAY,,635.8,1,350,8,350,,
61697,1946,95-1029,DELIVERY,,None,1,706,0,706,,
61699,1960,33-1061,"24"" SQ. STEP STONE",,567,24,35,0.3,840,,
61700,1614,9302-135,"24"" TREE",,507,4,185,2.8,740,,
61701,1614,33-1620,ARBOR GUARD,,539,4,3.5,0.01,14,,
61702,1614,9302-950,CENTURY CP2424 (24 x 24 panel),8 @ 10',537,40,6.25,0.1,250,,
61703,1614,95-1029,DELIVERY,,None,1,100,0,100,,
61727,1961,9301-1144,"COPPER CANYON 3/4"" GRAVEL","2609 SF @ 3""",640,36,80,1,2880,,
61728,1961,33-1304,FILTER FABRIC 4oz (Mirafi 140n),,641,3000,0.2,0.003,600,,
61729,1961,95-0410,MISC BLS EQUIPMENT PER HR,,635,8,74.1,1,592.8,,
61730,1961,95-1029,DELIVERY,,None,1,456,0,456,,
61835,1962,9325-104,BOULDER 4',,635,25,374,1,9350,,
61836,1962,9325-103,BOULDER 3',,635,35,169,1,5915,,
61837,1962,9325-102,BOULDER 2',,635,40,56,1,2240,,
61838,1962,9325-1010,BOULDER 1',,635.2,140,19,0.5,2660,,
61839,1962,95-0410,MISC BLS EQUIPMENT PER HR,,635,16,100,1,1600,,
61840,1962,95-1029,DELIVERY,,None,10,456,0,4560,,
61841,1957,9325-105,BOULDER 5',4' x 4' x 5',636,52,439,2,22828,,
61842,1957,9325-104,BOULDER 4',3' x 4' x 4',635,103,285,1,29355,,
61843,1957,9325-102,BOULDER 2',2' x 2' x 2',635,103,65,1,6695,,
61844,1957,95-0410,MISC BLS EQUIPMENT PER HR,,635,32,74.1,1,2371.2,,
61845,1957,95-1029,DELIVERY,,None,15,406,0,6090,,
61851,1965,9325-103,BOULDER 3',,635,3,165,1,495,,
61852,1965,9325-104,BOULDER 4',,635,3,285,1,855,,
61853,1965,9325-106,BOULDER 6',,635.3,6,2494,3,14964,,
61854,1965,95-0410,MISC BLS EQUIPMENT PER HR,,635,16,74.1,1,1185.6,,
61855,1965,95-1029,DELIVERY,,None,3,406,0,1218,,
61863,1967,4829-306,SENECIO SERPENS 1G,,522,-2918,3.75,0.11,-10942.5,,
61864,1967,3950-101,WESTRINGEA NFL25 1G,,522,183,4.4,0.11,805.2,,
61905,1594,1630-405,DIANELLA LITTLE REV 5G,,520,7,16.5,0.27,115.5,,
61906,1594,0748-515,DISTICTIS BUCCINITORIA 15G STK,,525,2,60,1.25,120,,
61907,1594,2101-1000,GENERIC MULCH,,534.1,1,25,0.5,25,,
61908,1594,9302-225,FINE RAKE,,536,50,0,0.002,0,,
61909,1594,9302-210,SOIL PREP,,533,50,0,0.0035,0,,
61910,1594,9302-220,WEED CONTROL (GRO-N-KILL),,535,100,0,0.0005,0,,
61911,1594,95-1029,DELIVERY,,None,1,25,0,25,,
62621,1976,9311-310,POT #1,,999,13,380,0,4940,,
62622,1976,9500-128,"PLANTER SOLUTIONS WSF-20 (20"" x 4"")",,637,13,90,0.1,1170,,
62623,1976,4075-515,PHORMIUM T. AMAZING RED 15G,,519,13,50,0.75,650,,
62624,1976,9309-210,POT PLACEMENT/IRRIG/DRAIN,,636,13,11.7,2,152.1,,
62625,1976,9500-113,"POTTING SOIL, 2 CF BAG",,642,39,10.53,0.17,410.67,,
62626,1976,95-1016,DELIVERY/ FREIGHT,,None,1,550,0,550,,
63423,1891,9301-235,POC HOMEOWNER W/O PRV,,449,4,15,1,60,,
63424,1891,9301-164,"IRWD 1"" WATER METER",,999,4,400,0,1600,,
63425,1891,25-1433,"KBI EBV-1250 -T  BV 1.25""",,402,4,8,1,32,,
63426,1891,13-1621,"WILKINS 600-XL  1""",,381,4,334,1,1336,,
63427,1891,13-2100,"ML 1.25"" SCH 40 PVC",,132,360,1.45,0.04,522,,
63428,1891,10-5325,"RB ASVF 3/4"" ANTI SIPHON",,390,2,23,0.62,46,,
63429,1891,10-5429,RB XACZ-100-PRF ASVF,,395,4,64,0.62,256,,
63430,1891,10-5427,RB XACZ-075-PRF  ASVF,,390,1,49,0.62,49,,
63431,1891,25-1490,HUNTER P2C400 outdoor,,471,4,170,2,680,,
63432,1891,25-1514,HUNTER PCM-900 9 STA MODULE,,None,4,175,0,700,,
63433,1891,13-1172,18-7 WIRE FOR 6 STATION CONTROLLERS,,430,100,0.63,0.003,63,,
63434,1891,22-1534,"HUNTER PROS-06-PRS30-CV 6""",,213,4,19,0.12,76,,
63435,1891,22-1122,HUNTER MSBN-50H BUBBLER NOZ.,,251,4,2.5,0.15,10,,
63436,1891,22-1087,HUNTER PROSPRAY NOZZLE,,None,-4,1.2,0,-4.8,,
63437,1891,12-2180,"LAT 3/4"" SCH 40  PVC",,110,200,0.25,0.0428,50,,
63438,1891,13420-245,SALCO SLV-PST-1 (Thrd emitter),,223,324,1.5,0.18,486,,
63439,1891,13240-215,SALCO PVC 050 IH 18   MA/NIP.,,639.3,324,6,0.025,1944,,
63440,1891,32-2000,"ALLSPEC EPOXY CTD J-HK, 18""",,999,324,2.45,0,793.8,,
63441,1891,20-2260,3/4 x 3/4 x 1/2 TEE SST PVC,,None,324,0.9,0,291.6,,
63442,1891,12-2180,"LAT 3/4"" SCH 40  PVC",,110,1280,0.25,0.0428,320,,
63443,1891,25-1583,"SPEARS 8722-005 1/2"" BV FLUSH VALVE",,402.5,12,10,0.3,120,,
63444,1891,30-2737,RB ARV050 (REPLACES ARVALVEKIT),,402.3,5,8.4,0.75,42,,
63445,1891,12-2200,"LAT 1"" SCH 40  PVC",,120,180,1.1,0.0438,198,,
63446,1891,12-2180,"LAT 3/4"" SCH 40  PVC",,110,180,0.25,0.0428,45,,
63447,1891,13-2660,"SLV 2.5"" SCH 40 PVC",,164,80,3.75,0.03,300,,
63448,1891,13-2670,"SLV 2"" SCH 40 PVC",,154,40,0.9,0.04,36,,
63449,1891,13-2680,"SLV 1.5"" SCH 40 PVC",,144,120,1.7,0.03,204,,
63450,1891,33-1304,FILTER FABRIC 4oz (Mirafi 140n),,641,74,0.2,0.003,14.8,,
63451,1891,33-2020,PENTITES,,None,-14,1.26,0,-17.64,,
63841,1907,9301-235,POC HOMEOWNER W/O PRV,,449,1,15,1,15,,
63842,1907,10-5020,RB 100 PEB,,380,1,70.26,1.25,70.26,,
63843,1907,13-1040,#14 UF WHITE WIRE,,430,40,0.14,0.003,5.6,,
63844,1907,13-1020,#14 UF RED WIRE,,430,40,0.13,0.003,5.2,,
63845,1907,12-3012,"CONDUIT 3/4"" ELECTRICAL (SCH 40)",,125,20,1,0.033,20,,
63846,1907,25-1433,"KBI EBV-1250 -T  BV 1.25""",,402,1,8,1,8,,
63847,1907,13-1621,"WILKINS 600-XL  1""",,381,1,334,1,334,,
63848,1907,13-2100,"ML 1.25"" SCH 40 PVC",,132,80,0.49,0.04,39.2,,
63849,1907,10-4373,"RB VBSTDH Rect Box, Grn lock lid",,999,1,32,0,32,,
63850,1907,20-3004,"UNION 1"" TT SCH 80 PVC",,None,1,8,0,8,,
63851,1907,25-1490,HUNTER P2C400 outdoor,,471,1,170,2,170,,
63852,1907,22-1318,HUNTER WSS (SYNC & RCVR) use WR-CLIK,,638.1,1,190,0.5,190,,
63853,1907,13-1172,18-7 WIRE FOR 6 STATION CONTROLLERS,,430,60,0.63,0.003,37.8,,
63854,1907,13420-122,SALCO PCC-1 EMITTER,,639,142,2.35,0.01,333.7,,
63855,1907,13240-215,SALCO PVC 050 IH 18   MA/NIP.,,639.3,142,4,0.025,568,,
63856,1907,32-2000,"ALLSPEC EPOXY CTD J-HK, 18""",,999,142,2.45,0,347.9,,
63857,1907,402-101BL,3/4 X 3/4 X 1/2 TEE SST (UVR),,None,142,1.75,0,248.5,,
63858,1907,12-1580,"3/4"" UVR PIPE",,201,300,0.85,0.015,255,,
63859,1907,12-1560,"1/2"" UVR PIPE",,200,100,0.65,0.013,65,,
63860,1907,25-1583,"SPEARS 8722-005 1/2"" BV FLUSH VALVE",,402.5,7,10,0.3,70,,
63861,1907,12-2180,"LAT 3/4"" SCH 40  PVC",,110,80,0.24,0.0428,19.2,,
63862,1907,13-2660,"SLV 2.5"" SCH 40 PVC",,164,20,3.75,0.03,75,,
63863,1907,13-2680,"SLV 1.5"" SCH 40 PVC",,144,20,1.7,0.03,34,,
63864,1907,33-1304,FILTER FABRIC 4oz (Mirafi 140n),,641,20,0.2,0.003,4,,
63865,1907,33-2020,PENTITES,,None,-4,1.26,0,-5.04,,
63866,1907,33-5070,3M SCOTCHLOK DBR-Y6 CONN.,,None,4,1.61,0,6.44,,
63867,1908,9301-235,POC HOMEOWNER W/O PRV,,449,1,15,1,15,,
63868,1908,10-5020,RB 100 PEB,,380,1,70.26,1.25,70.26,,
63869,1908,13-1040,#14 UF WHITE WIRE,,430,40,0.14,0.003,5.6,,
63870,1908,13-1020,#14 UF RED WIRE,,430,40,0.13,0.003,5.2,,
63871,1908,12-3012,"CONDUIT 3/4"" ELECTRICAL (SCH 40)",,125,20,1,0.033,20,,
63872,1908,25-1433,"KBI EBV-1250 -T  BV 1.25""",,402,1,8,1,8,,
63873,1908,13-1621,"WILKINS 600-XL  1""",,381,1,334,1,334,,
63874,1908,13-2100,"ML 1.25"" SCH 40 PVC",,132,100,0.49,0.04,49,,
63875,1908,10-5325,"RB ASVF 3/4"" ANTI SIPHON",,390,1,23,0.62,23,,
63876,1908,20-3005,"UNION 3/4"" TT SCH 80 PVC",,None,1,6,0,6,,
63877,1908,10-5429,RB XACZ-100-PRF ASVF,,395,1,64,0.62,64,,
63878,1908,20-3004,"UNION 1"" TT SCH 80 PVC",,None,1,8,0,8,,
63879,1908,25-1490,HUNTER P2C400 outdoor,,471,1,170,2,170,,
63880,1908,22-1318,HUNTER WSS (SYNC & RCVR) use WR-CLIK,,638.1,1,190,0.5,190,,
63881,1908,13-1172,18-7 WIRE FOR 6 STATION CONTROLLERS,,430,60,0.63,0.003,37.8,,
63882,1908,22-1534,"HUNTER PROS-06-PRS30-CV 6""",,213,2,19,0.12,38,,
63883,1908,22-1087,HUNTER PROSPRAY NOZZLE,,None,-2,1.2,0,-2.4,,
63884,1908,10-1185,HUNTER MSBN-25 Q BUBBLER NOZ.,,999,2,2,0,4,,
63885,1908,12-2180,"LAT 3/4"" SCH 40  PVC",,110,100,0.24,0.0428,24,,
63886,1908,13420-122,SALCO PCC-1 EMITTER,,None,160,2.35,0,376,,
63887,1908,13240-215,SALCO PVC 050 IH 18   MA/NIP.,,639.3,160,4,0.025,640,,
63888,1908,32-2000,"ALLSPEC EPOXY CTD J-HK, 18""",,999,160,2.45,0,392,,
63889,1908,402-101BL,3/4 X 3/4 X 1/2 TEE SST (UVR),,None,160,1.75,0,280,,
63890,1908,12-1580,"3/4"" UVR PIPE",,201,300,0.85,0.015,255,,
63891,1908,12-1560,"1/2"" UVR PIPE",,200,100,0.65,0.013,65,,
63892,1908,25-1583,"SPEARS 8722-005 1/2"" BV FLUSH VALVE",,402.5,10,10,0.3,100,,
63893,1908,12-2180,"LAT 3/4"" SCH 40  PVC",,110,40,0.24,0.0428,9.6,,
63894,1908,13-2660,"SLV 2.5"" SCH 40 PVC",,164,40,3.75,0.03,150,,
63895,1908,13-2680,"SLV 1.5"" SCH 40 PVC",,144,60,1.7,0.03,102,,
63896,1908,33-1304,FILTER FABRIC 4oz (Mirafi 140n),,641,20,0.2,0.003,4,,
63897,1908,33-2020,PENTITES,,None,-6,1.26,0,-7.56,,
63898,1908,33-5070,3M SCOTCHLOK DBR-Y6 CONN.,,None,6,1.61,0,9.66,,
63899,1902,9301-235,POC HOMEOWNER W/O PRV,,449,1,15,1,15,,
63900,1902,10-5020,RB 100 PEB,,380,1,70.26,1.25,70.26,,
63901,1902,13-1040,#14 UF WHITE WIRE,,430,40,0.14,0.003,5.6,,
63902,1902,13-1020,#14 UF RED WIRE,,430,40,0.13,0.003,5.2,,
63903,1902,12-3012,"CONDUIT 3/4"" ELECTRICAL (SCH 40)",,125,20,1,0.033,20,,
63904,1902,25-1433,"KBI EBV-1250 -T  BV 1.25""",,402,1,8,1,8,,
63905,1902,13-1621,"WILKINS 600-XL  1""",,381,1,334,1,334,,
63906,1902,13-2100,"ML 1.25"" SCH 40 PVC",,132,120,1.45,0.04,174,,
63907,1902,10-5325,"RB ASVF 3/4"" ANTI SIPHON",,390,3,23,0.62,69,,
63908,1902,20-3005,"UNION 3/4"" TT SCH 80 PVC",,None,3,6,0,18,,
63909,1902,10-5429,RB XACZ-100-PRF ASVF,,395,1,64,0.62,64,,
63910,1902,24-1022,HUNTER AVB-100 AVB (USE AQUALINE),,395,2,28,0.62,56,,
63911,1902,20-3004,"UNION 1"" TT SCH 80 PVC",,None,3,8,0,24,,
63912,1902,25-1490,HUNTER P2C400 outdoor,,471,1,170,2,170,,
63913,1902,22-1318,HUNTER WSS (SYNC & RCVR) use WR-CLIK,,638.1,1,190,0.5,190,,
63914,1902,13-1172,18-7 WIRE FOR 6 STATION CONTROLLERS,,430,60,0.63,0.003,37.8,,
63915,1902,22-1534,"HUNTER PROS-06-PRS30-CV 6""",,213,2,19,0.12,38,,
63916,1902,22-1122,HUNTER MSBN-50H BUBBLER NOZ.,,999,2,2.5,0,5,,
63917,1902,22-1087,HUNTER PROSPRAY NOZZLE,,None,-2,1.2,0,-2.4,,
63918,1902,12-2180,"LAT 3/4"" SCH 40  PVC",,110,80,0.25,0.0428,20,,
63919,1902,13420-122,SALCO PCC-1 EMITTER,SALCO SLV-PSTM-CV-2 PRO SPEC,639,216,2.35,0.01,507.6,,
63920,1902,13240-215,SALCO PVC 050 IH 18   MA/NIP.,SALCO SLV-PVC-M-ACL-12,639.3,216,4,0.025,864,,
63921,1902,32-2000,"ALLSPEC EPOXY CTD J-HK, 18""",,999,216,2.45,0,529.2,,
63922,1902,402-101BL,3/4 X 3/4 X 1/2 TEE SST (UVR),,None,216,1.75,0,378,,
63923,1902,12-2180,"LAT 3/4"" SCH 40  PVC",,110,500,0.25,0.0428,125,,
63924,1902,12-1560,"1/2"" UVR PIPE",,200,400,0.65,0.013,260,,
63925,1902,25-1583,"SPEARS 8722-005 1/2"" BV FLUSH VALVE",,402.5,10,10,0.3,100,,
63926,1902,12-2180,"LAT 3/4"" SCH 40  PVC",,110,40,0.25,0.0428,10,,
63927,1902,22-1522,"HUNTER PROS-12-PRS40-CV 12""",,213,10,24,0.12,240,,
63928,1902,22-1087,HUNTER PROSPRAY NOZZLE,,None,-10,1.2,0,-12,,
63929,1902,32-1196,HUNTER MP2000 ROTATOR NOZZLE,,None,10,7,0,70,,
63930,1902,12-2180,"LAT 3/4"" SCH 40  PVC",,110,320,0.24,0.0428,76.8,,
63931,1902,13-2680,"SLV 1.5"" SCH 40 PVC",,144,80,1.7,0.03,136,,
63932,1902,33-1304,FILTER FABRIC 4oz (Mirafi 140n),,641,20,0.2,0.003,4,,
63933,1902,33-2020,PENTITES,,None,-12,1.26,0,-15.12,,
63934,1902,33-5070,3M SCOTCHLOK DBR-Y6 CONN.,,None,12,1.61,0,19.32,,
63935,1800,9301-230,AS-BUILTS AND REPRO CHARGES,"POC ""C""",451,1,600,3.75,600,,
63936,1800,0001-4,"VALCON HI-FLOW 1 1/4""","VALCON 5000 SERIES 1.50"" CHECK VALVE",402.1,1,150,1,150,,
63937,1800,20-3002,"UNION 1.5"" TT SCH 80 PVC",,None,2,16,0,32,,
63938,1800,32-1011,BRICK PAVER,,639.1,3,1.4,0.005,4.2,,
63939,1800,9300-676,"HAYWARD #72 C.I. BASKET, 1.5"" THRD",,999,1,2800,1.5,2800,,
63940,1800,28-1141,"NIBCO T-580 1.5"" BV",,999,1,60,0,60,,
63941,1800,15-1700,"1.5"" BRASS UNION",,None,1,65,0,65,,
63942,1800,32-1037,STRONGBOX SBBC-30CR BF ENCL,,480,1,1450,4,1450,,
63943,1800,32-1031,STRONGBOX QP-30BF CONC PAD,,636,1,515,2,515,,
63944,1800,33-1302,"GRAVEL 3/4""",,635.2,0.25,47,0.5,11.75,,
63945,1800,13-1817,"WILKINS 600-XL-HLR 1.5""",,380.2,1,1211,1.25,1211,,
63946,1800,27-1056,"SUPERIOR 3200  1.5"" NORM. CLOSED",,380.2,1,500,1.25,500,,
63947,1800,14-0202,"CST FSI-T10-001 1"" FLOW SENSOR",,380.2,1,460,1.25,460,,
63948,1800,13-1042,PAIGE P-7162D SENSOR CABLE,,430,100,100,0.003,10000,,
63949,1800,12-3010,"CONDUIT 1.25""  ELECTRICAL (SCH 40)",,127,80,1.2,0.036,96,,
63950,1800,28-1201,"NIBCO TFP-600A 2"" BV",,402.1,1,160,1,160,,
63951,1800,25-2016,HUNTER HQ-44-LRC-AW-R,,420.2,1,140,1.13,140,,
63952,1800,13-2220,"ML 2"" CLASS 315 ALERTLINE",,152,1800,2.95,0.04,5310,,
63953,1800,32-1081,METALLIC LOCATER TAPE - RW,,430,1800,0.12,0.003,216,,
63954,1800,9300-680,JAIN ARV-2 AIR RELIEF 2,,380.2,1,180,1.25,180,,
63955,1800,28-1201,"NIBCO TFP-600A 2"" BV",,402.1,6,160,1,960,,
63956,1800,13-2290,"ML 1"" SCH 40 ALERTLINE",RCV / QCV MANIFOLDS,122,180,0.8,0.04,144,,
63957,1800,25-1544,"SPEARS 2122-010  1"" PVC 80 B.V.",RCV / QCV MANIFOLDS,402.1,19,42,1,798,,
63958,1800,25-2016,HUNTER HQ-44-LRC-AW-R,,420.2,12,140,1.13,1680,,
63959,1800,10-5180,RB 100 EFB CP-R,,380.2,17,160,1.25,2720,,
63960,1800,10-5438,"RB XCZ-100-PRB-COM 1"" DRIP ASBLY",,382.2,6,240,1.5,1440,,
63961,1800,32-0074,RB DEC-1 DECODER,,637.2,23,210,0.25,4830,,
63962,1800,33-5070,3M SCOTCHLOK DBR-Y6 CONN.,,None,46,1.61,0,74.06,,
63963,1800,1839-102,IMPERIAL CONTR. ASSEMBLY #2,"CONT. ""C""",490,1,12112,10,12112,,
63964,1800,95-0006,"CONCRETE BASE (BF, PUMP, CONTROLLER)",,635.5,1,150,5,150,,
63965,1800,33-2606,"ELECTRICAL SWEEP 2"" (SCH 40)",,None,2,13.5,0,27,,
63966,1800,95-0010,ELECTRICAL SUB./PERMITS FOR CONTROLLER,,None,1,800,0,800,,
63967,1800,13-1093,PAIGE P7072D-BLACK,,430,2100,0.85,0.003,1785,,
63968,1800,12-3010,"CONDUIT 1.25""  ELECTRICAL (SCH 40)",,127,1800,1.2,0.036,2160,,
63969,1800,33-2604,"ELECTRICAL SWEEP 1.25"" (SCH 40)",,None,46,5.47,0,251.62,,
63970,1800,32-0059,RB LXIVMSD SURGE PROTECTOR,,380.5,6,267,1.25,1602,,
63971,1800,32-0053,RB GR-K GROUND ROD KIT,,635.2,6,83,0.5,498,,
63972,1800,9301-345,PULL BOX 12'' RECT PL PURPLE RW,,652,4,80,0.36,320,,
63973,1800,10-1236,RB RWS M-B-C-1402,(52) TREES (23)VINES,639.7,75,48,0.25,3600,,
63974,1800,12-1221,RB RWS-SOCK (6 PER BAG),,None,13,5,0,65,,
63975,1800,10-1284,"RB RWS-GRATEP (4"" PURPLE GRATE)",,None,75,5.75,0,431.25,,
63976,1800,13-2420,"LAT 1"" SCH 40 ALERTLINE",,120,400,1.15,0.0438,460,,
63977,1800,13-2410,"LAT 3/4"" SCH 40 ALERTLINE",,110,1100,0.8,0.0428,880,,
63978,1800,22-1525,"HUNTER PROS-12-PRS40-CV-R 12"" RW",,213,118,24,0.12,2832,,
63979,1800,32-1197,HUNTER MP3000 ROTATOR NOZZLE,,None,94,7,0,658,,
63980,1800,32-1196,HUNTER MP2000 ROTATOR NOZZLE,,None,17,7,0,119,,
63981,1800,32-1201,HUNTER MPRCS-515 (RT. CRNR),,999,3,6,0,18,,
63982,1800,32-1195,HUNTER MP1000 ROTATOR NOZZLE,,None,4,7,0,28,,
63983,1800,22-1087,HUNTER PROSPRAY NOZZLE,,None,-118,1.2,0,-141.6,,
63984,1800,13-2410,"LAT 3/4"" SCH 40 ALERTLINE",,110,2000,0.8,0.0428,1600,,
63985,1800,13-2420,"LAT 1"" SCH 40 ALERTLINE",,120,700,1.15,0.0438,805,,
63986,1800,13-2430,"LAT 1.25"" SCH 40 ALERTLINE",,130,400,1.48,0.0458,592,,
63987,1800,13420-122,SALCO PCC-1 EMITTER,SALCO SLV-PSTR-CV-2 PRO SPEC EMITTER,None,615,2.35,0,1445.25,,
63988,1800,13420-214,"SALCO PVC 050 IH 8""   MA/NIP.",SALCO SLV-PVCPRPACL-12,639.3,615,4,0.025,2460,,
63989,1800,32-2000,"ALLSPEC EPOXY CTD J-HK, 18""",,999,615,2.45,0,1506.75,,
63990,1800,402-101BL,3/4 X 3/4 X 1/2 TEE SST (UVR),,None,615,1.75,0,1076.25,,
63991,1800,12-1560,"1/2"" UVR PIPE",,999,1000,0.65,0,650,,
63992,1800,25-1583,"SPEARS 8722-005 1/2"" BV FLUSH VALVE",,402.5,20,10,0.3,200,,
63993,1800,10-8024,RB OPERIND,,210,20,12,0.12,240,,
63994,1800,13-2420,"LAT 1"" SCH 40 ALERTLINE",,120,300,1.15,0.0438,345,,
63995,1800,12-1580,"3/4"" UVR PIPE",,201.1,2600,0.85,0.015,2210,,
63996,1800,32-1081,METALLIC LOCATER TAPE - RW,,430,4300,0.12,0.003,516,,
63997,1800,14-2630,"SLV 4"" SCH 40 ALERTLINE",ML,182,60,7.2,0.04,432,,
63998,1800,14-2660,"SLV 2"" SCH 40 ALERTLINE",LAT,154,60,2.5,0.04,150,,
63999,1800,14-2660,"SLV 2"" SCH 40 ALERTLINE",WIRE,154,60,2.5,0.04,150,,
64000,1800,9301-298,RECLAIMED WATER SIGN regular,,635.11,3,120,0.75,360,,
64001,1800,33-1304,FILTER FABRIC 4oz (Mirafi 140n),,641,200,0.2,0.003,40,,
64002,1800,33-2020,PENTITES,,None,-54,1.75,0,-94.5,,
64003,1800,33-5070,3M SCOTCHLOK DBR-Y6 CONN.,,None,54,1.61,0,86.94,,
64004,1800,9310-213,TURNOVER ITEMS,,None,1,300,0,300,,
64005,1800,95-0053,WATER AUDIT SUB,,None,1,1000,0,1000,,
64351,1865,9302-961,DG PALM SPRINGS GOLD STABILIZED,"23,266 SF @ 6""",547,760,114,0.5,86640,,
64352,1865,33-1304,FILTER FABRIC 4oz (Mirafi 140n),,641,23500,0.2,0.003,4700,,
64353,1865,95-0410,MISC BLS EQUIPMENT PER HR,,635,60,100,1,6000,,
64354,1865,95-0412,ROLLER PER WEEK,,636.9,2,800,40,1600,,
64355,1865,95-1029,DELIVERY,,None,1,325,0,325,,
64356,1865,5003,GRADING,FINE GRADE & SUBGRADE PREPARATION,999,23266,0,0.005,0,,
64357,1865,33-1739,"RONSTAR 50 LB (3# per 1,000 sf)",PRE-EMERGENT,635,2,140,1,280,,
64361,1872,95-0003,"MOW CURB (FORMED, 6x6)","6"" X 6"" W/ #4 REBAR",999,3885,28.5,0,110722.5,,
64362,1872,95-0180,"MOW CURB FORMED (8"" x 6"")","8"" X 6"" W/ DOUBLE ROW #4 REBAR (UNDER RAIL FENCE)",999,660,31,0,20460,,
64369,1775,1676-104,"DYMONDIA MARGARETAE 4"" POT","7020 SF @ 8"" OC",524.1,-14900,2.5,0.04,-37250,,
64370,1775,41-1123,DYMONDIA MARGARETAE FLT,"7020 SF @ 6"" OC",531,560,19,0.3,10640,,
64371,1775,95-1016,DELIVERY/ FREIGHT,,None,-1,1800,0,-1800,,
65912,1868,4375-115,PODOCARPUS M. MAKI 15G CLMN,,510.3,5,60,1.01,300,,
65913,1868,95-1029,DELIVERY,,None,1,50,0,50,,
66661,1983,25-1544,"SPEARS 2122-010  1"" PVC 80 B.V.",,402.1,1,42,1,42,,
66662,1983,,,,,1,0,0,0,,
67131,1900,13-1182,"HUNTER RZWS-18""-25-CV",,639.7,-2,32.4,0.25,-64.8,,
67132,1900,25-2046,HUNTER ECO-ID-12-R INDICATOR,,210.2,3,13.48,0.12,40.44,,
67293,1993,1696-205,"LOMANDRA L ""BREEZE"" 1G",,522,25,6,0.11,150,,
67294,1993,4258-301,PENNISETUM SPATHEOLATUM 1G,,522,17,4.6,0.11,78.2,,
67295,1993,2101-1000,GENERIC MULCH,"220 SF @ 3""",534.1,3,25,0.5,75,,
67296,1993,9302-225,FINE RAKE,,536,300,0,0.002,0,,
67297,1993,9302-210,SOIL PREP,,533,300,0,0.0035,0,,
67298,1993,95-1029,DELIVERY,,None,1,25,0,25,,
67319,1995,13240-201,RB XFS-CV-09-18-500',"210 SF @ 18"" O.C",638.5,1,280,7,280,,
67320,1995,12-2180,"LAT 3/4"" SCH 40  PVC",HEADER,110,20,1,0.0428,20,,
67321,1995,20-2260,3/4 x 3/4 x 1/2 TEE SST PVC,,None,15,0.56,0,8.4,,
67322,1995,30-2721,NETAFIM TL050-MA,,None,20,0.33,0,6.6,,
67323,1995,30-2715,NETAFIM TLSOV SHUT OFF VALVE,,402.3,2,5,0.75,10,,
67324,1995,10-8002,RB 1812-SAM-PRS (USE PL. NOZ),,210.1,2,25,0.12,50,,
67325,1995,10-5440,RB PLASTIC NOZZLE,,None,-2,1.1,0,-2.2,,
67326,1995,10-2595V,RB 4 VAN NOZZLE,,None,2,1.65,0,3.3,,
67327,1995,12-2180,"LAT 3/4"" SCH 40  PVC",,110,40,1,0.0428,40,,
67328,1995,13-2670,"SLV 2"" SCH 40 PVC",,154,20,3,0.04,60,,
67491,1999,9311-310,POT #1,,999,5,0,0,0,,
67492,1999,9311-311,POT #2,,999,1,0,0,0,,
67493,1999,9311-312,POT #3,,999,12,0,0,0,,
67494,1999,9311-313,POT #4,,999,2,0,0,0,,
67495,1999,9311-315,POT #5,,999,5,0,0,0,,
67496,1999,>>>,NO INFO FOR PLANTING MATERIALS,,,1,0,0,0,,
67497,2000,9302-267,DG CAL. GOLD  (GAIL),,635.11,15,50,0.75,750,,
67498,2000,95-0411,"ROLLER, PER DAY",,635.8,1,450,8,450,,
67499,2000,33-1304,FILTER FABRIC 4oz (Mirafi 140n),,641,800,0.2,0.003,160,,
67500,2000,95-0410,MISC BLS EQUIPMENT PER HR,,635,4,100,1,400,,
67501,2000,95-1029,DELIVERY,,None,1,675,0,675,,
67502,2000,33-1704,"COYOTE LS 'RAWEDGE' 1/8"" x 4"" ROLLED/NAT steel",,559,64,10,0.03,640,,
67503,2001,95-0110,IMPERIAL PET PRIDE PRO,,800.1,2240,4,0.06,8960,,
67504,2001,95-0110,IMPERIAL PET PRIDE PRO,,999,760,4,0,3040,,
67505,2001,33-1704,"COYOTE LS 'RAWEDGE' 1/8"" x 4"" ROLLED/NAT steel",,559,100,12,0.03,1200,,
67506,2001,9310-217,ZEOFILL TURF DEODORIZER (50# BG),,999,90,25,0,2250,,
67507,2002,10-1187,HUNTER PCN-50 BUBBLER,,251,45,1.65,0.15,74.25,,
67508,2002,13-2320,"LAT 3/4"" CL.200 ALERTLINE",,110,500,0.5,0.0428,250,,
67509,2002,33-1302,"GRAVEL 3/4""",,635.2,1,47,0.5,47,,
67560,2003,40-1975,"4"" PVC SDR 35 PERF W/GRAVEL/FILTER",,625.2,240,2.3,0.145,552,,
67630,2005,2270-248,PARKINSONIA DESERT MUSEUM 48,,503.4,-2,890,6,-1780,,
67631,2005,4800-115,LEUCOPHYLUM WHITE CLOUD 15G,,519,-38,33,0.75,-1254,,
67632,2005,0394-215,AGAVE OVATIFOLIA 15G,,519,-14,39,0.75,-546,,
67633,2005,0394-315,AGAVE NIGRA 15G,,519,-18,39,0.75,-702,,
67634,2005,2319-705,OPUNTIA ENGELMANNI 5G,,520,-11,19.5,0.27,-214.5,,
67635,2005,0389-505,AGAVE OVATIFOLIA 5G,,520,14,14.04,0.27,196.56,,
67636,2005,0389-605,AGAVE NIGRA 5G,,520,18,14.04,0.27,252.72,,
67637,2005,3117-105,PACHYCEREUS MARGINATUS 5G single,,520,-47,31.2,0.27,-1466.4,,
67713,2012,>>>,LOCALLY SOURCED RIVER WASHED GRANITE,"4""-8"" (40%) & 2""-4"" (60%)",,1,0,0,0,,
67714,2012,33-1331,"SIERRA RIVER COBBLE 4"" to 8"" (SWB)","1,090 SF @ 6""",640,31,105,1,3255,,
67715,2012,93-1130,"SIERRA RIVER COBBLE 1.5"" to 3""","1,630 SF @ 3""",635,23,100,1,2300,,
67716,2012,33-1304,FILTER FABRIC 4oz (Mirafi 140n),,641,3000,0.2,0.003,600,,
67717,2012,95-0410,MISC BLS EQUIPMENT PER HR,,635,8,100,1,800,,
67718,2012,95-1029,DELIVERY,,None,2,440,0,880,,
67736,2013,9302-271,DG NON-STABILIZED (color T.B.D),"DESERT GOLD; 2,160 SF @ 3""",547,35,70,0.5,2450,,
67737,2013,95-0410,MISC BLS EQUIPMENT PER HR,,635,8,100,1,800,,
67738,2013,95-0411,ROLLER PER DAY,,635.8,1,350,8,350,,
67739,2013,95-1029,DELIVERY,,None,1,440,0,440,,
67764,2014,>>>,SIERRA COBBLE,,,1,0,0,0,,
67765,2014,9325-104,BOULDER 4',3'-4' (20%),635,8,250,1,2000,,
67766,2014,9325-103,BOULDER 3',2.5'-3' (30%),635,12,140,1,1680,,
67767,2014,9325-102,BOULDER 2',2'-2.5' (50%),635,20,75,1,1500,,
67768,2014,95-0410,MISC BLS EQUIPMENT PER HR,,635,8,100,1,800,,
67769,2014,95-1029,DELIVERY,,None,2,440,0,880,,
67998,2011,33-1287,"PERMALOC ALUM HDR 1/8"" x 4"" W/STKS",,559,400,5,0.03,2000,,
68139,2006,13-1696,"WILKINS 500XL-HLR 1.5""",,380,1,3450,1.25,3450,,
68140,2006,15-1700,"1.5"" BRASS UNION",,None,1,65,0,65,,
68141,2006,32-1011,BRICK PAVER,,639.1,4,1.4,0.005,5.6,,
68142,2006,33-1304,FILTER FABRIC 4oz (Mirafi 140n),,641,5,0.2,0.003,1,,
68152,2007,3110-136,"LAURUS NOBILIS 36"" STD",,505,1,470,4.5,470,,
68153,2007,7003-124,"FURCRAEA MACDOUGLALI 24""",,507,1,400,2.8,400,,
68154,2007,3920-615,OLEA EURO. 'LITTLE OLLIE' 15G SHRUB,,519,1,55,0.75,55,,
68155,2007,0319-115,ALOE MEDUSA 15G,,510,1,190,1.01,190,,
68156,2007,4799-115,LEUCODENDRON JESTER 15G,,519,1,80,0.75,80,,
68157,2007,1630-405,DIANELLA LITTLE REV 5G,,520,1,16.5,0.27,16.5,,
68158,2007,0201-305,ACACIA COG. COUSIN ITT 5G,,520,1,13,0.27,13,,
68159,2007,4829-306,SENECIO SERPENS 1G,,522,1,3.6,0.11,3.6,,
68451,2023,9310-219,NDS EZ-ROLL GRASS PAVERS,,800,42500,4,0.08,170000,,
68498,2022,30-3027,DECORATIVE GRAVEL (size & type TBD),"1/4"" WHITE CRIVA MEXICAN BEACH PEBBLES (CREAMY BEIGE) 3"" ",635,44,100,1,4400,,
68499,2022,95-0410,MISC BLS EQUIPMENT PER HR,,635,1,74.1,1,74.1,,
68500,2022,95-1029,DELIVERY,,None,1,12500,0,12500,,
68707,2026,33-1304,FILTER FABRIC 4oz (Mirafi 140n),,641,2400,0.2,0.003,480,,
68915,1768,95-0071,IMPERIAL CA Tall Fescue 75,POSSIBLY HEAT SHIELD,800.1,200,4.25,0.06,850,,
68916,1768,95-0071,IMPERIAL CA Tall Fescue 75,,999,50,4,0,200,,
68917,1768,95-0071,IMPERIAL CA Tall Fescue 75,,999,200,4,0.02,800,,
68918,1768,95-0074,ART. TURF GREEN SAND #16 (50#),,999,8,22,0,176,,
68927,2028,13-1694,"WILKINS 500XL-HLR 1.25""",,380,1,1510,1.25,1510,,
68928,2028,15-1680,"BRASS UNION 1.25""",,None,2,85,0,170,,
68939,2030,9305-501,BONDED FIBER MATRIX,,None,9400,0.05,0,470,,
68953,2032,28-1138,"NIBCO T-580 3/4"" BV",,402,49,30,1,1470,,
68954,2032,40-5218,"NDS 312BCB 10"" ROUND (GRN/GRN)",,999,-49,33,0,-1617,,
68955,2032,32-1004,"NDS 314BCB 14"" X 19"" RECT. BOX (GRN/GRN)",,None,49,50,0,2450,,
68958,2031,9303-001,JUTE NETTING (900 SF ROLL),9400 sf,905,12,160,2.5,1920,,
69036,2035,>>>,INSTALL UVR LAT ABOVE GRADE IN LIEU OF BURIED PVC LAT,USE ABOVE GRADE BUBBLERS IN LIEU OF POP -UPS,,1,0,0,0,,
69037,2035,10-8034,RB RD-06-S-P30,,210,-48,25,0.12,-1200,,
69038,2035,10-1180,RB 1401 BUBBLER,,223,48,3,0.18,144,,
69039,2035,12-2200,"LAT 1"" SCH 40  PVC",,120,-100,1.1,0.0438,-110,,
69040,2035,12-1600,"1"" UVR PIPE",,202,100,1.3,0.016,130,,
69041,2035,12-2180,"LAT 3/4"" SCH 40  PVC",,110,-400,0.36,0.0428,-144,,
69042,2035,12-1580,"3/4"" UVR PIPE",,201,400,0.85,0.015,340,,
69043,2035,13420-109,"RB XBD-80, 8 OUTLET EMITTER",,251,-106,13,0.15,-1378,,
69044,2035,13420-109,"RB XBD-80, 8 OUTLET EMITTER",,223,106,13,0.18,1378,,
69045,2035,12-2200,"LAT 1"" SCH 40  PVC",,120,-300,1.1,0.0438,-330,,
69046,2035,12-1600,"1"" UVR PIPE",,202,300,1.3,0.016,390,,
69047,2035,12-2180,"LAT 3/4"" SCH 40  PVC",,110,-1000,0.36,0.0428,-360,,
69048,2035,12-1580,"3/4"" UVR PIPE",,201,1000,0.85,0.015,850,,
69120,2029,9305-504,POLYMER SPRAY,GORILLA SNOT PER CALL OUT,999,9400,0.33,0,3102,,
69122,2033,>>>,USE HDPE ML ABOVE GRADE IN LIEU OF UVR,,,1,0,0,0,,
69123,2033,12-1640,"1.5"" UVR PIPE",,204,-220,1.85,0.019,-407,,
69124,2033,40-5022,"3"" HDPE PIE (WATERTITE)","1.50"" dia. hdpe pipe, (sells at 500' roll)",204,220,2.25,0.019,495,,
69125,2033,40-5022,"3"" HDPE PIE (WATERTITE)","1 .50 "" HDPE PIPE, EXCESS FROM 500' ROLL",999,280,2.25,0,630,,
69323,2039,15-2123,"3"" BRASS TEE",,None,1,150,0,150,,
69324,2039,15-2131,"BRASS NIPPLE  3"" x 3""",,None,2,60,0,120,,
69325,2039,28-1142,"NIBCO T-580-70  2"" BV",,402,1,290,1,290,,
69326,2039,28-11431,"NIBCO T-580-70-3""",,402,1,930,1,930,,
69327,2039,15-2042,"BRASS NIPPLE 2"" X CLOSE",,None,1,30,0,30,,
69328,2039,22-1312,HUNTER NODE-200 BATT. OP. CONTR.  (2 STA.),,469,2,225,1,450,,
69329,2039,22-1314,HUNTER 458200 DC. LATCH. SOL.,,None,4,40,0,160,,
69330,2039,9305-218,IRRIGATION MISC. #5,EXTRA LABOR,999,1,0,24,0,,
69359,2034,>>>,BATTERY OPERATED CONTROLLER,IN LIEU OF RB ESPLXME called out,,1,270,0,270,,
69360,2034,22-1312,HUNTER NODE-200 BATT. OP. CONTR.  (2 STA.),,469,2,175,1,350,,
69361,2034,22-0998,HUNTER DC SOLENOID,,999,4,31,0,124,,
69362,2034,10-4268,RB ESPLXME2P (12-48; add modules),,470,-1,690,10,-690,,
69363,2034,10-4192,RB LXMMSSPED- SS PEDESTAL,,480,-1,1700,4,-1700,,
69364,2034,95-0006,"CONCRETE BASE (BF, PUMP, CONTROLLER)",,635.5,-1,250,5,-250,,
69365,2034,95-0010,ELECTRICAL SUB./PERMITS FOR CONTROLLER,,None,-1,500,0,-500,,
69366,2040,15-1960,"BRASS NIPPLE 1.5"" X 6""",,None,-4,38.73,0,-154.92,,
69367,2040,15-2000,"BRASS NIPPLE 1.5"" X 30""",,None,-1,190,0,-190,,
69368,2040,15-2020,"BRASS NIPPLE 1.5"" X 36""",,None,-1,200,0,-200,,
69369,2040,15-1620,"BRASS 90 1.5""",,None,-4,50,0,-200,,
69370,2040,15-2021,"BRASS NIPPLE 3"" X 4""","3"" BRASS CLOSE NIPPLE",None,2,47,0,94,,
69371,2040,15-1600,"BRASS 90, 1.25""",,None,1,25,0,25,,
69372,2040,15-1640,"2"" BRASS 90 DEG. ELBOW","3"" X 2"" BRASS REDUCER",None,1,82,0,82,,
69579,2044,40-1974,"4"" PVC SDR 35 SOLID",,625,160,2.3,0.1,368,,
69580,2044,12-2414,"3"" SCH 80 PVC DRAIN PIPE",,620,30,9.3,0.1,279,,
69581,2044,40-1502,"NDS #90  6"" ATRIUM BLACK",,630.3,7,16,0.75,112,,
69582,2044,40-1600,NDS 1230 12x12 ADAPTER,,605.1,1,35,1,35,,
69583,2044,40-1740,"CURB CORES 1-3, 3.5""",,None,2,180,0,360,,
69743,2047,95-0180,"MOW CURB FORMED (8"" x 6"")","6"" W X 8""D W/ #3 REBAR",999,1,22,0,22,,
69759,2046,9302-267,DG CAL. GOLD  (GAIL),"16,000 SF @ 4"" (2-2"" LIFTS) gold w/ organic-lock",635.11,350,219.5,0.75,76825,,
69760,2046,95-0410,MISC BLS EQUIPMENT PER HR,,635,60,74.1,1,4446,,
69761,2046,95-0412,ROLLER PER WEEK,,636.9,1,800,40,800,,
69767,2048,9302-267,DG CAL. GOLD  (GAIL),"STABILIZED GOLD W/ ORGANIC LOCK 17200 SF @ 4""",635.11,375,219.5,0.75,82312.5,,
69768,2048,95-0410,MISC BLS EQUIPMENT PER HR,,635,60,74.1,1,4446,,
69769,2048,95-0412,ROLLER PER WEEK,,636.9,1,800,40,800,,
69770,2049,95-0180,"MOW CURB FORMED (8"" x 6"")","6"" W X 8"" D W/ #3 REBAR",999,1138,22,0,25036,,
69775,2050,33-1188,"SURE-LOC 1/8"" X 4"" X 16' ANOD. ALUM. (BLACK)",,559,512,5.5,0.03,2816,,
69776,2018,>>>,ITEM 1.12 & 1.13 PEBBLE GROUND COVER,,,1,0,0,0,,
69777,2018,9301-1232,"CARROLL CYN 3/4"" GRAVEL","SANTA FE 12,980 SF @ 3""",635,185,200,1,37000,,
69778,2018,9301-1125,"CORAL SEA GRAVEL 3/8""-1/2""","12,870 sf @ 3""",635,180,600,1,108000,,
69779,2018,33-1304,FILTER FABRIC 4oz (Mirafi 140n),,641,27000,0.2,0.003,5400,,
69780,2018,95-0410,MISC BLS EQUIPMENT PER HR,,635,40,100,1,4000,,
69781,2018,95-1029,DELIVERY,,None,1,2300,0,2300,,
69782,1882,>>>,PER DELTA 1 SET STAMPED DATED 08/06/26,,,1,0,0,0,,
69783,1882,9310-219,NDS EZ-ROLL GRASS PAVERS,,999,42500,2.9,0.08,123250,,
69784,1882,9306-211,LANDSCAPE MISC #2,STAKES (40 PER ROLL),999,2960,0.25,0,740,,
69785,1882,33-1278,"GRAVEL/ CRUSHED STONE 3/8""","42000 @ 1.50""",640,292,38,1,11096,,
69786,1882,95-0411,ROLLER PER DAY,,635.8,6,350,8,2100,,
69787,1882,33-13035,RECYCLED CLASS 2 BASE,"42500 SF @ 6""",635.2,1300,17,0.5,22100,,
69788,1882,33-1304,FILTER FABRIC 4oz (Mirafi 140n),,641,45000,0.2,0.003,9000,,
69789,1882,95-0410,MISC BLS EQUIPMENT PER HR,,635,80,100,1,8000,,
69790,1882,95-1029,DELIVERY,"FOR CRUSHED ROCK ONLY, EXCLUDES BASE MATERIALS",None,1,3650,0,3650,,
69791,1882,5003,GRADING,,999,42500,0,0.003,0,,
69792,1882,40-1975.1,"4"" SDR 35 PERF PIPE",,999,2000,2.3,0,4600,,
69793,2051,40-5017,"18"" HDPE PIPE (SOILTIGHT)",,634,1480,20.65,0.45,30562,,
69794,2051,40-5017,"18"" HDPE PIPE (SOILTIGHT)",,634,1180,20.65,0.45,24367,,
69795,2051,40-5016,"12"" HDPE PIPE (WATERTIGHT)",,629,1360,13,0.28,17680,,
69796,2051,40-5016,"12"" HDPE PIPE (WATERTIGHT)",,629,1280,13,0.28,16640,,
69797,2051,40-1982,"10"" PVC SDR 35 SOLID (green)",,631.11,240,21.2,0.24,5088,,
69798,2051,40-1972,"8"" PVC SDR 35 SOLID",,632.11,3320,7.42,0.2,24634.4,,
69799,2051,40-1973,"6"" PVC SDR 35 SOLID",,627,1500,3.96,0.12,5940,,
69800,2051,40-1974,"4"" PVC SDR 35 SOLID",,625,4240,1.71,0.1,7250.4,,
69801,2051,40-1441,"NDS #40 6"" ROUND BLACK",,630.3,1,10,0.75,10,,
69802,2051,40-1461,"NDS #11 4"" ROUND BLACK",,630,221,5,0.5,1105,,
69803,2051,23-6016,ECCENTRIC REDUCER 6x4,,999,3,85,0,255,,
69804,2051,23-6019,"ECCENTRIC REDUCER 10"" x 8""",,999,2,405,0,810,,
69805,2051,23-6017,ECCENTRIC REDUCER 12 x 8,,999,1,400,0,400,,
69806,2051,23-6020,ECCENTRIC REDUCER 8 x 6,,999,2,130,0,260,,
69807,2052,9302-071,DG DESERT GOLD W/ STABILIZER,,547,11,109,0.5,1199,,
69808,2052,33-1304,FILTER FABRIC 4oz (Mirafi 140n),,641,700,0.2,0.003,140,,
69809,2052,95-0410,MISC BLS EQUIPMENT PER HR,,635,3,74.1,1,222.3,,
69810,2052,95-0411,ROLLER PER DAY,,635.8,0.5,350,8,175,,
69811,2052,95-1029,DELIVERY,,None,1,338,0,338,,
69812,2053,95-0110,IMPERIAL PET PRIDE PRO,,800.1,1720,4,0.06,6880,,
69813,2053,95-0110,IMPERIAL PET PRIDE PRO,,999,280,4,0,1120,,
69814,2053,9310-217,ZEOFILL TURF DEODORIZER (50# BG),,999,69,24,0,1656,,
69815,2054,33-1081,"18"" SQ STEP STONE",,566,180,15,0.2,2700,,
69816,2055,32-1009,TIE INTO EXISTING MAINLINE,,635.3,1,72,3,72,,
69817,2055,13-2110,"ML 1"" SCH 40 PVC",,122,40,1.1,0.04,44,,
69818,2055,9310-300,DRINKING FOUNTAIN,,635.6,1,3350,6,3350,,
69819,2055,33-1302,"GRAVEL 3/4""",,635.2,0.5,47,0.5,23.5,,
69820,2055,95-1029,DELIVERY,,None,1,775,0,775,,
69936,2072,40-1974,"4"" PVC SDR 35 SOLID",,625,1960,2.3,0.1,4508,,
69937,2072,40-1600,NDS 1230 12x12 ADAPTER,,605,75,40,1,3000,,
69938,2072,40-1760,"CURB CORES 5-10, 3.5""",,None,39,95,0,3705,,
69939,2072,40-1661,"3"" PVC SDR 35 SOLID",,620,120,2.1,0.1,252,,
69940,2072,40-1240,PVC 3 X 4 INCREASER PVC 35,,None,39,5,0,195,,
69941,2072,40-1410,NDS 420 POP-UP DRAIN EMITTER,,637.2,39,21,0.25,819,,
69942,2072,40-1020,"PVC SDR 35 4"" TEE",,None,39,8.5,0,331.5,,
69945,2073,3280-515,LIGUSTRUM TEXANUM 15G,,519,30,50,0.75,1500,,
69946,2073,95-1016,DELIVERY/ FREIGHT,,None,1,225,0,225,,
70189,2082,30-3126,ORANGE MESH FENCE (4 x 100'),,635,1,55,1,55,,
70190,2082,9302-282,"GALV FENCEPOST 1.5"" X 10.5' F (PTD) UPCHARGE",8' STEEL TEE FENCE POST,637,12,25,0.1,300,,
70211,2083,30-3126,ORANGE MESH FENCE (4 x 100'),,635,3,55,1,165,,
70212,2083,9302-282,"GALV FENCEPOST 1.5"" X 10.5' F (PTD) UPCHARGE",8' STEEL TEE FENCE POST,637,38,25,0.1,950,,
70376,2077,9311-310,POT #1,POTS SUPPLIED BY OWNER,999,1,0,0,0,,
70377,2077,1630-505,DIANELLA T. VARIEGATA 5G,,520.1,39,16,0.254,624,,
70378,2077,9309-210,POT PLACEMENT/IRRIG/DRAIN,,636,13,11.7,2,152.1,,
70379,2077,9500-113,"POTTING SOIL, 2 CF BAG",,642,39,10.53,0.17,410.67,,
70380,2077,95-1029,DELIVERY,,None,1,50,0,50,,
70381,2078,4055-505,PELARGONIUM GERANIUM HORT 5G,,520.1,66,25,0.254,1650,,
70382,2078,9311-310,POT #1,SUPPLIED BY OWNER,999,1,0,0,0,,
70383,2078,9309-210,POT PLACEMENT/IRRIG/DRAIN,,636,18,11.7,2,210.6,,
70384,2078,9500-113,"POTTING SOIL, 2 CF BAG",,642,60,10.53,0.17,631.8,,
70385,2078,95-1029,DELIVERY,,None,1,100,0,100,,
70413,2025,3599-501,MUHLENBERGIA RIGENS 1G,,522,-4,4,0.11,-16,,
70414,2025,0441-501,BACCHARIS P PIGEON POINT 1G,,522,-1,4,0.11,-4,,
70415,2025,33-3016,GORILLA HAIR CY,"980 SF @ 3""",534.1,10,70,0.5,700,,
70416,2025,33-1104,"BAJA CRESTA RUBBLE 6""-12""","<980> SF @ 6""",640,-25,225,1,-5625,,
70417,2025,33-1302,"GRAVEL 3/4""",,635.2,-250,50,0.5,-12500,,
70418,2025,33-1304,FILTER FABRIC 4oz (Mirafi 140n),,641,-1000,0.2,0.003,-200,,
70445,2084,2700-136,"JACARANDA ACUTIFOLIA 36"" STD",,505,2,490,4.5,980,,
70446,2084,2320-505,HEMEROCALLIS ORANGE 5G,,520,20,12.5,0.27,250,,
70447,2084,1640-505,DIETES BICOLOR 5G,,520,30,12,0.27,360,,
70448,2084,2101-1000,GENERIC MULCH,,534.1,18,28,0.5,504,,
70449,2084,4300-124,PLATANUS ACERIFOLIA 24'' MLT,,507,1,190,2.8,190,,
70450,2084,4487-615,PRUNUS 'BRIGHT N TIGHT' 15G CLMN,,510.3,3,62,1.01,186,,
70451,2084,1027-505,CARISSA GREEN CARPET 5G,,520,7,12,0.27,84,,
70452,2084,1630-001,DIANELLA LITTLE REV 1G,,522,25,6.5,0.11,162.5,,
70453,2084,9302-615,15G ESPALLIER,,528,3,135,1.25,405,,
70454,2084,9302-200,5G ESP,,529,19,50,0.7,950,,
70455,2084,41-1340,SOD DWARF FESCUE (1-7999),,532,1500,0.75,0.005,1125,,
70456,2084,2101-1000,GENERIC MULCH,,534.1,15,28,0.5,420,,
70457,2084,9306-211,LANDSCAPE MISC #2,labor,999,1,0,54,0,,
70458,2084,95-1016,DELIVERY/ FREIGHT,,None,1,700,0,700,,
70479,2088,10-5418,RB XCZ-PRBR-100-COM,,380.7,1,265,1,265,,
70480,2088,10-5315,RB 150 PES-B,,380,1,165,1.25,165,,
70481,2088,13420-125,"RB 1/2"" DRIP TUBING (XT700-100)",,636.4,300,0.5,0.01,150,,
70482,2088,13420-120,RB RBT-160-V DISTRIBUTION TUBING,,None,300,0.15,0,45,,
70483,2088,13420-118,RB XB 10PC EMITTER (BARBED) BLACK,,639,300,0.55,0.01,165,,
70484,2088,13420-141,"RB TS-025WCAP .25"" TUB. STK W/CAP",,639.3,300,0.5,0.025,150,,
70485,2088,10-8001,RB 1806-SAM PRS (USE PL. NOZ),,210,50,22,0.12,1100,,
70486,2088,12-2200,"LAT 1"" SCH 40  PVC",,120,200,1.1,0.0438,220,,
70487,2088,12-2180,"LAT 3/4"" SCH 40  PVC",,110,300,0.45,0.0428,135,,
70488,2088,9305-216,IRRIGATION MISC #3,LABOR,999,1,300,37,300,,
70489,1881,4630-124,"QUERCUS VIRGINIANA 24"" STD",,507,2,175,2.8,350,,
70490,1881,1052-205,WESTRINGIA MUNDI 5G,,520,175,11.2,0.27,1960,,
70491,1881,0928-105,CALLISTEMON V. LITTLE JOHN 5G,,520,149,11,0.27,1639,,
70492,1881,2101-1000,GENERIC MULCH,"4930 SF @ 3""",534.1,46,25,0.5,1150,,
70493,1881,9302-225,FINE RAKE,,536,4930,0,0.002,0,,
70494,1881,9302-210,SOIL PREP,,533,4930,0,0.0035,0,,
70495,1881,9302-220,WEED CONTROL (GRO-N-KILL),,535,493,0,0.0005,0,,
70496,1881,95-1029,DELIVERY,,None,1,239,0,239,,
70497,1905,0928-105,CALLISTEMON V. LITTLE JOHN 5G,,520,35,11,0.27,385,,
70498,1905,1052-205,WESTRINGIA MUNDI 5G,,520,36,13.5,0.27,486,,
70499,1905,9301-1219,"CHAMOIS BEIGE 3/8"" GRAVEL","870 SF @ 3""",635,12,55,1,660,,
70500,1905,95-1029,DELIVERY,,None,1,215,0,215,,
70501,1905,33-1304,FILTER FABRIC 4oz (Mirafi 140n),,641,1000,0.2,0.003,200,,
70502,1905,95-0410,MISC BLS EQUIPMENT PER HR,,635,2,100,1,200,,
70503,1905,9302-225,FINE RAKE,,536,870,0,0.002,0,,
70504,1905,9302-210,SOIL PREP,,533,870,0,0.0035,0,,
70505,1905,9302-220,WEED CONTROL (GRO-N-KILL),,535,100,0,0.0005,0,,
70506,1905,95-1029,DELIVERY,,None,1,60,0,60,,
70507,1906,4630-124,"QUERCUS VIRGINIANA 24"" STD",,507,1,190,2.8,190,,
70508,1906,0928-105,CALLISTEMON V. LITTLE JOHN 5G,,520,32,11,0.27,352,,
70509,1906,1052-205,WESTRINGIA MUNDI 5G,,520,48,13.5,0.27,648,,
70510,1906,9301-1219,"CHAMOIS BEIGE 3/8"" GRAVEL","1220 SF @ 3""",635,17,55,1,935,,
70511,1906,95-1029,DELIVERY,,None,1,300,0,300,,
70512,1906,33-1304,FILTER FABRIC 4oz (Mirafi 140n),,641,1300,0.2,0.003,260,,
70513,1906,95-0410,MISC BLS EQUIPMENT PER HR,,635,3,100,1,300,,
70514,1906,9302-225,FINE RAKE,,536,1220,0,0.002,0,,
70515,1906,9302-210,SOIL PREP,,533,1220,0,0.0035,0,,
70516,1906,9302-220,WEED CONTROL (GRO-N-KILL),,535,120,0,0.0005,0,,
70517,1906,95-1029,DELIVERY,,None,1,145,0,145,,
70532,1903,4630-124,"QUERCUS VIRGINIANA 24"" STD",,507,1,190,2.8,190,,
70533,1903,1052-205,WESTRINGIA MUNDI 5G,,520,77,13.5,0.27,1039.5,,
70534,1903,0928-105,CALLISTEMON V. LITTLE JOHN 5G,,520,31,11,0.27,341,,
70535,1903,201-101,ACACIA R. LOWBOY 1G,"950 SF @72""",522,28,3.8,0.11,106.4,,
70536,1903,9301-1219,"CHAMOIS BEIGE 3/8"" GRAVEL","1622 SF @ 3""",635,23,55,1,1265,,
70537,1903,95-1029,DELIVERY,,None,1,450,0,450,,
70538,1903,33-1304,FILTER FABRIC 4oz (Mirafi 140n),,641,1800,0.2,0.003,360,,
70539,1903,95-0410,MISC BLS EQUIPMENT PER HR,,635,5,100,1,500,,
70540,1903,2101-1000,GENERIC MULCH,"950 SF @ 3""",534.1,8,25,0.5,200,,
70541,1903,9302-225,FINE RAKE,,536,2570,0,0.002,0,,
70542,1903,9302-210,SOIL PREP,,533,1620,0,0.0035,0,,
70543,1903,9302-220,WEED CONTROL (GRO-N-KILL),,535,1000,0,0.0005,0,,
70544,1903,95-1029,DELIVERY,,None,1,110,0,110,,
70545,1903,9303-001,JUTE NETTING (900 SF ROLL),,905,1,165,2.5,165,,
70567,2091,9301-235,POC HOMEOWNER W/O PRV,,449,1,15,1,15,,
70568,2091,10-5020,RB 100 PEB,,380,1,70.26,1.25,70.26,,
70569,2091,13-1040,#14 UF WHITE WIRE,,430,40,0.14,0.003,5.6,,
70570,2091,13-1020,#14 UF RED WIRE,,430,40,0.13,0.003,5.2,,
70571,2091,12-3012,"CONDUIT 3/4"" ELECTRICAL (SCH 40)",,125,20,1,0.033,20,,
70572,2091,25-1433,"KBI EBV-1250 -T  BV 1.25""",,402,1,8,1,8,,
70573,2091,13-1621,"WILKINS 600-XL  1""",,381,1,334,1,334,,
70574,2091,13-2100,"ML 1.25"" SCH 40 PVC",,132,120,1.45,0.04,174,,
70575,2091,10-5325,"RB ASVF 3/4"" ANTI SIPHON",,390,3,23,0.62,69,,
70576,2091,20-3005,"UNION 3/4"" TT SCH 80 PVC",,None,3,6,0,18,,
70577,2091,10-5429,RB XACZ-100-PRF ASVF,,395,1,64,0.62,64,,
70578,2091,24-1022,HUNTER AVB-100 AVB (USE AQUALINE),,395,2,28,0.62,56,,
70579,2091,20-3004,"UNION 1"" TT SCH 80 PVC",,None,3,8,0,24,,
70580,2091,25-1490,HUNTER P2C400 outdoor,,471,1,170,2,170,,
70581,2091,22-1318,HUNTER WSS (SYNC & RCVR) use WR-CLIK,,638.1,1,190,0.5,190,,
70582,2091,13-1172,18-7 WIRE FOR 6 STATION CONTROLLERS,,430,60,0.63,0.003,37.8,,
70583,2091,22-1534,"HUNTER PROS-06-PRS30-CV 6""",,213,2,19,0.12,38,,
70584,2091,22-1122,HUNTER MSBN-50H BUBBLER NOZ.,,999,2,2.5,0,5,,
70585,2091,22-1087,HUNTER PROSPRAY NOZZLE,,None,-2,1.2,0,-2.4,,
70586,2091,12-2180,"LAT 3/4"" SCH 40  PVC",,110,80,0.25,0.0428,20,,
70587,2091,13420-122,SALCO PCC-1 EMITTER,,639,216,2.35,0.01,507.6,,
70588,2091,13240-215,SALCO PVC 050 IH 18   MA/NIP.,,639.3,216,4,0.025,864,,
70589,2091,32-2000,"ALLSPEC EPOXY CTD J-HK, 18""",,999,216,2.45,0,529.2,,
70590,2091,402-101BL,3/4 X 3/4 X 1/2 TEE SST (UVR),,None,216,1.75,0,378,,
70591,2091,12-2180,"LAT 3/4"" SCH 40  PVC",,110,500,0.25,0.0428,125,,
70592,2091,12-1560,"1/2"" UVR PIPE",,200,400,0.65,0.013,260,,
70593,2091,25-1583,"SPEARS 8722-005 1/2"" BV FLUSH VALVE",,402.5,10,10,0.3,100,,
70594,2091,12-2180,"LAT 3/4"" SCH 40  PVC",,110,40,0.25,0.0428,10,,
70595,2091,22-1522,"HUNTER PROS-12-PRS40-CV 12""",,213,10,24,0.12,240,,
70596,2091,22-1087,HUNTER PROSPRAY NOZZLE,,None,-10,1.2,0,-12,,
70597,2091,32-1196,HUNTER MP2000 ROTATOR NOZZLE,,None,10,7,0,70,,
70598,2091,12-2180,"LAT 3/4"" SCH 40  PVC",,110,320,0.24,0.0428,76.8,,
70599,2091,13-2680,"SLV 1.5"" SCH 40 PVC",,144,80,1.7,0.03,136,,
70600,2091,33-1304,FILTER FABRIC 4oz (Mirafi 140n),,641,20,0.2,0.003,4,,
70601,2091,33-2020,PENTITES,,None,-12,1.26,0,-15.12,,
70602,2091,33-5070,3M SCOTCHLOK DBR-Y6 CONN.,,None,12,1.61,0,19.32,,
70617,2093,9301-235,POC HOMEOWNER W/O PRV,,449,1,15,1,15,,
70618,2093,10-5020,RB 100 PEB,,380,1,70.26,1.25,70.26,,
70619,2093,13-1040,#14 UF WHITE WIRE,,430,40,0.14,0.003,5.6,,
70620,2093,13-1020,#14 UF RED WIRE,,430,40,0.13,0.003,5.2,,
70621,2093,12-3012,"CONDUIT 3/4"" ELECTRICAL (SCH 40)",,125,20,1,0.033,20,,
70622,2093,25-1433,"KBI EBV-1250 -T  BV 1.25""",,402,1,8,1,8,,
70623,2093,13-1621,"WILKINS 600-XL  1""",,381,1,334,1,334,,
70624,2093,13-2100,"ML 1.25"" SCH 40 PVC",,132,80,0.49,0.04,39.2,,
70625,2093,10-4373,"RB VBSTDH Rect Box, Grn lock lid",,999,1,32,0,32,,
70626,2093,20-3004,"UNION 1"" TT SCH 80 PVC",,None,1,8,0,8,,
70627,2093,25-1490,HUNTER P2C400 outdoor,,471,1,170,2,170,,
70628,2093,22-1318,HUNTER WSS (SYNC & RCVR) use WR-CLIK,,638.1,1,190,0.5,190,,
70629,2093,13-1172,18-7 WIRE FOR 6 STATION CONTROLLERS,,430,60,0.63,0.003,37.8,,
70630,2093,13420-122,SALCO PCC-1 EMITTER,,639,142,2.35,0.01,333.7,,
70631,2093,13240-215,SALCO PVC 050 IH 18   MA/NIP.,,639.3,142,4,0.025,568,,
70632,2093,32-2000,"ALLSPEC EPOXY CTD J-HK, 18""",,999,142,2.45,0,347.9,,
70633,2093,402-101BL,3/4 X 3/4 X 1/2 TEE SST (UVR),,None,142,1.75,0,248.5,,
70634,2093,12-1580,"3/4"" UVR PIPE",,201,300,0.85,0.015,255,,
70635,2093,12-1560,"1/2"" UVR PIPE",,200,100,0.65,0.013,65,,
70636,2093,25-1583,"SPEARS 8722-005 1/2"" BV FLUSH VALVE",,402.5,7,10,0.3,70,,
70637,2093,12-2180,"LAT 3/4"" SCH 40  PVC",,110,80,0.24,0.0428,19.2,,
70638,2093,13-2660,"SLV 2.5"" SCH 40 PVC",,164,20,3.75,0.03,75,,
70639,2093,13-2680,"SLV 1.5"" SCH 40 PVC",,144,20,1.7,0.03,34,,
70640,2093,33-1304,FILTER FABRIC 4oz (Mirafi 140n),,641,20,0.2,0.003,4,,
70641,2093,33-2020,PENTITES,,None,-4,1.26,0,-5.04,,
70642,2093,33-5070,3M SCOTCHLOK DBR-Y6 CONN.,,None,4,1.61,0,6.44,,
70643,2094,9301-235,POC HOMEOWNER W/O PRV,,449,1,15,1,15,,
70644,2094,10-5020,RB 100 PEB,,380,1,70.26,1.25,70.26,,
70645,2094,13-1040,#14 UF WHITE WIRE,,430,40,0.14,0.003,5.6,,
70646,2094,13-1020,#14 UF RED WIRE,,430,40,0.13,0.003,5.2,,
70647,2094,12-3012,"CONDUIT 3/4"" ELECTRICAL (SCH 40)",,125,20,1,0.033,20,,
70648,2094,25-1433,"KBI EBV-1250 -T  BV 1.25""",,402,1,8,1,8,,
70649,2094,13-1621,"WILKINS 600-XL  1""",,381,1,334,1,334,,
70650,2094,13-2100,"ML 1.25"" SCH 40 PVC",,132,100,0.49,0.04,49,,
70651,2094,10-5325,"RB ASVF 3/4"" ANTI SIPHON",,390,1,23,0.62,23,,
70652,2094,20-3005,"UNION 3/4"" TT SCH 80 PVC",,None,1,6,0,6,,
70653,2094,10-5429,RB XACZ-100-PRF ASVF,,395,1,64,0.62,64,,
70654,2094,20-3004,"UNION 1"" TT SCH 80 PVC",,None,1,8,0,8,,
70655,2094,25-1490,HUNTER P2C400 outdoor,,471,1,170,2,170,,
70656,2094,22-1318,HUNTER WSS (SYNC & RCVR) use WR-CLIK,,638.1,1,190,0.5,190,,
70657,2094,13-1172,18-7 WIRE FOR 6 STATION CONTROLLERS,,430,60,0.63,0.003,37.8,,
70658,2094,22-1534,"HUNTER PROS-06-PRS30-CV 6""",,213,2,19,0.12,38,,
70659,2094,22-1087,HUNTER PROSPRAY NOZZLE,,None,-2,1.2,0,-2.4,,
70660,2094,10-1185,HUNTER MSBN-25 Q BUBBLER NOZ.,,999,2,2,0,4,,
70661,2094,12-2180,"LAT 3/4"" SCH 40  PVC",,110,100,0.24,0.0428,24,,
70662,2094,13420-122,SALCO PCC-1 EMITTER,,None,160,2.35,0,376,,
70663,2094,13240-215,SALCO PVC 050 IH 18   MA/NIP.,,639.3,160,4,0.025,640,,
70664,2094,32-2000,"ALLSPEC EPOXY CTD J-HK, 18""",,999,160,2.45,0,392,,
70665,2094,402-101BL,3/4 X 3/4 X 1/2 TEE SST (UVR),,None,160,1.75,0,280,,
70666,2094,12-1580,"3/4"" UVR PIPE",,201,300,0.85,0.015,255,,
70667,2094,12-1560,"1/2"" UVR PIPE",,200,100,0.65,0.013,65,,
70668,2094,25-1583,"SPEARS 8722-005 1/2"" BV FLUSH VALVE",,402.5,10,10,0.3,100,,
70669,2094,12-2180,"LAT 3/4"" SCH 40  PVC",,110,40,0.24,0.0428,9.6,,
70670,2094,13-2660,"SLV 2.5"" SCH 40 PVC",,164,40,3.75,0.03,150,,
70671,2094,13-2680,"SLV 1.5"" SCH 40 PVC",,144,60,1.7,0.03,102,,
70672,2094,33-1304,FILTER FABRIC 4oz (Mirafi 140n),,641,20,0.2,0.003,4,,
70673,2094,33-2020,PENTITES,,None,-6,1.26,0,-7.56,,
70674,2094,33-5070,3M SCOTCHLOK DBR-Y6 CONN.,,None,6,1.61,0,9.66,,
70675,2089,0928-105,CALLISTEMON V. LITTLE JOHN 5G,,520,35,11,0.27,385,,
70676,2089,1052-205,WESTRINGIA MUNDI 5G,,520,36,13.5,0.27,486,,
70677,2089,9301-1219,"CHAMOIS BEIGE 3/8"" GRAVEL",,635,12,55,1,660,,
70678,2089,95-1029,DELIVERY,,None,1,215,0,215,,
70679,2089,33-1304,FILTER FABRIC 4oz (Mirafi 140n),,641,1000,0.2,0.003,200,,
70680,2089,95-0410,MISC BLS EQUIPMENT PER HR,,635,2,100,1,200,,
70681,2089,9302-225,FINE RAKE,,536,870,0,0.002,0,,
70682,2089,9302-210,SOIL PREP,,533,870,0,0.0035,0,,
70683,2089,9302-220,WEED CONTROL (GRO-N-KILL),,535,100,0,0.0005,0,,
70684,2089,95-1029,DELIVERY,,None,1,60,0,60,,
70685,2090,4630-124,"QUERCUS VIRGINIANA 24"" STD",,507,1,190,2.8,190,,
70686,2090,0928-105,CALLISTEMON V. LITTLE JOHN 5G,,520,32,11,0.27,352,,
70687,2090,1052-205,WESTRINGIA MUNDI 5G,,520,72,13.5,0.27,972,,
70688,2090,9301-1219,"CHAMOIS BEIGE 3/8"" GRAVEL",,635,20,55,1,1100,,
70689,2090,95-1029,DELIVERY,,None,1,330,0,330,,
70690,2090,33-1304,FILTER FABRIC 4oz (Mirafi 140n),,641,1500,0.2,0.003,300,,
70691,2090,95-0410,MISC BLS EQUIPMENT PER HR,,635,4,100,1,400,,
70692,2090,9302-225,FINE RAKE,,536,1220,0,0.002,0,,
70693,2090,9302-210,SOIL PREP,,533,1220,0,0.0035,0,,
70694,2090,9302-220,WEED CONTROL (GRO-N-KILL),,535,120,0,0.0005,0,,
70695,2090,95-1029,DELIVERY,,None,1,200,0,200,,
70696,2092,4630-124,"QUERCUS VIRGINIANA 24"" STD",,507,1,190,2.8,190,,
70697,2092,1052-205,WESTRINGIA MUNDI 5G,,520,77,13.5,0.27,1039.5,,
70698,2092,0928-105,CALLISTEMON V. LITTLE JOHN 5G,,520,39,11,0.27,429,,
70699,2092,201-101,ACACIA R. LOWBOY 1G,,522,0,3.8,0.11,0,,
70700,2092,9301-1219,"CHAMOIS BEIGE 3/8"" GRAVEL",,635,23,55,1,1265,,
70701,2092,95-1029,DELIVERY,,None,1,450,0,450,,
70702,2092,33-1304,FILTER FABRIC 4oz (Mirafi 140n),,641,1800,0.2,0.003,360,,
70703,2092,95-0410,MISC BLS EQUIPMENT PER HR,,635,5,100,1,500,,
70704,2092,2101-1000,GENERIC MULCH,,534.1,8,25,0.5,200,,
70705,2092,9302-225,FINE RAKE,,536,2570,0,0.002,0,,
70706,2092,9302-210,SOIL PREP,,533,1620,0,0.0035,0,,
70707,2092,9302-220,WEED CONTROL (GRO-N-KILL),,535,1000,0,0.0005,0,,
70708,2092,95-1029,DELIVERY,,None,1,110,0,110,,
70709,2092,9303-001,JUTE NETTING (900 SF ROLL),,905,1,165,2.5,165,,
70911,1941,9301-230,AS-BUILTS AND REPRO CHARGES,,999,1,300,0,300,,
70912,1941,32-1009,TIE INTO EXISTING MAINLINE,,635.3,2,100,3,200,,
70913,1941,13-2200,"ML 2.5"" CLASS 315 ALERTLINE",,162,480,2.9,0.038,1392,,
70914,1941,13-2270,"ML 1.5"" SCH 40 ALERTLINE",,142,80,1.05,0.045,84,,
70915,1941,10-2262,UP-CHARGE FOR SCH 80 FITTING (ML),,None,1,2500,0,2500,,
70916,1941,9301-255,STUB OUT FOR FUTURE USE,ML STUB OUT,461,1,25,0.5,25,,
70917,1941,9301-255,STUB OUT FOR FUTURE USE,LAT STUB OUT,461,7,5,0.5,35,,
70918,1941,28-1118,"NIBCO T-113-K-2.5""",,402.1,4,900,1,3600,,
70919,1941,23-1060,SIGNATURE 7645 PURPLE TOP LOCKING,,420.2,7,75,1.13,525,,
70920,1941,10-5220,RB 150 EFB CP-R,,380.2,1,275,1.25,275,,
70921,1941,10-5180,RB 100 EFB CP-R,,380.2,6,180,1.25,1080,,
70922,1941,10-5260,RB PRS-D,,639.3,7,80,0.025,560,,
70923,1941,10-5180,RB 100 EFB CP-R,,382.2,6,180,1.5,1080,,
70924,1941,13420-190,RB PRB-QK CHK 100 INLINE BSKT FLTER,,637.1,6,125,0.125,750,,
70925,1941,22-1203,"LASCO V17691N 491 SERIES 1.5"" BV",,999,1,17,0,17,,
70926,1941,32-1213,"LASCO V10691N 491 SERIES 1"" SCH 80 BV",,999,12,6,0,72,,
70927,1941,32-5077,GREENTECH WTD-H1 DECODER,,637.2,13,190,0.25,2470,,
70928,1941,33-5070,3M SCOTCHLOK DBR-Y6 CONN.,,None,26,4,0,104,,
70929,1941,33-2606,"ELECTRICAL SWEEP 2"" (SCH 40)",,None,26,20,0,520,,
70930,1941,10-7002,MAXI 14gg 2-WIRE CABLE (RED),,430,700,1,0.003,700,,
70931,1941,32-5046,GREENTECH WT-HAS-H2O L.A.,,380.5,3,165,1.25,495,,
70932,1941,32-0053,RB GR-K GROUND ROD KIT,,635.2,3,125,0.5,375,,
70933,1941,12-3010,"CONDUIT 1.25""  ELECTRICAL (SCH 40)",,127,620,1.6,0.036,992,,
70934,1941,10-8015,RB RD-06-S-P30-F-N,,210,26,24,0.12,624,,
70935,1941,10-2620,RB 5H,,None,26,1.2,0,31.2,,
70936,1941,10-5440,RB PLASTIC NOZZLE,,None,-26,1.1,0,-28.6,,
70937,1941,13-2410,"LAT 3/4"" SCH 40 ALERTLINE",,110,700,0.5,0.0428,350,,
70938,1941,10-8035,RB RD-06-S-P30-NP,,210,86,24,0.12,2064,,
70939,1941,10-5440,RB PLASTIC NOZZLE,,None,-86,1.2,0,-103.2,,
70940,1941,10-5441,RB HE-VAN NOZZLE,HE-VAN-15,None,9,1.35,0,12.15,,
70941,1941,10-5441,RB HE-VAN NOZZLE,HE-VAN-12,None,3,1.35,0,4.05,,
70942,1941,10-5441,RB HE-VAN NOZZLE,HE-VAN-10,None,9,1.35,0,12.15,,
70943,1941,10-5441,RB HE-VAN NOZZLE,HE-VAN-8,None,65,1.35,0,87.75,,
70944,1941,13-2440,"LAT 1.5"" SCH 40 ALERTLINE",,140,20,1.25,0.0468,25,,
70945,1941,13-2430,"LAT 1.25"" SCH 40 ALERTLINE",,130,20,1.1,0.0458,22,,
70946,1941,13-2420,"LAT 1"" SCH 40 ALERTLINE",,120,180,0.8,0.0438,144,,
70947,1941,13-2410,"LAT 3/4"" SCH 40 ALERTLINE",,110,440,0.5,0.0428,220,,
70948,1941,30-2829,NETAFIM TLCVRW-06-12 (500'),"2,905 SF @ 18"" O.C ",638.5,5,300,7,1500,,
70949,1941,13-2410,"LAT 3/4"" SCH 40 ALERTLINE",,110,200,0.5,0.0428,100,,
70950,1941,20-2260,3/4 x 3/4 x 1/2 TEE SST PVC,,None,140,1.25,0,175,,
70951,1941,30-2707,NETAFIM TL TEE,,None,140,0.55,0,77,,
70952,1941,30-2715,NETAFIM TLSOV SHUT OFF VALVE,,402.3,11,5,0.75,55,,
70953,1941,10-8002,RB 1812-SAM-PRS (USE PL. NOZ),,210.1,11,25,0.12,275,,
70954,1941,10-5440,RB PLASTIC NOZZLE,,None,-11,1.2,0,-13.2,,
70955,1941,10-2595V,RB 4 VAN NOZZLE,,None,11,1.65,0,18.15,,
70956,1941,30-2833,"NETAFIM TLAVRV AIR-R Wtl050ftee 1/2""",,402.3,4,10,0.75,40,,
70957,1941,13-2420,"LAT 1"" SCH 40 ALERTLINE",,120,600,0.8,0.0438,480,,
70958,1941,13-2410,"LAT 3/4"" SCH 40 ALERTLINE",,110,80,0.5,0.0428,40,,
70959,1941,14-2620,"SLV 6"" SCH 40 ALERTLINE",ML,185,120,8.6,0.04,1032,,
70960,1941,14-2640,"SLV 3"" SCH 40 ALERTLINE",ML,172,40,3.5,0.04,140,,
70961,1941,14-2660,"SLV 2"" SCH 40 ALERTLINE",,154,120,1.6,0.04,192,,
70962,1941,13-2680,"SLV 1.5"" SCH 40 PVC",,144,120,1.25,0.03,150,,
70963,1941,9301-298,RECLAIMED WATER SIGN regular,,635.11,2,150,0.75,300,,
70964,1941,32-1011,BRICK PAVER,,639.1,8,1.4,0.005,11.2,,
70965,1941,33-2020,PENTITES,,None,-24,1.26,0,-30.24,,
70966,1941,33-5070,3M SCOTCHLOK DBR-Y6 CONN.,,None,24,3.5,0,84,,
70967,1941,40-5218,"NDS 312BCB 10"" ROUND (GRN/GRN)",,999,-8,33,0,-264,,
70968,1941,40-1737,CARSON 910-10-4BP VIOLET W/ SS BOLT,,999,8,70,0,560,,
70969,1941,40-2145,"NDS 111PBCR 10"" RD, PURPLE",,None,-11,24.18,0,-265.98,,
70970,1941,40-1737,CARSON 910-10-4BP VIOLET W/ SS BOLT,,999,11,70,0,770,,
70971,1941,40-2146,"NDS 314PBCR 14"" RECT, PURPLE",,None,-7,52,0,-364,,
70972,1941,40-1738,CARSON 1419-12-4BP VIOLET W/ SS BOLT,,999,7,100,0,700,,
70973,1941,9301-299,NDS #318 PBCBR JUMBO PURPLE,,None,-5,110,0,-550,,
70974,1941,40-1057,CARSON 1220-12-4BP-VIOLET w/BOLT (JUMBO),,None,5,200,0,1000,,
70975,1941,40-1421,NDS 107BC (DRIP BOX BLACK/GRN COVER),,None,-15,3.75,0,-56.25,,
70976,1941,40-1742,"CARSON 708-9-RP (7"" PURPLE)",,None,15,12,0,180,,
70977,1941,9310-213,TURNOVER ITEMS,,None,1,300,0,300,,
70978,2042,1520-148,"CUPANIA ANA. 48"" STD",,503.4,7,1150,6,8050,,
70979,2042,1750-136,"ERIOBOTRYA DEFLEXA 36"" STD",,505.3,2,500,4.5,1000,,
70980,2042,3420-536,"MAGNOLIA DD BLANCHARD 36"" L/B",,505.3,7,490,4.5,3430,,
70981,2042,4370-136,"PODOCARPUS GRACILIOR 36"" STD",,505.3,2,490,4.5,980,,
70982,2042,9302-950,CENTURY CP2424 (24 x 24 panel),,537,120,6.5,0.1,780,,
70983,2042,2329-015,HESPERALOE PARV. 15G,,519,19,50,0.75,950,,
70984,2042,3952-215,WESTRINGIA WYNNABIE GEM 15G,,519,17,52,0.75,884,,
70985,2042,1630-405,DIANELLA LITTLE REV 5G,,520,83,16.5,0.27,1369.5,,
70986,2042,1640-705,DIETES LEMON DROP 5G,,520,97,17,0.27,1649,,
70987,2042,5305-505,TRACHELOSPERMUM ASIATICUM 5G,,520,140,9.5,0.27,1330,,
70988,2042,8555-505,WESTRINGIA WYNNABIE GEM 5G,,520,45,13.5,0.27,607.5,,
70989,2042,33-022,TVI SENDERO MULCH,"4040 SF @ 3""",534.1,35,45,0.5,1575,,
70990,2042,9302-225,FINE RAKE,,536,4100,0,0.002,0,,
70991,2042,9302-210,SOIL PREP,,533,4100,0,0.0035,0,,
70992,2042,9302-220,WEED CONTROL (GRO-N-KILL),,535,1000,0,0.0005,0,,
70993,2042,95-1029,DELIVERY,,None,1,1600,0,1600,,
70994,2041,5425-148,"ULMUS P DRAKE 48"" STD",,503.4,2,1150,6,2300,,
70995,2041,0370-336,"ARBUTUS MARINA 36"" STD",,505.3,4,500,4.5,2000,,
70996,2041,9302-949,"CENTURY 24"" X 18""  PANEL",,537,32,5.5,0.1,176,,
70997,2041,3952-215,WESTRINGIA WYNNABIE GEM 15G,,519,24,52,0.75,1248,,
70998,2041,1640-705,DIETES LEMON DROP 5G,,520,13,14,0.27,182,,
70999,2041,4370-005,RAPHIOLEPIS UMB. MINOR 5G,,520,8,12,0.27,96,,
71000,2041,7000-007,TEUCRIUM CHAEMADRIS 1G,,522,16,4.6,0.11,73.6,,
71001,2041,1630-001,DIANELLA LITTLE REV 1G,,522,38,6.5,0.11,247,,
71002,2041,33-021,"TIERRA VERDE FOREST MULCH 1""-3""","1285 SF @ 3""",534.1,12,45,0.5,540,,
71003,2041,41-1390,PASPALUM SOD,,532,1800,1,0.005,1800,,
71004,2041,9302-225,FINE RAKE,,536,3100,0,0.002,0,,
71005,2041,9302-210,SOIL PREP,,533,3100,0,0.0035,0,,
71006,2041,9300-100,NITRO FIR,,534,3,29,0.15,87,,
71007,2041,33-3018,POTASSIUM SULFATE 0-0-50 50#,,570,0.5,64,0.18,32,,
71008,2041,33-3027,AMMON. SULFATE 21-0-0,,570,0.5,34,0.18,17,,
71009,2041,33-1004,0-45-0 50# BAG,,570,0.5,34,0.18,17,,
71010,2041,9302-220,WEED CONTROL (GRO-N-KILL),,535,400,0,0.0005,0,,
71011,2041,95-1029,DELIVERY,,None,1,600,0,600,,
71012,1996,>>>,"ITEM # 1.5 ,1.9, 1.11, 1.15 GRAVEL",,,1,0,0,0,,
71013,1996,9301-1125,"CORAL SEA GRAVEL 3/8""-1/2""","#1.5 & #1.15 (3/4"" CORAL SEA) 1243 SF @ 3""",635,18,475,1,8550,,
71014,1996,9301-1232,"CARROLL CYN 3/4"" GRAVEL","#1.9 SANTA FE PEA GRAVEL 3/4"" MINUS, 1047 SF @ 3""",635,15,245,1,3675,,
71015,1996,9301-1115,"MEXICAN BEACH PEBBLE BUFF 2""-3""","#1.11 MEXICAN BEACH PEBBLES MIX, 162 SF @ 3""",635,3,370,1,1110,,
71016,1996,33-1304,FILTER FABRIC 4oz (Mirafi 140n),,641,2500,0.2,0.003,500,,
71017,1996,95-0410,MISC BLS EQUIPMENT PER HR,,635,16,100,1,1600,,
71018,1996,95-1029,DELIVERY,,None,2,475,0,950,,
71019,1996,33-1287,"PERMALOC ALUM HDR 1/8"" x 4"" W/STKS",,559,160,6,0.03,960,,
71020,1994,9302-266,DG  BRIMSTONE W/ SOIL SECURE (SWB),"370 SF @ 3""",547,6,110,0.5,660,,
71021,1994,33-1304,FILTER FABRIC 4oz (Mirafi 140n),,641,400,0.2,0.003,80,,
71022,1994,95-0410,MISC BLS EQUIPMENT PER HR,,635,2,100,1,200,,
71023,1994,95-1029,DELIVERY,,None,1,475,0,475,,
71024,2004,4907-501,ROSMARINUS  OFF. 'PROSTRATUS' 1G,,522.1,12,4.5,0.11,54,,
71025,2004,0106-501,TULBAGHIA VIOLACEA 1G,,522.1,12,4.8,0.11,57.6,,
71026,2004,2326-001,ECHEVERIA S. HEN & CHICKS 1G,,522.1,12,7,0.11,84,,
71027,2004,9500-113,"POTTING SOIL, 2 CF BAG",,642,12,13.5,0.17,162,,
71028,2004,9309-210,POT PLACEMENT/IRRIG/DRAIN,,636,3,15,2,45,,
71029,2004,95-1029,DELIVERY,,None,1,100,0,100,,
71030,2004,9311-310,POT #1,SEE QUOTE FOR VEVOR RAISED PLANTER BOX,999,1,0,0,0,,
71031,1992,0392-015,AGAVE DESM. VARIEGATA 15G,,519.1,2,70,0.73,140,,
71032,1992,9311-310,POT #1,,999,1,0,0,0,,
71033,1992,9309-210,POT PLACEMENT/IRRIG/DRAIN,,636,2,15,2,30,,
71034,1992,9500-113,"POTTING SOIL, 2 CF BAG",,642,6,15,0.17,90,,
71035,1992,95-1029,DELIVERY,,None,1,50,0,50,,
71036,1992,33-1014,MEXICAN BLACK PEBBLES / .5 CF BAG,,637.2,3,35,0.25,105,,
71037,1992,33-1302,"GRAVEL 3/4""",,635.2,1,50,0.5,50,,
71038,1992,33-1304,FILTER FABRIC 4oz (Mirafi 140n),,641,50,0.2,0.003,10,,
71097,2085,13-2220,"ML 2"" CLASS 315 ALERTLINE",,152,220,2.01,0.04,442.2,,
71098,2085,9301-160,"FILL SAND BACKFILL, IRR, DRAINS",,540,10,30,0.25,300,,
71099,2085,9301-250,THRUST BLOCKS,,460,10,20,0.5,200,,
71100,2085,10-5420,RB 44NP,,420,2,135,0.86,270,,
71101,2085,10-53161,"RB 100 PESB-R 1"" RW",,380.7,3,180,1,540,,
71102,2085,20-3062,"LASCO V10791N 1"" GRAY B.V. TxT",,999,3,6.5,0,19.5,,
71103,2085,20-3004,"UNION 1"" TT SCH 80 PVC",,None,3,8,0,24,,
71104,2085,10-5260,RB PRS-D,,999,3,80,0,240,,
71105,2085,10-5438,"RB XCZ-100-PRB-COM 1"" DRIP ASBLY",,380.7,1,230,1,230,,
71106,2085,1839-101,IMPERIAL CONTR. ASSEMBLY #1,EXIST.,490,0,7537.5,10,0,,
71107,2085,13-1160,#12 UF WHITE WIRE,,430,500,0.21,0.003,105,,
71108,2085,13-1020,#14 UF RED WIRE,,430,2500,0.2,0.003,500,,
71109,2085,13-1050,#14 UF ORANGE WIRE,,430,500,0.2,0.003,100,,
71110,2085,9301-346,PULL BOX - CARSON 1419-12/1419B,,652,1,75,0.36,75,,
71111,2085,10-1234,RB RWS-B-C-1400-4,,639.7,32,51,0.25,1632,,
71112,2085,10-1284,"RB RWS-GRATEP (4"" PURPLE GRATE)",,None,32,5.75,0,184,,
71113,2085,13-2420,"LAT 1"" SCH 40 ALERTLINE",,120,20,1.15,0.0438,23,,
71114,2085,13-2410,"LAT 3/4"" SCH 40 ALERTLINE",,110,440,0.8,0.0428,352,,
71115,2085,10-8002,RB 1812-SAM-PRS (USE PL. NOZ),,210.1,30,25,0.12,750,,
71116,2085,10-5440,RB PLASTIC NOZZLE,,None,-30,1.2,0,-36,,
71117,2085,10-8029,RB R-VAN14 ROTARY NOZZLE,,999,30,4.8,0,144,,
71118,2085,10-1135,RB 1800 NP COVER (PURPLE-RECLAIMED),,639,30,2.5,0.01,75,,
71119,2085,13-2440,"LAT 1.5"" SCH 40 ALERTLINE",,140,60,1.72,0.0468,103.2,,
71120,2085,13-2430,"LAT 1.25"" SCH 40 ALERTLINE",,130,120,1.48,0.0458,177.6,,
71121,2085,13-2420,"LAT 1"" SCH 40 ALERTLINE",,120,60,1.15,0.0438,69,,
71122,2085,13-2410,"LAT 3/4"" SCH 40 ALERTLINE",,110,360,0.8,0.0428,288,,
71123,2085,30-2744,"NETAFIM TLRWP6-1810 (PURPLE) 1,000'","2,190 SF @ 18"" O.C",638.6,2,415,10,830,,
71124,2085,13-2410,"LAT 3/4"" SCH 40 ALERTLINE",HEADER,110,100,0.8,0.0428,80,,
71125,2085,20-2260,3/4 x 3/4 x 1/2 TEE SST PVC,,None,80,1.25,0,100,,
71126,2085,30-2721,NETAFIM TL050-MA,,None,100,0.33,0,33,,
71127,2085,30-2715,NETAFIM TLSOV SHUT OFF VALVE,,402.3,2,5,0.75,10,,
71128,2085,10-8024,RB OPERIND,,210,1,12,0.12,12,,
71129,2085,13-2410,"LAT 3/4"" SCH 40 ALERTLINE",,110,140,0.8,0.0428,112,,
71130,2085,14-2660,"SLV 2"" SCH 40 ALERTLINE",,154,40,2.33,0.04,93.2,,
71131,2085,30-2026,"KBI KSC-1000 SLIP SWING CHECK 1""",,637,1,23,0.1,23,,
71132,2085,30-2025,"KBI KSC-0750  SLIP SWING CHECK 3/4""",,637,1,23,0.1,23,,
71133,2085,9301-298,RECLAIMED WATER SIGN regular,,635.11,1,120,0.75,120,,
71237,2096,9311-310,POT #1,,999,1,0,0,0,,
71238,2096,3921-115,OLEA 'MONTRA' (LITTLE OLLIE) 15G PATIO TREE,MAND. 'BLUE CHALK STICKS',510,3,70,1.01,210,,
71239,2096,4829-204,"SENECIO CYLINDRICUS 4"" POT",,524.1,48,2,0.04,96,,
71240,2096,9311-311,POT #2,,999,1,0,0,0,,
71241,2096,0391-005,AGAVE ATT. VARIEGATA 5G,"4"" NUSSBAUMERIANUM",520,2,25,0.27,50,,
71242,2096,4119-406,"SEDUM MORGANIANUM 6"" POT","4"" NUSSBAUMERIANUM",522,16,10,0.11,160,,
71243,2096,9311-312,POT #3,,999,1,0,0,0,,
71244,2096,0391-005,AGAVE ATT. VARIEGATA 5G,,520,2,25,0.27,50,,
71245,2096,4119-406,"SEDUM MORGANIANUM 6"" POT","4"" RUBROTINCTUM",522,16,10,0.11,160,,
71248,2097,40-1974,"4"" PVC SDR 35 SOLID",,625,400,2.4,0.1,960,,
71249,2097,40-1502,"NDS #90  6"" ATRIUM BLACK",,630.3,56,16.75,0.75,938,,
71254,2098,40-1974,"4"" PVC SDR 35 SOLID",,625,460,1.79,0.1,823.4,,
71255,2098,40-1502,"NDS #90  6"" ATRIUM BLACK",,630.3,61,12.48,0.75,761.28,,
71269,2099,40-1974,"4"" PVC SDR 35 SOLID",,625,60,2.4,0.1,144,,
71270,2099,40-1502,"NDS #90  6"" ATRIUM BLACK",,630.3,3,16.75,0.75,50.25,,
71333,2076,0391-805,AGAVE BLUE FLAME 5G,,520.1,21,25,0.254,525,,
71334,2076,2326-004,"ECHEVERIA ""AFTERGLOW"" 4"" POTS",ECHEVERA ELEGANS,524.1,63,4,0.04,252,,
71335,2076,9309-210,POT PLACEMENT/IRRIG/DRAIN,,636,7,11.7,2,81.9,,
71336,2076,9500-113,"POTTING SOIL, 2 CF BAG",,642,21,10.53,0.17,221.13,,
71337,2076,9311-310,POT #1,SEE QUICK CRETE QUOTE,999,1,13941,0,13941,,
71338,2076,33-1064,"CRIVA MIXED PEBBLE 1/4"" (SUPER SAX)","1/4"" DIA. BLACK CRIVA, 2"" LAYER TOP DRESS 63 SF ( 11 CU.FT.)",640,1,385,1,385,,
71339,2076,95-1029,DELIVERY,,None,1,60,0,60,,
71344,2101,95-0110,IMPERIAL PET PRIDE PRO,,800.1,520,4,0.06,2080,,
71345,2101,95-0110,IMPERIAL PET PRIDE PRO,BUY 600 SF,999,80,4,0,320,,
71346,2075,9302-271.1,DG STABILIZED (color T.B.D.),"HONEY QUARTSZ DG , 246 SF @ 3""",547,4,150,0.5,600,,
71347,2075,33-13035,RECYCLED CLASS 2 BASE,"246 SF @ 4""",635.2,5,17,0.5,85,,
71348,2075,33-1304,FILTER FABRIC 4oz (Mirafi 140n),,641,300,0.2,0.003,60,,
71349,2075,95-0411,ROLLER PER DAY,,635.8,1,350,8,350,,
71350,2075,95-0410,MISC BLS EQUIPMENT PER HR,,635,4,74.1,1,296.4,,
71351,2075,95-1029,DELIVERY,,None,1,344,0,344,,
71357,2074,9325-103,BOULDER 3',HONEY QUARTZ BOULDER,635,4,169,1,676,,
71358,2074,9325-102,BOULDER 2',"HONEY QUARTZ BOULDER 30""",635,4,69,1,276,,
71359,2074,9325-107,BOULDER 1.5',HONEY QUARTZ BOULDER,635,2,37,1,74,,
71360,2074,9325-1010,BOULDER 1',,635.2,4,37,0.5,148,,
71361,2074,95-1029,DELIVERY,,None,1,659,0,659,,
71362,2074,95-0410,MISC BLS EQUIPMENT PER HR,,635,4,100,1,400,,
71379,2021,40-5010,"6"" PVC SCH 40 DRAIN SOLID",,627.1,480,6.5,0.12,3120,,
71380,2021,40-4010,NDS 930 HUB ADAPTER,"#3 8"" ATRIUM GRATE",615,17,30,1,510,,
71381,2021,40-4020,"NDS 990 9"" GREEN GRT FLT",,None,-17,27,0,-459,,
71382,2021,40-4002,"NDS 981 9"" ATRIUM GRT GRN",,None,17,48,0,816,,
71383,2021,40-4010,NDS 930 HUB ADAPTER,"#10  8"" GRATE",615,3,30,1,90,,
71384,2021,40-4020,"NDS 990 9"" GREEN GRT FLT",,None,-3,27,0,-81,,
71385,2021,40-4020,"NDS 990 9"" GREEN GRT FLT",,None,3,27,0,81,,
71386,2021,33-1302,"GRAVEL 3/4""",,635.2,1,47,0.5,47,,
71387,2021,9303-100,"SPLASH BLOCKS CONCRETE 24""",,642,6,28,0.17,168,,
71388,2021,40-1020,"PVC SDR 35 4"" TEE",,None,-20,8.5,0,-170,,
71389,2021,401-060,"6"" TEE PVC SDR 35",,999,20,23.4,0,468,,
71390,2021,40-1974,"4"" PVC SDR 35 SOLID",,625,-40,2.3,0.1,-92,,
71391,2021,40-5010,"6"" PVC SCH 40 DRAIN SOLID",,999,40,6.5,0,260,,
71392,2095,>>>,SLOT DRAINS AT POOL DECK,INSTALL BY POOL DECK CONTRACTOR???,,0,0,0,0,,
71393,2095,40-1973,"6"" PVC SDR 35 SOLID",,627,280,5.5,0.12,1540,,
71394,2095,40-4090,"NDS #20 8"" ROUND GREEN",#5 SLOT DRAIN CLEAN OUT,630.3,6,11,0.75,66,,
71395,2095,40-1020,"PVC SDR 35 4"" TEE",,None,-6,8.5,0,-51,,
71396,2095,401-060,"6"" TEE PVC SDR 35",,999,6,23.4,0,140.4,,
71397,2095,29-0046,PVC SDR 35 6 x 4 REDUCER,,None,-6,23,0,-138,,
71398,2095,40-1974,"4"" PVC SDR 35 SOLID",,999,-12,2.3,0,-27.6,,
71506,2079,4792-005,RHAMNUS C. MOUND SAN BRUNO 5G,"1,590 SF @ 6' O.C",520,47,14.4,0.27,676.8,,
71507,2079,0441-501,BACCHARIS P PIGEON POINT 1G,"1,780 SF @ 7' O.C",522,39,4,0.11,156,,
71508,2079,1027-501,CARISSA GREEN CARPET 1G,"1,220 SF @ 6' O.C",522,36,4.3,0.11,154.8,,
71509,2079,1630-001,DIANELLA LITTLE REV 1G,820 SF @ 3' O.C,522,97,6.5,0.11,630.5,,
71510,2079,3599-501,MUHLENBERGIA RIGENS 1G,"2,2580 SF @ 5' O.C",522,110,4,0.11,440,,
71511,2079,4829-306,SENECIO SERPENS 1G,300 SF @ 3' O.C,522,36,4,0.11,144,,
71512,2079,2101-1000,GENERIC MULCH,"8,290 SF @ 3""",534.1,80,25,0.5,2000,,
71513,2079,9302-225,FINE RAKE,,536,8300,0,0.002,0,,
71514,2079,9302-210,SOIL PREP,,533,3900,0,0.0035,0,,
71515,2079,9302-220,WEED CONTROL (GRO-N-KILL),,535,4300,0,0.0005,0,,
71516,2079,95-1029,DELIVERY,,None,1,650,0,650,,
71601,2111,33-3038,ARTESIA PLAYGROUND CHIPS,"720 SF @ 14""",534.1,35,65,0.5,2275,,
71602,2111,33-1304,FILTER FABRIC 4oz (Mirafi 140n),,641,900,0.25,0.003,225,,
71603,2111,95-0410,MISC BLS EQUIPMENT PER HR,,635,6,100,1,600,,
71607,2112,13-1204,FEBCO 825 Y LF 1.5,,270,1,2500,7,2500,,
71608,2112,32-1083,STRONGBOX SBBC-45SS BF ENCL,,480,1,4000,4,4000,,
71609,2112,95-0006,"CONCRETE BASE (BF, PUMP, CONTROLLER)",,635.5,1,250,5,250,,
71675,2113,3110-215,LAURUS NOBILIS 15G CLMN,,519,-5,46.8,0.75,-234,,
71676,2113,4375-115,PODOCARPUS M. MAKI 15G CLMN,,519,-24,46.8,0.75,-1123.2,,
71677,2113,4482-315,PRUNUS C. COMPACTA 15G CLMN,,519,-11,46.8,0.75,-514.8,,
71678,2113,5795-515,XYLOSMA COMPACTA 15G,,519,-9,32.76,0.75,-294.84,,
71679,2113,1052-106,WESTRINGIA FRUIT. MRNG LIGHT 5G,,520,-4,10.53,0.27,-42.12,,
71680,2113,4256-505,PITT. CREME DE MINT 5G,,520,64,8.58,0.27,549.12,,
71681,2113,3671-705,NANDINA 'LEMON LIME' 5G,,520,27,9.36,0.27,252.72,,
71682,2113,2416-505,ILEX VOM. STOKES DWF. 5G,,520,-2,8.58,0.27,-17.16,,
71683,2113,1650-005,COLEONEMA PULCHRUM 5G,,520,3,8.58,0.27,25.74,,
71684,2113,1210-305,CHONDROPETALUM EL CAMPO 5G,,520,8,11.31,0.27,90.48,,
71685,2113,0896-105,BUXUS M.J.. 'GREEN VELVET' 5G,,520,16,8.58,0.27,137.28,,
71686,2113,0319-505,ALOE VERA 5G,,520,-2,10.92,0.27,-21.84,,
71687,2113,0112-705,ABELIA KALEIDOSCOPE 5G,,520,-1,11.7,0.27,-11.7,,
71688,2113,7000-0003,LONICERA JAPONICA 1G,,522,5,3.12,0.11,15.6,,
71689,2113,1696-801,LOMANDRA SEASCAPE 1G,,522,-5,4.68,0.11,-23.4,,
71690,2113,1640-901,DIETES GRANDIFLORA VARIEGATA,,522,2,4.68,0.11,9.36,,
71691,2113,1630-001,DIANELLA LITTLE REV 1G,,522,2,5.27,0.11,10.54,,
71692,2113,1631-001,DIANELLA C. LITTLE BECCA 1G,,522,-8,5.46,0.11,-43.68,,
71693,2113,0947-801,CAREX DIVULSA 1G,,522,1,3.28,0.11,3.28,,
71694,2113,1696-901,"LOMANDRA 'BREEZE', 'ARTIC FROST '1G",,522,2,4.68,0.11,9.36,,
71695,2113,2101-1000,GENERIC MULCH,,534.1,15,19.5,0.5,292.5,,
71696,2113,9302-225,FINE RAKE,,536,1600,0,0.002,0,,
71697,2113,9302-210,SOIL PREP,,533,1600,0,0.0035,0,,
71698,2105,9302-271,DG NON-STABILIZED (color T.B.D),"58,220 SF @ 2""",547,620,50,0.5,31000,,
71699,2105,33-1304,FILTER FABRIC 4oz (Mirafi 140n),,641,61000,0.2,0.003,12200,,
71700,2105,95-0410,MISC BLS EQUIPMENT PER HR,,635,72,100,1,7200,,
71701,2105,95-1029,DELIVERY,,None,1,210,0,210,,
71702,2106,33-1331,"SIERRA RIVER COBBLE 4"" to 8"" (SWB)","2,490 SF @ 6"" ",640,70,245,1,17150,,
71703,2106,33-1304,FILTER FABRIC 4oz (Mirafi 140n),,641,2600,0.2,0.003,520,,
71704,2106,95-0410,MISC BLS EQUIPMENT PER HR,,635,16,100,1,1600,,
71705,2106,95-1029,DELIVERY,,None,1,825,0,825,,
71706,2107,9325-101,BOULDERS PER TON (add labor),"94 @ 2', 116 @ 3', 59 @ 4', 36@ 5'",999,332,225,1,74700,,
71707,2107,95-0410,MISC BLS EQUIPMENT PER HR,,635,40,100,1,4000,,
71708,2107,95-1029,DELIVERY,,None,1,3510,0,3510,,
71712,2115,4065-445,"PENNISETUM ""FAIRY TALES"" 5G",,520,18,13,0.27,234,,
71713,2115,3950-101,WESTRINGEA NFL25 1G,35 SF @ 2' O.C,522,10,4.4,0.11,44,,
71714,2115,2101-1000,GENERIC MULCH,,534.1,2,25,0.5,50,,
71715,2115,9302-225,FINE RAKE,,536,200,0,0.002,0,,
71716,2115,9302-210,SOIL PREP,,533,200,0,0.0035,0,,
71717,2115,95-1029,DELIVERY,,None,1,50,0,50,,
71724,2114,13420-394,RB XFS-CV-06-18-500',,638.5,2,210,7,420,,
71725,2114,13423-144,RB XB-20-PC DRIP EMITTER RED,,639,27,0.5,0.01,13.5,,
71726,2114,13420-141,"RB TS-025WCAP .25"" TUB. STK W/CAP",,639.3,27,0.5,0.025,13.5,,
71727,2114,13420-185,"RB XQ 1/4"" TUBING",,639,200,0.1,0.01,20,,
71728,2114,12-2180,"LAT 3/4"" SCH 40  PVC",,110,300,0.4,0.0428,120,,
71729,2114,13-2670,"SLV 2"" SCH 40 PVC",,154,240,1.2,0.04,288,,
71783,2117,3950-715,WESTRINGIA BLUE GEM 15G,,519,8,52,0.75,416,,
71784,2117,95-1029,DELIVERY,,None,1,65,0,65,,
71789,2118,9302-271,DG NON-STABILIZED (color T.B.D),,547,1,50,0.5,50,,
71790,2118,33-13035,RECYCLED CLASS 2 BASE,,635.2,1,30,0.5,30,,
71815,1688,9301-230,AS-BUILTS AND REPRO CHARGES,,451,1,200,3.75,200,,
71816,1688,13-1202,FEBCO 825 Y LF 1,,291,1,1200,6,1200,,
71817,1688,32-1064,STRONGBOX SBBC-22SS BF ENCL,MODEL NOT SHOWN ON PLAN ,480,1,2200,4,2200,,
71818,1688,95-0006,"CONCRETE BASE (BF, PUMP, CONTROLLER)",,635.5,1,250,5,250,,
71819,1688,13-1729,"WILKINS 500 HLR 1""",,381,1,550,1,550,,
71820,1688,10-5180,RB 100 EFB CP-R,,380.2,1,160,1.25,160,,
71821,1688,12-3010,"CONDUIT 1.25""  ELECTRICAL (SCH 40)",,127,50,1.6,0.036,80,,
71822,1688,32-5091,"RB FS-100B 1"" BRASS FLOW SENSOR",,380.2,1,750,1.25,750,,
71823,1688,13-2270,"ML 1.5"" SCH 40 ALERTLINE",,142,340,1.25,0.045,425,,
71824,1688,28-1116,"NIBCO T-113-K-1.5""",,400.2,1,225,1,225,,
71825,1688,10-5360,RB 33DNP,,410,2,110,0.86,220,,
71826,1688,10-5310,RB 100 PES-B,,380.2,2,165,1.25,330,,
71827,1688,10-5260,RB PRS-D,,639.3,2,75,0.025,150,,
71828,1688,10-5418,RB XCZ-PRBR-100-COM,,380.7,3,233,1,699,,
71829,1688,13-2814,WEATHERTRAK WT2W-SVD-11 DECODER,,637.2,5,185,0.25,925,,
71830,1688,33-5070,3M SCOTCHLOK DBR-Y6 CONN.,,None,10,1.61,0,16.1,,
71831,1688,32-0019,CONTROLLER ASSEMBLY #1,ICA6-WM3-24/SP/,490,1,13000,10,13000,,
71832,1688,95-0010,ELECTRICAL SUB./PERMITS FOR CONTROLLER,,None,1,300,0,300,,
71833,1688,33-2606,"ELECTRICAL SWEEP 2"" (SCH 40)",,None,2,25,0,50,,
71834,1688,95-0006,"CONCRETE BASE (BF, PUMP, CONTROLLER)",,635.5,1,250,5,250,,
71835,1688,10-7002,MAXI 14gg 2-WIRE CABLE (RED),,430,500,1,0.003,500,,
71836,1688,13-2822,WEATHERTRAK WT2W-H20-SA SURGE ARRESTOR,,380.2,2,185,1.25,370,,
71837,1688,25-2041,HUNTER RZWS-18-50-CV (.50 GPM),,639.7,20,48,0.25,960,,
71838,1688,13-2420,"LAT 1"" SCH 40 ALERTLINE",,120,320,0.85,0.0438,272,,
71839,1688,30-2852,NETAFIM TLCVRW9-1810 TECHLINE-1000',"4,592 SF @ 18"" O.C",638.6,3,600,10,1800,,
71840,1688,13-2410,"LAT 3/4"" SCH 40 ALERTLINE",,110,140,0.55,0.0428,77,,
71841,1688,20-2260,3/4 x 3/4 x 1/2 TEE SST PVC,,None,98,1.25,0,122.5,,
71842,1688,30-2707,NETAFIM TL TEE,,None,150,0.55,0,82.5,,
71843,1688,25-1583,"SPEARS 8722-005 1/2"" BV FLUSH VALVE",,402.5,8,10,0.3,80,,
71844,1688,30-2737,RB ARV050 (REPLACES ARVALVEKIT),,402.3,2,8.4,0.75,16.8,,
71845,1688,30-2687,NETAFIM 65ARIA-075,,380.2,1,35,1.25,35,,
71846,1688,13-2420,"LAT 1"" SCH 40 ALERTLINE",,120,100,0.85,0.0438,85,,
71847,1688,14-2640,"SLV 3"" SCH 40 ALERTLINE",ML,172,80,3.5,0.04,280,,
71848,1688,14-2660,"SLV 2"" SCH 40 ALERTLINE",LAT,154,80,1.3,0.04,104,,
71849,1688,32-1011,BRICK PAVER,,639.1,64,1.4,0.005,89.6,,
71850,1688,33-2020,PENTITES,,None,-16,1.75,0,-28,,
71851,1688,33-5070,3M SCOTCHLOK DBR-Y6 CONN.,,None,16,1.61,0,25.76,,
71852,1688,9310-213,TURNOVER ITEMS,,None,1,300,0,300,,
71853,1688,95-0053,WATER AUDIT SUB,,999,1,600,0,600,,
71854,1688,7000-102,"WIRE CLOTH 16-GAUGE 1/4"" MESH GALV.",,639.3,100,1.25,0.025,125,,
71859,2119,9310-218,SOIL RETENTION DRIVABLE GRASS,,999,610,6,0.05,3660,,
71860,2119,9306-212,LANDSCAPE MISC #3,NAIL GUN,999,1,400,0,400,,
71861,2119,9301-160,"FILL SAND BACKFILL, IRR, DRAINS",,540,5,50,0.25,250,,
71862,2119,95-1016,DELIVERY/ FREIGHT,,None,1,500,0,500,,
71863,1991,9301-235,POC HOMEOWNER W/O PRV,,449,6,15,1,90,,
71864,1991,13-2110,"ML 1"" SCH 40 PVC",,122,80,0.8,0.04,64,,
71865,1991,22-4175,"HUNTER ACZ-075-25 3/4"" DRIP ZONE KIT",,390,6,53,0.62,318,,
71866,1991,22-1311,HUNTER NODE-100 BATT. OP. CTLR. W/ DC SOL.,,469,6,101,1,606,,
71867,1991,32-0054,RB RWS M-B-1402,1401,220,42,48,0.12,2016,,
71868,1991,10-5440,RB PLASTIC NOZZLE,,None,-42,1.2,0,-50.4,,
71869,1991,10-1184,RB PCT-07 BUBBLER,,999,42,2,0,84,,
71870,1991,12-2180,"LAT 3/4"" SCH 40  PVC",,110,300,0.45,0.0428,135,,
71871,2086,2329-505,HESPERALOE PARVIFLORA 5G,"""CORAL GLOW""",520.1,12,15,0.254,180,,
71872,2086,9309-210,POT PLACEMENT/IRRIG/DRAIN,,636,12,15,2,180,,
71873,2086,9500-113,"POTTING SOIL, 2 CF BAG",,642,36,15,0.17,540,,
71874,2086,33-1302,"GRAVEL 3/4""",,635.2,1,50,0.5,50,,
71875,2086,9311-310,POT #1,SEE OASIS QUOTE,999,1,0,0,0,,
71876,2086,95-1029,DELIVERY,,None,1,200,0,200,,
71880,2122,40-5010,"6"" PVC SCH 40 DRAIN SOLID",,627.1,60,6.5,0.12,390,,
71882,2123,2101-1000,GENERIC MULCH,,534.1,25,25,0.5,625,,
71883,1030,9302-071,DG DESERT GOLD W/ STABILIZER,"810 SF @ 3""",547,15,90,0.5,1350,,
71884,1030,95-0410,MISC BLS EQUIPMENT PER HR,,635,4,100,1,400,,
71885,1030,95-0411,"ROLLER, PER DAY",,635.8,1,450,8,450,,
71886,1030,33-1304,FILTER FABRIC 4oz (Mirafi 140n),,641,900,0.2,0.003,180,,
71887,1030,95-1029,DELIVERY,,None,1,450,0,450,,
71889,2124,33-1701,"EPIC BEND-A-BOARD 1"" X 6"" PLAS HDR",,546,900,4.5,0.03,4050,,
71908,2125,32-0057,RB LXIVMSOL RCV SOLENOID DECODER,,637.2,-1,175,0.25,-175,,
71909,2125,32-0058,RB LXIVMSEN FS SOLENOID DECODER,,637.2,-1,700,0.25,-700,,
71910,2125,32-0057,RB LXIVMSOL RCV SOLENOID DECODER,,637.2,-52,175,0.25,-9100,,
71911,2125,10-7002,MAXI 14gg 2-WIRE CABLE (RED),,430,-4500,1,0.003,-4500,,
71912,2125,13-1020,#14 UF RED WIRE,,430,30000,0.22,0.003,6600,,
71913,2125,13-1040,#14 UF WHITE WIRE,,430,5000,0.22,0.003,1100,,
71914,2125,13-1050,#14 UF ORANGE WIRE,,430,10000,0.22,0.003,2200,,
71915,2125,20-2821,PVC SCH 80 2x2x1 TEE,,999,-79,28,0,-2212,,
71916,2125,20-2578,"PVC 80 1"" ELL SS",,999,-52,15,0,-780,,
71917,2125,13-2819,"ITS GP3-K 36"" GROUND PLATE GROUNDING KIT",,380.5,-1,500,1.25,-500,,
71918,2125,1839-106,ITS SP surge protector,,380.5,-7,160,1.25,-1120,,
71919,2125,25-2041,HUNTER RZWS-18-50-CV (.50 GPM),,639.7,-450,46,0.25,-20700,,
71920,2125,22-1520,"HUNTER PROS-04-PRS40-CV 4""",,213,450,14,0.12,6300,,
71992,2126,5610-018,WASH. FILIFERA 18' BTH,,543,-18,1350,7,-24300,,
71993,2126,5581-114,WASHINGTONIA FILIBUSTA 14' bth,18' HYBRID,543,18,1125,7,20250,,
71994,2126,4240-148,PISTACIA CHINENSIS 48,,503,-1,1250,6,-1250,,
71995,2126,4240-136,PISTACIA CHINENSIS 36,,505,1,490,4.5,490,,
71996,2126,4128-236,"PHOENIX ROEBELENII 36"" MLT",,505,-3,650,4.5,-1950,,
71997,2126,4128-224,"PHOENIX ROEBELENII 24"" MLT",,544,3,450,2.5,1350,,
71998,2126,3014-136,"LAGERS. I. MUSKOGEE 36 "" STD",,503,-5,490,6,-2450,,
71999,2126,0326-124,LAGER. I. MUSKOGEE 24,,507,5,190,2.8,950,,
72000,2126,5366-424,TRISTANIA CONF. 24,,507,-25,185,2.8,-4625,,
72001,2126,5366-415,TRISTANIA CONFERTA 15G L/B,,510,25,65,1.01,1625,,
72002,2126,4372-415,PODO. ICEE BLUE 15G CLMN,,510,-54,140,1.01,-7560,,
72003,2126,4370-405,PODOCARPUS X 'ICEE BLUE' 5G CLMN,,520,54,55,0.27,2970,,
72004,2126,4375-115,PODOCARPUS M. MAKI 15G CLMN,,510.3,-48,60,1.01,-2880,,
72005,2126,4375-205,PODOCARPUS M. MAKI 5G CLMN,,520,48,30,0.27,1440,,
72006,2126,4821-315,ROSA F. 'BRILLIANT PINK' 15G,,519,-56,60,0.75,-3360,,
72007,2126,4829-115,ROSA 'BRILLIANT PINK ICEBERG' 5G,,520,56,18,0.27,1008,,
72008,2126,3280-515,LIGUSTRUM TEXANUM 15G,,519,-17,40,0.75,-680,,
72009,2126,3280-505,LIGUSTRUM TEXANUM 5G,,520,17,12,0.27,204,,
72010,2126,3599-905,MUHLENBERGIA DUBIA 5G,,520,-413,10,0.27,-4130,,
72011,2126,9304-101,MUHLENBERGIA DUBIA 1G,,522,413,5,0.11,2065,,
72012,2126,1630-505,DIANELLA T. VARIEGATA 5G,,520,-233,16,0.27,-3728,,
72013,2126,1630-201,DIANELLA T. VARIEGATA 1G,,522,233,6.5,0.11,1514.5,,
72014,2126,95-1016,DELIVERY/ FREIGHT,,None,-1,0,0,0,,
72015,2126,5580-035,18' BTH PHOENIX DACT.,,543,-2,1800,7,-3600,,
72016,2126,3014-136,"LAGERS. I. MUSKOGEE 36 "" STD",,503,2,490,6,980,,
72058,1969,9302-264,DG CA GOLD STAB.  (GAIL),"1,140 SF @ 3""",547,20,195,0.5,3900,,
72059,1969,95-0410,MISC BLS EQUIPMENT PER HR,,635,2,100,1,200,,
72060,1969,95-0411,ROLLER PER DAY,,635.8,1,350,8,350,,
72061,1969,95-1029,DELIVERY,,None,1,835,0,835,,
72062,1969,33-1236,EPIC BENDA-BOARD 2' X 4',,546,240,5,0.03,1200,,
72093,2127,12-3010,"CONDUIT 1.25""  ELECTRICAL (SCH 40)",,127,620,1.6,0.036,992,,
72094,2127,33-2604,"ELECTRICAL SWEEP 1.25"" (SCH 40)",,None,30,8.5,0,255,,
72095,2121,40-1902,"BREAK INTO CATCH BASIN (4""-6"")",,636,1,250,2,250,,
72096,2121,40-1973,"6"" PVC SDR 35 SOLID",,627,80,5.5,0.12,440,,
72097,2121,40-1412,"NDS #4, 6"" SQUARE BLACK",,630.2,1,9.4,0.75,9.4,,
72098,2120,40-1902,"BREAK INTO CATCH BASIN (4""-6"")",,636,1,250,2,250,,
72099,2120,40-1973,"6"" PVC SDR 35 SOLID",,627,200,6.1,0.12,1220,,
72100,2120,40-1412,"NDS #4, 6"" SQUARE BLACK",,630.2,6,9.4,0.75,56.4,,
72334,2131,0370-324,ARBUTUS MARINA 24'' STD,,507,2,210,2.8,420,,
72335,2131,5366-524,"TRISTANIA LAURINA 24""",,507,2,195,2.8,390,,
72336,2131,9302-408,"AUGER SUMP 12"" X 18""",,545.3,2,0,0.17,0,,
72337,2131,33-1340,"3"" ADS PERF W/DRAIN SOCK FT",,None,-40,1.5,0,-60,,
72338,2131,40-1462,"NDS #14  3"" ROUND BLACK",,999,-4,4.5,0,-18,,
72339,2131,40-1461,"NDS #11 4"" ROUND BLACK",,999,4,5,0,20,,
72340,2131,40-5006,"4"" PVC SCH 40 PERF PIPE",,999,10,3.5,0,35,,
72341,2131,33-1342,"FILTER SOCK FOR 4"" OR LESS DPIPE",,999,10,0.26,0,2.6,,
72342,2131,95-1029,DELIVERY,,None,1,100,0,100,,
72522,2129,13-2190,"ML 3"" CLASS 315 ALERTLINE",,170,460,4.2,0.042,1932,,
72523,2129,10-1158,CHRISTY TA-ND-3-PRW tape,,642.3,1000,0.08,0.0006,80,,
72524,2129,10-2262,UP-CHARGE FOR SCH 80 FITTING (ML),,None,1,1750,0,1750,,
72525,2129,28-1265,"NIBCO LD2000 BUTTERFLY VALVE 3'', flgd, operating nut",,400.3,5,975,1,4875,,
72526,2129,20-3000,"UNION 3"" SCH 80 PVC TT",,None,10,206.75,0,2067.5,,
72527,2129,23-1060,SIGNATURE 7645 PURPLE TOP LOCKING,,420.2,1,70,1.13,70,,
72528,2129,32-0066,"RB IVM-PESB-100 - 1"" W/ IVM SOLENOID DECODER",,380.7,7,295,1,2065,,
72529,2129,10-5260,RB PRS-D,,639.3,7,76.75,0.025,537.25,,
72530,2129,13420-188,RB QKCHK-100   200 MESH,,637.1,7,94.5,0.125,661.5,,
72531,2129,20-3004,"UNION 1"" TT SCH 80 PVC",,None,7,9.25,0,64.75,,
72532,2129,32-0066,"RB IVM-PESB-100 - 1"" W/ IVM SOLENOID DECODER",,380.2,2,295,1.25,590,,
72533,2129,10-5260,RB PRS-D,,639.3,2,76.75,0.025,153.5,,
72534,2129,20-3004,"UNION 1"" TT SCH 80 PVC",,None,2,9.25,0,18.5,,
72535,2129,32-0019,CONTROLLER ASSEMBLY #1,,490,0,0,10,0,,
72536,2129,13-1012,PAIGE P7072D-ORANGE,,430,500,0.75,0.003,375,,
72537,2129,12-3010,"CONDUIT 1.25""  ELECTRICAL (SCH 40)",,127,340,1.1,0.036,374,,
72538,2129,32-0070,RB IVMSP SURGE PROTECTOR,,380.5,1,155,1.25,155,,
72539,2129,10-8015,RB RD-06-S-P30-F-N,,210,28,25.75,0.12,721,,
72540,2129,10-5440,RB PLASTIC NOZZLE,,None,-28,1.2,0,-33.6,,
72541,2129,10-8029,RB R-VAN14 ROTARY NOZZLE,,999,28,5.25,0,147,,
72542,2129,13-2420,"LAT 1"" SCH 40 ALERTLINE",,120,20,0.65,0.0438,13,,
72543,2129,13-2410,"LAT 3/4"" SCH 40 ALERTLINE",,110,300,0.45,0.0428,135,,
72544,2129,10-1283,"RB RWS-BC1402 (W/ 1402 CV, 4"" GRATE, 12"" SWING)",,639.7,14,52,0.25,728,,
72545,2129,10-1284,"RB RWS-GRATEP (4"" PURPLE GRATE)",,None,14,4.75,0,66.5,,
72546,2129,13-2410,"LAT 3/4"" SCH 40 ALERTLINE",,110,260,0.45,0.0428,117,,
72547,2129,13240-205,"RB XFS-CV-09-12-P (purple, 500')",,638.5,1,375,7,375,,
72548,2129,13-2410,"LAT 3/4"" SCH 40 ALERTLINE",,110,20,0.45,0.0428,9,,
72549,2129,20-2260,3/4 x 3/4 x 1/2 TEE SST PVC,,None,20,1,0,20,,
72550,2129,30-2707,NETAFIM TL TEE,,None,20,0.35,0,7,,
72551,2129,13240-207,RB XFS-CV-P-06-18-500 (purple),,638.5,7,320,7,2240,,
72552,2129,13-2410,"LAT 3/4"" SCH 40 ALERTLINE",,110,120,0.35,0.0428,42,,
72553,2129,20-2260,3/4 x 3/4 x 1/2 TEE SST PVC,,None,90,1,0,90,,
72554,2129,30-2707,NETAFIM TL TEE,,None,100,0.35,0,35,,
72555,2129,10-8024,RB OPERIND,,210,5,10.75,0.12,53.75,,
72556,2129,25-1582,"SPEARS 3/4"" SCH. 80 TxT BALL VALVE",,402.7,6,5.25,0.75,31.5,,
72557,2129,33-1140,"REBAR STRAIGHT #4 X 24""",,None,6,2,0,12,,
72558,2129,33-2380,PUNCHLOK P-6,,None,12,2.5,0,30,,
72559,2129,13-2440,"LAT 1.5"" SCH 40 ALERTLINE",,140,20,0.85,0.0468,17,,
72560,2129,13-2410,"LAT 3/4"" SCH 40 ALERTLINE",,110,340,0.35,0.0428,119,,
72561,2129,14-2720,"SLV 6"" CL 200 ALERTLINE",,185,40,8.95,0.04,358,,
72562,2129,14-2731,"SLV 4"" CL 200 ALERTLINE",,182,80,4,0.04,320,,
72563,2129,14-2660,"SLV 2"" SCH 40 ALERTLINE",,154,20,1.35,0.04,27,,
72564,2129,33-2020,PENTITES,,None,-18,1.26,0,-22.68,,
72565,2129,33-5070,3M SCOTCHLOK DBR-Y6 CONN.,,None,18,3.25,0,58.5,,
72566,2129,9301-298,RECLAIMED WATER SIGN regular,,635.11,3,120,0.75,360,,
72567,2129,32-1011,BRICK PAVER,,639.1,40,1.4,0.005,56,,
72568,2129,33-1304,FILTER FABRIC 4oz (Mirafi 140n),,641,20,0.2,0.003,4,,
72569,2129,95-0053,WATER AUDIT SUB,,None,1,500,0,500,,
72570,2128,10-8015,RB RD-06-S-P30-F-N,,210,26,25.75,0.12,669.5,,
72571,2128,10-5440,RB PLASTIC NOZZLE,,None,-26,1.2,0,-31.2,,
72572,2128,10-8029,RB R-VAN14 ROTARY NOZZLE,,999,26,5.25,0,136.5,,
72573,2128,13-2420,"LAT 1"" SCH 40 ALERTLINE",,120,100,0.65,0.0438,65,,
72574,2128,13-2410,"LAT 3/4"" SCH 40 ALERTLINE",,110,300,0.45,0.0428,135,,
72575,2128,10-1283,"RB RWS-BC1402 (W/ 1402 CV, 4"" GRATE, 12"" SWING)",,639.7,6,52,0.25,312,,
72576,2128,10-1284,"RB RWS-GRATEP (4"" PURPLE GRATE)",,None,6,4.75,0,28.5,,
72577,2128,13-2410,"LAT 3/4"" SCH 40 ALERTLINE",,110,140,0.45,0.0428,63,,
72578,2128,13240-205,"RB XFS-CV-09-12-P (purple, 500')",,638.5,2,375,7,750,,
72579,2128,13-2410,"LAT 3/4"" SCH 40 ALERTLINE",,110,20,0.45,0.0428,9,,
72580,2128,20-2260,3/4 x 3/4 x 1/2 TEE SST PVC,,None,20,0.56,0,11.2,,
72581,2128,30-2707,NETAFIM TL TEE,,None,20,0.5,0,10,,
72582,2128,10-8024,RB OPERIND,,210,2,10.75,0.12,21.5,,
72583,2128,25-1582,"SPEARS 3/4"" SCH. 80 TxT BALL VALVE",,402.7,2,5.25,0.75,10.5,,
72584,2128,33-1140,"REBAR STRAIGHT #4 X 24""",,None,2,2,0,4,,
72585,2128,33-2380,PUNCHLOK P-6,,None,4,2.5,0,10,,
72586,2128,13-2410,"LAT 3/4"" SCH 40 ALERTLINE",,110,40,0.45,0.0428,18,,
72587,2128,14-2660,"SLV 2"" SCH 40 ALERTLINE",,154,20,1.35,0.04,27,,
72588,2128,9301-298,RECLAIMED WATER SIGN regular,,635.11,1,120,0.75,120,,
72707,1979,30-3027,DECORATIVE GRAVEL (size & type TBD),"3/8"" ANTIQUE CRUSHED ROCK; 6,290 SF @ 2""",635,60,52,1,3120,,
72708,1979,33-1304,FILTER FABRIC 4oz (Mirafi 140n),,641,6600,0.2,0.003,1320,,
72709,1979,95-0410,MISC BLS EQUIPMENT PER HR,,635,12,100,1,1200,,
72710,1979,95-1029,DELIVERY,,None,1,1500,0,1500,,
72711,1979,33-1260,REDWOOD 2 X 4,CEDAR,558,2200,2.5,0.03,5500,,
72722,1980,>>>,LARGE PLAN 1,,,20,0,0,0,,
72723,1980,0391-605,AGAVE ATTENUATA 5G,,520,20,12.8,0.27,256,,
72724,1980,1210-105,CHONDROPETALUM TECT. 5G,,520,60,14.5,0.27,870,,
72725,1980,5621-701,TEUCRIUM LUCIDRYS 1G,,522,380,4.2,0.11,1596,,
72726,1980,2101-1000,GENERIC MULCH,"1,860 SF @ 3"" (2.5"")",534.1,15,25,0.5,375,,
72727,1980,9302-225,FINE RAKE,,536,1900,0,0.002,0,,
72728,1980,9302-210,SOIL PREP,,533,1900,0,0.0035,0,,
72729,1980,9302-220,WEED CONTROL (GRO-N-KILL),,535,500,0,0.0005,0,,
72730,1980,95-1029,DELIVERY,,None,1,250,0,250,,
72765,2133,>>>,STD PLAN 2,,,14,0,0,0,,
72766,2133,1210-105,CHONDROPETALUM TECT. 5G,,520,28,14.5,0.27,406,,
72767,2133,1640-501,DIETES BICOLOR 1G,,522,56,4.3,0.11,240.8,,
72768,2133,5621-701,TEUCRIUM LUCIDRYS 1G,,522,168,4.2,0.11,705.6,,
72769,2133,2101-1000,GENERIC MULCH,"630 SF @ 3"" (2.5"")",534.1,5,25,0.5,125,,
72770,2133,9302-225,FINE RAKE,,536,630,0,0.002,0,,
72771,2133,9302-210,SOIL PREP,,533,630,0,0.0035,0,,
72772,2133,9302-220,WEED CONTROL (GRO-N-KILL),,535,500,0,0.0005,0,,
72773,2133,95-1029,DELIVERY,,None,1,125,0,125,,
72788,2134,>>>,LARGE PLAN 2,,,10,0,0,0,,
72789,2134,1210-105,CHONDROPETALUM TECT. 5G,,520,40,14.5,0.27,580,,
72790,2134,2128-405,CRASSULA ARB. UNDULATIFOLIA 5G,,520,50,18.5,0.27,925,,
72791,2134,0928-101,CALLISTEMON  LITTLE JOHN 1G,,522,110,4.5,0.11,495,,
72792,2134,1640-501,DIETES BICOLOR 1G,,522,50,4.3,0.11,215,,
72793,2134,5621-701,TEUCRIUM LUCIDRYS 1G,,522,120,4.2,0.11,504,,
72794,2134,2101-1000,GENERIC MULCH,"1,500 SF @ 3"" (2.5"")",534.1,12,25,0.5,300,,
72795,2134,9302-210,SOIL PREP,,533,1500,0,0.0035,0,,
72796,2134,9302-225,FINE RAKE,,536,1500,0,0.002,0,,
72797,2134,9302-220,WEED CONTROL (GRO-N-KILL),,535,500,0,0.0005,0,,
72798,2134,95-1029,DELIVERY,,None,1,250,0,250,,
72809,2135,>>>,STD PLAN 3,,,25,0,0,0,,
72810,2135,1210-105,CHONDROPETALUM TECT. 5G,,520,50,14.5,0.27,725,,
72811,2135,1640-501,DIETES BICOLOR 1G,,522,100,4.3,0.11,430,,
72812,2135,5621-701,TEUCRIUM LUCIDRYS 1G,,522,300,4.2,0.11,1260,,
72813,2135,2101-1000,GENERIC MULCH,"1,080 SF @ 3"" (2.5"")",534.1,10,25,0.5,250,,
72814,2135,9302-225,FINE RAKE,,536,1100,0,0.002,0,,
72815,2135,9302-210,SOIL PREP,,533,1100,0,0.0035,0,,
72816,2135,9302-220,WEED CONTROL (GRO-N-KILL),,535,500,0,0.0005,0,,
72817,2135,95-1029,DELIVERY,,None,1,220,0,220,,
72849,1978,>>>,STD LOT 1,,,48,0,0,0,,
72850,1978,95-0110,IMPERIAL PET PRIDE PRO,15'x173' roll,800.1,2160,3.05,0.06,6588,,
72851,1978,95-0110,IMPERIAL PET PRIDE PRO,,999,435,3.05,0,1326.75,,
72852,1978,>>>,LARGE LOT 1,,,20,0,0,0,,
72853,1978,95-0110,IMPERIAL PET PRIDE PRO,15' x 360' roll,800.1,3600,3.05,0.06,10980,,
72854,1978,95-0110,IMPERIAL PET PRIDE PRO,,999,1800,3.05,0,5490,,
72855,1978,>>>,STD LOT 2,,,14,0,0,0,,
72856,1978,95-0110,IMPERIAL PET PRIDE PRO,15' x 56' roll,800.1,630,3.05,0.06,1921.5,,
72857,1978,95-0110,IMPERIAL PET PRIDE PRO,,999,210,3.05,0,640.5,,
72858,1978,>>>,LARGE LOT 2,,,10,0,0,0,,
72859,1978,95-0110,IMPERIAL PET PRIDE PRO,15' x 50' roll,800.1,500,3.05,0.06,1525,,
72860,1978,95-0110,IMPERIAL PET PRIDE PRO,,999,100,3.05,0,305,,
72861,1978,>>>,STD LOT 3,,,25,0,0,0,,
72862,1978,95-0110,IMPERIAL PET PRIDE PRO,15' x 104',800.1,1125,3.05,0.06,3431.25,,
72863,1978,95-0110,IMPERIAL PET PRIDE PRO,,999,435,3.05,0,1326.75,,
72864,1978,>>>,LARGE LOT 3,,,10,0,0,0,,
72865,1978,95-0110,IMPERIAL PET PRIDE PRO,15' x 290' roll,800.1,3350,3.05,0.06,10217.5,,
72866,1978,95-0110,IMPERIAL PET PRIDE PRO,,999,1000,3.05,0,3050,,
72867,2136,>>>,LARGE PLAN 3,,,10,0,0,0,,
72868,2136,1750-124,"ERIOBOTRYA DEFLEXA 24"" STD",,507,10,195,2.8,1950,,
72869,2136,0391-605,AGAVE ATTENUATA 5G,,520,20,16,0.27,320,,
72870,2136,2128-405,CRASSULA ARB. UNDULATIFOLIA 5G,,520,50,18.5,0.27,925,,
72871,2136,0928-101,CALLISTEMON  LITTLE JOHN 1G,,522,160,4.5,0.11,720,,
72872,2136,1640-501,DIETES BICOLOR 1G,,522,110,4.3,0.11,473,,
72873,2136,3530-401,FESTUCA MAIREI 1G,,522,50,4.25,0.11,212.5,,
72874,2136,5621-701,TEUCRIUM LUCIDRYS 1G,,522,200,4.4,0.11,880,,
72875,2136,2101-1000,GENERIC MULCH,"3,120 SF @ 3"" (2.5"")",534.1,25,25,0.5,625,,
72876,2136,9302-210,SOIL PREP,,533,3120,0,0.0035,0,,
72877,2136,9302-225,FINE RAKE,,536,3120,0,0.002,0,,
72878,2136,9302-220,WEED CONTROL (GRO-N-KILL),,535,500,0,0.0005,0,,
72879,2136,95-1029,DELIVERY,,None,1,475,0,475,,
72880,1971,95-0110,IMPERIAL PET PRIDE PRO,,800.1,3280,3.05,0.06,10004,,
72881,1971,95-0110,IMPERIAL PET PRIDE PRO,,999,800,3.05,0,2440,,
72882,2132,4308-424,PLATANUS ACE. 'COLUMBIA' 24,,507,2,185,2.8,370,,
72883,2132,0326-024,"LAGERSTROEMIA INDICA 24"" STD.",,507,1,185,2.8,185,,
72884,2132,4610-124,"QUERCUS AGRIFOLIA 24"" STD",,507,1,195,2.8,195,,
72885,2132,2170-124,"GEIJERA PARVIFLORA 24"" STD",,507,1,190,2.8,190,,
72886,2132,0270-124,"AGONIS FLEXUOSA 24"" STD",,507,1,200,2.8,200,,
72887,2132,0370-324,ARBUTUS MARINA 24'' STD,,507,1,210,2.8,210,,
72888,2132,5366-524,"TRISTANIA LAURINA 24""",,507,1,195,2.8,195,,
72889,2132,9302-408,"AUGER SUMP 12"" X 18""",,545.3,8,0,0.17,0,,
72890,2132,33-1340,"3"" ADS PERF W/DRAIN SOCK FT",,None,-80,1.5,0,-120,,
72891,2132,40-5006,"4"" PVC SCH 40 PERF PIPE",,999,20,3.5,0,70,,
72892,2132,33-1342,"FILTER SOCK FOR 4"" OR LESS DPIPE",,999,20,0.26,0,5.2,,
72893,2132,40-1462,"NDS #14  3"" ROUND BLACK",,999,-8,4.5,0,-36,,
72894,2132,40-1461,"NDS #11 4"" ROUND BLACK",,999,8,5,0,40,,
72895,2132,9302-950,CENTURY CP2424 (24 x 24 panel),ILO DEEPROOT; 5 @ 12',537,30,6.25,0.1,187.5,,
72896,2132,1234-105,ALOE STRIATA 5G,,520,11,14,0.27,154,,
72897,2132,0391-605,AGAVE ATTENUATA 5G,,520,11,15,0.27,165,,
72898,2132,2128-405,CRASSULA ARB. UNDULATIFOLIA 5G,,520,50,18.5,0.27,925,,
72899,2132,1336-590,CISTUS SALVIFOLIUS 1G,,522,12,4.4,0.11,52.8,,
72900,2132,4907-601,ROSMARINUS 'ROMAN BEAUTY' 1G,,522,17,4.75,0.11,80.75,,
72901,2132,3950-301,WESTRINGIA MUNDI 1G,,522,40,5.5,0.11,220,,
72902,2132,1234-001,ALOE 'ALWAYS RED' 1G,,522,13,7,0.11,91,,
72903,2132,5621-701,TEUCRIUM LUCIDRYS 1G,,522,12,4.4,0.11,52.8,,
72904,2132,1640-501,DIETES BICOLOR 1G,,522,47,4.3,0.11,202.1,,
72905,2132,3530-401,FESTUCA MAIREI 1G,,522,264,4.25,0.11,1122,,
72906,2132,41-1381,TIFWAY 419 SOD,"OST: 2,620",532,2700,0.75,0.005,2025,,
72907,2132,2101-1000,GENERIC MULCH,"4,200 SF @ 3"" (2.5"")",534.1,35,25,0.5,875,,
72908,2132,9302-225,FINE RAKE,,536,6900,0,0.002,0,,
72909,2132,9302-210,SOIL PREP,,533,6900,0,0.0035,0,,
72910,2132,9300-100,NITRO FIR,3 CY,534,8,29,0.15,232,,
72911,2132,33-1020,SOIL SULFUR,15#,570,1,18.56,0.18,18.56,,
72912,2132,33-1160,12-12-12 50# BAG,15#,570,1,25,0.18,25,,
72913,2132,33-1720,GYPSUM 50# BAG,100#,570,6,8,0.18,48,,
72914,2132,9302-220,WEED CONTROL (GRO-N-KILL),,535,1000,0,0.0005,0,,
72915,2132,95-1029,DELIVERY,,None,1,500,0,500,,
72919,1970,33-13036,"CLASS 2 ""PERMEABLE"" BASE","1,000 SF @ 6""",635.2,0,60.5,0.5,0,,
72920,1970,33-13036,"CLASS 2 ""PERMEABLE"" BASE","500 SF @ 4""",635.2,0,60.5,0.5,0,,
72921,1970,95-0410,MISC BLS EQUIPMENT PER HR,,635,8,100,1,800,,
72922,1970,95-0411,ROLLER PER DAY,,635.8,1,600,8,600,,
72923,1970,33-13035,RECYCLED CLASS 2 BASE,,635.2,32,25,0.5,800,,
72924,1970,33-13035,RECYCLED CLASS 2 BASE,,635.2,11,25,0.5,275,,
72925,2130,30-3027,DECORATIVE GRAVEL (size & type TBD),"3/8"" ANTIQUE CRUSHED ROCK; 19,140 SF @ 2""",635,180,52,1,9360,,
72926,2130,33-1304,FILTER FABRIC 4oz (Mirafi 140n),,641,21000,0.2,0.003,4200,,
72927,2130,95-0410,MISC BLS EQUIPMENT PER HR,,635,32,100,1,3200,,
72928,2130,95-1029,DELIVERY,,None,1,3700,0,3700,,
72929,2130,33-1260,REDWOOD 2 X 4,CEDAR,558,2200,2.5,0.03,5500,,
72939,2137,30-3027,DECORATIVE GRAVEL (size & type TBD),"170 SF @ 2"" DEPTH",635,2,85,1,170,,
72940,2137,33-1304,FILTER FABRIC 4oz (Mirafi 140n),,641,200,0.2,0.003,40,,
72941,2137,95-0410,MISC BLS EQUIPMENT PER HR,,635,2,100,1,200,,
72942,2137,95-1029,DELIVERY,,None,1,490,0,490,,
