id,job_id,category,vendor_id,part_number,vendor_price,created_at,updated_at
1,9990,drains,168,40-1520,25,2025-12-07 19:45:36.21744,2025-12-07 19:48:51.227927
2,9990,landscape,168,3428-136,500,2025-12-07 21:40:25.272013,2026-01-13 18:49:18.470734
3,6058,irrigation,309,13-1510,3000,2025-12-09 15:09:18.869257,2025-12-09 15:09:18.869261
4,6058,irrigation,116,9301-230,437.98,2025-12-09 15:11:52.919655,2025-12-09 15:11:53.881813
5,6058,irrigation,116,13-1510,1168.17,2025-12-09 15:12:24.14686,2025-12-09 15:12:24.146864
6,6058,irrigation,116,32-1083,2210.8,2025-12-09 15:12:43.401074,2025-12-09 15:12:43.401078
7,6058,irrigation,116,30-2686,62.9,2025-12-09 15:13:02.741394,2025-12-09 15:13:02.741398
8,6058,irrigation,116,28-1139,24.57,2025-12-09 15:13:26.76564,2025-12-09 15:13:26.765643
9,6058,irrigation,116,20-2821,9.95,2025-12-09 15:13:53.168295,2025-12-09 15:13:53.168298
10,6058,irrigation,116,27-1058,375.44,2025-12-09 15:14:07.137851,2025-12-09 15:14:07.137853
11,6058,irrigation,116,13-1129,0.14133,2025-12-09 15:14:19.296632,2025-12-09 15:14:19.296635
12,6058,irrigation,116,14-0202,244.75,2025-12-09 15:14:42.291057,2025-12-09 15:14:42.291061
13,6058,irrigation,116,13-1032,0.65,2025-12-09 15:14:52.378991,2025-12-09 15:14:52.378994
14,6058,irrigation,116,12-3009,0.8117,2025-12-09 15:15:04.470672,2025-12-09 15:15:04.470675
15,6058,irrigation,116,13-2080,0.7725,2025-12-09 15:15:17.751324,2025-12-09 15:15:17.751327
16,6058,irrigation,116,13-2090,0.5754,2025-12-09 15:15:27.43124,2025-12-09 15:15:27.431243
17,6058,irrigation,116,28-1080,198.86,2025-12-09 15:15:52.468962,2025-12-09 15:15:52.468966
18,6058,irrigation,116,28-1116,171.24,2025-12-09 15:16:05.233126,2025-12-09 15:16:05.233129
19,6058,irrigation,116,25-2013,82.32,2025-12-09 15:16:17.083182,2025-12-09 15:16:17.083186
20,6058,irrigation,116,22-1396,97.92,2025-12-09 15:16:30.341309,2025-12-09 15:16:30.341311
21,6058,irrigation,116,13420-190,78.31,2025-12-09 15:16:41.820863,2025-12-09 15:16:41.820867
22,6058,irrigation,116,32-1199,76.38,2025-12-09 15:16:56.415199,2025-12-09 15:16:56.415202
23,6058,irrigation,116,20-3004,6.08,2025-12-09 15:18:01.875968,2025-12-09 15:18:01.875973
24,6058,irrigation,116,33-2608,19.4,2025-12-09 15:18:13.402431,2025-12-09 15:18:13.402434
25,6058,irrigation,116,33-2605,4.52,2025-12-09 15:18:27.652227,2025-12-09 15:18:27.652231
26,6058,irrigation,116,33-2603,2.4,2025-12-09 15:18:40.844124,2025-12-09 15:18:40.844127
27,6058,irrigation,116,13-1040,0.133,2025-12-09 15:18:54.375084,2025-12-09 15:18:54.375088
28,6058,irrigation,116,13-1020,0.133,2025-12-09 15:19:01.983611,2025-12-09 15:19:01.983614
29,6058,irrigation,116,13-1050,0.133,2025-12-09 15:19:06.56563,2025-12-09 15:19:06.565635
30,6058,irrigation,116,9301-346,30.89,2025-12-09 15:19:14.786011,2025-12-09 15:19:14.786015
31,6058,irrigation,116,22-1123,33.23,2025-12-09 15:19:31.017215,2025-12-09 15:19:31.017218
32,6058,irrigation,116,25-2043,3.08,2025-12-09 15:19:39.99914,2025-12-09 15:19:39.999144
33,6058,irrigation,116,12-2220,0.4872,2025-12-09 15:19:49.94293,2025-12-09 15:19:49.942933
34,6058,irrigation,116,12-2200,0.3605,2025-12-09 15:20:21.007982,2025-12-09 15:20:21.007986
35,6058,irrigation,116,12-2180,0.2428,2025-12-09 15:20:28.865493,2025-12-09 15:20:28.865497
36,6058,irrigation,116,13-0713,201.31,2025-12-09 15:20:41.111657,2025-12-09 15:20:41.11166
37,6058,irrigation,116,20-2260,0.56,2025-12-09 15:20:48.198782,2025-12-09 15:20:48.198785
38,6058,irrigation,116,30-2721,0.2,2025-12-09 15:20:55.910299,2026-01-08 15:10:01.776409
39,6058,irrigation,116,13420-090,0.7,2025-12-09 15:21:03.082017,2025-12-09 15:21:03.08202
40,6058,irrigation,116,13420-075,0.5,2025-12-09 15:21:11.413452,2025-12-09 15:21:11.413455
41,6058,irrigation,116,13420-076,5.98,2025-12-09 15:21:25.317586,2025-12-09 15:21:25.317589
42,6058,irrigation,116,13420-078,0.23,2025-12-09 15:21:32.106794,2025-12-09 15:21:32.106798
43,6058,irrigation,116,25-1583,2.61,2025-12-09 15:21:57.716454,2025-12-09 15:21:57.716457
44,6058,irrigation,116,13-1189,6.17,2025-12-09 15:22:15.625369,2025-12-09 15:22:15.625373
45,6058,irrigation,116,13-2620,4,2025-12-09 15:22:27.015916,2026-01-08 15:00:53.079299
46,6058,irrigation,116,13-2650,1.6024,2025-12-09 15:22:38.021233,2025-12-09 15:22:38.021236
47,6058,irrigation,116,13-2670,0.758,2025-12-09 15:22:53.893494,2025-12-09 15:22:53.893496
48,6058,irrigation,116,32-1011,1,2025-12-09 15:23:00.911706,2025-12-09 15:23:01.934884
49,6058,irrigation,116,22-1521,12.46,2025-12-09 15:23:47.848057,2025-12-09 15:23:47.848061
50,6048,irrigation,309,10-5429,39.451,2025-12-09 16:14:44.625799,2025-12-09 16:14:44.625802
51,6048,irrigation,309,20-2260,0.714,2025-12-09 16:18:23.557401,2025-12-09 16:18:23.557403
52,6057,irrigation,309,13-1209,1993.667,2025-12-09 17:58:25.993847,2025-12-09 17:58:25.99385
53,6057,irrigation,309,13-1512,200.492,2025-12-09 17:58:53.035634,2025-12-09 17:58:53.035636
54,6057,irrigation,309,32-1078,1827.1,2025-12-09 17:59:25.849817,2025-12-09 17:59:25.84982
55,6057,irrigation,309,27-1056,379.183,2025-12-09 17:59:46.331003,2025-12-09 17:59:46.331006
56,6057,irrigation,309,4124-002,423.108,2025-12-09 18:00:13.582977,2025-12-09 18:00:13.58298
57,6057,irrigation,309,13-1042,0.417,2025-12-09 18:00:21.747095,2025-12-09 18:00:21.747099
58,6057,irrigation,309,12-3010,0.897,2025-12-09 18:00:35.238549,2025-12-09 18:00:35.238554
59,6057,irrigation,309,22-1429,322.934,2025-12-09 18:01:04.27368,2025-12-09 18:01:04.273684
60,6057,irrigation,309,13-2020,2.699,2025-12-09 18:01:18.868873,2025-12-09 18:01:18.868877
61,6057,irrigation,309,13-2040,1.229,2025-12-09 18:01:28.027068,2025-12-09 18:01:28.027072
62,6057,irrigation,309,32-1058,86.275,2025-12-09 18:01:50.864855,2025-12-09 18:01:50.864858
63,6057,irrigation,309,28-11431,792.42,2025-12-09 18:02:11.186105,2025-12-09 18:02:11.186109
64,6057,irrigation,309,28-1142,157.37,2025-12-09 18:02:23.623509,2025-12-09 18:02:23.623513
65,6057,irrigation,309,25-2013,83.543,2025-12-09 18:02:37.46498,2025-12-09 18:02:37.464983
66,6057,irrigation,309,28-1138,20.259,2025-12-09 18:03:01.166889,2025-12-09 18:03:01.166892
67,6057,irrigation,309,22-1396,99.371,2025-12-09 18:03:12.594511,2025-12-09 18:03:12.594515
68,6057,irrigation,309,22-1516,126.409,2025-12-09 18:03:47.168781,2025-12-09 18:05:11.519994
69,6057,irrigation,309,20-3062,4.159,2025-12-09 18:04:10.936793,2025-12-09 18:04:10.936796
70,6057,irrigation,309,22-1425,103.858,2025-12-09 18:05:33.145053,2025-12-09 18:05:33.145057
71,6057,irrigation,309,20-3041,34.366,2025-12-09 18:06:03.362701,2025-12-09 18:06:03.362705
72,6057,irrigation,309,20-3045,21.053,2025-12-09 18:06:14.121688,2025-12-09 18:06:14.121692
73,6057,irrigation,309,32-1032,464.476,2025-12-09 18:06:44.932717,2025-12-09 18:06:44.932722
74,6057,irrigation,309,33-2606,7.295,2025-12-09 18:07:02.49255,2025-12-09 18:07:02.492554
75,6057,irrigation,309,33-2603,2.693,2025-12-09 18:07:12.137478,2025-12-09 18:07:12.137482
76,6057,irrigation,309,13-1181,0.609,2025-12-09 18:07:29.24185,2025-12-09 18:07:29.241853
77,6057,irrigation,309,33-2604,3.463,2025-12-09 18:07:43.736092,2025-12-09 18:07:43.736095
78,6057,irrigation,309,22-1541,5.738,2025-12-09 18:08:10.710334,2025-12-09 18:08:10.710337
79,6057,irrigation,309,10-1185,1.517,2025-12-09 18:08:26.522515,2025-12-09 18:08:26.522518
80,6057,irrigation,309,12-2200,0.354,2025-12-09 18:09:19.522658,2025-12-09 18:09:19.522662
81,6057,irrigation,309,12-2180,0.24,2025-12-09 18:09:26.623278,2025-12-09 18:09:26.62328
82,6057,irrigation,309,30-2784,0.555,2025-12-09 18:09:39.413932,2026-01-07 22:37:48.744112
83,6057,irrigation,309,20-2260,20.38,2025-12-09 18:09:49.001672,2026-01-29 17:06:46.96641
84,6057,irrigation,309,25-2003,10.812,2025-12-09 18:10:23.429028,2025-12-09 18:10:23.429032
85,6057,irrigation,309,13420-072,9.09,2025-12-09 18:10:38.813674,2025-12-09 18:10:38.813678
86,6057,irrigation,309,12-2220,0.477,2025-12-09 18:10:47.972768,2025-12-09 18:10:47.972771
87,6057,irrigation,309,13-2630,4.555,2025-12-09 18:10:55.933526,2025-12-09 18:10:55.93353
88,6057,irrigation,309,13-2670,0.752,2025-12-09 18:11:04.604477,2025-12-09 18:11:04.604479
89,6057,irrigation,309,13-2680,0.568,2025-12-09 18:11:16.306756,2025-12-09 18:11:16.306759
90,6057,irrigation,309,9301-346,35.734,2025-12-09 18:11:38.124473,2025-12-09 18:11:38.124476
91,6057,irrigation,309,28-1139,25.682,2025-12-09 18:12:07.525627,2025-12-09 18:12:07.52563
92,6057,irrigation,309,22-4175,39.61,2025-12-09 18:12:19.580256,2025-12-09 18:12:19.58026
93,6057,irrigation,309,20-3061,2.924,2025-12-09 18:12:45.687662,2025-12-09 18:12:45.687664
94,6057,irrigation,309,22-4177,91.18,2025-12-09 18:12:55.683378,2025-12-09 18:12:55.68338
95,6057,irrigation,309,22-1508,65.085,2025-12-09 18:13:13.997076,2025-12-09 18:13:13.997079
96,6057,irrigation,309,13-2640,2.255,2025-12-09 18:13:49.543808,2025-12-09 18:13:49.543811
97,6057,irrigation,309,13-2650,1.582,2025-12-09 18:14:00.251992,2025-12-09 18:14:00.251995
98,6057,irrigation,309,13-2660,1.209,2025-12-09 18:14:09.682064,2025-12-09 18:14:09.682068
99,6057,irrigation,309,30-2860,1058.707,2025-12-09 18:14:48.265053,2025-12-09 18:14:48.265056
100,6057,irrigation,309,9302-214.4,1890.043,2025-12-09 18:15:09.929361,2025-12-09 18:15:09.929364
101,6057,irrigation,309,28-1379,107.989,2025-12-09 18:15:23.440875,2025-12-09 18:15:23.440878
102,6057,irrigation,309,13-1009,560.973,2025-12-09 18:15:46.45309,2025-12-09 18:15:46.453093
103,6057,irrigation,309,13-1017,69.296,2025-12-09 18:16:00.256279,2025-12-09 18:16:00.256282
104,6057,irrigation,309,9300-682,104.332,2025-12-09 18:16:25.835028,2025-12-09 18:16:25.83503
105,6057,irrigation,309,13-2220,1.297,2025-12-09 18:16:35.902744,2025-12-09 18:16:35.902748
106,6057,irrigation,309,13-2270,1.011,2025-12-09 18:17:28.130479,2025-12-09 18:17:28.130482
107,6057,irrigation,309,9301-313,22.645,2025-12-09 18:18:20.507521,2025-12-09 18:18:20.507524
108,6057,irrigation,309,32-1080,78.55,2025-12-09 18:18:34.078791,2025-12-09 18:18:34.078795
109,6057,irrigation,309,25-2016,107.478,2025-12-09 18:18:47.888924,2025-12-09 18:18:47.888928
110,6057,irrigation,309,22-1416,114.393,2025-12-09 18:19:30.859009,2025-12-09 18:19:30.859013
111,6057,irrigation,309,22-1536,7.779,2025-12-09 18:20:20.925644,2025-12-09 18:20:20.925648
112,6057,irrigation,309,22-1122,1.517,2025-12-09 18:20:31.262369,2025-12-09 18:20:31.262373
113,6057,irrigation,309,13-2420,0.483,2025-12-09 18:20:41.25135,2025-12-09 18:20:41.251354
114,6057,irrigation,309,13-2410,0.316,2025-12-09 18:20:48.689769,2025-12-09 18:20:48.689772
115,6057,irrigation,309,30-2821,0.375,2025-12-09 18:21:06.866225,2025-12-09 18:21:06.866229
116,6057,irrigation,309,25-2009,13.725,2025-12-09 18:21:22.553451,2025-12-09 18:21:22.553455
117,6057,irrigation,309,13-2450,1.011,2025-12-09 18:51:58.483713,2025-12-09 18:51:58.483717
118,6057,irrigation,309,13-2440,0.747,2025-12-09 18:52:08.653053,2025-12-09 18:52:08.653057
119,6057,irrigation,309,13-2430,0.638,2025-12-09 18:52:17.263391,2025-12-09 18:52:17.263394
120,6057,irrigation,309,14-2620,2,2025-12-09 18:52:49.482021,2026-01-20 15:18:25.096677
121,6057,irrigation,309,14-2670,0.747,2025-12-09 18:53:16.1297,2025-12-09 18:53:16.129704
122,6057,irrigation,309,14-2650,1.619,2025-12-09 18:53:25.28835,2025-12-09 18:53:25.288353
123,6057,irrigation,309,14-2660,1.011,2025-12-09 18:54:14.609839,2025-12-09 18:54:14.609842
124,6057,irrigation,309,13-2190,2.827,2025-12-09 18:55:32.941018,2025-12-09 18:55:32.941021
125,6057,irrigation,309,28-1137,730.377,2025-12-09 18:55:43.264748,2025-12-09 18:55:43.264753
126,6057,irrigation,309,9312-156,258.405,2025-12-09 18:55:54.767484,2025-12-09 18:55:54.767488
127,6057,irrigation,309,9312-119,63.75,2025-12-09 18:56:05.059075,2025-12-23 15:51:10.909887
128,6057,irrigation,309,30-2831,28.614,2025-12-09 18:56:16.00415,2025-12-09 18:56:16.004153
129,6057,irrigation,309,22-1415,134.716,2025-12-09 18:56:29.570732,2025-12-09 18:56:29.570735
130,6057,irrigation,309,28-1141,59.192,2025-12-09 18:56:37.9209,2025-12-09 18:56:37.920903
131,6057,irrigation,309,22-1438,299.93,2025-12-09 18:56:50.383395,2025-12-09 18:56:50.383397
132,6057,irrigation,309,20-3064,11.031,2025-12-09 18:57:05.323563,2025-12-09 18:57:05.323566
133,6057,irrigation,309,20-3046,34.792,2025-12-09 18:57:15.638677,2025-12-09 18:57:15.638681
134,6057,irrigation,309,20-3042,34.366,2025-12-09 18:57:26.933109,2025-12-09 18:57:26.933111
135,6057,irrigation,309,22-1533,17.88,2025-12-09 18:57:42.538397,2025-12-09 18:57:42.5384
136,6057,irrigation,309,32-1195,4.953,2025-12-09 18:57:51.405575,2025-12-09 18:57:51.405578
137,6057,irrigation,309,32-1196,4.953,2025-12-09 18:58:19.426108,2025-12-09 18:58:19.426111
138,6057,irrigation,309,32-1197,4.953,2025-12-09 18:58:30.897801,2025-12-09 18:58:30.897804
139,6057,irrigation,309,32-1201,4.953,2025-12-09 18:58:47.500331,2025-12-09 18:58:47.500335
140,6057,irrigation,309,14-2630,2.931,2025-12-09 19:00:10.121913,2025-12-09 19:00:10.121916
141,6057,irrigation,309,9301-298,102.18,2025-12-09 19:00:11.600435,2025-12-09 19:00:11.752845
142,6059,drains,309,40-1972,6.671,2025-12-10 17:05:12.262792,2025-12-10 17:05:12.262796
143,6059,drains,309,40-1973,3.734,2025-12-10 17:05:22.352148,2025-12-10 17:05:22.352152
144,6059,drains,309,40-1974,3.097,2025-12-10 17:05:34.493711,2026-04-16 17:22:35.04223
145,6059,drains,309,40-1600,26.318,2025-12-10 17:05:55.564571,2025-12-10 17:05:55.564574
146,6059,drains,309,40-1502,13.678,2025-12-10 17:06:33.323346,2025-12-10 17:06:33.323349
147,6059,drains,309,40-40551,345.536,2025-12-10 17:08:05.430626,2025-12-10 17:08:05.430631
148,6059,drains,309,40-1648,513.503,2025-12-10 17:08:29.400499,2025-12-10 17:08:29.400503
149,6059,drains,309,40-1975,1.646,2025-12-10 17:08:42.100142,2025-12-10 17:08:42.100145
150,6059,drains,309,40-1385,100.846,2025-12-10 17:09:01.496267,2025-12-10 17:09:01.496271
151,6059,drains,309,40-1420,13.85,2025-12-10 17:09:28.32155,2025-12-10 17:09:28.321553
152,6048,drains,309,40-1520,9.31,2025-12-11 16:38:39.584362,2025-12-11 16:38:39.584365
153,6048,drains,309,40-1502,13.678,2025-12-11 16:38:49.508998,2025-12-11 16:38:49.509
154,6048,drains,309,40-1441,7.794,2025-12-11 16:38:59.896241,2025-12-11 16:38:59.896244
155,6048,drains,309,40-1393,25.317,2025-12-11 16:39:11.400681,2025-12-11 16:39:11.400684
156,6048,drains,309,40-1400,4.91,2025-12-11 16:39:27.612942,2025-12-11 16:39:27.612944
157,6048,drains,309,40-1600,26.318,2025-12-11 16:39:40.365766,2025-12-11 16:39:40.365769
158,6048,drains,309,40-1974,1.646,2025-12-11 16:39:49.288012,2025-12-11 16:39:49.288014
159,6048,drains,309,40-1973,3.734,2025-12-11 16:40:11.921854,2025-12-11 16:40:11.921858
160,6048,drains,309,13-2630,4.555,2025-12-11 16:40:23.840325,2025-12-11 16:40:23.840328
161,6048,irrigation,309,9301-235,10.93,2025-12-11 16:42:25.488449,2025-12-11 16:42:27.369249
162,6048,irrigation,309,13-1508,678.466,2025-12-11 16:42:47.74015,2025-12-11 16:42:47.740153
163,6048,irrigation,309,15-1660,22.787,2025-12-11 16:42:56.645991,2025-12-11 16:42:56.645994
164,6048,irrigation,309,32-1078,1827.1,2025-12-11 16:43:06.169296,2025-12-11 16:43:06.169298
165,6048,irrigation,309,10-5180,116.749,2025-12-11 16:43:26.642813,2025-12-11 16:43:26.642817
166,6048,irrigation,309,22-1559,132.695,2025-12-11 16:43:36.758048,2025-12-11 16:43:36.758051
167,6048,irrigation,309,13-1042,0.417,2025-12-11 16:43:43.739016,2025-12-11 16:43:43.73902
168,6048,irrigation,309,12-3010,0.896,2025-12-11 16:43:51.917165,2025-12-11 16:43:51.917168
169,6048,irrigation,309,13-2110,0.354,2025-12-11 16:44:00.146839,2025-12-11 16:44:00.146841
170,6048,irrigation,309,28-1129,53.606,2025-12-11 16:44:12.35994,2025-12-11 16:44:12.359943
171,6048,irrigation,309,10-5340,61.465,2025-12-11 16:44:22.735774,2025-12-11 16:44:22.735777
172,6048,irrigation,309,10-5310,105.164,2025-12-11 16:44:35.288556,2025-12-11 16:44:35.288559
173,6048,irrigation,309,10-5260,53.14,2025-12-11 16:44:44.327613,2025-12-11 16:44:44.327617
174,6048,irrigation,309,10-5438,170.487,2025-12-11 16:44:54.790938,2025-12-11 16:44:54.790941
175,6048,irrigation,309,10-5324,19.052,2025-12-11 16:45:02.749384,2025-12-11 16:45:02.749388
176,6048,irrigation,309,20-3004,5.906,2025-12-11 16:47:37.873255,2025-12-11 16:47:37.873257
177,6048,irrigation,309,13-0712,157.599,2025-12-11 16:47:50.523389,2025-12-11 16:47:50.523391
178,6048,irrigation,309,25-2108,145.308,2025-12-11 16:48:09.485981,2025-12-11 16:48:09.485985
179,6048,irrigation,309,22-1123,33.719,2025-12-11 16:48:20.816989,2025-12-11 16:48:20.816992
180,6048,irrigation,309,25-2043,3.119,2025-12-11 16:48:28.388215,2025-12-11 16:48:28.388217
181,6048,irrigation,309,12-2200,0.354,2025-12-11 16:48:35.297757,2025-12-11 16:48:35.29776
182,6048,irrigation,309,12-2180,0.24,2025-12-11 16:48:41.015169,2025-12-11 16:48:41.015172
183,6048,irrigation,309,13240-202,188.017,2025-12-11 16:48:51.959751,2025-12-11 16:48:51.959754
184,6048,irrigation,309,30-2721,0.374,2025-12-11 16:49:10.75353,2025-12-11 16:49:10.753534
185,6048,irrigation,309,30-2715,2.393,2025-12-11 16:49:22.741153,2025-12-11 16:49:22.741156
186,6048,irrigation,309,25-2046,10.832,2025-12-11 16:49:34.829393,2025-12-11 16:49:34.829396
187,6048,irrigation,309,13-2670,0.752,2025-12-11 16:49:53.428158,2025-12-11 16:49:53.428161
188,6048,irrigation,309,9301-278,83.025,2025-12-11 16:50:33.24774,2025-12-11 16:50:33.247743
189,6048,irrigation,309,9300-776,85.167,2025-12-11 16:50:44.93023,2025-12-11 16:50:44.930233
190,6048,irrigation,309,40-1753,488.968,2025-12-11 16:50:58.663903,2025-12-11 16:50:58.663907
191,6048,irrigation,309,13-1817,1663.185,2025-12-11 16:51:16.216966,2025-12-11 16:51:16.216969
192,6048,irrigation,309,25-1432,712.336,2025-12-11 16:51:41.955207,2025-12-11 16:51:41.95521
193,6048,irrigation,309,25-1216,788.876,2025-12-11 16:51:57.597781,2025-12-11 16:51:57.597785
194,6048,irrigation,309,28-1348,342.064,2025-12-11 16:52:12.477795,2025-12-11 16:52:12.477799
195,6048,irrigation,309,40-1765,1646.915,2025-12-11 16:53:39.166915,2025-12-11 16:53:39.166918
196,6048,irrigation,309,14-0201,262.4,2025-12-11 16:53:48.144959,2025-12-11 16:53:48.144963
197,6048,irrigation,309,13-1085,1393.044,2025-12-11 16:54:12.443243,2025-12-11 16:54:12.443246
198,6048,irrigation,309,13-1017,69.296,2025-12-11 16:54:25.40922,2025-12-11 16:54:25.409224
199,6048,irrigation,309,13-2220,1.229,2025-12-11 16:54:34.333621,2025-12-11 16:54:34.333623
200,6048,irrigation,309,28-1201,101.834,2025-12-11 16:54:47.501526,2025-12-11 16:54:47.501528
201,6048,irrigation,309,30-2686,84.279,2025-12-11 16:54:59.756265,2025-12-11 16:54:59.756268
202,6048,irrigation,309,23-1060,40.789,2025-12-11 16:55:10.299637,2025-12-11 16:55:10.29964
203,6048,irrigation,309,10-1327,154.077,2025-12-11 16:55:19.155421,2025-12-11 16:55:19.155423
204,6048,irrigation,309,10-1328,185.786,2025-12-11 16:55:30.084591,2025-12-11 16:55:30.084594
205,6048,irrigation,309,10-1330,104.661,2025-12-11 16:55:43.089263,2025-12-11 16:55:43.089266
206,6048,irrigation,309,21-1441,10.354,2025-12-11 16:55:51.553501,2025-12-11 16:55:51.553504
207,6048,irrigation,309,10-1334,140.232,2025-12-11 16:55:59.544355,2025-12-11 16:55:59.544357
208,6048,irrigation,309,30-2767,18.934,2025-12-11 16:56:31.90351,2025-12-11 16:56:31.903513
209,6048,irrigation,309,33-5070,1.91,2025-12-11 16:56:45.330665,2025-12-11 16:56:45.330667
210,6048,irrigation,309,12-3011,0.684,2025-12-11 16:57:07.083734,2025-12-11 16:57:07.083737
211,6048,irrigation,309,33-2604,3.463,2025-12-11 16:57:24.265617,2025-12-11 16:57:24.265621
212,6048,irrigation,309,9301-346,36.343,2025-12-11 16:57:42.628275,2025-12-11 16:57:42.628279
213,6048,irrigation,309,10-8016,9.152,2025-12-11 16:58:00.692904,2025-12-11 16:58:00.692907
214,6048,irrigation,309,10-5440,1.525,2025-12-11 16:59:07.373504,2025-12-11 16:59:07.373506
215,6048,irrigation,309,10-5449,1.525,2025-12-11 16:59:18.543292,2025-12-11 16:59:28.324523
216,6048,irrigation,309,13-2430,0.477,2025-12-11 16:59:49.186933,2025-12-11 16:59:49.186936
217,6048,irrigation,309,13-2420,0.354,2025-12-11 16:59:56.11118,2025-12-11 16:59:56.111183
218,6048,irrigation,309,13-2410,0.24,2025-12-11 17:00:13.468162,2025-12-11 17:00:13.468164
219,6048,irrigation,309,30-2777,0.422,2025-12-11 17:00:24.4347,2025-12-11 17:00:24.434704
220,6048,irrigation,309,28-1130,6.106,2025-12-11 17:01:06.524053,2025-12-11 17:01:06.52406
221,6048,irrigation,309,14-2630,2.255,2025-12-11 17:01:24.163707,2025-12-11 17:01:24.166229
222,6047,drains,116,40-1974,1.7647,2025-12-11 17:07:30.147862,2025-12-11 17:07:30.147865
223,6047,drains,116,40-1973,3.9589,2025-12-11 17:07:42.671871,2025-12-11 17:07:42.671874
224,6047,drains,116,40-1982,15.599,2025-12-11 17:07:49.691666,2025-12-11 17:07:49.69167
225,6047,drains,116,40-1521,9.63,2025-12-11 17:07:59.170555,2025-12-11 17:07:59.170558
226,6047,drains,116,40-1501,0.01,2025-12-11 17:08:05.919978,2026-04-13 14:42:17.358712
227,6047,irrigation,116,13-1207,953.87,2025-12-11 17:12:30.980466,2025-12-11 17:12:30.980469
228,6047,irrigation,116,32-1027,935.89,2025-12-11 17:12:39.88601,2025-12-11 17:12:39.886012
229,6047,irrigation,116,32-4108,452.36,2025-12-11 17:12:47.966082,2025-12-11 17:12:47.966084
230,6047,irrigation,116,13-1540,477.11,2025-12-11 17:12:55.379187,2025-12-11 17:12:55.37919
231,6047,irrigation,116,10-5180,123.4,2025-12-11 17:13:03.118589,2025-12-11 17:13:03.118592
232,6047,irrigation,116,10-5260,52.53,2025-12-11 17:13:11.969673,2025-12-11 17:13:11.969675
233,6047,irrigation,116,13-1129,0.75,2025-12-11 17:13:22.659995,2026-05-19 21:21:00.224258
234,6047,irrigation,116,22-1447,171.48,2025-12-11 17:13:33.082807,2025-12-11 17:13:33.08281
235,6047,irrigation,116,13-1050,0.1299,2025-12-11 17:13:43.256993,2025-12-11 17:13:43.256997
236,6047,irrigation,116,12-3011,0.6941,2025-12-11 17:14:56.961145,2025-12-11 17:14:56.961148
237,6047,irrigation,116,13-2100,0.4918,2025-12-11 17:15:05.692709,2025-12-11 17:15:05.692712
238,6047,irrigation,116,13-2110,0.3668,2025-12-11 17:15:17.103804,2025-12-11 17:15:17.103807
239,6047,irrigation,116,10-5400,94.4,2025-12-11 17:15:28.226775,2025-12-11 17:15:28.226779
240,6047,irrigation,116,10-5425,152.47,2025-12-11 17:15:37.765834,2025-12-11 17:15:37.765838
241,6047,irrigation,116,20-3062,4.99,2025-12-11 17:15:44.487573,2025-12-11 17:15:44.487576
242,6047,irrigation,116,32-1246,813.88,2025-12-11 17:16:03.719095,2025-12-11 17:16:03.719098
243,6047,irrigation,116,22-1316,245.75,2025-12-11 17:16:13.893882,2025-12-11 17:16:13.893886
244,6047,irrigation,116,22-1317,131.31,2025-12-11 17:16:24.472126,2025-12-11 17:16:24.472129
245,6047,irrigation,116,33-2607,17.16,2025-12-11 17:16:33.811637,2025-12-11 17:16:33.811641
246,6047,irrigation,116,13-1160,0.1978,2025-12-11 17:16:40.903741,2025-12-11 17:16:40.903744
247,6047,irrigation,116,13-1020,0.1299,2025-12-11 17:16:46.697254,2025-12-11 17:16:46.697258
248,6047,irrigation,116,13-1080,0.1299,2025-12-11 17:16:55.986929,2025-12-11 17:16:55.986931
249,6047,irrigation,116,32-0054,27.82,2025-12-11 17:17:04.25807,2025-12-11 17:17:04.258072
250,6047,irrigation,116,12-2180,0.2428,2025-12-11 17:17:11.473358,2025-12-11 17:17:11.473362
251,6047,irrigation,116,13-1195,1067.1,2025-12-11 17:17:25.40585,2025-12-11 17:17:25.405853
252,6047,irrigation,116,30-2721,0.39,2025-12-11 17:17:40.307855,2025-12-11 17:17:40.307858
253,6047,irrigation,116,13240-241,149.56,2025-12-11 17:17:52.753403,2025-12-11 17:17:52.753405
254,6047,irrigation,116,25-2045,6.64,2025-12-11 17:18:26.256731,2025-12-11 17:18:26.256734
255,6047,irrigation,116,30-2737,6.29,2025-12-11 17:18:37.648037,2025-12-11 17:18:37.64804
256,6047,irrigation,116,13-2650,1.6024,2025-12-11 17:18:54.58496,2025-12-11 17:18:54.584964
257,6047,irrigation,116,13-2670,0.7725,2025-12-11 17:19:50.022542,2025-12-11 17:19:50.022547
258,6047,irrigation,116,32-1058,52.26,2025-12-11 17:20:01.121334,2025-12-11 17:20:01.121338
259,6047,irrigation,116,12-3012,0.5341,2025-12-11 17:20:17.758038,2025-12-11 17:20:17.758041
260,6047,irrigation,116,33-2602,1.56,2025-12-11 17:20:25.83291,2025-12-11 17:20:25.832914
261,6049,drains,116,40-1974,1.6,2025-12-11 17:30:17.371464,2025-12-11 17:30:17.371467
262,6049,drains,116,40-1502,13.39,2025-12-11 17:30:24.833721,2025-12-11 17:30:24.833726
263,6049,drains,116,40-1600,25.76,2025-12-11 17:30:32.056702,2025-12-11 17:30:32.056706
264,6049,drains,116,40-1400,4.47,2025-12-11 17:30:40.439803,2025-12-11 17:30:40.439806
265,6049,drains,116,40-1973,3.6,2025-12-11 17:30:50.920141,2025-12-11 17:30:50.920144
266,6049,irrigation,116,9301-278,82.55,2025-12-11 17:35:22.639011,2025-12-11 17:35:22.639014
267,6049,irrigation,116,9300-776,123.79,2025-12-11 17:35:40.081646,2025-12-11 17:35:40.081649
268,6049,irrigation,116,40-1753,463.72,2025-12-11 17:35:53.619702,2025-12-11 17:35:53.619705
269,6049,irrigation,116,13-1422,1219.23,2025-12-11 17:36:09.926426,2025-12-11 17:36:09.926431
270,6049,irrigation,116,25-1430,1129.76,2025-12-11 17:39:59.166729,2025-12-11 17:39:59.166733
271,6049,irrigation,116,27-2106,293.24,2025-12-11 17:40:08.565328,2025-12-11 17:40:08.565332
272,6049,irrigation,116,28-1237.1,327.63,2025-12-11 17:40:48.022947,2025-12-11 17:40:48.02295
273,6049,irrigation,116,22-1197,15.85,2025-12-11 17:40:57.444639,2025-12-11 17:40:57.444643
274,6049,irrigation,116,9312-222,16.46,2025-12-11 17:41:05.822391,2025-12-11 17:41:05.822395
275,6049,irrigation,116,40-1749,1308.62,2025-12-11 17:41:43.946609,2025-12-11 17:41:43.946613
276,6049,irrigation,116,12-3010,0.83,2025-12-11 17:42:21.00757,2025-12-11 17:42:21.007574
277,6049,irrigation,116,13-1014,1631.1,2025-12-11 17:42:51.162219,2025-12-11 17:42:51.162224
278,6049,irrigation,116,13-1015,97.78,2025-12-11 17:42:59.544488,2025-12-11 17:42:59.544492
279,6049,irrigation,116,13-2200,1.967,2025-12-11 17:43:09.996637,2025-12-11 17:43:09.99664
280,6049,irrigation,116,28-1203,238.04,2025-12-11 17:43:27.037015,2025-12-11 17:43:27.037018
281,6049,irrigation,116,20-30008,77.79,2025-12-11 17:43:34.257975,2025-12-11 17:43:34.257979
282,6049,irrigation,116,23-1060,47.71,2025-12-11 17:44:00.942967,2025-12-11 17:44:00.942971
283,6049,irrigation,116,10-1330,102.13,2025-12-11 17:44:08.60844,2025-12-11 17:44:08.608445
284,6049,irrigation,116,21-1446,12.46,2025-12-11 17:44:36.515409,2025-12-11 17:44:36.515414
285,6049,irrigation,116,30-2767,17.63,2025-12-11 17:44:43.791417,2025-12-11 17:44:43.791421
286,6049,irrigation,116,20-3004,5.43,2025-12-11 17:44:52.492635,2025-12-11 17:44:52.492639
287,6049,irrigation,116,33-2608,19.4,2025-12-11 17:45:09.831715,2025-12-11 17:45:09.831719
288,6049,irrigation,116,33-2604,3.4,2025-12-11 17:45:22.484042,2025-12-11 17:45:22.484045
289,6049,irrigation,116,33-2603,2.4,2025-12-11 17:45:30.818663,2025-12-11 17:45:30.818666
290,6049,irrigation,116,9301-346,30.89,2025-12-11 17:45:59.658707,2025-12-11 17:45:59.658712
291,6049,irrigation,116,10-8016,9.07,2025-12-11 17:46:35.283882,2025-12-11 17:46:35.283885
292,6049,irrigation,116,10-1188,1.51,2025-12-11 17:46:48.872745,2025-12-11 17:46:48.872749
293,6049,irrigation,116,13-2410,0.3688,2025-12-11 17:46:58.099051,2025-12-11 17:46:58.099054
294,6049,irrigation,116,30-2777,408.87,2025-12-11 17:47:07.487154,2025-12-11 17:47:07.487158
295,6049,irrigation,116,20-2260,0.5,2025-12-11 17:47:14.891371,2026-01-07 16:07:58.959656
296,6049,irrigation,116,30-2721,0.37,2025-12-11 17:47:21.437786,2025-12-11 17:47:21.43779
297,6049,irrigation,116,28-1130,3.02,2025-12-11 17:47:31.641642,2025-12-11 17:47:31.641645
298,6049,irrigation,116,10-8026,18.83,2025-12-11 17:47:40.127169,2025-12-11 17:47:40.127172
299,6049,irrigation,116,13-2430,0.7307,2025-12-11 17:47:49.541642,2025-12-11 17:47:49.541646
300,6049,irrigation,116,14-2720,7.09,2025-12-11 17:48:21.346639,2025-12-11 17:48:21.346642
301,6049,irrigation,116,14-2731,3.3324,2025-12-11 17:48:32.186381,2025-12-11 17:48:32.186385
302,6049,irrigation,116,14-2660,1.1718,2025-12-11 17:48:40.216178,2025-12-11 17:48:40.216181
303,6049,irrigation,116,33-5070,1.986,2025-12-11 17:49:11.859523,2025-12-11 17:49:11.859526
304,6049,irrigation,116,28-1187,51.57,2025-12-11 17:50:20.407905,2025-12-11 17:50:20.407909
305,6049,irrigation,116,13-2110,0.3593,2025-12-11 17:50:28.245658,2025-12-11 17:50:28.245662
306,6049,irrigation,116,10-5427,39.41,2025-12-11 17:50:37.445994,2025-12-11 17:50:37.445998
307,6049,irrigation,116,10-4261,78.61,2025-12-11 17:50:45.303885,2025-12-11 17:50:45.303888
308,6049,irrigation,116,10-4265,79.81,2025-12-11 17:50:52.823663,2025-12-11 17:50:52.823666
309,6049,irrigation,116,10-5294,64.87,2025-12-11 17:51:00.269253,2025-12-11 17:51:00.269257
310,6049,irrigation,116,10-8028,7.08,2025-12-11 17:51:10.737087,2025-12-11 17:51:10.737091
311,6049,irrigation,116,22-1514,1.5,2025-12-11 17:51:16.93787,2025-12-11 17:51:16.937873
312,6049,irrigation,116,12-2180,0.24,2025-12-11 17:51:22.572437,2025-12-11 17:51:22.572441
313,6049,irrigation,116,13420-226,117.61,2025-12-11 17:51:30.927639,2025-12-11 17:51:30.927643
314,6049,irrigation,116,28-1375,2.03,2025-12-11 17:51:52.221653,2025-12-11 17:51:52.221657
315,6049,irrigation,116,28-1277,47.97,2025-12-11 17:52:13.828493,2025-12-11 17:52:13.828496
316,6049,irrigation,116,32-1004,44.58,2025-12-11 17:52:40.767388,2025-12-11 17:52:40.767392
317,6049,irrigation,116,13-2120,0.24,2025-12-11 17:52:48.218336,2025-12-11 17:52:48.21834
318,6049,irrigation,116,13-1063,466.47,2025-12-11 17:53:40.049341,2025-12-11 17:53:40.049344
319,6049,irrigation,116,40-1767,720.97,2025-12-11 18:13:51.125335,2025-12-11 18:13:51.125338
320,6049,irrigation,116,13-2220,1.343,2025-12-11 18:14:02.528252,2025-12-11 18:14:02.528256
321,6049,irrigation,116,28-1201,95.25,2025-12-11 18:14:14.482956,2025-12-11 18:14:14.48296
322,6049,irrigation,116,40-5220,32.99,2025-12-11 18:14:29.390123,2025-12-11 18:14:29.390126
323,6049,irrigation,116,20-3001,15.02,2025-12-11 18:15:46.396978,2025-12-11 18:15:46.396981
324,6049,irrigation,116,10-1327,150.35,2025-12-11 18:16:09.697936,2025-12-11 18:16:09.697939
325,6049,irrigation,116,33-2606,6.24,2025-12-11 18:17:09.322874,2025-12-11 18:17:09.322878
326,6049,irrigation,116,40-5219,26.24,2025-12-11 18:17:30.164515,2025-12-11 18:17:30.164518
327,6049,irrigation,116,10-8014,20.82,2025-12-11 18:18:10.126503,2025-12-11 18:18:10.126506
328,6049,irrigation,116,10-8029,3.52,2025-12-11 18:18:30.642103,2025-12-11 18:18:30.642107
329,6049,irrigation,116,13-2420,0.5405,2025-12-11 18:18:51.723733,2025-12-11 18:18:51.723736
330,6049,irrigation,116,30-2776,374.55,2025-12-11 18:19:02.241934,2025-12-11 18:19:02.241937
331,6049,irrigation,116,30-2729,7.98,2025-12-11 18:19:37.752647,2025-12-11 18:19:37.752651
332,6058,irrigation,116,1839-101,4373.85,2025-12-11 20:02:01.65468,2025-12-11 20:02:01.654683
333,6057,landscape,8,4308-124,150,2025-12-12 17:55:19.64988,2025-12-12 17:55:19.649883
334,6059,irrigation,309,30-2832,545.268,2025-12-15 14:56:47.076776,2025-12-15 14:56:47.076779
335,6059,irrigation,309,9302-214.4,1417.063,2025-12-15 14:56:59.659452,2025-12-15 14:56:59.659455
336,6059,irrigation,309,9312-215,39.39,2025-12-15 14:57:09.364103,2025-12-15 14:57:09.364109
337,6059,irrigation,309,9312-212,21.78,2025-12-15 14:57:17.699011,2025-12-15 14:57:17.699016
338,6059,irrigation,309,28-1193,273.706,2025-12-15 14:57:30.707666,2025-12-15 14:57:30.707669
339,6059,irrigation,309,13-1639,1093.767,2025-12-15 14:57:42.327333,2025-12-15 14:57:42.327336
340,6059,irrigation,309,32-1037,1087.804,2025-12-15 14:57:53.53265,2025-12-15 14:57:53.532653
341,6059,irrigation,309,21-1057,394.95,2025-12-15 14:58:08.095755,2025-12-15 14:58:08.095759
342,6059,irrigation,309,20-3001,16.437,2025-12-15 14:58:17.318303,2025-12-15 14:58:17.318307
343,6059,irrigation,309,13-1129,0.136,2025-12-15 14:58:23.651355,2025-12-15 14:58:23.651358
344,6059,irrigation,309,12-3010,0.897,2025-12-15 14:58:54.642193,2025-12-15 14:58:54.642198
345,6059,irrigation,309,13-2190,2.827,2025-12-15 14:59:19.833339,2025-12-15 14:59:19.833342
346,6059,irrigation,309,13-2200,1.925,2025-12-15 14:59:28.39596,2025-12-15 14:59:28.395963
347,6059,irrigation,309,13-2220,1.297,2025-12-15 14:59:44.408631,2025-12-15 14:59:44.408635
348,6059,irrigation,309,13-2270,0.747,2025-12-15 14:59:53.875624,2025-12-15 14:59:53.875628
349,6059,irrigation,309,32-1081,78.55,2025-12-15 15:00:08.47479,2025-12-15 15:00:08.474795
350,6059,irrigation,309,32-1250,0.287,2025-12-15 15:00:15.217049,2025-12-15 15:00:15.217052
351,6059,irrigation,309,28-11431,792.42,2025-12-15 15:00:23.760264,2025-12-15 15:00:23.760267
352,6059,irrigation,309,20-3000,86.987,2025-12-15 15:00:34.70444,2025-12-15 15:00:34.704444
353,6059,irrigation,309,28-1143,715.748,2025-12-15 15:01:01.304945,2025-12-15 15:01:01.30495
354,6059,irrigation,309,20-30008,45.499,2025-12-15 15:02:19.416785,2025-12-15 15:02:19.416788
355,6059,irrigation,309,10-5420,110.464,2025-12-15 15:02:31.528456,2025-12-15 15:02:31.528459
356,6059,irrigation,309,20-3043,18.013,2025-12-15 15:02:39.697367,2025-12-15 15:02:39.69737
357,6059,irrigation,309,10-53162,141.563,2025-12-15 15:03:05.587145,2025-12-15 15:03:05.587148
358,6059,irrigation,309,10-53161,115.416,2025-12-15 15:03:15.52038,2025-12-15 15:03:15.520383
359,6059,irrigation,309,10-5260,53.141,2025-12-15 15:03:23.297093,2025-12-15 15:03:23.297097
360,6059,irrigation,309,10-4070,22.617,2025-12-15 15:03:36.536648,2025-12-15 15:03:36.536651
361,6059,irrigation,309,13420-235,9.54,2025-12-15 15:04:03.647091,2025-12-15 15:04:03.647093
362,6059,irrigation,309,32-1204,136.644,2025-12-15 15:04:23.514688,2025-12-15 15:04:23.514693
363,6059,irrigation,309,13-1040,0.136,2025-12-15 15:04:31.366231,2025-12-15 15:04:31.366233
364,6059,irrigation,309,13-1020,0.136,2025-12-15 15:04:37.779748,2025-12-15 15:04:37.779752
365,6059,irrigation,309,13-1050,0.136,2025-12-15 15:04:41.2149,2025-12-15 15:04:41.214903
366,6059,irrigation,309,33-2606,7.295,2025-12-15 15:04:52.501608,2025-12-15 15:04:52.501611
367,6059,irrigation,309,10-8023,21.022,2025-12-15 15:05:03.297756,2025-12-15 15:05:03.297759
368,6059,irrigation,309,10-8029,3.62,2025-12-15 15:05:22.251215,2025-12-15 15:05:22.251218
369,6059,irrigation,309,10-8020,3.62,2025-12-15 15:05:27.120123,2025-12-15 15:05:27.120126
370,6059,irrigation,309,10-8011,3.62,2025-12-15 15:05:33.094285,2025-12-15 15:05:33.094288
371,6059,irrigation,309,10-8040,3.62,2025-12-15 15:05:40.930421,2025-12-15 15:05:40.930423
372,6059,irrigation,309,10-1159,3.67,2025-12-15 15:05:52.632896,2025-12-15 15:05:52.632899
373,6059,irrigation,309,13-2440,0.747,2025-12-15 15:06:01.910499,2025-12-15 15:06:01.910502
374,6059,irrigation,309,13-2430,0.638,2025-12-15 15:06:09.755018,2025-12-15 15:06:34.876776
375,6059,irrigation,309,13-2420,0.483,2025-12-15 15:06:21.006154,2025-12-15 15:06:21.006157
376,6059,irrigation,309,13-2410,0.316,2025-12-15 15:06:47.006099,2025-12-15 15:06:47.006102
377,6059,irrigation,309,32-1241,32.015,2025-12-15 15:07:11.306698,2025-12-15 15:07:11.306703
378,6059,irrigation,309,13-2460,1.619,2025-12-15 15:07:20.158466,2025-12-15 15:07:20.158472
379,6059,irrigation,309,10-8015,17.709,2025-12-15 15:07:30.324796,2025-12-15 15:07:30.324799
380,6059,irrigation,309,10-5445,1.517,2025-12-15 15:07:51.55057,2025-12-15 15:07:51.550573
381,6059,irrigation,309,13-2450,1.011,2025-12-15 15:07:58.893515,2025-12-15 15:07:58.893519
382,6059,irrigation,309,13420-142,0.275,2025-12-15 15:08:30.138429,2025-12-15 15:08:30.138432
383,6059,irrigation,309,10-5442,1.858,2025-12-15 15:08:38.186213,2025-12-15 15:08:38.186217
384,6059,irrigation,309,30-2869,462.584,2025-12-15 15:08:52.412931,2025-12-15 15:08:52.412934
385,6059,irrigation,309,20-2260,0.71,2025-12-15 15:09:02.685466,2025-12-15 15:09:02.685469
386,6059,irrigation,309,30-2707,0.297,2025-12-15 15:09:08.313646,2025-12-15 15:09:08.31365
387,6059,irrigation,309,25-1583,4.367,2025-12-15 15:09:16.475026,2025-12-15 15:09:16.47503
388,6050,drains,309,40-1974,1.644,2025-12-15 16:57:06.300563,2025-12-15 16:57:06.300566
389,6050,drains,309,13-2630,1,2025-12-15 16:57:14.468666,2026-02-11 15:58:35.866341
390,6050,drains,309,40-1400,4.7,2025-12-15 16:57:35.762756,2025-12-15 16:57:35.762759
391,6050,drains,309,40-1502,13.678,2025-12-15 16:57:47.090556,2025-12-15 16:57:47.090559
392,6050,drains,309,40-1600,26.318,2025-12-15 16:58:04.72354,2025-12-15 16:58:04.723542
393,6057,drains,309,40-1973,3.734,2025-12-15 17:02:19.781418,2025-12-15 17:02:19.781424
394,6057,drains,309,40-1974,1.646,2025-12-15 17:02:27.719025,2025-12-15 17:02:27.719029
395,6057,drains,309,40-4010,19.68,2025-12-15 17:02:37.934021,2025-12-15 17:02:37.934024
396,6057,drains,309,40-1420,13.85,2025-12-15 17:02:46.88083,2025-12-15 17:02:46.880832
397,6057,drains,309,40-1972,6.671,2025-12-15 17:03:04.773899,2025-12-15 17:03:04.773902
398,6057,drains,309,40-1521,5,2025-12-15 17:03:16.084751,2026-01-05 15:12:14.023044
399,6057,drains,309,40-4000,18.957,2025-12-15 17:03:28.161508,2025-12-15 17:03:28.161512
400,6057,drains,309,40-1601,32.39,2025-12-15 17:03:36.635649,2025-12-15 17:03:36.635652
401,6057,drains,309,40-1463,3.066,2025-12-15 17:04:11.00811,2025-12-15 17:04:11.008113
402,6053,drains,25,40-1974,1.716,2025-12-15 17:26:41.781795,2025-12-15 17:26:41.781798
403,6053,drains,25,40-1060,3.498,2025-12-15 17:26:53.32375,2025-12-15 17:26:53.323753
404,6053,drains,25,40-1220,8.539,2025-12-15 17:27:02.390158,2025-12-15 17:27:02.390162
405,6053,drains,25,40-1502,13.07,2025-12-15 17:27:11.829111,2025-12-15 17:27:11.829116
406,6053,drains,25,40-1600,25.464,2025-12-15 17:27:21.39468,2025-12-15 17:27:21.394683
407,6053,drains,25,40-1400,3.838,2025-12-15 17:27:30.127775,2025-12-15 17:27:30.127778
408,6053,irrigation,25,10-5295,108.1,2025-12-15 17:32:03.99729,2025-12-15 17:32:03.997296
409,6053,irrigation,25,13-4164,216.162,2025-12-15 17:43:18.298374,2025-12-15 17:43:18.298377
410,6053,irrigation,25,20-3004,5.88,2025-12-15 17:43:26.862292,2025-12-15 17:43:26.862295
411,6053,irrigation,25,13-2100,0.4501,2025-12-15 17:43:35.137849,2025-12-15 17:43:35.137852
412,6053,irrigation,25,28-1124,158.738,2025-12-15 17:43:44.907161,2025-12-15 17:43:44.907165
413,6053,irrigation,25,10-5325,15.988,2025-12-15 17:43:53.962744,2025-12-15 17:43:53.962748
414,6053,irrigation,25,10-5427,44.839,2025-12-15 17:44:14.562286,2025-12-15 17:44:14.562289
415,6053,irrigation,25,20-3005,4.5,2025-12-15 17:44:21.263546,2025-12-15 17:44:21.26355
416,6053,irrigation,25,10-4238,63.56,2025-12-15 17:44:36.159491,2025-12-15 17:44:36.159495
417,6053,irrigation,25,10-4265,81.73,2025-12-15 17:44:48.190001,2025-12-15 17:44:48.190004
418,6053,irrigation,25,10-4202,66.436,2025-12-15 17:45:04.652766,2025-12-15 17:45:04.652769
419,6053,irrigation,25,10-1235,32.1166,2025-12-15 17:45:18.476287,2025-12-15 17:45:18.476291
420,6053,irrigation,25,12-2060,0.2363,2025-12-15 17:45:27.253523,2025-12-15 17:45:27.253526
421,6053,irrigation,25,12-2040,0.1842,2025-12-15 17:45:35.845128,2025-12-15 17:45:35.845132
422,6053,irrigation,25,13240-201,176,2025-12-15 17:48:34.113389,2026-01-29 22:29:14.979614
423,6053,irrigation,25,20-2260,0.71,2025-12-15 17:48:49.870716,2025-12-15 17:48:49.87072
424,6053,irrigation,25,30-2721,0.35,2025-12-15 17:49:02.788504,2025-12-15 17:49:02.788507
425,6053,irrigation,25,2800-437,0.544,2025-12-15 17:49:20.799627,2025-12-15 17:49:20.799631
426,6053,irrigation,25,13420-219,0.1209,2025-12-15 17:49:29.476551,2025-12-15 17:49:29.476554
427,6053,irrigation,25,13420-005,0.398,2025-12-15 17:49:37.188845,2025-12-15 17:49:37.188849
428,6053,irrigation,25,13420-177,0.109,2025-12-15 17:49:45.932414,2025-12-15 17:49:45.932417
429,6053,irrigation,25,13420-175,0.647,2025-12-15 17:49:53.995418,2025-12-15 17:49:53.995422
430,6053,irrigation,25,25-1583,11.575,2025-12-15 17:50:10.025444,2025-12-15 17:50:10.025446
431,6053,irrigation,25,30-2774,4.075,2025-12-15 17:50:20.144754,2025-12-15 17:50:20.144758
432,6053,irrigation,25,13-2670,0.7107,2025-12-15 17:50:51.311788,2025-12-15 17:50:51.311791
433,6053,irrigation,25,13-2660,1.203,2025-12-15 17:51:01.567274,2025-12-15 17:51:01.567276
434,6052,drains,25,40-1974,1.603,2025-12-15 17:55:09.92517,2025-12-15 17:55:09.925174
435,6052,drains,25,40-4030,5,2025-12-15 17:55:35.420512,2026-03-11 15:15:44.170173
436,6052,drains,25,40-1220,9.697,2025-12-15 17:55:49.522024,2025-12-15 17:55:49.522029
437,6052,drains,25,40-1400,4.246,2025-12-15 17:56:00.371323,2025-12-15 17:56:00.371326
438,6052,irrigation,25,20-3004,5.883,2025-12-15 18:02:45.358986,2025-12-15 18:02:45.358989
439,6052,irrigation,25,13-2100,0.4648,2025-12-15 18:02:55.517778,2025-12-15 18:02:55.517782
440,6052,irrigation,25,28-1124,168.766,2025-12-15 18:03:05.280115,2025-12-15 18:03:05.28012
441,6052,irrigation,25,10-5324,20.472,2025-12-15 18:03:16.914746,2025-12-15 18:03:16.914749
442,6052,irrigation,25,10-5429,44.272,2025-12-15 18:03:26.145592,2025-12-15 18:03:26.145595
443,6052,irrigation,25,10-5295,126.458,2025-12-15 18:04:10.51398,2025-12-15 18:04:10.513983
444,6052,irrigation,25,10-4238,68.677,2025-12-15 18:04:19.570383,2025-12-15 18:04:19.570386
445,6052,irrigation,25,10-4265,88.317,2025-12-15 18:04:28.01649,2025-12-15 18:04:28.016493
446,6052,irrigation,25,10-4202,71.785,2025-12-15 18:04:37.346981,2025-12-15 18:04:37.346985
447,6052,irrigation,25,10-1235,32.78,2025-12-15 18:04:59.11872,2025-12-15 18:04:59.118723
448,6052,irrigation,25,12-2060,0.244,2025-12-15 18:05:14.473263,2025-12-15 18:05:14.473267
449,6052,irrigation,25,12-2040,0.1902,2025-12-15 18:05:22.156506,2025-12-15 18:05:22.156509
450,6052,irrigation,25,13240-201,168.22,2025-12-15 18:06:04.366141,2025-12-15 18:06:04.366144
451,6052,irrigation,25,20-2260,0.71,2025-12-15 18:06:31.74051,2025-12-15 18:06:31.740513
452,6052,irrigation,25,30-2721,0.35,2025-12-15 18:06:41.27576,2025-12-15 18:06:41.275763
453,6052,irrigation,25,13420-005,0.395,2025-12-15 18:07:30.425467,2025-12-15 18:07:30.42547
454,6052,irrigation,25,13420-219,0.2312,2025-12-15 18:07:49.931773,2025-12-15 18:07:49.931776
455,6052,irrigation,25,13420-177,0.109,2025-12-15 18:08:40.962384,2025-12-15 18:08:40.962386
456,6052,irrigation,25,13420-175,0.64,2025-12-15 18:09:02.722369,2025-12-15 18:09:02.722373
457,6052,irrigation,25,10-4301,0.31,2025-12-15 18:09:18.61868,2025-12-15 18:09:18.618683
458,6052,irrigation,25,13420-141,0.309,2025-12-15 18:09:26.767795,2025-12-15 18:09:26.767798
459,6052,irrigation,25,13420-143,0.0521,2025-12-15 18:09:43.608042,2025-12-15 18:09:43.608045
460,6052,irrigation,25,25-1583,5.715,2025-12-15 18:10:02.935301,2025-12-15 18:10:02.935306
461,6052,irrigation,25,30-2774,4.137,2025-12-15 18:10:22.285541,2025-12-15 18:10:22.285543
462,6052,irrigation,25,30-2737,8.131,2025-12-15 18:10:35.750623,2025-12-15 18:10:35.750626
463,6052,irrigation,25,13-2650,1.516,2025-12-15 18:10:55.657938,2025-12-15 18:10:55.657941
464,6052,irrigation,25,13-2670,0.736,2025-12-15 18:11:03.946891,2025-12-15 18:11:03.946895
465,6056,irrigation,309,32-1215,16.991,2025-12-16 15:32:19.635669,2025-12-16 15:32:19.635673
466,6056,irrigation,309,13-4164,445.709,2025-12-16 15:32:29.631104,2025-12-16 15:32:29.631106
467,6056,irrigation,309,20-3004,5.906,2025-12-16 15:32:36.534906,2025-12-16 15:32:36.534911
468,6056,irrigation,309,13-2100,0.477,2025-12-16 15:32:41.883467,2025-12-16 15:32:41.883469
469,6056,irrigation,309,22-1405,15.906,2025-12-16 15:32:48.340836,2025-12-16 15:32:48.340839
470,6056,irrigation,309,22-4175,39.61,2025-12-16 15:32:56.479955,2025-12-16 15:32:56.479958
471,6056,irrigation,309,22-1299,126.417,2025-12-16 15:33:07.035359,2025-12-16 15:33:07.035362
472,6056,irrigation,309,25-1518,34.04,2025-12-16 15:33:13.491972,2025-12-16 15:33:13.491976
473,6056,irrigation,309,22-1317,145.308,2025-12-16 15:33:21.480185,2025-12-16 15:33:21.480188
474,6056,irrigation,309,33-2606,7.295,2025-12-16 15:33:36.558969,2025-12-16 15:33:36.558973
475,6056,irrigation,309,13-1186,18.255,2025-12-16 15:33:43.786814,2025-12-16 15:33:43.786819
476,6056,irrigation,309,12-2180,0.24,2025-12-16 15:33:49.859903,2025-12-16 15:33:49.859906
477,6056,irrigation,309,12-2200,0.354,2025-12-16 15:33:54.784677,2025-12-16 15:33:54.78468
478,6056,irrigation,309,13-0710,0.201,2025-12-16 15:34:10.043035,2025-12-16 15:34:10.043039
479,6056,irrigation,309,20-2260,0.714,2025-12-16 15:34:25.461443,2025-12-16 15:34:25.461446
480,6056,irrigation,309,30-2707,0.297,2025-12-16 15:34:30.563794,2025-12-16 15:34:30.563797
481,6056,irrigation,309,13-1183,6.344,2025-12-16 15:34:37.362238,2025-12-16 15:34:37.362241
482,6056,irrigation,309,30-2737,6.397,2025-12-16 15:34:55.640924,2025-12-16 15:34:55.640926
483,6056,irrigation,309,2325-205,10.832,2025-12-16 15:35:05.034669,2025-12-16 15:35:05.034674
484,6056,irrigation,309,2800-437,49.69,2025-12-16 15:35:27.595286,2025-12-16 15:35:27.595289
485,6056,irrigation,309,22-1557,0.637,2025-12-16 15:35:42.610564,2025-12-16 15:35:42.610567
486,6056,irrigation,309,13420-136,1.119,2025-12-16 15:35:55.953551,2025-12-16 15:35:55.953554
487,6056,irrigation,309,13-2680,0.568,2025-12-16 15:36:04.115777,2025-12-16 15:36:04.115781
488,6056,drains,309,40-1974,1.646,2025-12-16 15:39:16.133982,2025-12-16 15:39:16.133987
489,6056,drains,309,40-1600,26.318,2025-12-16 15:39:23.68213,2025-12-16 15:39:23.682135
490,6056,drains,309,40-1661,1.005,2025-12-16 15:39:34.420104,2025-12-16 15:39:34.420107
491,6056,drains,309,13-0044,10.66,2025-12-16 15:39:41.059333,2025-12-16 15:39:41.059336
492,6056,drains,309,40-1461,3.066,2025-12-16 15:39:48.251017,2025-12-16 15:39:48.25102
493,6056,drains,309,23-60111,5.508,2025-12-16 15:39:59.980044,2025-12-16 15:39:59.980047
494,6054,irrigation,309,10-5310,105.164,2025-12-16 15:44:40.125769,2025-12-16 15:44:40.125774
495,6054,irrigation,309,10-5260,53.141,2025-12-16 15:44:47.432175,2025-12-16 15:44:47.432178
496,6054,irrigation,309,13420-188,65.856,2025-12-16 15:44:57.195783,2025-12-16 15:44:57.195786
497,6054,irrigation,309,13-1100,0.136,2025-12-16 15:45:02.215535,2025-12-16 15:45:02.21554
498,6054,irrigation,309,10-8001,13.419,2025-12-16 15:45:12.078508,2025-12-16 15:45:12.078511
499,6054,irrigation,309,10-1140,2.273,2025-12-16 15:45:18.551836,2025-12-16 15:45:18.551838
500,6054,irrigation,309,10-5440,0.768,2025-12-16 15:45:26.78525,2025-12-16 15:45:26.785253
501,6054,irrigation,309,10-1186,1.375,2025-12-16 15:46:05.267725,2025-12-16 15:46:05.267728
502,6054,irrigation,309,12-2040,0.192,2025-12-16 15:46:11.911968,2025-12-16 15:46:11.911971
503,6054,irrigation,309,13-2670,0.752,2025-12-16 15:46:18.394319,2025-12-16 15:46:18.394322
504,6055,drains,309,40-1974,1.646,2025-12-16 15:50:46.779943,2025-12-16 15:50:46.779946
505,6055,drains,309,40-1502,13.678,2025-12-16 15:50:56.515935,2025-12-16 15:50:56.515937
506,6055,drains,309,40-1393,83.231,2025-12-16 15:51:03.946503,2025-12-16 15:51:03.946506
507,6055,drains,309,40-1520,9.31,2025-12-16 15:51:12.336558,2025-12-16 15:51:12.336562
508,6055,drains,309,40-1661,1.005,2025-12-16 15:51:25.808039,2025-12-16 15:51:25.808043
509,6055,irrigation,309,13-2090,0.568,2025-12-16 15:53:11.366621,2025-12-16 15:53:11.366624
510,6055,irrigation,309,13-2110,0.354,2025-12-16 15:53:17.010631,2025-12-16 15:53:17.010633
511,6055,irrigation,309,28-1141,59.135,2025-12-16 15:53:24.085525,2025-12-16 15:53:24.085529
512,6055,irrigation,309,28-1139,25.657,2025-12-16 15:53:32.565123,2025-12-16 15:53:32.565125
513,6055,irrigation,309,22-1405,15.906,2025-12-16 15:53:41.068307,2025-12-16 15:53:41.06831
514,6055,irrigation,309,22-4176,42.002,2025-12-16 15:53:50.346815,2025-12-16 15:53:50.346818
515,6055,irrigation,309,20-3062,4.159,2025-12-16 15:53:59.822864,2025-12-16 15:53:59.822867
516,6055,irrigation,309,22-4181,169.584,2025-12-16 15:54:58.253913,2025-12-16 15:54:58.253917
517,6055,irrigation,309,22-4180,98.178,2025-12-16 15:55:09.712927,2025-12-16 15:55:09.712929
518,6055,irrigation,309,22-4179,71.808,2025-12-16 15:55:22.631394,2025-12-16 15:55:22.631397
519,6055,irrigation,309,22-4182,80.33,2025-12-16 15:55:32.823095,2025-12-16 15:55:32.823098
520,6055,irrigation,309,22-1508,65.085,2025-12-16 15:55:43.812735,2025-12-16 15:55:43.812739
521,6055,irrigation,309,22-1534,12.642,2025-12-16 17:10:07.144628,2025-12-16 17:10:07.144631
522,6055,irrigation,309,12-2220,0.477,2025-12-16 17:10:14.301496,2025-12-16 17:10:14.301499
523,6055,irrigation,309,12-2200,0.354,2025-12-16 17:10:20.378913,2025-12-16 17:10:20.378917
524,6055,irrigation,309,12-2180,0.24,2025-12-16 17:10:25.737174,2025-12-16 17:10:25.737177
525,6055,irrigation,309,25-2040,14.346,2025-12-16 17:10:34.13163,2025-12-16 17:10:34.131634
526,6055,irrigation,309,13-2420,0.483,2025-12-16 17:10:49.622142,2025-12-16 17:10:49.622145
527,6055,irrigation,309,13-2410,0.316,2025-12-16 17:11:03.449079,2025-12-16 17:11:03.449084
528,6055,irrigation,309,22-1541,5.738,2025-12-16 17:11:16.412999,2025-12-16 17:11:16.413002
529,6055,irrigation,309,22-1122,1.517,2025-12-16 17:11:31.760693,2025-12-16 17:11:31.760697
530,6055,irrigation,309,22-1540,0.289,2025-12-16 17:11:44.014949,2025-12-16 17:11:44.014951
531,6055,irrigation,309,22-1450,0.145,2025-12-16 17:38:39.170395,2025-12-16 17:38:39.170398
532,6055,irrigation,309,13420-084,0.604,2025-12-16 17:38:47.049822,2025-12-16 17:38:47.049824
533,6055,irrigation,309,12-2160,0.175,2025-12-16 17:38:54.021609,2025-12-16 17:38:54.021613
534,6055,irrigation,309,13-0710,0.25,2025-12-16 17:39:02.891571,2025-12-16 17:39:02.891574
535,6055,irrigation,309,13-0709,0.183,2025-12-16 17:39:30.15148,2025-12-16 17:39:30.151483
536,6055,irrigation,309,20-2260,0.714,2025-12-16 17:40:00.410962,2025-12-16 17:40:00.410964
537,6055,irrigation,309,30-2721,0.374,2025-12-16 17:40:06.813386,2025-12-16 17:40:06.813389
538,6055,irrigation,309,13-1189,6.258,2025-12-16 17:40:15.016064,2025-12-16 17:40:15.016068
539,6055,irrigation,309,25-2045,6.731,2025-12-16 17:41:10.212439,2025-12-16 17:41:10.212442
540,6055,irrigation,309,25-2109,1.525,2025-12-16 17:41:19.879468,2025-12-16 17:41:19.87947
541,6055,irrigation,309,13-2670,0.752,2025-12-16 17:41:31.882449,2025-12-16 17:41:31.882452
542,6055,irrigation,309,13-2680,0.568,2025-12-16 17:41:51.045795,2025-12-16 17:41:51.045797
543,6055,irrigation,309,14-2620,5.249,2025-12-16 17:41:58.631942,2025-12-16 17:41:58.631946
544,6055,irrigation,309,12-3010,0.897,2025-12-16 17:42:05.780874,2025-12-16 17:42:05.780877
545,6057,irrigation,25,13-2040,1.229,2025-12-18 16:49:12.74912,2025-12-18 16:49:12.749123
546,6057,irrigation,25,20-3045,21.05,2025-12-18 16:50:34.76703,2025-12-18 16:50:34.767034
547,6057,irrigation,309,30-2849,556,2025-12-18 18:00:20.227906,2026-01-07 22:22:11.20473
548,6057,irrigation,309,13-2030,1.925,2025-12-18 18:03:27.873848,2025-12-18 18:03:27.873851
549,6057,irrigation,309,13-2090,0.747,2025-12-18 18:03:39.718489,2025-12-18 18:03:39.718492
550,6057,irrigation,309,28-1143,715.748,2025-12-18 18:03:53.946264,2025-12-18 18:03:53.946268
551,6057,irrigation,309,1839-103,8691.8,2025-12-19 15:19:44.878863,2025-12-19 15:19:44.878866
552,6057,irrigation,116,1839-103,8691.8,2025-12-19 17:31:31.234835,2025-12-19 17:31:31.234839
553,6051,irrigation,309,14-2630,2.928,2025-12-22 17:24:00.777804,2025-12-22 17:24:00.777807
554,6051,irrigation,309,14-2640,2.091,2025-12-22 17:24:19.93448,2025-12-22 17:24:19.934483
555,6051,irrigation,309,14-2650,1.619,2025-12-22 17:24:39.064503,2025-12-22 17:24:39.064506
556,6051,irrigation,309,14-2660,1.01,2025-12-22 17:25:11.630858,2025-12-22 17:25:11.630861
557,6058,landscape,22,0746-115,40,2025-12-30 19:33:53.489457,2025-12-30 19:33:53.48946
558,6059,landscape,369,9302-623-DUP1,976,2026-01-06 02:59:19.155495,2026-01-06 02:59:19.155501
559,6058,drains,116,40-0001,13.56,2026-01-07 16:41:25.300594,2026-01-07 16:41:25.300599
560,6059,irrigation,309,13-1470,11153.85,2026-01-08 17:06:49.218617,2026-01-08 17:06:49.218622
561,6059,irrigation,116,32-0019,10270.55,2026-01-08 17:24:36.869194,2026-01-08 17:24:36.869202
562,6053,landscape,227,3110-224,180,2026-01-20 19:42:33.253993,2026-01-20 19:42:33.253996
563,6066,irrigation,116,96-0001,443.75,2026-01-26 15:26:09.764841,2026-01-26 15:26:09.764845
564,6066,irrigation,116,96-0001-DUP3,280,2026-01-26 15:27:21.179042,2026-01-26 15:27:21.179045
565,6066,irrigation,116,96-0001-DUP2,505,2026-01-26 15:28:29.550776,2026-01-26 15:28:29.55078
566,6066,irrigation,116,96-0001-DUP1,362.5,2026-01-26 15:30:00.605941,2026-01-26 15:30:00.605946
567,6066,irrigation,116,96-0001-DUP4,35,2026-01-26 15:36:22.658667,2026-01-26 15:36:22.65867
568,6059,irrigation,116,32-1009,291.99,2026-01-28 16:12:27.117488,2026-01-28 16:13:04.794893
569,6059,irrigation,116,30-2832,616.13,2026-01-28 16:13:23.28055,2026-01-28 16:13:23.280552
570,6059,irrigation,116,9302-214.4,2111.92,2026-01-28 16:13:47.020202,2026-01-28 16:13:47.020206
571,6059,irrigation,116,28-1193,157.217,2026-01-28 16:17:22.481172,2026-01-28 16:17:22.481175
572,6059,irrigation,116,13-1639,976.534,2026-01-28 16:17:54.799128,2026-01-28 16:17:54.799132
573,6050,irrigation,309,13-1167,0.19,2026-01-28 16:54:01.953791,2026-01-28 16:54:01.953796
574,6048,landscape,346,9302-165-DUP1,4.25,2026-01-29 00:47:13.180867,2026-01-29 00:47:44.702527
575,6048,landscape,332,9302-155-DUP2,18,2026-01-29 00:49:20.466348,2026-01-29 00:49:20.466354
576,6048,landscape,346,9302-165-DUP3,3,2026-01-29 00:50:16.461071,2026-01-29 00:50:16.461076
577,6048,landscape,346,9302-165-DUP4,16,2026-01-29 00:50:49.861755,2026-01-29 00:50:49.861759
578,6048,landscape,331,9302-135-DUP1,4,2026-01-29 00:51:56.057254,2026-01-29 00:51:56.057258
579,6048,landscape,332,9302-135-DUP2,45,2026-01-29 00:52:33.870614,2026-01-29 00:52:33.870617
580,6048,landscape,331,9302-135-DUP3,6.5,2026-01-29 00:52:59.369872,2026-01-29 00:52:59.369876
581,6048,landscape,227,9302-165-DUP1,20.7,2026-01-29 17:32:25.475868,2026-01-29 17:32:25.475872
582,6067,drains,116,40-1975.1,1.5961,2026-01-29 18:01:14.966262,2026-01-29 18:01:14.966266
583,6067,drains,116,33-1304,387.5,2026-01-29 18:01:29.913608,2026-02-23 17:40:07.375799
584,6067,drains,116,33-4556,429.89,2026-01-29 18:01:39.792265,2026-01-29 18:01:39.79227
585,6067,drains,116,40-4062,680.83,2026-01-29 18:01:52.543181,2026-01-29 18:01:52.543184
586,6068,landscape,364,95-0018-DUP1,3463,2026-01-29 18:40:23.570508,2026-01-29 18:40:23.570512
587,6068,landscape,364,95-0018-DUP2,868.47,2026-01-29 18:40:59.450885,2026-01-29 18:40:59.450891
588,6068,landscape,364,95-0018-DUP3,2120,2026-01-29 18:41:33.715067,2026-01-29 18:41:33.715072
589,6068,landscape,380,95-00183-DUP1,88.2,2026-01-29 18:54:12.763304,2026-01-29 18:54:12.763308
590,6068,landscape,380,95-00183-DUP2,33.57,2026-01-29 18:54:23.082281,2026-01-29 18:54:23.082284
591,6068,landscape,381,95-00184-DUP1,318.65,2026-01-29 18:59:06.660839,2026-01-29 18:59:06.660842
592,6068,landscape,381,95-00184-DUP2,493.91,2026-01-29 19:00:12.220017,2026-01-29 19:00:12.220022
593,6068,landscape,374,9302-620-DUP1,211.39,2026-01-30 16:49:03.052487,2026-01-30 16:49:03.052491
594,6068,landscape,374,9302-620-DUP2,451.06,2026-01-30 16:49:31.055709,2026-01-30 16:49:31.055713
595,5964,drains,116,40-1982,13.98,2026-01-30 17:50:32.300623,2026-01-30 17:50:32.300627
596,5964,drains,116,40-1972,6.67,2026-01-30 17:50:37.53072,2026-01-30 17:50:37.530723
597,6060,drains,25,40-1972,10.49,2026-01-30 18:17:29.230831,2026-01-30 18:17:29.230835
598,6060,drains,25,40-1973,3.741,2026-01-30 18:17:40.8888,2026-01-30 18:17:40.888803
599,6060,drains,25,40-1974,1.603,2026-01-30 18:17:49.015813,2026-01-30 18:17:49.015817
600,6060,drains,25,40-1661,0.983,2026-01-30 18:17:59.218716,2026-01-30 18:17:59.218719
601,6060,drains,25,40-4010,19.725,2026-01-30 18:18:10.665307,2026-01-30 18:18:10.665311
602,6060,drains,25,1-4,314.772,2026-01-30 18:18:23.515196,2026-01-30 18:18:23.5152
603,6060,drains,25,9312-249,30.943,2026-01-30 18:18:35.146964,2026-01-30 18:18:35.146969
604,6060,drains,25,9312-246,13.046,2026-01-30 18:18:45.512118,2026-01-30 18:18:45.512122
605,6060,drains,25,40-1611,29.855,2026-01-30 18:18:55.535549,2026-01-30 18:18:55.535553
606,6057,irrigation,309,32-1066,2210.67,2026-02-05 18:07:02.2215,2026-02-05 18:07:02.221505
607,6057,irrigation,309,32-1066-DUP1,91,2026-02-05 18:07:43.569778,2026-02-05 18:07:43.569784
608,6051,irrigation,309,10-2262,1,2026-02-06 15:38:37.569561,2026-02-06 15:38:37.569566
609,6053,irrigation,25,96-0002,84,2026-02-06 19:40:08.068107,2026-02-06 19:40:08.068112
610,6053,irrigation,385,96-0002-DUP1,92,2026-02-06 19:43:43.602015,2026-02-06 19:43:43.60202
611,6053,irrigation,385,96-0002-DUP2,16,2026-02-06 19:44:16.821051,2026-02-06 19:44:16.821056
612,6053,irrigation,385,96-0002-DUP3,17,2026-02-06 19:44:47.499182,2026-02-06 19:44:47.499187
613,6053,irrigation,385,96-0002-DUP5,6,2026-02-06 19:46:26.228812,2026-02-06 19:46:26.228817
614,6053,irrigation,385,96-0002-DUP6,44,2026-02-06 19:46:59.667491,2026-02-06 19:46:59.667494
615,6053,irrigation,385,96-0002-DUP7,258,2026-02-06 19:48:53.443856,2026-02-06 19:48:53.44386
616,6053,irrigation,385,96-0002-DUP8,24,2026-02-06 19:49:07.989406,2026-02-06 19:49:07.989412
617,6053,irrigation,385,96-0002-DUP9,20,2026-02-06 19:49:18.233529,2026-02-06 19:49:18.233533
618,6048,landscape,254,9311-312-DUP1,298,2026-02-06 21:31:23.700919,2026-02-06 21:31:23.700923
619,6048,landscape,254,9311-312-DUP2,25,2026-02-06 21:31:47.525631,2026-02-06 21:31:56.479638
620,6048,landscape,254,9311-312-DUP3,45,2026-02-06 21:32:06.322201,2026-02-06 21:32:06.322207
621,6048,landscape,254,95-1016-DUP1,103.93,2026-02-06 21:32:39.567919,2026-02-06 21:32:39.567925
622,6068,irrigation,116,13-1204,1368.78,2026-02-06 23:01:02.578256,2026-02-06 23:01:02.578261
623,6068,irrigation,116,15-1700,35.07,2026-02-06 23:01:34.162296,2026-02-06 23:01:34.1623
624,6068,irrigation,116,32-1083,2185.96,2026-02-06 23:02:49.73409,2026-02-06 23:02:49.734094
625,6068,irrigation,116,10-5315,124.17,2026-02-06 23:03:43.999865,2026-02-06 23:03:43.999869
626,6068,irrigation,116,13-1129,0.1332,2026-02-06 23:04:03.992688,2026-02-06 23:04:03.992693
627,6068,irrigation,116,32-5093,484.98,2026-02-06 23:04:34.159663,2026-02-06 23:04:34.159667
628,6068,irrigation,116,13-1042,0.642,2026-02-06 23:04:44.511179,2026-02-06 23:04:44.511184
629,6068,irrigation,116,12-3011,0.497,2026-02-06 23:05:01.274226,2026-02-06 23:05:01.27423
630,6068,irrigation,116,13-2090,0.56,2026-02-06 23:06:16.160181,2026-02-06 23:06:16.160186
631,6068,irrigation,116,13-2100,0.4808,2026-02-06 23:06:26.285948,2026-02-06 23:06:26.285954
632,6068,irrigation,116,13-2110,0.3576,2026-02-06 23:06:37.668704,2026-02-06 23:06:37.668707
633,6068,irrigation,116,13-2120,0.2361,2026-02-06 23:06:47.792428,2026-02-06 23:06:47.792433
634,6068,irrigation,116,28-1060,167.31,2026-02-06 23:07:04.467209,2026-02-06 23:07:04.467215
635,6068,irrigation,116,28-1040,147.34,2026-02-06 23:07:21.979361,2026-02-06 23:07:21.979364
636,6068,irrigation,116,28-1020,95.14,2026-02-06 23:07:38.818849,2026-02-06 23:07:38.818852
637,6068,irrigation,116,10-5400,94.11,2026-02-06 23:07:53.382091,2026-02-06 23:07:53.382096
638,6068,irrigation,116,10-5040,90.35,2026-02-06 23:08:15.850994,2026-02-06 23:08:15.850999
639,6068,irrigation,116,10-5020,67.65,2026-02-06 23:08:26.466913,2026-02-06 23:08:26.466917
640,6068,irrigation,116,10-5260,52.37,2026-02-06 23:08:35.395729,2026-02-06 23:08:35.395733
641,6068,irrigation,116,27-1142,105.04,2026-02-06 23:08:46.073046,2026-02-06 23:08:46.07305
642,6068,irrigation,116,20-3004,6.27,2026-02-06 23:09:10.965555,2026-02-06 23:09:10.965558
643,6068,irrigation,116,10-4268,534.9,2026-02-06 23:09:23.632812,2026-02-06 23:09:23.632816
644,6068,irrigation,116,10-4249,165.32,2026-02-06 23:09:40.481025,2026-02-06 23:09:40.48103
645,6068,irrigation,116,10-4196,1101.63,2026-02-06 23:09:52.193229,2026-02-06 23:09:52.193233
646,6068,irrigation,116,10-4192,1377.03,2026-02-06 23:10:04.63477,2026-02-06 23:10:04.634775
647,6068,irrigation,116,10-5294,64.87,2026-02-06 23:10:19.399484,2026-02-06 23:10:19.399489
648,6068,irrigation,116,33-2604,3.4,2026-02-06 23:10:33.782479,2026-02-06 23:10:33.782484
649,6068,irrigation,116,33-2608,19.4,2026-02-06 23:10:48.077933,2026-02-06 23:10:48.077938
650,6068,irrigation,116,13-1040,0.1332,2026-02-06 23:10:57.015639,2026-02-06 23:10:57.015645
651,6068,irrigation,116,13-1020,0.1332,2026-02-06 23:11:06.416462,2026-02-06 23:11:06.416468
652,6068,irrigation,116,13-1050,0.1332,2026-02-06 23:11:15.27362,2026-02-06 23:11:15.273625
653,6068,irrigation,116,10-1283,35.56,2026-02-06 23:11:24.974992,2026-02-06 23:11:24.974996
654,6068,irrigation,116,12-2220,0.4808,2026-02-06 23:11:39.842448,2026-02-06 23:11:39.842452
655,6068,irrigation,116,12-2200,0.3576,2026-02-06 23:11:50.168734,2026-02-06 23:11:50.168739
656,6068,irrigation,116,12-2180,0.2361,2026-02-06 23:11:58.40784,2026-02-06 23:11:58.407843
657,6068,irrigation,116,30-2765,312.0455,2026-02-06 23:12:23.960644,2026-02-06 23:12:23.960649
658,6068,irrigation,116,20-2260,0.56,2026-02-06 23:16:32.421655,2026-02-06 23:18:02.385232
659,6068,irrigation,116,30-2721,0.56,2026-02-06 23:17:30.49491,2026-02-06 23:17:30.494914
660,6068,irrigation,116,25-2045,6.72,2026-02-06 23:18:23.720047,2026-02-06 23:18:23.720053
661,6068,irrigation,116,12-2240,0.56,2026-02-06 23:18:31.034187,2026-02-06 23:18:31.034192
662,6068,irrigation,116,13-2650,1.573,2026-02-06 23:18:40.09133,2026-02-06 23:18:40.091334
663,6068,irrigation,116,13-2660,1.2554,2026-02-06 23:18:49.021423,2026-02-06 23:18:49.021428
664,6068,irrigation,116,13-2670,0.7485,2026-02-06 23:18:56.790811,2026-02-06 23:18:56.790816
665,6068,irrigation,116,32-1011,0.65,2026-02-06 23:19:04.526684,2026-02-06 23:19:04.526689
666,6068,irrigation,116,33-5070,1.97,2026-02-06 23:19:44.327977,2026-02-06 23:19:48.836131
667,6068,irrigation,116,9301-242,3795.51,2026-02-06 23:20:00.830181,2026-02-06 23:20:00.830185
668,6068,irrigation,116,33-2606,6.24,2026-02-06 23:20:17.869622,2026-02-06 23:20:17.869627
669,6051,irrigation,309,23-1060,1,2026-02-09 15:36:20.372253,2026-02-09 15:36:20.372257
670,6052,irrigation,25,96-0001,84,2026-02-09 16:36:19.39769,2026-02-09 16:36:19.397696
671,6052,irrigation,385,96-0001-DUP1,92,2026-02-09 16:37:08.51564,2026-02-09 16:37:08.515646
672,6052,irrigation,385,96-0001-DUP2,62,2026-02-09 16:37:38.5223,2026-02-09 16:37:38.522305
673,6052,irrigation,385,96-0001-DUP3,16,2026-02-09 16:38:50.138406,2026-02-09 16:38:50.13841
674,6052,irrigation,385,96-0001-DUP5,17,2026-02-09 16:39:42.858556,2026-02-09 16:39:42.85856
675,6052,irrigation,385,96-0001-DUP4,17,2026-02-09 16:40:06.272645,2026-02-09 16:40:06.272649
676,6052,irrigation,385,96-0001-DUP6,6,2026-02-09 16:40:28.414182,2026-02-09 16:40:28.414186
677,6052,irrigation,385,96-0001-DUP7,44,2026-02-09 16:40:50.682506,2026-02-09 16:40:50.682511
678,6052,irrigation,385,96-0001-DUP8,135,2026-02-09 16:41:29.435671,2026-02-09 16:41:29.435674
679,6068,irrigation,116,20-3002,13.1,2026-02-09 21:31:00.186793,2026-02-09 21:31:00.186796
680,6068,irrigation,116,30-2742,312.0455,2026-02-09 21:31:48.32321,2026-02-09 21:31:48.323213
681,6057,irrigation,116,32-1066-DUP1,91,2026-02-10 15:06:44.906112,2026-02-10 15:06:44.906117
682,6052,irrigation,25,12-2040-DUP1,0.01,2026-02-10 16:59:22.563156,2026-02-10 16:59:22.563161
683,6052,irrigation,25,20-2260-DUP2,0.01,2026-02-10 17:00:05.141598,2026-02-10 17:00:05.141602
684,6044,maintenance,332,10-20105-DUP1,3.75,2026-02-10 18:21:43.707599,2026-02-10 18:21:43.707604
685,5964,drains,25,40-1973,9.453488,2026-02-10 21:26:59.760899,2026-02-10 21:26:59.760905
686,5964,drains,25,40-1982,14.709302,2026-02-10 21:27:28.866182,2026-02-10 21:27:28.866186
687,6052,landscape,56,9311-311-DUP1,371,2026-02-10 21:28:15.251449,2026-02-10 21:28:15.251454
688,6052,landscape,56,9311-311-DUP2,860,2026-02-10 21:28:47.804447,2026-02-10 21:28:47.804452
689,6052,landscape,56,9311-311-DUP3,405,2026-02-10 21:30:32.901387,2026-02-10 21:30:32.901392
690,6052,landscape,56,9311-311-DUP4,275,2026-02-10 21:30:47.878193,2026-02-10 21:30:47.878198
691,6052,landscape,56,9311-311-DUP5,45,2026-02-10 21:30:58.791755,2026-02-10 21:30:58.791758
692,6052,landscape,56,9311-311-DUP6,247.54,2026-02-10 21:31:13.94875,2026-02-10 21:31:13.948753
693,6067,drains,116,33-13025,25,2026-02-10 21:56:44.243565,2026-02-10 21:56:44.24357
694,5964,drains,25,40-1972,9.453488,2026-02-10 21:58:23.9339,2026-02-10 21:58:23.933902
695,5964,drains,25,9300-510,478.1609,2026-02-10 21:59:02.504178,2026-02-10 21:59:02.504181
696,5964,drains,25,40-4067,0.01,2026-02-10 21:59:12.805464,2026-06-23 22:42:20.420635
697,5964,drains,25,40-4152,85.2,2026-02-10 21:59:21.224681,2026-09-03 16:48:31.67872
698,5964,drains,25,40-40681,234.2169,2026-02-10 21:59:29.391427,2026-02-10 21:59:29.391431
699,5964,drains,25,1-3,291.175,2026-02-10 21:59:39.520927,2026-02-10 21:59:39.52093
700,5964,drains,25,40-1981,3.741019,2026-02-10 22:00:21.249456,2026-02-10 22:00:21.249459
701,5964,drains,25,33-1344,3.63006,2026-02-10 22:02:37.410015,2026-02-10 22:02:37.410018
702,6051,irrigation,309,40-1055,1,2026-02-10 23:57:07.65928,2026-02-10 23:57:07.659283
703,6065,irrigation,309,13-2200,1.935,2026-02-11 19:06:07.960224,2026-02-11 19:06:07.960227
704,6065,irrigation,309,13-2270,0.751,2026-02-11 19:06:23.291374,2026-02-11 19:06:23.291377
705,6065,irrigation,309,9300-680,28.884,2026-02-11 19:06:57.375357,2026-02-11 19:06:57.37536
706,6065,irrigation,309,20-3043,18.013,2026-02-11 19:07:09.524786,2026-02-11 19:07:09.524791
707,6065,irrigation,309,28-1118,641.667,2026-02-11 19:07:20.912273,2026-02-11 19:07:20.912275
708,6065,irrigation,309,23-1060,40.949,2026-02-11 19:07:32.651368,2026-02-11 19:07:32.651372
709,6065,irrigation,309,10-5220,195.224,2026-02-11 19:07:47.238844,2026-02-11 19:07:47.238847
710,6065,irrigation,309,10-5180,122.524,2026-02-11 19:07:56.856615,2026-02-11 19:07:56.856618
711,6065,irrigation,309,10-5260,53.406,2026-02-11 19:08:10.825775,2026-02-11 19:08:10.825779
712,6065,irrigation,309,22-1203,14.316,2026-02-11 19:08:18.904578,2026-02-11 19:08:18.904582
713,6065,irrigation,309,32-1213,4.663,2026-02-11 19:08:43.726732,2026-02-11 19:08:43.726737
714,6065,irrigation,309,13420-190,79.68,2026-02-11 19:09:06.652512,2026-02-11 19:09:06.652515
715,6065,irrigation,309,20-3044,18.013,2026-02-11 20:13:22.170556,2026-02-11 20:13:22.17056
716,6065,irrigation,309,32-5077,137.644,2026-02-11 20:13:32.022493,2026-02-11 20:13:32.022497
717,6065,irrigation,309,32-5078,0.733,2026-02-11 20:13:44.526226,2026-02-11 20:13:44.526229
718,6065,irrigation,309,12-3010,0.897,2026-02-11 20:13:56.881405,2026-02-11 20:13:56.881409
719,6065,irrigation,309,33-2604,3.48,2026-02-11 20:14:08.05546,2026-02-11 20:14:08.055463
720,6065,irrigation,309,32-5046,102.862,2026-02-11 20:14:18.685561,2026-02-11 20:14:18.685565
721,6065,irrigation,309,9301-346,37.833,2026-02-11 20:14:36.620096,2026-02-11 20:14:36.620099
722,6065,irrigation,309,10-8036,17.3,2026-02-11 20:14:55.191599,2026-02-11 20:14:55.191602
723,6065,irrigation,309,10-5440,0.8,2026-02-11 20:15:03.721378,2026-02-11 20:15:23.614022
724,6065,irrigation,309,10-8029,3.697,2026-02-11 20:15:40.582796,2026-02-11 20:15:40.5828
725,6065,irrigation,309,13-2440,0.751,2026-02-11 20:15:45.64492,2026-02-11 20:15:45.644924
726,6065,irrigation,309,13-2430,0.638,2026-02-11 20:15:54.247638,2026-02-11 20:15:54.247641
727,6065,irrigation,309,13-2420,0.483,2026-02-11 20:16:04.134675,2026-02-11 20:16:04.134678
728,6065,irrigation,309,13-2410,0.316,2026-02-11 20:16:11.779256,2026-02-11 20:16:11.779259
729,6065,irrigation,309,10-8035,17.3,2026-02-11 20:16:20.678688,2026-02-11 20:16:20.678691
730,6065,irrigation,309,10-5441,1.085,2026-02-11 20:16:27.853465,2026-02-11 20:16:27.853468
731,6065,irrigation,309,10-2402,0.768,2026-02-11 20:16:46.895296,2026-02-11 20:16:46.895299
732,6065,irrigation,309,10-8015,17.709,2026-02-11 20:16:55.621317,2026-02-11 20:16:55.621321
733,6065,irrigation,309,10-5449,1.54,2026-02-11 20:17:05.938176,2026-02-11 20:17:05.938181
734,6065,irrigation,309,10-8039,20.614,2026-02-11 20:17:11.490675,2026-02-11 20:17:11.490679
735,6065,irrigation,309,30-2777,422,2026-02-11 20:17:46.393399,2026-02-11 20:17:46.393402
736,6065,irrigation,309,20-2260,0.714,2026-02-11 20:17:55.575917,2026-02-11 20:17:55.575921
737,6065,irrigation,309,30-2707,0.298,2026-02-11 20:18:02.964683,2026-02-11 20:18:02.964686
738,6065,irrigation,309,30-2715,2.405,2026-02-11 20:18:10.327665,2026-02-11 20:18:10.327668
739,6065,irrigation,309,10-8002,16.417,2026-02-11 20:18:17.459467,2026-02-11 20:18:17.459471
740,6065,irrigation,309,10-2595V,0.795,2026-02-11 20:18:26.068474,2026-02-11 20:18:26.068479
741,6065,irrigation,309,30-2833,7.581,2026-02-11 20:18:35.508674,2026-02-11 20:18:35.508679
742,6065,irrigation,309,30-2833-DUP1,0.719,2026-02-11 20:19:33.325505,2026-02-11 20:19:33.325509
743,6065,irrigation,309,14-2620,5.289,2026-02-11 20:19:44.908243,2026-02-11 20:19:44.908246
744,6065,irrigation,309,14-2640,2.104,2026-02-11 20:19:51.460474,2026-02-11 20:19:51.460477
745,6065,irrigation,309,14-2660,1.016,2026-02-11 20:20:00.421743,2026-02-11 20:20:00.421746
746,6065,irrigation,309,14-2650,1.628,2026-02-11 20:20:07.945704,2026-02-11 20:20:07.945707
747,6065,irrigation,309,14-2670,0.751,2026-02-11 20:20:17.36488,2026-02-11 20:20:17.364883
748,6065,irrigation,309,32-1011,0.945,2026-02-11 20:20:24.479368,2026-02-11 20:20:24.479371
749,6065,irrigation,309,33-2020,1.28,2026-02-11 20:20:34.795972,2026-02-11 20:20:48.349365
750,6065,irrigation,309,33-5070,1.95,2026-02-11 20:21:36.068502,2026-02-11 20:21:36.068505
751,6065,irrigation,309,9301-298,96.168,2026-02-11 20:21:53.68196,2026-02-11 20:21:53.681963
752,6053,landscape,387,9311-310-DUP1,742.49,2026-02-11 20:26:49.313644,2026-02-11 20:26:49.313648
753,6065,irrigation,309,40-2147,85.765,2026-02-11 20:26:57.680519,2026-02-11 20:26:57.680522
754,6065,irrigation,309,40-2146,44.016,2026-02-11 20:27:29.355428,2026-02-11 20:27:29.355432
755,6053,landscape,387,9311-310-DUP2,629.99,2026-02-11 20:27:43.576334,2026-02-11 20:27:43.576337
756,6065,irrigation,309,40-1738,61.16,2026-02-11 20:28:09.923567,2026-02-11 20:28:09.923569
757,6053,landscape,387,9311-310-DUP3,434.99,2026-02-11 20:28:25.073443,2026-02-11 20:28:25.073447
758,6065,irrigation,309,40-2145,13.14,2026-02-11 20:28:46.235625,2026-02-11 20:30:27.757037
759,6053,landscape,387,9311-310-DUP4,537.08,2026-02-11 20:28:51.559031,2026-02-11 20:28:51.559034
760,6053,landscape,387,9311-310-DUP5,394.05,2026-02-11 20:29:01.499296,2026-02-11 20:29:01.4993
761,6065,irrigation,309,9301-183,22.63,2026-02-11 20:29:37.185093,2026-02-11 20:29:50.111075
762,6065,irrigation,309,40-5218,24,2026-02-11 20:29:59.462714,2026-02-11 20:30:18.33489
763,6065,irrigation,309,32-1004,32.169,2026-02-11 20:37:58.91651,2026-02-11 20:37:58.916513
764,6065,irrigation,309,13-2110,0.354,2026-02-11 20:39:26.631778,2026-02-11 20:39:26.631782
765,6065,irrigation,309,22-1405,16.144,2026-02-11 20:39:46.676282,2026-02-11 20:39:46.676285
766,6065,irrigation,309,22-4176,42.844,2026-02-11 20:40:08.121342,2026-02-11 20:40:08.121346
767,6065,irrigation,309,28-1133,8.544,2026-02-11 20:40:18.524228,2026-02-11 20:40:18.524231
768,6065,irrigation,309,22-4179,72.887,2026-02-11 20:40:37.742148,2026-02-11 20:40:37.742151
769,6065,irrigation,309,22-1535,24.38,2026-02-11 20:40:48.744736,2026-02-11 20:40:48.744739
770,6065,irrigation,309,13-1172,0.385,2026-02-11 20:41:36.513996,2026-02-11 20:41:36.513999
771,6065,irrigation,309,22-1536,7.896,2026-02-11 20:42:00.642918,2026-02-11 20:42:00.642921
772,6065,irrigation,309,22-1122,1.54,2026-02-11 20:42:30.135029,2026-02-11 20:42:30.135032
773,6065,irrigation,309,12-2180,0.24,2026-02-11 20:42:45.079792,2026-02-11 20:42:45.079796
774,6065,irrigation,309,22-1540,0.295,2026-02-11 20:43:15.322683,2026-02-11 20:43:15.322688
775,6065,irrigation,309,22-1450,0.149,2026-02-11 20:43:24.674136,2026-02-11 20:43:24.674139
776,6065,irrigation,309,13420-084,0.65,2026-02-11 20:43:50.46519,2026-08-10 17:35:22.877349
777,6065,irrigation,309,402-101,0.714,2026-02-11 20:44:05.42441,2026-02-11 20:44:05.424414
778,6065,irrigation,309,22-1538,15.699,2026-02-11 20:44:22.651346,2026-02-11 20:44:22.651349
779,6065,irrigation,309,13420-092,13.021,2026-02-11 20:44:35.360708,2026-02-11 20:44:35.36071
780,6065,irrigation,309,13-2670,0.755,2026-02-11 20:44:52.898375,2026-02-11 20:44:52.898378
781,6065,irrigation,309,33-2603,2.477,2026-02-11 20:45:00.332596,2026-02-11 20:45:00.3326
782,6065,irrigation,309,13-0710,108.5,2026-02-11 20:45:42.887052,2026-02-11 20:45:42.887056
783,6065,irrigation,309,30-2721,0.376,2026-02-11 20:46:07.953324,2026-02-11 20:46:07.953326
784,6065,irrigation,309,13-1189,6.384,2026-02-11 20:46:21.161438,2026-02-11 20:46:21.161441
785,6050,drains,309,40-1902,220,2026-02-12 17:48:33.68331,2026-02-12 17:48:33.683313
786,6070,landscape,388,9302-620-DUP1,1298.53,2026-02-13 17:47:20.793314,2026-02-13 17:47:20.793318
787,6070,landscape,388,9302-620-DUP2,1930.88,2026-02-13 17:47:42.605406,2026-02-13 17:47:42.605409
788,6057,landscape,307,95-00182-DUP1,420,2026-02-13 22:25:52.527557,2026-02-13 22:25:52.52756
789,6057,landscape,307,95-00182-DUP2,2370,2026-02-13 22:26:45.980543,2026-02-13 22:26:45.980546
790,6057,landscape,307,95-00182-DUP3,4150,2026-02-13 22:27:13.233487,2026-02-13 22:27:13.23349
791,6057,landscape,307,95-00182-DUP4,2562.88,2026-02-13 22:27:22.279399,2026-02-13 22:27:22.279403
792,6057,landscape,389,95-00183-DUP1,3815,2026-02-13 22:38:07.597742,2026-02-13 22:38:07.597745
793,6057,landscape,389,95-00183-DUP2,4721,2026-02-13 22:38:21.624709,2026-02-13 22:38:21.624712
794,6057,landscape,390,95-00187-DUP1,500,2026-02-13 22:49:13.118935,2026-02-13 22:49:13.118938
795,6057,landscape,390,95-00187-DUP2,5780,2026-02-13 22:49:32.689019,2026-02-13 22:49:32.689022
796,6057,landscape,12,95-00185-DUP1,496,2026-02-13 22:57:09.499174,2026-02-13 22:57:09.499177
797,6057,landscape,12,95-00186-DUP1,354.64,2026-02-13 22:57:42.345215,2026-02-13 22:57:42.34522
798,6057,landscape,391,95-00187-DUP1,750,2026-02-13 23:06:53.960497,2026-02-13 23:06:53.9605
799,6057,landscape,391,95-00187-DUP2,842.43,2026-02-13 23:07:05.673691,2026-02-13 23:07:05.673694
800,6051,irrigation,309,13420-072,0.01,2026-02-16 16:54:22.569675,2026-02-16 16:54:22.569679
801,6063,irrigation,309,13-1050,0.1545,2026-02-17 18:05:30.377746,2026-02-17 18:05:30.37775
802,6063,irrigation,309,13-2090,0.6389,2026-02-17 18:06:26.602172,2026-02-17 18:06:26.602176
803,6063,irrigation,309,12-2200,0.373,2026-02-17 18:10:50.957145,2026-02-17 18:10:50.957147
804,6063,irrigation,309,13-2650,1.7783,2026-02-17 18:11:24.40681,2026-02-17 18:11:24.406812
805,6063,irrigation,116,12-2200-DUP1,0.2854,2026-02-17 18:14:11.415569,2026-02-17 18:14:11.415574
806,6063,irrigation,309,13-1020,0.1545,2026-02-17 18:17:15.67235,2026-02-17 18:17:15.672352
807,6063,irrigation,309,13-1040,0.1545,2026-02-17 18:17:59.17057,2026-02-17 18:17:59.170573
808,6063,irrigation,309,13-2670,0.7771,2026-02-17 18:19:30.274227,2026-02-17 18:19:30.274232
809,6072,irrigation,309,13-1202,829.736,2026-02-17 19:12:59.609477,2026-02-17 19:12:59.609479
810,6072,irrigation,309,13-1411,71.829,2026-02-17 19:13:05.293587,2026-02-17 19:13:05.293589
811,6072,irrigation,309,15-1660,25.38,2026-02-17 21:37:10.698092,2026-02-17 21:37:10.698095
812,6072,irrigation,309,32-1037,1093.243,2026-02-17 21:37:38.968677,2026-02-17 21:37:38.968679
813,6072,irrigation,309,13-1483,638.752,2026-02-17 21:38:00.497451,2026-02-17 21:38:00.497453
814,6072,irrigation,309,12-3010,0.897,2026-02-17 21:39:34.89267,2026-02-17 21:39:34.892674
815,6072,irrigation,309,13-2090,0.568,2026-02-17 21:39:52.633947,2026-02-17 21:39:52.63395
816,6072,irrigation,309,25-2071,209.42,2026-02-17 21:40:03.72469,2026-02-17 21:40:03.724694
817,6072,irrigation,309,15-1700,43.763,2026-02-17 21:40:12.752379,2026-02-17 21:40:12.752385
818,6072,irrigation,309,10-5400,97.401,2026-02-17 21:40:33.798247,2026-02-17 21:41:29.676381
819,6072,irrigation,309,10-5438,170.487,2026-02-17 21:41:29.56911,2026-02-17 21:41:29.569113
820,6072,irrigation,309,10-5310,106.738,2026-02-17 21:41:42.682177,2026-02-17 21:41:42.682183
821,6072,irrigation,309,10-5260,53.406,2026-02-17 21:41:58.215955,2026-02-17 21:41:58.215958
822,6072,irrigation,309,20-3004,6.095,2026-02-17 21:42:22.342766,2026-02-17 21:42:22.342769
823,6072,irrigation,309,33-2608,19.934,2026-02-17 21:42:37.58567,2026-02-17 21:42:37.585674
824,6072,irrigation,309,33-2603,2.465,2026-02-17 21:42:59.421253,2026-02-17 21:42:59.421256
825,6072,irrigation,309,33-2604,3.463,2026-02-17 21:43:08.690645,2026-02-17 21:43:08.690648
826,6072,irrigation,309,13-1040,0.144,2026-02-17 21:43:42.347797,2026-02-17 21:43:42.3478
827,6072,irrigation,309,13-1020,0.144,2026-02-17 21:43:47.406366,2026-02-17 21:43:47.406369
828,6072,irrigation,309,13-1050,0.144,2026-02-17 21:43:52.690637,2026-02-17 21:43:52.69064
829,6072,irrigation,309,10-8018,15.618,2026-02-17 21:44:08.684625,2026-02-17 21:44:08.684628
830,6072,irrigation,309,10-5440,2.29,2026-02-17 21:44:16.96335,2026-02-17 21:44:16.963353
831,6072,irrigation,309,10-1140,2.29,2026-02-17 21:44:35.294074,2026-02-17 21:44:35.294079
832,6072,irrigation,309,10-1180,3.502,2026-02-17 21:44:52.705873,2026-02-17 21:44:52.705877
833,6072,irrigation,309,12-2060,0.256,2026-02-17 21:45:05.72028,2026-02-17 21:45:05.720284
834,6072,irrigation,309,12-2040,0.82,2026-02-17 21:45:12.130653,2026-09-02 13:49:56.288034
835,6072,irrigation,309,13420-394,161.642,2026-02-17 21:45:27.481343,2026-02-17 21:45:27.481346
836,6072,irrigation,309,20-2260,0.706,2026-02-17 21:45:34.524693,2026-02-17 21:45:34.524696
837,6072,irrigation,309,30-2721,0.376,2026-02-17 21:45:44.706573,2026-02-17 21:45:44.706576
838,6072,irrigation,309,25-1583,4.4,2026-02-17 21:45:57.677635,2026-02-17 21:45:57.677637
839,6072,irrigation,309,30-2737,6.397,2026-02-17 21:46:07.34127,2026-02-17 21:46:07.341273
840,6072,irrigation,309,32-1011,0.708,2026-02-17 21:46:14.811867,2026-02-17 21:46:14.811869
841,6072,irrigation,309,33-5070,1.95,2026-02-17 21:46:25.514256,2026-02-17 21:46:25.51426
842,6072,irrigation,309,13-2650,1.582,2026-02-17 21:46:31.914029,2026-02-17 21:46:31.914035
843,6072,irrigation,309,13-2670,0.752,2026-02-17 21:46:49.203077,2026-02-17 21:46:49.203079
844,6072,irrigation,309,13-2110,0.354,2026-02-17 21:46:59.444046,2026-02-17 21:46:59.444048
845,6072,irrigation,309,10-5427,37.201,2026-02-17 21:47:07.570762,2026-02-17 21:47:07.570766
846,6072,irrigation,309,10-4261,82.134,2026-02-17 21:47:17.066009,2026-02-17 21:47:17.066015
847,6072,irrigation,309,10-4202,66.323,2026-02-17 21:47:24.692476,2026-02-17 21:47:24.69248
848,6072,irrigation,309,13-1171,0.41,2026-02-17 21:47:37.553579,2026-02-17 21:47:37.553581
849,6072,irrigation,309,13-1398,71.829,2026-02-17 21:47:44.660036,2026-02-17 21:47:44.660039
850,6072,irrigation,309,13-1129,0.144,2026-02-17 21:47:51.84316,2026-02-17 21:47:51.843164
851,6072,irrigation,309,13-1042,0.555,2026-02-17 21:48:05.565989,2026-02-17 21:48:05.565992
852,6072,irrigation,309,12-3011,0.684,2026-02-17 21:48:16.844993,2026-02-17 21:48:16.844997
853,6072,irrigation,309,10-53161,106.738,2026-02-17 21:48:32.882941,2026-02-17 21:48:32.882944
854,6072,irrigation,309,13420-188,65.856,2026-02-17 21:48:38.805592,2026-02-17 21:48:38.805596
855,6072,irrigation,309,33-2606,6.439,2026-02-17 21:48:57.348899,2026-02-17 21:48:57.348902
856,6072,irrigation,309,13-1090,0.144,2026-02-17 21:49:05.243182,2026-02-17 21:49:05.243185
857,6072,irrigation,309,13-1080,0.144,2026-02-17 21:49:14.30124,2026-02-17 21:49:14.301243
858,6072,irrigation,309,12-2080,0.42,2026-02-17 21:49:56.295917,2026-02-17 21:49:56.295921
859,6072,irrigation,309,13-2660,1.209,2026-02-17 21:50:06.071501,2026-02-17 21:50:06.071505
860,6072,irrigation,309,13-2680,0.568,2026-02-17 21:50:17.94573,2026-02-17 21:50:17.945735
861,6062,irrigation,116,20-3041,17.72,2026-02-18 23:35:01.054715,2026-02-18 23:35:01.054717
862,6062,irrigation,116,9300-776,111.6,2026-02-18 23:35:08.63687,2026-02-18 23:35:08.636874
863,6062,irrigation,116,25-2017,797.32,2026-02-18 23:35:22.802954,2026-02-18 23:35:22.802957
864,6062,irrigation,116,13-1032,0.63,2026-02-18 23:35:43.066893,2026-02-18 23:35:43.066896
865,6062,irrigation,116,12-3010,0.7,2026-02-18 23:35:49.18341,2026-02-18 23:35:49.183412
866,6062,irrigation,116,13-1129,0.1332,2026-02-18 23:35:56.588677,2026-02-18 23:35:56.588679
867,6062,irrigation,116,13-2190,2.817,2026-02-18 23:36:06.01312,2026-02-18 23:36:06.013123
868,6062,irrigation,116,13-2110,0.3518,2026-02-18 23:36:23.15986,2026-02-18 23:36:23.159865
869,6062,irrigation,116,23-1060,47.71,2026-02-18 23:36:33.464137,2026-02-18 23:36:33.464139
870,6062,irrigation,116,10-5240,216.13,2026-02-18 23:36:41.450076,2026-02-18 23:36:41.45008
871,6062,irrigation,116,10-5220,182.44,2026-02-18 23:38:06.554514,2026-02-18 23:38:06.554517
872,6062,irrigation,116,10-5180,114.5,2026-02-18 23:38:22.923686,2026-02-18 23:38:22.923689
873,6062,irrigation,116,10-5260,52.26,2026-02-18 23:38:31.929146,2026-02-18 23:38:31.929148
874,6062,irrigation,116,20-3001,12.51,2026-02-18 23:38:43.061611,2026-02-18 23:38:43.061616
875,6062,irrigation,116,20-3002,9.45,2026-02-18 23:38:55.678458,2026-02-18 23:38:55.678461
876,6062,irrigation,116,20-3004,4.52,2026-02-18 23:39:04.261111,2026-02-18 23:39:04.261113
877,6062,irrigation,116,20-3049,30.72,2026-02-18 23:39:12.25075,2026-02-18 23:39:12.250753
878,6062,irrigation,116,20-3042,5.32,2026-02-18 23:39:19.605416,2026-02-18 23:39:19.605418
879,6062,irrigation,116,33-2608,19.4,2026-02-18 23:39:33.555759,2026-02-18 23:39:33.555762
880,6062,irrigation,116,33-2604,3.4,2026-02-18 23:39:43.21598,2026-02-18 23:39:43.215983
881,6062,irrigation,116,33-2603,2.4,2026-02-18 23:39:53.996234,2026-02-18 23:39:53.996238
882,6062,irrigation,116,13-1167,0.23,2026-02-18 23:40:01.15292,2026-02-18 23:40:01.152923
883,6062,irrigation,116,13-1020,0.1332,2026-02-18 23:40:13.247924,2026-02-18 23:40:13.247927
884,6062,irrigation,116,13-1100,0.1332,2026-02-18 23:40:25.19226,2026-02-18 23:40:25.192263
885,6062,irrigation,116,13-1050,0.1332,2026-02-18 23:40:33.125247,2026-02-18 23:40:33.12525
886,6062,irrigation,116,22-1289,75.08,2026-02-18 23:40:41.523135,2026-02-18 23:40:41.52314
887,6062,irrigation,116,22-1326,29.47,2026-02-18 23:41:03.54989,2026-02-18 23:41:03.549893
888,6062,irrigation,116,13-2483,2.817,2026-02-18 23:41:12.669183,2026-02-18 23:41:12.669187
889,6062,irrigation,116,13-2482,1.9059,2026-02-18 23:41:23.301396,2026-02-18 23:41:23.301399
890,6062,irrigation,116,13-2481,1.293,2026-02-18 23:41:34.736487,2026-02-18 23:41:34.73649
891,6062,irrigation,116,13-2440,0.738,2026-02-18 23:41:42.954392,2026-02-18 23:41:42.954394
892,6062,irrigation,116,13-2430,0.63,2026-02-18 23:41:47.425829,2026-02-18 23:41:47.425833
893,6062,irrigation,116,13-2410,0.3118,2026-02-18 23:42:02.358563,2026-02-18 23:42:02.358567
894,6062,irrigation,116,13-2420,0.5051,2026-02-18 23:42:08.360643,2026-02-18 23:42:08.360646
895,6062,irrigation,116,32-1242,31.73,2026-02-18 23:42:22.106557,2026-02-18 23:42:22.10656
896,6062,irrigation,116,22-1291,15.54,2026-02-18 23:42:31.471085,2026-02-18 23:42:31.471089
897,6062,irrigation,116,12-1680,1.964,2026-02-18 23:42:40.259476,2026-02-18 23:42:40.259479
898,6062,irrigation,116,12-1660,1.243,2026-02-18 23:42:47.578826,2026-02-18 23:42:47.578828
899,6062,irrigation,116,12-1640,0.925,2026-02-18 23:42:54.37642,2026-02-18 23:42:54.376422
900,6062,irrigation,116,12-1620,0.775,2026-02-18 23:43:05.373534,2026-02-18 23:43:05.373537
901,6062,irrigation,116,12-1600,0.5804,2026-02-18 23:43:09.85707,2026-02-18 23:43:09.857074
902,6062,irrigation,116,12-1580,0.384,2026-02-18 23:43:17.224553,2026-02-18 23:43:17.224556
903,6062,irrigation,116,10-8001,13.33,2026-02-18 23:43:24.752225,2026-02-18 23:43:24.752228
904,6062,irrigation,116,10-8002,16.31,2026-02-18 23:43:36.599094,2026-02-18 23:43:36.599097
905,6062,irrigation,116,10-8029,3.52,2026-02-18 23:43:54.18438,2026-02-18 23:43:54.184382
906,6062,irrigation,116,10-1135,2.26,2026-02-18 23:44:11.737189,2026-02-18 23:44:11.737191
907,6062,irrigation,116,10-1180,3.41,2026-02-18 23:44:20.111793,2026-02-18 23:44:20.111797
908,6062,irrigation,116,9301-243,0.53,2026-02-18 23:44:27.255779,2026-02-18 23:44:27.255782
909,6062,irrigation,116,22-1290,4.21,2026-02-18 23:44:36.281923,2026-02-18 23:44:36.281926
910,6062,irrigation,116,10-1148,44.8,2026-02-18 23:44:47.970764,2026-02-18 23:44:47.970767
911,6062,irrigation,116,14-2620,5.186,2026-02-18 23:44:56.92481,2026-02-18 23:44:56.924814
912,6062,irrigation,116,14-2630,2.895,2026-02-18 23:45:04.947114,2026-02-18 23:45:04.947118
913,6062,irrigation,116,14-2640,2.068,2026-02-18 23:45:12.509696,2026-02-18 23:45:12.509698
914,6062,irrigation,116,14-2650,1.7834,2026-02-18 23:45:19.613704,2026-02-18 23:45:19.613707
915,6062,irrigation,116,14-2660,1.0732,2026-02-18 23:45:51.328302,2026-02-18 23:45:51.328307
916,6062,irrigation,116,30-2029,30.74,2026-02-18 23:46:39.607523,2026-02-18 23:46:39.607526
917,6062,irrigation,116,30-2028,20.12,2026-02-18 23:46:47.441198,2026-02-18 23:46:47.441201
918,6062,irrigation,116,30-2027,19.52,2026-02-18 23:46:54.53208,2026-02-18 23:46:54.532083
919,6062,irrigation,116,30-2026,18.33,2026-02-18 23:47:08.358335,2026-02-18 23:47:08.358339
920,6062,irrigation,116,30-2025,17.69,2026-02-18 23:47:17.471568,2026-02-18 23:47:17.471573
921,6062,irrigation,116,9301-298,48.19,2026-02-18 23:47:25.307945,2026-02-18 23:47:25.307948
922,6062,irrigation,116,32-1011,0.65,2026-02-18 23:47:36.288602,2026-02-18 23:47:36.288605
923,6062,irrigation,116,33-5072,45.82,2026-02-18 23:47:45.232629,2026-02-18 23:47:45.232632
924,6062,irrigation,116,40-1738,49.93,2026-02-18 23:47:57.306923,2026-02-18 23:47:57.306926
925,6062,irrigation,116,40-1737,30.75,2026-02-18 23:48:05.163547,2026-02-18 23:48:05.163551
926,6062,irrigation,116,9301-299,182.5,2026-02-18 23:48:30.87197,2026-02-18 23:48:30.871975
927,6062,irrigation,116,40-1057,102.22,2026-02-18 23:48:51.741788,2026-02-18 23:48:51.741792
928,6062,irrigation,116,SUB-BID,13.4,2026-02-18 23:49:02.757423,2026-02-18 23:49:02.757426
929,6062,irrigation,116,26-1303,13.4,2026-02-18 23:49:25.751316,2026-02-18 23:49:25.751318
930,6062,irrigation,116,31-2031,680,2026-02-18 23:49:42.494315,2026-09-09 18:12:30.437417
931,6062,irrigation,116,22-1195,17.52,2026-02-18 23:50:48.693685,2026-02-18 23:50:48.693689
932,6062,irrigation,116,9312-223,10.74,2026-02-18 23:50:57.877846,2026-02-18 23:50:57.877848
933,6062,irrigation,116,13-2305,3.33,2026-02-18 23:51:02.361234,2026-02-18 23:51:02.361237
934,6062,irrigation,116,9301-223,152.9038,2026-02-18 23:56:50.461524,2026-02-18 23:56:50.461527
935,6062,irrigation,116,9301-222,87.0359,2026-02-18 23:57:11.969964,2026-02-18 23:57:11.969966
936,6062,irrigation,116,9301-220,61.229,2026-02-18 23:57:24.413968,2026-02-18 23:57:24.413971
937,6062,irrigation,116,9301-221,28.5901,2026-02-18 23:57:34.067732,2026-02-18 23:57:34.067737
938,6062,irrigation,116,33-1120,1.91,2026-02-18 23:58:23.256697,2026-02-18 23:58:23.256702
939,6065,landscape,63,95-00182-DUP1,1227.6,2026-02-20 22:53:33.271531,2026-02-20 22:53:33.271534
940,6065,landscape,258,95-00182-DUP1,558,2026-02-20 23:11:19.88484,2026-02-20 23:11:19.884843
941,6071,irrigation,25,9312-223,12.5657,2026-02-23 18:31:44.294777,2026-02-23 18:31:44.29478
942,6071,irrigation,25,22-1195,27.3818,2026-02-23 18:32:09.752714,2026-02-23 18:32:09.752718
943,6071,irrigation,25,13-2305,3.7309,2026-02-23 18:32:37.959074,2026-02-23 18:32:37.959076
944,6071,irrigation,25,13-1441,5064.3261,2026-02-23 18:32:48.751203,2026-02-23 18:32:48.751208
945,6071,irrigation,25,25-2017,758.0578,2026-02-23 18:33:02.088925,2026-02-23 18:33:02.088928
946,6071,irrigation,25,9300-776,103.8989,2026-02-23 18:33:16.161975,2026-02-23 18:33:16.161979
947,6071,irrigation,25,20-3041,29.4847,2026-02-23 18:33:16.533027,2026-02-23 18:33:16.53303
948,6071,irrigation,25,13-2190,285.9176,2026-02-23 18:33:24.595426,2026-02-23 18:33:24.595429
949,6071,irrigation,25,23-1060,41.6047,2026-02-23 18:33:36.656794,2026-02-23 18:33:36.656796
950,6071,irrigation,25,10-5240,218.3726,2026-02-23 18:33:42.020608,2026-02-23 18:33:42.02061
951,6071,irrigation,25,10-5220,184.3304,2026-02-23 18:33:49.699252,2026-02-23 18:33:49.699254
952,6071,irrigation,25,10-5180,115.6861,2026-02-23 18:33:57.067455,2026-02-23 18:33:57.067457
953,6071,irrigation,25,10-5260,53.0722,2026-02-23 18:34:06.427699,2026-02-23 18:34:06.427701
954,6071,irrigation,25,20-3001,25.4012,2026-02-23 18:34:13.643973,2026-02-23 18:34:13.643975
955,6071,irrigation,25,20-3002,18.7229,2026-02-23 18:34:18.317139,2026-02-23 18:34:18.317143
956,6071,irrigation,25,20-3004,8.541,2026-02-23 18:34:32.05562,2026-02-23 18:34:32.055624
957,6071,irrigation,25,20-3049,29.4847,2026-02-23 18:34:35.172474,2026-02-23 18:34:35.172478
958,6071,irrigation,25,20-3042,29.4847,2026-02-23 18:34:41.131598,2026-02-23 18:34:41.131601
959,6071,irrigation,25,33-2606,6.825,2026-02-23 18:34:55.422956,2026-02-23 18:34:55.422959
960,6071,irrigation,25,10-1135,2.2917,2026-02-23 18:36:14.164599,2026-02-23 18:36:14.164602
961,6071,irrigation,25,10-8001,13.5344,2026-02-23 18:36:20.579254,2026-02-23 18:36:20.579256
962,6071,irrigation,25,13-2440,0.756,2026-02-23 18:36:32.383673,2026-02-23 18:36:32.383675
963,6071,irrigation,25,13-2430,0.6449,2026-02-23 18:36:41.120865,2026-02-23 18:36:41.120867
964,6071,irrigation,25,13-2420,0.684,2026-02-23 18:36:50.387894,2026-02-23 18:36:50.387896
965,6071,irrigation,25,13-2410,0.3192,2026-02-23 18:37:03.294205,2026-02-23 18:37:03.294208
966,6071,irrigation,25,22-1289,0.7997,2026-02-23 18:37:11.558732,2026-02-23 18:37:11.558735
967,6071,irrigation,25,13-2483,2.8591,2026-02-23 18:37:22.817862,2026-02-23 18:37:22.817864
968,6071,irrigation,25,13-2482,1.9731,2026-02-23 18:37:32.447501,2026-02-23 18:37:32.447504
969,6071,irrigation,25,13-2481,1.3121,2026-02-23 18:37:40.835227,2026-02-23 18:37:40.835229
970,6071,irrigation,25,30-2029,27.9621,2026-02-23 18:38:09.736122,2026-02-23 18:38:09.736166
971,6071,irrigation,25,30-2028,18.2984,2026-02-23 18:38:18.164823,2026-02-23 18:38:18.164827
972,6071,irrigation,25,30-2027,17.7582,2026-02-23 18:38:27.037499,2026-02-23 18:38:27.037502
973,6071,irrigation,25,30-2026,16.6691,2026-02-23 18:38:32.639418,2026-02-23 18:38:32.639421
974,6071,irrigation,25,32-1011,0.6776,2026-02-23 18:38:38.069611,2026-02-23 18:38:38.069614
975,6071,irrigation,25,33-5070,1.4039,2026-02-23 18:38:50.29841,2026-02-23 18:38:50.298414
976,6071,irrigation,25,40-1738,52.5381,2026-02-23 18:39:07.807084,2026-02-23 18:39:07.807086
977,6071,irrigation,25,40-1737,32.3476,2026-02-23 18:39:11.908083,2026-02-23 18:39:11.908086
978,6071,irrigation,25,9301-299,180,2026-02-23 18:39:22.994047,2026-02-23 18:39:29.327219
979,6071,irrigation,25,40-1057,107.5619,2026-02-23 18:39:49.045984,2026-02-23 18:39:49.045987
980,6071,irrigation,25,13-2110,0.3652,2026-02-23 18:40:15.633084,2026-02-23 18:40:15.633087
981,6071,irrigation,25,28-11861,24.4371,2026-02-23 18:40:28.976269,2026-02-23 18:40:28.976272
982,6071,irrigation,25,26-1303,6.0895,2026-02-23 18:41:04.29441,2026-02-23 18:41:04.294415
983,6071,irrigation,25,13-1160,0.2054,2026-02-23 18:49:18.421304,2026-02-23 18:49:18.421307
984,6071,irrigation,25,13-1020,0.1346,2026-02-23 18:49:26.274263,2026-02-23 18:49:26.274267
985,6071,irrigation,25,13-1050,0.1346,2026-02-23 18:49:38.439387,2026-02-23 18:49:38.439389
986,6071,irrigation,25,13-1167,0.2281,2026-02-23 18:49:44.892792,2026-02-23 18:49:44.892794
987,6070,irrigation,309,13-2190,0.01,2026-02-24 16:08:42.39143,2026-03-04 23:09:43.267345
988,6070,irrigation,309,13-2220,1.297,2026-02-24 16:08:44.506624,2026-02-24 16:08:44.506628
989,6070,irrigation,309,10-1148,0.86793,2026-02-24 16:10:16.349018,2026-02-24 16:10:16.349022
990,6070,irrigation,309,28-1265,278.125,2026-02-24 16:10:34.560078,2026-02-24 16:10:34.560081
991,6070,irrigation,309,9312-217,24.957,2026-02-24 16:10:45.99929,2026-02-24 16:10:45.999294
992,6070,irrigation,309,9312-223,23.291,2026-02-24 16:10:57.521656,2026-02-24 16:10:57.52166
993,6070,irrigation,309,28-1142,164.744,2026-02-24 16:11:03.391784,2026-02-24 16:11:03.391787
994,6070,irrigation,309,40-2147,80.594,2026-02-24 16:12:30.306308,2026-02-24 16:12:30.306311
995,6070,irrigation,309,10-7004,0.52,2026-02-24 16:14:08.089568,2026-02-24 16:14:08.089571
996,6070,irrigation,309,12-3010,0.897,2026-02-24 16:14:46.171116,2026-02-24 16:14:46.171118
997,6070,irrigation,309,33-2604,4.652,2026-02-24 16:14:57.510504,2026-02-24 16:14:57.510506
998,6070,irrigation,309,13-2420,0.01,2026-02-24 16:43:53.453948,2026-02-24 16:43:53.453952
999,6070,irrigation,309,13-2410,0.01,2026-02-24 16:44:23.988425,2026-02-24 16:44:23.988429
1000,6070,irrigation,309,14-2720,0.01,2026-02-24 16:45:25.585529,2026-02-24 16:45:25.585531
1001,6070,irrigation,309,14-2731,0.01,2026-02-24 16:45:53.470821,2026-02-24 16:45:53.470822
1002,6070,irrigation,309,14-2660,0.01,2026-02-24 16:46:41.361256,2026-02-24 16:46:41.361259
1003,6070,irrigation,309,10-2262-DUP1,0.01,2026-02-24 16:48:05.095356,2026-04-30 17:17:19.234558
1004,6072,landscape,331,1630-205,11.5,2026-02-24 20:02:37.814526,2026-02-24 20:02:37.814528
1005,6072,landscape,331,0896-505,11,2026-02-24 20:02:51.520068,2026-02-24 20:02:51.520074
1006,6070,drains,309,40-1899,270,2026-02-25 15:27:45.817495,2026-02-25 15:27:45.817497
1007,6073,landscape,307,95-0018-DUP1,3805,2026-02-25 16:22:27.313045,2026-02-27 23:08:17.979465
1008,6073,landscape,307,95-0018-DUP2,2050,2026-02-25 16:22:39.905898,2026-02-27 23:10:03.25797
1009,6052,irrigation,25,13420-177-DUP1,0.01,2026-02-26 18:04:46.193113,2026-02-26 18:04:46.193116
1010,6053,irrigation,25,13420-177-DUP1,0.01,2026-02-26 18:28:22.108926,2026-02-26 18:28:22.108929
1011,6070,drains,309,40-1982,0.01,2026-02-26 22:44:15.445966,2026-02-26 22:44:15.44597
1012,6070,drains,309,40-2010-DUP1,242.11,2026-02-26 22:45:10.223433,2026-04-13 18:33:39.016243
1013,6070,drains,309,40-1973,0.01,2026-02-26 22:48:30.528543,2026-02-26 22:48:30.528546
1014,6052,landscape,25,40-1220-DUP1,0.01,2026-02-27 16:25:27.546357,2026-02-27 16:25:27.546361
1015,6050,irrigation,309,13-2220,2.1,2026-02-27 17:26:27.11428,2026-02-27 17:26:27.114284
1016,6073,landscape,307,95-0018-DUP4,2270,2026-02-27 23:10:39.085483,2026-02-27 23:10:39.085486
1017,6073,landscape,307,95-0018-DUP5,2720,2026-02-27 23:11:22.09091,2026-02-27 23:11:22.090913
1018,6073,landscape,307,95-0018-DUP6,9500,2026-02-27 23:11:39.761706,2026-02-27 23:11:39.761709
1019,6073,landscape,307,95-0018-DUP7,6563.38,2026-02-27 23:11:49.682277,2026-02-27 23:11:49.682282
1020,6053,drains,25,40-1912,45,2026-02-28 16:57:44.603463,2026-02-28 16:57:44.603466
1021,6070,drains,309,40-2010,0.01,2026-03-02 19:41:53.068816,2026-03-02 19:41:53.068818
1022,6070,drains,309,33-1304,0.01,2026-03-04 15:41:34.175521,2026-03-04 15:41:34.175524
1023,6058,landscape,27,3920-705-DUP1,3.5,2026-03-04 18:55:10.041424,2026-03-04 18:55:10.041426
1024,6053,landscape,383,5169-160-DUP1,150,2026-03-05 18:00:50.525719,2026-03-05 18:00:50.525722
1025,6047,irrigation,116,33-2602-DUP1,0.01,2026-03-05 21:48:36.112623,2026-03-05 21:48:36.112626
1026,6051,landscape,357,95-00183-DUP1,644,2026-03-05 22:17:11.621559,2026-03-05 22:17:11.621562
1027,6051,landscape,357,95-00183-DUP2,1550,2026-03-05 22:17:28.29041,2026-03-05 22:17:28.290413
1028,6058,irrigation,116,22-1521-DUP1,0.01,2026-03-05 22:28:56.351335,2026-03-05 22:28:56.351338
1029,6051,landscape,371,95-00184-DUP1,45,2026-03-06 22:29:06.637539,2026-03-06 22:29:06.637542
1030,6051,landscape,371,95-00184-DUP2,235,2026-03-06 22:29:22.204732,2026-03-06 22:29:22.204734
1031,6051,landscape,371,95-00184-DUP3,40,2026-03-06 22:29:54.375204,2026-03-06 22:29:54.375206
1032,6051,landscape,371,95-00184-DUP4,285,2026-03-06 22:30:10.571838,2026-03-06 22:30:10.57184
1033,6051,landscape,371,95-00184-DUP5,235,2026-03-06 22:30:36.614903,2026-03-06 22:30:36.614905
1034,6051,landscape,371,95-00184-DUP6,40,2026-03-06 22:30:54.740977,2026-03-06 22:30:54.740979
1035,6051,landscape,371,95-00184-DUP7,69,2026-03-06 22:31:08.835201,2026-03-06 22:31:08.835204
1036,6063,drains,25,40-1974,1.6789,2026-03-09 15:19:57.046554,2026-03-09 15:19:57.046556
1037,6063,drains,25,40-1973,3.9807,2026-03-09 15:20:09.814232,2026-03-09 15:20:09.814234
1038,6063,drains,25,40-1972,11.1236,2026-03-09 15:20:33.461182,2026-03-09 15:20:33.461184
1039,6063,drains,25,40-1385,115.8673,2026-03-09 15:20:53.753215,2026-03-09 15:20:53.753217
1040,6063,drains,25,40-1502,13.0112,2026-03-09 15:21:02.942717,2026-03-09 15:21:02.94272
1041,6063,drains,25,40-0001,13.175,2026-03-09 15:21:11.081649,2026-03-09 15:21:11.081651
1042,6063,drains,25,40-1180,6.8898,2026-03-09 15:21:19.978716,2026-03-09 15:21:19.978718
1043,6063,drains,25,40-1100,2.9897,2026-03-09 15:21:29.022462,2026-03-09 15:21:29.022464
1044,6063,irrigation,25,9301-230,568,2026-03-09 15:25:50.936461,2026-03-09 15:25:50.936464
1045,6063,irrigation,25,13-1202,799.9059,2026-03-09 15:25:54.831626,2026-03-09 15:25:54.831628
1046,6063,irrigation,25,15-1660,20.7812,2026-03-09 15:26:05.3711,2026-03-09 15:26:05.371102
1047,6063,irrigation,25,13-1482,552.2222,2026-03-09 15:26:41.595125,2026-03-09 15:26:41.595128
1048,6063,irrigation,25,32-1027,915.44,2026-03-09 15:27:04.123714,2026-03-09 15:27:04.123716
1049,6063,irrigation,25,13-1705,293.8256,2026-03-09 15:27:53.499316,2026-03-09 15:27:53.499319
1050,6063,irrigation,25,33-1302,4.3753,2026-03-09 15:28:07.550002,2026-03-09 15:28:07.550004
1051,6063,irrigation,25,13-1065,346.78,2026-03-09 15:28:17.831739,2026-03-09 15:28:17.831744
1052,6063,irrigation,25,13-1019,39.2857,2026-03-09 15:28:24.314965,2026-03-09 15:28:24.314967
1053,6063,irrigation,25,27-1059,130.5889,2026-03-09 15:28:33.597314,2026-03-09 15:28:33.597316
1054,6063,irrigation,25,10-5260,54.08,2026-03-09 15:28:40.644004,2026-03-09 15:28:40.644007
1055,6063,irrigation,25,22-1551,44.2413,2026-03-09 15:28:53.90158,2026-03-09 15:28:53.901582
1056,6063,irrigation,25,22-1509,221.1761,2026-03-09 15:28:59.796795,2026-03-09 15:28:59.796798
1057,6063,irrigation,25,13-1030,0.06671,2026-03-09 15:29:49.449889,2026-03-09 15:29:49.449892
1058,6063,irrigation,25,12-3010,70.7882,2026-03-09 15:29:59.587684,2026-03-09 15:29:59.587686
1059,6063,irrigation,25,13-2090,56.3059,2026-03-09 15:30:11.196202,2026-03-09 15:30:11.196205
1060,6063,irrigation,25,13-2100,48.1882,2026-03-09 15:30:17.909565,2026-03-09 15:30:17.909567
1061,6063,irrigation,25,28-1040,157.9416,2026-03-09 15:30:25.290278,2026-03-09 15:30:25.290281
1062,6063,irrigation,25,10-5400,93.9075,2026-03-09 15:30:31.346247,2026-03-09 15:30:31.34625
1063,6063,irrigation,25,10-5020,67.5062,2026-03-09 15:30:39.072928,2026-03-09 15:30:39.072931
1064,6063,irrigation,25,10-5418,146.89,2026-03-09 15:30:46.58224,2026-03-09 15:30:46.582242
1065,6063,irrigation,25,20-3062,4.6867,2026-03-09 15:30:51.544324,2026-03-09 15:30:51.544327
1066,6063,irrigation,25,32-1246,861.6118,2026-03-09 15:30:58.102925,2026-03-09 15:30:58.102928
1067,6063,irrigation,25,32-1232,260.1548,2026-03-09 15:31:06.392967,2026-03-09 15:31:06.392969
1068,6063,irrigation,25,22-1317,140.5141,2026-03-09 15:31:14.857263,2026-03-09 15:31:14.857265
1069,6063,irrigation,25,13-1040,0.0562,2026-03-09 15:31:42.458186,2026-03-09 15:31:42.458188
1070,6063,irrigation,25,13-1020,0.1632,2026-03-09 15:32:05.432943,2026-08-28 16:04:10.592182
1071,6063,irrigation,25,13-1050,0.0562,2026-03-09 15:33:30.692327,2026-03-09 15:33:30.692329
1072,6063,irrigation,25,13-1182,29.15,2026-03-09 15:33:44.494367,2026-03-09 15:33:44.49437
1073,6063,irrigation,25,12-2200,0.3652,2026-03-09 15:33:57.583997,2026-03-09 15:33:57.584
1074,6063,irrigation,25,12-2180,0.2384,2026-03-09 15:34:06.53668,2026-03-09 15:34:06.536682
1075,6063,irrigation,25,10-8019,18.3445,2026-03-09 15:34:16.316378,2026-03-09 15:34:16.31638
1076,6063,irrigation,25,10-8020,3.8937,2026-03-09 15:34:30.052643,2026-03-09 15:34:30.052645
1077,6063,irrigation,25,13240-200,145.72,2026-03-09 15:35:34.391196,2026-03-09 15:35:34.391198
1078,6063,irrigation,25,13-1195,1028.98,2026-03-09 15:36:04.953948,2026-03-09 15:36:04.95395
1079,6063,irrigation,25,20-2260,0.7052,2026-03-09 15:36:11.99201,2026-03-09 15:36:11.992012
1080,6063,irrigation,25,30-2721,0.3432,2026-03-09 15:36:33.665362,2026-03-09 15:36:33.665364
1081,6063,irrigation,25,30-2737,6.7012,2026-03-09 15:36:42.233443,2026-03-09 15:36:42.233445
1082,6063,irrigation,25,32-1011,0.6776,2026-03-09 15:36:52.666819,2026-03-09 15:36:52.666821
1083,6063,irrigation,25,25-2045,7.1846,2026-03-09 15:36:59.851037,2026-03-09 15:36:59.851039
1084,6063,irrigation,25,13420-144,0.2668,2026-03-09 15:37:08.411362,2026-03-09 15:37:08.411365
1085,6063,irrigation,25,13420-141,0.2971,2026-03-09 15:37:17.91352,2026-03-09 15:37:17.913522
1086,6063,irrigation,25,13420-143,0.0535,2026-03-09 15:37:43.448023,2026-03-09 15:37:43.448025
1087,6063,irrigation,25,2800-437,0.05205,2026-03-09 15:38:01.025851,2026-03-09 15:38:01.025853
1088,6063,irrigation,25,13-2650,1.5725,2026-03-09 15:38:18.408306,2026-03-09 15:38:18.408309
1089,6063,irrigation,25,13-2670,0.76,2026-03-09 15:38:50.594048,2026-03-09 15:38:50.59405
1090,6063,irrigation,25,33-1304,0.0349464,2026-03-09 15:39:59.167164,2026-03-09 15:39:59.167166
1091,6063,irrigation,25,12-3011,0.0507,2026-03-09 15:40:19.774269,2026-03-09 15:40:19.774271
1092,6063,irrigation,25,33-2603,2.4829,2026-03-09 15:40:32.279839,2026-03-09 15:40:32.279842
1093,6063,irrigation,25,13-1034,0.1337432,2026-03-09 15:41:04.839201,2026-03-09 15:41:04.839203
1094,6063,irrigation,25,46-1000,0.0865704,2026-03-09 15:41:36.526742,2026-03-09 15:41:36.526744
1095,6073,drains,25,40-1520,9.549,2026-03-09 15:46:07.826306,2026-03-09 15:46:07.826308
1096,6073,drains,25,29-0034,5.381,2026-03-09 15:46:34.844948,2026-03-09 15:46:34.844951
1097,6073,drains,25,40-1661,1.005,2026-03-09 15:46:52.799257,2026-03-09 15:46:52.799259
1098,6073,drains,25,40-1600,26.994,2026-03-09 15:47:06.457485,2026-03-09 15:47:06.457488
1099,6073,drains,25,11-0044,2.86,2026-03-09 15:47:18.825396,2026-03-09 15:47:18.825399
1100,6073,drains,25,40-1974,1.646,2026-03-09 15:48:23.990878,2026-03-09 15:48:23.99088
1101,6073,drains,309,40-1974,1.646,2026-03-09 15:49:01.637061,2026-03-09 15:49:01.637063
1102,6073,drains,309,40-1520,9.549,2026-03-09 15:49:21.338739,2026-03-09 15:49:21.338741
1103,6073,drains,309,29-0034,5.381,2026-03-09 15:49:34.379561,2026-03-09 15:49:34.379563
1104,6073,drains,309,40-1661,1.005,2026-03-09 15:49:44.536992,2026-03-09 15:49:44.536995
1105,6073,drains,309,40-1600,26.994,2026-03-09 15:49:55.163959,2026-03-09 15:49:55.163961
1106,6073,drains,309,11-0044,2.86,2026-03-09 15:50:03.959498,2026-03-09 15:50:03.959501
1107,6073,irrigation,309,13-1202,627.658,2026-03-09 15:50:54.638943,2026-03-09 15:50:54.638945
1108,6073,irrigation,309,32-1078,1836.236,2026-03-09 15:51:05.236607,2026-03-09 15:51:05.236609
1109,6073,irrigation,309,15-1660,25.38,2026-03-09 15:52:27.099943,2026-03-09 15:52:27.099945
1110,6073,irrigation,309,32-1004,44.016,2026-03-09 15:52:41.550546,2026-03-09 15:52:41.550548
1111,6073,irrigation,309,25-1180,572.055,2026-03-09 15:52:52.509759,2026-03-09 15:52:52.509761
1112,6073,irrigation,309,20-3004,6.095,2026-03-09 15:53:14.183353,2026-03-09 15:53:14.183355
1113,6073,irrigation,309,13-1129,0.144,2026-03-09 15:53:25.266815,2026-03-09 15:53:25.266818
1114,6073,irrigation,309,32-5092,424.956,2026-03-09 15:53:38.294064,2026-03-09 15:53:38.294066
1115,6073,irrigation,309,12-3011,0.684,2026-03-09 15:54:49.675942,2026-03-09 15:54:49.675945
1116,6073,irrigation,309,13-2080,0.752,2026-03-09 15:55:50.797162,2026-03-09 15:55:50.797164
1117,6073,irrigation,309,13-2090,0.568,2026-03-09 15:56:00.103367,2026-03-09 15:56:00.103369
1118,6073,irrigation,309,28-1080,225.559,2026-03-09 15:56:28.960576,2026-03-09 15:56:28.960579
1119,6073,irrigation,309,28-1060,187.611,2026-03-09 15:56:40.012251,2026-03-09 15:56:40.012253
1120,6073,irrigation,309,40-5218,22.101,2026-03-09 15:56:53.978457,2026-03-09 15:56:53.978459
1121,6073,irrigation,309,20-3001,16.961,2026-03-09 15:57:14.180875,2026-03-09 15:57:14.180877
1122,6073,irrigation,309,20-3002,12.973,2026-03-09 15:57:21.244843,2026-03-09 15:57:21.244845
1123,6073,irrigation,309,10-5340,60.861,2026-03-09 15:57:41.177501,2026-03-09 15:57:41.177504
1124,6073,irrigation,309,20-3045,13.805,2026-03-09 15:58:02.701855,2026-03-09 15:58:02.701857
1125,6073,irrigation,309,10-5020,67.974,2026-03-09 15:58:15.965691,2026-03-09 15:58:15.965693
1126,6073,irrigation,309,10-5438,170.819,2026-03-09 15:58:34.495869,2026-03-09 15:58:34.495872
1127,6073,irrigation,309,10-4268,502.685,2026-03-09 15:58:48.705285,2026-03-09 15:58:48.705288
1128,6073,irrigation,309,10-4240,85.913,2026-03-09 15:59:05.79603,2026-03-09 15:59:05.796033
1129,6073,irrigation,309,32-0081,1636.98,2026-03-09 15:59:14.046902,2026-03-09 15:59:14.046904
1130,6073,irrigation,309,10-4249,155.358,2026-03-09 15:59:40.084442,2026-03-09 15:59:40.084445
1131,6073,irrigation,309,10-4192,1294.119,2026-03-09 15:59:58.101698,2026-03-09 15:59:58.101701
1132,6073,irrigation,309,10-4196,1035.297,2026-03-09 16:00:22.977142,2026-03-09 16:00:22.977144
1133,6073,irrigation,309,10-5294,65.182,2026-03-09 16:00:30.720033,2026-03-09 16:00:30.720035
1134,6073,irrigation,309,33-2608,20.034,2026-03-09 16:00:44.259749,2026-03-09 16:00:44.259751
1135,6073,irrigation,309,33-2604,3.48,2026-03-09 16:00:55.575275,2026-03-09 16:00:55.575278
1136,6073,irrigation,309,33-2603,2.477,2026-03-09 16:01:02.577783,2026-03-09 16:01:02.577785
1137,6073,irrigation,309,13-1040,0.22,2026-03-09 16:01:28.424889,2026-03-09 16:01:28.424891
1138,6073,irrigation,309,13-1020,0.144,2026-03-09 16:01:49.842181,2026-03-09 16:01:49.842184
1139,6073,irrigation,309,13-1050,0.144,2026-03-09 16:01:58.114448,2026-03-09 16:01:58.11445
1140,6073,irrigation,309,9301-346,37.833,2026-03-09 16:02:59.326419,2026-03-09 16:02:59.326421
1141,6073,irrigation,309,10-8000,5.682,2026-03-09 16:03:14.992636,2026-03-09 16:03:14.992639
1142,6073,irrigation,309,10-1140,2.29,2026-03-09 16:03:40.727963,2026-03-09 16:03:40.727965
1143,6073,irrigation,309,10-1180,3.502,2026-03-09 16:04:02.061423,2026-03-09 16:04:02.061426
1144,6073,irrigation,309,12-2200,0.354,2026-03-09 16:04:17.201601,2026-03-09 16:04:17.201603
1145,6073,irrigation,309,12-2180,0.24,2026-03-09 16:04:24.625298,2026-03-09 16:04:24.6253
1146,6073,irrigation,309,13420-394,161.957,2026-03-09 16:04:42.792958,2026-03-09 16:04:42.79296
1147,6073,irrigation,309,20-2260,0.706,2026-03-09 16:05:03.42738,2026-03-09 16:05:03.427382
1148,6073,irrigation,309,30-2721,0.376,2026-03-09 16:05:13.657707,2026-03-09 16:05:13.657709
1149,6073,irrigation,309,13420-175,0.592,2026-03-09 16:05:40.870388,2026-03-09 16:05:40.87039
1150,6073,irrigation,309,30-2737,6.409,2026-03-09 16:05:58.158999,2026-03-09 16:05:58.159001
1151,6073,irrigation,309,13-2640,2.255,2026-03-09 16:06:19.275108,2026-03-09 16:06:19.275111
1152,6073,irrigation,309,13-2670,0.752,2026-03-09 16:06:29.81365,2026-03-09 16:06:29.813652
1153,6073,irrigation,309,32-1011,0.688,2026-03-09 16:06:42.529646,2026-03-09 16:06:42.529649
1154,6073,irrigation,309,33-1304,0.0995,2026-03-09 16:07:12.6195,2026-03-09 16:07:12.619502
1155,6073,irrigation,309,33-5070,1.95,2026-03-09 16:07:29.572552,2026-03-09 16:07:29.572555
1156,6073,irrigation,309,20-2821,13.805,2026-03-09 16:07:51.808106,2026-03-09 16:07:51.808109
1157,6073,irrigation,309,10-8015,17.709,2026-03-09 16:08:07.489777,2026-03-09 16:08:07.48978
1158,6073,irrigation,309,10-8029,3.697,2026-03-09 16:08:29.574006,2026-03-09 16:08:29.574009
1159,6073,irrigation,309,12-2220,0.477,2026-03-09 16:08:47.633155,2026-03-09 16:08:47.633157
1160,6073,irrigation,309,13423-144,0.245,2026-03-09 16:09:03.256717,2026-03-09 16:09:03.256719
1161,6073,irrigation,309,13420-141,0.284,2026-03-09 16:09:17.034044,2026-03-09 16:09:17.034046
1162,6073,irrigation,309,13420-185,0.038945,2026-03-09 16:09:53.383806,2026-03-09 16:09:53.383809
1163,6073,irrigation,309,13-2660,0.752,2026-03-09 16:10:13.767587,2026-03-09 16:10:13.767589
1164,6070,irrigation,309,40-2145,12.96,2026-03-09 16:31:48.644733,2026-03-09 16:32:08.130246
1165,6063,drains,25,40-2020-DUP1,0.01,2026-03-09 19:06:44.29721,2026-03-09 19:06:44.297213
1166,6051,irrigation,309,10-2262-DUP1,0.01,2026-03-10 14:29:44.471256,2026-03-10 14:29:44.471259
1167,6051,irrigation,309,30-2721-DUP2,0.01,2026-03-10 14:42:51.09086,2026-03-10 14:42:51.090862
1168,6051,irrigation,309,30-2721-DUP1,0.01,2026-03-10 14:42:52.546714,2026-03-10 14:42:52.546716
1169,6072,irrigation,309,30-2721-DUP1,0.01,2026-03-10 15:06:41.008646,2026-03-10 15:06:41.008649
1170,6063,drains,25,40-2020,0.01,2026-03-10 18:59:28.622047,2026-03-10 18:59:28.62205
1171,6074,landscape,12,9311-310-DUP1,1457.76,2026-03-11 16:49:07.335959,2026-03-11 16:49:07.335962
1172,6074,landscape,12,9311-310-DUP2,74.39,2026-03-11 16:49:28.374597,2026-03-11 16:49:28.374599
1173,6074,landscape,12,9311-310-DUP3,109.08,2026-03-11 16:49:39.559634,2026-03-11 16:49:39.559637
1174,6074,landscape,12,95-1029-DUP1,1037.91,2026-03-11 16:50:49.87824,2026-03-11 16:50:49.878243
1175,6074,landscape,394,9302-620-DUP1,4339.3,2026-03-11 16:59:21.476347,2026-03-11 16:59:21.47635
1176,6074,landscape,394,95-1016-DUP1,709.54,2026-03-11 16:59:44.524437,2026-03-11 16:59:44.524439
1177,6053,landscape,147,9302-071-DUP1,30,2026-03-12 15:25:22.58661,2026-03-12 15:25:22.586612
1178,6076,irrigation,116,13-1698,1131.55,2026-03-12 21:55:35.600752,2026-03-12 21:55:35.600755
1179,6076,irrigation,116,9300-663,850.5,2026-03-12 21:55:51.141852,2026-03-12 21:55:51.141855
1180,6076,irrigation,116,10-5635,77.6,2026-03-12 21:56:11.140414,2026-03-12 21:56:11.140416
1181,6076,irrigation,116,28-1144,80.63,2026-03-12 21:56:21.067014,2026-03-12 21:56:21.067016
1182,6076,irrigation,116,40-2146,35.27,2026-03-12 21:57:27.976315,2026-03-12 21:59:20.282098
1183,6076,irrigation,116,22-1393,133.5,2026-03-12 21:57:48.94722,2026-03-12 21:57:48.947222
1184,6076,irrigation,116,13-2200,1.897,2026-03-12 21:58:17.78123,2026-03-12 21:58:17.781232
1185,6076,irrigation,116,32-0011,136.23,2026-03-12 21:59:27.096514,2026-03-12 21:59:27.096518
1186,6076,irrigation,116,40-5219,26.47,2026-03-12 22:04:47.749399,2026-03-12 22:04:47.749401
1187,6076,irrigation,116,15-1720,53.44,2026-03-12 22:04:57.954232,2026-03-12 22:04:57.954234
1188,6076,irrigation,116,15-2060,26.21,2026-03-12 22:05:08.317759,2026-03-12 22:05:08.317761
1189,6076,irrigation,116,15-1580,9.56,2026-03-12 22:05:19.562816,2026-03-12 22:05:19.562818
1190,6076,irrigation,116,15-1740,7.88,2026-03-12 22:05:29.358049,2026-03-12 22:05:29.358051
1191,6076,irrigation,116,15-1750,22.8,2026-03-12 22:05:39.295259,2026-03-12 22:05:39.295262
1192,6076,irrigation,116,15-1590,12.74,2026-03-12 22:05:48.471439,2026-03-12 22:05:48.471441
1193,6076,irrigation,116,22-1416,116.2,2026-03-12 22:06:08.059974,2026-03-12 22:06:08.059977
1194,6076,irrigation,116,22-1415,133.5,2026-03-12 22:06:18.616512,2026-03-12 22:06:18.616514
1195,6076,irrigation,116,12-0254,25.66,2026-03-12 22:06:30.967514,2026-03-12 22:06:30.967517
1196,6076,irrigation,116,33-5071,1.97,2026-03-12 22:06:38.598266,2026-03-12 22:06:38.598269
1197,6076,irrigation,116,33-2604,3.08,2026-03-12 22:06:57.10377,2026-03-12 22:06:57.103772
1198,6076,irrigation,116,13-1011,0.4533,2026-03-12 22:07:07.003743,2026-03-12 22:07:07.003745
1199,6076,irrigation,116,33-1880,1.23,2026-03-12 22:07:33.3732,2026-03-12 22:07:33.373202
1200,6076,irrigation,116,14-0201,245.52,2026-03-12 22:12:05.902241,2026-03-12 22:12:05.902243
1201,6076,irrigation,116,13-1425,1923.07,2026-03-12 22:12:14.576274,2026-03-12 22:12:14.576277
1202,6076,irrigation,116,10-5360,60.14,2026-03-12 22:12:30.162506,2026-03-12 22:12:30.162508
1203,6076,irrigation,116,10-4229,161.76,2026-03-12 22:12:49.264953,2026-03-12 22:12:49.264955
1204,6076,irrigation,116,10-4268,523.39,2026-03-12 22:12:58.694616,2026-03-12 22:12:58.694618
1205,6049,irrigation,116,30-2729-DUP1,0.01,2026-03-13 15:09:41.513488,2026-03-13 15:09:41.51349
1206,6076,irrigation,116,9300-240-DUP1,0.01,2026-03-16 21:17:45.907851,2026-03-25 15:53:49.375402
1207,6073,irrigation,309,33-2603-DUP1,0.01,2026-03-18 14:45:50.899635,2026-03-18 14:45:50.899637
1208,6072,irrigation,309,N/A,0.01,2026-03-18 16:25:47.127149,2026-03-18 16:25:47.127152
1209,6076,irrigation,116,9300-240-DUP2,0.01,2026-03-20 14:51:35.323654,2026-03-20 14:51:35.323656
1210,6049,irrigation,116,30-2721-DUP1,0.01,2026-03-20 16:08:49.813165,2026-03-20 16:08:49.813168
1211,6077,irrigation,116,1839-101,7097.14,2026-03-20 18:27:23.10417,2026-03-20 18:27:23.104173
1212,6068,drains,116,40-1902,200,2026-03-23 15:52:34.59,2026-03-23 15:52:34.590002
1213,6068,drains,395,40-1902-DUP1,125,2026-03-23 15:54:36.569399,2026-03-23 15:54:36.569403
1214,6077,drains,116,40-1971,19.923,2026-03-23 17:53:22.244067,2026-03-23 17:53:22.244069
1215,6077,drains,116,40-1982,13.826,2026-03-23 17:53:51.03345,2026-03-23 17:53:51.033453
1216,6077,drains,116,40-1972,6.604,2026-03-23 17:54:01.054581,2026-03-23 17:54:01.054584
1217,6077,drains,116,40-1973,3.648,2026-03-23 17:54:21.504508,2026-03-23 17:54:21.504512
1218,6077,drains,116,40-1974,1.578,2026-03-23 17:54:26.541541,2026-03-23 17:54:26.541544
1219,6077,drains,116,40-1429,17.81,2026-03-23 17:54:40.050908,2026-03-23 17:54:40.050912
1220,6077,drains,116,40-1020,5.68,2026-03-23 17:55:07.152592,2026-03-23 17:55:07.152595
1221,6077,drains,116,40-40791,18.49,2026-03-23 17:55:17.392878,2026-03-23 17:55:17.392883
1222,6077,drains,116,40-1502,13.83,2026-03-23 17:55:25.694067,2026-03-23 17:55:25.69407
1223,6077,drains,116,7000-100,0.647,2026-03-23 17:56:20.971119,2026-03-23 17:58:02.065092
1224,6077,drains,116,9312-247,20.35,2026-03-23 17:58:36.590242,2026-03-23 17:58:36.590244
1225,6077,drains,116,9312-249,0.01,2026-03-23 17:58:43.006318,2026-04-17 14:45:16.835945
1226,6077,irrigation,116,13-1208,1615.9,2026-03-23 18:00:22.571892,2026-03-23 18:00:22.571895
1227,6077,irrigation,116,15-1700,35.07,2026-03-23 18:01:01.170442,2026-03-23 18:01:01.170448
1228,6077,irrigation,116,13-1415,155.77,2026-03-23 18:01:50.097759,2026-03-23 18:01:50.097762
1229,6077,irrigation,116,32-1083,2156.97,2026-03-23 18:02:00.375281,2026-03-23 18:02:02.367317
1230,6077,irrigation,116,10-5220,182.44,2026-03-23 18:02:12.035686,2026-03-23 18:02:12.03569
1231,6077,irrigation,116,32-0074,136.23,2026-03-23 18:02:19.517872,2026-03-23 18:02:19.517876
1232,6077,irrigation,116,32-5092,419.88,2026-03-23 18:02:29.38971,2026-03-23 18:02:29.389713
1233,6077,irrigation,116,32-0073,579.67,2026-03-23 18:02:35.688904,2026-03-23 18:02:35.688908
1234,6077,irrigation,116,13-1042,0.4405,2026-03-23 18:02:49.053805,2026-03-23 18:02:49.053808
1235,6077,irrigation,116,12-3011,0.4804,2026-03-23 18:02:57.60847,2026-03-23 18:02:57.608473
1236,6077,irrigation,116,33-2603,2.22,2026-03-23 18:03:05.415017,2026-03-23 18:03:05.41502
1237,6077,irrigation,116,13-2030,1.689,2026-03-23 18:03:17.94974,2026-03-23 18:03:17.949743
1238,6077,irrigation,116,13-2110,0.3518,2026-03-23 18:03:26.432511,2026-03-23 18:03:26.432513
1239,6077,irrigation,116,9301-250,0.65,2026-03-23 18:03:44.198925,2026-03-23 18:03:44.198928
1240,6077,irrigation,116,25-2056,632.23,2026-03-23 18:04:23.553216,2026-03-23 18:04:23.553219
1241,6077,irrigation,116,15-1725,102.31,2026-03-23 18:04:46.02981,2026-03-23 18:04:46.029812
1242,6077,irrigation,116,25-2069,117.77,2026-03-23 18:05:04.998782,2026-03-23 18:05:04.998784
1243,6077,irrigation,116,15-1660,20.13,2026-03-23 18:05:24.976079,2026-03-23 18:05:24.976082
1244,6077,irrigation,116,10-5400,93.43,2026-03-23 18:05:33.114757,2026-03-23 18:05:33.114761
1245,6077,irrigation,116,10-53161,111.79,2026-03-23 18:05:44.709257,2026-03-23 18:05:44.709259
1246,6077,irrigation,116,10-5260,51.99,2026-03-23 18:05:54.061768,2026-03-23 18:05:54.061771
1247,6077,irrigation,116,13420-188,64.07,2026-03-23 18:06:02.587545,2026-03-23 18:06:02.587548
1248,6077,irrigation,116,20-3004,4.72,2026-03-23 18:06:09.964351,2026-03-23 18:06:09.964354
1249,6077,irrigation,116,10-5438,167.5616756,2026-03-23 18:06:22.748717,2026-03-23 18:06:22.748721
1250,6077,irrigation,116,33-2606,6.24,2026-03-23 18:06:35.718979,2026-03-23 18:06:35.718983
1251,6077,irrigation,116,32-0016,101.44,2026-03-23 18:06:50.30969,2026-03-23 18:06:50.309694
1252,6077,irrigation,116,32-1007,45,2026-03-23 18:07:21.858095,2026-03-23 18:21:07.264847
1253,6077,irrigation,116,9301-346,31.65,2026-03-23 18:07:56.364953,2026-03-23 18:08:28.753002
1254,6077,irrigation,116,10-8034,15.441544,2026-03-23 18:08:52.201996,2026-03-23 18:08:52.201998
1255,6077,irrigation,116,10-8029,3.5,2026-03-23 18:09:05.001683,2026-03-23 18:09:05.001686
1256,6077,irrigation,116,12-2080,0.339,2026-03-23 18:09:22.365237,2026-03-23 18:09:22.36524
1257,6077,irrigation,116,12-2060,0.2471,2026-03-23 18:09:28.938215,2026-03-23 18:09:28.938218
1258,6077,irrigation,116,12-2040,0.1826,2026-03-23 18:09:35.957058,2026-03-23 18:09:35.957061
1259,6077,irrigation,116,10-1234,35.3,2026-03-23 18:09:51.352027,2026-03-23 18:09:51.35203
1260,6077,irrigation,116,13420-394,158.86,2026-03-23 18:10:09.691273,2026-03-23 18:10:09.691277
1261,6077,irrigation,116,20-2260,0.54,2026-03-23 18:10:19.864273,2026-03-23 18:10:19.864275
1262,6077,irrigation,116,30-2721,0.23,2026-03-23 18:10:29.592028,2026-03-23 18:10:29.592031
1263,6077,irrigation,116,10-8024,6.88,2026-03-23 18:10:57.998567,2026-03-23 18:10:57.998571
1264,6077,irrigation,116,13420-175,0.58,2026-03-23 18:11:02.540786,2026-03-23 18:11:02.54079
1265,6077,irrigation,116,13-2630,3.6715,2026-03-23 18:11:11.986197,2026-03-23 18:11:11.9862
1266,6077,irrigation,116,13-2670,0.716,2026-03-23 18:11:22.768759,2026-03-23 18:11:22.768763
1267,6077,irrigation,116,13-2660,1.186,2026-03-23 18:11:30.565129,2026-03-23 18:11:30.565134
1268,6077,irrigation,116,13-2680,0.5303,2026-03-23 18:11:46.520098,2026-03-23 18:11:46.520102
1269,6077,irrigation,116,32-1011,0.65,2026-03-23 18:11:52.007578,2026-03-23 18:11:52.007582
1270,6077,irrigation,116,12-6010,0.5,2026-03-23 18:12:06.881338,2026-03-23 18:12:06.881342
1271,6077,irrigation,116,32-1250,0.14,2026-03-23 18:12:42.815108,2026-03-23 18:12:42.81511
1272,6077,irrigation,116,12-6018,7.73,2026-03-23 18:20:21.517419,2026-03-23 18:20:21.517422
1273,6077,irrigation,116,32-0072,25.66,2026-03-23 18:21:23.122141,2026-03-23 18:21:23.122144
1274,6077,irrigation,116,10-7002,0.4373,2026-03-23 18:22:40.623784,2026-03-23 18:22:40.623786
1275,6076,irrigation,116,33-5071-DUP1,0.01,2026-03-25 15:54:35.516668,2026-03-25 15:54:35.516671
1276,6059,irrigation,309,10-2262,0.01,2026-03-27 14:19:52.413403,2026-03-27 14:19:52.413406
1277,6077,landscape,263,95-00184-DUP1,1458.39,2026-03-27 20:55:00.874308,2026-03-27 20:55:00.874311
1278,6077,landscape,263,95-00184-DUP2,3104.06,2026-03-27 20:55:19.191184,2026-03-27 20:55:19.191187
1279,6065,irrigation,309,10-2262-DUP1,0.01,2026-03-30 15:05:57.477725,2026-04-23 14:23:02.85112
1280,6076,irrigation,116,15-1580-DUP1,0.01,2026-03-30 15:59:27.455028,2026-03-30 15:59:27.455031
1281,6076,irrigation,116,9300-240,0.01,2026-03-30 20:07:00.423279,2026-03-30 20:07:00.423282
1282,6047,drains,116,40-2010-DUP2,0.01,2026-03-31 15:13:14.398423,2026-04-03 14:47:19.523424
1283,6047,drains,116,40-2010-DUP1,0.01,2026-03-31 15:13:17.25309,2026-04-03 14:47:23.464875
1284,6076,irrigation,116,9305-218-DUP1,0.01,2026-03-31 21:53:41.452736,2026-05-04 14:33:20.128779
1285,6070,irrigation,309,12-2012-DUP1,0.01,2026-04-01 14:14:02.477519,2026-04-17 14:57:56.677554
1286,6049,landscape,331,4825-407-DUP1,10.5,2026-04-02 20:46:10.993966,2026-04-02 20:46:10.993969
1287,6047,drains,116,40-2010-DUP3,0.01,2026-04-03 14:47:16.593921,2026-04-03 14:47:16.593924
1288,6072,irrigation,309,95-0053,500,2026-04-03 21:41:09.298854,2026-08-08 00:36:44.258147
1289,6051,irrigation,309,40-1745-DUP1,0.01,2026-04-07 14:10:48.118035,2026-04-07 14:10:48.118041
1290,6051,irrigation,309,32-1001-DUP1,0.01,2026-04-07 14:13:03.031848,2026-04-07 14:13:03.03185
1291,6065,irrigation,309,40-1427-DUP1,0.01,2026-04-07 14:42:55.512235,2026-04-07 14:42:55.512239
1292,6059,irrigation,309,20-3046,0.01,2026-04-07 14:50:32.816549,2026-04-07 14:50:32.816554
1293,6058,irrigation,116,30-2721-DUP1,0.01,2026-04-07 15:24:44.969416,2026-04-07 15:24:44.969419
1294,6057,landscape,303,2101-1000,13,2026-04-07 15:42:07.176181,2026-04-07 15:42:07.176185
1295,6047,landscape,8,1572-124,110,2026-04-07 21:26:27.848668,2026-04-07 21:26:27.848673
1296,6077,drains,116,40-2010-DUP1,0.01,2026-04-09 16:39:58.053703,2026-04-14 16:48:39.338901
1297,6077,drains,116,40-2020-DUP1,0.01,2026-04-09 16:40:30.919938,2026-04-17 14:46:01.534309
1298,6077,drains,116,40-1974-DUP2,0.01,2026-04-09 16:43:30.82123,2026-04-09 16:43:30.821233
1299,6077,drains,116,40-1974-DUP1,0.01,2026-04-09 16:43:32.960333,2026-04-09 16:43:32.960336
1300,6059,drains,309,40-1974-DUP1,0.01,2026-04-10 16:55:00.262154,2026-04-10 16:55:00.262157
1301,6059,drains,309,40-1973-DUP1,0.01,2026-04-10 16:56:47.046831,2026-04-10 16:56:47.046833
1302,6056,landscape,332,0391-805,16.5,2026-04-10 18:53:01.031288,2026-04-10 18:53:01.031294
1303,6050,irrigation,309,10-5449-DUP1,0.01,2026-04-13 14:13:26.395273,2026-04-13 14:13:26.395277
1304,6050,irrigation,309,10-5449,0.01,2026-04-13 14:15:06.119034,2026-04-13 14:15:06.119038
1305,6047,drains,116,40-1521-DUP1,0.01,2026-04-13 14:41:56.178878,2026-04-13 14:41:56.178882
1306,6070,drains,116,40-2010-DUP2,274.43,2026-04-13 18:34:17.289468,2026-04-13 18:34:17.28947
1307,9990,drains,168,40-1912,1000,2026-04-14 05:34:34.416575,2026-04-14 05:34:34.416577
1308,6059,irrigation,309,33-2606-DUP2,0.01,2026-04-14 14:17:53.953627,2026-04-14 14:17:53.95363
1309,6059,irrigation,309,33-2606-DUP1,0.01,2026-04-14 14:17:55.439349,2026-04-14 14:17:55.439352
1310,6049,irrigation,116,10-2262-DUP1,0.01,2026-04-15 21:00:25.161871,2026-04-28 15:26:21.826036
1311,6047,drains,116,40-2010,381,2026-04-16 14:09:26.029692,2026-04-16 14:09:26.029697
1312,6047,drains,309,40-2010,195,2026-04-16 14:10:33.511622,2026-04-16 14:10:33.511624
1313,6074,irrigation,25,33-2606-DUP1,0.01,2026-04-16 17:02:06.692589,2026-04-16 17:02:06.692592
1314,6065,irrigation,309,22-1540-DUP2,0.01,2026-04-17 14:40:21.459494,2026-04-17 14:40:21.459497
1315,6065,irrigation,309,22-1540-DUP3,0.01,2026-04-17 14:40:52.875899,2026-04-17 14:40:52.875903
1316,6048,irrigation,309,5388-109-DUP1,0.01,2026-04-20 15:02:11.549885,2026-04-20 15:02:11.549888
1317,6048,irrigation,309,5388-102-DUP1,0.01,2026-04-20 15:03:54.166377,2026-04-20 15:03:54.16638
1318,6076,irrigation,116,9305-218-DUP2,0.01,2026-04-20 16:27:54.468947,2026-05-04 14:33:23.70543
1319,6059,landscape,306,0440-505,8.25,2026-04-22 16:50:38.293159,2026-04-22 16:50:38.293162
1320,6078,irrigation,116,1839-101,9490,2026-04-24 18:41:24.352525,2026-04-24 18:41:31.36013
1321,6078,drains,309,40-1974,1.646,2026-04-27 18:18:24.802683,2026-04-27 18:18:24.802685
1322,6078,drains,309,32-1181,0.317,2026-04-27 18:18:51.818838,2026-04-27 18:18:51.81884
1323,6078,drains,309,40-5001,2.38,2026-04-27 18:19:04.224735,2026-04-27 18:19:04.224738
1324,6078,drains,309,40-1600,26.994,2026-04-27 18:19:36.495555,2026-04-27 18:19:36.495558
1325,6078,drains,309,40-1502,14.029,2026-04-27 18:19:47.795023,2026-04-27 18:19:47.795025
1326,6078,drains,309,40-4010,20.186,2026-04-27 18:19:56.163641,2026-04-27 18:19:56.163644
1327,6078,drains,309,16-0418,4.124,2026-04-27 18:20:05.88222,2026-04-27 18:20:05.882222
1328,6078,drains,309,9312-249,36.215,2026-04-27 18:20:16.636098,2026-04-27 18:20:16.6361
1329,6078,drains,309,9312-246,16.65,2026-04-27 18:20:24.707121,2026-04-27 18:20:24.707123
1330,6078,drains,309,40-40551,334.25,2026-04-27 18:20:39.954434,2026-04-27 18:20:39.954436
1331,6078,drains,309,40-1664,244.022,2026-04-27 18:20:51.391268,2026-04-27 18:20:51.39127
1332,6078,drains,309,40-1975,1.7,2026-04-27 18:21:17.402443,2026-04-27 18:21:34.109355
1333,6078,irrigation,309,9300-776,85.76,2026-04-27 18:30:38.9166,2026-04-27 18:30:38.916602
1334,6078,irrigation,309,25-2017,759.265,2026-04-27 18:30:45.549347,2026-04-27 18:30:45.54935
1335,6078,irrigation,309,22-1195,25.022,2026-04-27 18:31:04.817975,2026-04-27 18:31:04.817977
1336,6078,irrigation,309,9312-223,22.8,2026-04-27 18:31:14.521726,2026-09-01 15:49:57.024811
1337,6078,irrigation,309,13-1042,0.555,2026-04-27 18:31:36.927007,2026-04-27 18:31:36.927009
1338,6078,irrigation,309,12-3011,0.684,2026-04-27 18:31:45.142198,2026-04-27 18:31:45.1422
1339,6078,irrigation,309,13-2190,2.827,2026-04-27 18:31:53.091358,2026-04-27 18:31:53.091361
1340,6078,irrigation,309,23-1060,41.028,2026-04-27 18:32:03.198199,2026-04-27 18:32:03.198201
1341,6078,irrigation,309,10-5240,227.194,2026-04-27 18:32:11.271997,2026-04-27 18:32:11.271999
1342,6078,irrigation,309,20-3001,16.978,2026-04-27 18:32:20.621883,2026-04-27 18:32:20.621885
1343,6078,irrigation,309,10-5220,190.334,2026-04-27 18:32:29.571249,2026-04-27 18:32:29.571251
1344,6078,irrigation,309,20-3002,12.985,2026-04-27 18:32:37.399078,2026-04-27 18:32:37.39908
1345,6078,irrigation,309,10-5180,120.251,2026-04-27 18:32:45.864584,2026-04-27 18:32:45.864586
1346,6078,irrigation,309,20-3004,6.101,2026-04-27 18:32:54.980696,2026-04-27 18:32:54.980698
1347,6078,irrigation,309,33-2604,3.487,2026-04-27 18:33:16.770162,2026-04-27 18:33:56.849107
1348,6078,irrigation,309,33-2608,20.053,2026-04-27 18:34:00.686407,2026-04-27 18:34:00.686409
1349,6078,irrigation,309,33-2603,2.48,2026-04-27 18:34:10.594214,2026-04-27 18:34:10.594216
1350,6078,irrigation,309,13-1167,0.229,2026-04-27 18:34:22.014385,2026-04-27 18:34:22.014387
1351,6078,irrigation,309,13-1020,0.149,2026-04-27 18:34:31.867015,2026-04-27 18:34:31.867018
1352,6078,irrigation,309,13-1050,0.149,2026-04-27 18:34:35.119446,2026-04-27 18:34:35.119448
1353,6078,irrigation,309,10-1180,3.502,2026-04-27 18:34:45.003626,2026-04-27 18:34:45.003628
1354,6078,irrigation,309,25-1412,13.901,2026-04-27 18:35:02.976588,2026-04-27 18:35:02.97659
1355,6078,irrigation,309,13-2420,0.483,2026-04-27 18:35:12.489025,2026-04-27 18:35:12.489027
1356,6078,irrigation,309,13-2410,0.316,2026-04-27 18:35:20.707327,2026-04-27 18:35:20.707329
1357,6078,irrigation,309,12-1580,0.419,2026-04-27 18:35:28.475478,2026-04-27 18:35:28.475481
1358,6078,irrigation,309,22-1326,30.177,2026-04-27 18:35:40.405488,2026-04-27 18:35:40.405491
1359,6078,irrigation,309,32-1242,29.415,2026-04-27 18:35:45.949586,2026-04-27 18:35:45.949589
1360,6078,irrigation,309,22-1289,76.902,2026-04-27 18:36:36.676596,2026-04-27 18:36:36.676598
1361,6078,irrigation,309,22-1291,15.91,2026-04-27 18:36:49.147034,2026-04-27 18:36:49.147037
1362,6078,irrigation,309,13-2482,1.925,2026-04-27 18:37:01.680993,2026-04-27 18:37:01.680997
1363,6078,irrigation,309,13-2481,1.297,2026-04-27 18:37:10.094976,2026-04-27 18:37:10.094979
1364,6078,irrigation,309,13-2440,0.747,2026-04-27 18:37:19.784952,2026-04-27 18:37:19.784954
1365,6078,irrigation,309,13-2430,0.638,2026-04-27 18:37:27.59115,2026-04-27 18:37:27.591152
1366,6078,irrigation,309,12-1660,1.358,2026-04-27 18:37:38.579573,2026-04-27 18:37:38.579575
1367,6078,irrigation,309,12-1640,0.987,2026-04-27 18:37:46.191004,2026-04-27 18:37:46.191006
1368,6078,irrigation,309,12-1620,0.844,2026-04-27 18:37:53.427981,2026-04-27 18:37:53.427983
1369,6078,irrigation,309,12-1600,0.662,2026-04-27 18:38:03.359618,2026-04-27 18:38:03.35962
1370,6078,irrigation,309,10-8001,13.419,2026-04-27 18:38:13.896437,2026-04-27 18:38:16.07492
1371,6078,irrigation,309,10-1135,2.318,2026-04-27 18:38:24.816572,2026-04-27 18:38:24.816575
1372,6078,irrigation,309,10-2595V,0.795,2026-04-27 18:38:43.045157,2026-04-27 18:38:43.045159
1373,6078,irrigation,309,10-5445,1.517,2026-04-27 18:38:52.902292,2026-04-27 18:38:52.902294
1374,6078,irrigation,309,10-8002,16.417,2026-04-27 18:39:00.31574,2026-04-27 18:39:00.315743
1375,6078,irrigation,309,14-2620,5.249,2026-04-27 18:39:09.082754,2026-04-27 18:39:09.082757
1376,6078,irrigation,309,14-2660,0.752,2026-04-27 18:39:16.276088,2026-04-27 18:39:16.27609
1377,6078,irrigation,309,14-2630,2.931,2026-04-27 18:39:23.628652,2026-04-27 18:39:23.628654
1378,6078,irrigation,309,14-2640,2.093,2026-04-27 18:39:30.477384,2026-04-27 18:39:30.477386
1379,6078,irrigation,309,14-2650,1.619,2026-04-27 18:39:37.688808,2026-04-27 18:39:37.68881
1380,6078,irrigation,309,30-2029,32.433,2026-04-27 18:39:52.423437,2026-04-27 18:39:52.42344
1381,6078,irrigation,309,30-2028,21.19,2026-04-27 18:40:02.539335,2026-04-27 18:40:02.539337
1382,6078,irrigation,309,30-2027,20.605,2026-04-27 18:40:11.917518,2026-04-27 18:40:11.91752
1383,6078,irrigation,309,30-2026,19.356,2026-04-27 18:40:22.080122,2026-04-27 18:40:22.080125
1384,6078,irrigation,309,30-2025,18.626,2026-04-27 18:40:30.003077,2026-04-27 18:40:30.003079
1385,6078,irrigation,309,10-1158,0.029793,2026-04-27 18:40:47.02307,2026-04-27 18:40:47.023072
1386,6078,irrigation,309,32-1011,0.688,2026-04-27 18:41:25.452804,2026-04-27 18:41:25.452806
1387,6078,irrigation,309,25-1924,3.348,2026-04-27 18:41:30.823125,2026-04-27 18:41:30.823127
1388,6078,irrigation,309,40-1738,61.219,2026-04-27 18:41:55.632511,2026-04-27 18:41:55.632513
1389,6078,irrigation,309,9301-183,37.693,2026-04-27 18:42:11.363455,2026-04-27 18:42:11.363458
1390,6078,irrigation,309,13-2290,0.483,2026-04-27 18:42:31.752031,2026-04-27 18:42:31.752033
1391,6078,irrigation,309,28-11861,28.614,2026-04-27 18:42:42.527787,2026-04-27 18:42:42.527789
1392,6078,irrigation,309,13420-140,24.936,2026-04-27 18:42:51.225775,2026-04-27 18:42:51.225777
1393,6078,irrigation,309,40-1737,37.693,2026-04-27 18:55:58.325363,2026-04-27 18:55:58.325366
1394,6074,irrigation,25,14-2630,3.09,2026-04-28 14:18:22.44962,2026-04-28 14:18:22.449623
1395,6033,drains,309,40-4010,0.01,2026-04-28 14:25:56.110677,2026-04-28 14:25:56.110679
1396,6033,drains,309,40-4019,0.01,2026-04-28 14:26:17.660667,2026-04-28 14:26:17.660669
1397,6003,drains,25,40-1461,0.01,2026-04-28 14:38:17.122625,2026-04-28 14:38:17.122627
1398,6074,irrigation,25,30-2707-DUP1,0.01,2026-04-28 17:53:37.882856,2026-04-28 17:53:37.882858
1399,6074,irrigation,25,30-2721-DUP1,0.01,2026-04-28 17:55:04.213855,2026-04-28 17:55:04.213858
1400,6033,irrigation,309,28-1139-DUP1,20.259,2026-04-28 20:47:38.626686,2026-04-30 22:04:17.462841
1401,6057,irrigation,309,30-2721-DUP1,0.01,2026-04-29 14:48:57.688651,2026-04-29 14:48:57.688655
1402,5975,irrigation,116,1324-144-DUP1,0.01,2026-04-30 17:46:45.812297,2026-04-30 17:46:45.812299
1403,6033,irrigation,309,9300-140-DUP1,0.361,2026-04-30 20:54:18.404929,2026-04-30 21:48:28.748435
1404,6033,irrigation,309,9300-160-DUP1,0.651,2026-04-30 20:54:52.245068,2026-04-30 21:51:44.375183
1405,6033,irrigation,309,9300-140-DUP2,0.608,2026-04-30 20:55:34.350928,2026-04-30 21:50:44.784577
1406,6033,irrigation,309,9300-140-DUP3,0.292,2026-04-30 20:55:50.058783,2026-04-30 21:51:08.290331
1407,6033,irrigation,309,9300-140-DUP4,0.292,2026-04-30 20:56:09.160813,2026-04-30 20:56:09.160817
1408,6033,irrigation,309,9300-160-DUP2,0.608,2026-04-30 20:57:01.288231,2026-04-30 20:57:01.288233
1409,6033,irrigation,309,30-2707,1.015,2026-04-30 20:57:42.924903,2026-04-30 20:57:42.924906
1410,6024,landscape,8,4315-148,1200.01,2026-04-30 21:09:27.471333,2026-04-30 21:09:27.471337
1411,6033,irrigation,309,25-2046,9.503,2026-04-30 21:39:13.059507,2026-04-30 21:39:13.059509
1412,6043,landscape,8,1750-124,165,2026-04-30 22:06:08.321567,2026-04-30 22:06:08.321569
1413,6033,irrigation,309,15-1300-DUP1,0.531,2026-04-30 22:08:41.254978,2026-04-30 22:08:41.25498
1414,6043,irrigation,309,9300-140-DUP1,0.01,2026-05-01 14:18:39.048445,2026-05-01 14:18:39.048447
1415,5952,landscape,324,0243-501-DUP1,3.3,2026-05-01 14:21:16.622437,2026-05-01 14:21:16.62244
1416,5981,drains,116,40-1020,7.27,2026-05-01 21:09:51.912527,2026-05-01 21:09:51.91253
1417,5981,irrigation,116,1324-146-DUP1,0.01,2026-05-04 14:16:33.611772,2026-05-04 14:16:33.611776
1418,5981,irrigation,116,1324-146-DUP2,0.01,2026-05-04 14:16:36.333564,2026-05-04 14:16:36.333568
1419,5981,irrigation,116,1324-146-DUP3,0.01,2026-05-04 14:16:39.442616,2026-05-04 14:16:39.442618
1420,6073,landscape,22,4370-536,405,2026-05-04 14:28:17.551795,2026-05-04 14:28:17.551799
1421,4071,landscape,331,2101-1000-DUP2,12.5,2026-05-04 17:10:31.958525,2026-05-04 17:10:31.958527
1422,6043,drains,309,40-1880-DUP2,0.01,2026-05-05 15:13:41.216431,2026-05-05 15:13:41.216433
1423,6043,drains,309,40-1880-DUP1,0.01,2026-05-05 15:13:43.604797,2026-05-05 15:13:43.6048
1424,6056,irrigation,309,95-0018,5272.5,2026-05-05 16:48:20.174502,2026-05-05 16:48:20.174504
1425,6079,irrigation,116,32-0019,7885.8,2026-05-05 21:02:49.834917,2026-05-05 21:02:49.834919
1426,6073,irrigation,309,9304-210-DUP1,0.01,2026-05-06 16:01:42.585527,2026-05-06 16:01:42.585529
1427,6080,irrigation,116,13-2650,1.6089,2026-05-06 17:19:26.005518,2026-05-19 18:26:57.071957
1428,6080,irrigation,116,13-2640,2.2523,2026-05-06 17:20:22.508618,2026-05-19 18:26:50.764593
1429,5981,landscape,22,2170-136-DUP1,365,2026-05-06 20:12:53.997911,2026-05-06 20:12:53.997914
1430,5981,landscape,346,7003-505-DUP2,7.75,2026-05-06 20:47:40.327831,2026-05-06 20:47:40.327833
1431,5952,irrigation,116,30-2721,0.01,2026-05-07 16:02:56.001007,2026-05-07 16:02:56.00101
1432,5981,irrigation,116,10-8028-DUP1,0.01,2026-05-07 16:27:20.044236,2026-05-07 16:27:20.044239
1433,6048,irrigation,309,13-1085-DUP1,0.01,2026-05-07 17:21:59.765633,2026-05-07 17:21:59.765636
1434,6049,landscape,330,4374-115,42,2026-05-08 15:23:25.572143,2026-05-08 15:23:25.572147
1435,6077,landscape,161,3014-024,148,2026-05-08 19:56:41.174962,2026-05-08 19:56:41.174965
1436,4071,irrigation,116,10-1020-DUP1,2.68,2026-05-11 16:05:36.700979,2026-08-06 15:56:19.660223
1437,6073,landscape,218,3131-105,7.5,2026-05-11 18:17:46.669789,2026-05-11 18:17:46.669792
1438,5964,drains,25,40-1974-DUP1,3.6963,2026-05-12 14:10:11.970265,2026-05-12 14:10:11.970267
1439,6081,landscape,360,9311-311-DUP1,853,2026-05-12 18:43:18.539503,2026-05-12 18:43:18.539508
1440,6081,landscape,360,9311-311-DUP2,2123,2026-05-12 18:43:45.27124,2026-05-12 18:43:45.271242
1441,6079,landscape,254,9311-310-DUP1,898,2026-05-13 14:45:11.379405,2026-05-13 14:45:11.379409
1442,6079,landscape,254,9311-310-DUP2,468,2026-05-13 14:45:55.936109,2026-05-13 14:45:55.936113
1443,6079,landscape,254,9311-310-DUP3,35,2026-05-13 14:46:33.744296,2026-05-13 14:46:33.7443
1444,6079,landscape,254,9311-310-DUP4,45,2026-05-13 14:46:43.800546,2026-05-13 14:46:43.80055
1445,6081,landscape,254,9311-310-DUP1,298,2026-05-13 19:01:48.857088,2026-05-13 19:01:48.857091
1446,6081,landscape,254,9311-310-DUP2,45,2026-05-13 19:02:07.551524,2026-05-13 19:02:07.551526
1447,6081,landscape,254,9311-310-DUP3,35,2026-05-13 19:02:15.127302,2026-05-13 19:02:15.127305
1448,6081,landscape,254,9311-310-DUP4,10,2026-05-13 19:02:24.406648,2026-05-13 19:02:24.40665
1449,6059,landscape,332,0391-805,16.5,2026-05-14 17:17:22.599367,2026-05-14 17:17:22.59937
1450,4071,landscape,332,2101-1000-DUP1,8.5,2026-05-14 17:46:46.604616,2026-05-14 17:46:46.604618
1451,4071,landscape,332,2101-1000-DUP2,10.5,2026-05-14 17:47:00.499426,2026-05-14 17:47:00.499428
1452,6043,landscape,227,1630-001,5,2026-05-14 21:47:08.426596,2026-05-14 21:47:08.4266
1453,6043,landscape,43,1640-502,3,2026-05-14 21:47:28.268178,2026-05-14 21:47:28.26818
1454,6024,maintenance,332,10-20105-DUP1,3,2026-05-18 16:19:26.042555,2026-05-18 16:19:26.042557
1455,6024,maintenance,332,10-20105-DUP2,4.95,2026-05-18 16:19:50.307504,2026-05-18 16:19:50.307506
1456,6024,maintenance,332,10-20105-DUP3,32,2026-05-18 16:20:17.658068,2026-05-18 16:20:17.658071
1457,6062,irrigation,116,11-1000,801.1714,2026-05-18 16:46:57.728204,2026-05-18 16:46:57.728207
1458,6080,irrigation,116,13-1208,1689.35,2026-05-19 18:17:00.874271,2026-05-19 18:31:30.409559
1459,6080,irrigation,116,10-5220,188.88,2026-05-19 18:18:28.870449,2026-05-19 18:18:28.870451
1460,6080,irrigation,116,10-5260,54.39,2026-05-19 18:18:38.402256,2026-05-19 18:18:38.402258
1461,6080,irrigation,116,13-1129,0.1319,2026-05-19 18:18:47.983368,2026-05-19 18:18:47.983371
1462,6080,irrigation,116,22-1119,172.28,2026-05-19 18:19:10.503788,2026-05-19 18:19:10.50379
1463,6080,irrigation,116,22-1551,41.54,2026-05-19 18:19:17.798788,2026-05-19 18:19:17.798791
1464,6080,irrigation,116,13-1042,0.6761,2026-05-19 18:19:34.16062,2026-05-19 18:19:34.160622
1465,6080,irrigation,116,12-3011,0.5504,2026-05-19 18:19:43.360411,2026-05-19 18:19:43.360414
1466,6080,irrigation,116,13-2090,0.5761,2026-05-19 18:19:53.034354,2026-05-19 18:19:53.034357
1467,6080,irrigation,116,13-2100,0.493,2026-05-19 18:20:09.524136,2026-05-19 18:20:09.524139
1468,6080,irrigation,116,28-1060,166.6,2026-05-19 18:20:20.812316,2026-05-19 18:20:20.812318
1469,6080,irrigation,116,10-5400,98.48,2026-05-19 18:20:36.395145,2026-05-19 18:20:36.395148
1470,6080,irrigation,116,10-5020,70.26,2026-05-19 18:20:44.978565,2026-05-19 18:20:44.978568
1471,6080,irrigation,116,20-3026,4.99,2026-05-19 18:20:53.700918,2026-05-19 18:20:53.700922
1472,6080,irrigation,116,10-5448,157.05,2026-05-19 18:21:11.754381,2026-05-19 18:21:11.754385
1473,6080,irrigation,116,22-1316,246.89,2026-05-19 18:21:27.712327,2026-05-19 18:21:27.71233
1474,6080,irrigation,116,22-1317,131.92,2026-05-19 18:21:59.724094,2026-05-19 18:21:59.724097
1475,6080,irrigation,116,32-1246,868.8281,2026-05-19 18:22:17.468013,2026-05-19 18:22:17.468016
1476,6080,irrigation,116,33-2606,6.24,2026-05-19 18:22:41.577989,2026-05-19 18:22:41.577993
1477,6080,irrigation,116,13-1160,0.21,2026-05-19 18:22:51.854483,2026-05-19 18:22:51.854486
1478,6080,irrigation,116,13-1020,0.1319,2026-05-19 18:23:00.815778,2026-05-19 18:23:00.81578
1479,6080,irrigation,116,13-1050,0.1319,2026-05-19 18:23:02.179024,2026-05-19 18:23:02.179027
1480,6080,irrigation,116,10-8019,18.6,2026-05-19 18:23:18.639285,2026-05-19 18:23:18.639288
1481,6080,irrigation,116,10-8020,3.67,2026-05-19 18:24:33.283516,2026-05-19 18:24:33.283519
1482,6080,irrigation,116,12-2180,0.2439,2026-05-19 18:24:46.444837,2026-05-19 18:24:46.444841
1483,6080,irrigation,116,13-1182,30.13,2026-05-19 18:24:54.948985,2026-05-19 18:24:54.948988
1484,6080,irrigation,116,22-1556,480.03,2026-05-19 18:25:02.326145,2026-05-19 18:25:02.326148
1485,6080,irrigation,116,20-2260,0.56,2026-05-19 18:25:16.987488,2026-05-19 18:25:16.987491
1486,6080,irrigation,116,30-2721,0.33,2026-05-19 18:25:28.266044,2026-05-19 18:25:28.266048
1487,6080,irrigation,116,13240-200,154.05,2026-05-19 18:25:40.204912,2026-05-19 18:25:40.204915
1488,6080,irrigation,116,2800-437,57.74,2026-05-19 18:26:00.197192,2026-05-19 18:26:00.197195
1489,6080,irrigation,116,25-2046,10.74,2026-05-19 18:26:20.485124,2026-05-19 18:26:20.485127
1490,6080,irrigation,116,13-2670,0.7785,2026-05-19 18:27:09.054428,2026-05-19 18:27:09.054432
1491,6080,irrigation,116,33-1336,0.13344,2026-05-19 18:27:51.367744,2026-05-19 18:27:51.367746
1492,6080,irrigation,116,33-5072,4.69,2026-05-19 18:28:14.083039,2026-05-19 18:28:14.083041
1493,6080,irrigation,116,12-3002,0.359,2026-05-19 18:28:45.561877,2026-05-19 18:28:45.56188
1494,6080,irrigation,116,33-2602,1.56,2026-05-19 18:28:57.575358,2026-05-19 18:28:57.575361
1495,6080,irrigation,116,32-1205,453.4,2026-05-19 18:31:34.797072,2026-05-19 18:31:34.797075
1496,6080,irrigation,116,32-1204,118.77,2026-05-19 18:32:18.453065,2026-05-19 18:32:18.453068
1497,6080,drains,116,40-1974,1.714,2026-05-19 18:46:13.57552,2026-05-19 18:46:13.575523
1498,6080,drains,116,40-1521,10.79,2026-05-19 18:46:23.426719,2026-05-19 18:46:23.426722
1499,6080,drains,116,40-1501,14.02,2026-05-19 18:46:32.637694,2026-05-19 18:46:32.637697
1500,6080,drains,116,40-1972,7.423,2026-05-19 18:47:54.039825,2026-05-19 18:48:13.830395
1501,6080,drains,116,40-1973,3.9632,2026-05-19 18:47:57.64976,2026-05-19 18:48:07.571147
1502,6069,landscape,309,95-0009-DUP1,9.12,2026-05-19 20:14:58.715894,2026-05-19 20:14:58.715897
1503,6081,irrigation,116,32-0019,6962.15,2026-05-21 17:29:48.501916,2026-05-21 18:13:20.066973
1504,6081,irrigation,116,32-0019-DUP1,194.35,2026-05-21 18:14:07.121099,2026-05-21 18:14:07.121103
1505,6081,irrigation,116,32-0019-DUP2,2646.15,2026-05-21 18:14:42.861453,2026-05-21 18:14:42.861455
1506,6081,irrigation,116,32-0019-DUP3,235.3,2026-05-21 18:15:08.000812,2026-05-21 18:15:08.000814
1507,6082,drains,309,40-1600,29.342,2026-05-22 17:21:27.980704,2026-05-22 18:30:58.606971
1508,6082,irrigation,309,9301-235,10.8,2026-05-22 17:32:51.504965,2026-05-22 17:33:14.112495
1509,6082,irrigation,309,28-11861,26.829,2026-05-22 17:33:06.467034,2026-05-22 17:33:06.467036
1510,6082,irrigation,309,13-2110,0.372,2026-05-22 17:33:12.093487,2026-05-22 17:33:12.093492
1511,6082,irrigation,309,10-5427,38.507,2026-05-22 17:33:30.023109,2026-05-22 17:33:30.023111
1512,6082,irrigation,309,10-4270,113.255,2026-05-22 17:33:39.096957,2026-05-22 17:33:39.096962
1513,6082,irrigation,309,10-4202,68.518,2026-05-22 17:33:47.292277,2026-05-22 17:33:47.292279
1514,6082,irrigation,309,13-1172,0.401,2026-05-22 17:33:59.124158,2026-05-22 17:33:59.124161
1515,6082,irrigation,309,13240-201,167.317,2026-05-22 17:34:09.734154,2026-05-22 17:34:09.734157
1516,6082,irrigation,309,12-2180,0.252,2026-05-22 17:34:17.850706,2026-05-22 17:34:17.850709
1517,6082,irrigation,309,20-2260,0.706,2026-05-22 17:34:25.879401,2026-05-22 17:34:25.879403
1518,6082,irrigation,309,30-2707,0.298,2026-05-22 17:34:36.263492,2026-05-22 17:34:36.263495
1519,6082,irrigation,309,13420-175,0.61,2026-05-22 17:34:48.485271,2026-05-22 17:34:48.485274
1520,6082,irrigation,309,13420-395,0.894,2026-05-22 17:34:53.17314,2026-05-22 17:34:53.173143
1521,6082,irrigation,309,13-2680,1.1,2026-05-22 17:35:08.079177,2026-07-27 15:50:48.382295
1522,6082,irrigation,309,32-1011,0.688,2026-05-22 17:35:17.300362,2026-05-22 17:35:17.300366
1523,6082,irrigation,309,9301-278,100.23,2026-05-22 17:35:42.275155,2026-05-22 17:35:42.275158
1524,6082,irrigation,309,9300-776,85.76,2026-05-22 17:35:58.303521,2026-05-22 17:35:58.303524
1525,6082,irrigation,309,13-1422,1417.525,2026-05-22 17:36:11.662723,2026-05-22 17:36:11.662726
1526,6082,irrigation,309,32-1001,46.396,2026-05-22 17:36:29.490183,2026-05-22 17:36:29.490186
1527,6082,irrigation,309,40-1753,544.468,2026-05-22 17:36:44.687577,2026-05-22 17:36:44.687579
1528,6082,irrigation,309,25-1431,918.184,2026-05-22 17:36:53.571024,2026-05-22 17:36:53.571027
1529,6082,irrigation,309,27-2106,409.843,2026-05-22 17:37:03.211494,2026-05-22 17:37:03.211498
1530,6082,irrigation,309,5388-102,96.502,2026-05-22 17:37:14.005377,2026-05-22 17:37:14.00538
1531,6082,irrigation,309,13-1176,0.718,2026-05-22 17:37:32.806234,2026-05-22 17:37:32.806237
1532,6082,irrigation,309,28-1237.1,366.194,2026-05-22 17:37:56.32884,2026-05-22 17:37:56.328842
1533,6082,irrigation,309,13-1042,0.556,2026-05-22 17:38:08.11678,2026-05-22 17:38:08.116783
1534,6082,irrigation,309,22-1197,22.643,2026-05-22 17:38:19.624508,2026-05-22 17:38:19.624512
1535,6082,irrigation,309,9312-222,22.188,2026-05-22 17:38:27.625925,2026-05-22 17:38:27.625928
1536,6082,irrigation,309,40-1749,1540.344,2026-05-22 17:39:00.058752,2026-05-22 17:39:00.058755
1537,6082,irrigation,309,12-3010,1.1935,2026-05-22 17:39:11.520547,2026-07-27 15:51:21.394633
1538,6082,irrigation,309,13-1063,567.13,2026-05-22 17:39:16.423748,2026-05-22 17:39:16.423751
1539,6082,irrigation,309,13-1015,97.857,2026-05-22 17:39:24.594294,2026-05-22 17:39:24.594297
1540,6082,irrigation,309,40-1767,929.979,2026-05-22 17:39:34.546812,2026-05-22 17:39:34.546816
1541,6082,irrigation,309,23-1060,41.028,2026-05-22 17:39:45.428227,2026-05-22 17:39:45.428231
1542,6082,irrigation,309,13-2200,2.124,2026-05-22 17:39:53.18498,2026-05-22 17:39:53.184983
1543,6082,irrigation,309,13-2220,1.45,2026-05-22 17:40:02.370935,2026-05-22 17:40:02.370938
1544,6082,irrigation,309,13-2290,0.464,2026-05-22 17:40:13.162069,2026-05-22 17:40:13.162072
1545,6082,irrigation,309,28-1203,266.124,2026-05-22 17:40:27.235864,2026-05-22 17:40:27.235867
1546,6082,irrigation,309,28-1216,168.809,2026-05-22 17:40:39.482792,2026-05-22 17:40:39.482795
1547,6082,irrigation,309,28-1020,106.344,2026-05-22 17:40:49.129113,2026-05-22 17:40:49.129116
1548,6082,irrigation,309,40-2145,18.98,2026-05-22 17:41:19.856919,2026-05-22 17:41:42.905335
1549,6082,irrigation,309,10-1330,107.801,2026-05-22 17:42:09.292521,2026-05-22 17:42:09.292525
1550,6082,irrigation,309,21-1441,10.045,2026-05-22 17:42:17.857823,2026-05-22 17:42:17.857827
1551,6082,irrigation,309,21-1446,10.045,2026-05-22 17:42:26.429454,2026-05-22 17:42:26.429457
1552,6082,irrigation,309,10-1335,15.371,2026-05-22 17:42:56.733931,2026-05-22 17:42:56.733935
1553,6082,irrigation,309,20-3004,6.631,2026-05-22 17:43:16.457103,2026-05-22 17:43:16.457108
1554,6082,irrigation,309,33-2608,20.053,2026-05-22 17:43:32.855306,2026-05-22 17:43:32.85531
1555,6082,irrigation,309,33-2606,0.9,2026-05-22 17:43:40.723401,2026-07-27 15:51:53.595253
1556,6082,irrigation,309,9301-346,53.74,2026-05-22 17:45:17.397536,2026-07-27 15:52:38.385773
1557,6082,irrigation,309,40-5219,26.237,2026-05-22 17:45:52.570166,2026-05-22 17:45:52.570169
1558,6082,irrigation,309,10-8016,9.407,2026-05-22 17:46:13.286187,2026-05-22 17:46:13.286189
1559,6082,irrigation,309,10-1188,1.591,2026-05-22 17:46:25.146153,2026-05-22 17:46:25.146156
1560,6082,irrigation,309,13-2410,0.314,2026-05-22 17:46:33.954389,2026-05-22 17:46:33.954391
1561,6082,irrigation,309,30-2776,0.406,2026-05-22 17:46:42.193,2026-05-22 17:46:42.193003
1562,6082,irrigation,309,28-1130,6.386,2026-05-22 17:46:51.658197,2026-05-22 17:46:51.6582
1563,6082,irrigation,309,30-2729,7.581,2026-05-22 17:47:10.657588,2026-05-22 17:47:10.657591
1564,6082,irrigation,309,10-8026,19.54,2026-05-22 17:47:19.135701,2026-05-22 17:47:19.135704
1565,6082,irrigation,309,13-2430,0.625,2026-05-22 17:49:09.730415,2026-05-22 17:49:09.730418
1566,6082,irrigation,309,13-2420,0.464,2026-05-22 17:49:43.937396,2026-05-22 17:49:43.937399
1567,6082,irrigation,309,14-2620,5.674,2026-05-22 17:49:51.531872,2026-05-22 17:49:51.531875
1568,6082,irrigation,309,14-2630,2.957,2026-05-22 17:49:58.479888,2026-05-22 17:49:58.479892
1569,6082,irrigation,309,14-2670,0.744,2026-05-22 17:50:07.144259,2026-05-22 17:50:07.144263
1570,6082,irrigation,309,33-5070,1.956,2026-05-22 17:50:17.983918,2026-05-22 17:50:17.983922
1571,6082,drains,309,40-1973,4.099,2026-05-22 18:30:39.731296,2026-05-22 18:30:39.731298
1572,6082,drains,309,40-1974,1.816,2026-05-22 18:30:45.05573,2026-05-22 18:30:45.055734
1573,6082,drains,309,40-1502,15.249,2026-05-22 18:30:53.610148,2026-05-22 18:30:53.610151
1574,6082,irrigation,309,32-0019,6962.15,2026-05-22 21:24:34.30194,2026-05-22 21:24:34.301943
1575,6082,irrigation,309,32-0019-DUP1,194.35,2026-05-22 21:24:41.620331,2026-05-22 21:24:41.620334
1576,6082,irrigation,309,32-0019-DUP2,2646.15,2026-05-22 21:25:12.132975,2026-05-22 21:25:12.132978
1577,6082,irrigation,309,32-0019-DUP3,235.3,2026-05-22 21:25:37.624708,2026-05-22 21:25:37.624711
1578,6069,irrigation,116,13-2410,0.3341,2026-05-26 14:39:12.462053,2026-05-26 14:39:12.462055
1579,6069,irrigation,116,13-2190,2.8181,2026-05-26 15:00:26.1957,2026-05-26 15:00:26.195703
1580,6069,irrigation,116,25-2040,14.37,2026-05-26 15:01:16.648865,2026-05-26 15:01:16.648868
1581,6069,irrigation,116,10-2595V,0.77,2026-05-26 15:01:38.700878,2026-05-26 15:01:38.70088
1582,6069,irrigation,116,22-1543,0.73,2026-05-26 15:01:46.504283,2026-05-26 15:01:46.504286
1583,6069,irrigation,116,10-5440,0.77,2026-05-26 15:01:54.011203,2026-05-26 15:01:54.011206
1584,6069,irrigation,116,13-2481,1.3451,2026-05-26 15:02:13.283311,2026-05-26 15:02:13.283314
1585,6069,irrigation,116,13-2430,0.6991,2026-05-26 15:02:20.277656,2026-05-26 15:02:20.27766
1586,6069,irrigation,116,13-2420,0.5051,2026-05-26 15:02:32.608374,2026-05-26 15:02:32.608377
1587,6069,irrigation,116,30-2025,20.3,2026-05-26 15:02:41.831769,2026-05-26 15:02:41.831771
1588,6070,irrigation,309,1839-101,6267.95,2026-05-27 15:32:26.020354,2026-05-27 15:32:26.020357
1589,6070,irrigation,309,1839-101-DUP1,194.35,2026-05-27 15:33:05.616155,2026-05-27 15:33:05.616157
1590,6070,irrigation,309,1839-101-DUP2,3524.3,2026-05-27 15:33:31.523435,2026-05-27 15:33:31.523439
1591,6070,irrigation,309,1839-101-DUP3,2741.7,2026-05-27 15:33:57.594149,2026-05-27 15:33:57.594153
1592,6070,irrigation,309,1839-101-DUP4,241.8,2026-05-27 15:34:22.952482,2026-05-27 15:34:22.952485
1593,6070,irrigation,116,1839-101-DUP5,82.55,2026-05-27 15:35:10.487036,2026-05-27 15:35:10.487041
1594,6070,irrigation,116,1839-101-DUP6,150,2026-05-27 15:36:12.520016,2026-05-27 15:36:12.520019
1595,6065,irrigation,116,13420-084,0.88,2026-05-28 16:02:49.542945,2026-05-28 16:02:49.542949
1596,6068,landscape,331,7002-701,4.95,2026-05-28 17:22:42.649193,2026-05-28 17:22:42.649198
1597,6015,landscape,408,95-00182-DUP1,960,2026-05-28 23:02:48.441182,2026-05-28 23:02:48.441185
1598,6015,landscape,408,95-00182-DUP2,47,2026-05-28 23:03:11.363475,2026-05-28 23:03:11.363478
1599,6015,landscape,408,95-00182-DUP3,1385,2026-05-28 23:03:54.611504,2026-05-28 23:03:54.611508
1600,6015,landscape,408,95-00182-DUP4,655,2026-05-28 23:04:44.251149,2026-05-28 23:04:44.251153
1601,6043,drains,309,40-1880-DUP3,3,2026-05-29 16:31:16.45315,2026-05-29 16:31:16.453152
1602,3070,landscape,227,2101-1000-DUP1,12.9,2026-05-29 16:52:59.409805,2026-05-29 16:52:59.409807
1603,3070,landscape,227,2101-1000-DUP2,11,2026-05-29 16:53:26.913266,2026-05-29 16:53:26.913269
1604,3070,landscape,227,2101-1000-DUP3,11.8,2026-05-29 16:53:49.097429,2026-05-29 16:53:49.097432
1605,3070,landscape,227,2101-1000-DUP4,4.4,2026-05-29 16:54:10.056533,2026-05-29 16:54:10.056535
1606,3070,landscape,227,2101-1000-DUP7,4.7,2026-05-29 16:54:28.762883,2026-05-29 16:54:28.762886
1607,3070,landscape,227,2101-1000-DUP6,4.1,2026-05-29 16:54:51.297406,2026-05-29 16:54:51.297409
1608,3070,landscape,227,2101-1000-DUP5,12,2026-05-29 16:55:21.657779,2026-05-29 16:55:21.657782
1609,3070,landscape,227,2101-1000-DUP10,5.25,2026-05-29 16:55:33.513788,2026-05-29 16:55:33.51379
1610,3070,landscape,227,2101-1000-DUP9,4.1,2026-05-29 16:56:11.292363,2026-05-29 16:56:11.292366
1611,3070,landscape,227,2101-1000-DUP8,4.1,2026-05-29 16:56:24.307949,2026-05-29 16:56:24.307951
1612,3070,landscape,227,2101-1000-DUP11,5.25,2026-05-29 16:56:38.451026,2026-05-29 16:56:38.451029
1613,6069,landscape,43,0897-501-DUP1,32,2026-05-29 18:03:56.849579,2026-05-29 18:03:56.849581
1614,6069,landscape,43,4242-005-DUP1,39,2026-05-29 18:04:25.884061,2026-05-29 18:04:25.884064
1615,6049,landscape,22,4240-136,365,2026-05-29 18:39:29.006454,2026-05-29 18:39:29.006456
1616,6079,irrigation,116,13-2110,0.3612,2026-06-01 21:05:10.369667,2026-06-01 21:05:10.36967
1617,6079,irrigation,116,25-1413,3.34,2026-06-01 21:05:18.204563,2026-06-01 21:05:18.204565
1618,6079,irrigation,116,22-4175,41.69,2026-06-01 21:05:34.136064,2026-08-18 16:50:18.690089
1619,6079,irrigation,116,20-3005,6.32,2026-06-01 21:05:47.768171,2026-06-01 21:05:47.768173
1620,6079,irrigation,116,22-4179,71.9,2026-06-01 21:05:57.194045,2026-06-01 21:05:57.194047
1621,6079,irrigation,116,22-1508,65.17,2026-06-01 21:06:03.370938,2026-06-01 21:06:03.370941
1622,6079,irrigation,116,22-4182,80.43,2026-06-01 21:06:11.040561,2026-06-01 21:06:11.040563
1623,6079,irrigation,116,13-1172,0.3438,2026-06-01 21:06:23.128356,2026-06-01 21:06:23.128359
1624,6079,irrigation,116,25-2041,30.44,2026-06-01 21:06:35.22799,2026-06-01 21:06:35.227992
1625,6079,irrigation,116,12-2040,0.1997,2026-06-01 21:06:43.920173,2026-06-01 21:06:43.920175
1626,6079,irrigation,116,13-0714,91.63,2026-06-01 21:06:53.576744,2026-06-01 21:06:53.576746
1627,6079,irrigation,116,12-2180,0.2621,2026-06-01 21:07:01.020304,2026-07-27 15:53:50.836533
1628,6079,irrigation,116,20-2260,0.56,2026-06-01 21:07:08.002837,2026-06-01 21:07:08.002842
1629,6079,irrigation,116,30-2707,0.23,2026-06-01 21:07:15.220887,2026-06-01 21:07:15.22089
1630,6079,irrigation,116,25-2101,6.27,2026-06-01 21:07:26.062684,2026-06-01 21:07:26.062688
1631,6079,irrigation,116,25-2109,1.53,2026-06-01 21:07:39.944789,2026-06-01 21:07:39.944791
1632,6079,irrigation,116,25-2045,6.74,2026-06-01 21:07:46.656098,2026-06-01 21:07:46.656102
1633,6079,irrigation,116,13-2680,0.5569,2026-06-01 21:07:55.331978,2026-06-01 21:07:55.33198
1634,6079,irrigation,116,32-1011,0.62,2026-06-01 21:08:01.812388,2026-06-01 21:08:01.812391
1635,6079,irrigation,116,33-1304,0.0947,2026-06-01 21:08:23.754319,2026-06-01 21:08:23.754322
1636,6079,irrigation,116,32-1078,1765.74,2026-06-01 21:08:42.184834,2026-06-01 21:08:42.184836
1637,6079,irrigation,116,27-2105,107.75,2026-06-01 21:09:05.063592,2026-06-01 21:09:05.063597
1638,6079,irrigation,116,9301-250,0.62,2026-06-01 21:09:19.71175,2026-06-01 21:09:19.711754
1639,6079,irrigation,116,13-1129,0.1304,2026-06-01 21:09:30.618672,2026-06-01 21:09:30.618674
1640,6079,irrigation,116,14-0202,234.96,2026-06-01 21:09:38.013546,2026-06-01 21:09:38.013548
1641,6079,irrigation,116,13-1042,0.6761,2026-06-01 21:09:49.447386,2026-06-01 21:09:49.447389
1642,6079,irrigation,116,12-3010,0.6851,2026-06-01 21:09:55.875397,2026-06-01 21:09:55.8754
1643,6079,irrigation,116,25-0201,3.34,2026-06-01 21:10:05.040515,2026-06-01 21:10:05.040518
1644,6079,irrigation,116,25-2013,83.65,2026-06-01 21:10:13.890586,2026-06-01 21:10:13.890589
1645,6079,irrigation,116,22-1400,99.49,2026-06-01 21:10:22.65255,2026-06-01 21:10:22.652553
1646,6079,irrigation,116,20-3004,6.87,2026-06-01 21:10:29.926117,2026-06-01 21:10:29.92612
1647,6079,irrigation,116,25-1996,84.1,2026-06-01 21:10:38.352799,2026-06-01 21:10:38.352802
1648,6079,irrigation,116,32-1032,476.97,2026-06-01 21:10:47.48307,2026-06-01 21:10:47.483073
1649,6079,irrigation,116,33-1302,5.52,2026-06-01 21:10:58.347445,2026-06-01 21:10:58.347448
1650,6079,irrigation,116,33-2608,19.4,2026-06-01 21:11:07.81811,2026-06-01 21:11:07.818113
1651,6079,irrigation,116,33-2604,3.4,2026-06-01 21:11:18.327974,2026-06-01 21:11:18.327976
1652,6079,irrigation,116,13-1040,0.1304,2026-06-01 21:11:26.373111,2026-06-01 21:11:26.373113
1653,6079,irrigation,116,13-1020,0.1304,2026-06-01 21:11:35.118389,2026-06-01 21:11:35.118392
1654,6079,irrigation,116,13-1050,0.1304,2026-06-01 21:11:42.758158,2026-06-01 21:11:42.758161
1655,6079,irrigation,116,22-1520,5.75,2026-06-01 21:11:52.318366,2026-06-01 21:11:52.318369
1656,6079,irrigation,116,12-2220,0.4766,2026-06-01 21:12:00.663224,2026-06-01 21:12:00.663226
1657,6079,irrigation,116,12-2200,0.3612,2026-06-01 21:12:08.982212,2026-06-01 21:12:08.982217
1658,6079,irrigation,116,22-1521,12.66,2026-06-01 21:12:15.407638,2026-06-01 21:12:15.407641
1659,6079,irrigation,116,22-1395,4.84,2026-06-01 21:12:22.46257,2026-06-01 21:12:22.462574
1660,6079,irrigation,116,12-2240,0.5569,2026-06-01 21:12:49.204687,2026-06-01 21:12:49.204689
1661,6079,irrigation,116,13-2670,0.7526,2026-06-01 21:13:01.339563,2026-06-01 21:13:01.339565
1662,6079,irrigation,116,13-2650,1.5552,2026-06-01 21:13:08.913812,2026-06-01 21:13:08.913815
1663,6079,irrigation,116,13-2660,1.2742,2026-06-01 21:13:17.313834,2026-06-01 21:13:17.313836
1664,6079,irrigation,116,33-5072,0.4397,2026-06-01 21:13:24.725036,2026-06-05 21:06:25.635782
1665,6079,irrigation,116,15-1661,16.89,2026-06-01 21:13:56.934292,2026-06-01 21:13:56.934294
1666,6079,irrigation,116,31-1190,25.62,2026-06-01 21:15:05.189892,2026-06-01 21:15:05.189894
1667,6079,irrigation,116,12-3009,0.9006,2026-06-01 21:15:18.129901,2026-06-01 21:15:18.129903
1668,6079,irrigation,116,32-1064,1529.44,2026-06-01 21:15:25.256676,2026-06-01 21:15:25.256679
1669,6079,irrigation,116,9300-777,44.96,2026-06-01 21:16:36.225528,2026-06-01 21:16:36.225531
1670,6079,irrigation,116,13-4021,549.03,2026-06-01 21:16:43.09285,2026-06-01 21:16:43.092854
1671,6079,drains,116,40-1974,1.6395,2026-06-01 21:18:53.300423,2026-06-01 21:18:53.300425
1672,6079,drains,116,40-1600,29.59,2026-06-01 21:19:01.449795,2026-06-01 21:19:01.449798
1673,6079,drains,116,40-1520,10.11,2026-06-01 21:19:12.992954,2026-06-01 21:19:12.992957
1674,6079,drains,116,40-1973,3.7909,2026-06-01 21:19:23.572954,2026-06-01 21:19:23.572956
1675,6042,landscape,149,9301-1113-DUP1,450,2026-06-02 13:14:18.514128,2026-06-02 13:14:18.514132
1676,6081,irrigation,309,13-2110,0.372,2026-06-02 21:34:56.642474,2026-06-02 21:34:56.642477
1677,6081,irrigation,309,28-11861,56.313,2026-06-02 21:35:06.973129,2026-06-02 21:35:06.973131
1678,6081,irrigation,309,10-5427,38.507,2026-06-02 21:35:14.09869,2026-06-02 21:35:14.098693
1679,6081,irrigation,309,10-4270,113.255,2026-06-02 21:35:23.703111,2026-06-02 21:35:23.703114
1680,6081,irrigation,309,10-4202,68.518,2026-06-02 21:35:30.807245,2026-06-02 21:35:30.807248
1681,6081,irrigation,309,13-1172,0.401,2026-06-02 21:35:41.043662,2026-06-02 21:35:41.043664
1682,6081,irrigation,309,33-2606,6.478,2026-06-02 21:35:48.615049,2026-06-02 21:35:48.615052
1683,6081,irrigation,309,13240-201,167.317,2026-06-02 21:36:00.194418,2026-06-02 21:36:00.194421
1684,6081,irrigation,309,12-2180,0.252,2026-06-02 21:36:08.774818,2026-06-02 21:36:08.774821
1685,6081,irrigation,309,20-2260,0.706,2026-06-02 21:36:17.913904,2026-06-02 21:36:17.913907
1686,6081,irrigation,309,30-2707,0.298,2026-06-02 21:36:25.793601,2026-06-02 21:36:25.793633
1687,6081,irrigation,309,13420-175,0.612,2026-06-02 21:36:36.829071,2026-06-02 21:36:36.829074
1688,6081,irrigation,309,13420-083,1.354,2026-06-02 21:37:09.854673,2026-06-02 21:37:09.854676
1689,6081,irrigation,309,13-2680,0.596,2026-06-02 21:37:19.065738,2026-06-02 21:37:19.06574
1690,6081,irrigation,309,32-1011,0.688,2026-06-02 21:37:26.167803,2026-06-02 21:37:26.167806
1691,6081,irrigation,309,33-1304,55,2026-06-02 21:37:34.207588,2026-07-29 15:01:35.811923
1692,6081,irrigation,309,9301-278,98.226,2026-06-02 21:37:44.13366,2026-06-02 21:37:44.133663
1693,6081,irrigation,309,9300-776,85.76,2026-06-02 21:37:51.663684,2026-06-02 21:37:51.663687
1694,6081,irrigation,309,32-1001,46.396,2026-06-02 21:38:00.270045,2026-06-02 21:38:00.270048
1695,6081,irrigation,309,40-1753,544.468,2026-06-02 21:38:08.637346,2026-06-02 21:38:08.637348
1696,6081,irrigation,309,13-1422,1417.525,2026-06-02 21:38:16.291241,2026-06-02 21:38:16.291244
1697,6081,irrigation,309,25-1431,2019.37,2026-06-02 21:38:24.631205,2026-06-02 21:38:24.631207
1698,6081,irrigation,309,27-2106,409.843,2026-06-02 21:38:34.759965,2026-06-02 21:38:34.759968
1699,6081,irrigation,309,12-3010,0.814,2026-06-02 21:38:56.100263,2026-06-02 21:38:56.100266
1700,6081,irrigation,309,28-1237.1,366.194,2026-06-02 21:39:02.950701,2026-06-02 21:39:02.950704
1701,6081,irrigation,309,13-1042,0.44,2026-06-02 21:39:17.516229,2026-06-02 21:39:17.516231
1702,6081,irrigation,309,22-1197,22.643,2026-06-02 21:39:35.357736,2026-06-02 21:39:35.357739
1703,6081,irrigation,309,9312-222,22.188,2026-06-02 21:39:45.086131,2026-06-02 21:39:45.086134
1704,6081,irrigation,309,40-1749,1540.344,2026-06-02 21:40:03.328418,2026-06-02 21:40:03.328421
1705,6081,irrigation,309,13-1063,567.13,2026-06-02 21:40:14.467316,2026-06-02 21:40:14.467319
1706,6081,irrigation,309,13-1015,97.857,2026-06-02 21:40:23.195544,2026-06-02 21:40:23.195547
1707,6081,irrigation,309,40-1767,929.979,2026-06-02 21:40:32.311889,2026-06-02 21:40:32.311892
1708,6081,irrigation,309,23-1060,41.028,2026-06-02 21:40:40.892533,2026-06-02 21:40:40.892535
1709,6081,irrigation,309,13-2200,2.124,2026-06-02 21:40:49.238998,2026-06-02 21:40:49.239
1710,6081,irrigation,309,13-2220,1.45,2026-06-02 21:40:56.957148,2026-06-02 21:40:56.957151
1711,6081,irrigation,309,13-2290,0.464,2026-06-02 21:41:06.490056,2026-06-02 21:41:06.490058
1712,6081,irrigation,309,28-1203,266.124,2026-06-02 21:41:28.614075,2026-06-02 21:41:28.614078
1713,6081,irrigation,309,28-1216,168.809,2026-06-02 21:41:34.293961,2026-06-02 21:41:34.293963
1714,6081,irrigation,309,28-1020,106.344,2026-06-02 21:41:42.825026,2026-06-02 21:41:42.82503
1715,6081,irrigation,309,10-1330,107.801,2026-06-02 21:42:25.870254,2026-06-02 21:42:25.870256
1716,6081,irrigation,309,21-1446,10.045,2026-06-02 21:42:33.086295,2026-06-02 21:42:33.086297
1717,6081,irrigation,309,10-1335,15.371,2026-06-02 21:42:40.820171,2026-06-02 21:42:40.820174
1718,6081,irrigation,309,20-3004,6.631,2026-06-02 21:42:52.913495,2026-06-02 21:42:52.913498
1719,6081,irrigation,309,33-2608,20.053,2026-06-02 21:42:57.949937,2026-06-02 21:42:57.949939
1720,6081,irrigation,309,33-2604,3.487,2026-06-02 21:43:10.600414,2026-06-02 21:43:10.600417
1721,6081,irrigation,309,9301-346,40.464,2026-06-02 21:43:25.357047,2026-06-02 21:43:25.357049
1722,6081,irrigation,309,40-5219,26.237,2026-06-02 21:43:35.033042,2026-06-02 21:43:35.033045
1723,6081,irrigation,309,10-8016,9.407,2026-06-02 21:43:46.31548,2026-06-02 21:43:46.315482
1724,6081,irrigation,309,10-1188,1.591,2026-06-02 21:43:56.178871,2026-06-02 21:43:56.178874
1725,6081,irrigation,309,13-2410,0.314,2026-06-02 21:44:03.507165,2026-06-02 21:44:03.507168
1726,6081,irrigation,309,30-2776,406,2026-06-02 21:44:50.189301,2026-06-02 21:45:49.465063
1727,6081,irrigation,309,28-1133,8.529,2026-06-02 21:46:04.11748,2026-06-02 21:46:04.117483
1728,6081,irrigation,309,30-2729,7.581,2026-06-02 21:46:14.161742,2026-06-02 21:46:14.161745
1729,6081,irrigation,309,10-8026,19.546,2026-06-02 21:46:23.139149,2026-06-02 21:46:23.139151
1730,6081,irrigation,309,13-2430,0.625,2026-06-02 21:46:36.018924,2026-06-02 21:46:36.018926
1731,6081,irrigation,309,13-2420,0.464,2026-06-02 21:46:44.185516,2026-06-02 21:46:44.185518
1732,6081,irrigation,309,14-2620,5.674,2026-06-02 21:46:52.985397,2026-06-02 21:46:52.985399
1733,6081,irrigation,309,14-2630,2.957,2026-06-02 21:46:59.31036,2026-06-02 21:46:59.310363
1734,6081,irrigation,309,9301-300,99.059,2026-06-02 21:47:09.478881,2026-06-02 21:47:09.478885
1735,6081,irrigation,309,33-5070,1.956,2026-06-02 21:47:19.118086,2026-06-02 21:47:19.118088
1736,6074,drains,25,40-1973,3.774828,2026-06-02 21:57:08.245971,2026-06-02 21:57:08.245975
1737,6074,drains,25,40-1974,1.618161,2026-06-02 21:57:16.500117,2026-06-02 21:57:16.500119
1738,6074,drains,25,40-1600,25.7983,2026-06-02 21:57:25.992388,2026-06-02 21:57:25.992391
1739,6074,drains,25,40-1502,13.4079,2026-06-02 21:57:32.075394,2026-06-02 21:57:32.075396
1740,6074,drains,25,40-1393,21.9971,2026-06-02 21:57:41.799362,2026-06-02 21:57:41.799365
1741,6074,drains,25,40-1401,4.0122,2026-06-02 21:57:50.90685,2026-06-02 21:57:50.906852
1742,6074,irrigation,25,13-1208,1835.3333,2026-06-02 22:02:02.958769,2026-06-02 22:02:02.958772
1743,6074,irrigation,25,32-1037,1059.4118,2026-06-02 22:02:09.553886,2026-06-02 22:02:09.55389
1744,6074,irrigation,25,13-2270,0.756,2026-06-02 22:02:52.454032,2026-06-02 22:02:52.454036
1745,6074,irrigation,25,10-1148,0.043,2026-06-02 22:03:34.218717,2026-06-02 22:03:34.218719
1746,6074,irrigation,25,28-1116,199.6004,2026-06-02 22:03:54.573771,2026-06-02 22:03:54.573774
1747,6074,irrigation,25,10-5360,63.3661,2026-06-02 22:04:09.876017,2026-06-02 22:04:09.87602
1748,6074,irrigation,25,10-53161,117.7975,2026-06-02 22:04:29.618433,2026-06-02 22:04:29.618436
1749,6074,irrigation,25,10-5260,54.7842,2026-06-02 22:04:44.433885,2026-06-02 22:04:44.433888
1750,6074,irrigation,25,10-5448,149.3238,2026-06-02 22:04:50.534186,2026-06-02 22:04:50.534189
1751,6074,irrigation,25,22-1425,106.8473,2026-06-02 22:05:06.847046,2026-06-02 22:05:06.847049
1752,6074,irrigation,25,25-1490,148.764,2026-06-02 22:05:13.66815,2026-06-02 22:05:13.668153
1753,6074,irrigation,25,12-1299,35.5462,2026-06-02 22:05:19.960338,2026-06-02 22:05:19.960341
1754,6074,irrigation,25,22-1317,146.9013,2026-06-02 22:05:29.140374,2026-06-02 22:05:29.140378
1755,6074,irrigation,25,10-4192,1347.4163,2026-06-02 22:06:04.732674,2026-06-02 22:06:31.586539
1756,6074,irrigation,25,32-0064,1077.9353,2026-06-02 22:06:12.906864,2026-06-02 22:06:12.906867
1757,6074,irrigation,25,33-2606,6.5841,2026-06-02 22:06:51.755171,2026-06-02 22:06:51.755174
1758,6074,irrigation,25,10-7002,0.4478554,2026-06-02 22:07:03.670871,2026-06-02 22:07:03.670874
1759,6074,irrigation,25,32-1012,120.6951,2026-06-02 22:07:17.556816,2026-06-02 22:07:17.556819
1760,6074,irrigation,25,10-1236,32.5223,2026-06-02 22:07:33.349974,2026-06-02 22:07:33.349977
1761,6074,irrigation,25,10-1235,33.498,2026-06-02 22:07:42.804884,2026-06-02 22:07:42.804887
1762,6074,irrigation,25,22-1108,4.5602,2026-06-02 22:08:06.4222,2026-06-02 22:08:06.422203
1763,6074,irrigation,25,13-2410,0.319294,2026-06-02 22:08:27.904412,2026-06-02 22:08:27.904415
1764,6074,irrigation,25,13-0707,150.7255,2026-06-02 22:09:30.968376,2026-06-02 22:09:30.968379
1765,6074,irrigation,25,20-2260,0.7052,2026-06-02 22:09:52.342943,2026-06-02 22:09:52.342945
1766,6074,irrigation,25,30-2707,0.2307,2026-06-02 22:10:01.729282,2026-06-02 22:10:01.729285
1767,6074,irrigation,25,13420-902,1.0484,2026-06-02 22:10:08.970054,2026-06-02 22:10:08.970056
1768,6074,irrigation,25,10-8024,7.4087,2026-06-02 22:10:23.988238,2026-06-02 22:10:23.98824
1769,6074,irrigation,25,13-2430,0.644941,2026-06-02 22:10:51.215953,2026-06-02 22:10:51.215955
1770,6074,irrigation,25,13-2420,0.488588,2026-06-02 22:10:59.467941,2026-06-02 22:10:59.467943
1771,6074,irrigation,25,14-2640,2.117176,2026-06-02 22:11:27.624096,2026-06-02 22:11:27.624098
1772,6074,irrigation,25,14-2660,1.022824,2026-06-02 22:11:37.07806,2026-06-02 22:11:37.078064
1773,6074,irrigation,25,14-2670,0.756,2026-06-02 22:11:46.638227,2026-06-02 22:11:46.638229
1774,6074,irrigation,25,9300-676,668.8636,2026-06-02 22:12:52.298588,2026-06-02 22:12:52.298591
1775,6074,irrigation,25,27-2106,356.6125,2026-06-02 22:13:07.853786,2026-06-02 22:13:07.853789
1776,6074,irrigation,25,14-0202,410.13,2026-06-02 22:13:29.713881,2026-06-02 22:13:29.713883
1777,6074,irrigation,25,22-1429,332.229,2026-06-02 22:13:42.650176,2026-06-02 22:13:42.650178
1778,6074,irrigation,25,25-2012,87.2387,2026-06-02 22:13:50.904736,2026-06-02 22:13:50.904738
1779,6074,irrigation,25,13-2220,1.23922,2026-06-02 22:14:06.617229,2026-06-02 22:14:06.617231
1780,6074,irrigation,25,13-2280,0.644941,2026-06-02 22:14:14.436302,2026-06-02 22:14:14.436304
1781,6074,irrigation,25,13-2290,0.485855,2026-06-02 22:14:22.878289,2026-06-02 22:14:22.878292
1782,6074,irrigation,25,13-2300,0.319294,2026-06-02 22:14:31.237092,2026-06-02 22:14:31.237095
1783,6074,irrigation,25,28-1117,215.5708,2026-06-02 22:14:40.656885,2026-06-02 22:14:40.656887
1784,6074,irrigation,25,10-5435,200.7423,2026-06-02 22:14:58.074031,2026-06-02 22:14:58.074034
1785,6074,irrigation,25,30-2721,0.2307,2026-06-02 22:15:22.414203,2026-06-02 22:15:22.414206
1786,6074,irrigation,25,14-2650,2.117176,2026-06-02 22:15:44.587922,2026-06-02 22:15:44.587925
1787,6074,irrigation,25,10-5337,200.7423,2026-06-02 22:16:04.814318,2026-06-02 22:16:04.814321
1788,6082,irrigation,309,33-1304,0.104166,2026-06-03 20:31:49.887526,2026-06-03 20:31:49.887528
1789,6081,drains,309,40-1973,4.099,2026-06-03 20:55:54.236224,2026-06-03 20:55:54.236227
1790,6081,drains,309,40-1974,1.771816,2026-06-03 20:56:50.446386,2026-06-03 20:56:50.446389
1791,6081,drains,309,40-1600,29.342,2026-06-03 20:57:01.292441,2026-06-03 20:57:01.292444
1792,6081,drains,309,40-1502,15.249,2026-06-03 20:57:06.190442,2026-06-03 20:57:06.190446
1793,6078,drains,309,40-5016,10.588,2026-06-03 21:03:57.077977,2026-06-03 21:03:57.07798
1794,6078,drains,309,40-1972,6.671,2026-06-03 21:04:09.955358,2026-06-03 21:04:09.955361
1795,6078,drains,309,40-1973,3.734,2026-06-03 21:04:21.649312,2026-06-03 21:04:21.649322
1796,6076,irrigation,116,9305-218,0.01,2026-06-03 21:10:41.895969,2026-06-23 14:30:34.791539
1797,6084,irrigation,25,9312-214.7,1758.6207,2026-06-04 20:26:19.501361,2026-06-04 20:26:19.501363
1798,6084,irrigation,25,22-1201,10.54,2026-06-04 20:26:29.392969,2026-06-04 20:26:29.392971
1799,6084,irrigation,25,9312-238,2.5659,2026-06-04 20:26:36.343172,2026-06-04 20:26:36.343174
1800,6084,irrigation,25,28-1141,56.3124,2026-06-04 20:26:45.364361,2026-06-04 20:26:45.364363
1801,6084,irrigation,25,32-4007,2236.3636,2026-06-04 20:26:53.518942,2026-06-04 20:26:53.518944
1802,6084,irrigation,25,13-1465,1601.1364,2026-06-04 20:27:06.767881,2026-06-04 20:27:06.767885
1803,6084,irrigation,25,10-5309,292.7941,2026-06-04 20:27:34.878428,2026-06-04 20:27:34.878431
1804,6084,irrigation,25,10-1141,10.6109,2026-06-04 20:27:55.132074,2026-06-04 20:27:55.132077
1805,6084,irrigation,25,10-5260,54.1008,2026-06-04 20:28:03.348101,2026-06-04 20:28:03.348104
1806,6084,irrigation,25,20-3000,108.6177,2026-06-04 20:28:11.029157,2026-06-04 20:28:11.02916
1807,6084,irrigation,25,22-1425,102.4412,2026-06-04 20:28:21.024668,2026-06-04 20:28:21.02467
1808,6084,irrigation,25,4124-002,380.0235,2026-06-04 20:28:40.423406,2026-06-04 20:28:40.423408
1809,6084,irrigation,25,13-1042,0.4614444,2026-06-04 20:28:50.634733,2026-06-04 20:28:50.634736
1810,6084,irrigation,25,12-3011,0.551667,2026-06-04 20:28:58.126228,2026-06-05 20:31:06.298973
1811,6084,irrigation,25,22-1429,318.5289,2026-06-04 20:29:05.834407,2026-06-04 20:29:05.834411
1812,6084,irrigation,25,13-2260,1.08875,2026-06-04 20:29:14.381132,2026-06-04 22:57:36.082978
1813,6084,irrigation,25,13-2270,0.804773,2026-06-04 20:29:38.772889,2026-06-04 20:29:38.772892
1814,6084,irrigation,25,32-1080,0.04132,2026-06-04 20:30:34.142108,2026-06-04 20:30:34.142111
1815,6084,irrigation,25,9400-229,152.0634,2026-06-04 20:33:20.54115,2026-06-04 20:33:20.541153
1816,6084,irrigation,25,9400-230,98.3268,2026-06-04 20:33:30.701332,2026-06-04 20:33:30.701335
1817,6084,irrigation,25,40-2145,24.18,2026-06-04 20:33:40.983344,2026-06-05 20:32:12.858694
1818,6084,irrigation,25,23-1060,41.6047,2026-06-04 20:34:02.290868,2026-06-04 20:34:02.290871
1819,6084,irrigation,25,10-53161,116.3281,2026-06-04 20:34:11.018212,2026-06-04 20:34:11.018214
1820,6084,irrigation,25,20-3004,5.0887,2026-06-04 20:34:19.302555,2026-06-04 20:34:19.302558
1821,6084,irrigation,25,10-5425,157.0415,2026-06-04 20:34:28.239027,2026-06-04 20:34:28.23903
1822,6084,irrigation,25,22-1428,291.7196,2026-06-04 20:34:36.731494,2026-06-04 20:34:36.731497
1823,6084,irrigation,25,22-1427,271.3124,2026-06-04 20:34:45.987622,2026-06-04 20:34:45.987624
1824,6084,irrigation,25,22-1426,169.6691,2026-06-04 20:34:53.349236,2026-06-04 20:34:53.349239
1825,6084,irrigation,25,32-1256,1116.1546,2026-06-04 20:35:01.762744,2026-06-05 20:33:14.502242
1826,6084,irrigation,25,22-1317,140.5141,2026-06-04 20:36:37.416553,2026-06-04 20:36:37.416555
1827,6084,irrigation,25,33-2608,20.4935,2026-06-04 20:36:45.533948,2026-06-04 20:36:45.533951
1828,6084,irrigation,25,33-2606,6.5841,2026-06-04 20:36:52.001085,2026-06-04 20:36:52.001087
1829,6084,irrigation,25,33-2603,2.4829,2026-06-04 20:36:59.180746,2026-06-04 20:36:59.180749
1830,6084,irrigation,25,13-1181,0.4427333,2026-06-04 20:37:06.840811,2026-06-04 20:37:06.840815
1831,6084,irrigation,25,13-1191,2.8103,2026-06-04 20:37:18.523739,2026-06-04 20:37:18.523741
1832,6084,irrigation,25,13-2440,0.804773,2026-06-04 20:37:26.376952,2026-06-05 20:33:34.589416
1833,6084,irrigation,25,13-2430,0.686591,2026-06-04 20:37:32.835205,2026-06-05 20:33:44.724883
1834,6084,irrigation,25,13-2420,0.520114,2026-06-04 20:37:41.543402,2026-06-05 20:33:53.868237
1835,6084,irrigation,25,13-2410,0.01,2026-06-04 20:37:49.607207,2026-07-01 20:19:23.745762
1836,6084,irrigation,25,30-2844,292.955,2026-06-04 20:38:01.656222,2026-06-04 20:52:10.294964
1837,6084,irrigation,25,20-2260,0.7052,2026-06-04 20:38:26.578692,2026-06-04 20:38:26.578695
1838,6084,irrigation,25,30-2721,0.3432,2026-06-04 20:38:43.318908,2026-06-04 20:38:43.318912
1839,6084,irrigation,25,20-3060,10.44,2026-06-04 20:38:52.460457,2026-06-04 20:38:52.46046
1840,6084,irrigation,25,30-2729,7.6989,2026-06-04 20:39:01.25131,2026-06-04 20:39:01.251313
1841,6084,irrigation,25,25-2046,11.9552,2026-06-04 20:39:11.219317,2026-06-04 20:39:11.21932
1842,6084,irrigation,25,14-2630,0.3155114,2026-06-04 20:39:19.536992,2026-06-05 20:34:39.01026
1843,6084,irrigation,25,14-2660,1.08875,2026-06-04 20:39:28.74219,2026-06-05 20:34:55.708646
1844,6084,irrigation,25,33-5070,1.4039,2026-06-04 20:39:52.13569,2026-06-04 20:39:52.135693
1845,6084,irrigation,25,9301-298,44.5312,2026-06-04 20:40:03.074113,2026-06-04 20:40:03.074116
1846,6084,irrigation,25,12-3010,0.722778,2026-06-04 20:40:28.797335,2026-06-04 20:40:58.857117
1847,6084,irrigation,25,33-2604,3.7553,2026-06-04 20:40:53.078709,2026-06-04 20:40:53.078714
1848,6084,irrigation,25,22-1464,3.0887,2026-06-04 20:50:52.404912,2026-06-04 20:50:52.404915
1849,6084,irrigation,25,32-1001,45.6174,2026-06-04 20:54:10.946355,2026-06-04 20:54:10.946357
1850,6079,irrigation,116,13-4073,580.63,2026-06-05 20:39:11.045935,2026-06-05 20:39:11.045937
1851,6079,irrigation,116,13-1705,122.64,2026-06-05 20:39:23.526304,2026-06-05 20:39:23.526307
1852,6079,irrigation,116,15-1660,22.29,2026-06-05 20:39:54.067184,2026-06-05 20:39:54.067187
1853,6079,irrigation,116,13-1440,68.07,2026-06-05 20:40:15.017745,2026-06-05 20:40:15.017748
1854,6079,irrigation,116,13-0713,201.17,2026-06-05 20:41:03.915377,2026-06-05 20:41:03.915379
1855,4071,irrigation,116,10-1020,24.63,2026-06-08 14:52:54.15091,2026-08-06 15:55:52.449165
1856,5952,irrigation,116,9300-140,0.01,2026-06-08 15:11:56.126355,2026-06-08 15:11:56.126358
1857,5952,irrigation,116,9300-160,0.01,2026-06-08 15:12:22.397762,2026-06-08 15:12:22.397764
1858,6065,irrigation,309,10-2262,0.01,2026-06-09 17:30:34.630472,2026-06-09 17:30:34.630475
1859,6079,landscape,410,95-00182-DUP1,766.5,2026-06-09 20:30:55.886981,2026-06-09 20:30:55.886984
1860,6079,landscape,410,95-00182-DUP2,206.5,2026-06-09 20:31:25.125864,2026-06-09 20:31:25.125866
1861,6079,landscape,410,95-1016-DUP1,221.63,2026-06-09 20:32:28.022892,2026-06-09 20:32:28.022895
1862,6048,landscape,331,1056-615,10.5,2026-06-09 21:13:11.290557,2026-06-09 21:13:11.29056
1863,6073,drains,309,40-1740,65,2026-06-10 14:31:10.151455,2026-06-10 14:31:10.151457
1864,6073,drains,395,40-1740-DUP1,390,2026-06-10 14:31:36.640011,2026-06-10 14:31:36.640014
1865,6070,landscape,330,1234-105-DUP2,12,2026-06-10 15:26:22.212402,2026-06-10 15:26:22.212404
1866,6070,landscape,330,1234-105-DUP3,11.5,2026-06-10 15:27:59.482123,2026-06-10 15:27:59.482125
1867,6070,landscape,306,1234-105-DUP4,12,2026-06-10 15:28:34.812859,2026-06-10 15:28:34.812862
1868,6033,drains,309,40-1899,120,2026-06-11 18:19:42.140873,2026-06-11 18:19:42.140876
1869,6033,drains,395,40-1899-DUP1,390,2026-06-11 18:20:10.291893,2026-06-11 18:20:10.291895
1870,6003,drains,25,40-1780,5,2026-06-11 18:20:56.562574,2026-08-19 15:06:35.782424
1871,6003,drains,395,40-1780-DUP1,390,2026-06-11 18:21:17.738391,2026-06-11 18:21:17.738393
1872,5972,drains,116,40-1760,45,2026-06-11 18:22:07.589929,2026-06-11 18:22:07.589932
1873,5972,drains,395,40-1760-DUP1,390,2026-06-11 18:22:26.02837,2026-06-11 18:22:26.028373
1874,6070,irrigation,309,10-2262,5,2026-06-12 14:53:57.113391,2026-06-12 14:53:57.113393
1875,5808,landscape,379,3891-115,55.25,2026-06-15 15:37:11.397922,2026-06-15 15:37:11.397925
1876,6081,irrigation,309,10-2262,0.01,2026-06-15 17:18:29.985361,2026-06-15 17:18:29.985364
1877,6077,drains,116,40-1796,120,2026-06-16 14:40:08.722502,2026-06-16 14:40:08.722505
1878,6077,drains,395,40-1796-DUP1,390,2026-06-16 14:40:57.88138,2026-06-16 14:40:57.881383
1879,5964,irrigation,25,12-1660,1.455,2026-06-16 18:42:21.317222,2026-06-16 18:42:21.317225
1880,5964,irrigation,25,13-2110,0.42775,2026-06-16 18:42:36.259878,2026-06-16 18:42:36.259881
1881,5964,irrigation,25,28-1139,25.5871,2026-06-16 18:42:47.04808,2026-06-16 18:42:47.048083
1882,5964,irrigation,25,26-1303,6.8614,2026-06-16 18:42:54.357838,2026-06-16 18:42:54.357841
1883,5964,irrigation,25,12-2200,0.42775,2026-06-16 18:43:16.007307,2026-06-16 18:43:16.00731
1884,5964,irrigation,25,0002-10,0.8874,2026-06-16 18:43:27.035827,2026-06-16 18:43:27.03583
1885,5964,irrigation,25,10-4500,6.2181,2026-06-16 18:43:34.849877,2026-06-16 18:43:34.84988
1886,5964,irrigation,25,12-3011,0.584764,2026-06-16 18:43:45.40851,2026-06-16 18:43:45.408513
1887,5964,irrigation,25,13420-275,165.4,2026-06-16 18:44:14.14767,2026-06-16 18:44:14.147674
1888,5964,irrigation,25,15-1240,0.7649,2026-06-16 18:44:27.942317,2026-06-16 18:44:27.94232
1889,5964,irrigation,25,15-2130,7.0007,2026-06-16 18:44:38.236391,2026-06-16 18:44:38.236394
1890,5964,irrigation,25,15-2167,60.2006,2026-06-16 18:44:45.767578,2026-06-16 18:44:45.76758
1891,5964,irrigation,25,20-1080,0.9248,2026-06-16 18:44:55.088033,2026-06-16 18:44:55.088036
1892,5964,irrigation,25,32-1056,0.093692,2026-06-16 18:45:19.526913,2026-06-16 18:45:19.526916
1893,5964,irrigation,25,33-1120,1.8333,2026-06-16 18:45:32.420646,2026-06-16 18:45:32.420649
1894,5964,irrigation,25,33-1141,1.7333,2026-06-16 18:45:39.990413,2026-06-16 18:45:39.990416
1895,5964,irrigation,25,33-1961,135.2039,2026-06-16 18:45:50.008407,2026-06-16 18:45:50.00841
1896,5964,irrigation,25,33-1962,123.3027,2026-06-16 18:45:58.077236,2026-06-16 18:45:58.077239
1897,5964,irrigation,25,33-1964,5.8425,2026-06-16 18:46:04.330993,2026-06-16 18:46:04.330996
1898,5964,irrigation,25,33-2520,2.1143,2026-06-16 18:46:13.768843,2026-06-16 18:46:13.768846
1899,5964,irrigation,25,33-2603,0.01,2026-06-16 18:46:24.901767,2026-06-16 19:03:04.954272
1900,5964,irrigation,25,40-5218,27.3279,2026-06-16 18:46:33.117423,2026-06-16 18:46:33.117426
1901,6063,irrigation,25,95-0006,0.01,2026-06-16 18:54:42.130885,2026-06-16 18:54:42.130889
1902,5964,irrigation,25,33-2603-DUP1,0.01,2026-06-16 19:03:08.488641,2026-06-16 19:03:08.488643
1903,5964,irrigation,25,9304-210,0.01,2026-06-16 19:04:34.256728,2026-06-16 19:04:34.256734
1904,5952,irrigation,116,9301-240,3.58,2026-06-17 14:43:25.870514,2026-06-17 14:43:25.870517
1905,6057,drains,309,9304-210,27.76,2026-06-17 15:31:39.846553,2026-06-17 15:31:39.846556
1906,6033,irrigation,309,12-1580,0.01,2026-06-17 15:42:45.595619,2026-06-17 15:42:45.595621
1907,6033,irrigation,309,9300-140,0.01,2026-06-17 15:43:17.188871,2026-06-17 15:43:17.188873
1908,6059,maintenance,227,10-20105-DUP1,13.5,2026-06-17 15:50:50.965086,2026-06-17 15:50:50.96509
1909,6059,maintenance,227,10-20105-DUP2,11,2026-06-17 15:51:07.014916,2026-06-17 15:51:07.01492
1910,6079,landscape,413,95-0018-DUP1,1999,2026-06-17 16:42:47.015022,2026-06-17 16:42:47.015025
1911,6079,landscape,413,95-0018-DUP2,749,2026-06-17 16:43:01.577771,2026-06-17 16:43:01.577773
1912,6079,landscape,413,95-0018-DUP3,999,2026-06-17 16:43:22.650137,2026-06-17 16:43:22.650139
1913,6079,landscape,413,95-0018-DUP4,478.51,2026-06-17 16:43:40.891447,2026-06-17 16:43:40.891449
1914,6079,landscape,413,95-0018-DUP5,279,2026-06-17 16:43:54.906372,2026-06-17 16:43:54.906375
1915,5966,irrigation,309,12-2248,0.01,2026-06-18 16:25:00.375029,2026-06-18 16:25:00.375032
1916,6068,landscape,68,95-00187-DUP1,704.55,2026-06-18 21:06:22.022241,2026-06-18 21:06:22.022244
1917,6068,landscape,68,95-00187-DUP2,1320,2026-06-18 21:06:32.650114,2026-06-18 21:06:32.650116
1918,5952,landscape,331,1355-501-DUP1,4,2026-06-19 14:00:05.412728,2026-06-19 14:00:05.412731
1919,5979,irrigation,116,9301-240,3.59,2026-06-19 14:37:30.557424,2026-06-19 14:37:30.557427
1920,6045,irrigation,116,10-8002,0.42,2026-06-19 15:19:51.475186,2026-06-19 15:19:51.475189
1921,6088,drains,116,40-1600,27.05,2026-06-19 15:34:42.074738,2026-06-19 15:34:42.074741
1922,6088,drains,116,40-4072,118.53,2026-06-19 15:34:55.56652,2026-06-19 15:34:55.566522
1923,6088,drains,116,11-0044,2.87,2026-06-19 15:35:23.469125,2026-06-19 15:35:23.469128
1924,6088,drains,116,40-5001,2.7786,2026-06-19 15:35:35.187806,2026-06-19 15:35:35.187808
1925,6088,drains,116,40-1400,4.82,2026-06-19 15:36:06.65389,2026-06-19 15:36:06.653893
1926,6086,irrigation,309,13-4025,2564.283,2026-06-19 20:18:34.143782,2026-06-19 20:18:34.143785
1927,6086,irrigation,309,32-1191,184.598,2026-06-19 20:19:15.966325,2026-06-19 20:19:15.966328
1928,6086,irrigation,309,22-1199,12.967,2026-06-19 20:19:30.023843,2026-06-19 20:19:30.023846
1929,6086,irrigation,309,9312-212,22.188,2026-06-19 20:19:44.884698,2026-06-19 20:19:44.884701
1930,6086,irrigation,309,13-1425,1920.328,2026-06-19 20:19:59.505483,2026-06-19 20:19:59.505486
1931,6086,irrigation,309,27-1058,459.36,2026-06-19 20:20:11.602713,2026-06-19 20:20:11.602716
1932,6086,irrigation,309,1-900,97.57,2026-06-19 20:20:32.268324,2026-06-19 20:20:32.268327
1933,6086,irrigation,309,40-1763,2887.178,2026-06-19 20:20:57.296847,2026-06-19 20:20:57.29685
1934,6086,irrigation,309,9301-278,112.276,2026-06-19 20:21:18.907615,2026-06-19 20:21:18.907617
1935,6086,irrigation,309,9300-776,85.76,2026-06-19 20:21:30.31868,2026-06-19 20:21:30.318682
1936,6086,irrigation,309,14-0202,251.603,2026-06-19 20:21:43.826457,2026-06-19 20:21:43.82646
1937,6086,irrigation,309,13-1042,0.457,2026-06-19 20:21:56.576901,2026-06-19 20:21:56.576904
1938,6086,irrigation,309,12-3010,0.814,2026-06-19 20:22:12.793897,2026-06-19 20:22:12.7939
1939,6086,irrigation,309,13-2220,1.45,2026-06-19 20:22:29.094959,2026-06-19 20:22:29.094961
1940,6086,irrigation,309,13-2200,2.124,2026-06-19 20:22:51.497916,2026-06-19 20:22:51.497918
1941,6086,irrigation,309,13-2270,0.744,2026-06-19 20:23:23.084286,2026-06-19 20:23:23.084289
1942,6086,irrigation,309,32-1190,400.774,2026-06-19 20:23:37.598514,2026-06-19 20:23:37.598517
1943,6086,irrigation,309,32-1198,119.364,2026-06-19 20:23:59.45035,2026-06-19 20:23:59.450353
1944,6086,irrigation,309,23-1060,41.028,2026-06-19 20:24:12.074607,2026-06-19 20:24:12.07461
1945,6086,irrigation,309,13-1331,150.939,2026-06-19 20:24:29.392046,2026-06-19 20:24:29.392049
1946,6086,irrigation,309,10-1330,85.76,2026-06-19 20:24:37.988012,2026-06-19 20:24:37.988015
1947,6086,irrigation,309,33-2608,20.053,2026-06-19 20:25:03.058393,2026-06-19 20:25:03.058396
1948,6086,irrigation,309,33-2606,6.478,2026-06-19 20:25:12.395228,2026-06-19 20:25:12.395231
1949,6086,irrigation,309,33-2604,3.487,2026-06-19 20:25:22.729037,2026-06-19 20:25:22.72904
1950,6086,irrigation,309,33-2603,2.48,2026-06-19 20:25:31.418667,2026-06-19 20:25:31.41867
1951,6086,irrigation,309,13-1160,0.248,2026-06-19 20:25:50.090708,2026-06-19 20:25:50.09071
1952,6086,irrigation,309,13-1020,0.161,2026-06-19 20:26:02.284012,2026-06-19 20:26:02.284015
1953,6086,irrigation,309,13-1050,0.161,2026-06-19 20:26:04.746747,2026-06-19 20:26:04.746749
1954,6086,irrigation,309,10-8001,14.556,2026-06-19 20:26:18.023588,2026-06-19 20:26:18.023591
1955,6086,irrigation,309,10-5442,2.023,2026-06-19 20:26:48.939326,2026-06-19 20:26:48.939328
1956,6086,irrigation,309,13-2420,0.464,2026-06-19 20:27:19.404585,2026-06-19 20:27:19.404588
1957,6086,irrigation,309,13-2410,0.314,2026-06-19 20:27:27.503847,2026-06-19 20:27:27.50385
1958,6086,irrigation,309,10-8019,19.209,2026-06-19 20:27:45.473524,2026-06-19 20:27:45.473527
1959,6086,irrigation,309,10-8023,22.804,2026-06-19 20:27:54.591299,2026-06-19 20:27:54.591304
1960,6086,irrigation,309,10-1159,3.983,2026-06-19 20:28:08.265926,2026-06-19 20:28:08.265928
1961,6086,irrigation,309,10-8029,4.088,2026-06-19 20:28:24.48718,2026-06-19 20:28:24.487183
1962,6086,irrigation,309,10-3210,18.372,2026-06-19 20:28:47.652801,2026-06-19 20:28:47.652804
1963,6086,irrigation,309,10-8002,17.809,2026-06-19 20:29:02.230112,2026-06-19 20:29:02.230117
1964,6086,irrigation,309,10-5441,1.142,2026-06-19 20:29:21.410247,2026-06-19 20:29:21.41025
1965,6086,irrigation,309,10-1180,3.798,2026-06-19 20:29:34.777805,2026-06-19 20:29:34.777808
1966,6086,irrigation,309,13-2450,0.986,2026-06-19 20:29:51.96992,2026-06-19 20:29:51.969923
1967,6086,irrigation,309,13-2440,0.744,2026-06-19 20:30:06.895331,2026-06-19 20:30:06.895334
1968,6086,irrigation,309,13-2430,0.625,2026-06-19 20:30:19.322482,2026-06-19 20:30:19.322484
1969,6086,irrigation,309,12-1660,1.362,2026-06-19 20:30:38.346239,2026-06-19 20:30:38.346241
1970,6086,irrigation,309,12-1640,0.99,2026-06-19 20:30:49.845854,2026-06-19 20:30:49.845857
1971,6086,irrigation,309,12-1620,0.847,2026-06-19 20:30:56.945258,2026-06-19 20:30:56.945261
1972,6086,irrigation,309,12-1600,0.664,2026-06-19 20:31:05.645999,2026-06-19 20:31:05.646001
1973,6086,irrigation,309,12-1580,0.42,2026-06-19 20:31:15.528714,2026-06-19 20:31:15.528717
1974,6086,irrigation,309,33-5070,2.148,2026-06-19 20:31:24.831047,2026-06-19 20:31:24.83105
1975,6086,irrigation,309,14-2620,5.674,2026-06-19 20:31:48.186444,2026-06-19 20:31:48.186447
1976,6086,irrigation,309,14-2660,2.957,2026-06-19 20:31:56.656755,2026-06-19 20:31:56.656757
1977,6086,irrigation,309,9301-243,0.758,2026-06-19 20:32:19.262238,2026-06-19 20:32:19.262241
1978,5952,landscape,414,95-00187-DUP1,195,2026-06-19 20:57:10.690816,2026-06-19 20:57:10.690819
1979,5952,landscape,414,95-00187-DUP2,87,2026-06-19 20:57:29.541945,2026-06-19 20:57:29.541948
1980,5952,landscape,414,95-00187-DUP3,63,2026-06-19 20:57:36.021829,2026-06-19 20:57:36.021831
1981,6038,irrigation,25,13-2200,2.4607,2026-06-22 16:43:30.038233,2026-06-22 16:43:30.038235
1982,6038,irrigation,25,13-2220,1.6563,2026-06-22 16:43:43.204013,2026-06-22 16:43:43.204016
1983,6038,irrigation,25,13-2270,1.0536,2026-06-22 16:43:59.922642,2026-06-22 16:43:59.922645
1984,6038,irrigation,25,23-1060,80.81,2026-06-22 16:44:52.424014,2026-06-22 16:44:52.424016
1985,6038,irrigation,25,10-1334,146.07,2026-06-22 16:45:08.12048,2026-06-22 16:45:08.120482
1986,6038,irrigation,25,10-1330,109.02,2026-06-22 16:45:19.787104,2026-06-22 16:45:19.787107
1987,6079,drains,116,40-1902,170,2026-06-23 15:00:57.468888,2026-06-23 15:00:57.46889
1988,6079,drains,395,40-1902-DUP1,390,2026-06-23 15:01:29.066247,2026-06-23 15:01:29.06625
1989,5966,irrigation,309,30-2849,0.01,2026-06-23 18:46:52.179518,2026-06-23 18:46:52.179521
1990,9990,landscape,168,1027-501,15,2026-06-23 22:15:06.629559,2026-06-23 22:15:06.629561
1991,6077,landscape,332,0919-301,3.75,2026-06-24 16:56:21.69673,2026-06-24 16:56:21.696733
1992,6088,drains,116,40-2020,0.01,2026-06-25 15:40:59.709696,2026-06-25 15:40:59.709699
1993,5952,irrigation,116,32-1181,0.01,2026-06-25 18:12:58.698284,2026-06-25 18:12:58.698287
1994,6026,irrigation,116,12-2180,0.2621,2026-06-25 22:13:48.025935,2026-06-25 22:14:12.317273
1995,6057,landscape,218,3101-305,7.5,2026-06-26 20:49:23.555791,2026-06-26 20:49:23.555795
1996,6088,drains,116,40-2000,25,2026-06-30 15:06:24.053336,2026-09-01 21:46:23.768163
1997,6049,irrigation,116,10-2262,0.01,2026-06-30 17:11:38.666208,2026-06-30 17:11:38.666211
1998,5975,maintenance,331,10-20105-DUP1,10,2026-06-30 17:34:02.859926,2026-07-10 17:00:23.096351
1999,5966,landscape,161,3281-715,30,2026-06-30 21:05:24.419432,2026-06-30 21:05:24.419435
2000,5966,landscape,161,3281-215,30,2026-06-30 21:05:37.345218,2026-06-30 21:05:37.345221
2001,6057,landscape,161,3281-215,35,2026-07-01 14:02:14.510808,2026-07-01 14:02:14.510813
2002,6077,drains,116,95-0062-DUP1,22.5,2026-07-01 18:10:07.669146,2026-07-01 18:10:07.669151
2003,6084,irrigation,25,32-1011,0.01,2026-07-01 20:20:01.652565,2026-07-01 20:20:01.65257
2004,6072,landscape,218,4242-005,8,2026-07-01 20:27:39.62764,2026-07-01 20:27:39.627643
2005,5966,landscape,306,1052-106,8.5,2026-07-02 16:07:32.231459,2026-07-02 16:07:32.231461
2006,6077,landscape,147,95-1016-DUP1,30,2026-07-06 14:30:03.294688,2026-07-06 14:30:03.29469
2007,6081,landscape,147,33-1033,285,2026-07-06 21:16:21.146892,2026-07-06 21:16:21.146895
2008,5808,landscape,417,95-0069-DUP1,36.5,2026-07-07 14:53:41.394586,2026-07-22 18:50:01.479895
2009,5808,landscape,417,95-0069-DUP2,850,2026-07-07 14:53:55.723348,2026-07-07 14:53:55.723355
2010,5808,landscape,417,95-0069-DUP3,326.28,2026-07-07 14:54:07.908391,2026-07-07 14:54:07.908394
2011,5964,drains,25,9307-211,186.7039,2026-07-07 22:00:47.195877,2026-08-05 14:11:11.780325
2012,6082,irrigation,309,10-2262,0.01,2026-07-08 15:23:43.549145,2026-07-08 15:23:43.549148
2013,6078,drains,309,33-1304,525,2026-07-09 20:51:05.329413,2026-07-09 20:51:05.329416
2014,5966,irrigation,309,9300-220,0.01,2026-07-10 15:03:00.972704,2026-07-10 15:03:00.972707
2015,5975,irrigation,116,9301-253,0.01,2026-07-10 16:02:46.234375,2026-07-10 16:02:46.234378
2016,6079,landscape,218,1630-001,5.95,2026-07-10 16:27:36.226597,2026-07-10 16:27:36.2266
2017,5975,maintenance,331,10-20105-DUP2,18,2026-07-10 17:00:40.089719,2026-07-10 17:00:40.089722
2018,5975,maintenance,331,10-20105-DUP3,11,2026-07-10 17:00:51.322318,2026-07-10 17:00:51.322321
2019,5975,maintenance,331,10-20105-DUP4,9,2026-07-10 17:01:12.658421,2026-07-10 17:01:12.658424
2020,5975,maintenance,331,10-20105-DUP5,8.5,2026-07-10 17:01:32.482128,2026-07-10 17:01:32.48213
2021,4061,landscape,218,3013-315,48,2026-07-10 21:01:09.024237,2026-07-10 21:01:09.02424
2022,5952,irrigation,116,13-1041,0.158,2026-07-14 14:26:10.844253,2026-07-14 14:26:10.844256
2023,6077,landscape,378,95-0018-DUP1,604,2026-07-14 19:02:12.841562,2026-07-14 19:02:12.841564
2024,6077,landscape,378,95-0018-DUP2,1505,2026-07-14 19:03:34.126433,2026-07-14 19:03:34.126436
2025,6077,landscape,378,95-0018-DUP3,3220,2026-07-14 19:04:34.289163,2026-07-14 19:04:34.289165
2026,6077,landscape,378,95-0018-DUP4,2976,2026-07-14 19:05:35.602055,2026-07-14 19:05:35.602058
2027,6077,landscape,378,95-0018-DUP5,1644,2026-07-14 19:07:02.223395,2026-07-14 19:07:02.223398
2028,6077,landscape,378,95-0018-DUP6,804,2026-07-14 19:08:31.184808,2026-07-14 19:08:31.184811
2029,6077,landscape,378,95-0018-DUP7,1444,2026-07-14 19:09:05.996811,2026-07-14 19:09:05.996814
2030,6077,landscape,378,95-0018-DUP8,1884,2026-07-14 19:09:39.166593,2026-07-14 19:09:39.166596
2031,6077,landscape,378,95-0018-DUP9,10001.2,2026-07-14 19:10:14.521068,2026-07-14 19:10:14.521071
2032,6077,landscape,378,95-0018-DUP10,13142.24,2026-07-14 19:10:27.757217,2026-07-14 19:10:27.757219
2033,6077,landscape,391,9311-310-DUP1,120,2026-07-14 20:48:51.860874,2026-07-14 20:48:51.860877
2034,6077,landscape,391,9311-310-DUP2,50,2026-07-14 20:53:48.678249,2026-07-14 20:53:48.678252
2035,6077,landscape,391,9311-310-DUP3,1160,2026-07-14 20:54:27.257742,2026-07-14 20:54:27.257745
2036,6077,landscape,418,95-00185-DUP1,335,2026-07-14 21:03:55.570813,2026-07-14 21:03:55.570816
2037,6077,landscape,418,95-00185-DUP2,760,2026-07-14 21:04:14.708754,2026-07-14 21:04:14.708757
2038,6049,landscape,27,4825-407,8,2026-07-15 16:50:25.38058,2026-07-15 16:50:25.380582
2039,6049,landscape,331,1630-405,13,2026-07-15 16:51:11.140859,2026-07-15 16:51:11.140862
2040,6078,drains,309,40-2020,0.01,2026-07-15 18:22:20.178915,2026-07-15 18:22:20.178918
2041,6076,irrigation,116,9304-210,45,2026-07-16 16:31:18.942825,2026-07-16 16:31:18.942828
2042,6076,irrigation,116,9304-210-DUP2,4,2026-07-16 16:32:18.98027,2026-07-16 16:32:18.980273
2043,6078,irrigation,309,10-2264,0.01,2026-07-20 14:55:20.004465,2026-07-20 14:55:20.004468
2044,6042,irrigation,25,9300-140,0.01,2026-07-20 16:02:38.948033,2026-07-20 16:02:38.948036
2045,5979,landscape,331,0319-505,11,2026-07-20 16:19:22.879156,2026-07-20 16:19:22.879159
2046,6065,irrigation,309,10-5220-DUP1,0.01,2026-07-20 17:22:20.155048,2026-07-20 17:22:20.15505
2047,5964,landscape,331,2101-1000-DUP1,14.5,2026-07-21 20:22:01.487905,2026-07-21 20:22:01.48791
2048,5964,landscape,331,2101-1000-DUP2,3,2026-07-21 20:22:16.203734,2026-07-21 20:22:16.203738
2049,6089,landscape,331,3605-601,2.96,2026-07-22 14:08:53.785863,2026-07-22 14:09:09.163592
2050,6078,drains,309,40-2020-DUP1,54.81,2026-07-22 14:21:28.40541,2026-07-22 14:21:28.405413
2051,5952,landscape,227,0243-501-DUP1,2.9,2026-07-23 18:32:32.506665,2026-07-23 18:32:32.506668
2052,6049,maintenance,346,10-20105-DUP1,22,2026-07-24 15:20:53.333869,2026-07-24 15:20:53.333872
2053,6081,landscape,227,0745-815,1,2026-07-24 16:34:48.711252,2026-07-24 16:34:48.711257
2054,6081,landscape,227,0746-015-DUP1,53,2026-07-24 16:36:36.214435,2026-07-24 16:36:36.21444
2055,6081,landscape,227,0746-015-DUP2,4.3,2026-07-24 16:36:56.002083,2026-07-24 16:36:56.002085
2056,6037,landscape,332,0919-505,8.5,2026-07-24 21:31:42.633328,2026-07-24 21:31:42.633331
2057,6072,landscape,391,95-0018-DUP1,95,2026-07-28 15:31:51.567961,2026-07-28 15:31:51.567963
2058,6072,landscape,391,95-0018-DUP2,80,2026-07-28 15:32:08.802626,2026-07-28 15:32:08.802631
2059,6074,irrigation,25,32-0019-DUP1,68.74,2026-07-28 20:23:12.70934,2026-07-28 20:23:12.709345
2060,6074,irrigation,25,32-0019-DUP2,130,2026-07-28 20:23:14.93529,2026-07-28 20:23:14.935294
2061,6080,drains,116,40-2020,132.03,2026-07-29 22:23:10.004199,2026-07-29 22:23:10.004202
2062,6080,drains,116,40-2020-DUP1,54.81,2026-07-29 22:23:19.408092,2026-07-29 22:23:19.408095
2063,6077,landscape,370,95-1016-DUP1,275.9,2026-07-31 16:37:48.729869,2026-07-31 16:37:48.729872
2064,2000,maintenance,309,-DUP1,48.172,2026-08-03 13:53:47.620083,2026-09-03 21:55:46.489845
2065,2000,maintenance,309,-DUP2,144.046,2026-08-03 13:54:18.920819,2026-09-03 21:56:07.721288
2066,2000,maintenance,309,-DUP3,104.288,2026-08-03 13:54:46.987637,2026-09-03 21:56:28.514908
2067,2000,maintenance,309,-DUP4,43.775,2026-08-03 13:55:06.675732,2026-09-03 21:56:44.265159
2068,2000,maintenance,309,-DUP5,36.625,2026-08-03 13:55:34.780301,2026-08-03 13:55:34.780303
2069,6072,landscape,330,4825-103,6.5,2026-08-03 16:15:10.800069,2026-08-03 16:15:10.800072
2070,6057,landscape,227,1021-505-DUP1,248.75,2026-08-04 16:02:49.877739,2026-08-04 16:02:49.877743
2071,6057,landscape,306,4905-005-DUP1,28,2026-08-04 16:04:09.281725,2026-08-04 16:04:09.281728
2072,6057,landscape,218,3101-305-DUP1,195,2026-08-04 16:05:41.654459,2026-08-04 16:05:41.654463
2073,5964,drains,25,9307-211-DUP1,58.8962,2026-08-05 14:11:51.291167,2026-08-05 14:11:51.291169
2074,6049,irrigation,116,9304-210,0.01,2026-08-05 15:14:44.98353,2026-08-05 15:14:44.983534
2075,6077,irrigation,116,9305-210,0.01,2026-08-05 15:48:56.505515,2026-08-05 15:48:56.505518
2076,5964,landscape,330,4929-105-DUP1,125,2026-08-05 16:02:10.391244,2026-08-05 16:02:10.391247
2077,6058,maintenance,331,10-20105-DUP1,8.5,2026-08-06 14:09:56.454006,2026-08-18 13:57:28.748034
2078,6058,maintenance,331,10-20105-DUP2,3.5,2026-08-06 14:10:14.62699,2026-08-06 14:10:14.626994
2079,6048,maintenance,331,10-20105-DUP1,16.5,2026-08-06 14:12:08.922868,2026-08-06 14:12:08.922873
2080,6048,maintenance,331,10-20105-DUP2,13.5,2026-08-06 14:12:27.489469,2026-08-06 14:12:27.489472
2081,4071,irrigation,116,10-1020-DUP2,0.46,2026-08-06 15:56:12.04206,2026-08-06 15:56:12.042063
2082,5964,landscape,330,0319-101,4.75,2026-08-07 19:00:52.32774,2026-08-07 19:00:52.327743
2083,6084,landscape,331,3599-905,9,2026-08-10 16:02:06.38356,2026-08-10 16:02:06.383564
2084,6078,irrigation,309,10-2262-DUP36,0.01,2026-08-10 17:19:40.178791,2026-08-10 17:19:40.178795
2085,6078,irrigation,309,10-2262-DUP34,0.01,2026-08-10 17:20:18.330571,2026-08-10 17:20:18.330576
2086,6078,irrigation,309,10-2262-DUP29,0.01,2026-08-10 17:23:08.463208,2026-08-10 17:23:08.463212
2087,6057,landscape,307,FREIGHT-DUP1,172.83,2026-08-11 13:42:26.027867,2026-08-11 13:42:26.02787
2088,6003,landscape,331,7002-601,3.95,2026-08-11 15:08:59.758156,2026-08-11 15:08:59.758159
2089,6090,landscape,391,12-6009-DUP1,3250,2026-08-12 16:07:42.5685,2026-08-12 16:07:42.568503
2090,6079,landscape,306,0947-001,3.1,2026-08-12 16:34:29.452965,2026-08-12 16:34:29.452969
2091,6089,drains,25,40-5010,4.2934,2026-08-12 16:52:31.77946,2026-08-12 16:52:31.779463
2092,6089,irrigation,25,22-1545,4.2278,2026-08-12 17:13:01.116033,2026-08-12 17:13:01.116037
2093,6083,drains,116,40-1971,20.3215,2026-08-12 18:09:44.01158,2026-08-12 18:09:44.011582
2094,6083,drains,116,40-1972,7.5882,2026-08-12 18:09:58.481041,2026-08-12 18:09:58.481044
2095,6083,drains,116,33-4556,483.81,2026-08-12 18:10:30.986303,2026-08-12 18:10:30.986305
2096,6083,drains,116,40-4062,644.77,2026-08-12 18:10:40.266243,2026-08-12 18:10:40.266246
2097,6083,drains,116,40-1973,4.1614,2026-08-12 18:10:56.391972,2026-08-12 18:10:56.391975
2098,6083,drains,116,9300-506,911.91,2026-08-12 18:11:25.636401,2026-08-12 18:11:25.636403
2099,6083,drains,116,40-1400,4.95,2026-08-12 18:11:42.677808,2026-08-12 18:11:42.677812
2100,6083,drains,116,401-060,21.35,2026-08-12 18:12:21.508108,2026-08-12 18:12:21.508111
2101,6083,drains,116,40-1560,715.64,2026-08-12 18:12:51.29179,2026-08-12 18:12:51.291793
2102,6083,irrigation,116,13-2110,0.4016,2026-08-12 18:15:53.689212,2026-08-12 18:15:53.689215
2103,6083,irrigation,116,13-2120,0.2621,2026-08-12 18:16:01.882365,2026-08-12 18:16:01.882369
2104,6083,irrigation,116,28-1020,101.42,2026-08-12 18:16:10.285892,2026-08-12 18:16:10.285896
2105,6083,irrigation,116,28-1000,81.89,2026-08-12 18:16:21.415119,2026-08-12 18:16:21.415121
2106,6083,irrigation,116,10-5340,67.68,2026-08-12 18:16:34.029414,2026-08-12 18:16:34.029419
2107,6083,irrigation,116,10-5439,40.45,2026-08-12 18:16:46.911273,2026-08-12 18:16:46.911277
2108,6083,irrigation,116,20-3062,4.99,2026-08-12 18:16:54.581204,2026-08-12 18:16:54.581207
2109,6083,irrigation,116,21-1020,542.14,2026-08-12 18:17:11.171992,2026-08-12 18:17:11.171995
2110,6083,irrigation,116,24-2114,172.57,2026-08-12 18:17:22.019474,2026-08-12 18:17:22.019478
2111,6083,irrigation,116,33-2606,6.24,2026-08-12 18:17:32.803488,2026-08-12 18:17:32.803491
2112,6083,irrigation,116,13-1040,0.158,2026-08-12 18:17:42.419792,2026-08-12 18:17:42.419795
2113,6083,irrigation,116,13-1020,0.158,2026-08-12 18:17:45.927133,2026-08-12 18:17:45.927136
2114,6083,irrigation,116,13-1050,0.158,2026-08-12 18:17:53.52105,2026-08-12 18:17:53.521053
2115,6083,irrigation,116,13-0713,101.98,2026-08-12 18:18:24.618492,2026-08-12 18:18:24.618495
2116,6083,irrigation,116,12-2180,0.2621,2026-08-12 18:18:34.454716,2026-08-12 18:18:34.454718
2117,6083,irrigation,116,20-2260,0.7,2026-08-12 18:18:44.286765,2026-08-12 18:18:44.286768
2118,6083,irrigation,116,30-2707,0.23,2026-08-12 18:18:53.586641,2026-08-12 18:18:53.586644
2119,6083,irrigation,116,13-1189,6.59,2026-08-12 18:19:16.780999,2026-08-12 18:19:16.781001
2120,6083,irrigation,116,12-2200,0.4016,2026-08-12 18:19:36.950408,2026-08-12 18:19:36.950412
2121,6083,irrigation,116,13-2650,1.7291,2026-08-12 18:19:45.697304,2026-08-12 18:19:45.697307
2122,6083,irrigation,116,13-2670,0.8367,2026-08-12 18:20:03.326895,2026-08-12 18:20:03.326899
2123,6083,irrigation,116,13-2680,0.6192,2026-08-12 18:20:11.547842,2026-08-12 18:20:11.547845
2124,6083,irrigation,116,33-5072,5.412,2026-08-12 18:20:55.194406,2026-08-12 18:20:55.19441
2125,4071,landscape,383,4829-306,8.5,2026-08-13 19:50:19.061994,2026-08-13 19:50:19.061997
2126,5981,maintenance,332,9300-600-DUP1,9,2026-08-14 23:04:43.390584,2026-08-14 23:04:43.390587
2127,5981,maintenance,332,9300-600-DUP2,22.5,2026-08-14 23:05:23.942575,2026-08-14 23:05:23.942578
2128,5981,maintenance,346,9300-600-DUP3,135,2026-08-14 23:06:10.729396,2026-08-14 23:06:10.729399
2129,5964,landscape,43,0441-501,2.9,2026-08-18 17:41:27.54033,2026-08-18 17:41:27.540332
2130,6043,landscape,218,0928-105,7,2026-08-18 21:27:53.181719,2026-08-18 21:27:53.181722
2131,6090,irrigation,309,13-2200,2.124,2026-08-18 21:42:00.588406,2026-08-18 21:42:32.132311
2132,6090,irrigation,309,28-1100,641.515,2026-08-18 21:42:41.075033,2026-08-18 21:42:41.075036
2133,6090,irrigation,309,10-5180,132.509,2026-08-18 21:42:53.61328,2026-08-18 21:42:53.613282
2134,6090,irrigation,309,10-5260,57.932,2026-08-18 21:43:03.325123,2026-08-18 21:43:03.325127
2135,6090,irrigation,309,13420-188,71.715,2026-08-18 21:43:16.780032,2026-08-18 21:43:16.780034
2136,6090,irrigation,309,33-5070,2.148,2026-08-18 21:43:39.870938,2026-08-18 21:43:39.87094
2137,6090,irrigation,309,20-3062,4.941,2026-08-18 21:43:49.555149,2026-08-18 21:43:49.555152
2138,6090,irrigation,309,12-3010,0.814,2026-08-18 21:44:06.022917,2026-08-18 21:44:06.02292
2139,6090,irrigation,309,33-2604,0.5,2026-08-18 21:44:19.229432,2026-08-21 16:46:45.599122
2140,6090,irrigation,309,10-8015,19.209,2026-08-18 21:44:34.239697,2026-08-18 21:44:34.239701
2141,6090,irrigation,309,10-2620,0.833,2026-08-18 21:44:42.989505,2026-08-18 21:44:42.989508
2142,6090,irrigation,309,13-2410,0.314,2026-08-18 21:44:51.738105,2026-08-18 21:44:51.738107
2143,6090,irrigation,309,10-5441,0.824,2026-08-18 21:45:01.040091,2026-08-18 21:45:01.040094
2144,6090,irrigation,309,10-5442,2.023,2026-08-18 21:45:17.5655,2026-08-18 21:45:17.565503
2145,6090,irrigation,309,13-2430,0.63,2026-08-18 21:47:34.51917,2026-08-18 21:47:34.519173
2146,6090,irrigation,309,13-2420,0.46,2026-08-18 21:47:46.688394,2026-08-18 21:47:46.688397
2147,6090,irrigation,309,30-2777,478,2026-08-18 21:47:58.098529,2026-08-18 21:47:58.098531
2148,6090,irrigation,309,20-2260,0.706,2026-08-18 21:48:13.149777,2026-08-18 21:48:32.434434
2149,6090,irrigation,309,30-2707,0.303,2026-08-18 21:48:27.407809,2026-08-18 21:48:27.407812
2150,6090,irrigation,309,30-2833,10.696,2026-08-18 21:48:50.486632,2026-08-18 21:48:50.486635
2151,6090,irrigation,309,30-2715,2.477,2026-08-18 21:49:07.422636,2026-08-18 21:49:30.763489
2152,6090,irrigation,309,14-2620,5.674,2026-08-18 21:49:43.512221,2026-08-18 21:49:43.512224
2153,6090,irrigation,309,14-2630,2.957,2026-08-18 21:49:53.307235,2026-08-18 21:49:53.307238
2154,6090,irrigation,309,14-2660,0.986,2026-08-18 21:50:15.691035,2026-08-18 21:50:15.691038
2155,6090,irrigation,309,13-2670,0.789,2026-08-18 21:50:52.091035,2026-08-18 21:50:52.091037
2156,6090,irrigation,309,12-2180,0.252,2026-08-18 21:51:05.165615,2026-08-18 21:51:05.165618
2157,6090,irrigation,309,10-1180,3.798,2026-08-18 21:51:16.646853,2026-08-18 21:51:16.646856
2158,6090,irrigation,309,10-8028,7.711,2026-08-18 21:51:29.223009,2026-08-18 21:51:29.223012
2159,6090,irrigation,309,12-1580,0.454,2026-08-18 21:51:42.900681,2026-08-18 21:51:42.900684
2160,6090,irrigation,309,12-2200,0.372,2026-08-18 21:51:55.467809,2026-08-18 21:51:55.467813
2161,6090,irrigation,309,10-5449,1.671,2026-08-18 21:52:07.914625,2026-08-18 21:52:07.914628
2162,6090,irrigation,309,10-8018,16.942,2026-08-18 21:52:21.678101,2026-08-18 21:52:21.678103
2163,6090,irrigation,309,13-1177,0.807,2026-08-18 21:52:41.067335,2026-08-18 21:52:41.067339
2164,6090,irrigation,309,10-4202,71.944,2026-08-18 21:52:53.353347,2026-08-18 21:52:53.35335
2165,6090,irrigation,309,10-4369,222.491,2026-08-18 21:53:07.793366,2026-08-18 21:53:07.793369
2166,6090,irrigation,309,10-5325,19.382,2026-08-18 21:53:24.325163,2026-08-18 21:53:24.325167
2167,6081,landscape,27,2020-505,8,2026-08-18 21:53:50.234553,2026-08-18 21:53:50.234556
2168,6090,irrigation,309,10-5427,40.511,2026-08-18 21:53:55.884,2026-08-18 21:53:55.884002
2169,6090,irrigation,309,13-4165,176.338,2026-08-18 21:54:07.500769,2026-08-18 21:54:07.500771
2170,6090,irrigation,309,13-2110,0.372,2026-08-18 21:54:18.267632,2026-08-18 21:54:18.267635
2171,6090,irrigation,309,13-2280,0.625,2026-08-18 21:54:33.297643,2026-08-18 21:54:33.297645
2172,6090,irrigation,309,13-2290,0.464,2026-08-18 21:54:45.69417,2026-08-18 21:54:45.694173
2173,6090,irrigation,309,28-1118,641.515,2026-08-18 21:54:58.970545,2026-08-18 21:54:58.970548
2174,6090,irrigation,309,23-1060,43.165,2026-08-18 21:55:15.212295,2026-08-18 21:55:15.212297
2175,6090,irrigation,309,10-5220,211.135,2026-08-18 21:55:27.432514,2026-08-18 21:55:27.432517
2176,6090,irrigation,309,13420-190,71.715,2026-08-18 21:55:43.546335,2026-08-18 21:55:43.546337
2177,6090,irrigation,309,20-3064,13.089,2026-08-18 21:56:00.675262,2026-08-18 21:56:00.675264
2178,6090,irrigation,309,10-1188,1.671,2026-08-18 21:56:31.011708,2026-08-18 21:56:31.01171
2179,6090,irrigation,309,10-2595V,0.862,2026-08-18 21:56:42.519122,2026-08-18 21:56:42.519124
2180,6090,irrigation,309,10-8019,19.209,2026-08-18 21:56:55.851299,2026-08-18 21:56:55.851302
2181,6090,irrigation,309,10-8035,18.766,2026-08-18 21:57:14.836908,2026-08-18 21:57:14.836911
2182,6090,irrigation,309,10-8029,4.088,2026-08-18 21:57:28.240542,2026-08-18 21:57:28.240545
2183,6090,irrigation,309,13-2440,0.744,2026-08-18 21:57:41.552652,2026-08-18 21:57:41.552655
2184,6090,irrigation,309,10-8039,22.361,2026-08-18 21:57:54.546839,2026-08-18 21:57:54.546841
2185,6090,irrigation,309,10-1159,3.983,2026-08-18 21:58:06.966367,2026-08-18 21:58:06.96637
2186,6090,irrigation,309,12-1640,1.069,2026-08-18 21:58:21.712767,2026-08-18 21:58:21.71277
2187,6090,irrigation,309,12-1620,0.914,2026-08-18 21:58:34.713629,2026-08-18 21:58:34.713632
2188,6090,irrigation,309,12-1600,0.717,2026-08-18 21:58:46.808224,2026-08-18 21:58:46.808227
2189,6090,irrigation,309,9301-243,0.76,2026-08-18 21:59:01.990441,2026-08-18 21:59:01.990447
2190,6090,irrigation,309,30-2729,10.696,2026-08-18 21:59:15.606021,2026-08-18 21:59:15.606023
2191,6090,irrigation,309,10-8038,22.361,2026-08-18 21:59:35.714668,2026-08-18 21:59:35.714671
2192,6090,irrigation,309,14-2640,2.075,2026-08-18 21:59:48.189417,2026-08-18 21:59:48.18942
2193,6090,irrigation,309,9301-300,99.056,2026-08-18 21:59:59.542174,2026-08-18 21:59:59.542177
2194,6090,irrigation,309,32-1000,70.7,2026-08-18 22:00:32.778602,2026-08-18 22:00:47.934257
2195,6090,irrigation,309,40-1058,135.556,2026-08-18 22:00:55.518284,2026-08-18 22:00:55.518287
2196,6090,irrigation,309,40-1738,65.547,2026-08-18 22:01:11.406947,2026-08-18 22:01:11.40695
2197,6090,irrigation,309,40-1737,40.362,2026-08-18 22:01:25.397057,2026-08-18 22:01:25.397059
2198,6090,irrigation,309,40-1742,7.255,2026-08-18 22:01:49.674666,2026-08-18 22:01:49.674669
2199,6090,irrigation,309,13-1172,0.435,2026-08-18 22:02:04.931577,2026-08-18 22:02:04.93158
2200,6090,irrigation,309,10-4242,88.229,2026-08-18 22:02:18.341776,2026-08-18 22:02:18.341778
2201,6090,irrigation,309,12-3002,0.393,2026-08-18 22:02:31.717941,2026-08-18 22:02:59.784
2202,6090,irrigation,309,33-2602,1.596,2026-08-18 22:03:15.847731,2026-08-18 22:03:15.847734
2203,6090,drains,309,40-1974,1.816,2026-08-19 15:10:54.105798,2026-08-19 15:10:54.105801
2204,6090,drains,309,40-1600,29.342,2026-08-19 15:11:05.567286,2026-08-19 15:11:05.567288
2205,6090,drains,309,40-1502,15.249,2026-08-19 15:11:15.17258,2026-08-19 15:11:15.172582
2206,6090,drains,309,40-1380,26.412,2026-08-19 15:11:25.284769,2026-08-19 15:11:25.284772
2207,6090,drains,309,40-1400,5.457,2026-08-19 15:11:37.538835,2026-08-19 15:11:37.538837
2208,6090,drains,309,40-1975,1.816,2026-08-19 15:11:49.780285,2026-08-19 15:11:49.780287
2209,6090,drains,309,40-1982,15.719,2026-08-19 15:12:05.440864,2026-08-19 15:12:05.440867
2210,6090,drains,309,40-1972,7.359,2026-08-19 15:12:17.767719,2026-08-19 15:12:17.767721
2211,6090,drains,309,40-1973,4.099,2026-08-19 15:12:40.592944,2026-08-19 15:12:40.592947
2212,6090,drains,309,23-6011,6.12,2026-08-19 15:12:49.325488,2026-08-19 15:12:49.325492
2213,6090,drains,309,40-1461,3.419,2026-08-19 15:12:57.588186,2026-08-19 15:12:57.58819
2214,6090,drains,309,1-3,213.979,2026-08-19 15:13:09.306919,2026-08-19 15:13:09.306922
2215,6090,drains,309,27-0088,145.576,2026-08-19 15:13:22.072028,2026-08-19 15:13:22.072031
2216,6090,drains,309,17-0088,87.8,2026-08-19 15:13:32.584237,2026-08-19 15:13:32.584239
2217,6042,landscape,332,4700-505,8.75,2026-08-19 18:33:01.964217,2026-08-19 18:33:01.96422
2218,6078,irrigation,309,1839-101,6009.15,2026-08-19 20:13:45.45262,2026-08-19 20:13:45.452622
2219,6078,irrigation,309,1839-101-DUP1,2114.6,2026-08-19 20:14:17.435191,2026-08-19 20:14:17.435193
2220,6078,irrigation,309,1839-101-DUP2,2279.5,2026-08-19 20:14:36.302027,2026-08-19 20:14:36.30203
2221,6078,irrigation,309,1839-101-DUP3,698.4,2026-08-19 20:15:04.468355,2026-08-19 20:15:04.468358
2222,6081,landscape,306,1631-305,12.5,2026-08-20 17:08:53.63736,2026-08-20 17:08:53.637363
2223,6090,irrigation,309,10-2262,15.19,2026-08-20 18:06:44.151578,2026-08-20 18:06:44.151581
2224,6090,irrigation,309,10-2262-DUP1,11.97,2026-08-20 18:07:11.767982,2026-08-20 18:07:11.767985
2225,6090,irrigation,309,10-2262-DUP2,14.81,2026-08-20 18:07:36.896957,2026-08-20 18:07:36.896959
2226,6090,irrigation,309,10-2262-DUP3,10.35,2026-08-20 18:08:11.991617,2026-08-20 18:08:11.99162
2227,6090,irrigation,309,10-2262-DUP4,11.31,2026-08-20 18:08:30.5869,2026-08-20 18:08:30.586903
2228,6090,irrigation,309,10-2262-DUP5,23.95,2026-08-20 18:09:15.736972,2026-08-20 18:09:15.736975
2229,6090,irrigation,309,10-2262-DUP6,18.71,2026-08-20 18:09:33.36066,2026-08-20 18:09:33.360663
2230,6071,irrigation,25,10-2262,23.441,2026-08-20 21:09:20.670208,2026-08-28 17:56:54.856079
2231,6054,landscape,227,3101-305,12,2026-08-21 16:30:57.770829,2026-08-21 16:30:57.770832
2232,6086,irrigation,309,32-0006,7756.4,2026-08-21 22:55:59.243128,2026-08-21 22:55:59.24313
2233,6086,irrigation,309,32-0006-DUP1,400,2026-08-21 22:56:11.822441,2026-08-21 22:56:11.822444
2234,5964,irrigation,25,13-1050,0.1632,2026-08-24 14:22:57.409145,2026-08-24 14:22:57.409147
2235,5964,irrigation,25,13-1160,0.26,2026-08-24 14:23:24.123734,2026-08-24 14:23:24.123737
2236,5964,irrigation,25,13-1020,0.1632,2026-08-24 14:23:35.681206,2026-08-24 14:23:35.681208
2237,5981,maintenance,27,9300-600-DUP1,10.5,2026-08-24 15:32:01.285989,2026-08-24 15:32:01.285994
2238,5979,irrigation,116,33-2603,14.91,2026-08-25 16:01:08.825967,2026-08-25 16:01:08.82597
2239,5979,irrigation,116,33-2603-DUP1,1.59,2026-08-25 16:01:29.03148,2026-08-25 16:01:29.031482
2240,5952,landscape,406,4229-115,79.5,2026-08-25 17:41:17.133249,2026-08-25 17:41:17.133253
2241,6071,irrigation,25,10-2262-DUP1,6.7568,2026-08-26 17:51:28.423683,2026-08-28 17:56:44.299225
2242,6071,irrigation,25,10-2262-DUP2,26.1364,2026-08-26 17:51:54.132015,2026-08-28 17:57:08.535672
2243,6087,drains,116,40-1972,7.338,2026-08-28 14:20:46.723704,2026-08-28 14:20:46.723706
2244,6087,drains,116,40-1973,4.1614,2026-08-28 14:21:01.753276,2026-08-28 14:21:01.753279
2245,6087,drains,116,40-1974,1.7997,2026-08-28 14:21:09.005496,2026-08-28 14:21:09.005498
2246,6087,drains,116,40-1502,16,2026-08-28 14:22:02.65596,2026-08-28 14:22:02.655963
2247,6087,drains,116,40-1420,16.55,2026-08-28 14:22:24.163858,2026-08-28 14:22:24.163861
2248,5975,irrigation,116,ADJLAB*5/4/2024,850,2026-08-28 14:22:37.41121,2026-08-28 14:22:37.411212
2249,6087,drains,116,33-1304,0.095408,2026-08-28 14:23:00.549902,2026-08-28 14:23:00.549903
2250,6087,drains,116,27-1609,32.5,2026-08-28 14:23:13.219518,2026-08-28 14:23:13.21952
2251,6087,drains,116,40-1100,3.08,2026-08-28 14:23:21.462102,2026-08-28 14:23:21.462104
2252,6087,drains,116,40-1340,2.59,2026-08-28 14:23:33.673507,2026-08-28 14:23:33.673509
2253,6087,irrigation,116,13-1306,1010.32,2026-08-28 14:28:41.365121,2026-08-28 14:28:41.365123
2254,6087,irrigation,116,32-1078,1891.86,2026-08-28 14:28:55.297313,2026-08-28 14:28:55.297315
2255,6087,irrigation,116,32-1031,499.68,2026-08-28 14:29:03.760044,2026-08-28 14:29:03.760047
2256,6087,irrigation,116,9312-214.7,1217.93,2026-08-28 14:29:12.441246,2026-08-28 14:29:12.441249
2257,6087,irrigation,116,32-4108,499.68,2026-08-28 16:16:40.5312,2026-08-28 16:16:40.531202
2258,6087,irrigation,116,32-4103,1638.68,2026-08-28 16:16:47.5623,2026-08-28 16:16:47.562302
2259,6087,irrigation,116,9312-233,137.36,2026-08-28 16:17:02.28929,2026-08-28 16:17:02.289296
2260,6087,irrigation,116,22-1459,190.86,2026-08-28 16:17:20.787039,2026-08-28 16:17:20.787041
2261,6087,irrigation,116,22-1442,55.08,2026-08-28 16:17:30.562843,2026-08-28 16:17:30.562845
2262,6087,irrigation,116,13-1129,0.1543,2026-08-28 16:17:41.606673,2026-08-28 16:17:41.606675
2263,6087,irrigation,116,12-3012,0.3484,2026-08-28 16:17:53.384605,2026-08-28 16:17:53.384606
2264,6087,irrigation,116,13-1037,0.8824,2026-08-28 16:18:12.055304,2026-08-28 16:18:12.055306
2265,6087,irrigation,116,12-3010,0.7362,2026-08-28 16:18:22.289898,2026-08-28 16:18:22.2899
2266,6087,irrigation,116,13-1014,1573.53,2026-08-28 16:18:32.218163,2026-08-28 16:18:32.218165
2267,6087,irrigation,116,13-1025,228.13,2026-08-28 16:18:43.697123,2026-08-28 18:43:34.279903
2268,6084,landscape,417,95-1029-DUP1,694.59,2026-08-28 17:39:58.542648,2026-08-28 17:39:58.54265
2269,6087,irrigation,116,13-2190,3.1069,2026-08-28 18:02:32.93857,2026-08-28 18:02:32.938572
2270,6087,irrigation,116,13-2200,2.1014,2026-08-28 18:02:44.819751,2026-08-28 18:02:44.819753
2271,6087,irrigation,116,13-2220,1.4259,2026-08-28 18:02:53.791988,2026-08-28 18:02:53.79199
2272,6087,irrigation,116,13-2270,0.8139,2026-08-28 18:03:04.276661,2026-08-28 18:03:04.276663
2273,6087,irrigation,116,13-2280,0.6945,2026-08-28 18:03:13.406628,2026-08-28 18:03:13.40663
2274,6087,irrigation,116,13-2300,0.3438,2026-08-28 18:03:22.81313,2026-08-28 18:03:22.813132
2275,6087,irrigation,116,32-1081,0.0392,2026-08-28 18:04:29.945894,2026-08-28 18:04:29.945896
2276,6087,irrigation,116,1342-103,480.65,2026-08-28 18:04:51.699407,2026-08-28 18:42:05.899833
2277,6087,irrigation,116,1342-106,192.58,2026-08-28 18:04:58.657152,2026-08-28 18:04:58.657154
2278,6087,irrigation,116,9312-102,515.62,2026-08-28 18:05:18.955058,2026-08-28 18:05:18.95506
2279,6087,irrigation,116,25-1542,12.03,2026-08-28 18:05:27.252313,2026-08-28 18:05:27.252315
2280,6087,irrigation,116,25-1546,6.35,2026-08-28 18:05:37.168963,2026-08-28 18:05:37.168964
2281,6087,irrigation,116,22-1601,9.1,2026-08-28 18:05:48.739629,2026-08-28 18:05:48.739631
2282,6087,irrigation,116,25-1543,2.85,2026-08-28 18:06:01.643921,2026-08-28 18:06:01.643923
2283,6087,irrigation,116,25-2016,119.6,2026-08-28 18:06:26.24291,2026-08-28 18:06:26.242912
2284,6087,irrigation,116,22-1415,140.3,2026-08-28 18:06:39.549607,2026-08-28 18:06:39.549609
2285,6087,irrigation,116,20-3062,4.27,2026-08-28 18:07:12.306127,2026-08-28 18:07:12.30613
2286,6087,irrigation,116,22-1416,111.77,2026-08-28 18:07:19.900085,2026-08-28 18:07:19.900087
2287,6087,irrigation,116,10-8227,74.67,2026-08-28 18:07:31.103327,2026-08-28 18:07:31.103329
2288,6087,irrigation,116,20-3004,74.67,2026-08-28 18:07:40.512224,2026-08-28 18:07:40.512227
2289,6087,irrigation,116,33-2606,4.85,2026-08-28 18:07:53.37218,2026-08-28 18:07:53.372182
2290,6087,irrigation,116,33-26021,1.21,2026-08-28 18:08:02.6894,2026-08-28 18:08:02.689403
2291,6087,irrigation,116,13-1040,0.1543,2026-08-28 18:08:10.360863,2026-08-28 18:08:10.360867
2292,6087,irrigation,116,13-1020,0.1543,2026-08-28 18:08:27.604139,2026-08-28 18:08:27.604142
2293,6087,irrigation,116,13-1080,0.1543,2026-08-28 18:08:37.916557,2026-08-28 18:08:37.916559
2294,6087,irrigation,116,12-3011,0.5222,2026-08-28 18:08:47.410693,2026-08-28 18:08:47.410695
2295,6087,irrigation,116,22-1284,33.35,2026-08-28 18:09:02.099942,2026-08-28 18:09:02.099945
2296,6087,irrigation,116,13-2450,1.1016,2026-08-28 18:09:14.275999,2026-08-28 18:09:14.276001
2297,6087,irrigation,116,13-2440,0.8139,2026-08-28 18:09:25.462082,2026-08-28 18:09:25.462084
2298,6087,irrigation,116,22-1328,3.19,2026-08-28 18:09:49.909495,2026-08-28 18:09:49.909499
2299,6087,irrigation,116,33-1341,1.7997,2026-08-28 18:10:01.396115,2026-08-28 18:10:01.396119
2300,6087,irrigation,116,40-1460,3.59,2026-08-28 18:10:13.299408,2026-08-28 18:10:13.29941
2301,6087,irrigation,116,22-1290,4.42,2026-08-28 18:10:21.989871,2026-08-28 18:10:21.989874
2302,6087,irrigation,116,13-2410,0.3438,2026-08-28 18:10:30.850802,2026-08-28 18:10:30.850806
2303,6087,irrigation,116,11-4675,0.23685,2026-08-28 18:11:41.877265,2026-08-28 18:11:41.877267
2304,6087,irrigation,116,22-1457,1.89,2026-08-28 18:12:09.000534,2026-08-28 18:12:09.000538
2305,6087,irrigation,116,22-1549,4.06,2026-08-28 18:12:17.960629,2026-08-28 18:12:17.960632
2306,6087,irrigation,116,22-1463,1.06,2026-08-28 18:12:33.545396,2026-08-28 18:12:33.545398
2307,6087,irrigation,116,9301-243,0.5,2026-08-28 18:14:01.162785,2026-08-28 18:14:01.162788
2308,6087,irrigation,116,21-1347,7.69,2026-08-28 18:14:58.50655,2026-08-28 18:14:58.506553
2309,6087,irrigation,116,40-1427,5.59,2026-08-28 18:15:12.959151,2026-08-28 18:15:12.959153
2310,6087,irrigation,116,30-2027,20.69,2026-08-28 18:15:39.919413,2026-08-28 18:15:39.919415
2311,6087,irrigation,116,30-2026,19.42,2026-08-28 18:15:52.492178,2026-08-28 18:15:52.49218
2312,6087,irrigation,116,30-2025,18.75,2026-08-28 18:16:03.178821,2026-08-28 18:16:03.178823
2313,6087,irrigation,116,14-2620,5.718,2026-08-28 18:16:14.537837,2026-08-28 18:16:14.537838
2314,6087,irrigation,116,14-2630,3.1923,2026-08-28 18:16:22.84549,2026-08-28 18:16:22.845492
2315,6087,irrigation,116,14-2640,2.2802,2026-08-28 18:16:32.04752,2026-08-28 18:16:32.047522
2316,6087,irrigation,116,14-2650,1.9663,2026-08-28 18:16:46.319164,2026-08-28 18:16:46.319166
2317,6087,irrigation,116,14-2660,1.1016,2026-08-28 18:16:54.954188,2026-08-28 18:16:54.954191
2318,6087,irrigation,116,14-2670,0.8139,2026-08-28 18:17:06.200994,2026-08-28 18:17:06.200998
2319,6087,irrigation,116,9301-345,56.28,2026-08-28 18:17:24.633268,2026-08-28 18:17:24.63327
2320,6087,irrigation,116,9301-298,59.43,2026-08-28 18:17:36.741069,2026-08-28 18:17:36.741072
2321,6087,irrigation,116,33-5070,1.8038,2026-08-28 18:18:03.885396,2026-08-28 18:20:01.034416
2322,6087,irrigation,116,9301-289,107.15,2026-08-28 18:42:37.650305,2026-08-28 18:42:37.650307
2323,6050,landscape,332,5050-501-DUP1,3.75,2026-08-28 21:26:13.723652,2026-08-28 21:26:25.536249
2324,6050,landscape,332,1236-305,4.5,2026-08-28 21:26:39.366924,2026-08-28 21:26:39.366926
2325,6038,landscape,331,5366-136,335,2026-08-31 21:00:42.16537,2026-08-31 21:00:42.165373
2326,6038,landscape,331,4210-136,325,2026-08-31 21:00:48.178895,2026-08-31 21:00:48.178897
2327,5964,drains,25,9301-161,5,2026-09-01 13:38:44.967272,2026-09-01 13:38:44.967274
2328,5964,drains,25,33-1333,5,2026-09-01 13:39:17.947663,2026-09-01 13:39:17.947666
2329,5982,irrigation,116,15-1720,144.15,2026-09-02 16:14:29.211582,2026-09-02 16:14:29.211584
2330,5982,irrigation,116,15-1640,33.15,2026-09-02 16:14:44.928641,2026-09-02 16:14:44.928642
2331,6043,irrigation,309,30-2721,0.303,2026-09-02 19:41:55.671438,2026-09-02 19:42:01.495415
2332,6070,irrigation,309,9305-216,0.01,2026-09-03 15:45:16.255233,2026-09-03 15:45:16.255235
2333,6042,irrigation,25,30-2707,0.303,2026-09-03 16:36:40.463109,2026-09-03 16:36:40.46311
2334,5964,drains,116,40-4152-DUP1,61.95,2026-09-03 16:49:03.928287,2026-09-03 16:49:03.92829
2335,6076,landscape,227,0393-005,12.5,2026-09-04 14:38:32.904492,2026-09-04 14:38:32.904494
2336,6049,maintenance,227,10-20105-DUP1,11.4,2026-09-04 14:51:36.541451,2026-09-04 14:51:36.541453
2337,6049,maintenance,227,10-20105-DUP2,14,2026-09-04 14:51:54.636897,2026-09-04 14:51:54.636899
2338,6049,maintenance,346,10-20105-DUP3,8,2026-09-04 14:52:09.818918,2026-09-04 14:52:09.81892
2339,5966,maintenance,346,10-20105-DUP2,5.95,2026-09-04 14:59:19.559283,2026-09-04 14:59:19.559285
2340,5966,maintenance,227,10-20105-DUP3,4.1,2026-09-04 14:59:39.332128,2026-09-04 14:59:39.33213
2341,5966,maintenance,227,10-20105-DUP4,11.4,2026-09-04 14:59:57.574433,2026-09-04 14:59:57.574435
2342,5966,maintenance,227,10-20105-DUP5,8,2026-09-04 15:00:21.304181,2026-09-04 15:00:21.304184
2343,5966,maintenance,346,10-20105-DUP6,11,2026-09-04 15:00:43.145553,2026-09-04 15:00:43.145556
2344,5975,maintenance,227,10-20105-DUP1,14.5,2026-09-04 15:03:42.971868,2026-09-04 15:03:42.971871
2345,5975,maintenance,227,10-20105-DUP2,11.4,2026-09-04 15:03:51.062198,2026-09-04 15:03:51.0622
2346,6033,maintenance,346,10-20104-DUP1,8,2026-09-04 15:05:54.123881,2026-09-04 15:05:54.123883
2347,6033,maintenance,346,10-20104-DUP3,4.7,2026-09-04 15:06:44.029336,2026-09-04 15:06:44.029338
2348,6033,maintenance,227,10-20104-DUP4,3.9,2026-09-04 15:07:04.689406,2026-09-04 15:07:04.689408
2349,6049,maintenance,332,10-20105-DUP1,8,2026-09-04 18:12:06.985555,2026-09-04 18:12:06.985558
2350,6062,drains,116,40-1527,0.01,2026-09-08 15:11:11.191694,2026-09-08 15:11:11.191696
2351,6043,irrigation,309,30-2729,0.01,2026-09-08 16:11:51.514595,2026-09-08 16:11:51.514596
2352,6091,irrigation,116,1839-106,194.35,2026-09-09 17:17:15.105485,2026-09-09 17:17:15.105487
2353,6091,irrigation,116,32-0019,15684.5,2026-09-09 17:18:41.297914,2026-09-09 17:18:41.297917
2354,6071,irrigation,25,95-0053,680,2026-09-09 18:14:15.490832,2026-09-09 18:14:15.490834
2355,6080,landscape,391,9311-310,940,2026-09-09 20:36:03.635575,2026-09-09 20:36:03.635577
2356,6080,landscape,391,95-1029-DUP1,69.8,2026-09-09 20:36:50.145662,2026-09-09 20:36:50.145664
2357,6080,landscape,391,95-1029-DUP2,40.7,2026-09-09 20:37:19.220257,2026-09-09 20:37:19.220259
2358,6039,landscape,104,1520-136,360,2026-09-10 18:19:16.413888,2026-09-10 18:19:16.41389
